iter,beta,continuation_iters,polish_iters,adaptive_stop_allowed,adaptive_stop_metric,iteration_used,max_iterations,objective,T_total,loss_flux,projected_continuous_optimization_loss,optimization_loss_continuous,target_mse_loss,target_mse_loss_continuous,ratio_mse_loss,ratio_mse_diagnostic,ratio_mse_diagnostic_continuous,total_loss,total_power_loss,total_power_loss_continuous,T_total_continuous,binarization_penalty,grayness,gray_fraction,optimization_loss,elapsed_sec,cumulative_runtime_sec,optimization_iteration_runtime_sec,wall_runtime_sec,comparison_budget_sec,topology_stop_mode,stop_reason,T_1,T_1_continuous,T_2,T_2_continuous,T_3,T_3_continuous,T_4,T_4_continuous,binary_eval_iter,hard_binary_fdfd_loss,final_loss_binary,target_mse_loss_binary,total_power_loss_binary,ratio_mse_diagnostic_binary,T_total_binary,projection_gap,T_1_binary,T_2_binary,T_3_binary,T_4_binary,target_label,target_i
1,1.0,525,175,False,projected_continuous_optimization_loss,1,700,0.019323190607465877,0.7814802978247829,0.023028324294824112,0.023028324294824112,0.023028324294824112,0.020640781282886836,0.020640781282886836,0.020640781282886836,0.020640781282886836,0.020640781282886836,0.04775086023874553,0.04775086023874553,0.04775086023874553,0.7814802978247829,0.22921008921102654,0.3808272330488725,0.9669444444444445,0.023028324294824112,12.008504400029778,12.008504400029778,12.008504400029778,18.054860591888428,,fixed_iterations,,0.016623867267694183,0.016623867267694183,0.28195507777202294,0.28195507777202294,0.02916796283562189,0.02916796283562189,0.45373338994944395,0.45373338994944395,1,0.04887865041060202,0.04887865041060202,0.02085766918033057,0.5604196246054289,0.02085766918033057,0.25138820166562365,0.025850326115777908,0.06088643829679023,0.026611453280295287,0.04587555840432452,0.11801475168421362,T015_035_015_035,7
2,1.0066359206126796,525,175,False,projected_continuous_optimization_loss,2,700,0.010771181758272949,0.6118553641307036,0.03901545542238159,0.03901545542238159,0.03901545542238159,0.03148264250467616,0.03148264250467616,0.03148264250467616,0.03148264250467616,0.03148264250467616,0.15065625835410867,0.15065625835410867,0.15065625835410867,0.6118553641307036,0.20322614023430294,0.29819761222135643,0.9669444444444445,0.03901545542238159,24.015865199966356,24.015865199966356,12.007360799936578,42.0881781578064,,fixed_iterations,,0.0129455528693078,0.0129455528693078,0.15073683414498162,0.15073683414498162,0.04716065526802736,0.04716065526802736,0.40101232184838687,0.40101232184838687,2,0.0503690099633607,0.0503690099633607,0.023339049047799043,0.5405992183112331,0.023339049047799043,0.2647454737907197,0.01135355454097911,0.07262081371123302,0.02402408028629348,0.05012272603573953,0.11797785375745368,T015_035_015_035,7
3,1.0133158766677368,525,175,False,projected_continuous_optimization_loss,3,700,0.006757810832480341,0.5224050658212277,0.05682614156517209,0.05682614156517209,0.05682614156517209,0.0454212955075108,0.0454212955075108,0.0454212955075108,0.0454212955075108,0.0454212955075108,0.22809692115322586,0.22809692115322586,0.22809692115322586,0.5224050658212277,0.1746413878501998,0.23841087237122147,0.9669753086419753,0.05682614156517209,35.994872999959625,35.994872999959625,11.97900779999327,66.09035730361938,,fixed_iterations,,0.026380629623694155,0.026380629623694155,0.09778865542117765,0.09778865542117765,0.02387708848652462,0.02387708848652462,0.37435869228983126,0.37435869228983126,3,0.053236347579973906,0.053236347579973906,0.02731255245527922,0.5184759024938937,0.02731255245527922,0.27994729186406525,-0.0035897939851981878,0.0811238419802319,0.021054046083651808,0.04677265179271761,0.13099675200746388,T015_035_015_035,7
4,1.0200401603808718,525,175,False,projected_continuous_optimization_loss,4,700,0.005377665906379589,0.4607060375856469,0.05873067828377963,0.05873067828377963,0.05873067828377963,0.044188779388950945,0.044188779388950945,0.044188779388950945,0.044188779388950945,0.044188779388950945,0.29083797789657373,0.29083797789657373,0.29083797789657373,0.4607060375856469,0.15087373414358157,0.19860582393403362,0.9670061728395062,0.05873067828377963,47.974851900013164,47.974851900013164,11.979978900053538,90.18717503547668,,fixed_iterations,,0.040575131761673995,0.040575131761673995,0.07597111107802716,0.07597111107802716,0.018877854795526398,0.018877854795526398,0.3252819399504194,0.3252819399504194,4,0.049831746109342205,0.049831746109342205,0.02587583444670416,0.4791182332527609,0.02587583444670416,0.3078163298280138,-0.008898932174437428,0.09085184605504291,0.02823797454635922,0.04254907734714311,0.14617743187946863,T015_035_015_035,7
5,1.0268090659069042,525,175,False,projected_continuous_optimization_loss,5,700,0.004878090612598324,0.4359113803863343,0.05418352054149404,0.05418352054149404,0.05418352054149404,0.038273722002611504,0.038273722002611504,0.038273722002611504,0.038273722002611504,0.038273722002611504,0.31819597077765077,0.31819597077765077,0.31819597077765077,0.4359113803863343,0.1332733516775353,0.17300252145928746,0.9670987654320987,0.05418352054149404,59.98490249994211,59.98490249994211,12.010050599928945,114.30019187927246,,fixed_iterations,,0.047888166548420895,0.047888166548420895,0.06874060682075227,0.06874060682075227,0.024880190163576725,0.024880190163576725,0.2944024168535844,0.2944024168535844,5,0.04464753451045482,0.04464753451045482,0.021955030118565047,0.45385008783779535,0.021955030118565047,0.3263160326697723,-0.009535986031039223,0.09785321866928971,0.03656513470894844,0.04722853334399683,0.14466914594753733,T015_035_015_035,7
6,1.033622889352642,525,175,False,projected_continuous_optimization_loss,6,700,0.004452553902206925,0.4282985101228168,0.04936987688654895,0.04936987688654895,0.04936987688654895,0.0330277472101594,0.0330277472101594,0.0330277472101594,0.0330277472101594,0.0330277472101594,0.3268425935277911,0.3268425935277911,0.3268425935277911,0.4282985101228168,0.12082926438858627,0.15683704174036273,0.9670679012345679,0.04936987688654895,71.98935189994518,71.98935189994518,12.004449400003068,138.40005445480347,,fixed_iterations,,0.0454559269115425,0.0454559269115425,0.07013619811973547,0.07013619811973547,0.033956905779571125,0.033956905779571125,0.27874947931196764,0.27874947931196764,6,0.036427911579970024,0.036427911579970024,0.014268310269277874,0.44319202621384296,0.014268310269277874,0.3342733096729236,-0.012941965306578929,0.07918722064932797,0.05127896499838841,0.05200568050046383,0.15180144352474342,T015_035_015_035,7
7,1.0404819287898346,525,175,False,projected_continuous_optimization_loss,7,700,0.003892691908111591,0.421605800983636,0.04510920996225799,0.04510920996225799,0.04510920996225799,0.02838221748946893,0.02838221748946893,0.02838221748946893,0.02838221748946893,0.02838221748946893,0.3345398494557813,0.3345398494557813,0.3345398494557813,0.421605800983636,0.11215305460974638,0.14658329669747677,0.8813271604938272,0.04510920996225799,84.03155639988836,84.03155639988836,12.042204499943182,162.49979972839355,,fixed_iterations,,0.03884461290723711,0.03884461290723711,0.07622398439393396,0.07622398439393396,0.04070525602127701,0.04070525602127701,0.2658319476611879,0.2658319476611879,7,0.03279389612498078,0.03279389612498078,0.012268010685518277,0.41051770878925004,0.012268010685518277,0.3592834411463599,-0.012315313837277214,0.0669149336913151,0.06178075249893707,0.05967861937914968,0.17090913557695805,T015_035_015_035,7
8,1.0473864842682117,525,175,False,projected_continuous_optimization_loss,8,700,0.003214467072580361,0.4123975949815624,0.04113227100875003,0.04113227100875003,0.04113227100875003,0.02386844168957743,0.02386844168957743,0.02386844168957743,0.02386844168957743,0.02386844168957743,0.34527658638345204,0.34527658638345204,0.34527658638345204,0.4123975949815624,0.10605966006274738,0.13987167466726885,0.7805864197530864,0.04113227100875003,96.0817975999089,96.0817975999089,12.050241200020537,186.6591718196869,,fixed_iterations,,0.03519085104221813,0.03519085104221813,0.0836961434109622,0.0836961434109622,0.042124223852618756,0.042124223852618756,0.2513863766757633,0.2513863766757633,8,0.026143230321398196,0.026143230321398196,0.0051069729347128605,0.4207251477337067,0.0051069729347128605,0.3513667078127221,-0.014989040687351837,0.06094927902998227,0.08018543829112507,0.06637426635076842,0.14385772414084635,T015_035_015_035,7
9,1.0543368578286092,525,175,False,projected_continuous_optimization_loss,9,700,0.002498201297925704,0.40257354498968095,0.03793043800822013,0.03793043800822013,0.03793043800822013,0.0200845195509103,0.0200845195509103,0.0200845195509103,0.0200845195509103,0.0200845195509103,0.3569183691461967,0.3569183691461967,0.3569183691461967,0.40257354498968095,0.10165890204867546,0.13512122740558857,0.7094444444444444,0.03793043800822013,108.10286499990616,108.10286499990616,12.021067399997264,210.79641342163086,,fixed_iterations,,0.03597007382000642,0.03597007382000642,0.08988903304570244,0.08988903304570244,0.0390362216251359,0.0390362216251359,0.23767821649883622,0.23767821649883622,9,0.02275569120824856,0.02275569120824856,0.0013247040152909665,0.4286197438591518,0.0013247040152909665,0.34530942892145466,-0.015174746799971571,0.06759576269325915,0.10244405929839615,0.05755924568068082,0.11771036124911853,T015_035_015_035,7
10,1.0613333535161817,525,175,False,projected_continuous_optimization_loss,10,700,0.0018319912505846384,0.3938288370098932,0.03594873400267977,0.03594873400267977,0.03594873400267977,0.017576560060640834,0.017576560060640834,0.017576560060640834,0.017576560060640834,0.017576560060640834,0.3674434788407787,0.3674434788407787,0.3674434788407787,0.3938288370098932,0.09832214849376725,0.13167097467709477,0.6626851851851852,0.03594873400267977,120.09825899987482,120.09825899987482,11.995393999968655,234.93479990959167,,fixed_iterations,,0.03831910982094743,0.03831910982094743,0.0933787892694925,0.0933787892694925,0.03524503035326705,0.03524503035326705,0.22688590756618618,0.22688590756618618,10,0.023299257116257605,0.023299257116257605,0.0014649357138331205,0.4366864280484896,0.0014649357138331205,0.3391774610014503,-0.012649476886422165,0.06857965843749995,0.09974423120450014,0.05124948169695706,0.1196040896624932,T015_035_015_035,7
11,1.0683762773937042,525,175,False,projected_continuous_optimization_loss,11,700,0.0012889816320426572,0.3871916285491842,0.03493099597990287,0.03493099597990287,0.03493099597990287,0.016154290973892822,0.016154290973892822,0.016154290973892822,0.016154290973892822,0.016154290973892822,0.3755341001202009,0.3755341001202009,0.3755341001202009,0.3871916285491842,0.095624852631858,0.12891315237932024,0.6274691358024691,0.03493099597990287,132.16419329994824,132.16419329994824,12.065934300073422,259.0756344795227,,fixed_iterations,,0.03925171263732502,0.03925171263732502,0.09414295435774797,0.09414295435774797,0.03428650388229,0.03428650388229,0.21951045767182126,0.21951045767182126,11,0.02451288729352205,0.02451288729352205,0.0019856916025534996,0.45054391381937103,0.0019856916025534996,0.32877431975573895,-0.010418108686380816,0.06787652250788775,0.09669179358453309,0.03983796304308286,0.12436804062023528,T015_035_015_035,7
12,1.075465937554959,525,175,False,projected_continuous_optimization_loss,12,700,0.0009148975056259913,0.3829189495183764,0.03451207017325114,0.03451207017325114,0.03451207017325114,0.015472619030075938,0.015472619030075938,0.015472619030075938,0.015472619030075938,0.015472619030075938,0.38078902286350413,0.38078902286350413,0.38078902286350413,0.3829189495183764,0.0932899004004825,0.12642658339302587,0.5994753086419753,0.03451207017325114,144.19433720002417,144.19433720002417,12.030143900075927,283.2088186740875,,fixed_iterations,,0.03787426911692432,0.03787426911692432,0.09287571612164894,0.09287571612164894,0.03701725297859128,0.03701725297859128,0.21515171130121183,0.21515171130121183,12,0.023657497870805285,0.023657497870805285,0.0023452976355741685,0.4262440047046223,0.0023452976355741685,0.3471263485906156,-0.010854572302445856,0.07688560047816732,0.10551427881711874,0.03715931219422599,0.12756715710110358,T015_035_015_035,7
13,1.0826026441382146,525,175,False,projected_continuous_optimization_loss,13,700,0.0007208742813916209,0.3804038501444944,0.03464685242225149,0.03464685242225149,0.03464685242225149,0.01545188297646318,0.01545188297646318,0.01545188297646318,0.01545188297646318,0.01545188297646318,0.38389938891576614,0.38389938891576614,0.38389938891576614,0.3804038501444944,0.09114139390580174,0.12406911267042028,0.5775308641975309,0.03464685242225149,156.2200629999861,156.2200629999861,12.025725799961947,307.2256107330322,,fixed_iterations,,0.03502763737054559,0.03502763737054559,0.09043831172965193,0.09043831172965193,0.04178606861398592,0.04178606861398592,0.21315183243031102,0.21315183243031102,13,0.025133418924416,0.025133418924416,0.004587759732164425,0.4109131838450315,0.004587759732164425,0.35897489608827987,-0.00951343349783549,0.06465224655605371,0.0968041384392148,0.0378231650575107,0.15969534603550065,T015_035_015_035,7
14,1.0897867093397928,525,175,False,projected_continuous_optimization_loss,14,700,0.000682035333607516,0.378721645634495,0.03534823434865763,0.03534823434865763,0.03534823434865763,0.01604889466850213,0.01604889466850213,0.01604889466850213,0.01604889466850213,0.01604889466850213,0.38598679360310995,0.38598679360310995,0.38598679360310995,0.378721645634495,0.0890717221198462,0.12165484318073733,0.5588271604938272,0.03534823434865763,168.24029480002355,168.24029480002355,12.020231800037436,331.3316776752472,,fixed_iterations,,0.0318892212991132,0.0318892212991132,0.08774465916128837,0.08774465916128837,0.046130819869385546,0.046130819869385546,0.2129569453047079,0.2129569453047079,14,0.029088615158314644,0.029088615158314644,0.009638199399385783,0.38900831517857715,0.009638199399385783,0.3762946888324766,-0.006259619190342985,0.055777671730129895,0.08747953714185316,0.043567509764435956,0.1894699701960576,T015_035_015_035,7
15,1.097018447427725,525,175,False,projected_continuous_optimization_loss,15,700,0.0007432712733954959,0.3774286342897455,0.03641506654800241,0.03641506654800241,0.03641506654800241,0.017035311277885837,0.017035311277885837,0.017035311277885837,0.017035311277885837,0.017035311277885837,0.38759510540233144,0.38759510540233144,0.38759510540233144,0.3774286342897455,0.0870192231249837,0.11908449121694432,0.5423148148148148,0.03641506654800241,180.2723325000843,180.2723325000843,12.032037700060755,355.37876176834106,,fixed_iterations,,0.029224238699211577,0.029224238699211577,0.08561652289243021,0.08561652289243021,0.04845506341917863,0.04845506341917863,0.21413280927892506,0.21413280927892506,15,0.03536345830542785,0.03536345830542785,0.015824581906040084,0.39077752798775534,0.015824581906040084,0.3748779895190417,-0.0010516082425745601,0.04810698002842804,0.07578887708079657,0.044762900942160996,0.2062192314676561,T015_035_015_035,7
16,1.1042981747555003,525,175,False,projected_continuous_optimization_loss,16,700,0.0008337525330381138,0.3766954665498404,0.03751610734694463,0.03751610734694463,0.03751610734694463,0.018090680275968565,0.018090680275968565,0.018090680275968565,0.018090680275968565,0.018090680275968565,0.38850854141952124,0.38850854141952124,0.38850854141952124,0.3766954665498404,0.08495339468133745,0.11636054671168417,0.5289506172839507,0.03751610734694463,192.3192781000398,192.3192781000398,12.046945599955507,379.49371576309204,,fixed_iterations,,0.02737290143477429,0.02737290143477429,0.08451163226004799,0.08451163226004799,0.048605752787266726,0.048605752787266726,0.21620518006775136,0.21620518006775136,16,0.04164559784696439,0.04164559784696439,0.022109597256762432,0.39072001180403904,0.022109597256762432,0.37492399517815517,0.004129490500019754,0.04182671863535956,0.06486192816154518,0.04888695915690671,0.2193483892243437,T015_035_015_035,7
17,1.1116262097759047,525,175,False,projected_continuous_optimization_loss,17,700,0.0008890628924543504,0.3766551789410179,0.03842762646763852,0.03842762646763852,0.03842762646763852,0.01899968817058579,0.01899968817058579,0.01899968817058579,0.01899968817058579,0.01899968817058579,0.3885587659410545,0.3885587659410545,0.3885587659410545,0.3766551789410179,0.0828675310464207,0.11350489877972034,0.5150925925925925,0.03842762646763852,204.34803180000745,204.34803180000745,12.028753699967638,403.66197896003723,,fixed_iterations,,0.02639308836448248,0.02639308836448248,0.08434603712922022,0.08434603712922022,0.04727736664405878,0.04727736664405878,0.2186386868032564,0.2186386868032564,17,0.046305258808068295,0.046305258808068295,0.026736413578289986,0.39137690459556607,0.026736413578289986,0.3743987655098769,0.007877632340429777,0.039200260554377094,0.058391119734013945,0.04895023045101004,0.2278571547704758,T015_035_015_035,7
18,1.1190028730549515,525,175,False,projected_continuous_optimization_loss,18,700,0.0008726592407834643,0.376882194760236,0.03914397360234832,0.03914397360234832,0.03914397360234832,0.019730183642007293,0.019730183642007293,0.019730183642007293,0.019730183642007293,0.019730183642007293,0.3882757992068205,0.3882757992068205,0.3882757992068205,0.376882194760236,0.08077674809029906,0.1105687985030494,0.5031172839506173,0.03914397360234832,216.4142229000572,216.4142229000572,12.066191100049764,427.8671250343323,,fixed_iterations,,0.02619546835061421,0.02619546835061421,0.08458142834584874,0.08458142834584874,0.04519546615619928,0.04519546615619928,0.22090983190757374,0.22090983190757374,18,0.0456636517476047,0.0456636517476047,0.02676617704152796,0.3779494941215348,0.02676617704152796,0.38522402932325445,0.006519678145256377,0.037999381281127655,0.06360987590788239,0.04723190727855121,0.23638286485569313,T015_035_015_035,7
19,1.1264284872859045,525,175,False,projected_continuous_optimization_loss,19,700,0.0007849633126928654,0.37655088499519146,0.039789767659157815,0.039789767659157815,0.039789767659157815,0.020355327709143868,0.020355327709143868,0.020355327709143868,0.020355327709143868,0.020355327709143868,0.3886887990002789,0.3886887990002789,0.3886887990002789,0.37655088499519146,0.07871652881310598,0.10762516073176133,0.4925,0.039789767659157815,228.4621269000927,228.4621269000927,12.047904000035487,451.9250636100769,,fixed_iterations,,0.026677071200828177,0.026677071200828177,0.08455139719402574,0.08455139719402574,0.04277330768496508,0.04277330768496508,0.22254910891537244,0.22254910891537244,19,0.046111203815100914,0.046111203815100914,0.027955458733672507,0.36311490162856813,0.027955458733672507,0.39740983941938773,0.0063214361559430984,0.03776566166773675,0.0664538068771051,0.04584998895705305,0.2473403819174928,T015_035_015_035,7
20,1.1339033773033944,525,175,False,projected_continuous_optimization_loss,20,700,0.0006558305269736207,0.3749855819791086,0.0404546194384299,0.0404546194384299,0.0404546194384299,0.02092246830173022,0.02092246830173022,0.02092246830173022,0.02092246830173022,0.02092246830173022,0.3906430227339936,0.3906430227339936,0.3906430227339936,0.3749855819791086,0.07673801708395783,0.10476054941052594,0.4816358024691358,0.0404546194384299,240.51019320019986,240.51019320019986,12.048066300107166,476.098605632782,,fixed_iterations,,0.027776456179626645,0.027776456179626645,0.0838314450650365,0.0838314450650365,0.04019924186380673,0.04019924186380673,0.22317843887063868,0.22317843887063868,20,0.04697779633759053,0.04697779633759053,0.028884268743669464,0.3618705518784213,0.028884268743669464,0.398443226388048,0.0065231768991606265,0.0383259253237217,0.06759818590461907,0.04173529155188066,0.25078382360782653,T015_035_015_035,7
21,1.141427870097629,525,175,False,projected_continuous_optimization_loss,21,700,0.0005264872098470072,0.3720832274718692,0.04109883344317258,0.04109883344317258,0.04109883344317258,0.02138485978206537,0.02138485978206537,0.02138485978206537,0.02138485978206537,0.02138485978206537,0.39427947322214424,0.39427947322214424,0.39427947322214424,0.3720832274718692,0.07489961006231712,0.10207915369972967,0.47012345679012346,0.04109883344317258,252.51434110023547,252.51434110023547,12.004147900035605,500.21432304382324,,fixed_iterations,,0.029427326774511844,0.029427326774511844,0.08242519495119671,0.08242519495119671,0.03763866819617586,0.03763866819617586,0.22259203754998483,0.22259203754998483,21,0.048326153738556976,0.048326153738556976,0.029814974897961703,0.3702235768119054,0.029814974897961703,0.391539995717134,0.007227320295384393,0.03964208232023864,0.06721942183525617,0.0357632616992125,0.24891522986242665,T015_035_015_035,7
22,1.1490022948286969,525,175,False,projected_continuous_optimization_loss,22,700,0.0004309492030132635,0.36834608098947197,0.041579508438554805,0.041579508438554805,0.041579508438554805,0.021630174768486873,0.021630174768486873,0.021630174768486873,0.021630174768486873,0.021630174768486873,0.3989866734013587,0.3989866734013587,0.3989866734013587,0.36834608098947197,0.07325713068787257,0.09971167662180803,0.45959876543209877,0.041579508438554805,264.5447757001966,264.5447757001966,12.030434599961154,524.3272140026093,,fixed_iterations,,0.0314942551050407,0.0314942551050407,0.08067499455667336,0.08067499455667336,0.03533136553258503,0.03533136553258503,0.2208454657951729,0.2208454657951729,22,0.04702569085415137,0.04702569085415137,0.027870873541259427,0.3830963462578388,0.027870873541259427,0.3810522265507058,0.005446182415596565,0.04256339333389063,0.06846221914828404,0.03132785369296473,0.2386987603755664,T015_035_015_035,7
23,1.1566269828409668,525,175,False,projected_continuous_optimization_loss,23,700,0.00038451165181185696,0.36459163066797534,0.04175019939244306,0.04175019939244306,0.04175019939244306,0.021563009601583923,0.021563009601583923,0.021563009601583923,0.021563009601583923,0.021563009601583923,0.4037437958171827,0.4037437958171827,0.4037437958171827,0.36459163066797534,0.07185539553875586,0.09771113882753159,0.4509567901234568,0.04175019939244306,276.58901440014597,276.58901440014597,12.044238699949346,548.4487054347992,,fixed_iterations,,0.033769042218159476,0.033769042218159476,0.07901081114487796,0.07901081114487796,0.03354607818005724,0.03354607818005724,0.21826569912488064,0.21826569912488064,23,0.04914582809346732,0.04914582809346732,0.028820235411962655,0.40651185363009323,0.028820235411962655,0.3624171790033131,0.007395628701024261,0.043940661320948364,0.06519860582782411,0.024686880183180243,0.2285910316713604,T015_035_015_035,7
24,1.1643022676775825,525,175,False,projected_continuous_optimization_loss,24,700,0.0003821383843786608,0.36157828682401233,0.04155463860952102,0.04155463860952102,0.04155463860952102,0.02117552441679287,0.02117552441679287,0.02117552441679287,0.02117552441679287,0.02117552441679287,0.40758228385456313,0.40758228385456313,0.40758228385456313,0.36157828682401233,0.07072298803740293,0.09612020352280454,0.4429320987654321,0.04155463860952102,288.63416630018037,288.63416630018037,12.045151900034398,572.5099909305573,,fixed_iterations,,0.036019233588615064,0.036019233588615064,0.0777291091099955,0.0777291091099955,0.0324804322998679,0.0324804322998679,0.2153495118255338,0.2153495118255338,24,0.05067657186022919,0.05067657186022919,0.030377427920226775,0.4059828788000483,0.030377427920226775,0.3628321423674541,0.009121933250708168,0.04608494498525352,0.06357429979593476,0.02200014265033645,0.23117275493592931,T015_035_015_035,7
25,1.1720284850950538,525,175,False,projected_continuous_optimization_loss,25,700,0.0004050343888366022,0.35975315339839,0.04105768898719456,0.04105768898719456,0.04105768898719456,0.020561887758029283,0.020561887758029283,0.020561887758029283,0.020561887758029283,0.020561887758029283,0.40991602458330556,0.40991602458330556,0.40991602458330556,0.35975315339839,0.06987060026509004,0.09490872124852465,0.43657407407407406,0.04105768898719456,300.66146220022347,300.66146220022347,12.0272959000431,596.6932482719421,,fixed_iterations,,0.0380357975009463,0.0380357975009463,0.07690502110484068,0.07690502110484068,0.03220527055321369,0.03220527055321369,0.21260706423938927,0.21260706423938927,25,0.051970339065426654,0.051970339065426654,0.03094919278856178,0.4204229255372975,0.03094919278856178,0.35159971812367524,0.010912650078232097,0.04639892996102271,0.06210561954878396,0.018255069662423042,0.22484009895144552,T015_035_015_035,7
26,1.1798059730779435,525,175,False,projected_continuous_optimization_loss,26,700,0.00043073830137435403,0.35919415452556985,0.04040937906310815,0.04040937906310815,0.04040937906310815,0.01987777248339819,0.01987777248339819,0.01987777248339819,0.01987777248339819,0.01987777248339819,0.4106321315941992,0.4106321315941992,0.4106321315941992,0.35919415452556985,0.06929207994646935,0.09409666363841573,0.43194444444444446,0.04040937906310815,312.68575720023364,312.68575720023364,12.02429500001017,620.7638359069824,,fixed_iterations,,0.039652483696438104,0.039652483696438104,0.07642606897281645,0.07642606897281645,0.03268006616949968,0.03268006616949968,0.2104355356868156,0.2104355356868156,26,0.05272328125711542,0.05272328125711542,0.03143395539351866,0.4257865172719353,0.03143395539351866,0.34747680710036427,0.01231390219400727,0.04885464614259923,0.05851866912969303,0.018269968819001434,0.22183352300907055,T015_035_015_035,7
27,1.187635071853654,525,175,False,projected_continuous_optimization_loss,27,700,0.0004417864445853297,0.35969730586825804,0.03978139509711356,0.03978139509711356,0.03978139509711356,0.0192820180914952,0.0192820180914952,0.0192820180914952,0.0192820180914952,0.0192820180914952,0.40998754011236715,0.40998754011236715,0.40998754011236715,0.35969730586825804,0.06896685825078104,0.09366040090133965,0.42885802469135803,0.03978139509711356,324.7514660002198,324.7514660002198,12.065708799986169,644.9546642303467,,fixed_iterations,,0.040745559688907085,0.040745559688907085,0.07608506124762998,0.07608506124762998,0.0338015121734523,0.0338015121734523,0.2090651727582687,0.2090651727582687,27,0.05246995112185515,0.05246995112185515,0.03174468852698742,0.4145052518973546,0.03174468852698742,0.356179177179431,0.012688556024741594,0.048749004620064915,0.060350684663007075,0.018743577433716747,0.22833591046264223,T015_035_015_035,7
28,1.1955161239073089,525,175,False,projected_continuous_optimization_loss,28,700,0.0004301247734861136,0.3609132511857778,0.039317276133827656,0.039317276133827656,0.039317276133827656,0.018895682508331013,0.018895682508331013,0.018895682508331013,0.018895682508331013,0.018895682508331013,0.4084318725099328,0.4084318725099328,0.4084318725099328,0.3609132511857778,0.06886281120785948,0.0935475310882087,0.42734567901234566,0.039317276133827656,336.659264700138,336.659264700138,11.907798699918203,668.9544677734375,,fixed_iterations,,0.04123320621266943,0.04123320621266943,0.0756746188785029,0.0756746188785029,0.03544044068479168,0.03544044068479168,0.20856498540981375,0.20856498540981375,28,0.055068585256327,0.055068585256327,0.03442374156171162,0.41289687389230745,0.03442374156171162,0.35742947944034387,0.015751309122499342,0.04681477554528917,0.056905657767572934,0.020109760929485052,0.2335992851979967,T015_035_015_035,7
29,1.203449473996736,525,175,False,projected_continuous_optimization_loss,29,700,0.0003971441951307973,0.36246464177739063,0.03911064981750675,0.03911064981750675,0.03911064981750675,0.0187880831683052,0.0187880831683052,0.0187880831683052,0.0187880831683052,0.0187880831683052,0.4064513329840309,0.4064513329840309,0.4064513329840309,0.36246464177739063,0.06893918917186555,0.0936826390607548,0.42725308641975307,0.03911064981750675,348.6995665000286,348.6995665000286,12.040301799890585,693.057226896286,,fixed_iterations,,0.04108435679684992,0.04108435679684992,0.07505159543947647,0.07505159543947647,0.03745118368793773,0.03745118368793773,0.20887750585312648,0.20887750585312648,29,0.05604258118359632,0.05604258118359632,0.03536242680057059,0.4136030876605145,0.03536242680057059,0.35688019183008013,0.016931931366089573,0.04542968903092741,0.055852860963216136,0.020680370996675097,0.23491727083926153,T015_035_015_035,7
30,1.2114354691675493,525,175,False,projected_continuous_optimization_loss,30,700,0.0003508236310098031,0.3640212070715964,0.039205068111378805,0.039205068111378805,0.039205068111378805,0.018981616858645342,0.018981616858645342,0.018981616858645342,0.018981616858645342,0.018981616858645342,0.4044690250546692,0.4044690250546692,0.4044690250546692,0.3640212070715964,0.06914955840945045,0.0940366322411364,0.4285185185185185,0.039205068111378805,360.720699199941,360.720699199941,12.021132699912414,717.1864929199219,,fixed_iterations,,0.04033192221601489,0.04033192221601489,0.0741618556313598,0.0741618556313598,0.039663003678988236,0.039663003678988236,0.20986442554523352,0.20986442554523352,30,0.05733010478624006,0.05733010478624006,0.03795314512331411,0.387539193258519,0.03795314512331411,0.37747354011374024,0.018125036674861254,0.04328204168235805,0.05813314272412259,0.02228398410107825,0.2537743716061813,T015_035_015_035,7
31,1.2194744587683295,525,175,False,projected_continuous_optimization_loss,31,700,0.0003017705065700416,0.3653331584227604,0.03960558616128729,0.03960558616128729,0.03960558616128729,0.01946548617140584,0.01946548617140584,0.01946548617140584,0.01946548617140584,0.01946548617140584,0.402801999797629,0.402801999797629,0.402801999797629,0.3653331584227604,0.06944478574033272,0.09453674316220259,0.42987654320987656,0.03960558616128729,372.7681461998727,372.7681461998727,12.047446999931708,741.2819001674652,,fixed_iterations,,0.03907516101745781,0.03907516101745781,0.07302929746683501,0.07302929746683501,0.041872133680278305,0.041872133680278305,0.21135656625818927,0.21135656625818927,31,0.062229583101745214,0.062229583101745214,0.04356488668227088,0.3732939283894867,0.04356488668227088,0.3890221539290588,0.022623996940457927,0.0419406354268738,0.051931404158679764,0.02517263152076551,0.26997748282273976,T015_035_015_035,7
32,1.2275667944659066,525,175,False,projected_continuous_optimization_loss,32,700,0.0002595612016848668,0.36623592633561447,0.040294575293763235,0.040294575293763235,0.040294575293763235,0.0202117302403794,0.0202117302403794,0.0202117302403794,0.0202117302403794,0.0202117302403794,0.4016569010676766,0.4016569010676766,0.4016569010676766,0.36623592633561447,0.0697761381114804,0.09511302260065818,0.4307716049382716,0.040294575293763235,384.80024959985167,384.80024959985167,12.03210339997895,765.337886095047,,fixed_iterations,,0.03745918027087882,0.03745918027087882,0.07172435547048128,0.07172435547048128,0.0438515951874571,0.0438515951874571,0.21320079540679726,0.21320079540679726,32,0.06402510532916708,0.06402510532916708,0.0462787899597793,0.3549263073877557,0.0462787899597793,0.40424308028546097,0.023730530035403846,0.039727009800075555,0.052220385142179464,0.026910350405610173,0.28538533493759577,T015_035_015_035,7
33,1.2357128302607436,525,175,False,projected_continuous_optimization_loss,33,700,0.00023020469868156513,0.36665225593156914,0.04124310201259926,0.04124310201259926,0.04124310201259926,0.02118663376677073,0.02118663376677073,0.02118663376677073,0.02118663376677073,0.02118663376677073,0.4011293649165706,0.4011293649165706,0.4011293649165706,0.36665225593156914,0.07009858502982842,0.09569020625542866,0.43126543209876544,0.04124310201259926,396.8954193998361,396.8954193998361,12.095169799984433,789.6043617725372,,fixed_iterations,,0.03563841626668507,0.03563841626668507,0.07033536731994176,0.07033536731994176,0.04538764394455926,0.04538764394455926,0.21529082840038302,0.21529082840038302,33,0.07077104159504137,0.07077104159504137,0.05364878011486666,0.34244522960349416,0.05364878011486666,0.41481179984256833,0.02952793958244211,0.03567956423083314,0.046656039204659036,0.028083322376265926,0.3043928740308103,T015_035_015_035,7
34,1.2439129225024237,525,175,False,projected_continuous_optimization_loss,34,700,0.00021502944182761203,0.3666105223023639,0.042409569707536496,0.042409569707536496,0.042409569707536496,0.02235045818463228,0.02235045818463228,0.02235045818463228,0.02235045818463228,0.02235045818463228,0.40118223045808427,0.40118223045808427,0.40118223045808427,0.3666105223023639,0.07037423955008164,0.09617531141703356,0.43265432098765433,0.042409569707536496,409.1219290997833,409.1219290997833,12.2265096999472,814.011513710022,,fixed_iterations,,0.03374821196779597,0.03374821196779597,0.0689588782487352,0.0689588782487352,0.04633357495577301,0.04633357495577301,0.21756985713005966,0.21756985713005966,34,0.07421786465875556,0.07421786465875556,0.0570762756397634,0.34283178037984313,0.0570762756397634,0.41448161396943045,0.03180829495121906,0.03273565739846195,0.043130471500510054,0.02953833071366976,0.3090771543567886,T015_035_015_035,7
35,1.2521674299052359,525,175,False,projected_continuous_optimization_loss,35,700,0.00021096648682986826,0.3662588860676103,0.0437280061735488,0.0437280061735488,0.0437280061735488,0.023646616199135485,0.023646616199135485,0.023646616199135485,0.023646616199135485,0.023646616199135485,0.4016277994882662,0.4016277994882662,0.4016277994882662,0.3662588860676103,0.07057551269771768,0.09652187046658765,0.4334567901234568,0.0437280061735488,421.1287296997616,421.1287296997616,12.006800599978305,838.0672881603241,,fixed_iterations,,0.03190059121776936,0.03190059121776936,0.06770135880393303,0.06770135880393303,0.046651484332680446,0.046651484332680446,0.22000545171322747,0.22000545171322747,35,0.07739961315303914,0.07739961315303914,0.06040843547944253,0.3398235534719322,0.06040843547944253,0.41705613180004,0.03367160697949034,0.02904119198201257,0.040905680649186156,0.03118982067991124,0.31591943848893006,T015_035_015_035,7
36,1.2604767135638701,525,175,False,projected_continuous_optimization_loss,36,700,0.00021204569982575928,0.3658314954484676,0.045101983569613625,0.045101983569613625,0.045101983569613625,0.024993498961357274,0.024993498961357274,0.024993498961357274,0.024993498961357274,0.024993498961357274,0.402169692165127,0.402169692165127,0.402169692165127,0.3658314954484676,0.07068727905450072,0.09672336809756432,0.43358024691358027,0.045101983569613625,433.17853649973404,433.17853649973404,12.04980679997243,862.2087652683258,,fixed_iterations,,0.03019419704275343,0.03019419704275343,0.0666701164378709,0.0666701164378709,0.046413322739018846,0.046413322739018846,0.2225538592288244,0.2225538592288244,36,0.08135599758858544,0.08135599758858544,0.06463678049419833,0.33438434188774224,0.06463678049419833,0.42174024704485774,0.03625401401897182,0.02694554148571611,0.03836926508366598,0.030821984640224943,0.3256034558352507,T015_035_015_035,7
37,1.2688411369692112,525,175,False,projected_continuous_optimization_loss,37,700,0.00021172858854416027,0.3655631173056162,0.04641737760277133,0.04641737760277133,0.04641737760277133,0.026291869696622967,0.026291869696622967,0.026291869696622967,0.026291869696622967,0.026291869696622967,0.4025101581229673,0.4025101581229673,0.4025101581229673,0.3655631173056162,0.07070748641453242,0.09676324230639642,0.43385802469135804,0.04641737760277133,445.2111210997682,445.2111210997682,12.03258460003417,886.3332717418671,,fixed_iterations,,0.028718451613710054,0.028718451613710054,0.06594651238569031,0.06594651238569031,0.045761713149314306,0.045761713149314306,0.22513644015690157,0.22513644015690157,37,0.08641924984252107,0.08641924984252107,0.06979448451684223,0.3324953065135769,0.06979448451684223,0.4233759400496916,0.04000187223974974,0.02334430426365972,0.03527102511438952,0.030579345514570453,0.3341812651570719,T015_035_015_035,7
38,1.277261066024241,525,175,False,projected_continuous_optimization_loss,38,700,0.00020535788068789293,0.36560801447029373,0.04756766628927885,0.04756766628927885,0.04756766628927885,0.027445006724062696,0.027445006724062696,0.027445006724062696,0.027445006724062696,0.027445006724062696,0.4024531913043231,0.4024531913043231,0.4024531913043231,0.36560801447029373,0.0706461073998967,0.09666282970869615,0.43367283950617286,0.04756766628927885,457.3026550997747,457.3026550997747,12.091534000006504,910.5186951160431,,fixed_iterations,,0.02754694761547405,0.02754694761547405,0.06556067046163083,0.06556067046163083,0.04486017668825794,0.04486017668825794,0.22764021970493087,0.22764021970493087,38,0.08784805279846301,0.08784805279846301,0.07154397718515343,0.3260815122661917,0.07154397718515343,0.4289645262628672,0.04028038650918416,0.022392191129150172,0.0350765188093833,0.03030434838981931,0.34119146793451444,T015_035_015_035,7
39,1.2857368690600441,525,175,False,projected_continuous_optimization_loss,39,700,0.0001917517012488841,0.3660191870702455,0.04847327451570483,0.04847327451570483,0.04847327451570483,0.028376690957551208,0.028376690957551208,0.028376690957551208,0.028376690957551208,0.028376690957551208,0.4019316711630724,0.4019316711630724,0.4019316711630724,0.3660191870702455,0.07052275860578021,0.09646792493218101,0.4330864197530864,0.04847327451570483,469.3429602998076,469.3429602998076,12.04030520003289,934.6720714569092,,fixed_iterations,,0.02672836062208851,0.02672836062208851,0.06548950216079767,0.06548950216079767,0.04386197231123997,0.04386197231123997,0.22993935197611934,0.22993935197611934,39,0.08795089305718388,0.08795089305718388,0.07205290690807256,0.3179597229822264,0.07205290690807256,0.4361208259013049,0.039477618541479055,0.021408352868468882,0.036157585005368344,0.030701316359684656,0.347853571667783,T015_035_015_035,7
40,1.294268916851922,525,175,False,projected_continuous_optimization_loss,40,700,0.0001732119367344819,0.3667888408720178,0.04908561787141506,0.04908561787141506,0.04908561787141506,0.02903779926920492,0.02903779926920492,0.02903779926920492,0.02903779926920492,0.02903779926920492,0.4009563720442028,0.4009563720442028,0.4009563720442028,0.3667888408720178,0.07036347983452544,0.09621957871078946,0.43280864197530866,0.04908561787141506,481.37066039978527,481.37066039978527,12.027700099977665,958.8089892864227,,fixed_iterations,,0.026280789073726076,0.026280789073726076,0.06567845659533915,0.06567845659533915,0.042903154664435304,0.042903154664435304,0.2319264405385173,0.2319264405385173,40,0.08981106230601908,0.08981106230601908,0.07431007747078362,0.3100196967047091,0.07431007747078362,0.44320587583496435,0.04072544443460402,0.021008021988588678,0.03642808636272115,0.02865614146631618,0.35711362601733837,T015_035_015_035,7
41,1.30285758263561,525,175,False,projected_continuous_optimization_loss,41,700,0.0001539979818679637,0.36790494438074556,0.04938290269102687,0.04938290269102687,0.04938290269102687,0.029405694724111447,0.029405694724111447,0.029405694724111447,0.029405694724111447,0.029405694724111447,0.39954415933830845,0.39954415933830845,0.39954415933830845,0.36790494438074556,0.070197120751026,0.09596529142195034,0.43234567901234566,0.04938290269102687,493.3673755998025,493.3673755998025,11.996715200017206,982.930517911911,,fixed_iterations,,0.02618946577195392,0.02618946577195392,0.06606833986687691,0.06606833986687691,0.04210561474612844,0.04210561474612844,0.23354152399578626,0.23354152399578626,41,0.09016679791235861,0.09016679791235861,0.07494405475182057,0.3044548632107608,0.07494405475182057,0.4482257135288372,0.040783895221331745,0.021340774192650982,0.03573165794649884,0.029319266119074275,0.3618340152706131,T015_035_015_035,7
42,1.3115032421236075,525,175,False,projected_continuous_optimization_loss,42,700,0.00013814191614159107,0.3693791455260697,0.049368898636191,0.049368898636191,0.049368898636191,0.0294847655313195,0.0294847655313195,0.0294847655313195,0.0294847655313195,0.0294847655313195,0.39768266209743003,0.39768266209743003,0.39768266209743003,0.3693791455260697,0.07005169611906333,0.09574731601740481,0.4317283950617284,0.049368898636191,505.3650921997614,505.3650921997614,11.997716599958949,1007.0566499233246,,fixed_iterations,,0.02640752388329505,0.02640752388329505,0.06660891790273765,0.06660891790273765,0.041574470015538614,0.041574470015538614,0.23478823372449836,0.23478823372449836,42,0.09285425801310454,0.09285425801310454,0.0769783625971965,0.317517908318161,0.0769783625971965,0.43651272568214894,0.04348535937691354,0.020665472442377993,0.034395090744420084,0.02597256567275117,0.3554795968225998,T015_035_015_035,7
43,1.3202062735216116,525,175,False,projected_continuous_optimization_loss,43,700,0.00012775296314181036,0.37123470807072256,0.04907663418401551,0.04907663418401551,0.04907663418401551,0.029309344567270038,0.029309344567270038,0.029309344567270038,0.029309344567270038,0.029309344567270038,0.39534579233490946,0.39534579233490946,0.39534579233490946,0.37123470807072256,0.06995104810901964,0.0956048845875105,0.43070987654320986,0.04907663418401551,517.3993494997267,517.3993494997267,12.034257299965248,1031.177954673767,,fixed_iterations,,0.02686108401498899,0.02686108401498899,0.06725609622327783,0.06725609622327783,0.04138599935672747,0.04138599935672747,0.23573152847572826,0.23573152847572826,43,0.09392786361525804,0.09392786361525804,0.07835446717782919,0.311467928748577,0.07835446717782919,0.44190688165094083,0.04485122943124253,0.021481116171850032,0.03393612003206345,0.02471562551481849,0.36177401993220887,T015_035_015_035,7
44,1.3289670575450625,525,175,False,projected_continuous_optimization_loss,44,700,0.00012253155413610565,0.37347519414912234,0.04856973303911185,0.04856973303911185,0.04856973303911185,0.02894306642178785,0.02894306642178785,0.02894306642178785,0.02894306642178785,0.02894306642178785,0.39253333234647997,0.39253333234647997,0.39253333234647997,0.37347519414912234,0.06991216919941871,0.09555538238671807,0.4314506172839506,0.04856973303911185,529.414246599772,529.414246599772,12.014897100045346,1055.2392010688782,,fixed_iterations,,0.02745878759922764,0.02745878759922764,0.06796333071666114,0.06796333071666114,0.041573549922871864,0.041573549922871864,0.2364795259103617,0.2364795259103617,44,0.09109239269200634,0.09109239269200634,0.07498119376152151,0.32222397860969654,0.07498119376152151,0.4323522407252042,0.042522659652894486,0.02262175556217098,0.036801132007060436,0.023063107760815636,0.34986624539515715,T015_035_015_035,7
45,1.3377859774357979,525,175,False,projected_continuous_optimization_loss,45,700,0.00012045532287229147,0.37606235586861414,0.04793479398645047,0.04793479398645047,0.04793479398645047,0.028469884798239285,0.028469884798239285,0.028469884798239285,0.028469884798239285,0.028469884798239285,0.38929818376422376,0.38929818376422376,0.38929818376422376,0.37606235586861414,0.0699435172411861,0.09561440954035934,0.43108024691358027,0.04793479398645047,541.4077539998107,541.4077539998107,11.993507400038652,1079.324967622757,,fixed_iterations,,0.028103473379258295,0.028103473379258295,0.0686794791544929,0.0686794791544929,0.042120641223362724,0.042120641223362724,0.23715876211150028,0.23715876211150028,45,0.0903423174120709,0.0903423174120709,0.07426215486857873,0.3216032508698433,0.07426215486857873,0.43289925862344064,0.04240752342562042,0.022416547053600452,0.03619866016383989,0.025306799775903183,0.34897725163009713,T015_035_015_035,7
46,1.3466634189788178,525,175,False,projected_continuous_optimization_loss,46,700,0.00011902674064442464,0.37891742238953807,0.0472658335182186,0.0472658335182186,0.0472658335182186,0.027978655107655827,0.027978655107655827,0.027978655107655827,0.027978655107655827,0.027978655107655827,0.38574356821125544,0.38574356821125544,0.38574356821125544,0.37891742238953807,0.07004454516915468,0.09576904478230173,0.43123456790123454,0.0472658335182186,553.426424899837,553.426424899837,12.018670900026336,1103.4294846057892,,fixed_iterations,,0.02870311656753288,0.02870311656753288,0.06935667747503099,0.06935667747503099,0.04296482264713949,0.04296482264713949,0.23789280569983468,0.23789280569983468,46,0.09033988075693149,0.09033988075693149,0.07436262941482741,0.31954502684208164,0.07436262941482741,0.4347168613499235,0.04307404723871289,0.022035506615847588,0.034205305929197787,0.028596810659074757,0.34987923814580335,T015_035_015_035,7
47,1.355599770519161,525,175,False,projected_continuous_optimization_loss,47,700,0.00011636663580106234,0.3819411110606657,0.04664749264782331,0.04664749264782331,0.04664749264782331,0.027547653137977086,0.027547653137977086,0.027547653137977086,0.027547653137977086,0.027547653137977086,0.38199679019692445,0.38199679019692445,0.38199679019692445,0.3819411110606657,0.07020646445836976,0.09600797911644998,0.4325,0.04664749264782331,565.4151384999277,565.4151384999277,11.988713600090705,1127.4891085624695,,fixed_iterations,,0.029179510215643724,0.029179510215643724,0.06996266579955183,0.06996266579955183,0.044009976289751236,0.044009976289751236,0.2387889587557189,0.2387889587557189,47,0.09042509542564407,0.09042509542564407,0.07389243264348358,0.33065325564320974,0.07389243264348358,0.4249754304003961,0.043777602777820765,0.020735759587504156,0.03356567878170925,0.02936190849053629,0.34131208354064646,T015_035_015_035,7
48,1.3645954229788926,525,175,False,projected_continuous_optimization_loss,48,700,0.00011172962252010369,0.3850379106415931,0.04614338083076002,0.04614338083076002,0.04614338083076002,0.027234462263357156,0.027234462263357156,0.027234462263357156,0.027234462263357156,0.027234462263357156,0.37817837134805726,0.37817837134805726,0.37817837134805726,0.3850379106415931,0.07041402243241035,0.0963125468326325,0.43398148148148147,0.04614338083076002,577.4775353999576,577.4775353999576,12.062396900029853,1151.6220128536224,,fixed_iterations,,0.02947442301001572,0.02947442301001572,0.07048906888231406,0.07048906888231406,0.045142700375141676,0.045142700375141676,0.23993171837412164,0.23993171837412164,48,0.08959477265423882,0.08959477265423882,0.0731344794463105,0.32920586415856623,0.0731344794463105,0.42623535821857556,0.0434513918234788,0.019422466478894663,0.03457223966824507,0.03086830259087562,0.3413723494805602,T015_035_015_035,7
49,1.3736507698742064,525,175,False,projected_continuous_optimization_loss,49,700,0.00010542683803449223,0.38813232009332244,0.04579179733831029,0.04579179733831029,0.04579179733831029,0.027072694452591264,0.027072694452591264,0.027072694452591264,0.027072694452591264,0.027072694452591264,0.37438205771438043,0.37438205771438043,0.37438205771438043,0.38813232009332244,0.07064790703013674,0.09665491343126992,0.4351851851851852,0.04579179733831029,589.5162729999283,589.5162729999283,12.038737599970773,1175.7577431201935,,fixed_iterations,,0.029553296838098826,0.029553296838098826,0.07095080819327104,0.07095080819327104,0.04624918854103789,0.04624918854103789,0.24137902652091464,0.24137902652091464,49,0.0889541965212503,0.0889541965212503,0.07267258094736467,0.3256323114777127,0.07267258094736467,0.4293579830772074,0.043162399182940014,0.01909618133137443,0.03466801985067244,0.03255868223494022,0.34303509966022033,T015_035_015_035,7
50,1.3827662073326379,525,175,False,projected_continuous_optimization_loss,50,700,9.840722397651727e-05,0.39117418492040723,0.04560688456561213,0.04560688456561213,0.04560688456561213,0.0270734409102456,0.0270734409102456,0.0270734409102456,0.0270734409102456,0.0270734409102456,0.3706688731073305,0.3706688731073305,0.3706688731073305,0.39117418492040723,0.07088736574181866,0.09701126838279882,0.43626543209876545,0.04560688456561213,601.4305632999167,601.4305632999167,11.914290299988352,1199.752554655075,,fixed_iterations,,0.02940682168192223,0.02940682168192223,0.07137822088908087,0.07137822088908087,0.04723046195995651,0.04723046195995651,0.24315868038944766,0.24315868038944766,50,0.08770835622069374,0.08770835622069374,0.07156493125563315,0.3228684993012118,0.07156493125563315,0.43178481250391426,0.042101471655081615,0.0186622379807428,0.0348449154218065,0.0351936098046744,0.34308404929669056,T015_035_015_035,7
51,1.3919421341103932,525,175,False,projected_continuous_optimization_loss,51,700,9.17777751623831e-05,0.3941386260292887,0.04558149266201095,0.04558149266201095,0.04558149266201095,0.027228092438527033,0.027228092438527033,0.027228092438527033,0.027228092438527033,0.027228092438527033,0.3670680044696782,0.3670680044696782,0.3670680044696782,0.3941386260292887,0.0711127044134855,0.09733702074193074,0.43709876543209875,0.04558149266201095,613.4697057999438,613.4697057999438,12.039142500027083,1223.8447523117065,,fixed_iterations,,0.02905120711604179,0.02905120711604179,0.07180744827801024,0.07180744827801024,0.048014834102198735,0.048014834102198735,0.2452651365330379,0.2452651365330379,51,0.08727361617137815,0.08727361617137815,0.07170431765769297,0.3113859702737034,0.07170431765769297,0.4419803137220843,0.0416921235093672,0.01825974635746559,0.03623152395669233,0.03590866917551608,0.35158037423241034,T015_035_015_035,7
52,1.4011789516097937,525,175,False,projected_continuous_optimization_loss,52,700,8.642122796136392e-05,0.3970260528151379,0.04568938916465165,0.04568938916465165,0.04568938916465165,0.027510510115467002,0.027510510115467002,0.027510510115467002,0.027510510115467002,0.027510510115467002,0.36357758098369286,0.36357758098369286,0.36357758098369286,0.3970260528151379,0.0713074301115339,0.09761197980722038,0.43820987654320986,0.04568938916465165,625.551635999931,625.551635999931,12.081930199987255,1248.05712890625,,fixed_iterations,,0.02852750251313104,0.02852750251313104,0.0722734218644992,0.0722734218644992,0.04856664291739545,0.04856664291739545,0.24765848552011221,0.24765848552011221,52,0.08751644219088599,0.08751644219088599,0.07154646563408072,0.31939953113610525,0.07154646563408072,0.4348455687724768,0.04182705302623434,0.01828401837730361,0.035124863751897405,0.03597838440076926,0.34545830224250657,T015_035_015_035,7
53,1.4104770638968338,525,175,False,projected_continuous_optimization_loss,53,700,8.275317825885117e-05,0.39986081087271774,0.045887449854570744,0.045887449854570744,0.045887449854570744,0.02787909753825315,0.02787909753825315,0.02787909753825315,0.02787909753825315,0.02787909753825315,0.3601670463263519,0.3601670463263519,0.3601670463263519,0.39986081087271774,0.07145986879277448,0.09782287696047438,0.4399074074074074,0.045887449854570744,637.5831256998936,637.5831256998936,12.031489699962549,1272.1365866661072,,fixed_iterations,,0.027898681575462176,0.027898681575462176,0.07280555694967357,0.07280555694967357,0.04888970216960185,0.04888970216960185,0.25026687017798016,0.25026687017798016,53,0.08714959576772706,0.08714959576772706,0.07128928931656744,0.31720612902319234,0.07128928931656744,0.43678944521325563,0.041262145913156315,0.018818374875491463,0.03417689500589222,0.03764061316709873,0.3461535621647732,T015_035_015_035,7
54,1.4198368777188586,525,175,False,projected_continuous_optimization_loss,54,700,8.0633131522411e-05,0.40268274878789434,0.04612017110031412,0.04612017110031412,0.04612017110031412,0.02828077617053483,0.02828077617053483,0.02828077617053483,0.02828077617053483,0.02828077617053483,0.35678789859558574,0.35678789859558574,0.35678789859558574,0.40268274878789434,0.07156413374108352,0.09795784793347657,0.4403395061728395,0.04612017110031412,649.582738499972,649.582738499972,11.999612800078467,1296.2425770759583,,fixed_iterations,,0.02724255651192471,0.02724255651192471,0.07342393121283793,0.07342393121283793,0.04902387807270602,0.04902387807270602,0.25299238299042565,0.25299238299042565,54,0.08632888973047664,0.08632888973047664,0.07076018166374287,0.31137416133467527,0.07076018166374287,0.4419908949356872,0.040208718630162524,0.018880362237884588,0.036179998939665656,0.03694579596187755,0.34998473779625944,T015_035_015_035,7
55,1.4292588025223558,525,175,False,projected_continuous_optimization_loss,55,700,7.945891920703996e-05,0.40553059095343624,0.046327606998978074,0.046327606998978074,0.046327606998978074,0.028657913084369532,0.028657913084369532,0.028657913084369532,0.028657913084369532,0.028657913084369532,0.3533938782921707,0.3533938782921707,0.3533938782921707,0.40553059095343624,0.0716203776548393,0.0980185889955367,0.44074074074074077,0.046327606998978074,661.6357165999943,661.6357165999943,12.052978100022301,1320.388377904892,,fixed_iterations,,0.026640585377256186,0.026640585377256186,0.07413517925883666,0.07413517925883666,0.04903492978779651,0.04903492978779651,0.2557198965295469,0.2557198965295469,55,0.0851177105039978,0.0851177105039978,0.06940932000013221,0.31416781007731165,0.06940932000013221,0.43949325599301514,0.03879010350501973,0.018776774870292227,0.037150714608505914,0.037440424488716685,0.3461253420255003,T015_035_015_035,7
56,1.4387432504708675,525,175,False,projected_continuous_optimization_loss,56,700,7.843868799093933e-05,0.408424455242169,0.046455115192294054,0.046455115192294054,0.046455115192294054,0.02895703393451783,0.02895703393451783,0.02895703393451783,0.02895703393451783,0.02895703393451783,0.3499616251555244,0.3499616251555244,0.3499616251555244,0.408424455242169,0.07163433822299096,0.09801029903259059,0.4411111111111111,0.046455115192294054,673.7963392999955,673.7963392999955,12.160622700001113,1344.6395320892334,,fixed_iterations,,0.026165504631178147,0.026165504631178147,0.07492990127345202,0.07492990127345202,0.0490004724275797,0.0490004724275797,0.2583285769099592,0.2583285769099592,56,0.0846702630781865,0.0846702630781865,0.06891363391353988,0.31513258329293214,0.06891363391353988,0.43863328982479544,0.03821514788589244,0.01803499577954534,0.03738650635299336,0.03857181854347811,0.34463996914877865,T015_035_015_035,7
57,1.4482906364630208,525,175,False,projected_continuous_optimization_loss,57,700,7.693735583959925e-05,0.411357503293156,0.04646192372437874,0.04646192372437874,0.04646192372437874,0.0291369242779154,0.0291369242779154,0.0291369242779154,0.0291369242779154,0.0291369242779154,0.3464999889292668,0.3464999889292668,0.3464999889292668,0.411357503293156,0.07161625995395675,0.09795066353640187,0.44117283950617286,0.04646192372437874,685.8278460999718,685.8278460999718,12.031506799976341,1368.8174095153809,,fixed_iterations,,0.025871411641471217,0.025871411641471217,0.07578369793194312,0.07578369793194312,0.04899628183883407,0.04899628183883407,0.2607061118809076,0.2607061118809076,57,0.08419734540104402,0.08419734540104402,0.06843206697534437,0.3153055685139929,0.06843206697534437,0.4384792359012955,0.037735421676665284,0.017767729838670466,0.03837900196009858,0.038280162855948076,0.3440523412465784,T015_035_015_035,7
58,1.4579013781506764,525,175,False,projected_continuous_optimization_loss,58,700,7.47257505055038e-05,0.41430061931218154,0.04632652523606508,0.04632652523606508,0.04632652523606508,0.02917433700916037,0.02917433700916037,0.02917433700916037,0.02917433700916037,0.02917433700916037,0.3430437645380941,0.3430437645380941,0.3430437645380941,0.41430061931218154,0.07157932429295918,0.09786624529049821,0.44070987654320987,0.04632652523606508,697.8517037000274,697.8517037000274,12.023857600055635,1392.9292030334473,,fixed_iterations,,0.025788108128221462,0.025788108128221462,0.07666176543939926,0.07666176543939926,0.049085952533480554,0.049085952533480554,0.26276479321108026,0.26276479321108026,58,0.08383539070332532,0.08383539070332532,0.06809549851916216,0.31479784368326325,0.06809549851916216,0.4389315160488309,0.03750886546726025,0.01812738330880007,0.03683888735896657,0.04077775633380958,0.3431874890472547,T015_035_015_035,7
59,1.4675758959572005,525,175,False,projected_continuous_optimization_loss,59,700,7.200746883663206e-05,0.417215190010189,0.046048737274097376,0.046048737274097376,0.046048737274097376,0.029066830536354366,0.029066830536354366,0.029066830536354366,0.029066830536354366,0.029066830536354366,0.3396381347548601,0.3396381347548601,0.3396381347548601,0.417215190010189,0.07153776066104311,0.09777991148178171,0.44070987654320987,0.046048737274097376,709.9205701999599,709.9205701999599,12.068866499932483,1417.1182100772858,,fixed_iterations,,0.025919398306179182,0.025919398306179182,0.07752482895835791,0.07752482895835791,0.0493144006897186,0.0493144006897186,0.2644565620559333,0.2644565620559333,59,0.0829713060193423,0.0829713060193423,0.06723996419738255,0.314626836439195,0.06723996419738255,0.4390839310206963,0.036922568745244924,0.018659850777391705,0.03630620971609325,0.04254073781090468,0.3415771327163067,T015_035_015_035,7
60,1.4773146130958545,525,175,False,projected_continuous_optimization_loss,60,700,6.923730711993186e-05,0.4200651999148618,0.04564907211363622,0.04564907211363622,0.04564907211363622,0.028832853496146754,0.028832853496146754,0.028832853496146754,0.028832853496146754,0.028832853496146754,0.33632437234978924,0.33632437234978924,0.33632437234978924,0.4200651999148618,0.07150486594448284,0.097718942329251,0.4403395061728395,0.04564907211363622,721.9552221999038,721.9552221999038,12.03465199994389,1441.2581751346588,,fixed_iterations,,0.02624422284434534,0.02624422284434534,0.07833422244332727,0.07833422244332727,0.049704064752370554,0.049704064752370554,0.2657826898748186,0.2657826898748186,60,0.08293383302523064,0.08293383302523064,0.06738843263584134,0.3109080077877858,0.06738843263584134,0.4424087448786649,0.03728476091159442,0.018259757668255612,0.03663920899697026,0.043109400130985444,0.3444003780824536,T015_035_015_035,7
61,1.48711795558831,525,175,False,projected_continuous_optimization_loss,61,700,6.686284719549821e-05,0.42282304777120605,0.045165666161587834,0.045165666161587834,0.045165666161587834,0.02850900445238186,0.02850900445238186,0.02850900445238186,0.02850900445238186,0.02850900445238186,0.3331332341841195,0.3331332341841195,0.3331332341841195,0.42282304777120605,0.07149121463646611,0.09770046056786227,0.44030864197530867,0.045165666161587834,733.9605487999506,733.9605487999506,12.005326600046828,1465.3665771484375,,fixed_iterations,,0.026719781578075207,0.026719781578075207,0.07905579135029707,0.07905579135029707,0.050252845099959226,0.050252845099959226,0.26679462974287455,0.26679462974287455,61,0.08056262094267043,0.08056262094267043,0.06500183596452119,0.31121569956298467,0.06500183596452119,0.4421329015231454,0.035396954781082596,0.018459111670744377,0.038397809375439705,0.044702567476432274,0.34057341300052896,T015_035_015_035,7
62,1.4969863522832845,525,175,False,projected_continuous_optimization_loss,62,700,6.51324699088339e-05,0.42546956947307984,0.044648623288961166,0.044648623288961166,0.044648623288961166,0.028144362508888757,0.028144362508888757,0.028144362508888757,0.028144362508888757,0.028144362508888757,0.33008521560144816,0.33008521560144816,0.33008521560144816,0.42546956947307984,0.07150334923294889,0.09772269245001375,0.4409567901234568,0.044648623288961166,745.9387328999583,745.9387328999583,11.978184100007638,1489.4101254940033,,fixed_iterations,,0.027286325017823323,0.027286325017823323,0.07966377639392576,0.07966377639392576,0.05093406645663349,0.05093406645663349,0.2675854016046973,0.2675854016046973,62,0.08099690273357148,0.08099690273357148,0.06555512469350451,0.3088355608013394,0.06555512469350451,0.4442702448119775,0.03634827944461031,0.019064577694400994,0.03779207027173859,0.04444608345900928,0.3429675133868287,T015_035_015_035,7
63,1.506920234875301,525,175,False,projected_continuous_optimization_loss,63,700,6.403574607078186e-05,0.42799223118587953,0.04415211653914156,0.04415211653914156,0.04415211653914156,0.02779247215995615,0.02779247215995615,0.02779247215995615,0.02779247215995615,0.02779247215995615,0.32719288758370824,0.32719288758370824,0.32719288758370824,0.42799223118587953,0.07154316738373523,0.09778824869482133,0.4408641975308642,0.04415211653914156,758.000430899905,758.000430899905,12.061697999946773,1513.5420212745667,,fixed_iterations,,0.02787366849573068,0.02787366849573068,0.0801452661939829,0.0801452661939829,0.05169962738427053,0.05169962738427053,0.2682736691118955,0.2682736691118955,63,0.07962181362007308,0.07962181362007308,0.06425669521263028,0.3073023681488559,0.06425669521263028,0.44565140196005193,0.03546969708093151,0.01961091650607093,0.03839284596379763,0.04580305770190921,0.34184458178827415,T015_035_015_035,7
64,1.516920037923574,525,175,False,projected_continuous_optimization_loss,64,700,6.335664648821704e-05,0.43038444620421457,0.043725652396159706,0.043725652396159706,0.043725652396159706,0.027502558439855735,0.027502558439855735,0.027502558439855735,0.027502558439855735,0.027502558439855735,0.3244618791260793,0.3244618791260793,0.3244618791260793,0.43038444620421457,0.0716080796463396,0.09789279244630493,0.44098765432098763,0.043725652396159706,770.7227606999222,770.7227606999222,12.722329800017178,1538.619843006134,,fixed_iterations,,0.02840955351438731,0.02840955351438731,0.0805038047862618,0.0805038047862618,0.05248715556926347,0.05248715556926347,0.26898393233430196,0.26898393233430196,64,0.07852224791481047,0.07852224791481047,0.06301466472458869,0.31015166380443554,0.06301466472458869,0.44308738225423955,0.03479659551865076,0.020025979603863327,0.038409528922825065,0.04698479112544573,0.3376670826021054,T015_035_015_035,7
65,1.5269861988710176,525,175,False,projected_continuous_optimization_loss,65,700,6.278472225949298e-05,0.4326459465736787,0.04340653339815459,0.04340653339815459,0.04340653339815459,0.02731200230119074,0.02731200230119074,0.02731200230119074,0.02731200230119074,0.02731200230119074,0.32189062193927703,0.32189062193927703,0.32189062193927703,0.4326459465736787,0.07169184829919648,0.09802684585349901,0.44160493827160496,0.04340653339815459,782.8609055000124,782.8609055000124,12.138144800090231,1562.9932146072388,,fixed_iterations,,0.028829545103833735,0.028829545103833735,0.08075956429212483,0.08075956429212483,0.05323057034737357,0.05323057034737357,0.26982626683034655,0.26982626683034655,65,0.07887642033903822,0.07887642033903822,0.0633960555504884,0.30960729577099627,0.0633960555504884,0.44357633428205423,0.03546988694088363,0.019426252071368864,0.038097938679711854,0.04752616969989999,0.3385259738310736,T015_035_015_035,7
66,1.5371191580633832,525,175,False,projected_continuous_optimization_loss,66,700,6.203917066564325e-05,0.4347827059755559,0.043215137049554424,0.043215137049554424,0.043215137049554424,0.02724160757633868,0.02724160757633868,0.02724160757633868,0.02724160757633868,0.02724160757633868,0.3194705894643149,0.3194705894643149,0.3194705894643149,0.4347827059755559,0.07178589255901217,0.09817846523099245,0.44222222222222224,0.043215137049554424,795.0466358999256,795.0466358999256,12.185730399913155,1587.4381399154663,,fixed_iterations,,0.02908719972984325,0.02908719972984325,0.08094471563450019,0.08094471563450019,0.05387190406805328,0.05387190406805328,0.27087888654315917,0.27087888654315917,66,0.07865528922805987,0.07865528922805987,0.06335942746094078,0.30591723534238174,0.06335942746094078,0.4469021466843487,0.03544015217850544,0.019245255104757435,0.038387968736028615,0.048320580030852385,0.34094834281271025,T015_035_015_035,7
67,1.5473193587685206,525,175,False,projected_continuous_optimization_loss,67,700,6.097523527235541e-05,0.4368060031665051,0.04315347094348625,0.04315347094348625,0.04315347094348625,0.02729409704002191,0.02729409704002191,0.02729409704002191,0.02729409704002191,0.02729409704002191,0.31718747806928665,0.31718747806928665,0.31718747806928665,0.4368060031665051,0.07188079469515767,0.09832812193209335,0.442716049382716,0.04315347094348625,807.2141075999243,807.2141075999243,12.167471699998714,1611.8398442268372,,fixed_iterations,,0.029162257164727014,0.029162257164727014,0.08109543352276849,0.08109543352276849,0.05437155867805969,0.05437155867805969,0.27217675380094986,0.27217675380094986,67,0.07873600794405483,0.07873600794405483,0.06373834255765173,0.29995330772806206,0.06373834255765173,0.4523200681711425,0.035582537000568584,0.019406193362687917,0.03821460416427058,0.04918791674820494,0.34551135389597903,T015_035_015_035,7
68,1.5575872471957706,525,175,False,projected_continuous_optimization_loss,68,700,5.9640360233475934e-05,0.438731557171519,0.04320646336828869,0.04320646336828869,0.04320646336828869,0.0274553501225333,0.0274553501225333,0.0274553501225333,0.0274553501225333,0.0274553501225333,0.3150222649151078,0.3150222649151078,0.3150222649151078,0.438731557171519,0.07196775873252964,0.0984637843016101,0.44330246913580246,0.04320646336828869,819.4227059999248,819.4227059999248,12.208598400000483,1636.2728254795074,,fixed_iterations,,0.029064357258790138,0.029064357258790138,0.08124389119892222,0.08124389119892222,0.054714679732933605,0.054714679732933605,0.27370862898087306,0.27370862898087306,68,0.07914159672707322,0.07914159672707322,0.06411309469412362,0.30057004065899184,0.06411309469412362,0.45175731590928475,0.035935133358784524,0.019212261545953728,0.03833663911266386,0.048327212347616694,0.34588120290305047,T015_035_015_035,7
69,1.567923272515484,525,175,False,projected_continuous_optimization_loss,69,700,5.824774990666033e-05,0.44057904306615864,0.043345206200985885,0.043345206200985885,0.043345206200985885,0.02769761584814714,0.02769761584814714,0.02769761584814714,0.02769761584814714,0.02769761584814714,0.31295180705677483,0.31295180705677483,0.31295180705677483,0.44057904306615864,0.07203982507830875,0.09857576349621358,0.4437962962962963,0.043345206200985885,831.4768595998175,831.4768595998175,12.054153599892743,1660.4389925003052,,fixed_iterations,,0.0288306975008566,0.0288306975008566,0.08141307317674604,0.08141307317674604,0.054912506469520825,0.054912506469520825,0.27542276591903514,0.27542276591903514,69,0.07916657947809105,0.07916657947809105,0.06431150598177293,0.2971014699263624,0.06431150598177293,0.454929848619132,0.03582137327710517,0.01889028832683452,0.03875904661398494,0.048567699194713584,0.348712814483599,T015_035_015_035,7
70,1.5783278868786694,525,175,False,projected_continuous_optimization_loss,70,700,5.706539438822905e-05,0.4423705882984557,0.043531653186280786,0.043531653186280786,0.043531653186280786,0.02798412514655027,0.02798412514655027,0.02798412514655027,0.02798412514655027,0.02798412514655027,0.3109505607946103,0.3109505607946103,0.3109505607946103,0.4423705882984557,0.07209270386823065,0.0986542879456687,0.4441358024691358,0.043531653186280786,843.5324280998902,843.5324280998902,12.055568500072695,1684.5979278087616,,fixed_iterations,,0.028517909507003853,0.028517909507003853,0.08161507898147084,0.08161507898147084,0.0549987482692749,0.0549987482692749,0.27723885154070615,0.27723885154070615,70,0.07844147785834774,0.07844147785834774,0.0636173321839748,0.2964829134874585,0.0636173321839748,0.4554975541951547,0.03490982467206695,0.01853260958824163,0.03989484331724823,0.04883291114452603,0.3482371901451388,T015_035_015_035,7
71,1.5888015454367745,525,175,False,projected_continuous_optimization_loss,71,700,5.627186593613315e-05,0.4441267166498184,0.04372443053097655,0.04372443053097655,0.04372443053097655,0.02827467517385099,0.02827467517385099,0.02827467517385099,0.02827467517385099,0.02827467517385099,0.30899510714251127,0.30899510714251127,0.30899510714251127,0.4441267166498184,0.07212515165563237,0.09869706925522466,0.444320987654321,0.04372443053097655,855.4785415999359,855.4785415999359,11.946113500045612,1708.671720981598,,fixed_iterations,,0.028190408095415724,0.028190408095415724,0.08185180628898153,0.08185180628898153,0.055022015432061956,0.055022015432061956,0.27906248683335916,0.27906248683335916,71,0.0782179957977246,0.0782179957977246,0.06342204224000611,0.29591907115436955,0.06342204224000611,0.4560155598232892,0.034493565266748044,0.01891829220423904,0.0389290952462639,0.050366645026170775,0.3478015273466154,T015_035_015_035,7
72,1.5993447063615955,525,175,False,projected_continuous_optimization_loss,72,700,5.5861839095770486e-05,0.4458603883874085,0.043885147430027555,0.043885147430027555,0.043885147430027555,0.028531611972119866,0.028531611972119866,0.028531611972119866,0.028531611972119866,0.028531611972119866,0.30707070915815377,0.30707070915815377,0.30707070915815377,0.4458603883874085,0.07213888094475514,0.09871263029514431,0.4446604938271605,0.043885147430027555,867.4588856999762,867.4588856999762,11.980344100040384,1732.786048412323,,fixed_iterations,,0.02790849898234393,0.02790849898234393,0.0821165686986018,0.0821165686986018,0.055036095889064655,0.055036095889064655,0.2807992248173981,0.2807992248173981,72,0.07797238681613235,0.07797238681613235,0.06324170483388405,0.29461363964496584,0.06324170483388405,0.4572167655085818,0.03408723938610479,0.01911569298125613,0.038864865809500965,0.05094470074025854,0.3482915059775662,T015_035_015_035,7
73,1.6099578308653204,525,175,False,projected_continuous_optimization_loss,73,700,5.565878041896534e-05,0.4475721068207799,0.04398421359668928,0.04398421359668928,0.04398421359668928,0.02872538473856769,0.02872538473856769,0.02872538473856769,0.02872538473856769,0.02872538473856769,0.30517657716243185,0.30517657716243185,0.30517657716243185,0.4475721068207799,0.07213805257645364,0.09870779562377104,0.44506172839506175,0.04398421359668928,879.4877813999774,879.4877813999774,12.028895700001158,1756.917398929596,,fixed_iterations,,0.027719058917765407,0.027719058917765407,0.082395896594176,0.082395896594176,0.05509023536488059,0.05509023536488059,0.2823669159439579,0.2823669159439579,73,0.07772077376172043,0.07772077376172043,0.0631635889345932,0.2911436965425447,0.0631635889345932,0.4604226686168657,0.03373656016503115,0.01938880415593884,0.038163902316366356,0.052772505881359226,0.3500974562632013,T015_035_015_035,7
74,1.6206413832207045,525,175,False,projected_continuous_optimization_loss,74,700,5.5423550742656634e-05,0.4492491098372533,0.044005110044363395,0.044005110044363395,0.044005110044363395,0.0288387828936105,0.0288387828936105,0.0288387828936105,0.0288387828936105,0.0288387828936105,0.3033265430150579,0.3033265430150579,0.3033265430150579,0.4492491098372533,0.0721284479113041,0.09868998677211444,0.4453395061728395,0.044005110044363395,891.4827830999857,891.4827830999857,11.995001700008288,1780.9150352478027,,fixed_iterations,,0.027650069736647753,0.027650069736647753,0.08267151895573181,0.08267151895573181,0.05522129700319582,0.05522129700319582,0.28370622414167795,0.28370622414167795,74,0.07755214157638753,0.07755214157638753,0.06312022939469594,0.2886382436338317,0.06312022939469594,0.46274936609266654,0.03354703153202413,0.01960010173465154,0.038282348678008726,0.05311063854349348,0.35175627713651275,T015_035_015_035,7
75,1.6313958307813803,525,175,False,projected_continuous_optimization_loss,75,700,5.498820157745797e-05,0.4508693970910577,0.04394638504706676,0.04394638504706676,0.04394638504706676,0.028869164094509837,0.028869164094509837,0.028869164094509837,0.028869164094509837,0.028869164094509837,0.3015444190511384,0.3015444190511384,0.3015444190511384,0.4508693970910577,0.07211645151550553,0.09866971291138528,0.4457407407407407,0.04394638504706676,903.4786254999926,903.4786254999926,11.99584240000695,1804.9989545345306,,fixed_iterations,,0.02770878047531831,0.02770878047531831,0.08292281264214409,0.08292281264214409,0.05544885625964585,0.05544885625964585,0.28478894771394947,0.28478894771394947,75,0.07733992023381844,0.07733992023381844,0.06295319029414972,0.28773459879337426,0.06295319029414972,0.46359101536852104,0.033393535186751686,0.01984228378047963,0.03829820951472171,0.05339712783300958,0.3520533942403101,T015_035_015_035,7
76,1.6422216440023019,525,175,False,projected_continuous_optimization_loss,76,700,5.4336056697199286e-05,0.4524087722634199,0.04382111280563523,0.04382111280563523,0.04382111280563523,0.028828305170932468,0.028828305170932468,0.028828305170932468,0.028828305170932468,0.028828305170932468,0.29985615269405513,0.29985615269405513,0.29985615269405513,0.4524087722634199,0.0721080009581788,0.09865772700981065,0.44592592592592595,0.04382111280563523,915.4750400999328,915.4750400999328,11.99641459994018,1829.118891954422,,fixed_iterations,,0.02788258959921342,0.02788258959921342,0.08312989360852156,0.08312989360852156,0.05577342603380305,0.05577342603380305,0.2856228630218819,0.2856228630218819,76,0.07656080744720409,0.07656080744720409,0.06214955984617281,0.2882249520206256,0.06214955984617281,0.46313413963949474,0.03273969464156886,0.019926157887711366,0.03859684238194717,0.054395812088366614,0.35021532728146954,T015_035_015_035,7
77,1.6531192964603254,525,175,False,projected_continuous_optimization_loss,77,700,5.359028233947852e-05,0.45384802032937915,0.0436539595126095,0.0436539595126095,0.0436539595126095,0.028739860267702585,0.028739860267702585,0.028739860267702585,0.028739860267702585,0.028739860267702585,0.2982819848981383,0.2982819848981383,0.2982819848981383,0.45384802032937915,0.07210767416919958,0.09866072907163706,0.44626543209876546,0.0436539595126095,927.5076421999838,927.5076421999838,12.032602100051008,1853.1740763187408,,fixed_iterations,,0.028141899115459165,0.028141899115459165,0.08327720355064763,0.08327720355064763,0.0561775449151594,0.0561775449151594,0.28625137274811296,0.28625137274811296,77,0.07685456818959226,0.07685456818959226,0.06246783581133837,0.2877346475650776,0.06246783581133837,0.4635909699072194,0.033200608676982754,0.019577167384890976,0.038557814385086604,0.05432745184340936,0.35112853629383245,T015_035_015_035,7
78,1.6640892648749248,525,175,False,projected_continuous_optimization_loss,78,700,5.292866413623338e-05,0.4551779339722452,0.04347636073964468,0.04347636073964468,0.04347636073964468,0.02863480655810712,0.02863480655810712,0.02863480655810712,0.02863480655810712,0.02863480655810712,0.29683108363075117,0.29683108363075117,0.29683108363075117,0.4551779339722452,0.07211807071757854,0.09868399053988308,0.44657407407407407,0.04347636073964468,939.552017299924,939.552017299924,12.044375099940225,1877.3014254570007,,fixed_iterations,,0.02844467972928079,0.02844467972928079,0.08335698141259323,0.08335698141259323,0.0566293944310714,0.0566293944310714,0.2867468783992998,0.2867468783992998,78,0.07584988312967768,0.07584988312967768,0.06136336096590893,0.28973044327537495,0.06136336096590893,0.46173385460780186,0.032373522390033,0.01945120243745569,0.0388924101388537,0.05575120870533192,0.3476390333261606,T015_035_015_035,7
79,1.675132029129047,525,175,False,projected_continuous_optimization_loss,79,700,5.247845224486069e-05,0.4564011171158794,0.04332067838889607,0.04332067838889607,0.04332067838889607,0.028545691115252878,0.028545691115252878,0.028545691115252878,0.028545691115252878,0.028545691115252878,0.2954997454728639,0.2954997454728639,0.2954997454728639,0.4564011171158794,0.07213958918704852,0.0987259182834618,0.44675925925925924,0.04332067838889607,951.5544123,951.5544123,12.002395000075921,1901.3107459545135,,fixed_iterations,,0.02874274849319179,0.02874274849319179,0.08337153589466771,0.08337153589466771,0.05708857655534383,0.05708857655534383,0.287198256172676,0.287198256172676,79,0.0760415208604203,0.0760415208604203,0.06159651619931045,0.2889000932221972,0.06159651619931045,0.4625057272656785,0.032720842471524236,0.01928298256690805,0.038723707747199555,0.05594477194539149,0.3485542650061794,T015_035_015_035,7
80,1.6862480722901043,525,175,False,projected_continuous_optimization_loss,80,700,5.22490172945912e-05,0.45753050883921936,0.043214476183332115,0.043214476183332115,0.043214476183332115,0.028500818741320308,0.028500818741320308,0.028500818741320308,0.028500818741320308,0.028500818741320308,0.2942731488402362,0.2942731488402362,0.2942731488402362,0.45753050883921936,0.07217061637565832,0.09877946929140231,0.4469135802469136,0.043214476183332115,963.5193362999707,963.5193362999707,11.964923999970779,1925.3682680130005,,fixed_iterations,,0.028989497396438312,0.028989497396438312,0.08333315656047759,0.08333315656047759,0.057513376700636956,0.057513376700636956,0.2876944781816665,0.2876944781816665,80,0.07538503176146641,0.07538503176146641,0.060943514669253775,0.2888303418442526,0.060943514669253775,0.4625706168767355,0.032170555578134294,0.019146833854755033,0.03917023468998533,0.05683624594773664,0.3474173023842585,T015_035_015_035,7
81,1.6974378806311052,525,175,False,projected_continuous_optimization_loss,81,700,5.2136047512486475e-05,0.45858537758457135,0.043176032252810796,0.043176032252810796,0.043176032252810796,0.02851954258454873,0.02851954258454873,0.02851954258454873,0.02851954258454873,0.02851954258454873,0.29312979336524125,0.29312979336524125,0.29312979336524125,0.45858537758457135,0.07220805350496322,0.09884100807251292,0.44685185185185183,0.043176032252810796,975.5298580999952,975.5298580999952,12.010521800024435,1949.4349131584167,,fixed_iterations,,0.02914808451633379,0.02914808451633379,0.08326120479481518,0.08326120479481518,0.05786833568819109,0.05786833568819109,0.2883077525852313,0.2883077525852313,81,0.07541972134287558,0.07541972134287558,0.060957964992943224,0.2892351269986471,0.060957964992943224,0.4621941549233151,0.03224368909006479,0.019232620420807565,0.039403802687395885,0.05622613245454176,0.34733159936056995,T015_035_015_035,7
82,1.7087019436519284,525,175,False,projected_continuous_optimization_loss,82,700,5.199138017870444e-05,0.45958629520129346,0.04321183391588834,0.04321183391588834,0.04321183391588834,0.028609485299175168,0.028609485299175168,0.028609485299175168,0.028609485299175168,0.028609485299175168,0.2920469723342635,0.2920469723342635,0.2920469723342635,0.45958629520129346,0.07224804167665463,0.09890642230146522,0.4471604938271605,0.04321183391588834,987.5440204000333,987.5440204000333,12.014162300038151,1973.520878314972,,fixed_iterations,,0.029198338199367204,0.029198338199367204,0.08317721273137571,0.08317721273137571,0.058130631594340815,0.058130631594340815,0.2890801126762097,0.2890801126762097,82,0.07527687549769621,0.07527687549769621,0.0607599219033574,0.29033907188677627,0.0607599219033574,0.4611687909124265,0.03206504158180787,0.018925283036273933,0.03916231046793851,0.05708258839626165,0.34599860901195245,T015_035_015_035,7
83,1.7200407541007339,525,175,False,projected_continuous_optimization_loss,83,700,5.1715153056924084e-05,0.46055093494563487,0.043316264120439575,0.043316264120439575,0.043316264120439575,0.028765999431038143,0.028765999431038143,0.028765999431038143,0.028765999431038143,0.028765999431038143,0.2910052937880286,0.2910052937880286,0.2910052937880286,0.46055093494563487,0.07228672893062874,0.09896858198085796,0.44765432098765434,0.043316264120439575,999.4181280001067,999.4181280001067,11.87410760007333,1997.5198702812195,,fixed_iterations,,0.02914042550337084,0.02914042550337084,0.08309982844032293,0.08309982844032293,0.05829392421171368,0.05829392421171368,0.2900167567902274,0.2900167567902274,83,0.07513040209353505,0.07513040209353505,0.060714132005708785,0.2883254017565255,0.060714132005708785,0.46304059580213563,0.03181413797309548,0.01914651361329958,0.03859135019325469,0.05838488124785331,0.346917850747728,T015_035_015_035,7
84,1.7314548079955197,525,175,False,projected_continuous_optimization_loss,84,700,5.1313048209259164e-05,0.4614919079754291,0.04347326779931804,0.04347326779931804,0.04347326779931804,0.028973719540520852,0.028973719540520852,0.028973719540520852,0.028973719540520852,0.028973719540520852,0.28999096517594364,0.28999096517594364,0.28999096517594364,0.4614919079754291,0.0723209384725585,0.09902173356137073,0.44774691358024693,0.04347326779931804,1011.4614639000501,1011.4614639000501,12.043335899943486,2021.7006239891052,,fixed_iterations,,0.028994047496618262,0.028994047496618262,0.08304139124623511,0.08304139124623511,0.05836889878048738,0.05836889878048738,0.2910875704520884,0.2910875704520884,84,0.0749104563012698,0.0749104563012698,0.06050338991064834,0.28814132781242935,0.06050338991064834,0.4632120271350807,0.03143718850195176,0.019048275694587134,0.03860311418068951,0.05899983064931143,0.3465608066104926,T015_035_015_035,7
85,1.7429446046458204,525,175,False,projected_continuous_optimization_loss,85,700,5.088339195706162e-05,0.4624165157197501,0.043659580226475106,0.043659580226475106,0.043659580226475106,0.02920978009793042,0.02920978009793042,0.02920978009793042,0.02920978009793042,0.02920978009793042,0.28899600257089375,0.28899600257089375,0.28899600257089375,0.4624165157197501,0.07234863619959712,0.09906382240529775,0.44805555555555554,0.043659580226475106,1023.4058036999777,1023.4058036999777,11.944339799927548,2045.6713581085205,,fixed_iterations,,0.02879332647201742,0.02879332647201742,0.08300687128173422,0.08300687128173422,0.05838049667224104,0.05838049667224104,0.2922358212937574,0.2922358212937574,85,0.07447203679735201,0.07447203679735201,0.06010949831196409,0.2872507697077584,0.06010949831196409,0.4640421940975592,0.030812456570876903,0.01934703316690059,0.03870493720362369,0.05960634297552878,0.3463838807515061,T015_035_015_035,7
86,1.7545106466745481,525,175,False,projected_continuous_optimization_loss,86,700,5.0545577066053645e-05,0.4633273222499415,0.043848992413448216,0.043848992413448216,0.043848992413448216,0.02944811426127731,0.02944811426127731,0.02944811426127731,0.02944811426127731,0.02944811426127731,0.2880175630434181,0.2880175630434181,0.2880175630434181,0.4633273222499415,0.07236914305957497,0.09909472538851982,0.44839506172839505,0.043848992413448216,1035.3599577000132,1035.3599577000132,11.954154000035487,2069.669995546341,,fixed_iterations,,0.028578948595747097,0.028578948595747097,0.08299470577623978,0.08299470577623978,0.05836251346631798,0.05836251346631798,0.29339115441163666,0.29339115441163666,86,0.07412948643729436,0.07412948643729436,0.059826617675696164,0.2860573752319638,0.059826617675696164,0.4651566816048239,0.030280494023846145,0.01919576189507311,0.03834472414798664,0.06134618273616294,0.34627001282560116,T015_035_015_035,7
87,1.7661534400399816,525,175,False,projected_continuous_optimization_loss,87,700,5.036045502441929e-05,0.464222603965557,0.044016992700772105,0.044016992700772105,0.044016992700772105,0.02966412179569969,0.02966412179569969,0.02966412179569969,0.02966412179569969,0.02966412179569969,0.28705741810144836,0.28705741810144836,0.28705741810144836,0.464222603965557,0.07238308660285649,0.09911608865757797,0.4486111111111111,0.044016992700772105,1047.215658500092,1047.215658500092,11.855700800078921,2093.598300933838,,fixed_iterations,,0.028389812271399386,0.028389812271399386,0.08299851348702583,0.08299851348702583,0.058350762947316996,0.058350762947316996,0.29448351525981475,0.29448351525981475,87,0.07412782649292861,0.07412782649292861,0.05984099743986308,0.2857365810613104,0.05984099743986308,0.4654566611945197,0.030110833792156504,0.01892135153813073,0.03863328959382151,0.06128017539471867,0.34662184466784884,T015_035_015_035,7
88,1.7778734940578977,525,175,False,projected_continuous_optimization_loss,88,700,5.029609500525165e-05,0.4650966555965987,0.044144988650728634,0.044144988650728634,0.044144988650728634,0.029838909258031444,0.029838909258031444,0.029838909258031444,0.029838909258031444,0.029838909258031444,0.2861215878539438,0.2861215878539438,0.2861215878539438,0.4650966555965987,0.07239212965039597,0.09913029502113486,0.44873456790123456,0.044144988650728634,1059.1817805001047,1059.1817805001047,11.966122000012547,2117.602304458618,,fixed_iterations,,0.028256159799829022,0.028256159799829022,0.08300890430340177,0.08300890430340177,0.05837625202071756,0.05837625202071756,0.2954553394726503,0.2954553394726503,88,0.07329996193953212,0.07329996193953212,0.05901076521619118,0.28578393446681855,0.05901076521619118,0.46541236970276,0.029154973288803482,0.019094977049240344,0.039284582998762106,0.06188963485230992,0.3451431748024476,T015_035_015_035,7
89,1.7896713214238533,525,175,False,projected_continuous_optimization_loss,89,700,5.025759081583896e-05,0.4659406221325451,0.04422331452578589,0.04422331452578589,0.04422331452578589,0.029962343571377236,0.029962343571377236,0.029962343571377236,0.029962343571377236,0.029962343571377236,0.285219419088173,0.285219419088173,0.285219419088173,0.4659406221325451,0.0723985461819339,0.09914158981254038,0.4486111111111111,0.04422331452578589,1071.0888488000492,1071.0888488000492,11.907068299944513,2141.6008660793304,,fixed_iterations,,0.028195270541216677,0.028195270541216677,0.08301517414717068,0.08301517414717068,0.05845970853175192,0.05845970853175192,0.2962704689124058,0.2962704689124058,89,0.07319329781369871,0.07319329781369871,0.05900046168012456,0.28385672267148315,0.05900046168012456,0.4672179407379758,0.028969983287912823,0.019019041293180605,0.03872781881503389,0.06348447900049393,0.34598660162926737,T015_035_015_035,7
90,1.8015474382356114,525,175,False,projected_continuous_optimization_loss,90,700,5.015477032221253e-05,0.46674439602456913,0.044252446527562855,0.044252446527562855,0.044252446527562855,0.03003436956900277,0.03003436956900277,0.03003436956900277,0.03003436956900277,0.03003436956900277,0.2843615391712016,0.2843615391712016,0.2843615391712016,0.46674439602456913,0.07240473288990407,0.09915384650182081,0.44907407407407407,0.044252446527562855,1083.1084894000087,1083.1084894000087,12.01964059995953,2165.7935404777527,,fixed_iterations,,0.028209874672291708,0.028209874672291708,0.08300704979609667,0.08300704979609667,0.058608396497939,0.058608396497939,0.2969190750582417,0.2969190750582417,90,0.07229579451296099,0.07229579451296099,0.058252466636651894,0.280866557526182,0.058252466636651894,0.4700315504426872,0.028043347985398134,0.019277490621265953,0.03875960652104119,0.06577280265789533,0.3462216506424847,T015_035_015_035,7
91,1.813502364015719,525,175,False,projected_continuous_optimization_loss,91,700,4.99591182565833e-05,0.4674994012257467,0.04424223259906619,0.04424223259906619,0.04424223259906619,0.030064388214319282,0.030064388214319282,0.030064388214319282,0.030064388214319282,0.030064388214319282,0.28355688769493825,0.28355688769493825,0.28355688769493825,0.4674994012257467,0.07241274997009796,0.09917011419856303,0.4489814814814815,0.04424223259906619,1095.1508089000126,1095.1508089000126,12.042319500003941,2189.9614193439484,,fixed_iterations,,0.02828893632721677,0.02828893632721677,0.08297658925880848,0.08297658925880848,0.058815619923843,0.058815619923843,0.29741825571587843,0.29741825571587843,91,0.07261640620024723,0.07261640620024723,0.05855662696421232,0.2811955847206982,0.05855662696421232,0.4697212198091477,0.028374173601181038,0.018813098022378523,0.03908315769237108,0.06500168706031584,0.3468232770340823,T015_035_015_035,7
92,1.8255366217342341,525,175,False,projected_continuous_optimization_loss,92,700,4.971376936185511e-05,0.4682014009128967,0.0442093754162619,0.0442093754162619,0.0442093754162619,0.030068887916711626,0.030068887916711626,0.030068887916711626,0.030068887916711626,0.030068887916711626,0.28280974999100555,0.28280974999100555,0.28280974999100555,0.4682014009128967,0.07242397615642117,0.09919124164154487,0.4490123456790123,0.0442093754162619,1107.1743605000665,1107.1743605000665,12.023551600053906,2214.1091418266296,,fixed_iterations,,0.028410375321014314,0.028410375321014314,0.08291997432311755,0.08291997432311755,0.059062830595685116,0.059062830595685116,0.2978082206730797,0.2978082206730797,92,0.07211211281215285,0.07211211281215285,0.0581152377419816,0.279937501403425,0.0581152377419816,0.4709087967056861,0.02790273739589095,0.018528576228896212,0.039718065410852404,0.0657445417277714,0.34691761333816606,T015_035_015_035,7
93,1.8376507378316016,525,175,False,projected_continuous_optimization_loss,93,700,4.949531480753645e-05,0.4688522414779135,0.0441737694346626,0.0441737694346626,0.0441737694346626,0.03006787236551076,0.03006787236551076,0.03006787236551076,0.03006787236551076,0.03006787236551076,0.2821179413830367,0.2821179413830367,0.2821179413830367,0.4688522414779135,0.07243893835991302,0.09921777360232074,0.44882716049382715,0.0441737694346626,1119.1912951000268,1119.1912951000268,12.016934599960223,2238.2389409542084,,fixed_iterations,,0.02854537000902642,0.02854537000902642,0.08283857862875597,0.08283857862875597,0.0593238643579957,0.0593238643579957,0.2981444284821354,0.2981444284821354,93,0.0721584189358597,0.0721584189358597,0.058144381794888705,0.28028074281941967,0.058144381794888705,0.4705845272194817,0.027984649501197098,0.018579101596465777,0.03940789393492418,0.06601608238942708,0.3465814492986647,T015_035_015_035,7
94,1.8498452422416842,525,175,False,projected_continuous_optimization_loss,94,700,4.935797841536973e-05,0.4694597527060606,0.04415449931426004,0.04415449931426004,0.04415449931426004,0.030080851614324326,0.030080851614324326,0.030080851614324326,0.030080851614324326,0.030080851614324326,0.2814729539987143,0.2814729539987143,0.2814729539987143,0.4694597527060606,0.07245733629674726,0.09924886330463643,0.44929012345679015,0.04415449931426004,1131.2125999999698,1131.2125999999698,12.021304899943061,2262.361276626587,,fixed_iterations,,0.028663806244320533,0.028663806244320533,0.08273868287341504,0.08273868287341504,0.05957049428782692,0.05957049428782692,0.2984867693004981,0.2984867693004981,94,0.0718778848083122,0.0718778848083122,0.05773589510734774,0.28283979401928927,0.05773589510734774,0.4681731541006141,0.027723385494052157,0.018490707532076593,0.03902816508072972,0.06693507278998148,0.34371920869782624,T015_035_015_035,7
95,1.862120668414943,525,175,False,projected_continuous_optimization_loss,95,700,4.929938596070722e-05,0.4700357190940118,0.04416630846063505,0.04416630846063505,0.04416630846063505,0.030123201508824998,0.030123201508824998,0.030123201508824998,0.030123201508824998,0.030123201508824998,0.2808621390362011,0.2808621390362011,0.2808621390362011,0.4700357190940118,0.0724782360481263,0.09928274976231934,0.4494135802469136,0.04416630846063505,1143.2346402000403,1143.2346402000403,12.022040200070478,2286.534177303314,,fixed_iterations,,0.02874011048619457,0.02874011048619457,0.08262966834907873,0.08262966834907873,0.05977821472811396,0.05977821472811396,0.2988877255306246,0.2988877255306246,95,0.0713525638870554,0.0713525638870554,0.05722478087993049,0.28255566014249794,0.05722478087993049,0.46844035128454503,0.027186255426420343,0.01861143912769732,0.03907608728950325,0.06802221191150855,0.3427306129558359,T015_035_015_035,7
96,1.8744775533417743,525,175,False,projected_continuous_optimization_loss,96,700,4.926908184384023e-05,0.4705926441076185,0.04421715615796039,0.04421715615796039,0.04421715615796039,0.030203548734312254,0.030203548734312254,0.030203548734312254,0.030203548734312254,0.030203548734312254,0.2802721484729627,0.2802721484729627,0.2802721484729627,0.4705926441076185,0.07250036842972866,0.0993172362188029,0.44938271604938274,0.04421715615796039,1155.237481100019,1155.237481100019,12.002840899978764,2310.6338772773743,,fixed_iterations,,0.02875831185442947,0.02875831185442947,0.08252124616517864,0.08252124616517864,0.059931065160912955,0.059931065160912955,0.2993820209270974,0.2993820209270974,96,0.07155422375158414,0.07155422375158414,0.05749720542418012,0.2811403665480805,0.05749720542418012,0.46977328759474923,0.027337067593623754,0.018419998627004126,0.039010152003073194,0.06816252136871817,0.34418061559595375,T015_035_015_035,7
97,1.8869164375760001,525,175,False,projected_continuous_optimization_loss,97,700,4.920974036119216e-05,0.47114054785118736,0.04430718980274668,0.04430718980274668,0.04430718980274668,0.03032257379638957,0.03032257379638957,0.03032257379638957,0.03032257379638957,0.03032257379638957,0.2796923201271422,0.2796923201271422,0.2796923201271422,0.47114054785118736,0.07252245070981547,0.09935061523832187,0.44959876543209876,0.04430718980274668,1167.1786165999947,1167.1786165999947,11.941135499975644,2334.692848920822,,fixed_iterations,,0.02871506252947608,0.02871506252947608,0.08242080349971878,0.08242080349971878,0.06002448138566432,0.06002448138566432,0.2999802004363282,0.2999802004363282,97,0.0715325419511651,0.0715325419511651,0.05750018510050571,0.28064713701318783,0.05750018510050571,0.47023860369673226,0.027225352148418418,0.018452769766727085,0.03915320124930626,0.06802946267428879,0.34460317000641016,T015_035_015_035,7
98,1.8994378652585147,525,175,False,projected_continuous_optimization_loss,98,700,4.9098702217112376e-05,0.471684934257619,0.04442918136051297,0.04442918136051297,0.04442918136051297,0.030473340925994158,0.030473340925994158,0.030473340925994158,0.030473340925994158,0.030473340925994158,0.2791168086903763,0.2791168086903763,0.2791168086903763,0.471684934257619,0.0725434565174267,0.09938158244259163,0.44959876543209876,0.04442918136051297,1179.0822156999493,1179.0822156999493,11.90359909995459,2358.66410112381,,fixed_iterations,,0.02861975028784411,0.02861975028784411,0.082331876318024,0.082331876318024,0.06006561716816465,0.06006561716816465,0.3006676904835862,0.3006676904835862,98,0.0716186207992068,0.0716186207992068,0.05759217540696383,0.28052890784485934,0.05759217540696383,0.47035020263870647,0.027189439438693834,0.01846795157919983,0.03918624647125506,0.06776955180467314,0.3449264527835784,T015_035_015_035,7
99,1.9120423841410878,525,175,False,projected_continuous_optimization_loss,99,700,4.8959787982486346e-05,0.47222639345789147,0.04457027113099589,0.04457027113099589,0.04457027113099589,0.030643022142872664,0.030643022142872664,0.030643022142872664,0.030643022142872664,0.030643022142872664,0.27854497976246445,0.27854497976246445,0.27854497976246445,0.47222639345789147,0.07256278268009875,0.0994096753114967,0.44962962962962966,0.04457027113099589,1191.1050098999403,1191.1050098999403,12.02279419999104,2382.689278125763,,fixed_iterations,,0.028491679347020866,0.028491679347020866,0.08225412144509262,0.08225412144509262,0.060071174947323794,0.060071174947323794,0.3014094177184542,0.3014094177184542,99,0.07124810863539283,0.07124810863539283,0.0571499933225037,0.28196230625778246,0.0571499933225037,0.46899877000351264,0.026677837504396937,0.018342529690856365,0.03892745788478459,0.06898576586080826,0.3427430165670634,T015_035_015_035,7
100,1.9247305456103265,525,175,False,projected_continuous_optimization_loss,100,700,4.8839726013780484e-05,0.4727615489778687,0.044714699117045384,0.044714699117045384,0.044714699117045384,0.030815679905234563,0.030815679905234563,0.030815679905234563,0.030815679905234563,0.030815679905234563,0.27798038423621635,0.27798038423621635,0.27798038423621635,0.4727615489778687,0.072580293613257,0.0994348369167134,0.4496604938271605,0.044714699117045384,1203.0848186998628,1203.0848186998628,11.979808799922466,2406.7866311073303,,fixed_iterations,,0.028355190558292293,0.028355190558292293,0.08218441053374363,0.08218441053374363,0.06006334381346923,0.06006334381346923,0.30215860407236356,0.30215860407236356,100,0.07135658512204979,0.07135658512204979,0.05723698624110799,0.28239197761883605,0.05723698624110799,0.4685943379876009,0.026641886005004403,0.01836416736011334,0.038792652319972934,0.06883683942518723,0.3426006788823274,T015_035_015_035,7
101,1.9375029047117962,525,175,False,projected_continuous_optimization_loss,101,700,4.87703941377186e-05,0.47328469979488563,0.04484704017114951,0.04484704017114951,0.04484704017114951,0.03097558979764132,0.03097558979764132,0.03097558979764132,0.03097558979764132,0.03097558979764132,0.27742900747016375,0.27742900747016375,0.27742900747016375,0.47328469979488563,0.07259625477730569,0.09945796124586796,0.44969135802469135,0.04484704017114951,1215.023859799956,1215.023859799956,11.939041100093164,2430.8257508277893,,fixed_iterations,,0.02823411347653834,0.02823411347653834,0.08211829491699105,0.08211829491699105,0.0600648303386661,0.0600648303386661,0.3028674610626901,0.3028674610626901,101,0.07136584315091869,0.07136584315091869,0.057293002881808275,0.28145680538220824,0.057293002881808275,0.4694749719549433,0.026518802979769183,0.018300957990672394,0.03844174766612857,0.06967156103837392,0.3430607052597684,T015_035_015_035,7
102,1.9503600201742994,525,175,False,projected_continuous_optimization_loss,102,700,4.874658294307229e-05,0.4737896080862257,0.04495531333222981,0.04495531333222981,0.04495531333222981,0.031110444504327418,0.031110444504327418,0.031110444504327418,0.031110444504327418,0.031110444504327418,0.2768973765580479,0.2768973765580479,0.2768973765580479,0.4737896080862257,0.07261118971932597,0.09947981536675758,0.4497530864197531,0.04495531333222981,1227.0675141999964,1227.0675141999964,12.043654400040396,2454.942203760147,,fixed_iterations,,0.028146911536084767,0.028146911536084767,0.08205124075117844,0.08205124075117844,0.06009410314988207,0.06009410314988207,0.30349735264908045,0.30349735264908045,102,0.07129507806811664,0.07129507806811664,0.0571425820903862,0.2830499195546085,0.0571425820903862,0.4679756400740578,0.026339764735886825,0.018230402320240847,0.03864785392610809,0.06927517476978753,0.3418222090579213,T015_035_015_035,7
103,1.9633024544343203,525,175,False,projected_continuous_optimization_loss,103,700,4.873410284769193e-05,0.4742711402206747,0.045033293995212706,0.045033293995212706,0.045033293995212706,0.03121375229496923,0.03121375229496923,0.03121375229496923,0.03121375229496923,0.03121375229496923,0.2763908340048696,0.2763908340048696,0.2763908340048696,0.4742711402206747,0.07262570643691965,0.09950170670423615,0.4499074074074074,0.045033293995212706,1239.1290452999528,1239.1290452999528,12.061531099956483,2479.1196722984314,,fixed_iterations,,0.028103443199767875,0.028103443199767875,0.08197945968369456,0.08197945968369456,0.06016184070342194,0.06016184070342194,0.3040263966337903,0.3040263966337903,103,0.07162162784800437,0.07162162784800437,0.05748924247739888,0.2826477074121097,0.05748924247739888,0.4683537760765063,0.026588333852791662,0.018329348890100322,0.03794279496090333,0.06962326868216058,0.342458363543342,T015_035_015_035,7
104,1.9763307736606255,525,175,False,projected_continuous_optimization_loss,104,700,4.869851993044238e-05,0.4747265919280739,0.04508149787770359,0.04508149787770359,0.04508149787770359,0.03128589021632878,0.03128589021632878,0.03128589021632878,0.03128589021632878,0.03128589021632878,0.27591215322749624,0.27591215322749624,0.27591215322749624,0.4747265919280739,0.07264033818004019,0.09952365882584426,0.45006172839506176,0.04508149787770359,1251.1424264999805,1251.1424264999805,12.013381200027652,2503.2519488334656,,fixed_iterations,,0.028103723526304532,0.028103723526304532,0.08190047829451633,0.08190047829451633,0.060269236167203054,0.060269236167203054,0.30445315394005,0.30445315394005,104,0.07155516517920572,0.07155516517920572,0.05739591932065974,0.28318491717091965,0.05739591932065974,0.4678487835483981,0.026473667301502135,0.018145307050238462,0.03815284871256496,0.06956150797459887,0.34198911981099583,T015_035_015_035,7
105,1.989445547779033,525,175,False,projected_continuous_optimization_loss,105,700,4.8630416325151904e-05,0.4751564933316051,0.04510662584251827,0.04510662584251827,0.04510662584251827,0.031333590517919396,0.031333590517919396,0.031333590517919396,0.031333590517919396,0.031333590517919396,0.27546070649197746,0.27546070649197746,0.27546070649197746,0.4751564933316051,0.07265543407093593,0.09954673820828114,0.4503395061728395,0.04510662584251827,1263.1606441000476,1263.1606441000476,12.018217600067146,2527.3917655944824,,fixed_iterations,,0.0281386611283223,0.0281386611283223,0.08181359066994712,0.08181359066994712,0.060408386948177295,0.060408386948177295,0.3047958545851584,0.3047958545851584,105,0.07158042492051336,0.07158042492051336,0.05742107250660738,0.28318704827811986,0.05742107250660738,0.4678467812010155,0.026473799077995096,0.01819640704431892,0.03810795715528644,0.06950976545426288,0.3420326515471473,T015_035_015_035,7
106,2.002647350497343,525,175,False,projected_continuous_optimization_loss,106,700,4.8548591917778345e-05,0.4755646577323737,0.04511966210446951,0.04511966210446951,0.04511966210446951,0.031368040693501395,0.031368040693501395,0.031368040693501395,0.031368040693501395,0.031368040693501395,0.27503242821936225,0.27503242821936225,0.27503242821936225,0.4755646577323737,0.0726711192125424,0.09957056155160258,0.45067901234567903,0.04511966210446951,1275.1916568001034,1275.1916568001034,12.031012700055726,2551.5261147022247,,fixed_iterations,,0.028192496722642877,0.028192496722642877,0.08172011030264954,0.08172011030264954,0.06056457976612825,0.06056457976612825,0.30508747094095306,0.30508747094095306,106,0.07212212010039365,0.07212212010039365,0.05793830244383513,0.28367635313117023,0.05793830244383513,0.4673872390458803,0.027002457995924142,0.017901084698446056,0.03792343041617352,0.06878900378631402,0.3427737201449467,T015_035_015_035,7
107,2.0159367593304367,525,175,False,projected_continuous_optimization_loss,107,700,4.8481579553151914e-05,0.47595735163773284,0.04513316122911098,0.04513316122911098,0.04513316122911098,0.03140212636398404,0.03140212636398404,0.03140212636398404,0.03140212636398404,0.03140212636398404,0.27462069730253874,0.27462069730253874,0.27462069730253874,0.47595735163773284,0.07268732486892884,0.09959448659977818,0.45055555555555554,0.04513316122911098,1287.2702914000256,1287.2702914000256,12.078634599922225,2575.734442949295,,fixed_iterations,,0.028246476750721537,0.028246476750721537,0.08162315404678326,0.08162315404678326,0.06071992701368328,0.06071992701368328,0.3053677938265448,0.3053677938265448,107,0.07166781128411956,0.07166781128411956,0.0574516842102371,0.284322541477649,0.0574516842102371,0.46678096294519916,0.02653465005500858,0.017867856581831047,0.03777639882934984,0.07006368795358812,0.3410730195804302,T015_035_015_035,7
108,2.029314355625536,525,175,False,projected_continuous_optimization_loss,108,700,4.844436547886097e-05,0.4763417309033183,0.04515842204919117,0.04515842204919117,0.04515842204919117,0.03144752290952453,0.03144752290952453,0.03144752290952453,0.03144752290952453,0.03144752290952453,0.2742179827933328,0.2742179827933328,0.2742179827933328,0.4763417309033183,0.0727038701967938,0.09961885993676321,0.45064814814814813,0.04515842204919117,1299.28825350001,1299.28825350001,12.017962099984288,2599.904755592346,,fixed_iterations,,0.02828307238287923,0.02828307238287923,0.08152677910164674,0.08152677910164674,0.06085754498631647,0.06085754498631647,0.3056743344324758,0.3056743344324758,108,0.07175843907640708,0.07175843907640708,0.05764004620270499,0.28236785747404186,0.05764004620270499,0.4686170331351956,0.026600017027215914,0.017791226619983322,0.037894455097859624,0.0701182816998138,0.34281306971753883,T015_035_015_035,7
109,2.0427807245876384,525,175,False,projected_continuous_optimization_loss,109,700,4.842891911562543e-05,0.4767239924207533,0.04520319192309584,0.04520319192309584,0.04520319192309584,0.031512302917692046,0.031512302917692046,0.031512302917692046,0.031512302917692046,0.031512302917692046,0.2738177801080758,0.2738177801080758,0.2738177801080758,0.4767239924207533,0.07272056302102535,0.09964318200492679,0.45046296296296295,0.04520319192309584,1311.31659390009,1311.31659390009,12.028340400080197,2623.9986124038696,,fixed_iterations,,0.02828984565044907,0.02828984565044907,0.08143464461574328,0.08143464461574328,0.06096533677898702,0.06096533677898702,0.30603416537557393,0.30603416537557393,109,0.07191532660667918,0.07191532660667918,0.057780026383325196,0.28270600446707983,0.057780026383325196,0.4682989519785768,0.02671213468358334,0.01704435434938415,0.037353478529999755,0.07156353832197931,0.34233758077721355,T015_035_015_035,7
110,2.056336455305114,525,175,False,projected_continuous_optimization_loss,110,700,4.841414537148441e-05,0.47710785604403283,0.045270330095360474,0.045270330095360474,0.045270330095360474,0.03159952038481707,0.03159952038481707,0.03159952038481707,0.03159952038481707,0.03159952038481707,0.273416194210868,0.273416194210868,0.273416194210868,0.47710785604403283,0.07273728349710964,0.09966698146850426,0.45055555555555554,0.045270330095360474,1323.3423223000718,1323.3423223000718,12.025728399981745,2648.01971578598,,fixed_iterations,,0.02826202940612091,0.02826202940612091,0.08134872961560229,0.08134872961560229,0.06103851367600627,0.06103851367600627,0.3064585833463033,0.3064585833463033,110,0.07151587638736222,0.07151587638736222,0.057367889831188255,0.2829597311234793,0.057367889831188255,0.4680604065088976,0.026245546292001744,0.01705953110568727,0.037686597639427416,0.07191200419701956,0.34140227356676334,T015_035_015_035,7
111,2.0699821407754775,525,175,False,projected_continuous_optimization_loss,111,700,4.8384768641094495e-05,0.47749388515345104,0.04535759284359933,0.04535759284359933,0.04535759284359933,0.03170696084099758,0.03170696084099758,0.03170696084099758,0.03170696084099758,0.03170696084099758,0.273012640052035,0.273012640052035,0.273012640052035,0.47749388515345104,0.07275402315343742,0.09969058526685853,0.45049382716049385,0.04535759284359933,1335.361747900024,1335.361747900024,12.019425599952228,2672.0678889751434,,fixed_iterations,,0.028203160625389148,0.028203160625389148,0.08126870990554037,0.08126870990554037,0.061080282445192285,0.061080282445192285,0.30694173217732923,0.30694173217732923,111,0.07152786545761163,0.07152786545761163,0.05735826953632915,0.2833919184256494,0.05735826953632915,0.46765432431018145,0.026170272614012294,0.017025633116594507,0.03774531300494381,0.07174082165318482,0.34114255653545833,T015_035_015_035,7
112,2.0837183779313277,525,175,False,projected_continuous_optimization_loss,112,700,4.8342698362066674e-05,0.4778798052960988,0.04545847414361064,0.04545847414361064,0.04545847414361064,0.031827999257728654,0.031827999257728654,0.031827999257728654,0.031827999257728654,0.031827999257728654,0.27260949771763976,0.27260949771763976,0.27260949771763976,0.4778798052960988,0.0727708697336858,0.09971426527907983,0.45067901234567903,0.04545847414361064,1347.373480899958,1347.373480899958,12.011732999933884,2696.1652812957764,,fixed_iterations,,0.028123653000119615,0.028123653000119615,0.081192287131926,0.081192287131926,0.06110058643039864,0.06110058643039864,0.30746327873365453,0.30746327873365453,112,0.07145825355921442,0.07145825355921442,0.05729040861496464,0.28335689888499577,0.05729040861496464,0.4676872170565545,0.02599977941560378,0.017078403016034322,0.03768757409805813,0.07195147071851446,0.3409697692239476,T015_035_015_035,7
113,2.0975457676664617,525,175,False,projected_continuous_optimization_loss,113,700,4.8302596420611865e-05,0.4782615929787691,0.04556386978868254,0.04556386978868254,0.04556386978868254,0.031953321520629956,0.031953321520629956,0.031953321520629956,0.031953321520629956,0.031953321520629956,0.27221096536105166,0.27221096536105166,0.27221096536105166,0.4782615929787691,0.0727879487484795,0.09973830076181968,0.4508333333333333,0.04556386978868254,1359.4391205998836,1359.4391205998836,12.065639699925669,2720.3558588027954,,fixed_iterations,,0.028037798442796687,0.028037798442796687,0.08111627304138011,0.08111627304138011,0.061113289378085224,0.061113289378085224,0.30799423211650706,0.30799423211650706,113,0.07172242906709728,0.07172242906709728,0.05751998778859316,0.2840488255700822,0.05751998778859316,0.46703768841494786,0.026158559278414734,0.01695973685341631,0.03733120395862994,0.07193070060229068,0.34081604700061097,T015_035_015_035,7
114,2.1114649148621583,525,175,False,projected_continuous_optimization_loss,114,700,4.827748736133551e-05,0.4786349026550448,0.045664211674521206,0.045664211674521206,0.045664211674521206,0.03207313343804548,0.03207313343804548,0.03207313343804548,0.03207313343804548,0.03207313343804548,0.2718215647295146,0.2718215647295146,0.2718215647295146,0.4786349026550448,0.07280534821712006,0.09976300101757572,0.45101851851851854,0.045664211674521206,1371.4476856997935,1371.4476856997935,12.008565099909902,2744.4542665481567,,fixed_iterations,,0.027960089084706773,0.027960089084706773,0.08103788600910944,0.08103788600910944,0.06113258234237774,0.06113258234237774,0.3085043452188509,0.3085043452188509,114,0.07144281866964249,0.07144281866964249,0.057281652836905866,0.2832233166547324,0.057281652836905866,0.46781270528625696,0.02577860699512128,0.016916093449892436,0.03723725469757374,0.07301170663230806,0.3406476505064827,T015_035_015_035,7
115,2.125476428413642,525,175,False,projected_continuous_optimization_loss,115,700,4.826779710976146e-05,0.47899642910543916,0.04575163028949119,0.04575163028949119,0.04575163028949119,0.032179394245247,0.032179394245247,0.032179394245247,0.032179394245247,0.032179394245247,0.2714447208848837,0.2714447208848837,0.2714447208848837,0.47899642910543916,0.07282305828379104,0.0997886774319362,0.4512654320987654,0.04575163028949119,1383.4942059997702,1383.4942059997702,12.046520299976692,2768.6205418109894,,fixed_iterations,,0.027901820652972597,0.027901820652972597,0.08095570816899725,0.08095570816899725,0.06116955741776693,0.06116955741776693,0.3089693428657024,0.3089693428657024,115,0.07177618556294589,0.07177618556294589,0.057608115840307686,0.283361394452764,0.057608115840307686,0.4676829943982964,0.0260245552734547,0.01722062314710877,0.03663490995438757,0.07279589233943254,0.3410315689573676,T015_035_015_035,7
116,2.1395809212567163,525,175,False,projected_continuous_optimization_loss,116,700,4.826254371967844e-05,0.47934493365573516,0.04582167179765618,0.04582167179765618,0.04582167179765618,0.03226758689215864,0.03226758689215864,0.03226758689215864,0.03226758689215864,0.03226758689215864,0.2710816981099508,0.2710816981099508,0.2710816981099508,0.47934493365573516,0.07284095076975407,0.09981537434668494,0.45151234567901233,0.04582167179765618,1395.529774199822,1395.529774199822,12.035568200051785,2792.760350704193,,fixed_iterations,,0.027868728652932443,0.027868728652932443,0.08087001970588895,0.08087001970588895,0.06122978686777123,0.06122978686777123,0.30937639842914255,0.30937639842914255,116,0.07175473471591401,0.07175473471591401,0.05763660591897328,0.2823625759388146,0.05763660591897328,0.4686220027712716,0.02593306291825783,0.01729794085001017,0.03638985489301872,0.07337026121212381,0.3415639458161189,T015_035_015_035,7
117,2.15377901039458,525,175,False,projected_continuous_optimization_loss,117,700,4.8249992228350865e-05,0.4796817547968441,0.045874165689096094,0.045874165689096094,0.045874165689096094,0.03233761187453152,0.03233761187453152,0.03233761187453152,0.03233761187453152,0.03233761187453152,0.2707310762912915,0.2707310762912915,0.2707310762912915,0.4796817547968441,0.07285880833255715,0.09984265516185717,0.4516049382716049,0.045874165689096094,1407.5402612999314,1407.5402612999314,12.010487100109458,2816.8936688899994,,fixed_iterations,,0.02786007491994328,0.02786007491994328,0.08078254950639847,0.08078254950639847,0.06131242562542602,0.06131242562542602,0.3097267047450763,0.3097267047450763,117,0.07174381766571482,0.07174381766571482,0.05764585141223208,0.28195932506965476,0.05764585141223208,0.46900157714955987,0.025869651976618724,0.017317261724684906,0.036358616400761976,0.07350560537266056,0.34182009365145244,T015_035_015_035,7
118,2.168071316924814,525,175,False,projected_continuous_optimization_loss,118,700,4.8227465010235325e-05,0.4800106678009485,0.04591303019682906,0.04591303019682906,0.04591303019682906,0.03239358491678828,0.03239358491678828,0.03239358491678828,0.03239358491678828,0.03239358491678828,0.2703889056008156,0.2703889056008156,0.2703889056008156,0.4800106678009485,0.07287639479162301,0.09987003026403084,0.45151234567901233,0.04591303019682906,1419.586723199929,1419.586723199929,12.046461899997666,2841.0051221847534,,fixed_iterations,,0.027869269639852902,0.027869269639852902,0.0806958651545796,0.0806958651545796,0.06141093582728896,0.06141093582728896,0.31003459717922704,0.31003459717922704,118,0.07184697182836353,0.07184697182836353,0.057760254527505134,0.28173434601716785,0.057760254527505134,0.46921346473637077,0.025933941631534466,0.017118902724614627,0.03669522143654743,0.07296439870952742,0.3424349418656813,T015_035_015_035,7
119,2.1824584660665542,525,175,False,projected_continuous_optimization_loss,119,700,4.820213522181014e-05,0.4803370478173976,0.04594507969973218,0.04594507969973218,0.04594507969973218,0.0324426005061753,0.0324426005061753,0.0324426005061753,0.0324426005061753,0.0324426005061753,0.2700495838711377,0.2700495838711377,0.2700495838711377,0.4803370478173976,0.07289354355115986,0.09989694812893307,0.4516975308641975,0.04594507969973218,1431.6266286999453,1431.6266286999453,12.039905500016175,2865.1202602386475,,fixed_iterations,,0.027885820166772976,0.027885820166772976,0.08061263253894811,0.08061263253894811,0.06151513607386953,0.06151513607386953,0.31032345903780695,0.31032345903780695,119,0.0713889874232863,0.0713889874232863,0.057258219093994006,0.2826153665858457,0.057258219093994006,0.4683841926862543,0.025443907723554114,0.017131489357941312,0.03626820451989514,0.0746826606779227,0.3403018381304951,T015_035_015_035,7
120,2.1969410871878425,525,175,False,projected_continuous_optimization_loss,120,700,4.8183440040683324e-05,0.4806664885611298,0.04597817334979807,0.04597817334979807,0.04597817334979807,0.03249280854462672,0.03249280854462672,0.03249280854462672,0.03249280854462672,0.03249280854462672,0.2697072961034271,0.2697072961034271,0.2697072961034271,0.4806664885611298,0.07291023408343843,0.09992296261678806,0.45185185185185184,0.04597817334979807,1443.639986599912,1443.639986599912,12.01335789996665,2889.2302832603455,,fixed_iterations,,0.027898132160281367,0.027898132160281367,0.08053490402483046,0.08053490402483046,0.061613990696733616,0.061613990696733616,0.3106194616792844,0.3106194616792844,120,0.0710468494134959,0.0710468494134959,0.056904655629362866,0.28284387568266073,0.056904655629362866,0.4681693167156856,0.02506867606369783,0.01722170279355238,0.03626924670837045,0.07539184137769087,0.33928652583607194,T015_035_015_035,7
121,2.211519813833155,525,175,False,projected_continuous_optimization_loss,121,700,4.8174840515683614e-05,0.4810032748069141,0.046019217782674454,0.046019217782674454,0.046019217782674454,0.032551337744617076,0.032551337744617076,0.032551337744617076,0.032551337744617076,0.032551337744617076,0.26935760076114756,0.26935760076114756,0.26935760076114756,0.4810032748069141,0.07292662876022535,0.09994796134031557,0.45188271604938274,0.046019217782674454,1455.6657936999109,1455.6657936999109,12.025807099998929,2913.3053517341614,,fixed_iterations,,0.02789647213476364,0.02789647213476364,0.0804635564748123,0.0804635564748123,0.061698418691082856,0.061698418691082856,0.3109448275062553,0.3109448275062553,121,0.07181936293425083,0.07181936293425083,0.05778906464985155,0.2806059656879856,0.05778906464985155,0.470277463488681,0.025800145151576373,0.01672099995421061,0.03539025545877207,0.07608406880145535,0.34208213927424297,T015_035_015_035,7
122,2.2261952837511196,525,175,False,projected_continuous_optimization_loss,122,700,4.8172107360931586e-05,0.481349249665205,0.046072549115784595,0.046072549115784595,0.046072549115784595,0.0326226190746423,0.0326226190746423,0.0326226190746423,0.0326226190746423,0.0326226190746423,0.2689986008228459,0.2689986008228459,0.2689986008228459,0.481349249665205,0.07294305338111394,0.09997283911380132,0.45209876543209876,0.046072549115784595,1467.6981071998598,1467.6981071998598,12.032313499948941,2937.4245965480804,,fixed_iterations,,0.027875318103040617,0.027875318103040617,0.08039801629410118,0.08039801629410118,0.06176343257591347,0.06176343257591347,0.3113124826921497,0.3113124826921497,122,0.07178521942412673,0.07178521942412673,0.05772939021066957,0.28111658426914327,0.05772939021066957,0.4697957145881003,0.025712670308342137,0.016638016838637408,0.035266740002167236,0.07640439375416021,0.34148656399313543,T015_035_015_035,7
123,2.2409681389224136,525,175,False,projected_continuous_optimization_loss,123,700,4.816854991024161e-05,0.4817035250288057,0.046139078100795886,0.046139078100795886,0.046139078100795886,0.0327075163024176,0.0327075163024176,0.0327075163024176,0.0327075163024176,0.0327075163024176,0.2686312359675658,0.2686312359675658,0.2686312359675658,0.4817035250288057,0.07295992193780973,0.09999820614080535,0.45243827160493827,0.046139078100795886,1479.7277556998888,1479.7277556998888,12.029648500028998,2961.5368313789368,,fixed_iterations,,0.027834467625487375,0.027834467625487375,0.08033640398686206,0.08033640398686206,0.061809105330287155,0.061809105330287155,0.31172354808616914,0.31172354808616914,123,0.07141929546525386,0.07141929546525386,0.05730012475957162,0.28238341411364465,0.05730012475957162,0.46860239545737076,0.02528021736445797,0.016752590444893172,0.03493958941925374,0.0775382817721567,0.3393719338210671,T015_035_015_035,7
124,2.2558390255878473,525,175,False,projected_continuous_optimization_loss,124,700,4.816140955744325e-05,0.4820631557357813,0.04621635013456517,0.04621635013456517,0.04621635013456517,0.03280342140224629,0.03280342140224629,0.03280342140224629,0.03280342140224629,0.03280342140224629,0.26825857464637753,0.26825857464637753,0.26825857464637753,0.4820631557357813,0.07297762483964905,0.10002461971988785,0.4525617283950617,0.04621635013456517,1491.6578231999883,1491.6578231999883,11.93006750009954,2985.5442905426025,,fixed_iterations,,0.02777864128892159,0.02777864128892159,0.08027613094747027,0.08027613094747027,0.06184017115066736,0.06184017115066736,0.31216821234872205,0.31216821234872205,124,0.07136022649304738,0.07136022649304738,0.05721808624062531,0.2828428050484413,0.05721808624062531,0.46817032327215763,0.02514387635848221,0.01670646062300823,0.03509247810676693,0.0773876228573349,0.33898376168504757,T015_035_015_035,7
125,2.2708085942766325,525,175,False,projected_continuous_optimization_loss,125,700,4.8153509746790945e-05,0.48242449346090754,0.04629942886480817,0.04629942886480817,0.04629942886480817,0.03290520861634826,0.03290520861634826,0.03290520861634826,0.03290520861634826,0.03290520861634826,0.26788440496919813,0.26788440496919813,0.26788440496919813,0.48242449346090754,0.07299641409353927,0.10005258085193573,0.45274691358024693,0.04629942886480817,1503.5916781999404,1503.5916781999404,11.933854999952018,3009.515537261963,,fixed_iterations,,0.02771578617293535,0.02771578617293535,0.08021480165043064,0.08021480165043064,0.061864424114760466,0.061864424114760466,0.3126294815227811,0.3126294815227811,125,0.07137341905076179,0.07137341905076179,0.0572361228948294,0.28274592311864793,0.0572361228948294,0.4682614146794988,0.025073990185953618,0.016838409117214247,0.03500035137618969,0.07735952465575789,0.33906312953033696,T015_035_015_035,7
126,2.2858774998348426,525,175,False,projected_continuous_optimization_loss,126,700,4.814949263586774e-05,0.4827846758221112,0.04638232179433242,0.04638232179433242,0.04638232179433242,0.0330067372161105,0.0330067372161105,0.0330067372161105,0.0330067372161105,0.0330067372161105,0.26751169156443855,0.26751169156443855,0.26751169156443855,0.4827846758221112,0.07301632333346557,0.10008262431053838,0.4529938271604938,0.04638232179433242,1515.6209057000233,1515.6209057000233,12.029227500082925,3033.613436460495,,fixed_iterations,,0.027654657546932065,0.027654657546932065,0.08015111675845285,0.08015111675845285,0.061890396568960955,0.061890396568960955,0.31308850494776536,0.31308850494776536,126,0.07148393541294658,0.07148393541294658,0.057335821692310905,0.2829622744127134,0.057335821692310905,0.4680580159333977,0.025101613618614155,0.01684180498744683,0.03465993832188044,0.0776403257877662,0.3389159468363042,T015_035_015_035,7
127,2.3010464014540575,525,175,False,projected_continuous_optimization_loss,127,700,4.815101922916114e-05,0.4831427174343612,0.04645956301831007,0.04645956301831007,0.04645956301831007,0.033102490491253245,0.033102490491253245,0.033102490491253245,0.033102490491253245,0.033102490491253245,0.2671414505411366,0.2671414505411366,0.2671414505411366,0.4831427174343612,0.07303715232513185,0.10011435292691093,0.45308641975308644,0.04645956301831007,1527.6735488000559,1527.6735488000559,12.052643100032583,3057.768698692322,,fixed_iterations,,0.027602403782739593,0.027602403782739593,0.08008543928505746,0.08008543928505746,0.06192498466808223,0.06192498466808223,0.31352988969848195,0.31352988969848195,127,0.0707385696937596,0.0707385696937596,0.05664505434714778,0.2818703069322366,0.05664505434714778,0.4690854052371168,0.024279006675449535,0.016847293894505858,0.0345092718495669,0.08010234047794416,0.33762649901509983,T015_035_015_035,7
128,2.316315962700198,525,175,False,projected_continuous_optimization_loss,128,700,4.815554742065471e-05,0.48349990432815865,0.04652756074678569,0.04652756074678569,0.04652756074678569,0.033188943305334624,0.033188943305334624,0.033188943305334624,0.033188943305334624,0.033188943305334624,0.26677234882902134,0.26677234882902134,0.26677234882902134,0.48349990432815865,0.07305852612671739,0.10014699030076776,0.45314814814814813,0.04652756074678569,1539.7073712000856,1539.7073712000856,12.033822400029749,3081.901678085327,,fixed_iterations,,0.02756278980577644,0.02756278980577644,0.08001980146329489,0.08001980146329489,0.06197168189128979,0.06197168189128979,0.3139456311677975,0.3139456311677975,128,0.07072141583710283,0.07072141583710283,0.056663911845386564,0.28115007983432533,0.056663911845386564,0.4697641281143596,0.024193855090317136,0.016688046809162797,0.03434510924325807,0.08081993564636539,0.3379110364155733,T015_035_015_035,7
129,2.331686851542559,525,175,False,projected_continuous_optimization_loss,129,700,4.815924986278515e-05,0.48385948516766975,0.04658539574700256,0.04658539574700256,0.04658539574700256,0.03326534419443341,0.03326534419443341,0.03326534419443341,0.03326534419443341,0.03326534419443341,0.2664010310513829,0.2664010310513829,0.2664010310513829,0.48385948516766975,0.07308001443180204,0.1001800820622154,0.4532098765432099,0.04658539574700256,1551.6823672001483,1551.6823672001483,11.974996000062674,3105.98228597641,,fixed_iterations,,0.02753545417086253,0.02753545417086253,0.07995733593958626,0.07995733593958626,0.06202988137579168,0.06202988137579168,0.3143368136814293,0.3143368136814293,129,0.07039223559001687,0.07039223559001687,0.05635883732143557,0.28066796537162586,0.05635883732143557,0.47021894581664603,0.023806839843014307,0.016764992779631997,0.03433025581282641,0.08173352212934881,0.3373901750948388,T015_035_015_035,7
130,2.347159740383024,525,175,False,projected_continuous_optimization_loss,130,700,4.816070896398559e-05,0.48422585385621214,0.04663489928600409,0.04663489928600409,0.04663489928600409,0.033333750794486416,0.033333750794486416,0.033333750794486416,0.033333750794486416,0.033333750794486416,0.2660229698303535,0.2660229698303535,0.2660229698303535,0.48422585385621214,0.0731012753069112,0.10021272198211179,0.4532716049382716,0.04663489928600409,1563.7512220002245,1563.7512220002245,12.068854800076224,3130.139610528946,,fixed_iterations,,0.027516304669474422,0.027516304669474422,0.07990132111088155,0.07990132111088155,0.06209537756411288,0.06209537756411288,0.31471285051174325,0.31471285051174325,130,0.07000003141772329,0.07000003141772329,0.05589758459248499,0.2820489365047658,0.05589758459248499,0.46891720371982887,0.023365132131719202,0.016663709204274606,0.03412680345727543,0.08305959497007061,0.33506709608820817,T015_035_015_035,7
131,2.362735306085484,525,175,False,projected_continuous_optimization_loss,131,700,4.816184134871272e-05,0.4846034889552675,0.04668001639000109,0.04668001639000109,0.04668001639000109,0.033398338210146934,0.033398338210146934,0.033398338210146934,0.033398338210146934,0.033398338210146934,0.26563356359708307,0.26563356359708307,0.26563356359708307,0.4846034889552675,0.07312217737755525,0.10024474829919124,0.45339506172839505,0.04668001639000109,1575.7958822002402,1575.7958822002402,12.044660200015642,3154.322395324707,,fixed_iterations,,0.027498879880602727,0.027498879880602727,0.07985416495552206,0.07985416495552206,0.062161841867691185,0.062161841867691185,0.3150886022514516,0.3150886022514516,131,0.07014421325170302,0.07014421325170302,0.056089879547316215,0.2810866740877361,0.056089879547316215,0.46982392161873604,0.023464196861701925,0.01662270818634609,0.03397479504614111,0.08320374992928745,0.3360226684569614,T015_035_015_035,7
132,2.378414230005442,525,175,False,projected_continuous_optimization_loss,132,700,4.8165640830245115e-05,0.48499591121698926,0.046725637985115316,0.046725637985115316,0.046725637985115316,0.03346417741195436,0.03346417741195436,0.03346417741195436,0.03346417741195436,0.03346417741195436,0.2652292114632192,0.2652292114632192,0.2652292114632192,0.48499591121698926,0.07314285949785414,0.10027626926214585,0.45351851851851854,0.046725637985115316,1587.7309620002052,1587.7309620002052,11.935079799965024,3178.342892885208,,fixed_iterations,,0.02747627203089694,0.02747627203089694,0.07981667758170047,0.07981667758170047,0.062222775953926814,0.062222775953926814,0.31548018565046504,0.31548018565046504,132,0.07020345983568374,0.07020345983568374,0.056204561221168514,0.2799779722903046,0.056204561221168514,0.47087055242568043,0.023477821850568424,0.01656937447446303,0.03400297111160784,0.0832885017225298,0.3370097051170797,T015_035_015_035,7
133,2.3941971980198256,525,175,False,projected_continuous_optimization_loss,133,700,4.817334543418168e-05,0.4854049076861705,0.04677622454148147,0.04677622454148147,0.04677622454148147,0.03353581908980754,0.03353581908980754,0.03353581908980754,0.03353581908980754,0.03353581908980754,0.26480810903347857,0.26480810903347857,0.26480810903347857,0.4854049076861705,0.07316370584097526,0.10030770290170801,0.4537654320987654,0.04677622454148147,1599.7541982001858,1599.7541982001858,12.023236199980602,3202.474701166153,,fixed_iterations,,0.027443059458815436,0.027443059458815436,0.07978789261153335,0.07978789261153335,0.06227334007876405,0.06227334007876405,0.3159006155370577,0.3159006155370577,133,0.07009603016813533,0.07009603016813533,0.056044280948810025,0.281034984386506,0.056044280948810025,0.4698726715339927,0.02331980562665386,0.016616220656847085,0.03463603492976713,0.08210605438070907,0.3365143615666694,T015_035_015_035,7
134,2.410084900556985,525,175,False,projected_continuous_optimization_loss,134,700,4.8183725225972594e-05,0.4858302527298586,0.04683460434884794,0.04683460434884794,0.04683460434884794,0.03361607789845588,0.03361607789845588,0.03361607789845588,0.03361607789845588,0.03361607789845588,0.2643705290078411,0.2643705290078411,0.2643705290078411,0.4858302527298586,0.07318524134181116,0.10033977186143102,0.453858024691358,0.04683460434884794,1611.8413135001902,1611.8413135001902,12.08711530000437,3226.645854473114,,fixed_iterations,,0.027396690572174205,0.027396690572174205,0.07976551220682777,0.07976551220682777,0.06231153755672721,0.06231153755672721,0.3163565123941294,0.3163565123941294,134,0.0701874406262041,0.0701874406262041,0.05610201146721062,0.2817085831798697,0.05610201146721062,0.46923773383946216,0.023352836277356168,0.016586192411482882,0.034650210328062654,0.0817327175372332,0.3362686135626834,T015_035_015_035,7
135,2.426078032626899,525,175,False,projected_continuous_optimization_loss,135,700,4.8194733468602145e-05,0.4862700737445698,0.04690128371512617,0.04690128371512617,0.04690128371512617,0.033705361858605676,0.033705361858605676,0.033705361858605676,0.033705361858605676,0.033705361858605676,0.2639184371304098,0.2639184371304098,0.2639184371304098,0.4862700737445698,0.07320797896588924,0.10037375764587554,0.4541049382716049,0.04690128371512617,1623.871362500242,1623.871362500242,12.030049000051804,3250.814341545105,,fixed_iterations,,0.027337929279602075,0.027337929279602075,0.07974682588040426,0.07974682588040426,0.062338470956001014,0.062338470956001014,0.31684684762856247,0.31684684762856247,135,0.07001051892555223,0.07001051892555223,0.05584969043139048,0.28321656988323485,0.05584969043139048,0.4678190440430671,0.023109235210426057,0.01670801407543746,0.03420937937297306,0.08257090317989067,0.3343307474147659,T015_035_015_035,7
136,2.442177293851577,525,175,False,projected_continuous_optimization_loss,136,700,4.82055071113472e-05,0.48672181525733776,0.04697445554828424,0.04697445554828424,0.04697445554828424,0.03380173080164812,0.03380173080164812,0.03380173080164812,0.03380173080164812,0.03380173080164812,0.26345449493272244,0.26345449493272244,0.26345449493272244,0.48672181525733776,0.0732322676107811,0.10041030548244037,0.45425925925925925,0.04697445554828424,1635.894700800185,1635.894700800185,12.023338299943134,3274.9498212337494,,fixed_iterations,,0.02727027777253416,0.02727027777253416,0.07972977482826696,0.07972977482826696,0.06235768346490407,0.06235768346490407,0.31736407919163256,0.31736407919163256,136,0.07012401111968541,0.07012401111968541,0.05595478037914313,0.2833846148108456,0.05595478037914313,0.4676611841967134,0.02314955557140117,0.016598709817927968,0.03394920267329987,0.08287146032911023,0.3342418113763753,T015_035_015_035,7
137,2.4583833884956645,525,175,False,projected_continuous_optimization_loss,137,700,4.82167612990156e-05,0.4871834958742371,0.04705067762949769,0.04705067762949769,0.04705067762949769,0.033901639284309254,0.033901639284309254,0.033901639284309254,0.033901639284309254,0.033901639284309254,0.26298076690376865,0.26298076690376865,0.26298076690376865,0.4871834958742371,0.0732581912420513,0.10044962578100913,0.45425925925925925,0.04705067762949769,1647.929252600181,1647.929252600181,12.034551799995825,3299.085240125656,,fixed_iterations,,0.02719862545372284,0.02719862545372284,0.0797137807663961,0.0797137807663961,0.06237386094903154,0.06237386094903154,0.3178972287050866,0.3178972287050866,137,0.07008895471257501,0.07008895471257501,0.05593685171283597,0.2830420599947808,0.05593685171283597,0.46798302659146224,0.02303827708307732,0.016595711238425688,0.03388665026768447,0.0831624009381857,0.3343382641471664,T015_035_015_035,7
138,2.4746970254972522,525,175,False,projected_continuous_optimization_loss,138,700,4.8229533965350284e-05,0.48765476949347647,0.04712598462517458,0.04712598462517458,0.04712598462517458,0.034001102864035446,0.034001102864035446,0.034001102864035446,0.034001102864035446,0.034001102864035446,0.2624976352227827,0.2624976352227827,0.2624976352227827,0.48765476949347647,0.07328555449756462,0.10049115488574452,0.4545061728395062,0.04712598462517458,1660.0313169001602,1660.0313169001602,12.102064299979247,3323.2754678726196,,fixed_iterations,,0.027127603285800488,0.027127603285800488,0.07970005488283206,0.07970005488283206,0.062391324358891505,0.062391324358891505,0.3184357869659524,0.3184357869659524,138,0.07041642420298094,0.07041642420298094,0.05633791167714257,0.2815702505167675,0.05633791167714257,0.46936806492940186,0.02329043957780636,0.016439083626300227,0.03424315488773309,0.08210524173770785,0.33658058467766067,T015_035_015_035,7
139,2.491118918498886,525,175,False,projected_continuous_optimization_loss,139,700,4.824383469104844e-05,0.4881373378712642,0.047197074060354186,0.047197074060354186,0.047197074060354186,0.03409690481627836,0.03409690481627836,0.03409690481627836,0.03409690481627836,0.03409690481627836,0.2620033848815164,0.2620033848815164,0.2620033848815164,0.4881373378712642,0.07331396164993065,0.10053441950384409,0.45469135802469135,0.047197074060354186,1672.0161225001793,1672.0161225001793,11.984805600019172,3347.3253173828125,,fixed_iterations,,0.027060173164124384,0.027060173164124384,0.079691298383507,0.079691298383507,0.06241276211774397,0.06241276211774397,0.3189731042058888,0.3189731042058888,139,0.07009554498476696,0.07009554498476696,0.05595800554044715,0.28275078888639604,0.05595800554044715,0.46825683936095996,0.022898470924412773,0.016446744758425304,0.034288684183218586,0.08265108405949564,0.3348703263598204,T015_035_015_035,7
140,2.507649785878789,525,175,False,projected_continuous_optimization_loss,140,700,4.825856184700132e-05,0.4886345399487098,0.04726220860283774,0.04726220860283774,0.04726220860283774,0.034187476916164354,0.034187476916164354,0.034187476916164354,0.034187476916164354,0.034187476916164354,0.2614946337334676,0.2614946337334676,0.2614946337334676,0.4886345399487098,0.07334296371271412,0.10057845813996569,0.4549691358024691,0.04726220860283774,1684.0567680001259,1684.0567680001259,12.04064549994655,3371.378007173538,,fixed_iterations,,0.026996857065169865,0.026996857065169865,0.07969091269732863,0.07969091269732863,0.06243855114107658,0.06243855114107658,0.31950821904513477,0.31950821904513477,140,0.07035933078861556,0.07035933078861556,0.056333482770533225,0.2805169603616468,0.056333482770533225,0.4703614814218599,0.02309712218577782,0.016454749551742788,0.034429508625957984,0.0821039196048427,0.33737330363931645,T015_035_015_035,7
141,2.5242903507822834,525,175,False,projected_continuous_optimization_loss,141,700,4.827257670965531e-05,0.48915032585500484,0.04732159338672014,0.04732159338672014,0.04732159338672014,0.03427322390801774,0.03427322390801774,0.03427322390801774,0.03427322390801774,0.03427322390801774,0.26096738957404786,0.26096738957404786,0.26096738957404786,0.48915032585500484,0.07337222394980401,0.10062258042166167,0.45503086419753086,0.04732159338672014,1696.1044865001459,1696.1044865001459,12.047718500019982,3395.5384690761566,,fixed_iterations,,0.02693577711585335,0.02693577711585335,0.07970198484403353,0.07970198484403353,0.062466827916616424,0.062466827916616424,0.3200457359785015,0.3200457359785015,141,0.06976628265553522,0.06976628265553522,0.0556032590928008,0.2832604712546884,0.0556032590928008,0.4677777989836497,0.022444689268815085,0.016435654799935053,0.03457353527520114,0.08293427700553863,0.33383433190297485,T015_035_015_035,7
142,2.541041341153427,525,175,False,projected_continuous_optimization_loss,142,700,4.8285697931883574e-05,0.4896880901623064,0.047377162355076,0.047377162355076,0.047377162355076,0.03435625008896628,0.03435625008896628,0.03435625008896628,0.03435625008896628,0.03435625008896628,0.2604182453221943,0.2604182453221943,0.2604182453221943,0.4896880901623064,0.07340164436180871,0.10066666535563981,0.45515432098765435,0.047377162355076,1708.0533052000683,1708.0533052000683,11.948818699922413,3419.5603420734406,,fixed_iterations,,0.026873420418382175,0.026873420418382175,0.07972637620292669,0.07972637620292669,0.06249424319140331,0.06249424319140331,0.32059405034959426,0.32059405034959426,142,0.06992919619622437,0.06992919619622437,0.055762934485589055,0.2833252342127062,0.055762934485589055,0.4677169604311009,0.022552033841148372,0.016202289496360604,0.03458406523213428,0.08278045101674474,0.3341501546858613,T015_035_015_035,7
143,2.5579034897668587,525,175,False,projected_continuous_optimization_loss,143,700,4.829862961860039e-05,0.4902498436905644,0.04743187720698851,0.04743187720698851,0.04743187720698851,0.03443961611411381,0.03443961611411381,0.03443961611411381,0.03443961611411381,0.03443961611411381,0.259845221857494,0.259845221857494,0.259845221857494,0.4902498436905644,0.07343140833034426,0.10071107799682572,0.4554320987654321,0.04743187720698851,1720.0544951000484,1720.0544951000484,12.00118989998009,3443.6717920303345,,fixed_iterations,,0.026805834599157852,0.026805834599157852,0.07976422050944021,0.07976422050944021,0.06251712315474026,0.06251712315474026,0.3211626654272261,0.3211626654272261,143,0.07014112372141164,0.07014112372141164,0.055966670077820406,0.2834890728718246,0.055966670077820406,0.46756308085199005,0.02270924651442313,0.016103110624290744,0.03452428832163606,0.08241504737538927,0.33452063453067393,T015_035_015_035,7
144,2.5748775342598473,525,175,False,projected_continuous_optimization_loss,144,700,4.8312019223037686e-05,0.4908359793922671,0.04748876384175018,0.04748876384175018,0.04748876384175018,0.034526363847678584,0.034526363847678584,0.034526363847678584,0.034526363847678584,0.034526363847678584,0.2592479998814319,0.2592479998814319,0.2592479998814319,0.4908359793922671,0.07346192359713234,0.1007562386183398,0.4558333333333333,0.04748876384175018,1732.0698842001148,1732.0698842001148,12.015389100066386,3467.7517063617706,,fixed_iterations,,0.02672985252442263,0.02672985252442263,0.07981402749612691,0.07981402749612691,0.06253263466249617,0.06253263466249617,0.32175946470922134,0.32175946470922134,144,0.06986524547083953,0.06986524547083953,0.0556773010463282,0.28375888849022657,0.0556773010463282,0.4673097630984527,0.022376481629089347,0.015986933657461507,0.034696935311197157,0.08296083995970034,0.33366505417009373,T015_035_015_035,7
145,2.591964217164568,525,175,False,projected_continuous_optimization_loss,145,700,4.832568177705551e-05,0.4914456076355507,0.047549969122773234,0.047549969122773234,0.047549969122773234,0.03461859062311452,0.03461859062311452,0.03461859062311452,0.03461859062311452,0.03461859062311452,0.25862756999317427,0.25862756999317427,0.25862756999317427,0.4914456076355507,0.0734936851628884,0.1008026049662428,0.4559567901234568,0.047549969122773234,1744.0202169000404,1744.0202169000404,11.950332699925639,3491.7846324443817,,fixed_iterations,,0.02664396266088324,0.02664396266088324,0.07987339520690347,0.07987339520690347,0.06253956705449584,0.06253956705449584,0.32238868271326815,0.32238868271326815,145,0.06968685599871535,0.06968685599871535,0.05550984952364299,0.2835401295014472,0.05550984952364299,0.46751513683349905,0.02213688687594212,0.015859946547983974,0.034733367946218216,0.08361551871681415,0.3333063036224827,T015_035_015_035,7
146,2.6091642859405777,525,175,False,projected_continuous_optimization_loss,146,700,4.8338736592521444e-05,0.4920772582701596,0.04761611242994604,0.04761611242994604,0.04761611242994604,0.03471683685162813,0.03471683685162813,0.03471683685162813,0.03471683685162813,0.03471683685162813,0.2579855115663582,0.2579855115663582,0.2579855115663582,0.4920772582701596,0.07352710691685206,0.10085167554279192,0.45601851851851855,0.04761611242994604,1755.9983862000518,1755.9983862000518,11.97816930001136,3515.8287012577057,,fixed_iterations,,0.026548577842540937,0.026548577842540937,0.07994009835957039,0.07994009835957039,0.06253850275896362,0.06253850275896362,0.32305007930908464,0.32305007930908464,146,0.06935764414164047,0.06935764414164047,0.055213018548733506,0.2828925118581393,0.055213018548733506,0.4681235934372165,0.021741531711694434,0.015745827882809527,0.03408227874939661,0.08610795197170999,0.3321875348333004,T015_035_015_035,7
147,2.6264784930075185,525,175,False,projected_continuous_optimization_loss,147,700,4.835039408038421e-05,0.49272970049964404,0.047686128328421534,0.047686128328421534,0.047686128328421534,0.03481997049066249,0.03481997049066249,0.03481997049066249,0.03481997049066249,0.03481997049066249,0.25732315675518086,0.25732315675518086,0.25732315675518086,0.49272970049964404,0.07356238298903824,0.10090336633498975,0.456358024691358,0.047686128328421534,1768.004287900054,1768.004287900054,12.005901700002141,3539.933098077774,,fixed_iterations,,0.026445665387698075,0.026445665387698075,0.08001313768746827,0.08001313768746827,0.06253138784230719,0.06253138784230719,0.3237395095821705,0.3237395095821705,147,0.07018752281807468,0.07018752281807468,0.05615791133759565,0.28059222960958063,0.05615791133759565,0.47029042899945567,0.022501394489653145,0.01576423456573412,0.03379496633471959,0.0847546812104381,0.33597654688856393,T015_035_015_035,7
148,2.6439075957780265,525,175,False,projected_continuous_optimization_loss,148,700,4.8360497848777426e-05,0.49340264363687625,0.04775765212316318,0.04775765212316318,0.04775765212316318,0.03492560804945789,0.03492560804945789,0.03492560804945789,0.03492560804945789,0.03492560804945789,0.2566408814741057,0.2566408814741057,0.2566408814741057,0.49340264363687625,0.07359942976203403,0.10095722948162922,0.4566049382716049,0.04775765212316318,1780.0504863000242,1780.0504863000242,12.046198399970308,3564.035213470459,,fixed_iterations,,0.026337914283386967,0.026337914283386967,0.08009331443509857,0.08009331443509857,0.06252072479142494,0.06252072479142494,0.3244506901269658,0.3244506901269658,148,0.0698805434172425,0.0698805434172425,0.055885112173482576,0.27990862487519835,0.055885112173482576,0.4709360862096164,0.022122891294079315,0.015654577602075885,0.03399024377488486,0.08554567691894417,0.33574558791371156,T015_035_015_035,7
149,2.6614523566908703,525,175,False,projected_continuous_optimization_loss,149,700,4.8369289946775855e-05,0.49409709862834467,0.0478278195768445,0.0478278195768445,0.0478278195768445,0.03503093229603156,0.03503093229603156,0.03503093229603156,0.03503093229603156,0.03503093229603156,0.25593774561625887,0.25593774561625887,0.25593774561625887,0.49409709862834467,0.07363792999182113,0.10101296152410898,0.4570679012345679,0.0478278195768445,1792.0628881000448,1792.0628881000448,12.012401800020598,3588.161937236786,,fixed_iterations,,0.02622775762765523,0.02622775762765523,0.08018307786988761,0.08018307786988761,0.06250870629357705,0.06250870629357705,0.32517755683722477,0.32517755683722477,149,0.07011769890394148,0.07011769890394148,0.056134978022999035,0.27965441761884907,0.056134978022999035,0.47117638326295497,0.02228987932709698,0.015445517881239058,0.03391443345074935,0.0853742356212338,0.3364421963097327,T015_035_015_035,7
150,2.6791135432442994,525,175,False,projected_continuous_optimization_loss,150,700,4.837676497314848e-05,0.49481523838997044,0.047894199796509225,0.047894199796509225,0.047894199796509225,0.035133617628360106,0.035133617628360106,0.035133617628360106,0.035133617628360106,0.035133617628360106,0.2552116433629824,0.2552116433629824,0.2552116433629824,0.49481523838997044,0.07367746202835236,0.10107026596956525,0.4575617283950617,0.047894199796509225,1804.0956420999719,1804.0956420999719,12.032753999927081,3612.388355255127,,fixed_iterations,,0.026116593807344563,0.026116593807344563,0.08028570844706405,0.08028570844706405,0.06249657293941162,0.06249657293941162,0.32591636319615025,0.32591636319615025,150,0.06958465956458554,0.06958465956458554,0.05546945948243555,0.2823040016429999,0.05546945948243555,0.4686771210996087,0.021690459768076313,0.015153023388309681,0.03420398605529654,0.08620828017020409,0.33311183148579837,T015_035_015_035,7
151,2.6968919280296233,525,175,False,projected_continuous_optimization_loss,151,700,4.838240487975216e-05,0.4955597595755308,0.0479555282216028,0.0479555282216028,0.0479555282216028,0.03523253041362799,0.03523253041362799,0.03523253041362799,0.03523253041362799,0.03523253041362799,0.2544599561594963,0.2544599561594963,0.2544599561594963,0.4955597595755308,0.07371766436937016,0.10112832810290086,0.45774691358024694,0.0479555282216028,1816.1271091999952,1816.1271091999952,12.031467100023292,3636.5761020183563,,fixed_iterations,,0.026004453735918837,0.026004453735918837,0.08040418747517886,0.08040418747517886,0.062484357388271156,0.062484357388271156,0.32666676097616193,0.32666676097616193,151,0.06931200861785214,0.06931200861785214,0.05515128355188868,0.283214501319269,0.05515128355188868,0.4678209875246216,0.021356480396249336,0.01535531200021045,0.03421174006107607,0.0864906257364648,0.33176330972687024,T015_035_015_035,7
152,2.7147882887650043,525,175,False,projected_continuous_optimization_loss,152,700,4.8385587319355617e-05,0.4963329916294156,0.04801198823730866,0.04801198823730866,0.04801198823730866,0.03532796547125994,0.03532796547125994,0.03532796547125994,0.03532796547125994,0.03532796547125994,0.2536804553209744,0.2536804553209744,0.2536804553209744,0.4963329916294156,0.07375837191893311,0.10118716548350389,0.4580864197530864,0.04801198823730866,1828.172015799908,1828.172015799908,12.044906599912792,3660.7253448963165,,fixed_iterations,,0.02589018359565395,0.02589018359565395,0.08054022211328768,0.08054022211328768,0.06247103862815844,0.06247103862815844,0.3274315472923155,0.3274315472923155,152,0.06900067235405909,0.06900067235405909,0.05478813174707528,0.2842508121396761,0.05478813174707528,0.46684822785657354,0.02098868411675043,0.015290965164916345,0.034772367240994945,0.08616696689230027,0.330617928558362,T015_035_015_035,7
153,2.732803408329481,525,175,False,projected_continuous_optimization_loss,153,700,4.8386142399855444e-05,0.49713616969614755,0.048064970643164895,0.048064970643164895,0.048064970643164895,0.0354213690517718,0.0354213690517718,0.0354213690517718,0.0354213690517718,0.0354213690517718,0.2528720318278618,0.2528720318278618,0.2528720318278618,0.49713616969614755,0.07379967140847342,0.10124547895856478,0.4586728395061728,0.048064970643164895,1840.183709899895,1840.183709899895,12.011694099986926,3684.8738527297974,,fixed_iterations,,0.02577202288072695,0.02577202288072695,0.0806938008217197,0.0806938008217197,0.062455013779500065,0.062455013779500065,0.3282153322142008,0.3282153322142008,153,0.06811325541386147,0.06811325541386147,0.053737158205511136,0.28752194416700666,0.053737158205511136,0.4637892726110315,0.020048284770696576,0.015422067152447372,0.034790651141550416,0.0878344083999777,0.325742145917056,T015_035_015_035,7
154,2.7509380747972156,525,175,False,projected_continuous_optimization_loss,154,700,4.838437310132629e-05,0.49796923160477574,0.04811643447093318,0.04811643447093318,0.04811643447093318,0.03551468985015821,0.03551468985015821,0.03551468985015821,0.03551468985015821,0.03551468985015821,0.25203489241549937,0.25203489241549937,0.25203489241549937,0.49796923160477574,0.07384185547632797,0.10130424107631887,0.45901234567901233,0.04811643447093318,1852.2095234999433,1852.2095234999433,12.025813600048423,3708.988339662552,,fixed_iterations,,0.025648329192867313,0.025648329192867313,0.08086342004705394,0.08086342004705394,0.06243471451004151,0.06243471451004151,0.329022767854813,0.329022767854813,154,0.06826045215904752,0.06826045215904752,0.05389407090391419,0.28732762510266674,0.05389407090391419,0.46397049978320526,0.020144017688114343,0.015502564825738772,0.0345264943056085,0.08784906755268306,0.32609237309917494,T015_035_015_035,7
155,2.7691930814719674,525,175,False,projected_continuous_optimization_loss,155,700,4.838053686098279e-05,0.4988312162683356,0.04816811780367602,0.04816811780367602,0.04816811780367602,0.03560961031432223,0.03560961031432223,0.03560961031432223,0.03560961031432223,0.03560961031432223,0.2511701497870758,0.2511701497870758,0.2511701497870758,0.4988312162683356,0.07388529524517629,0.10136494029464958,0.45925925925925926,0.04816811780367602,1864.2363618999952,1864.2363618999952,12.026838400051929,3733.151814222336,,fixed_iterations,,0.025518178614697882,0.025518178614697882,0.08104686598533295,0.08104686598533295,0.06240915975294042,0.06240915975294042,0.3298570119153644,0.3298570119153644,155,0.06829292811716421,0.06829292811716421,0.05380157981236586,0.2898269660959671,0.05380157981236586,0.46164420120521865,0.020124810313488194,0.015149219394166748,0.034903850834345315,0.08699223087276736,0.3245989001039392,T015_035_015_035,7
156,2.7875692269217973,525,175,False,projected_continuous_optimization_loss,156,700,4.837445130151059e-05,0.49972101261589785,0.04822087000456387,0.04822087000456387,0.04822087000456387,0.035706916743660735,0.035706916743660735,0.035706916743660735,0.035706916743660735,0.035706916743660735,0.25027906521806265,0.25027906521806265,0.25027906521806265,0.49972101261589785,0.07393028370567549,0.10142793868469513,0.4596604938271605,0.04822087000456387,1876.1897100999486,1876.1897100999486,11.953348199953325,3757.121427297592,,fixed_iterations,,0.025381650205657903,0.025381650205657903,0.08124224510463707,0.08124224510463707,0.062378263281096705,0.062378263281096705,0.3307188540245062,0.3307188540245062,156,0.0673489120249862,0.0673489120249862,0.05270461265208215,0.29288598745808103,0.05270461265208215,0.4588105807962603,0.019128042020422335,0.0152055215747995,0.035240605864756844,0.08837254267268395,0.31999191068402,T015_035_015_035,7
157,2.8060673150139985,525,175,False,projected_continuous_optimization_loss,157,700,4.836569688890969e-05,0.5006380512470243,0.04827431522608181,0.04827431522608181,0.04827431522608181,0.03580619743296334,0.03580619743296334,0.03580619743296334,0.03580619743296334,0.03580619743296334,0.24936235586236952,0.24936235586236952,0.24936235586236952,0.5006380512470243,0.07397691362517048,0.1014934105365946,0.46003086419753086,0.04827431522608181,1888.2149821999483,1888.2149821999483,12.025272099999711,3781.2428045272827,,fixed_iterations,,0.025239740562912064,0.025239740562912064,0.08144887197265635,0.08144887197265635,0.0623428098967847,0.0623428098967847,0.33160662881467123,0.33160662881467123,157,0.06697147446161496,0.06697147446161496,0.052301318640783606,0.2934031164166269,0.052301318640783606,0.4583330207437166,0.018697159235533146,0.015283984883793744,0.035434430997290885,0.08888502511732599,0.318729579745306,T015_035_015_035,7
158,2.8246881549502665,525,175,False,projected_continuous_optimization_loss,158,700,4.83541068321782e-05,0.5015826229395711,0.04832694640221129,0.04832694640221129,0.04832694640221129,0.0359059523144214,0.0359059523144214,0.0359059523144214,0.0359059523144214,0.0359059523144214,0.24841988175579774,0.24841988175579774,0.24841988175579774,0.5015826229395711,0.0740250391573727,0.10156095378011287,0.4604938271604938,0.04832694640221129,1900.3152807998704,1900.3152807998704,12.100298599922098,3805.4607622623444,,fixed_iterations,,0.0250939903498792,0.0250939903498792,0.08166765865053903,0.08166765865053903,0.06230414649089275,0.06230414649089275,0.3325168274482601,0.3325168274482601,158,0.06708026998557706,0.06708026998557706,0.05220443507145379,0.29751669828246535,0.05220443507145379,0.4545490871925638,0.018753323583365775,0.014931124725738164,0.0365636297374565,0.08590587130595732,0.31714846142341185,T015_035_015_035,7
159,2.8434325613020928,525,175,False,projected_continuous_optimization_loss,159,700,4.833989192776987e-05,0.5025557467969114,0.048376613916925104,0.048376613916925104,0.048376613916925104,0.03600407466468618,0.03600407466468618,0.03600407466468618,0.03600407466468618,0.03600407466468618,0.24745078504477852,0.24745078504477852,0.24745078504477852,0.5025557467969114,0.07407433537834177,0.10162916868082504,0.46077160493827163,0.048376613916925104,1912.31126509991,1912.31126509991,11.995984300039709,3829.568529844284,,fixed_iterations,,0.024945992820450246,0.024945992820450246,0.08190081910340759,0.08190081910340759,0.06226374058649014,0.06226374058649014,0.33344519428656344,0.33344519428656344,159,0.06713722246696577,0.06713722246696577,0.05223559184993859,0.2980326123405435,0.05223559184993859,0.45407636766618764,0.018760608550040664,0.015047811285973831,0.03620031430168975,0.08617719496613288,0.31665104711239117,T015_035_015_035,7
160,2.862301354046401,525,175,False,projected_continuous_optimization_loss,160,700,4.832327833152553e-05,0.5035587255860844,0.04842123626207628,0.04842123626207628,0.04842123626207628,0.036098539314990644,0.036098539314990644,0.036098539314990644,0.036098539314990644,0.036098539314990644,0.24645393894171266,0.24645393894171266,0.24645393894171266,0.5035587255860844,0.07412442880784875,0.10169940668273696,0.4611728395061728,0.04842123626207628,1924.3532347998116,1924.3532347998116,12.041969699901529,3853.7356288433075,,fixed_iterations,,0.02479697289166513,0.02479697289166513,0.08215098172171585,0.08215098172171585,0.06222278507223484,0.06222278507223484,0.33438798590046853,0.33438798590046853,160,0.0673262361989345,0.0673262361989345,0.05242117860948507,0.2981011517889887,0.05242117860948507,0.4540135974321441,0.01890499993685823,0.014883006708285752,0.03618024162148156,0.08589431498664586,0.31705603411573097,T015_035_015_035,7
161,2.8812953586014185,525,175,False,projected_continuous_optimization_loss,161,700,4.8304195033488285e-05,0.5045926171794265,0.048459464605775174,0.048459464605775174,0.048459464605775174,0.036188040858118664,0.036188040858118664,0.036188040858118664,0.036188040858118664,0.036188040858118664,0.24542847495313017,0.24542847495313017,0.24542847495313017,0.5045926171794265,0.07417504202195294,0.10177115454111306,0.46154320987654324,0.048459464605775174,1936.3660638998263,1936.3660638998263,12.012829100014642,3877.8493587970734,,fixed_iterations,,0.02464757588643316,0.02464757588643316,0.08242008895755344,0.08242008895755344,0.06218197086485422,0.06218197086485422,0.3353429814705857,0.3353429814705857,161,0.06721919570588672,0.06721919570588672,0.05225498401836217,0.29928423375049096,0.05225498401836217,0.45293123489775905,0.018759731100111546,0.014906164306802992,0.03649676037332029,0.08528340970760898,0.3162449005100268,T015_035_015_035,7
162,2.9004154058627796,525,175,False,projected_continuous_optimization_loss,162,700,4.828243878214601e-05,0.5056578328662912,0.048491036774387014,0.048491036774387014,0.048491036774387014,0.03627232786406443,0.03627232786406443,0.03627232786406443,0.03627232786406443,0.03627232786406443,0.24437417820645171,0.24437417820645171,0.24437417820645171,0.5056578328662912,0.07422609004105293,0.10184354088576945,0.4618827160493827,0.048491036774387014,1948.3979048999026,1948.3979048999026,12.031841000076383,3901.9607105255127,,fixed_iterations,,0.024497909508867592,0.024497909508867592,0.08270859382137244,0.08270859382137244,0.06214145818695822,0.06214145818695822,0.3363098713490929,0.3363098713490929,162,0.06723635661327797,0.06723635661327797,0.05233904811638392,0.29794616993788087,0.05233904811638392,0.4541555441905809,0.018745319838890953,0.014826616031826513,0.03694548113847792,0.08475339672175819,0.3176300502985183,T015_035_015_035,7
163,2.919662332239878,525,175,False,projected_continuous_optimization_loss,163,700,4.825805543352276e-05,0.5067540061923875,0.048516682709276455,0.048516682709276455,0.048516682709276455,0.03635210218891349,0.03635210218891349,0.03635210218891349,0.03635210218891349,0.03635210218891349,0.24329161040725927,0.24329161040725927,0.24329161040725927,0.5067540061923875,0.07427768818696381,0.10191661567914227,0.4624691358024691,0.048516682709276455,1960.4641689999262,1960.4641689999262,12.066264100023545,3926.109197616577,,fixed_iterations,,0.02434777968387174,0.02434777968387174,0.08301533184488907,0.08301533184488907,0.06210100934777993,0.06210100934777993,0.3372898853158468,0.3372898853158468,163,0.06759672320432265,0.06759672320432265,0.052702691504457375,0.29788063399730563,0.052702691504457375,0.45421557919146716,0.019080040495046198,0.014684444012595341,0.036582120832242424,0.08465311071175927,0.31829590363487015,T015_035_015_035,7
164,2.9390369796924523,525,175,False,projected_continuous_optimization_loss,164,700,4.823139507816822e-05,0.507880185371159,0.04853764202677511,0.04853764202677511,0.04853764202677511,0.036428546429258864,0.036428546429258864,0.036428546429258864,0.036428546429258864,0.036428546429258864,0.24218191195032485,0.24218191195032485,0.24218191195032485,0.507880185371159,0.07433007100776728,0.10199098847912376,0.46280864197530863,0.04853764202677511,1972.5040748999454,1972.5040748999454,12.039905900019221,3950.176624059677,,fixed_iterations,,0.024196994482797433,0.024196994482797433,0.08333810806686903,0.08333810806686903,0.062060221610403546,0.062060221610403546,0.33828486121108897,0.33828486121108897,164,0.06700350007752998,0.06700350007752998,0.052134995794476655,0.29737008566106626,0.052134995794476655,0.454683499551805,0.018465858050754867,0.014651345687440264,0.036410651510310976,0.0868958711289165,0.31672563122513725,T015_035_015_035,7
165,2.958540195767421,525,175,False,projected_continuous_optimization_loss,165,700,4.820279398234814e-05,0.5090352761287327,0.048555019197471315,0.048555019197471315,0.048555019197471315,0.036502701193171824,0.036502701193171824,0.036502701193171824,0.036502701193171824,0.036502701193171824,0.24104636008598979,0.24104636008598979,0.24104636008598979,0.5090352761287327,0.07438346160857648,0.10206602500678602,0.46327160493827163,0.048555019197471315,1984.5151330999797,1984.5151330999797,12.011058200034313,3974.3391530513763,,fixed_iterations,,0.024045607600452185,0.024045607600452185,0.08367468866645228,0.08367468866645228,0.062018796646726104,0.062018796646726104,0.33929618321510213,0.33929618321510213,165,0.06635239178110257,0.06635239178110257,0.051356089645093556,0.2999260427201803,0.051356089645093556,0.452344960107021,0.017797372583631253,0.014394385734759652,0.03606731233285522,0.0894033842617474,0.31247987777765873,T015_035_015_035,7
166,2.978172833635955,525,175,False,projected_continuous_optimization_loss,166,700,4.817235602169079e-05,0.5102185209256307,0.04856924816858382,0.04856924816858382,0.04856924816858382,0.03657495330636998,0.03657495330636998,0.03657495330636998,0.03657495330636998,0.03657495330636998,0.23988589724427686,0.23988589724427686,0.23988589724427686,0.5102185209256307,0.07443795206911279,0.10214159586539107,0.4636111111111111,0.04856924816858382,1996.56378029997,1996.56378029997,12.048647199990228,3998.425029039383,,fixed_iterations,,0.023894026793264918,0.023894026793264918,0.08402372239187793,0.08402372239187793,0.06197677736278846,0.06197677736278846,0.3403239943776994,0.3403239943776994,166,0.06597741194417359,0.06597741194417359,0.050975894471992134,0.3000303494436289,0.050975894471992134,0.45224973807068886,0.017408163775589763,0.014236418731174089,0.03621600410205659,0.09048373207718659,0.31131358316027163,T015_035_015_035,7
167,2.997935752130802,525,175,False,projected_continuous_optimization_loss,167,700,4.814010908222092e-05,0.5114297389828979,0.04857986159632971,0.04857986159632971,0.04857986159632971,0.036644816598813745,0.036644816598813745,0.036644816598813745,0.036644816598813745,0.036644816598813745,0.2387008999503193,0.2387008999503193,0.2387008999503193,0.5114297389828979,0.07449344886527337,0.10221860484796463,0.4640432098765432,0.04857986159632971,2008.5252993999748,2008.5252993999748,11.961519100004807,4022.4754779338837,,fixed_iterations,,0.02374298637932274,0.02374298637932274,0.08438519556070315,0.08438519556070315,0.061934678089586546,0.061934678089586546,0.34136687895328544,0.34136687895328544,167,0.06562814399625637,0.06562814399625637,0.05065909942494279,0.29938089142627167,0.05065909942494279,0.4528429005977611,0.01704828239992666,0.014111955347139583,0.03650440743886444,0.09132101472755855,0.3109055230841985,T015_035_015_035,7
168,3.017829815783856,525,175,False,projected_continuous_optimization_loss,168,700,4.810624493286768e-05,0.5126691655160747,0.04858562296438879,0.04858562296438879,0.04858562296438879,0.03671105585244884,0.03671105585244884,0.03671105585244884,0.03671105585244884,0.03671105585244884,0.23749134223879903,0.23749134223879903,0.23749134223879903,0.5126691655160747,0.07454970575942586,0.10229710843229627,0.4641975308641975,0.04858562296438879,2020.4824988999171,2020.4824988999171,11.957199499942362,4046.516413450241,,fixed_iterations,,0.023593434441622603,0.023593434441622603,0.08476025892756624,0.08476025892756624,0.061893457382794295,0.061893457382794295,0.34242201476409145,0.34242201476409145,168,0.06582913755059022,0.06582913755059022,0.0508093130550204,0.3003964899113964,0.0508093130550204,0.4519156178913721,0.01724351458620143,0.01416005456006531,0.03556574737033793,0.09238162343795728,0.30980819252301156,T015_035_015_035,7
169,3.037855894863975,525,175,False,projected_continuous_optimization_loss,169,700,4.8071071536537735e-05,0.5139369869336976,0.04858494909740852,0.04858494909740852,0.04858494909740852,0.036772086463853895,0.036772086463853895,0.036772086463853895,0.036772086463853895,0.036772086463853895,0.23625725267109246,0.23625725267109246,0.23625725267109246,0.5139369869336976,0.07460642536919894,0.10237702304434183,0.464537037037037,0.04858494909740852,2032.4939353999216,2032.4939353999216,12.011436500004493,4070.589352607727,,fixed_iterations,,0.02344639494251176,0.02344639494251176,0.08515052817034695,0.08515052817034695,0.061854342034223894,0.061854342034223894,0.34348572178661496,0.34348572178661496,169,0.06557060806478988,0.06557060806478988,0.05036608621624326,0.30409043697093263,0.05036608621624326,0.4485560436717683,0.016985658967381363,0.014390772905190922,0.035149705986906296,0.0929078759636245,0.3061076888160466,T015_035_015_035,7
170,3.0580148654150534,525,175,False,projected_continuous_optimization_loss,170,700,4.8034781285015336e-05,0.5152328847853803,0.04857645615724165,0.04857645615724165,0.04857645615724165,0.03682649835756643,0.03682649835756643,0.03682649835756643,0.03682649835756643,0.03682649835756643,0.23499915599350435,0.23499915599350435,0.23499915599350435,0.5152328847853803,0.07466337897701256,0.10245847460509588,0.4648148148148148,0.04857645615724165,2044.5221177999629,2044.5221177999629,12.02818240004126,4094.7004203796387,,fixed_iterations,,0.02330284322476914,0.02330284322476914,0.08555716883060363,0.08555716883060363,0.0618185733995704,0.0618185733995704,0.34455429933043713,0.34455429933043713,170,0.06579996890363962,0.06579996890363962,0.050594309434607854,0.30411318938063525,0.050594309434607854,0.4485354142099102,0.017223512746397975,0.014187587657305056,0.0351381355659355,0.09251531156287367,0.306694379423796,T015_035_015_035,7
171,3.0783076092943413,525,175,False,projected_continuous_optimization_loss,171,700,4.799740628283784e-05,0.5165558860458997,0.04855941566668531,0.04855941566668531,0.04855941566668531,0.03687350510084205,0.03687350510084205,0.03687350510084205,0.03687350510084205,0.03687350510084205,0.23371821131686518,0.23371821131686518,0.23371821131686518,0.5165558860458997,0.07472048704745284,0.1025421205114912,0.4653395061728395,0.04855941566668531,2056.487892200006,2056.487892200006,11.965774400043301,4118.816079854965,,fixed_iterations,,0.023163607157074904,0.023163607157074904,0.0859801789744869,0.0859801789744869,0.06178716944311644,0.06178716944311644,0.34562493047122145,0.34562493047122145,171,0.06614919585979921,0.06614919585979921,0.05101973789760396,0.30258915924390495,0.05101973789760396,0.44991895211350447,0.0175897801931139,0.013482170255315683,0.03531275597161989,0.09250378513581758,0.30862024075075134,T015_035_015_035,7
172,3.098735014211026,525,175,False,projected_continuous_optimization_loss,172,700,4.7959014229613174e-05,0.517904578839424,0.048533931046035206,0.048533931046035206,0.048533931046035206,0.03691313129083555,0.03691313129083555,0.03691313129083555,0.03691313129083555,0.03691313129083555,0.23241599510399305,0.23241599510399305,0.23241599510399305,0.517904578839424,0.07477782373473535,0.10262470642597941,0.46546296296296297,0.048533931046035206,2068.5471618999727,2068.5471618999727,12.059269699966535,4142.986796140671,,fixed_iterations,,0.023029295723397902,0.023029295723397902,0.08641822030181874,0.08641822030181874,0.06176077268313695,0.06176077268313695,0.34669629013107045,0.34669629013107045,172,0.06649050547359403,0.06649050547359403,0.051575211788770045,0.29830587369647976,0.051575211788770045,0.4538261506658528,0.017956574427558825,0.013828471715740446,0.03570612571542263,0.0909852302534439,0.31330632298124583,T015_035_015_035,7
173,3.1192979737650606,525,175,False,projected_continuous_optimization_loss,173,700,4.791983607742041e-05,0.5192775042777764,0.048500757419666675,0.048500757419666675,0.048500757419666675,0.03694605152499651,0.03694605152499651,0.03694605152499651,0.03694605152499651,0.03694605152499651,0.23109411789340328,0.23109411789340328,0.23109411789340328,0.5192775042777764,0.07483554714658525,0.1027081721102143,0.46574074074074073,0.048500757419666675,2080.5471645999933,2080.5471645999933,12.00000270002056,4167.08162355423,,fixed_iterations,,0.022900263426086462,0.022900263426086462,0.08686909676118093,0.08686909676118093,0.061739620307397554,0.061739620307397554,0.3477685237831115,0.3477685237831115,173,0.06674578813636953,0.06674578813636953,0.051871215702545076,0.2974914486764891,0.051871215702545076,0.454572233309956,0.018245030716702852,0.013847469443801823,0.035552080662203105,0.09066411500804254,0.31450856819590856,T015_035_015_035,7
174,3.1399973874862583,525,175,False,projected_continuous_optimization_loss,174,700,4.788015751104517e-05,0.5206734744530753,0.04846085374060278,0.04846085374060278,0.04846085374060278,0.03697315783595845,0.03697315783595845,0.03697315783595845,0.03697315783595845,0.03697315783595845,0.22975391809288664,0.22975391809288664,0.22975391809288664,0.5206734744530753,0.07489379397051382,0.1027919268850404,0.46641975308641975,0.04846085374060278,2092.571964200004,2092.571964200004,12.024799600010738,4191.2026171684265,,fixed_iterations,,0.022776629045150404,0.022776629045150404,0.08733063524363817,0.08733063524363817,0.06172365256093436,0.06172365256093436,0.34884255760335237,0.34884255760335237,174,0.06592992701414493,0.06592992701414493,0.05098597917208146,0.2988789568412695,0.05098597917208146,0.4533017680280377,0.017469073273542156,0.01385594565450351,0.036383916181826195,0.09114293720035248,0.31191896899135546,T015_035_015_035,7
175,3.160834160873638,525,175,False,projected_continuous_optimization_loss,175,700,4.7840170753534145e-05,0.5220916793221992,0.04841488482877557,0.04841488482877557,0.04841488482877557,0.036995066680121785,0.036995066680121785,0.036995066680121785,0.036995066680121785,0.036995066680121785,0.22839636297307564,0.22839636297307564,0.22839636297307564,0.5220916793221992,0.07495259345177652,0.10287639715636177,0.4667901234567901,0.04841488482877557,2104.62567530002,2104.62567530002,12.05371110001579,4215.354367256165,,fixed_iterations,,0.022658365338202154,0.022658365338202154,0.08780149447704678,0.08780149447704678,0.061712749498771716,0.061712749498771716,0.34991907000817857,0.34991907000817857,175,0.06635966399416056,0.06635966399416056,0.05149546221411688,0.2972840356008734,0.05149546221411688,0.4547624044502494,0.01794477916538499,0.013734629407737349,0.03670062535172638,0.08968763754179261,0.31463951214899305,T015_035_015_035,7
176,3.181809205435041,525,175,False,projected_continuous_optimization_loss,176,700,4.779999290507919e-05,0.5235315729090526,0.04836290046002525,0.04836290046002525,0.04836290046002525,0.037011792359299175,0.037011792359299175,0.037011792359299175,0.037011792359299175,0.037011792359299175,0.22702216201452144,0.22702216201452144,0.22702216201452144,0.5235315729090526,0.07501184335159328,0.10296177009604693,0.4670061728395062,0.04836290046002525,2116.669371200027,2116.669371200027,12.043695900007151,4239.484329462051,,fixed_iterations,,0.022545453644712714,0.022545453644712714,0.08828148228512442,0.08828148228512442,0.06170702768171312,0.06170702768171312,0.35099760929750234,0.35099760929750234,176,0.06579423272292309,0.06579423272292309,0.05093169204492175,0.2972508135600267,0.05093169204492175,0.4547928709563431,0.017431332262897843,0.013864420564939778,0.03702076382829737,0.09058316839850437,0.3133245181646016,T015_035_015_035,7
177,3.202923438727001,525,175,False,projected_continuous_optimization_loss,177,700,4.7759762004207754e-05,0.524992593712804,0.048304312342979654,0.048304312342979654,0.048304312342979654,0.03702271054159519,0.03702271054159519,0.03702271054159519,0.03702271054159519,0.03702271054159519,0.22563203602768925,0.22563203602768925,0.22563203602768925,0.524992593712804,0.07507135640818814,0.10304834924373249,0.4671604938271605,0.048304312342979654,2128.622321699979,2128.622321699979,11.95295049995184,4263.50434589386,,fixed_iterations,,0.02243805802025484,0.02243805802025484,0.08877126274806704,0.08877126274806704,0.06170706448580495,0.06170706448580495,0.3520762084586772,0.3520762084586772,177,0.06542744903426811,0.06542744903426811,0.05053058601245448,0.29793726043627267,0.05053058601245448,0.4541637054608107,0.01712313669128846,0.01406282503144482,0.03748227185912379,0.09029845951616865,0.3123201490540734,T015_035_015_035,7
178,3.224177784394884,525,175,False,projected_continuous_optimization_loss,178,700,4.771962800526062e-05,0.5264738350144375,0.04823814750462912,0.04823814750462912,0.04823814750462912,0.03702679605833241,0.03702679605833241,0.03702679605833241,0.03702679605833241,0.03702679605833241,0.2242270289259342,0.2242270289259342,0.2242270289259342,0.5264738350144375,0.07513094857491788,0.10313624562868627,0.46762345679012346,0.04823814750462912,2140.607830299996,2140.607830299996,11.985508600017056,4287.565093994141,,fixed_iterations,,0.022336637688377865,0.022336637688377865,0.08927166863185697,0.08927166863185697,0.061713919598571164,0.061713919598571164,0.3531516090956315,0.3531516090956315,178,0.06588732448918845,0.06588732448918845,0.051004757078416306,0.2976513482154429,0.051004757078416306,0.4544256712276109,0.017649176984559332,0.013692187929696047,0.03707831916955219,0.0903527300348446,0.3133024340935181,T015_035_015_035,7
179,3.2455731722132937,525,175,False,projected_continuous_optimization_loss,179,700,4.7679667434262354e-05,0.5279738598932767,0.048163454320913485,0.048163454320913485,0.048163454320913485,0.03702302047371088,0.03702302047371088,0.03702302047371088,0.03702302047371088,0.03702302047371088,0.22280867694405207,0.22280867694405207,0.22280867694405207,0.5279738598932767,0.07519051987076641,0.1032247632253026,0.46824074074074074,0.048163454320913485,2152.621066199965,2152.621066199965,12.013235899969004,4311.669083118439,,fixed_iterations,,0.022241916247629976,0.022241916247629976,0.08978299811956253,0.08978299811956253,0.06172892122406474,0.06172892122406474,0.3542200243020194,0.3542200243020194,179,0.06612758893466597,0.06612758893466597,0.05131630219211511,0.29622573485101705,0.05131630219211511,0.45573376473363975,0.017964134613752486,0.013536566922384582,0.03727737738068782,0.08975726351678981,0.31516255691377754,T015_035_015_035,7
180,3.2671105381267433,525,175,False,projected_continuous_optimization_loss,180,700,4.763987846381851e-05,0.5294908324495184,0.04807969346932022,0.04807969346932022,0.04807969346932022,0.037010749631867866,0.037010749631867866,0.037010749631867866,0.037010749631867866,0.037010749631867866,0.22137887674904713,0.22137887674904713,0.22137887674904713,0.5294908324495184,0.07525008544233777,0.10331356928684782,0.46858024691358025,0.04807969346932022,2164.638051499962,2164.638051499962,12.016985299997032,4335.746822595596,,fixed_iterations,,0.022154682784295013,0.022154682784295013,0.0903046284489204,0.0903046284489204,0.06175331639227329,0.06175331639227329,0.3552782048240297,0.3552782048240297,180,0.06723476142940606,0.06723476142940606,0.05246672211118192,0.2953607863644828,0.05246672211118192,0.45652894615767914,0.019155067960085835,0.013286843511246932,0.03667557636194358,0.08819624817690903,0.3183702781075796,T015_035_015_035,7
181,3.2887908242906017,525,175,False,projected_continuous_optimization_loss,181,700,4.760027089526944e-05,0.5310229244371104,0.047986949896751,0.047986949896751,0.047986949896751,0.03698997502657499,0.03698997502657499,0.03698997502657499,0.03698997502657499,0.03698997502657499,0.21993949740352026,0.21993949740352026,0.21993949740352026,0.5310229244371104,0.0753097438061784,0.10340331942439256,0.4687962962962963,0.047986949896751,2176.6589401999954,2176.6589401999954,12.020888700033538,4359.857404708862,,fixed_iterations,,0.022075496912047677,0.022075496912047677,0.0908351063882889,0.0908351063882889,0.061787954884978964,0.061787954884978964,0.35632436625179487,0.35632436625179487,181,0.06673466976565434,0.06673466976565434,0.05201606253382984,0.29437214463649003,0.05201606253382984,0.4574392710152254,0.01874771986890334,0.013207849300862122,0.03782115466521944,0.08772052950833412,0.3186897375408097,T015_035_015_035,7
182,3.310614979112303,525,175,False,projected_continuous_optimization_loss,182,700,4.756092113699658e-05,0.5325687111799008,0.04788586228189858,0.04788586228189858,0.04788586228189858,0.03696126179349764,0.03696126179349764,0.03696126179349764,0.03696126179349764,0.03696126179349764,0.2184920097680189,0.2184920097680189,0.2184920097680189,0.5325687111799008,0.07536960440765984,0.10349334197382265,0.46882716049382717,0.04788586228189858,2188.664730099961,2188.664730099961,12.005789899965748,4383.939512968063,,fixed_iterations,,0.02200444878864656,0.02200444878864656,0.09137265772281283,0.09137265772281283,0.061833151948061355,0.061833151948061355,0.3573584527203801,0.3573584527203801,182,0.06608452220561978,0.06608452220561978,0.05116407666760585,0.2984089107602784,0.05116407666760585,0.45373183255814875,0.018198659923721196,0.012810974411661215,0.038548910320931294,0.087924257420706,0.3144476904048502,T015_035_015_035,7
183,3.33258395729284,525,175,False,projected_continuous_optimization_loss,183,700,4.752193262837297e-05,0.5341272611684168,0.04777729216579965,0.04777729216579965,0.04777729216579965,0.03692542172647762,0.03692542172647762,0.03692542172647762,0.03692542172647762,0.03692542172647762,0.21703740878644054,0.21703740878644054,0.21703740878644054,0.5341272611684168,0.07542971788531003,0.1035829741094892,0.4693827160493827,0.04777729216579965,2200.8978311999235,2200.8978311999235,12.233101099962369,4408.42538690567,,fixed_iterations,,0.02194112408121675,0.02194112408121675,0.09191584950576062,0.09191584950576062,0.061888795718654147,0.061888795718654147,0.3583814918627853,0.3583814918627853,183,0.0658208535300727,0.0658208535300727,0.0508256894400602,0.29990328180025017,0.0508256894400602,0.4523657408449959,0.018043561364273056,0.012658570253175612,0.03899489734216628,0.08771951287027648,0.3129927603793775,T015_035_015_035,7
184,3.3546987198685247,525,175,False,projected_continuous_optimization_loss,184,700,4.748337565742251e-05,0.5356978829352032,0.04766189583600296,0.04766189583600296,0.04766189583600296,0.036883073040460346,0.036883073040460346,0.036883073040460346,0.036883073040460346,0.036883073040460346,0.21557645591085223,0.21557645591085223,0.21557645591085223,0.5356978829352032,0.07549004812081854,0.10367393585177002,0.4699382716049383,0.04766189583600296,2212.914658799884,2212.914658799884,12.01682759996038,4432.6049020290375,,fixed_iterations,,0.0218848255154201,0.0218848255154201,0.09246403608887363,0.09246403608887363,0.061954669910602105,0.061954669910602105,0.3593943514203074,0.3593943514203074,184,0.06590720346172828,0.06590720346172828,0.05099420688200258,0.29825993159451386,0.05099420688200258,0.4538682104157332,0.01824530762572532,0.012574970221208988,0.03931269777207186,0.08731388986253061,0.31466665255992177,T015_035_015_035,7
185,3.37696023425303,525,175,False,projected_continuous_optimization_loss,185,700,4.744527618234104e-05,0.5372797497606605,0.04753982015551333,0.04753982015551333,0.04753982015551333,0.03683431865643549,0.03683431865643549,0.03683431865643549,0.03683431865643549,0.03683431865643549,0.21411002998155684,0.21411002998155684,0.21411002998155684,0.5372797497606605,0.07555049848174025,0.10376380821455347,0.4704012345679012,0.04753982015551333,2224.8810490999604,2224.8810490999604,11.966390300076455,4456.6676778793335,,fixed_iterations,,0.021834954696783336,0.021834954696783336,0.09301733492256178,0.09301733492256178,0.06203085885063934,0.06203085885063934,0.36039660129067613,0.36039660129067613,185,0.06502259928861218,0.06502259928861218,0.05010672585197256,0.29831746873279225,0.05010672585197256,0.45381553598368224,0.01748277913309885,0.012880972667454913,0.0408008493408397,0.08650992623267631,0.3136237877427114,T015_035_015_035,7
186,3.399369474279709,525,175,False,projected_continuous_optimization_loss,186,700,4.740763377486678e-05,0.538871644995518,0.04741066928005017,0.04741066928005017,0.04741066928005017,0.03677870129059319,0.03677870129059319,0.03677870129059319,0.03677870129059319,0.03677870129059319,0.2126393597891396,0.2126393597891396,0.2126393597891396,0.538871644995518,0.07561097204935463,0.10385057018040289,0.4708024691358025,0.04741066928005017,2236.901561400038,2236.901561400038,12.020512300077826,4480.750525712967,,fixed_iterations,,0.021791347478820205,0.021791347478820205,0.09357618149675573,0.09357618149675573,0.06211802410520995,0.06211802410520995,0.3613860919147321,0.3613860919147321,186,0.06462031731094006,0.06462031731094006,0.04956163241664986,0.3011736978858041,0.04956163241664986,0.4512070537208007,0.01720964803088989,0.012700637563240996,0.03976255377799782,0.0894933079983089,0.30925055438125304,T015_035_015_035,7
187,3.421927420244195,525,175,False,projected_continuous_optimization_loss,187,700,4.737042327473587e-05,0.5404719301986498,0.04727373996776689,0.04727373996776689,0.04727373996776689,0.03671543762099916,0.03671543762099916,0.03671543762099916,0.03671543762099916,0.03671543762099916,0.21116604693535468,0.21116604693535468,0.21116604693535468,0.5404719301986498,0.07567142691284587,0.10393757065727327,0.47089506172839507,0.04727373996776689,2248.9271428000648,2248.9271428000648,12.025581400026567,4504.927796602249,,fixed_iterations,,0.02175435860390633,0.02175435860390633,0.09414078000822955,0.09414078000822955,0.062217371786414205,0.062217371786414205,0.3623594198000996,0.3623594198000996,187,0.06399332200465922,0.06399332200465922,0.04892220791165415,0.30142228186010134,0.04892220791165415,0.45098061795588545,0.016719582036892333,0.012776725368105112,0.040642592608684906,0.08946060365337553,0.30810069632571996,T015_035_015_035,7
188,3.4446350589472874,525,175,False,projected_continuous_optimization_loss,188,700,4.7333584147743125e-05,0.5420787291261537,0.04712839893613712,0.04712839893613712,0.04712839893613712,0.036643804420201195,0.036643804420201195,0.036643804420201195,0.036643804420201195,0.036643804420201195,0.2096918903187185,0.2096918903187185,0.2096918903187185,0.5420787291261537,0.07573189367960491,0.10402549727200708,0.4713888888888889,0.04712839893613712,2260.948695600149,2260.948695600149,12.021552800084464,4529.117512702942,,fixed_iterations,,0.021724622085855183,0.021724622085855183,0.09471078220075879,0.09471078220075879,0.06233030201479603,0.06233030201479603,0.36331302282474376,0.36331302282474376,188,0.06543418475352497,0.06543418475352497,0.050406745366783884,0.3005487877348216,0.050406745366783884,0.45177669902235856,0.01830578581738785,0.012624706024886051,0.04002951772881397,0.08670395186164553,0.31241852340701304,T015_035_015_035,7
189,3.467493383738114,525,175,False,projected_continuous_optimization_loss,189,700,4.729703424031201e-05,0.5436902590218025,0.0469744227835336,0.0469744227835336,0.0469744227835336,0.036563493797954115,0.036563493797954115,0.036563493797954115,0.036563493797954115,0.036563493797954115,0.20821857971158975,0.20821857971158975,0.20821857971158975,0.5436902590218025,0.07579244823583667,0.10411486815075668,0.4714814814814815,0.0469744227835336,2272.912829600158,2272.912829600158,11.964134000008926,4553.21880197525,,fixed_iterations,,0.021702608537481086,0.021702608537481086,0.09528531972111964,0.09528531972111964,0.06245794214210219,0.06245794214210219,0.36424438862109954,0.36424438862109954,189,0.06594801277964082,0.06594801277964082,0.05095012181267694,0.29995781933927773,0.05095012181267694,0.4523159493473653,0.018973589996107224,0.012610157520101426,0.039335805136452066,0.08670963699351093,0.3136603496973009,T015_035_015_035,7
190,3.4905033945575923,525,175,False,projected_continuous_optimization_loss,190,700,4.726071180778112e-05,0.5453051381217905,0.04681213353888459,0.04681213353888459,0.04681213353888459,0.03647476266796238,0.03647476266796238,0.03647476266796238,0.03647476266796238,0.03647476266796238,0.20674741741844413,0.20674741741844413,0.20674741741844413,0.5453051381217905,0.0758531611841907,0.10420574253506511,0.4717283950617284,0.04681213353888459,2285.0019721001154,2285.0019721001154,12.089142499957234,4577.428078174591,,fixed_iterations,,0.021688241875431197,0.021688241875431197,0.09586329822045161,0.09586329822045161,0.06260084465344484,0.06260084465344484,0.3651527533724628,0.3651527533724628,190,0.0656974324964234,0.0656974324964234,0.05058475393682832,0.30225357119190166,0.05058475393682832,0.4502240718329861,0.018885298957538814,0.012946669238170954,0.04011947333632862,0.08486073799020971,0.31229719126827676,T015_035_015_035,7
191,3.5136660979821643,525,175,False,projected_continuous_optimization_loss,191,700,4.722459828283866e-05,0.5469224354715807,0.04664224480225081,0.04664224480225081,0.04664224480225081,0.03637828082830061,0.03637828082830061,0.03637828082830061,0.03637828082830061,0.03637828082830061,0.20527927947900404,0.20527927947900404,0.20527927947900404,0.5469224354715807,0.0759140581639322,0.10429681104388745,0.4717901234567901,0.04664224480225081,2296.9780464001233,2296.9780464001233,11.976074300007895,4601.4857449531555,,fixed_iterations,,0.02168082407447496,0.02168082407447496,0.09644376718090801,0.09644376718090801,0.06275902204939221,0.06275902204939221,0.36603882216680544,0.36603882216680544,191,0.06559340487378904,0.06559340487378904,0.050581112001236495,0.30024585745105065,0.050581112001236495,0.45205305233895987,0.01895116007153823,0.012753705545075968,0.040944989812961054,0.08428365908764227,0.31407069789328057,T015_035_015_035,7
192,3.536982507267838,525,175,False,projected_continuous_optimization_loss,192,700,4.7188687922470476e-05,0.5485413832965269,0.04646548551852643,0.04646548551852643,0.04646548551852643,0.036274741388735765,0.036274741388735765,0.036274741388735765,0.036274741388735765,0.036274741388735765,0.20381488259581335,0.20381488259581335,0.20381488259581335,0.5485413832965269,0.07597511516687402,0.10438904612276458,0.4723148148148148,0.04646548551852643,2309.0569796001073,2309.0569796001073,12.078933199984021,4625.64692234993,,fixed_iterations,,0.021679336430990598,0.021679336430990598,0.09702617585420621,0.09702617585420621,0.06293229244999164,0.06293229244999164,0.36690357856133854,0.36690357856133854,192,0.06535039890355013,0.06535039890355013,0.05029542813841507,0.30109941530270107,0.05029542813841507,0.4512747360448026,0.018884913385023697,0.012815070058378935,0.04167912277630375,0.08327699748043815,0.31350354572968175,T015_035_015_035,7
193,3.5604536423945037,525,175,False,projected_continuous_optimization_loss,193,700,4.71529434841796e-05,0.5501609653936979,0.046282215944361396,0.046282215944361396,0.046282215944361396,0.0361644580915849,0.0361644580915849,0.0361644580915849,0.0361644580915849,0.0361644580915849,0.2023551570555299,0.2023551570555299,0.2023551570555299,0.5501609653936979,0.07603628785412317,0.10448124875242829,0.4725617283950617,0.046282215944361396,2321.0429775000084,2321.0429775000084,11.985997899901122,4649.728336572647,,fixed_iterations,,0.021682942192473315,0.021682942192473315,0.0976103793577213,0.0976103793577213,0.06312074529458055,0.06312074529458055,0.3677468985489227,0.3677468985489227,193,0.06570235663498274,0.06570235663498274,0.050694942130585535,0.30014829008794397,0.050694942130585535,0.45214208950865376,0.01942014069062134,0.01235731624275723,0.041407207770500824,0.08368385633001667,0.31469370916537903,T015_035_015_035,7
194,3.5840805301105587,525,175,False,projected_continuous_optimization_loss,194,700,4.7117294375248505e-05,0.5517797016346679,0.04609226900213791,0.04609226900213791,0.04609226900213791,0.03604719720880255,0.03604719720880255,0.03604719720880255,0.03604719720880255,0.03604719720880255,0.2009014358667073,0.2009014358667073,0.2009014358667073,0.5517797016346679,0.07609755117782399,0.10457340008175786,0.47290123456790123,0.04609226900213791,2333.058371699997,2333.058371699997,12.015394199988805,4673.845259904861,,fixed_iterations,,0.021691370239579528,0.021691370239579528,0.09819640291204461,0.09819640291204461,0.06332506351755907,0.06332506351755907,0.36856686496548474,0.36856686496548474,194,0.065222792419311,0.065222792419311,0.050129347138519256,0.301868905615835,0.050129347138519256,0.45057402171372074,0.01913052341717309,0.012904130349303315,0.04231744037520973,0.08210698452642715,0.31324546646278056,T015_035_015_035,7
195,3.6078642039778233,525,175,False,projected_continuous_optimization_loss,195,700,4.708166043398347e-05,0.5533957468765862,0.04589510594420949,0.04589510594420949,0.04589510594420949,0.03592233799881337,0.03592233799881337,0.03592233799881337,0.03592233799881337,0.03592233799881337,0.19945535890792226,0.19945535890792226,0.19945535890792226,0.5533957468765862,0.0761589206343281,0.10466585324177435,0.4734259259259259,0.04589510594420949,2345.0637020999566,2345.0637020999566,12.005330399959348,4697.924208641052,,fixed_iterations,,0.021704923088616046,0.021704923088616046,0.09878414929711657,0.09878414929711657,0.06354649123955547,0.06354649123955547,0.36936018325129816,0.36936018325129816,195,0.06527642417725077,0.06527642417725077,0.05024237470295747,0.300680989485866,0.05024237470295747,0.45165613937432836,0.019381318233041282,0.013059627317238807,0.042460725082535324,0.081714268153785,0.31442151882076924,T015_035_015_035,7
196,3.6318057044167484,525,175,False,projected_continuous_optimization_loss,196,700,4.704595272887132e-05,0.555007173858677,0.04569018035371678,0.04569018035371678,0.04569018035371678,0.0357892495878547,0.0357892495878547,0.0357892495878547,0.0357892495878547,0.0357892495878547,0.1980186153172417,0.1980186153172417,0.1980186153172417,0.555007173858677,0.07622044194992153,0.10475750774808147,0.4737037037037037,0.04569018035371678,2357.0916257000063,2357.0916257000063,12.02792360004969,4722.055021762848,,fixed_iterations,,0.021724096187175055,0.021724096187175055,0.09937326267820883,0.09937326267820883,0.06378643876830706,0.06378643876830706,0.37012337622498614,0.37012337622498614,196,0.06519324652233155,0.06519324652233155,0.05041101574110878,0.2956446156244553,0.05041101574110878,0.45626788247846223,0.019503066168614767,0.012955080987955567,0.04339750390587196,0.08145938058654678,0.31845591699808795,T015_035_015_035,7
197,3.655906078751935,525,175,False,projected_continuous_optimization_loss,197,700,4.7010068859060495e-05,0.5566122548910201,0.04547729493941755,0.04547729493941755,0.04547729493941755,0.03564766031377627,0.03564766031377627,0.03564766031377627,0.03564766031377627,0.03564766031377627,0.19659269251282566,0.19659269251282566,0.19659269251282566,0.5566122548910201,0.07628215997049892,0.10484881757807517,0.47425925925925927,0.04547729493941755,2369.1006665999303,2369.1006665999303,12.009040899924003,4746.199239492416,,fixed_iterations,,0.021749060071153827,0.021749060071153827,0.09996318826325609,0.09996318826325609,0.06404597740635508,0.06404597740635508,0.37085402915025517,0.37085402915025517,197,0.06395011885746413,0.06395011885746413,0.04901957028282325,0.2986109714928176,0.04901957028282325,0.45354691739105574,0.018472823918046576,0.013614653770310183,0.044535839573961566,0.08123365422974015,0.31416276981704383,T015_035_015_035,7
198,3.680166381257945,525,175,False,projected_continuous_optimization_loss,198,700,4.6973921470844526e-05,0.5582096120282576,0.045256749575587514,0.045256749575587514,0.045256749575587514,0.03549781223037638,0.03549781223037638,0.03549781223037638,0.03549781223037638,0.03549781223037638,0.1951787469042226,0.1951787469042226,0.1951787469042226,0.5582096120282576,0.0763440919724297,0.10494120909370731,0.4744135802469136,0.045256749575587514,2381.189869499998,2381.189869499998,12.089202900067903,4770.311605453491,,fixed_iterations,,0.02177935871153021,0.02177935871153021,0.10055329898241518,0.10055329898241518,0.06432557753231544,0.06432557753231544,0.37155137680199685,0.37155137680199685,198,0.06408740046082478,0.06408740046082478,0.049147766907054455,0.2987926710754065,0.049147766907054455,0.4533806890756543,0.01883065088523727,0.013943302076826529,0.04379257426539267,0.08172232830614416,0.313922484427291,T015_035_015_035,7
199,3.7045876732054253,525,175,False,projected_continuous_optimization_loss,199,700,4.693746385822673e-05,0.559798139239804,0.04502918939755053,0.04502918939755053,0.04502918939755053,0.03534030548671359,0.03534030548671359,0.03534030548671359,0.03534030548671359,0.03534030548671359,0.19377767821673886,0.19377767821673886,0.19377767821673886,0.559798139239804,0.07640622511684583,0.10503537466351114,0.47478395061728396,0.04502918939755053,2393.149295500014,2393.149295500014,11.95942600001581,4794.3992784023285,,fixed_iterations,,0.021814036401535064,0.021814036401535064,0.10114298070381461,0.10114298070381461,0.06462526564032361,0.06462526564032361,0.3722158564941308,0.3722158564941308,199,0.06479029974376574,0.06479029974376574,0.049882751238015346,0.29815097011500774,0.049882751238015346,0.4539679770242338,0.019761110346215208,0.013890956793675186,0.043681037620117484,0.0801389855913899,0.31625699701905124,T015_035_015_035,7
200,3.7291710229075274,525,175,False,projected_continuous_optimization_loss,200,700,4.690066594218206e-05,0.5613767028089812,0.04479523609656399,0.04479523609656399,0.04479523609656399,0.035175716254627946,0.035175716254627946,0.035175716254627946,0.035175716254627946,0.035175716254627946,0.19239039683872078,0.19239039683872078,0.19239039683872078,0.5613767028089812,0.07646853751799168,0.10513067937205132,0.4751543209876543,0.04479523609656399,2405.101006999961,2405.101006999961,11.951711499947123,4818.463022232056,,fixed_iterations,,0.021852107757235638,0.021852107757235638,0.10173167587473417,0.10173167587473417,0.06494506928952443,0.06494506928952443,0.372847849887487,0.372847849887487,200,0.06495258806526824,0.06495258806526824,0.050172004934386005,0.2956116626176448,0.050172004934386005,0.4562981859349328,0.020157351968704253,0.013464730439957476,0.04461747035091146,0.07912869257394708,0.3190872925701168,T015_035_015_035,7
201,3.7539175057666476,525,175,False,projected_continuous_optimization_loss,201,700,4.686348099983215e-05,0.5629438297806578,0.0445551419939248,0.0445551419939248,0.0445551419939248,0.03500423719758487,0.03500423719758487,0.03500423719758487,0.03500423719758487,0.03500423719758487,0.1910180959267986,0.1910180959267986,0.1910180959267986,0.5629438297806578,0.07653102378386949,0.10522507664409197,0.4753703703703704,0.0445551419939248,2417.1190618999535,2417.1190618999535,12.018054899992421,4842.578488588333,,fixed_iterations,,0.021893036566130036,0.021893036566130036,0.10231890583573326,0.10231890583573326,0.0652854368771536,0.0652854368771536,0.37344645050164094,0.37344645050164094,201,0.06447548824123807,0.06447548824123807,0.049690856581674124,0.2956926331912789,0.049690856581674124,0.45622372873462114,0.019920346247313266,0.014014395176004765,0.04523186763675566,0.07852455012037453,0.3184529158014862,T015_035_015_035,7
202,3.7788282043214627,525,175,False,projected_continuous_optimization_loss,202,700,4.682585192864033e-05,0.5644976478156128,0.04430870767231477,0.04430870767231477,0.04430870767231477,0.034825592734408065,0.034825592734408065,0.034825592734408065,0.034825592734408065,0.034825592734408065,0.1896622987581341,0.1896622987581341,0.1896622987581341,0.5644976478156128,0.07659370343980511,0.10532042495361177,0.4761111111111111,0.04430870767231477,2429.0926513999,2429.0926513999,11.973589499946684,4866.549154996872,,fixed_iterations,,0.021936877540837518,0.021936877540837518,0.10290426280966543,0.10290426280966543,0.06564735610833676,0.06564735610833676,0.3740091513567731,0.3740091513567731,202,0.06465669606832403,0.06465669606832403,0.04985563596442301,0.2960212020780204,0.04985563596442301,0.4559216949022683,0.020347988396009258,0.013294778137914642,0.046520792696644934,0.0766305953069365,0.31947552876077223,T015_035_015_035,7
203,3.803904208294294,525,175,False,projected_continuous_optimization_loss,203,700,4.678772471789904e-05,0.5660361042239609,0.04405551238288966,0.04405551238288966,0.04405551238288966,0.03463927924103381,0.03463927924103381,0.03463927924103381,0.03463927924103381,0.03463927924103381,0.18832466283711694,0.18832466283711694,0.18832466283711694,0.5660361042239609,0.07665660582178581,0.1054165376741499,0.4764506172839506,0.04405551238288966,2441.2057917998172,2441.2057917998172,12.113140399917029,4890.7681674957275,,fixed_iterations,,0.021983982741384283,0.021983982741384283,0.10348738736707942,0.10348738736707942,0.06603208803362978,0.06603208803362978,0.37453264608186737,0.37453264608186737,203,0.06337111880062957,0.06337111880062957,0.048598920607570574,0.29544396386118,0.048598920607570574,0.45645242723273977,0.019315606417739904,0.013488403129268054,0.04846935735769492,0.07653035641061452,0.3179643103351623,T015_035_015_035,7
204,3.829146614638773,525,175,False,projected_continuous_optimization_loss,204,700,4.674903979121078e-05,0.5675572519850112,0.04379528014592763,0.04379528014592763,0.04379528014592763,0.03444494363038987,0.03444494363038987,0.03444494363038987,0.03444494363038987,0.03444494363038987,0.18700673031075513,0.18700673031075513,0.18700673031075513,0.5675572519850112,0.07671974521832721,0.10551187132605502,0.47694444444444445,0.04379528014592763,2453.269320199848,2453.269320199848,12.063528400030918,4914.929613351822,,fixed_iterations,,0.022034500759466273,0.022034500759466273,0.10406795486384111,0.10406795486384111,0.06644069277502043,0.06644069277502043,0.37501410358668336,0.37501410358668336,204,0.06362550512195571,0.06362550512195571,0.04879183671610116,0.29667336811709094,0.04879183671610116,0.4553226935908832,0.01983022497602808,0.013483413509279575,0.04829554551178721,0.07586480697179873,0.31767892759801764,T015_035_015_035,7
205,3.8545565275878264,525,175,False,projected_continuous_optimization_loss,205,700,4.6709736323396715e-05,0.5690594156752089,0.043528130192464,0.043528130192464,0.043528130192464,0.03424264083155438,0.03424264083155438,0.03424264083155438,0.03424264083155438,0.03424264083155438,0.1857097872181924,0.1857097872181924,0.1857097872181924,0.5690594156752089,0.07678310837067112,0.10560884482274657,0.4775617283950617,0.043528130192464,2465.3088417998515,2465.3088417998515,12.039521600003354,4939.085583925247,,fixed_iterations,,0.022088050324494207,0.022088050324494207,0.10464562617669876,0.10464562617669876,0.06687370323386202,0.06687370323386202,0.37545203594015397,0.37545203594015397,205,0.06357764834286182,0.06357764834286182,0.04886293578195374,0.29429425121816155,0.04886293578195374,0.4575110588978227,0.02004951815039782,0.013231224972264342,0.04916718750682276,0.07534360997628875,0.31976903644244686,T015_035_015_035,7
206,3.880135058701985,525,175,False,projected_continuous_optimization_loss,206,700,4.666977856350824e-05,0.5705411878040707,0.04325455827416361,0.04325455827416361,0.04325455827416361,0.03403281470552668,0.03403281470552668,0.03403281470552668,0.03403281470552668,0.03403281470552668,0.18443487137273848,0.18443487137273848,0.18443487137273848,0.5705411878040707,0.07684666553698938,0.10570614479291231,0.4778703703703704,0.04325455827416361,2477.261613499839,2477.261613499839,11.952771699987352,4963.138902902603,,fixed_iterations,,0.02214381060561139,0.02214381060561139,0.1052199260452593,0.1052199260452593,0.06733120991267189,0.06733120991267189,0.3758462412405281,0.3758462412405281,206,0.0631937019029962,0.0631937019029962,0.04855438386255931,0.2927863608087377,0.04855438386255931,0.45890263278339843,0.01993914362883259,0.013794518722899853,0.049117136506474,0.07604150158992408,0.3199494759641005,T015_035_015_035,7
207,3.905883326918006,525,175,False,projected_continuous_optimization_loss,207,700,4.662916032084573e-05,0.5720012614184393,0.04297517053416778,0.04297517053416778,0.04297517053416778,0.033816024522797423,0.033816024522797423,0.033816024522797423,0.033816024522797423,0.033816024522797423,0.18318292022740712,0.18318292022740712,0.18318292022740712,0.5720012614184393,0.07691039529624058,0.10580379297067892,0.47802469135802467,0.04297517053416778,2489.2813112998847,2489.2813112998847,12.019697800045833,4987.218777179718,,fixed_iterations,,0.02220094544325113,0.02220094544325113,0.10579015745775945,0.10579015745775945,0.06781327077906227,0.06781327077906227,0.37619688773836646,0.37619688773836646,207,0.062341775967554414,0.062341775967554414,0.04759896833833263,0.29485615258443565,0.04759896833833263,0.45699341386642867,0.019366605433386634,0.014049191632791494,0.04898303520863408,0.07782987900536147,0.31613130801964157,T015_035_015_035,7
208,3.931802458597823,525,175,False,projected_continuous_optimization_loss,208,700,4.658788404276818e-05,0.5734381833971325,0.04269035769838133,0.04269035769838133,0.04269035769838133,0.03359260852920441,0.03359260852920441,0.03359260852920441,0.03359260852920441,0.03359260852920441,0.18195498338353838,0.18195498338353838,0.18195498338353838,0.5734381833971325,0.07697430065152494,0.10590284261731207,0.4783024691358025,0.04269035769838133,2501.336300299852,2501.336300299852,12.054988999967463,5011.392428159714,,fixed_iterations,,0.02225901978084433,0.02225901978084433,0.10635549880198376,0.10635549880198376,0.06832028600302777,0.06832028600302777,0.37650337881127666,0.37650337881127666,208,0.06165614961035761,0.06165614961035761,0.04666875985881469,0.2997477950308584,0.04666875985881469,0.4525077214874548,0.018965791911976282,0.014452549875988846,0.05029339817718208,0.07567299077385208,0.3120887826604318,T015_035_015_035,7
209,3.9578935875778165,525,175,False,projected_continuous_optimization_loss,209,700,4.654595135680235e-05,0.5748502324601475,0.04240015371494561,0.04240015371494561,0.04240015371494561,0.03336253747298608,0.03336253747298608,0.03336253747298608,0.03336253747298608,0.03336253747298608,0.18075232483919068,0.18075232483919068,0.18075232483919068,0.5748502324601475,0.07703840140104076,0.10600057785204722,0.4785493827160494,0.04240015371494561,2513.275039599859,2513.275039599859,11.938739300007,5035.434091329575,,fixed_iterations,,0.022318079810932104,0.022318079810932104,0.10691523826252848,0.10691523826252848,0.06885304170748274,0.06885304170748274,0.37676387267920414,0.37676387267920414,209,0.06276211236970128,0.06276211236970128,0.04800823073362208,0.29507763272158394,0.04800823073362208,0.45678951342818874,0.020361958654755666,0.013770430697406213,0.051628972223656845,0.07232964418850045,0.31906046631862517,T015_035_015_035,7
210,3.9841578552184167,525,175,False,projected_continuous_optimization_loss,210,700,4.650336417868078e-05,0.5762355437899743,0.042104382230340374,0.042104382230340374,0.042104382230340374,0.033125566512991436,0.033125566512991436,0.033125566512991436,0.033125566512991436,0.033125566512991436,0.17957631434697877,0.17957631434697877,0.17957631434697877,0.5762355437899743,0.07710270901832168,0.10609935066981928,0.47891975308641976,0.042104382230340374,2525.3202993999003,2525.3202993999003,12.045259800041094,5059.548354625702,,fixed_iterations,,0.02237834924838964,0.02237834924838964,0.10746894595077292,0.10746894595077292,0.069412414284743,0.069412414284743,0.3769758343060688,0.3769758343060688,210,0.0621395161608128,0.0621395161608128,0.047280771006218414,0.2971749030918877,0.047280771006218414,0.45486249157493513,0.020035133930472425,0.014360975967005812,0.05166438972328633,0.07265157859565965,0.3161855472889833,T015_035_015_035,7
211,4.0105964104540295,525,175,False,projected_continuous_optimization_loss,211,700,4.6460118174177515e-05,0.5775923491280384,0.04180295288955272,0.04180295288955272,0.04180295288955272,0.032881541713794274,0.032881541713794274,0.032881541713794274,0.032881541713794274,0.032881541713794274,0.17842822351516893,0.17842822351516893,0.17842822351516893,0.5775923491280384,0.07716720660456317,0.1061977098436827,0.4795987654320988,0.04180295288955272,2537.3967096999986,2537.3967096999986,12.07641030009836,5083.7891454696655,,fixed_iterations,,0.02243981255665481,0.02243981255665481,0.10801645510288475,0.10801645510288475,0.06999897807611734,0.06999897807611734,0.3771371033923816,0.3771371033923816,211,0.06121235395649121,0.06121235395649121,0.04638004037106894,0.2966462717084455,0.04638004037106894,0.45534756797711307,0.01940940106693849,0.01509840854674494,0.052808003281010964,0.07230183826822514,0.31513931788113203,T015_035_015_035,7
212,4.0372104098433,525,175,False,projected_continuous_optimization_loss,212,700,4.641620285261181e-05,0.5789191357761384,0.04149606521169971,0.04149606521169971,0.04149606521169971,0.032630610500924,0.032630610500924,0.032630610500924,0.032630610500924,0.032630610500924,0.17730909421551416,0.17730909421551416,0.17730909421551416,0.5789191357761384,0.07723185281164746,0.10629560418341298,0.4800308641975309,0.04149606521169971,2549.410686200019,2549.410686200019,12.013976500020362,5107.908015966415,,fixed_iterations,,0.022502038792753202,0.022502038792753202,0.1085576541881301,0.1085576541881301,0.07061284003518833,0.07061284003518833,0.3772466027600668,0.3772466027600668,212,0.061536690965343595,0.061536690965343595,0.046878378133801954,0.29316625663083284,0.046878378133801954,0.4585517045637386,0.020040625753643883,0.014518537366840828,0.05418187479659102,0.07068206349066557,0.3191692289096413,T015_035_015_035,7
213,4.064001017619704,525,175,False,projected_continuous_optimization_loss,213,700,4.637161818172578e-05,0.5802146712044537,0.04118418659574857,0.04118418659574857,0.04118418659574857,0.032373200482149325,0.032373200482149325,0.032373200482149325,0.032373200482149325,0.032373200482149325,0.176219722271985,0.176219722271985,0.176219722271985,0.5802146712044537,0.07729660728366476,0.10639132237085944,0.48012345679012347,0.04118418659574857,2561.4250968999695,2561.4250968999695,12.014410699950531,5132.029142379761,,fixed_iterations,,0.022564377772585638,0.022564377772585638,0.10909219437501032,0.10909219437501032,0.07125385845889018,0.07125385845889018,0.37730424059796747,0.37730424059796747,213,0.061360754376574025,0.061360754376574025,0.046793154937185694,0.29135198878776664,0.046793154937185694,0.4602296888603758,0.020176567780825452,0.015591869388268488,0.05321028259409651,0.07177313178056066,0.31965440509745013,T015_035_015_035,7
214,4.090969405742476,525,175,False,projected_continuous_optimization_loss,214,700,4.6326386489912695e-05,0.5814779060605819,0.04086784773713596,0.04086784773713596,0.04086784773713596,0.03210981058136421,0.03210981058136421,0.03210981058136421,0.03210981058136421,0.03210981058136421,0.17516074311543509,0.17516074311543509,0.17516074311543509,0.5814779060605819,0.07736145490761098,0.10648852963594793,0.48064814814814816,0.04086784773713596,2573.382599500008,2573.382599500008,11.957502600038424,5156.080257177353,,fixed_iterations,,0.022626335440797077,0.022626335440797077,0.10961934818719109,0.10961934818719109,0.07192204234586584,0.07192204234586584,0.37731018008672795,0.37731018008672795,214,0.061312725169339846,0.061312725169339846,0.04682117027334575,0.2898310979198818,0.04682117027334575,0.4616403637716867,0.020444877432203884,0.015311654102947866,0.053261710142096984,0.07255537056292888,0.320511628963713,T015_035_015_035,7
215,4.118116753947885,525,175,False,projected_continuous_optimization_loss,215,700,4.628054622834372e-05,0.5827077922184247,0.04054741891887273,0.04054741891887273,0.04054741891887273,0.03184077958511166,0.03184077958511166,0.03184077958511166,0.03184077958511166,0.03184077958511166,0.1741327866752214,0.1741327866752214,0.1741327866752214,0.5827077922184247,0.07742640626078295,0.10658764193931779,0.48108024691358026,0.04054741891887273,2585.416065199999,2585.416065199999,12.033465699991211,5180.096768856049,,fixed_iterations,,0.022687792627868783,0.022687792627868783,0.1101382156478918,0.1101382156478918,0.07261773087806002,0.07261773087806002,0.3772640530646041,0.3772640530646041,215,0.06169670883645367,0.06169670883645367,0.04731484583898246,0.28763725994942424,0.04731484583898246,0.46368175497245645,0.021149289917580943,0.015361589667959263,0.05268152423283741,0.07294727197836777,0.322691369093292,T015_035_015_035,7
216,4.145444249800828,525,175,False,projected_continuous_optimization_loss,216,700,4.6234138071860475e-05,0.5839031652320855,0.04022304532086349,0.04022304532086349,0.04022304532086349,0.031566216525669634,0.031566216525669634,0.031566216525669634,0.031566216525669634,0.031566216525669634,0.17313657590387713,0.17313657590387713,0.17313657590387713,0.5839031652320855,0.07749147327447689,0.1066874379388088,0.4814506172839506,0.04022304532086349,2597.4486904001096,2597.4486904001096,12.032625200110488,5204.173194885254,,fixed_iterations,,0.02274888793996347,0.02274888793996347,0.11064813003769748,0.11064813003769748,0.07334138766854628,0.07334138766854628,0.37716475958587825,0.37716475958587825,216,0.060481720830252224,0.060481720830252224,0.04606823273458593,0.28826976191332593,0.04606823273458593,0.46309240840408494,0.020258675509388736,0.016046548070581066,0.05323404181807588,0.07426925861513985,0.3195425599002881,T015_035_015_035,7
217,4.172953088746796,525,175,False,projected_continuous_optimization_loss,217,700,4.6187193972928855e-05,0.5850628160382211,0.03989478359274746,0.03989478359274746,0.03989478359274746,0.0312861402610409,0.0312861402610409,0.0312861402610409,0.0312861402610409,0.0312861402610409,0.17217286663413117,0.17217286663413117,0.17217286663413117,0.5850628160382211,0.07755664261872143,0.10678787613501131,0.48169753086419753,0.03989478359274746,2609.4606913001044,2609.4606913001044,12.012000899994746,5228.2943460941315,,fixed_iterations,,0.022809697180407977,0.022809697180407977,0.11114888472634193,0.11114888472634193,0.0740932320819945,0.0740932320819945,0.37701100204947663,0.37701100204947663,217,0.060359195517482006,0.060359195517482006,0.04598147320800942,0.2875544461894517,0.04598147320800942,0.46375896633188196,0.020464411924734548,0.016226746504286488,0.053538394022548175,0.0740066757883184,0.3199871500167289,T015_035_015_035,7
218,4.2006444741641555,525,175,False,projected_continuous_optimization_loss,218,700,4.613973147290172e-05,0.5861856622796834,0.039562792246353035,0.039562792246353035,0.039562792246353035,0.031000676941207818,0.031000676941207818,0.031000676941207818,0.031000676941207818,0.031000676941207818,0.17124230610290425,0.17124230610290425,0.17124230610290425,0.5861856622796834,0.07762187212924028,0.10688887251662778,0.4823148148148148,0.039562792246353035,2621.5239477001596,2621.5239477001596,12.063256400055252,5252.454696655273,,fixed_iterations,,0.02287002207031114,0.02287002207031114,0.11164059900247988,0.11164059900247988,0.07487305331387463,0.07487305331387463,0.3768019878930177,0.3768019878930177,218,0.05979195841338689,0.05979195841338689,0.04556226413311671,0.28459388560540366,0.04556226413311671,0.46652658397498037,0.02022916616703386,0.015943300598661864,0.056203990830320835,0.07211269849989879,0.32226659404609886,T015_035_015_035,7
219,4.228519617416801,525,175,False,projected_continuous_optimization_loss,219,700,4.609175704562046e-05,0.5872708730221324,0.03922740506038067,0.03922740506038067,0.03922740506038067,0.030710138447585036,0.030710138447585036,0.030710138447585036,0.030710138447585036,0.030710138447585036,0.17034533225591272,0.17034533225591272,0.17034533225591272,0.5872708730221324,0.07768711423059897,0.1069909848945422,0.4824074074074074,0.03922740506038067,2633.5628331000917,2633.5628331000917,12.038885399932042,5276.592244148254,,fixed_iterations,,0.02292947723881412,0.02292947723881412,0.11212334281887176,0.11212334281887176,0.07568038270623699,0.07568038270623699,0.37653767025820956,0.37653767025820956,219,0.05917884208673984,0.05917884208673984,0.044913157320344316,0.2853136953279105,0.044913157320344316,0.46585236560674487,0.019951437026359167,0.016493903995319394,0.05647057575798561,0.07244619369307295,0.32044169216036694,T015_035_015_035,7
220,4.256579737907136,525,175,False,projected_continuous_optimization_loss,220,700,4.60432814161112e-05,0.5883179075952952,0.03888906133262195,0.03888906133262195,0.03888906133262195,0.030414954072286157,0.030414954072286157,0.030414954072286157,0.030414954072286157,0.030414954072286157,0.16948214520671587,0.16948214520671587,0.16948214520671587,0.5883179075952952,0.07775234440683708,0.10709408263484398,0.48234567901234565,0.03888906133262195,2645.5919677000493,2645.5919677000493,12.029134599957615,5300.736277103424,,fixed_iterations,,0.02298776328131926,0.02298776328131926,0.11259679770795046,0.11259679770795046,0.0765148830498079,0.0765148830498079,0.37621846355621763,0.37621846355621763,220,0.05994355881477085,0.05994355881477085,0.04589333144265313,0.28100454744235437,0.04589333144265313,0.4699013795128737,0.021054497482148896,0.017001563677551852,0.0561074184242764,0.07129366402988531,0.32549873338116014,T015_035_015_035,7
221,4.284826063129428,525,175,False,projected_continuous_optimization_loss,221,700,4.59943335206556e-05,0.5893264403779508,0.0385481779794659,0.0385481779794659,0.0385481779794659,0.030115539350833657,0.030115539350833657,0.030115539350833657,0.030115539350833657,0.030115539350833657,0.1686527725726448,0.1686527725726448,0.1686527725726448,0.5893264403779508,0.07781756740804527,0.10719689639709883,0.4826543209876543,0.0385481779794659,2657.5920848000096,2657.5920848000096,12.000117099960335,5324.816742897034,,fixed_iterations,,0.02304484288151852,0.02304484288151852,0.11306027179404361,0.11306027179404361,0.07737655668016503,0.07737655668016503,0.37584476902222363,0.37584476902222363,221,0.05942607068228298,0.05942607068228298,0.04532280330634794,0.2820653475187007,0.04532280330634794,0.4689017534215532,0.020877892702817077,0.017055139293701005,0.056389577674849735,0.0719234228764073,0.32353361357659516,T015_035_015_035,7
222,4.313259828723496,525,175,False,projected_continuous_optimization_loss,222,700,4.59449543287877e-05,0.5902961944768638,0.038205068292810715,0.038205068292810715,0.038205068292810715,0.029812207879803723,0.029812207879803723,0.029812207879803723,0.029812207879803723,0.029812207879803723,0.16785720826013983,0.16785720826013983,0.16785720826013983,0.5902961944768638,0.07788279533345185,0.10729902184472617,0.483179012345679,0.038205068292810715,2669.6058706000913,2669.6058706000913,12.013785800081678,5348.930661916733,,fixed_iterations,,0.023100856281313743,0.023100856281313743,0.11351311553640023,0.11351311553640023,0.07826552422633547,0.07826552422633547,0.37541669843281433,0.37541669843281433,222,0.05963115865124126,0.05963115865124126,0.04550918695003273,0.28243943402417054,0.04550918695003273,0.4685496880947659,0.021426090358430544,0.016439225844238976,0.055908780555755905,0.07291062866703718,0.3232910530277338,T015_035_015_035,7
223,4.3418822785287645,525,175,False,projected_continuous_optimization_loss,223,700,4.589517803571797e-05,0.5912268467455758,0.03785997059548884,0.03785997059548884,0.03785997059548884,0.02950519605441059,0.02950519605441059,0.02950519605441059,0.02950519605441059,0.02950519605441059,0.16709549082156488,0.16709549082156488,0.16709549082156488,0.5912268467455758,0.0779480195441845,0.10740194451498242,0.483858024691358,0.03785997059548884,2681.670262700063,2681.670262700063,12.064392099971883,5373.089453220367,,fixed_iterations,,0.023155884995279274,0.023155884995279274,0.11395512846913092,0.11395512846913092,0.07918161233321873,0.07918161233321873,0.37493422094794693,0.37493422094794693,223,0.05965121147503331,0.05965121147503331,0.04550035087457971,0.28301721200907193,0.04550035087457971,0.4680063797289746,0.02179124087954447,0.016255420179345254,0.055520240913448246,0.07363021213798918,0.3226005064981919,T015_035_015_035,7
224,4.370694664638681,525,175,False,projected_continuous_optimization_loss,224,700,4.584502104211442e-05,0.5921180870944371,0.03751313596105035,0.03751313596105035,0.03751313596105035,0.02919475321727529,0.02919475321727529,0.02919475321727529,0.02919475321727529,0.02919475321727529,0.16636765487550126,0.16636765487550126,0.16636765487550126,0.5921180870944371,0.07801320448980024,0.1075057913833859,0.4841666666666667,0.03751313596105035,2693.7173175000353,2693.7173175000353,12.047054799972102,5397.207488298416,,fixed_iterations,,0.02320982337102439,0.02320982337102439,0.11438656235065887,0.11438656235065887,0.08012419068630419,0.08012419068630419,0.3743975106864496,0.3743975106864496,224,0.058764915349092006,0.058764915349092006,0.04464620811902878,0.28237414460126453,0.04464620811902878,0.4686111173525885,0.021251779388041653,0.016745374449465666,0.05672358185173111,0.07356089129805125,0.32158126975334045,T015_035_015_035,7
225,4.399698247455485,525,175,False,projected_continuous_optimization_loss,225,700,4.5794481808483934e-05,0.5929697426749562,0.03716486776747976,0.03716486776747976,0.03716486776747976,0.028881186248575195,0.028881186248575195,0.028881186248575195,0.028881186248575195,0.028881186248575195,0.1656736303780913,0.1656736303780913,0.1656736303780913,0.5929697426749562,0.07807830929847155,0.10760850572751895,0.4845987654320988,0.03716486776747976,2705.7606155000394,2705.7606155000394,12.043298000004143,5421.405338525772,,fixed_iterations,,0.023262489715700573,0.023262489715700573,0.11480776622403148,0.11480776622403148,0.08109241695725838,0.08109241695725838,0.3738070697779658,0.3738070697779658,225,0.05887900719714879,0.05887900719714879,0.04485753791936928,0.2804293855555902,0.04485753791936928,0.47044416200405254,0.02171413942966903,0.016707377897037013,0.05687193678722875,0.07351383761982723,0.3233510096999595,T015_035_015_035,7
226,4.428894295745346,525,175,False,projected_continuous_optimization_loss,226,700,4.5743551575256795e-05,0.5937818913679052,0.03681550216036865,0.03681550216036865,0.03681550216036865,0.028564844571336824,0.028564844571336824,0.028564844571336824,0.028564844571336824,0.028564844571336824,0.1650131517806364,0.1650131517806364,0.1650131517806364,0.5937818913679052,0.07814331475810349,0.10771128778974556,0.4846604938271605,0.03681550216036865,2717.7841235001106,2717.7841235001106,12.02350800007116,5445.512260913849,,fixed_iterations,,0.023313835489185863,0.023313835489185863,0.11521878228863824,0.11521878228863824,0.08208566298088711,0.08208566298088711,0.3731636106091939,0.3731636106091939,226,0.05897441946107569,0.05897441946107569,0.04508614356389672,0.2777655179435793,0.04508614356389672,0.47296535413354535,0.022158917300707043,0.01679565794418493,0.05724388031641209,0.07314487220056738,0.3257809436723809,T015_035_015_035,7
227,4.458284086693861,525,175,False,projected_continuous_optimization_loss,227,700,4.569223263291577e-05,0.5945548875830808,0.036465383126488074,0.036465383126488074,0.036465383126488074,0.02824609616734966,0.02824609616734966,0.02824609616734966,0.02824609616734966,0.02824609616734966,0.16438573918276822,0.16438573918276822,0.16438573918276822,0.5945548875830808,0.07820822811544732,0.10781454025992705,0.4850925925925926,0.036465383126488074,2729.7322989001404,2729.7322989001404,11.948175400029868,5469.556589841843,,fixed_iterations,,0.02336400719410859,0.02336400719410859,0.11561925143782582,0.11561925143782582,0.08310368651693081,0.08310368651693081,0.3724679424342156,0.3724679424342156,227,0.0592888625951532,0.0592888625951532,0.04566612039600506,0.2724548439829629,0.04566612039600506,0.4780279279664832,0.022823479468665128,0.016235496755242967,0.059682802235020656,0.07024494517072027,0.3318646838054993,T015_035_015_035,7
228,4.4878689059619346,525,175,False,projected_continuous_optimization_loss,228,700,4.5640542073026884e-05,0.5952892339416596,0.03611484898771769,0.03611484898771769,0.03611484898771769,0.02792530877954125,0.02792530877954125,0.02792530877954125,0.02792530877954125,0.02792530877954125,0.16379080416352876,0.16379080416352876,0.16379080416352876,0.5952892339416596,0.07827306168243044,0.10791695116878734,0.48518518518518516,0.03611484898771769,2741.779755100142,2741.779755100142,12.047456200001761,5493.668108463287,,fixed_iterations,,0.023413197746543508,0.023413197746543508,0.11600876679572734,0.11600876679572734,0.08414632429681906,0.08414632429681906,0.3717209451025696,0.3717209451025696,228,0.05801985441580018,0.05801985441580018,0.04432368336334944,0.27392342104901474,0.04432368336334944,0.47662306026247697,0.02190500542808249,0.0169153083721738,0.06107836640993627,0.07021100818332206,0.3284183772970449,T015_035_015_035,7
229,4.517650047742011,525,175,False,projected_continuous_optimization_loss,229,700,4.558849536985704e-05,0.5959854241022317,0.03576423352414341,0.03576423352414341,0.03576423352414341,0.027602844647250727,0.027602844647250727,0.027602844647250727,0.027602844647250727,0.027602844647250727,0.1632277775378536,0.1632277775378536,0.1632277775378536,0.5959854241022317,0.07833780885627814,0.10801895532660062,0.48540123456790124,0.03576423352414341,2753.7733504001517,2753.7733504001517,11.993595300009474,5517.764128446579,,fixed_iterations,,0.023461468174342685,0.023461468174342685,0.1163872924364255,0.1163872924364255,0.08521304486859345,0.08521304486859345,0.37092361862287004,0.37092361862287004,229,0.057594414975055144,0.057594414975055144,0.043971481325504436,0.2724586729910141,0.043971481325504436,0.4780242601509011,0.021830181450911736,0.01694523278240269,0.06191104537863031,0.07035937491216315,0.328808607077705,T015_035_015_035,7
230,4.547628814814694,525,175,False,projected_continuous_optimization_loss,230,700,4.553609212344991e-05,0.5966439070135378,0.035413862376743856,0.035413862376743856,0.035413862376743856,0.027279055489278673,0.027279055489278673,0.027279055489278673,0.027279055489278673,0.027279055489278673,0.16269613774930367,0.16269613774930367,0.16269613774930367,0.5966439070135378,0.0784024430719832,0.10812352001776153,0.48518518518518516,0.035413862376743856,2765.8179794001626,2765.8179794001626,12.0446290000109,5541.904491424561,,fixed_iterations,,0.02350875422605216,0.02350875422605216,0.11675520523852495,0.11675520523852495,0.08630286590984541,0.08630286590984541,0.3700770816391152,0.3700770816391152,230,0.05760351179300541,0.05760351179300541,0.04401544342220606,0.27176136741598683,0.04401544342220606,0.47869263633055514,0.022189649416261552,0.016793783006085604,0.061855054940091,0.07080095569254086,0.3292428426918377,T015_035_015_035,7
231,4.5778065186057395,525,175,False,projected_continuous_optimization_loss,231,700,4.5483314730199216e-05,0.5972651657789906,0.035064023358495094,0.035064023358495094,0.035064023358495094,0.0269542560237439,0.0269542560237439,0.0269542560237439,0.0269542560237439,0.0269542560237439,0.16219534669502386,0.16219534669502386,0.16219534669502386,0.5972651657789906,0.07846693950963238,0.10822845845231983,0.48583333333333334,0.035064023358495094,2777.846801700187,2777.846801700187,12.02882230002433,5566.03825044632,,fixed_iterations,,0.023555053547343562,0.023555053547343562,0.11711299279540185,0.11711299279540185,0.08741470121423997,0.08741470121423997,0.36918241822200526,0.36918241822200526,231,0.057065132950022385,0.057065132950022385,0.04339658773449496,0.27337090431054856,0.04339658773449496,0.4771511649524802,0.02200110959152729,0.016952227805352188,0.063492654708576,0.06902754410508279,0.3276787383334693,T015_035_015_035,7
232,4.6081844792434135,525,175,False,projected_continuous_optimization_loss,232,700,4.5430138305873167e-05,0.5978498622870646,0.03471496802833013,0.03471496802833013,0.03471496802833013,0.026628731365203474,0.026628731365203474,0.026628731365203474,0.026628731365203474,0.026628731365203474,0.161724733262533,0.161724733262533,0.161724733262533,0.5978498622870646,0.07853129465309912,0.10833219048748366,0.48638888888888887,0.03471496802833013,2789.8379950001836,2789.8379950001836,11.991193299996667,5590.1223475933075,,fixed_iterations,,0.023600559269752346,0.023600559269752346,0.11746089255857824,0.11746089255857824,0.08854777818828341,0.08854777818828341,0.3682406322704505,0.3682406322704505,232,0.057140387900660256,0.057140387900660256,0.043565785901351954,0.27149203998616595,0.043565785901351954,0.4789510195901292,0.022425419872330127,0.017488131189202016,0.0634012461219288,0.06872968195880183,0.32933196032019657,T015_035_015_035,7
233,4.638764025616256,525,175,False,projected_continuous_optimization_loss,233,700,4.5376546480434486e-05,0.5983989147896992,0.034366967909674195,0.034366967909674195,0.034366967909674195,0.026302796327569627,0.026302796327569627,0.026302796327569627,0.026302796327569627,0.026302796327569627,0.16128343164209127,0.16128343164209127,0.16128343164209127,0.5983989147896992,0.07859552239850168,0.10843582456846744,0.48682098765432097,0.034366967909674195,2801.883851500228,2801.883851500228,12.045856500044465,5614.261009454727,,fixed_iterations,,0.023645566422320907,0.023645566422320907,0.11779882008088395,0.11779882008088395,0.08970167196554105,0.08970167196554105,0.36725285632095334,0.36725285632095334,233,0.05614178991205869,0.05614178991205869,0.04268604287867458,0.2691149406676822,0.04268604287867458,0.4812371055408048,0.021774822002384495,0.017343762612948375,0.06528032864918451,0.06928872286427834,0.3293242914143935,T015_035_015_035,7
234,4.669546495431199,525,175,False,projected_continuous_optimization_loss,234,700,4.5322535738287674e-05,0.5989133965188256,0.03402035267364964,0.03402035267364964,0.03402035267364964,0.0259768294990464,0.0259768294990464,0.0259768294990464,0.0259768294990464,0.0259768294990464,0.16087046349206482,0.16087046349206482,0.16087046349206482,0.5989133965188256,0.0786596327838404,0.10853847222171566,0.48691358024691356,0.03402035267364964,2813.836050000158,2813.836050000158,11.952198499930091,5638.2361805438995,,fixed_iterations,,0.023690263413143918,0.023690263413143918,0.11812668812713555,0.11812668812713555,0.09087589595047274,0.09087589595047274,0.3662205490280734,0.3662205490280734,234,0.05611841819053755,0.05611841819053755,0.042598343644376015,0.2704014909232307,0.042598343644376015,0.47999856642194655,0.022098065516887908,0.016721457264228586,0.06564036393511989,0.06926936392959977,0.3283673812929983,T015_035_015_035,7
235,4.700533235272097,525,175,False,projected_continuous_optimization_loss,235,700,4.5268103138154166e-05,0.5993943784998107,0.03367548892129436,0.03367548892129436,0.03367548892129436,0.025651245722416706,0.025651245722416706,0.025651245722416706,0.025651245722416706,0.025651245722416706,0.16048486397755302,0.16048486397755302,0.16048486397755302,0.5993943784998107,0.07872361872632629,0.10863869064918381,0.48700617283950615,0.03367548892129436,2825.8175624001306,2825.8175624001306,11.981512399972416,5662.31343960762,,fixed_iterations,,0.02373466651719008,0.02373466651719008,0.11844470039338698,0.11844470039338698,0.09206955595086011,0.09206955595086011,0.3651454556383734,0.3651454556383734,235,0.05758091818653171,0.05758091818653171,0.04429705864743097,0.26567719078201474,0.04429705864743097,0.48456116678890526,0.023905429265237352,0.015899536707215174,0.06608555535483568,0.06675811778273913,0.3358179569441153,T015_035_015_035,7
236,4.731725600658623,525,175,False,projected_continuous_optimization_loss,236,700,4.5213234366864324e-05,0.5998428531039462,0.03333270099159608,0.03333270099159608,0.03333270099159608,0.025326413880996587,0.025326413880996587,0.025326413880996587,0.025326413880996587,0.025326413880996587,0.16012574221198986,0.16012574221198986,0.16012574221198986,0.5998428531039462,0.07878746519096994,0.10873764114855293,0.48712962962962963,0.03333270099159608,2837.8368440001504,2837.8368440001504,12.019281600019895,5686.400156497955,,fixed_iterations,,0.02377879036320752,0.02377879036320752,0.11875333760528974,0.11875333760528974,0.0932814468814231,0.0932814468814231,0.3640292782540259,0.3640292782540259,236,0.057873876668705776,0.057873876668705776,0.044482878086777394,0.2678199716385677,0.044482878086777394,0.482486742548012,0.024541175677109693,0.0158119884473985,0.06615878202200984,0.06543970512595718,0.3350762669526465,T015_035_015_035,7
237,4.763124956105577,525,175,False,projected_continuous_optimization_loss,237,700,4.5157903763941026e-05,0.6002597950500699,0.03299221359085808,0.03299221359085808,0.03299221359085808,0.02500260201818747,0.02500260201818747,0.02500260201818747,0.02500260201818747,0.02500260201818747,0.15979223145341215,0.15979223145341215,0.15979223145341215,0.6002597950500699,0.07885116794531467,0.10883494904488084,0.4874074074074074,0.03299221359085808,2849.8324389001355,2849.8324389001355,11.995594899985008,5710.510509490967,,fixed_iterations,,0.023822847199520825,0.023822847199520825,0.1190531192668489,0.1190531192668489,0.09451043801685459,0.09451043801685459,0.36287339056684553,0.36287339056684553,237,0.058579448953872,0.058579448953872,0.045229339525752144,0.2670021885623972,0.045229339525752144,0.48327745495053426,0.025587235363013924,0.01584741973630744,0.06574904093265405,0.06434233743107545,0.3373386568504973,T015_035_015_035,7
238,4.794732675182567,525,175,False,projected_continuous_optimization_loss,238,700,4.510208395680381e-05,0.6006463223726329,0.03265421233730659,0.03265421233730659,0.03265421233730659,0.024680044345581437,0.024680044345581437,0.024680044345581437,0.024680044345581437,0.024680044345581437,0.15948335983450293,0.15948335983450293,0.15948335983450293,0.6006463223726329,0.0789147386216948,0.10892834302912792,0.48768518518518517,0.03265421233730659,2861.886520900065,2861.886520900065,12.054081999929622,5734.653541564941,,fixed_iterations,,0.023867210567355784,0.023867210567355784,0.11934435242813864,0.11934435242813864,0.09575571971084,0.09575571971084,0.36167903966629855,0.36167903966629855,238,0.05804683494391573,0.05804683494391573,0.04476928115450068,0.265551075788301,0.04476928115450068,0.4846835188078097,0.02539262260660914,0.01513597301717243,0.06837018083159972,0.06300030871479165,0.3381770562442459,T015_035_015_035,7
239,4.826550140574099,525,175,False,projected_continuous_optimization_loss,239,700,4.504575599710449e-05,0.6010037544993082,0.032318942820293614,0.032318942820293614,0.032318942820293614,0.02435904262411119,0.02435904262411119,0.02435904262411119,0.02435904262411119,0.02435904262411119,0.1591980039236484,0.1591980039236484,0.1591980039236484,0.6010037544993082,0.07897819120483562,0.10902168289902552,0.48799382716049383,0.032318942820293614,2873.9193662001053,2873.9193662001053,12.032845300040208,5758.780186891556,,fixed_iterations,,0.023912182169529936,0.023912182169529936,0.1196271855255139,0.1196271855255139,0.097016607907763,0.097016607907763,0.3604477788965013,0.3604477788965013,239,0.0577718832025075,0.0577718832025075,0.044465803419644075,0.26612159565726845,0.044465803419644075,0.48413025320603614,0.025452940382213886,0.015037043837206072,0.06894901210994696,0.06283860243976841,0.33730559481911465,T015_035_015_035,7
240,4.8585787441400665,525,175,False,projected_continuous_optimization_loss,240,700,4.4988910169895496e-05,0.6013335200759027,0.03198673702935068,0.03198673702935068,0.03198673702935068,0.024039988918597148,0.024039988918597148,0.024039988918597148,0.024039988918597148,0.024039988918597148,0.1589349622150707,0.1589349622150707,0.1589349622150707,0.6013335200759027,0.0790415283333469,0.10911511616617527,0.48830246913580244,0.03198673702935068,2885.9824492001208,2885.9824492001208,12.063083000015467,5782.867623806,,fixed_iterations,,0.02395785586522559,0.02395785586522559,0.1199018271102262,0.1199018271102262,0.09829220388367937,0.09829220388367937,0.3591816332167715,0.3591816332167715,240,0.057888891355609214,0.057888891355609214,0.04490939698330117,0.25958988744616096,0.04490939698330117,0.49050035579388185,0.02590215432625853,0.01517452386275191,0.06949613515606176,0.06310398361174685,0.34272571316332134,T015_035_015_035,7
241,4.890819886976632,525,175,False,projected_continuous_optimization_loss,241,700,4.49315372926814e-05,0.6016370121916016,0.0316579286913111,0.0316579286913111,0.0316579286913111,0.02372327518852939,0.02372327518852939,0.02372327518852939,0.02372327518852939,0.02372327518852939,0.15869307005563427,0.15869307005563427,0.15869307005563427,0.6016370121916016,0.07910474447277664,0.1092087065399675,0.48864197530864195,0.0316579286913111,2898.0112464000704,2898.0112464000704,12.028797199949622,5807.001813411713,,fixed_iterations,,0.024004261322627923,0.024004261322627923,0.12016865812210815,0.12016865812210815,0.09958133650630617,0.09958133650630617,0.35788275624055926,0.35788275624055926,241,0.05732323771229131,0.05732323771229131,0.04429904561799605,0.26048384188590507,0.04429904561799605,0.48962382315991165,0.025665309020980208,0.014963843351763345,0.07042942724343279,0.06325347678086257,0.34097707578385295,T015_035_015_035,7
242,4.923274979477524,525,175,False,projected_continuous_optimization_loss,242,700,4.48736220347574e-05,0.6019155196848108,0.03133274209976239,0.03133274209976239,0.03133274209976239,0.02340917942637167,0.02340917942637167,0.02340917942637167,0.02340917942637167,0.02340917942637167,0.15847125346781432,0.15847125346781432,0.15847125346781432,0.6019155196848108,0.07916783994373323,0.1093021142673792,0.4891666666666667,0.03133274209976239,2910.018193700118,2910.018193700118,12.006947300047614,5831.066078662872,,fixed_iterations,,0.024051609906462088,0.024051609906462088,0.12042819911481675,0.12042819911481675,0.10088278168264568,0.10088278168264568,0.3565529289808862,0.3565529289808862,242,0.05739892204088618,0.05739892204088618,0.04443712170067055,0.2592360068043125,0.04443712170067055,0.49084775675215514,0.026066179941123792,0.014559323146420928,0.07133388225102007,0.06251234582754454,0.34244220552716964,T015_035_015_035,7
243,4.955945441395728,525,175,False,projected_continuous_optimization_loss,243,700,4.481514529893715e-05,0.602170328652077,0.03101131661539778,0.03101131661539778,0.03101131661539778,0.023097894245157954,0.023097894245157954,0.023097894245157954,0.023097894245157954,0.023097894245157954,0.15826844740479645,0.15826844740479645,0.15826844740479645,0.602170328652077,0.07923082601591253,0.10939563317020763,0.48953703703703705,0.03101131661539778,2922.0655579001177,2922.0655579001177,12.04736419999972,5855.225281953812,,fixed_iterations,,0.024100309779548086,0.024100309779548086,0.12068092621843916,0.12068092621843916,0.10219548166061773,0.10219548166061773,0.355193610993472,0.355193610993472,243,0.05699381513876595,0.05699381513876595,0.04419745194720141,0.25592726383129083,0.04419745194720141,0.4941074582173692,0.025982498523368175,0.014702323735066017,0.07237726604770688,0.06266029745101938,0.34436757098357695,T015_035_015_035,7
244,4.988832701905602,525,175,False,projected_continuous_optimization_loss,244,700,4.475609010130739e-05,0.602402838430372,0.03069381443609962,0.03069381443609962,0.03069381443609962,0.022789639291688372,0.022789639291688372,0.022789639291688372,0.022789639291688372,0.022789639291688372,0.15808350288822495,0.15808350288822495,0.15808350288822495,0.602402838430372,0.0792937148528631,0.10948854492614983,0.4896913580246914,0.03069381443609962,2934.064100600197,2934.064100600197,11.99854270007927,5879.351691246033,,fixed_iterations,,0.02415072960895337,0.02415072960895337,0.12092723587004536,0.12092723587004536,0.10351845486842859,0.10351845486842859,0.35380641808294455,0.35380641808294455,244,0.05660789911160488,0.05660789911160488,0.04389602690989098,0.254237444034278,0.04389602690989098,0.4957803613163426,0.02591408467550526,0.014909041970703939,0.07346186264922368,0.06223670280948469,0.3451727538869303,T015_035_015_035,7
245,5.021938199665387,525,175,False,projected_continuous_optimization_loss,245,700,4.4696445712823664e-05,0.6026145884284825,0.03038049456721932,0.03038049456721932,0.03038049456721932,0.022484736300726095,0.022484736300726095,0.022484736300726095,0.022484736300726095,0.022484736300726095,0.15791516532986447,0.15791516532986447,0.15791516532986447,0.6026145884284825,0.07935650930762858,0.1095812077954671,0.49027777777777776,0.03038049456721932,2946.0942755001597,2946.0942755001597,12.03017489996273,5903.525139570236,,fixed_iterations,,0.024203019647014896,0.024203019647014896,0.12116746703962253,0.12116746703962253,0.10485063064547324,0.10485063064547324,0.35239347109637176,0.35239347109637176,245,0.057631812414855696,0.057631812414855696,0.04502080802288004,0.2522200878395131,0.04502080802288004,0.4977848191865233,0.027251317847636375,0.014499472969609049,0.072173583897316,0.0624217092893186,0.34869005303027967,T015_035_015_035,7
246,5.055263382880149,525,175,False,projected_continuous_optimization_loss,246,700,4.4636207269102846e-05,0.6028071442787355,0.03007163808725914,0.03007163808725914,0.03007163808725914,0.022183529855458475,0.022183529855458475,0.022183529855458475,0.022183529855458475,0.022183529855458475,0.15776216463601325,0.15776216463601325,0.15776216463601325,0.6028071442787355,0.07941920686122382,0.10967327410740883,0.4908950617283951,0.03007163808725914,2958.1303499002242,2958.1303499002242,12.036074400064535,5927.665551900864,,fixed_iterations,,0.024257239428481868,0.024257239428481868,0.12140199152079556,0.12140199152079556,0.1061908292208406,0.1061908292208406,0.3509570841086174,0.3509570841086174,246,0.05623057307472941,0.05623057307472941,0.04381130731413324,0.2483853152119234,0.04381130731413324,0.5016173004488184,0.02615893498747027,0.01393848086590724,0.07577061918902157,0.06251500447888884,0.34939319591500073,T015_035_015_035,7
247,5.088809709365128,525,175,False,projected_continuous_optimization_loss,247,700,4.4575371046888404e-05,0.602981984707948,0.029767435588526715,0.029767435588526715,0.029767435588526715,0.021886270365204706,0.021886270365204706,0.021886270365204706,0.021886270365204706,0.021886270365204706,0.15762330446644016,0.15762330446644016,0.15762330446644016,0.602981984707948,0.0794818108535572,0.10976506686707907,0.49151234567901236,0.029767435588526715,2970.1855719002197,2970.1855719002197,12.05522199999541,5951.848722934723,,fixed_iterations,,0.024313612997196286,0.024313612997196286,0.12163124145274237,0.12163124145274237,0.10753788993594363,0.10753788993594363,0.3494992403220656,0.3494992403220656,247,0.055048559133918006,0.055048559133918006,0.04272212936817926,0.2465285953147749,0.04272212936817926,0.5034835397343056,0.02528112354539129,0.01324205234829809,0.07873746854862797,0.06273230500904281,0.3487717138283367,T015_035_015_035,7
248,5.122578646609507,525,175,False,projected_continuous_optimization_loss,248,700,4.4513931965488335e-05,0.6031404997810136,0.029467980646063312,0.029467980646063312,0.029467980646063312,0.02159310750036013,0.02159310750036013,0.02159310750036013,0.02159310750036013,0.02159310750036013,0.1574974629140637,0.1574974629140637,0.1574974629140637,0.6031404997810136,0.07954433174568912,0.10985783635959963,0.49194444444444446,0.029467980646063312,2982.2058642001357,2982.2058642001357,12.020292299916036,5975.994329452515,,fixed_iterations,,0.02437255683813698,0.02437255683813698,0.12185570633014216,0.12185570633014216,0.10889068614368204,0.10889068614368204,0.3480215504690524,0.3480215504690524,248,0.05427400669754369,0.05427400669754369,0.041956653236146606,0.2463470692279416,0.041956653236146606,0.5036663730634992,0.024806026051480377,0.01305486419653871,0.08099581843056702,0.06186357155376214,0.34775211888263124,T015_035_015_035,7
249,5.156571671840616,525,175,False,projected_continuous_optimization_loss,249,700,4.44518837909069e-05,0.6032840893023853,0.029173373511468585,0.029173373511468585,0.029173373511468585,0.021304197821436693,0.021304197821436693,0.021304197821436693,0.021304197821436693,0.021304197821436693,0.1573835138006378,0.1573835138006378,0.1573835138006378,0.6032840893023853,0.07960677663961523,0.10995070260403085,0.49228395061728397,0.029173373511468585,2994.266147000133,2994.266147000133,12.060282799997367,6000.17493224144,,fixed_iterations,,0.024434442497882618,0.024434442497882618,0.12207590303577108,0.12207590303577108,0.11024800541187338,0.11024800541187338,0.34652573835685824,0.34652573835685824,249,0.05292090053377729,0.05292090053377729,0.04067568286871014,0.24490435330134305,0.04067568286871014,0.5051218803570489,0.023747527022308708,0.013300722392476776,0.08330493765266817,0.062339903469112355,0.3461763168427916,T015_035_015_035,7
250,5.190790272088543,525,175,False,projected_continuous_optimization_loss,250,700,4.438922107579527e-05,0.603414243504026,0.028883792644274847,0.028883792644274847,0.028883792644274847,0.021019779531500644,0.021019779531500644,0.021019779531500644,0.021019779531500644,0.021019779531500644,0.15728026225548403,0.15728026225548403,0.15728026225548403,0.603414243504026,0.07966914331165108,0.11004335770857701,0.4925,0.028883792644274847,3006.29762590013,3006.29762590013,12.031478899996728,6024.34738111496,,fixed_iterations,,0.02449943275574143,0.02449943275574143,0.12229229498514048,0.12229229498514048,0.11160855472113547,0.11160855472113547,0.34501396104200854,0.34501396104200854,250,0.05260392819682043,0.05260392819682043,0.04043887704853387,0.24330102296573122,0.04043887704853387,0.5067444648402502,0.023720135552545582,0.013496332558847402,0.08420178878891162,0.06210655850149695,0.34693978499099415,T015_035_015_035,7
251,5.2252359442511915,525,175,False,projected_continuous_optimization_loss,251,700,4.432594311612707e-05,0.6035325004732488,0.028599426399410113,0.028599426399410113,0.028599426399410113,0.020740102490360388,0.020740102490360388,0.020740102490360388,0.020740102490360388,0.020740102490360388,0.15718647818099446,0.15718647818099446,0.15718647818099446,0.6035325004732488,0.07973142801425916,0.11013649846973039,0.49299382716049384,0.028599426399410113,3018.385921300156,3018.385921300156,12.088295400026254,6048.529365777969,,fixed_iterations,,0.024567626030076548,0.024567626030076548,0.12250527820851964,0.12250527820851964,0.11297112700880552,0.11297112700880552,0.343488469225847,0.343488469225847,251,0.052154808022371074,0.052154808022371074,0.039945186309416014,0.2441924342591012,0.039945186309416014,0.505841691095757,0.02355538162296096,0.013137153922794947,0.08512354897543324,0.062270974291370816,0.345310013906158,T015_035_015_035,7
252,5.259910195159762,525,175,False,projected_continuous_optimization_loss,252,700,4.426205445270015e-05,0.6036403471891475,0.028320389212084896,0.028320389212084896,0.028320389212084896,0.020465340493267915,0.020465340493267915,0.020465340493267915,0.020465340493267915,0.020465340493267915,0.15710097437633963,0.15710097437633963,0.15710097437633963,0.6036403471891475,0.0797936346021921,0.11022989395035944,0.49354938271604937,0.028320389212084896,3030.417766900151,3030.417766900151,12.031845599994995,6072.660561800003,,fixed_iterations,,0.024639282311006146,0.024639282311006146,0.12271518855863418,0.12271518855863418,0.11433469835045768,0.11433469835045768,0.34195117796904945,0.34195117796904945,252,0.05241960200023004,0.05241960200023004,0.040223213017999436,0.24392777964461204,0.040223213017999436,0.5061095469189428,0.024099212788145145,0.012478840787019305,0.08536926063092348,0.06208193855643238,0.3461795069445676,T015_035_015_035,7
253,5.294814541644667,525,175,False,projected_continuous_optimization_loss,253,700,4.4197561142310106e-05,0.6037391424104498,0.028046704453526708,0.028046704453526708,0.028046704453526708,0.020195571090646416,0.020195571090646416,0.020195571090646416,0.020195571090646416,0.020195571090646416,0.1570226672576058,0.1570226672576058,0.1570226672576058,0.6037391424104498,0.07985577035399154,0.11032241467880413,0.49364197530864196,0.028046704453526708,3042.3660035001813,3042.3660035001813,11.948236600030214,6096.60186457634,,fixed_iterations,,0.024714805975609305,0.024714805975609305,0.1229225056005656,0.1229225056005656,0.11569815477381991,0.11569815477381991,0.34040367606045496,0.34040367606045496,253,0.051065895121836416,0.051065895121836416,0.03880793003844532,0.24515930166782196,0.03880793003844532,0.5048643603336335,0.023019190668309708,0.01245156068623332,0.08757079771686677,0.062481372810210496,0.3423606291203229,T015_035_015_035,7
254,5.329950510601881,525,175,False,projected_continuous_optimization_loss,254,700,4.413246600771518e-05,0.6038301992421446,0.027778437232043415,0.027778437232043415,0.027778437232043415,0.019930911680417475,0.019930911680417475,0.019930911680417475,0.019930911680417475,0.019930911680417475,0.1569505110325188,0.1569505110325188,0.1569505110325188,0.6038301992421446,0.0799178347678498,0.11041517184768733,0.49401234567901237,0.027778437232043415,3054.3895504001994,3054.3895504001994,12.023546900018118,6120.736351251602,,fixed_iterations,,0.024794502451895496,0.024794502451895496,0.12312769987706686,0.12312769987706686,0.11706017416694879,0.11706017416694879,0.33884782274623354,0.33884782274623354,254,0.05028902462885461,0.05028902462885461,0.03820047488677118,0.24177099484166856,0.03820047488677118,0.5082978596328175,0.022510587396811194,0.011810347192548391,0.0896795757486493,0.0634361935771014,0.34337174311451835,T015_035_015_035,7
255,5.365319639059746,525,175,False,projected_continuous_optimization_loss,255,700,4.406676856655224e-05,0.6039148202668638,0.0275156413916383,0.0275156413916383,0.0275156413916383,0.01967146791142676,0.01967146791142676,0.01967146791142676,0.01967146791142676,0.01967146791142676,0.15688346960423077,0.15688346960423077,0.15688346960423077,0.6039148202668638,0.07997981974950577,0.11050747781493876,0.49459876543209874,0.0275156413916383,3066.4109105002135,3066.4109105002135,12.021360100014135,6144.858214855194,,fixed_iterations,,0.02487852381574073,0.02487852381574073,0.12333144083592465,0.12333144083592465,0.11841924679162812,0.11841924679162812,0.33728560882357034,0.33728560882357034,255,0.049591709237138536,0.049591709237138536,0.03744104848493089,0.2430132150441529,0.03744104848493089,0.5070362943946554,0.022076067845500237,0.011481859729769622,0.09054912593600456,0.06432231248260009,0.3406829962462811,T015_035_015_035,7
256,5.400923474246198,525,175,False,projected_continuous_optimization_loss,256,700,4.4000470577458245e-05,0.6039944292525457,0.027258480971790525,0.027258480971790525,0.027258480971790525,0.019417460368639675,0.019417460368639675,0.019417460368639675,0.019417460368639675,0.019417460368639675,0.15682041206301697,0.15682041206301697,0.15682041206301697,0.6039944292525457,0.0800417204272352,0.11059894047110777,0.495,0.027258480971790525,3078.310040500248,3078.310040500248,11.899130000034347,6168.850927352905,,fixed_iterations,,0.024966995098595606,0.024966995098595606,0.12353374498442399,0.12353374498442399,0.1197744230813327,0.1197744230813327,0.33571926608819347,0.33571926608819347,256,0.04948559682901563,0.04948559682901563,0.037341535031365135,0.24288123595300976,0.037341535031365135,0.5071701754631628,0.022227115857225102,0.011517617456842268,0.09077013459312683,0.06430765700764629,0.3405747664055474,T015_035_015_035,7
257,5.436763573656452,525,175,False,projected_continuous_optimization_loss,257,700,4.3933581348973194e-05,0.6040702427271186,0.027006769089883156,0.027006769089883156,0.027006769089883156,0.019168750455175014,0.019168750455175014,0.019168750455175014,0.019168750455175014,0.019168750455175014,0.15676037269416285,0.15676037269416285,0.15676037269416285,0.6040702427271186,0.08010354058275697,0.11068996793982315,0.4954320987654321,0.027006769089883156,3090.260382600245,3090.260382600245,11.950342099997215,6192.87769651413,,fixed_iterations,,0.025060274857212104,0.025060274857212104,0.12373566760300583,0.12373566760300583,0.12112444306711345,0.12112444306711345,0.3341498571997871,0.3341498571997871,257,0.04897411978133767,0.04897411978133767,0.03691613732064486,0.2411596492138563,0.03691613732064486,0.5089199156819163,0.021967350691454515,0.01153190636034958,0.09171088250180578,0.06492639829980783,0.34075072851995303,T015_035_015_035,7
258,5.472841505121145,525,175,False,projected_continuous_optimization_loss,258,700,4.386611045285539e-05,0.6041436961264303,0.02676093317997379,0.02676093317997379,0.02676093317997379,0.018925822514151595,0.018925822514151595,0.018925822514151595,0.018925822514151595,0.018925822514151595,0.1567022133164439,0.1567022133164439,0.1567022133164439,0.6041436961264303,0.08016527993039346,0.11078146109630767,0.4953395061728395,0.02676093317997379,3102.2827050002525,3102.2827050002525,12.022322400007397,6217.014200925827,,fixed_iterations,,0.025158568915235175,0.025158568915235175,0.12393578472844803,0.12393578472844803,0.12246914720319065,0.12246914720319065,0.33258019527955646,0.33258019527955646,258,0.0478225921999139,0.0478225921999139,0.035899319218697864,0.23846545962432072,0.035899319218697864,0.5116707467043156,0.021061659019940112,0.011034208917140933,0.09463690783412061,0.06560621322595318,0.3403934167271008,T015_035_015_035,7
259,5.509158846874906,525,175,False,projected_continuous_optimization_loss,259,700,4.379806718776464e-05,0.604215323427145,0.026519850227102466,0.026519850227102466,0.026519850227102466,0.018687574716608493,0.018687574716608493,0.018687574716608493,0.018687574716608493,0.018687574716608493,0.15664551020987943,0.15664551020987943,0.15664551020987943,0.604215323427145,0.08022693333727102,0.11087311115537392,0.49589506172839504,0.026519850227102466,3114.361785200308,3114.361785200308,12.079080200055614,6241.188817024231,,fixed_iterations,,0.025262400511540533,0.025262400511540533,0.12413909474482784,0.12413909474482784,0.12380484295386657,0.12380484295386657,0.33100898521691,0.33100898521691,259,0.04710673235252513,0.04710673235252513,0.03536688879105091,0.23479687122948434,0.03536688879105091,0.5154415708818137,0.020586882125422666,0.010851373887880279,0.0965244684453257,0.06637873378274489,0.3416869947658629,T015_035_015_035,7
260,5.54571718762541,525,175,False,projected_continuous_optimization_loss,260,700,4.372944438029657e-05,0.6042875206076304,0.026286344716980506,0.026286344716980506,0.026286344716980506,0.018456926399637676,0.018456926399637676,0.018456926399637676,0.018456926399637676,0.018456926399637676,0.15658836634685658,0.15658836634685658,0.15658836634685658,0.6042875206076304,0.08028848082956845,0.11096491697017503,0.49651234567901237,0.026286344716980506,3126.3692648003343,3126.3692648003343,12.007479600026272,6265.28678560257,,fixed_iterations,,0.025371100812379296,0.025371100812379296,0.12433467707955835,0.12433467707955835,0.125135832446277,0.125135832446277,0.3294459102694157,0.3294459102694157,260,0.046892930158733484,0.046892930158733484,0.03524233753667649,0.23301185244113992,0.03524233753667649,0.5172869874955307,0.020606585441752978,0.011031941172271166,0.09727281318522564,0.06624230667355666,0.34273992646447726,T015_035_015_035,7
261,5.5825181266228645,525,175,False,projected_continuous_optimization_loss,261,700,4.3660278971481114e-05,0.6043581855657011,0.026052959639799006,0.026052959639799006,0.026052959639799006,0.018226337373355793,0.018226337373355793,0.018226337373355793,0.018226337373355793,0.018226337373355793,0.1565324453288642,0.1565324453288642,0.1565324453288642,0.6043581855657011,0.08034994401939241,0.11105657907930128,0.4970679012345679,0.026052959639799006,3138.3243551002815,3138.3243551002815,11.955090299947187,6289.378181219101,,fixed_iterations,,0.025486961547176765,0.025486961547176765,0.12455281490120675,0.12455281490120675,0.1264463768107323,0.1264463768107323,0.32787203230658524,0.32787203230658524,261,0.046318007805137826,0.046318007805137826,0.03476290093112677,0.2311021374802211,0.03476290093112677,0.5192691631690128,0.02026504816533882,0.010717408473643865,0.09847396473978812,0.0672888500040062,0.3427889399515747,T015_035_015_035,7
262,5.6195632737299785,525,175,False,projected_continuous_optimization_loss,262,700,4.3590594786022315e-05,0.6044365432250922,0.025839786713327415,0.025839786713327415,0.025839786713327415,0.018016264296541698,0.018016264296541698,0.018016264296541698,0.018016264296541698,0.018016264296541698,0.15647044833571433,0.15647044833571433,0.15647044833571433,0.6044365432250922,0.08041125411289596,0.11114493430131457,0.49719135802469133,0.025839786713327415,3150.433009500266,3150.433009500266,12.108654399984516,6313.696699380875,,fixed_iterations,,0.025604701785835432,0.025604701785835432,0.12471174441291753,0.12471174441291753,0.1277760275015322,0.1277760275015322,0.32634406952480705,0.32634406952480705,262,0.04517437171087104,0.04517437171087104,0.03375031462367064,0.228481141744008,0.03375031462367064,0.5220029898168734,0.019334584997543626,0.010008412850669952,0.10253990975686546,0.06686104906392451,0.34259361814541356,T015_035_015_035,7
263,5.656854249492381,525,175,False,projected_continuous_optimization_loss,263,700,4.3521229079162295e-05,0.604502062665441,0.025590032253311377,0.025590032253311377,0.025590032253311377,0.017769101331516837,0.017769101331516837,0.017769101331516837,0.017769101331516837,0.017769101331516837,0.1564186184358908,0.1564186184358908,0.1564186184358908,0.604502062665441,0.08047260137611335,0.11123233132605001,0.49746913580246915,0.025590032253311377,3162.555215500295,3162.555215500295,12.12220600002911,6337.985905647278,,fixed_iterations,,0.02573996376050635,0.02573996376050635,0.12504353168859964,0.12504353168859964,0.1290104892912226,0.1290104892912226,0.32470807792511236,0.32470807792511236,263,0.04506799497317582,0.04506799497317582,0.03368196794953723,0.22772054047277185,0.03368196794953723,0.5227992660601076,0.01947796271986444,0.009926926220547003,0.10362459464626457,0.06601423160135644,0.34323351359193965,T015_035_015_035,7
264,5.69439268520951,525,175,False,projected_continuous_optimization_loss,264,700,4.345718712795972e-05,0.6046136256096546,0.02546845826148753,0.02546845826148753,0.02546845826148753,0.01765193900881041,0.01765193900881041,0.01765193900881041,0.01765193900881041,0.01765193900881041,0.15633038505354238,0.15633038505354238,0.15633038505354238,0.6046136256096546,0.08053338072919647,0.11131883594757086,0.4976851851851852,0.02546845826148753,3174.5490072002867,3174.5490072002867,11.993791699991561,6362.034549236298,,fixed_iterations,,0.025848660529904078,0.025848660529904078,0.12487247742683201,0.12487247742683201,0.13047650384444284,0.13047650384444284,0.3234159838084757,0.3234159838084757,264,0.04517279826912875,0.04517279826912875,0.03389658328229046,0.2255242997367657,0.03389658328229046,0.5251060121071591,0.019704340007641218,0.009746149215411417,0.10344429133374484,0.06680771534715052,0.3451078562108523,T015_035_015_035,7
265,5.732180223005983,525,175,False,projected_continuous_optimization_loss,265,700,4.345098630517089e-05,0.6046097584496585,0.024980651515990104,0.024980651515990104,0.024980651515990104,0.017163979360328235,0.017163979360328235,0.017163979360328235,0.017163979360328235,0.017163979360328235,0.1563334431132374,0.1563334431132374,0.1563334431132374,0.6046097584496585,0.08059534650767636,0.11141031766335474,0.498179012345679,0.024980651515990104,3186.562491300283,3186.562491300283,12.013484099996276,6386.190638065338,,fixed_iterations,,0.026060975276735447,0.026060975276735447,0.1262399221461215,0.1262399221461215,0.13118951893493377,0.13118951893493377,0.32111934209186777,0.32111934209186777,265,0.04482419282262291,0.04482419282262291,0.03344315998422697,0.2276206567679188,0.03344315998422697,0.5229039333971419,0.01984354130663281,0.009569044764419466,0.10426736076196937,0.06640028724711351,0.3426672406236395,T015_035_015_035,7
266,5.770218515903425,525,175,False,projected_continuous_optimization_loss,266,700,4.399216969139077e-05,0.6049563302502289,0.025653836984947775,0.025653836984947775,0.025653836984947775,0.01785086193447947,0.01785086193447947,0.01785086193447947,0.01785086193447947,0.01785086193447947,0.15605950100936614,0.15605950100936614,0.15605950100936614,0.6049563302502289,0.08065274479667899,0.11148607611374763,0.49842592592592594,0.025653836984947775,3198.59904210025,3198.59904210025,12.03655079996679,6410.357442140579,,fixed_iterations,,0.025983112174958974,0.025983112174958974,0.12284062100563252,0.12284062100563252,0.1341732813829016,0.1341732813829016,0.3219593156867358,0.3219593156867358,266,0.044414211418856854,0.044414211418856854,0.03335568300355601,0.22117056830601692,0.03335568300355601,0.52971224946208,0.01876037443390908,0.008695491128925483,0.10653309033074528,0.06762040867451409,0.34686325932789513,T015_035_015_035,7
267,5.808509227892773,525,175,False,projected_continuous_optimization_loss,267,700,5.015370191986162e-05,0.6043605959015326,0.022761453298065414,0.022761453298065414,0.022761453298065414,0.014934926394295892,0.014934926394295892,0.014934926394295892,0.014934926394295892,0.014934926394295892,0.1565305380753904,0.1565305380753904,0.1565305380753904,0.6043605959015326,0.08071429497587648,0.11158006260358698,0.49910493827160496,0.022761453298065414,3210.635536500253,3210.635536500253,12.036494400002994,6434.4918575286865,,fixed_iterations,,0.02670589536442328,0.02670589536442328,0.13473217063602566,0.13473217063602566,0.12996762096174574,0.12996762096174574,0.3129549089393379,0.3129549089393379,267,0.04171741692755724,0.04171741692755724,0.029962560964755136,0.23509711925604201,0.029962560964755136,0.5151318537416156,0.018955963629491826,0.010490755297841563,0.11227717748921033,0.06210882158365293,0.33025509937091074,T015_035_015_035,7
268,5.847054034007085,525,175,False,projected_continuous_optimization_loss,268,700,0.00011117397549859343,0.6048676513365326,0.029687803714241606,0.029687803714241606,0.029687803714241606,0.021881325066226212,0.021881325066226212,0.021881325066226212,0.021881325066226212,0.021881325066226212,0.15612957296030786,0.15612957296030786,0.15612957296030786,0.6048676513365326,0.08082453933204314,0.11169685851654802,0.4981172839506173,0.029687803714241606,3222.6316270002862,3222.6316270002862,11.99609050003346,6458.560528993607,,fixed_iterations,,0.026035020561184646,0.026035020561184646,0.10538209452368592,0.10538209452368592,0.1453407938109932,0.1453407938109932,0.3281097424406689,0.3281097424406689,268,0.048598937465400394,0.048598937465400394,0.03823712207694162,0.20723630776917543,0.03823712207694162,0.544767852882537,0.018911133751158788,0.008588975053824216,0.0968263670020486,0.0722001619497681,0.3671523488768962,T015_035_015_035,7
269,5.885854620394803,525,175,False,projected_continuous_optimization_loss,269,700,0.0005017589884207725,0.6094065017389597,0.018845803177146875,0.018845803177146875,0.018845803177146875,0.011217639132957011,0.011217639132957011,0.011217639132957011,0.011217639132957011,0.011217639132957011,0.15256328088379728,0.15256328088379728,0.15256328088379728,0.6094065017389597,0.08052027449921315,0.11119394786358112,0.49925925925925924,0.018845803177146875,3234.651088900282,3234.651088900282,12.019461899995804,6482.682577848434,,fixed_iterations,,0.02562191428813799,0.02562191428813799,0.15663546184197236,0.15663546184197236,0.12409298279375673,0.12409298279375673,0.30305614281509263,0.30305614281509263,269,0.030533664891792333,0.030533664891792333,0.0178430865459275,0.25381156691729667,0.0178430865459275,0.49620285142004156,0.011687861714645458,0.010749350665465361,0.15052224333317107,0.04997690480773094,0.2849543526136742,T015_035_015_035,7
270,5.924912684393519,525,175,False,projected_continuous_optimization_loss,270,700,0.0008469891177385302,0.6111808790611054,0.024425781977976548,0.024425781977976548,0.024425781977976548,0.016866766537591817,0.016866766537591817,0.016866766537591817,0.016866766537591817,0.016866766537591817,0.15118030880769465,0.15118030880769465,0.15118030880769465,0.6111808790611054,0.0811185205068355,0.11218500592470146,0.5003086419753087,0.024425781977976548,3246.660084500327,3246.660084500327,12.008995600044727,6506.723086595535,,fixed_iterations,,0.027878718304793243,0.027878718304793243,0.12289367913210851,0.12289367913210851,0.1483176201069286,0.1483176201069286,0.3120908615172751,0.3120908615172751,270,0.03994916983164966,0.03994916983164966,0.029555275291542223,0.20787789080214863,0.029555275291542223,0.5440637206778246,0.015523387853673111,0.00882176270392253,0.11726473707844493,0.07183575904065295,0.34614146185480427,T015_035_015_035,7
271,5.964229934604211,525,175,False,projected_continuous_optimization_loss,271,700,0.00015729864191314723,0.6128842872370881,0.024968343958588414,0.024968343958588414,0.024968343958588414,0.01747541520519155,0.01747541520519155,0.01747541520519155,0.01747541520519155,0.01747541520519155,0.14985857506793732,0.14985857506793732,0.14985857506793732,0.6128842872370881,0.08116199761662443,0.11221229331023444,0.49969135802469133,0.024968343958588414,3258.6901061002864,3258.6901061002864,12.030021599959582,6530.7568373680115,,fixed_iterations,,0.026994414925785998,0.026994414925785998,0.12165827892449058,0.12165827892449058,0.14880597447784014,0.14880597447784014,0.3154256189089714,0.3154256189089714,271,0.044629845176136246,0.044629845176136246,0.03389107735618773,0.2147753563989703,0.03389107735618773,0.5365613779593134,0.019661501217547832,0.0068398552002061,0.10649114010079438,0.07138551305777807,0.35184486960053485,T015_035_015_035,7
272,6.003808090966012,525,175,False,projected_continuous_optimization_loss,272,700,0.0003960932591842086,0.6219171904259687,0.017964500316120142,0.017964500316120142,0.017964500316120142,0.010817169771350478,0.010817169771350478,0.010817169771350478,0.010817169771350478,0.010817169771350478,0.1429466108953933,0.1429466108953933,0.1429466108953933,0.6219171904259687,0.08066016302627954,0.11126515029284469,0.5009567901234568,0.017964500316120142,3270.741288900259,3270.741288900259,12.051182799972594,6554.837363958359,,fixed_iterations,,0.02414117267439389,0.02414117267439389,0.1639097141256311,0.1639097141256311,0.12725646307601607,0.12725646307601607,0.3066098405499276,0.3066098405499276,272,0.03722383881050975,0.03722383881050975,0.02419785749873775,0.2605196262354401,0.02419785749873775,0.4895887675261838,0.01925933849438961,0.006953329747252582,0.1276289422755537,0.05507682252018083,0.29992967298319667,T015_035_015_035,7
273,6.043648884831425,525,175,False,projected_continuous_optimization_loss,273,700,0.0002902295841156431,0.6255538414715223,0.01709198482133982,0.01709198482133982,0.01709198482133982,0.010081488539503126,0.010081488539503126,0.010081488539503126,0.010081488539503126,0.010081488539503126,0.14020992563673387,0.14020992563673387,0.14020992563673387,0.6255538414715223,0.08085216081909746,0.11157610198577753,0.5014814814814815,0.01709198482133982,3282.6907025002874,3282.6907025002874,11.949413600028493,6578.813650608063,,fixed_iterations,,0.02599609443824314,0.02599609443824314,0.16544148722021182,0.16544148722021182,0.1326592111603905,0.1326592111603905,0.3014570486526768,0.3014570486526768,273,0.0341378287298673,0.0341378287298673,0.021385019300160017,0.25505618859414575,0.021385019300160017,0.494969121147879,0.01704584390852748,0.005320218053360628,0.13565230045853738,0.059969973494656985,0.29402662914132394,T015_035_015_035,7
274,6.083754059042075,525,175,False,projected_continuous_optimization_loss,274,700,0.00016922534924464834,0.6246908049459112,0.019656343640389845,0.019656343640389845,0.019656343640389845,0.012613494045782443,0.012613494045782443,0.012613494045782443,0.012613494045782443,0.012613494045782443,0.14085699189214806,0.14085699189214806,0.14085699189214806,0.6246908049459112,0.08139682500945102,0.11254086294596895,0.500679012345679,0.019656343640389845,3294.5403483002447,3294.5403483002447,11.849645799957216,6602.739252567291,,fixed_iterations,,0.030585620287142855,0.030585620287142855,0.14247061147766482,0.14247061147766482,0.15328780295416605,0.15328780295416605,0.29834677022693745,0.29834677022693745,274,0.036811012351230715,0.036811012351230715,0.02567874783320914,0.2226452903604316,0.02567874783320914,0.5281469610562718,0.01715466871084087,0.005012052050121988,0.12559397910856063,0.07272363927791113,0.32481729061967796,T015_035_015_035,7
275,6.124125368004947,525,175,False,projected_continuous_optimization_loss,275,700,0.0002997073352820602,0.6311392753962611,0.017395684989609188,0.017395684989609188,0.017395684989609188,0.010592773281849426,0.010592773281849426,0.010592773281849426,0.010592773281849426,0.010592773281849426,0.13605823415519522,0.13605823415519522,0.13605823415519522,0.6311392753962611,0.08125067154905703,0.11221642012233618,0.5017901234567901,0.017395684989609188,3306.5709427002585,3306.5709427002585,12.030594400013797,6626.801054477692,,fixed_iterations,,0.029045214795117392,0.029045214795117392,0.15746051858883706,0.15746051858883706,0.14876059398693686,0.14876059398693686,0.29587294802536984,0.29587294802536984,275,0.034829048314853665,0.034829048314853665,0.023109050730856895,0.23439995167993538,0.023109050730856895,0.5158513124256812,0.017433363325244478,0.0045651475741486005,0.13003535526837426,0.07143933224327102,0.30981147733988734,T015_035_015_035,7
276,6.164764577769124,525,175,False,projected_continuous_optimization_loss,276,700,0.00011549294072278947,0.6394365696934383,0.013910386561077731,0.013910386561077731,0.013910386561077731,0.007410087197355993,0.007410087197355993,0.007410087197355993,0.007410087197355993,0.007410087197355993,0.13000598727443477,0.13000598727443477,0.13000598727443477,0.6394365696934383,0.08079880678357722,0.11135893587781252,0.5017592592592592,0.013910386561077731,3318.60746620025,3318.60746620025,12.036523499991745,6650.917052745819,,fixed_iterations,,0.025775672111185564,0.025775672111185564,0.18936457539142135,0.18936457539142135,0.13169008177006475,0.13169008177006475,0.29260624042076666,0.29260624042076666,276,0.029351030471712856,0.029351030471712856,0.01650427716940506,0.2569350660461559,0.01650427716940506,0.4931123733546498,0.015440643910635125,0.004312779011296254,0.1489266830043204,0.06455788873084255,0.27531502260819063,T015_035_015_035,7
277,6.205673466103058,525,175,False,projected_continuous_optimization_loss,277,700,0.000256564188658525,0.6413370203211481,0.01370841201823373,0.01370841201823373,0.01370841201823373,0.007276455368628108,0.007276455368628108,0.007276455368628108,0.007276455368628108,0.007276455368628108,0.1286391329921124,0.1286391329921124,0.1286391329921124,0.6413370203211481,0.08098184484083965,0.11168636917858918,0.500895061728395,0.01370841201823373,3330.6358856002335,3330.6358856002335,12.02841939998325,6675.032778739929,,fixed_iterations,,0.027646984345629528,0.027646984345629528,0.1872120191326303,0.1872120191326303,0.13714317336084242,0.13714317336084242,0.28933484348204597,0.28933484348204597,277,0.029650274669829883,0.029650274669829883,0.017148343412693584,0.25003862514272596,0.017148343412693584,0.49996137634906046,0.015941862651596153,0.004218425002093096,0.14499718882911664,0.0698775312117253,0.2808682313061254,T015_035_015_035,7
278,6.24685382257233,525,175,False,projected_continuous_optimization_loss,278,700,9.517506641739233e-05,0.6395726584728947,0.014776022279907092,0.014776022279907092,0.014776022279907092,0.00828062885389226,0.00828062885389226,0.00828062885389226,0.00828062885389226,0.00828062885389226,0.12990786852029662,0.12990786852029662,0.12990786852029662,0.6395726584728947,0.08144358411277929,0.11253808359590803,0.5010185185185185,0.014776022279907092,3342.6876390002435,3342.6876390002435,12.051753400010057,6699.156628370285,,fixed_iterations,,0.03269662021778048,0.03269662021778048,0.17094176217123744,0.17094176217123744,0.15240299161423537,0.15240299161423537,0.28353128446964143,0.28353128446964143,278,0.03245483606455196,0.03245483606455196,0.020801545055384917,0.23306582018334096,0.020801545055384917,0.5172310902892141,0.01767881378464487,0.00454237830761979,0.13546004358395075,0.07438694598907385,0.3028417224085697,T015_035_015_035,7
279,6.288307448617936,525,175,False,projected_continuous_optimization_loss,279,700,0.00020241332857855662,0.6449741611734432,0.013212798062401755,0.013212798062401755,0.013212798062401755,0.006910630750676744,0.006910630750676744,0.006910630750676744,0.006910630750676744,0.006910630750676744,0.1260433462345002,0.1260433462345002,0.1260433462345002,0.6449741611734432,0.0814119589595037,0.11244865948990941,0.5009876543209877,0.013212798062401755,3354.6289171002572,3354.6289171002572,11.941278100013733,6723.204090118408,,fixed_iterations,,0.032948173101145006,0.032948173101145006,0.18338307324395572,0.18338307324395572,0.14954131506125473,0.14954131506125473,0.2791015997670878,0.2791015997670878,279,0.02951006481976886,0.02951006481976886,0.017510280543677648,0.2399956855218242,0.017510280543677648,0.5101064549090036,0.016297266757367104,0.004288641258860661,0.1433539226278895,0.07543935610967094,0.28702453491258245,T015_035_015_035,7
280,6.330036157635085,525,175,False,projected_continuous_optimization_loss,280,700,0.00010250731552906783,0.6534491792843521,0.011170228618391623,0.011170228618391623,0.011170228618391623,0.005165355051457171,0.005165355051457171,0.005165355051457171,0.005165355051457171,0.005165355051457171,0.12009747133868906,0.12009747133868906,0.12009747133868906,0.6534491792843521,0.08106579306381723,0.11178223819742206,0.5011111111111111,0.011170228618391623,3366.654716300196,3366.654716300196,12.025799199938774,6747.305284976959,,fixed_iterations,,0.029720038635015853,0.029720038635015853,0.21024255215248025,0.21024255215248025,0.1362482335442824,0.1362482335442824,0.27723835495257376,0.27723835495257376,280,0.025968519534059327,0.025968519534059327,0.01321659037465568,0.25503858318807293,0.01321659037465568,0.4949865514780098,0.014798290915667704,0.005174124014985686,0.15761935930113166,0.06995840428031112,0.2622346638815813,T015_035_015_035,7
281,6.372041775052542,525,175,False,projected_continuous_optimization_loss,281,700,0.00015280988750023455,0.656288621819543,0.010973868622776876,0.010973868622776876,0.010973868622776876,0.005066993048241417,0.005066993048241417,0.005066993048241417,0.005066993048241417,0.005066993048241417,0.11813751149070917,0.11813751149070917,0.11813751149070917,0.656288621819543,0.0811180341446833,0.11185702888774184,0.5015432098765432,0.010973868622776876,3378.6822165002814,3378.6822165002814,12.027500200085342,6771.405413866043,,fixed_iterations,,0.03006156730121112,0.03006156730121112,0.21185923062183037,0.21185923062183037,0.1385485756302194,0.1385485756302194,0.27581924826628207,0.27581924826628207,281,0.025671897554081967,0.025671897554081967,0.01267861234092875,0.2598657042630643,0.01267861234092875,0.4902297534544956,0.01469802893130509,0.005204597552470412,0.15819903939325727,0.06965997165024082,0.25716614485852707,T015_035_015_035,7
282,6.414326138412468,525,175,False,projected_continuous_optimization_loss,282,700,0.0001062029949179659,0.6550311047173142,0.011714421256109862,0.011714421256109862,0.011714421256109862,0.0057642443204820246,0.0057642443204820246,0.0057642443204820246,0.0057642443204820246,0.0057642443204820246,0.11900353871255673,0.11900353871255673,0.11900353871255673,0.6550311047173142,0.08149685304148109,0.11254878872767292,0.5007716049382716,0.011714421256109862,3390.6901307003573,3390.6901307003573,12.007914200075902,6795.494809627533,,fixed_iterations,,0.03378012905328036,0.03378012905328036,0.19722250262982136,0.19722250262982136,0.151618148239059,0.151618148239059,0.27241032479515337,0.27241032479515337,282,0.027654496387444903,0.027654496387444903,0.015737960777297222,0.23833071220295357,0.015737960777297222,0.511808733995626,0.01594007513133504,0.00484470608398355,0.14836560158388665,0.07763560430025865,0.28096282202749706,T015_035_015_035,7
283,6.456891097450809,525,175,False,projected_continuous_optimization_loss,283,700,0.00011278102563197135,0.6585984440504267,0.01106756331261519,0.01106756331261519,0.01106756331261519,0.005239812192375707,0.005239812192375707,0.005239812192375707,0.005239812192375707,0.005239812192375707,0.11655502240478965,0.11655502240478965,0.11655502240478965,0.6585984440504267,0.08161830459128307,0.11276862643705111,0.5009567901234568,0.01106756331261519,3402.799568800372,3402.799568800372,12.109438100014813,6819.646287441254,,fixed_iterations,,0.035493603809920664,0.035493603809920664,0.20257317381840606,0.20257317381840606,0.15284976422795893,0.15284976422795893,0.267681902194141,0.267681902194141,283,0.026084784417024668,0.026084784417024668,0.014352963563002353,0.2346364170804463,0.014352963563002353,0.5156071665678298,0.015017221104409478,0.004707622757873679,0.1532741790310079,0.08106773215112202,0.2765576326278261,T015_035_015_035,7
284,6.499738514178212,525,175,False,projected_continuous_optimization_loss,284,700,0.00011375468012082956,0.666450645532908,0.009667572830356488,0.009667572830356488,0.009667572830356488,0.004104814237085798,0.004104814237085798,0.004104814237085798,0.004104814237085798,0.004104814237085798,0.11125517186541378,0.11125517186541378,0.11125517186541378,0.666450645532908,0.0814179888898318,0.11238636631194646,0.5012037037037037,0.009667572830356488,3414.8191183003364,3414.8191183003364,12.019549499964342,6843.736978054047,,fixed_iterations,,0.03333109840183741,0.03333109840183741,0.22579811621392784,0.22579811621392784,0.14209176007747937,0.14209176007747937,0.2652296708396634,0.2652296708396634,284,0.022659978793447375,0.022659978793447375,0.010396053123716206,0.24527851339462334,0.010396053123716206,0.5047439920660999,0.012992405963090887,0.00499736555800411,0.17058390595013903,0.07799304441499996,0.25116967614295677,T015_035_015_035,7
285,6.542870262961474,525,175,False,projected_continuous_optimization_loss,285,700,7.919378705649024e-05,0.6701550336956814,0.009394737125361347,0.009394737125361347,0.009394737125361347,0.003954852035546494,0.003954852035546494,0.003954852035546494,0.003954852035546494,0.003954852035546494,0.10879770179629707,0.10879770179629707,0.10879770179629707,0.6701550336956814,0.08138801074468702,0.11231795830596396,0.5013888888888889,0.009394737125361347,3427.238624800346,3427.238624800346,12.419506500009447,6868.7243485450745,,fixed_iterations,,0.03236667966691189,0.03236667966691189,0.23306729177823635,0.23306729177823635,0.13934362401817899,0.13934362401817899,0.26537743823235416,0.26537743823235416,285,0.02241574132155396,0.02241574132155396,0.010022054146967989,0.24787374349171942,0.010022054146967989,0.5021307968032974,0.013021004196192613,0.004823328045501558,0.17272932959100173,0.07724232516856053,0.24733581399823365,T015_035_015_035,7
286,6.586288230605547,525,175,False,projected_continuous_optimization_loss,286,700,0.00011434676740027318,0.6695644891732644,0.009852532152507362,0.009852532152507362,0.009852532152507362,0.004393150811741076,0.004393150811741076,0.004393150811741076,0.004393150811741076,0.004393150811741076,0.1091876268153257,0.1091876268153257,0.1091876268153257,0.6695644891732644,0.08167547168865069,0.112859592690857,0.5019135802469136,0.009852532152507362,3439.3882180002984,3439.3882180002984,12.149593199952506,6893.106967449188,,fixed_iterations,,0.03445473505956982,0.03445473505956982,0.22047154873179667,0.22047154873179667,0.14883927852131149,0.14883927852131149,0.2657989268605864,0.2657989268605864,286,0.024349384852861526,0.024349384852861526,0.012522519792621346,0.2365373012048036,0.012522519792621346,0.5136489938277051,0.014496852700354165,0.004988491672949932,0.1601770169362137,0.08141480409952301,0.2670686811190185,T015_035_015_035,7
287,6.62999431643607,525,175,False,projected_continuous_optimization_loss,287,700,5.9749678928633406e-05,0.6716131725021034,0.009862405744952844,0.009862405744952844,0.009862405744952844,0.004470510321246174,0.004470510321246174,0.004470510321246174,0.004470510321246174,0.004470510321246174,0.10783790847413338,0.10783790847413338,0.10783790847413338,0.6716131725021034,0.08187739848299766,0.11323236846717707,0.5019135802469136,0.009862405744952844,3451.53449870029,3451.53449870029,12.146280699991621,6917.420508861542,,fixed_iterations,,0.036328869251886685,0.036328869251886685,0.21831979488290995,0.21831979488290995,0.1544207134778106,0.1544207134778106,0.2625437948894961,0.2625437948894961,287,0.02359944962295952,0.02359944962295952,0.012212392464152512,0.2277411431761401,0.012212392464152512,0.5227776795076112,0.013737043878006675,0.005347323420393255,0.1616792722691702,0.08619101691229779,0.26956006690575,T015_035_015_035,7
288,6.673990432382459,525,175,False,projected_continuous_optimization_loss,288,700,0.00011046141187227368,0.6782974541206875,0.009013277921514481,0.009013277921514481,0.009013277921514481,0.0038386515202529243,0.0038386515202529243,0.0038386515202529243,0.0038386515202529243,0.0038386515202529243,0.10349252802523114,0.10349252802523114,0.10349252802523114,0.6782974541206875,0.08179614992029936,0.11306153439956806,0.5018827160493827,0.009013277921514481,3463.6889932003105,3463.6889932003105,12.154494500020519,6941.809535741806,,fixed_iterations,,0.03522828471577229,0.03522828471577229,0.2359728076054429,0.2359728076054429,0.14855489879726436,0.14855489879726436,0.258541463002208,0.258541463002208,288,0.021131408948197317,0.021131408948197317,0.009344487423948594,0.23573843048497442,0.009344487423948594,0.5144709787407404,0.012118131026682835,0.004996785672520578,0.17720204360812103,0.08418735231940269,0.24808479714069626,T015_035_015_035,7
289,6.718278503061531,525,175,False,projected_continuous_optimization_loss,289,700,4.766002835165166e-05,0.6823407817269961,0.008694986925310465,0.008694986925310465,0.008694986925310465,0.003649617977619668,0.003649617977619668,0.003649617977619668,0.003649617977619668,0.003649617977619668,0.10090737895381595,0.10090737895381595,0.10090737895381595,0.6823407817269961,0.08172624626506123,0.11291506592808061,0.5019753086419753,0.008694986925310465,3475.7581073002657,3475.7581073002657,12.069114099955186,6966.101850032806,,fixed_iterations,,0.03379425137421772,0.03379425137421772,0.24714454962020274,0.24714454962020274,0.14280158218912622,0.14280158218912622,0.2586003985434494,0.2586003985434494,289,0.020729727786253854,0.020729727786253854,0.008705165545540367,0.24049124481426973,0.008705165545540367,0.5096009331021625,0.012034740860943388,0.004955372454388466,0.18442194636107323,0.07952253278079599,0.24070108150590483,T015_035_015_035,7
290,6.762860465861719,525,175,False,projected_continuous_optimization_loss,290,700,0.00010249692094403578,0.6818847353226589,0.008870390529747444,0.008870390529747444,0.008870390529747444,0.0038105244487107053,0.0038105244487107053,0.0038105244487107053,0.0038105244487107053,0.0038105244487107053,0.10119732162073478,0.10119732162073478,0.10119732162073478,0.6818847353226589,0.08191758738212992,0.11327865801137918,0.5024074074074074,0.008870390529747444,3488.298213700298,3488.298213700298,12.540106400032528,6991.2397084236145,,fixed_iterations,,0.03478297492380963,0.03478297492380963,0.23824843087313355,0.23824843087313355,0.14683858192067878,0.14683858192067878,0.262014747605037,0.262014747605037,290,0.02222534939728316,0.02222534939728316,0.010495311167739644,0.23460076459087031,0.010495311167739644,0.5156439691808614,0.013354958867535715,0.005093740645049128,0.1715072752027563,0.08215893924938483,0.2568840140836711,T015_035_015_035,7
291,6.807738271027806,525,175,False,projected_continuous_optimization_loss,291,700,4.3923247808159124e-05,0.6825330296934202,0.00903424481902666,0.00903424481902666,0.00903424481902666,0.0039949809572447145,0.0039949809572447145,0.0039949809572447145,0.0039949809572447145,0.0039949809572447145,0.10078527723563888,0.10078527723563888,0.10078527723563888,0.6825330296934202,0.08213259335212021,0.11368280213665376,0.5021913580246914,0.00903424481902666,3500.8754691003123,3500.8754691003123,12.57725540001411,7016.572190284729,,fixed_iterations,,0.03654081942928797,0.03654081942928797,0.23170755369373944,0.23170755369373944,0.1528910702826724,0.1528910702826724,0.2613935862877203,0.2613935862877203,291,0.021792782238650287,0.021792782238650287,0.010703099915620207,0.2217936464606016,0.010703099915620207,0.5290502718329678,0.012758537419623628,0.005910374174687021,0.1715434955776157,0.08675360506654788,0.26484279701411717,T015_035_015_035,7
292,6.852913881746246,525,175,False,projected_continuous_optimization_loss,292,700,9.164583649202336e-05,0.6875981131929164,0.008636641806871171,0.008636641806871171,0.008636641806871171,0.003756894862839881,0.003756894862839881,0.003756894862839881,0.003756894862839881,0.003756894862839881,0.0975949388806258,0.0975949388806258,0.0975949388806258,0.6875981131929164,0.08212505643874264,0.11365131342539413,0.5025,0.008636641806871171,3513.4921409002272,3513.4921409002272,12.616671799914911,7041.904177427292,,fixed_iterations,,0.0361269225240769,0.0361269225240769,0.24341133767333956,0.24341133767333956,0.15173057855441507,0.15173057855441507,0.25632927444108494,0.25632927444108494,292,0.020755036402572806,0.020755036402572806,0.009460391166913835,0.2258929047131794,0.009460391166913835,0.5247180787015149,0.012118394595701635,0.005324071481480434,0.1791708572604289,0.08615771375041724,0.25406543620918837,T015_035_015_035,7
293,6.898389274231046,525,175,False,projected_continuous_optimization_loss,293,700,4.3476237155415906e-05,0.6915542956600144,0.008410574540422894,0.008410574540422894,0.008410574540422894,0.0036536369141333984,0.0036536369141333984,0.0036536369141333984,0.0036536369141333984,0.0036536369141333984,0.0951387525257899,0.0951387525257899,0.0951387525257899,0.6915542956600144,0.08203855608624244,0.11347585676550435,0.5022839506172839,0.008410574540422894,3526.124810100184,3526.124810100184,12.632669199956581,7067.268770933151,,fixed_iterations,,0.03450126268656,0.03450126268656,0.2551865273616697,0.2551865273616697,0.14678750674111185,0.14678750674111185,0.25507899887067276,0.25507899887067276,293,0.019849622365650375,0.019849622365650375,0.008167640177446757,0.23363964376407234,0.008167640177446757,0.5166371510303339,0.011439047825227481,0.004953195164791399,0.18709012662931965,0.08591124296506641,0.2386825862711564,T015_035_015_035,7
294,6.944166437810202,525,175,False,projected_continuous_optimization_loss,294,700,8.20718317753174e-05,0.6912516551029634,0.008448165423658869,0.008448165423658869,0.008448165423658869,0.003681888399825894,0.003681888399825894,0.003681888399825894,0.003681888399825894,0.003681888399825894,0.09532554047665948,0.09532554047665948,0.09532554047665948,0.6912516551029634,0.08214025668368967,0.11367403243144769,0.5023148148148148,0.008448165423658869,3538.744886500179,3538.744886500179,12.620076399995014,7092.6575808525085,,fixed_iterations,,0.034660215796402265,0.034660215796402265,0.24954233191322028,0.24954233191322028,0.14720984211477967,0.14720984211477967,0.25983926527856116,0.25983926527856116,294,0.02166275439727887,0.02166275439727887,0.010144439674808117,0.230366294449415,0.010144439674808117,0.5200351112326914,0.01321458897362,0.0048887772209125855,0.17564868425127203,0.08289815785974289,0.25659949190076387,T015_035_015_035,7
295,6.9902473750127445,525,175,False,projected_continuous_optimization_loss,295,700,4.3531112272748804e-05,0.6909805019709104,0.008539699563509747,0.008539699563509747,0.008539699563509747,0.0037650470554022254,0.0037650470554022254,0.0037650470554022254,0.0037650470554022254,0.0037650470554022254,0.09549305016215043,0.09549305016215043,0.09549305016215043,0.6909805019709104,0.0823269449991407,0.1140361729401015,0.5019753086419753,0.008539699563509747,3551.344399800175,3551.344399800175,12.599513299996033,7117.947512626648,,fixed_iterations,,0.03631774437439162,0.03631774437439162,0.24181596335643007,0.24181596335643007,0.1512690985627468,0.1512690985627468,0.26157769567734196,0.26157769567734196,295,0.021757611402815583,0.021757611402815583,0.01057626190271527,0.22362699000200625,0.01057626190271527,0.5271078452733581,0.013217911839305835,0.005273826250476901,0.17142465947140953,0.08809724465371135,0.2623121148977603,T015_035_015_035,7
296,7.03663410165632,525,175,False,projected_continuous_optimization_loss,296,700,7.338094687556898e-05,0.694513311399785,0.008326055510745119,0.008326055510745119,0.008326055510745119,0.003659949665148882,0.003659949665148882,0.003659949665148882,0.003659949665148882,0.003659949665148882,0.09332211691192473,0.09332211691192473,0.09332211691192473,0.694513311399785,0.08236017122780472,0.11408812850516253,0.5023148148148148,0.008326055510745119,3563.4813668001443,3563.4813668001443,12.136966999969445,7142.487542390823,,fixed_iterations,,0.03663403739612869,0.03663403739612869,0.24954498820029208,0.24954498820029208,0.15192624681429495,0.15192624681429495,0.2564080389890692,0.2564080389890692,296,0.020299489878444314,0.020299489878444314,0.009350660282640616,0.2189765919160739,0.009350660282640616,0.5320506524034103,0.011973434367699196,0.005251510111913637,0.18115676182412357,0.08933246837998417,0.2563099120873889,T015_035_015_035,7
297,7.083328646935387,525,175,False,projected_continuous_optimization_loss,297,700,4.434445647207373e-05,0.6978925344663641,0.008222116552964068,0.008222116552964068,0.008222116552964068,0.0036586705164062157,0.0036586705164062157,0.0036586705164062157,0.0036586705164062157,0.0036586705164062157,0.09126892073115705,0.09126892073115705,0.09126892073115705,0.6978925344663641,0.0822792061924162,0.11392016673050617,0.5022839506172839,0.008222116552964068,3575.5502086001216,3575.5502086001216,12.068841799977235,7166.641767978668,,fixed_iterations,,0.03508398273908653,0.03508398273908653,0.2600826545549452,0.2600826545549452,0.14871034305361894,0.14871034305361894,0.2540155541187134,0.2540155541187134,297,0.019083478550914544,0.019083478550914544,0.00779433428368482,0.22578288534459443,0.00779433428368482,0.5248338339647967,0.010861361997950476,0.004851782279061604,0.19377546952333852,0.08832292208321259,0.237883660079184,T015_035_015_035,7
298,7.130333053509969,525,175,False,projected_continuous_optimization_loss,298,700,6.662142897276463e-05,0.6977437689723602,0.008247476458769299,0.008247476458769299,0.008247476458769299,0.0036795349990176008,0.0036795349990176008,0.0036795349990176008,0.0036795349990176008,0.0036795349990176008,0.09135882919503395,0.09135882919503395,0.09135882919503395,0.6977437689723602,0.08231926597931032,0.11400003258399131,0.5022222222222222,0.008247476458769299,3587.5874295000685,3587.5874295000685,12.037220899946988,7190.7766671180725,,fixed_iterations,,0.03454225925263954,0.03454225925263954,0.2560018730728249,0.2560018730728249,0.14811970287923076,0.14811970287923076,0.2590799337676651,0.2590799337676651,298,0.020205077324067698,0.020205077324067698,0.008920212611059724,0.22569729426015947,0.008920212611059724,0.524923906873689,0.0119576008652984,0.0047674486681905034,0.1837845736673034,0.08715750487885555,0.2492143796593394,T015_035_015_035,7
299,7.177649377595025,525,175,False,projected_continuous_optimization_loss,299,700,4.400744756075274e-05,0.6972354492621787,0.008288183414163566,0.008288183414163566,0.008288183414163566,0.0037048647549898254,0.0037048647549898254,0.0037048647549898254,0.0037048647549898254,0.0037048647549898254,0.09166637318347481,0.09166637318347481,0.09166637318347481,0.6972354492621787,0.08246176827860685,0.1142841195906602,0.5020987654320987,0.008288183414163566,3599.609381700051,3599.609381700051,12.02195219998248,7214.8926911354065,,fixed_iterations,,0.035825545896081584,0.035825545896081584,0.24860510783277412,0.24860510783277412,0.15074095748690788,0.15074095748690788,0.2620638380464151,0.2620638380464151,299,0.02065222851682648,0.02065222851682648,0.009861691249441917,0.21581074534769126,0.009861691249441917,0.5354456486613312,0.012364045102662913,0.005887224878875567,0.1773611259378442,0.09014396189648863,0.2620533359481228,T015_035_015_035,7
300,7.225279689050394,525,175,False,projected_continuous_optimization_loss,300,700,6.154945281616148e-05,0.6997852051868501,0.008115590413561554,0.008115590413561554,0.008115590413561554,0.0036091442623264664,0.0036091442623264664,0.0036091442623264664,0.0036091442623264664,0.0036091442623264664,0.09012892302470173,0.09012892302470173,0.09012892302470173,0.6997852051868501,0.08251059603476273,0.11437586109855608,0.5020987654320987,0.008115590413561554,3611.6994183000643,3611.6994183000643,12.090036600013264,7239.115766763687,,fixed_iterations,,0.03669093994962089,0.03669093994962089,0.25447064268778263,0.25447064268778263,0.15153890198400835,0.15153890198400835,0.25708472056543813,0.25708472056543813,300,0.020056851409192018,0.020056851409192018,0.009208814001102125,0.21696074816179783,0.009208814001102125,0.5342095447931573,0.011941260995630464,0.005518874131979201,0.18158010731269433,0.090847338844361,0.2562632245041227,T015_035_015_035,7
301,7.273226071471338,525,175,False,projected_continuous_optimization_loss,301,700,4.3680244584056244e-05,0.7023840777875371,0.008057205035893977,0.008057205035893977,0.008057205035893977,0.0036284431781752387,0.0036284431781752387,0.0036284431781752387,0.0036284431781752387,0.0036284431781752387,0.08857523715437478,0.08857523715437478,0.08857523715437478,0.7023840777875371,0.08245056831658475,0.11425563458766727,0.5020679012345679,0.008057205035893977,3623.7396533000283,3623.7396533000283,12.040234999964014,7263.25780916214,,fixed_iterations,,0.03557207801921451,0.03557207801921451,0.2633264317203819,0.2633264317203819,0.14906820765825893,0.14906820765825893,0.25441736038968177,0.25441736038968177,301,0.01902217478088917,0.01902217478088917,0.008150479683183174,0.2174339019541199,0.008150479683183174,0.5337019172738109,0.010964969744995192,0.0049751732639050595,0.19323340977309672,0.08935747434975087,0.24613585988705816,T015_035_015_035,7
302,7.321490622279695,525,175,False,projected_continuous_optimization_loss,302,700,5.7873899889236e-05,0.7022145709603781,0.00809137261006315,0.00809137261006315,0.00809137261006315,0.0036575645226475622,0.0036575645226475622,0.0036575645226475622,0.0036575645226475622,0.0036575645226475622,0.08867616174831176,0.08867616174831176,0.08867616174831176,0.7022145709603781,0.08246733264752933,0.11429271489385141,0.5024074074074074,0.00809137261006315,3635.781157899997,3635.781157899997,12.041504599968903,7287.315908670425,,fixed_iterations,,0.03473777241847188,0.03473777241847188,0.2594674493233151,0.2594674493233151,0.14834830962694773,0.14834830962694773,0.25966103959164333,0.25966103959164333,302,0.02037796463915935,0.02037796463915935,0.009471478589527798,0.21812972099263095,0.009471478589527798,0.5329564035417775,0.012286592029096198,0.004999701486963654,0.1823441918861873,0.08791976331350938,0.2576927468551171,T015_035_015_035,7
303,7.3700754528156205,525,175,False,projected_continuous_optimization_loss,303,700,4.252594721628001e-05,0.70194271877024,0.008123042967896541,0.008123042967896541,0.008123042967896541,0.003681135823192725,0.003681135823192725,0.003681135823192725,0.003681135823192725,0.003681135823192725,0.08883814289407634,0.08883814289407634,0.08883814289407634,0.70194271877024,0.08257404542355097,0.11450946206444912,0.5022530864197531,0.008123042967896541,3647.804585600039,3647.804585600039,12.023427700041793,7311.410044193268,,fixed_iterations,,0.03557580135685891,0.03557580135685891,0.2530920720987037,0.2530920720987037,0.15056869851096108,0.15056869851096108,0.2627061468037162,0.2627061468037162,303,0.020406750347748213,0.020406750347748213,0.009971497548050632,0.2087050559939516,0.009971497548050632,0.5431575151171341,0.012283707379851672,0.005826135226497199,0.17864511430896285,0.09247408443794167,0.26621218114373235,T015_035_015_035,7
304,7.418982688429963,525,175,False,projected_continuous_optimization_loss,304,700,5.5207490067174926e-05,0.704118349162633,0.007982044782461586,0.007982044782461586,0.007982044782461586,0.0036047472173493084,0.0036047472173493084,0.0036047472173493084,0.0036047472173493084,0.0036047472173493084,0.08754595130224553,0.08754595130224553,0.08754595130224553,0.704118349162633,0.08262144816208047,0.11459834208868859,0.5020987654320987,0.007982044782461586,3659.8293269000715,3659.8293269000715,12.024741300032474,7335.47207403183,,fixed_iterations,,0.036500702651217555,0.036500702651217555,0.258509510921703,0.258509510921703,0.15144233696666456,0.15144233696666456,0.25766579862304795,0.25766579862304795,304,0.020221827061162073,0.020221827061162073,0.009845549350721123,0.20752555420881902,0.009845549350721123,0.5444502725181157,0.012239782278700487,0.0055881020883033405,0.18084259789883228,0.09207548135397244,0.26594409117700774,T015_035_015_035,7
305,7.468214468577227,525,175,False,projected_continuous_optimization_loss,305,700,4.188325258650669e-05,0.7059908543868079,0.007930754529087813,0.007930754529087813,0.007930754529087813,0.0036086856438778524,0.0036086856438778524,0.0036086856438778524,0.0036086856438778524,0.0036086856438778524,0.08644137770419921,0.08644137770419921,0.08644137770419921,0.7059908543868079,0.08258723064414716,0.11452968108882701,0.5020987654320987,0.007930754529087813,3671.8910444000503,3671.8910444000503,12.06171749997884,7359.57564330101,,fixed_iterations,,0.035800707240476744,0.035800707240476744,0.26535829570436414,0.26535829570436414,0.1491935593345027,0.1491935593345027,0.2556382921074643,0.2556382921074643,305,0.018965211097135462,0.018965211097135462,0.008333129568199866,0.21264163057871197,0.008333129568199866,0.5388691827922233,0.011034456568047649,0.005446791518660216,0.1932774158101085,0.0890323607819632,0.2511126146814914,T015_035_015_035,7
306,7.517772946909173,525,175,False,projected_continuous_optimization_loss,306,700,5.284599082805174e-05,0.705711744442168,0.007947780539330408,0.007947780539330408,0.007947780539330408,0.003617501671366819,0.003617501671366819,0.003617501671366819,0.003617501671366819,0.003617501671366819,0.08660557735927177,0.08660557735927177,0.08660557735927177,0.705711744442168,0.08261212136643606,0.11458258702635676,0.5020987654320987,0.007947780539330408,3683.9453774000285,3683.9453774000285,12.054332999978215,7383.722413301468,,fixed_iterations,,0.035134420963136105,0.035134420963136105,0.26093094028746905,0.26093094028746905,0.14836154399959384,0.14836154399959384,0.26128483919196904,0.26128483919196904,306,0.0204149074085785,0.0204149074085785,0.010074813285827986,0.20680188245501024,0.010074813285827986,0.5452452502117101,0.012467126869248092,0.005541143413492574,0.18321914500272107,0.08771238002359899,0.2687725817718974,T015_035_015_035,7
307,7.567660291369012,525,175,False,projected_continuous_optimization_loss,307,700,4.126812341951965e-05,0.7059421915982279,0.007960833635481706,0.007960833635481706,0.007960833635481706,0.003637333901379038,0.003637333901379038,0.003637333901379038,0.003637333901379038,0.003637333901379038,0.08646999468205337,0.08646999468205337,0.08646999468205337,0.7059421915982279,0.08270111455928902,0.11475803974458447,0.5020061728395062,0.007960833635481706,3695.9982199999504,3695.9982199999504,12.05284259992186,7407.8938817977905,,fixed_iterations,,0.03578218492189723,0.03578218492189723,0.2563858058827113,0.2563858058827113,0.1504407061639055,0.1504407061639055,0.26333349462971384,0.26333349462971384,307,0.020863998817568077,0.020863998817568077,0.010960652921733531,0.19806691791669095,0.010960652921733531,0.5549529037094041,0.012903165182086371,0.005966085311965211,0.17852503648103135,0.09126012215025349,0.27920165976615396,T015_035_015_035,7
308,7.617878684286263,525,175,False,projected_continuous_optimization_loss,308,700,5.056160896693364e-05,0.7080622511592113,0.007862891952502659,0.007862891952502659,0.007862891952502659,0.003601509492591284,0.003601509492591284,0.003601509492591284,0.003601509492591284,0.003601509492591284,0.08522764919822749,0.08522764919822749,0.08522764919822749,0.7080622511592113,0.08274116408716015,0.11482517456369085,0.501820987654321,0.007862891952502659,3708.026358999894,3708.026358999894,12.028138999943621,7432.06386256218,,fixed_iterations,,0.03644266581131666,0.03644266581131666,0.26213945754685436,0.26213945754685436,0.15143838163632217,0.15143838163632217,0.258041746164718,0.258041746164718,308,0.019966264558294713,0.019966264558294713,0.01004637238450807,0.19839784347573286,0.01004637238450807,0.5545812717501285,0.012103372605792055,0.005687393561508229,0.18406742178479177,0.09216096039263857,0.27266549601118995,T015_035_015_035,7
309,7.668430322472211,525,175,False,projected_continuous_optimization_loss,309,700,4.14931535792137e-05,0.7093180565155756,0.007823387776194637,0.007823387776194637,0.007823387776194637,0.0035985881628005268,0.0035985881628005268,0.0035985881628005268,0.0035985881628005268,0.0035985881628005268,0.0844959922678822,0.0844959922678822,0.0844959922678822,0.7093180565155756,0.08273317821882964,0.11480391782606968,0.5020061728395062,0.007823387776194637,3720.0186483999714,3720.0186483999714,11.992289400077425,7456.081115484238,,fixed_iterations,,0.035903875240929126,0.035903875240929126,0.2663087258315289,0.2663087258315289,0.1495303529010418,0.1495303529010418,0.25757510254207566,0.25757510254207566,309,0.0194876162763675,0.0194876162763675,0.009411831648737736,0.2015156925525953,0.009411831648737736,0.551095007209103,0.011664228500172864,0.005396955660668787,0.1895304194166162,0.08978976362432921,0.26637786850748874,T015_035_015_035,7
310,7.719317417316,525,175,False,projected_continuous_optimization_loss,310,700,4.804547176369696e-05,0.7090602993019075,0.007816890543514225,0.007816890543514225,0.007816890543514225,0.0035845950713994427,0.0035845950713994427,0.0035845950713994427,0.0035845950713994427,0.0035845950713994427,0.08464590944229565,0.08464590944229565,0.08464590944229565,0.7090602993019075,0.08278175924939206,0.11489987587722209,0.5024382716049383,0.007816890543514225,3732.0465842999984,3732.0465842999984,12.027935900026932,7480.189514636993,,fixed_iterations,,0.035619931082685276,0.035619931082685276,0.26113993602806046,0.26113993602806046,0.1488077735836805,0.1488077735836805,0.26349265860748133,0.26349265860748133,310,0.02110640274455408,0.02110640274455408,0.011312636458544474,0.19587532572019212,0.011312636458544474,0.5574219552212377,0.013289512201039856,0.005529658809366713,0.18039950195080545,0.0885138912084456,0.28297890325262,T015_035_015_035,7
311,7.7705421948813855,525,175,False,projected_continuous_optimization_loss,311,700,4.215697984651201e-05,0.7099264790455793,0.0077865286401088635,0.0077865286401088635,0.0077865286401088635,0.003579396262164125,0.003579396262164125,0.003579396262164125,0.003579396262164125,0.003579396262164125,0.08414264755889476,0.08414264755889476,0.08414264755889476,0.7099264790455793,0.08286438659356204,0.11505349270988609,0.5026543209876543,0.0077865286401088635,3744.076939999941,3744.076939999941,12.030355699942447,7504.302829504013,,fixed_iterations,,0.03633602615716989,0.03633602615716989,0.2594766841117612,0.2594766841117612,0.15062648965045206,0.15062648965045206,0.263487279126196,0.263487279126196,311,0.021198633287730632,0.021198633287730632,0.011450304522448853,0.1949665753056356,0.011450304522448853,0.5584498043193328,0.01341210464762177,0.005711723958842512,0.17920571966020876,0.0892073832128393,0.2843249774874422,T015_035_015_035,7
312,7.822106896004095,525,175,False,projected_continuous_optimization_loss,312,700,4.5202112665701494e-05,0.711916869933776,0.007730896126790307,0.007730896126790307,0.007730896126790307,0.0035813016353526575,0.0035813016353526575,0.0035813016353526575,0.0035813016353526575,0.0035813016353526575,0.082991889828753,0.082991889828753,0.082991889828753,0.711916869933776,0.0828984722736731,0.11510332970754576,0.5026234567901234,0.007730896126790307,3756.12220350001,3756.12220350001,12.045263500069268,7528.356589078903,,fixed_iterations,,0.03664683034401444,0.03664683034401444,0.26543026416306054,0.26543026416306054,0.15140159607362053,0.15140159607362053,0.25843817935308044,0.25843817935308044,312,0.02048351350855207,0.02048351350855207,0.01075674798602556,0.1945353104505302,0.01075674798602556,0.5589384278238125,0.012752617381761764,0.0056401834580981506,0.18334306930188152,0.089827918592631,0.2801272564712018,T015_035_015_035,7
313,7.87401377638987,525,175,False,projected_continuous_optimization_loss,313,700,4.33068288624987e-05,0.7126353631034325,0.007704865625904463,0.007704865625904463,0.007704865625904463,0.0035759438989696538,0.0035759438989696538,0.0035759438989696538,0.0035759438989696538,0.0035759438989696538,0.08257843453869618,0.08257843453869618,0.08257843453869618,0.7126353631034325,0.08291881061938783,0.11513507199833403,0.5026851851851852,0.007704865625904463,3768.157936500036,3768.157936500036,12.035733000026084,7552.525128602982,,fixed_iterations,,0.03614218093144763,0.03614218093144763,0.2660593367964978,0.2660593367964978,0.15003268860357932,0.15003268860357932,0.26040115677190767,0.26040115677190767,313,0.020558737736256837,0.020558737736256837,0.010850188515886962,0.1941709844073975,0.010850188515886962,0.5593516317885684,0.012853872110352375,0.005465510677559301,0.18297795497250866,0.09014130737423541,0.28076685876426494,T015_035_015_035,7
314,7.926265106713139,525,175,False,projected_continuous_optimization_loss,314,700,4.2413442941044895e-05,0.7127100125055418,0.007682191948238033,0.007682191948238033,0.007682191948238033,0.0035554151025097382,0.0035554151025097382,0.0035554151025097382,0.0035554151025097382,0.0035554151025097382,0.0825355369145659,0.0825355369145659,0.0825355369145659,0.7127100125055418,0.0829898927347524,0.11527020346117525,0.5028086419753086,0.007682191948238033,3780.200281700003,3780.200281700003,12.042345199966803,7576.5244140625,,fixed_iterations,,0.03626154615745789,0.03626154615745789,0.26116867044030023,0.26116867044030023,0.1497822114722724,0.1497822114722724,0.26549758443551136,0.26549758443551136,314,0.02167198070984787,0.02167198070984787,0.012040433438464778,0.19263094542766182,0.012040433438464778,0.561102579834807,0.013989788761609835,0.005782463352596486,0.17818059501095102,0.08760923251868666,0.289530288952573,T015_035_015_035,7
315,7.978863172716341,525,175,False,projected_continuous_optimization_loss,315,700,4.436544414811597e-05,0.7141203174193594,0.007608946166072597,0.007608946166072597,0.007608946166072597,0.0035225865204522038,0.0035225865204522038,0.0035225865204522038,0.0035225865204522038,0.0035225865204522038,0.08172719291240786,0.08172719291240786,0.08172719291240786,0.7141203174193594,0.08306480736031926,0.11540208342736605,0.5027469135802469,0.007608946166072597,3792.255086499965,3792.255086499965,12.054804799961857,7600.657251119614,,fixed_iterations,,0.03706578122533166,0.03706578122533166,0.2631403402896843,0.2631403402896843,0.15116427123325366,0.15116427123325366,0.26274992467108976,0.26274992467108976,315,0.020798667051966865,0.020798667051966865,0.011387127326782686,0.18823079450368355,0.011387127326782686,0.5661442699425493,0.013189720885894268,0.005849909128773579,0.18231120987988345,0.08999846413283005,0.2879846868010622,T015_035_015_035,7
316,8.031810275309919,525,175,False,projected_continuous_optimization_loss,316,700,4.029667430468566e-05,0.7156578696239667,0.00758511217496898,0.00758511217496898,0.00758511217496898,0.003542589819629928,0.003542589819629928,0.003542589819629928,0.003542589819629928,0.003542589819629928,0.08085044710678105,0.08085044710678105,0.08085044710678105,0.7156578696239667,0.08309962062195674,0.1154546453580792,0.5026234567901234,0.00758511217496898,3804.2998360999627,3804.2998360999627,12.044749599997886,7624.723417520523,,fixed_iterations,,0.03706380587288305,0.03706380587288305,0.26765879186086344,0.26765879186086344,0.15140001471875014,0.15140001471875014,0.2595352571714702,0.2595352571714702,316,0.01994925275676751,0.01994925275676751,0.010432390751853423,0.19033724009828173,0.010432390751853423,0.5637234362261917,0.01236414058179853,0.005608393864058047,0.18777008715199073,0.08992630900743522,0.2804186462027078,T015_035_015_035,7
317,8.085108730672978,525,175,False,projected_continuous_optimization_loss,317,700,4.4353908611963596e-05,0.7160564462064423,0.007567889196090545,0.007567889196090545,0.007567889196090545,0.003536692109044794,0.003536692109044794,0.003536692109044794,0.003536692109044794,0.003536692109044794,0.08062394174091501,0.08062394174091501,0.08062394174091501,0.7160564462064423,0.08314856915029104,0.11553765576094553,0.5028086419753086,0.007567889196090545,3816.361347600003,3816.361347600003,12.06151150004007,7648.8949139118195,,fixed_iterations,,0.03667770008881499,0.03667770008881499,0.2647290676980547,0.2647290676980547,0.1506968547973155,0.1506968547973155,0.2639528236222571,0.2639528236222571,317,0.02024598442743325,0.02024598442743325,0.010836286211491984,0.1881939643188253,0.010836286211491984,0.5661867172171589,0.012678095231342706,0.00592924260377238,0.18510390330527157,0.09067106473505433,0.2844825065730606,T015_035_015_035,7
318,8.138760870354606,525,175,False,projected_continuous_optimization_loss,318,700,3.9630711413910087e-05,0.7167422371624328,0.0075204989627290116,0.0075204989627290116,0.0075204989627290116,0.0035087509523418375,0.0035087509523418375,0.0035087509523418375,0.0035087509523418375,0.0035087509523418375,0.08023496020774347,0.08023496020774347,0.08023496020774347,0.7167422371624328,0.08322709767519675,0.1156777485699938,0.5031481481481481,0.0075204989627290116,3828.301456400077,3828.301456400077,11.940108800074086,7672.832300901413,,fixed_iterations,,0.03714243376784199,0.03714243376784199,0.26257328076045217,0.26257328076045217,0.1509959729552137,0.1509959729552137,0.2660305496789249,0.2660305496789249,318,0.020593054737602663,0.020593054737602663,0.011386124131108281,0.1841386121298876,0.011386124131108281,0.5708862480298638,0.013072555774873651,0.00615066767621788,0.18409960546680434,0.08993753679409992,0.29069843809274165,T015_035_015_035,7
319,8.192769041375861,525,175,False,projected_continuous_optimization_loss,319,700,4.28786099042933e-05,0.7182526634116351,0.0074444499016167055,0.0074444499016167055,0.0074444499016167055,0.0034753718178848355,0.0034753718178848355,0.0034753718178848355,0.0034753718178848355,0.0034753718178848355,0.0793815616746374,0.0793815616746374,0.0793815616746374,0.7182526634116351,0.08328915305216868,0.11578176076459373,0.5032716049382716,0.0074444499016167055,3840.303043400054,3840.303043400054,12.001586999977008,7696.936709403992,,fixed_iterations,,0.03783620679024297,0.03783620679024297,0.2670979280912096,0.2670979280912096,0.15171835472303588,0.15171835472303588,0.2616001738071467,0.2616001738071467,319,0.019913957904084956,0.019913957904084956,0.01068678189519702,0.1845435201777587,0.01068678189519702,0.5704147114044072,0.01246950800246825,0.006290332600467358,0.18792358647767252,0.0901478574600856,0.2860529348661818,T015_035_015_035,7
320,8.247135606332453,525,175,False,projected_continuous_optimization_loss,320,700,4.05547232173352e-05,0.7191702829905429,0.0074250958945031205,0.0074250958945031205,0.0074250958945031205,0.003481829396722531,0.003481829396722531,0.003481829396722531,0.003481829396722531,0.003481829396722531,0.07886532995561178,0.07886532995561178,0.07886532995561178,0.7191702829905429,0.08333650072479365,0.11585836016205096,0.5034567901234568,0.0074250958945031205,3852.313296000124,3852.313296000124,12.010252600070089,7721.023947477341,,fixed_iterations,,0.03767505731298161,0.03767505731298161,0.267636688451476,0.267636688451476,0.15157590141735988,0.15157590141735988,0.26228263580872535,0.26228263580872535,320,0.019937900242859047,0.019937900242859047,0.010745770069529245,0.183842603466596,0.010745770069529245,0.5712312937414906,0.012512804348355926,0.006120336699305226,0.18807924068073756,0.09030621462936617,0.2867255017320816,T015_035_015_035,7
321,8.301862943498078,525,175,False,projected_continuous_optimization_loss,321,700,4.039642416632504e-05,0.7196963500008943,0.007412738924948861,0.007412738924948861,0.007412738924948861,0.003484232114807802,0.003484232114807802,0.003484232114807802,0.003484232114807802,0.003484232114807802,0.07857013620282116,0.07857013620282116,0.07857013620282116,0.7196963500008943,0.08340140291145937,0.1159727243976967,0.5037037037037037,0.007412738924948861,3864.379880700144,3864.379880700144,12.06658470002003,7745.128388404846,,fixed_iterations,,0.0375407151162835,0.0375407151162835,0.26389489791121157,0.26389489791121157,0.15149032997478676,0.15149032997478676,0.26677040699861243,0.26677040699861243,321,0.021098578071963487,0.021098578071963487,0.012172842975871598,0.17851470192183777,0.012172842975871598,0.57748999784403,0.013685839147014626,0.006200580479506056,0.18183049117781713,0.09068199769652388,0.29877692849018284,T015_035_015_035,7
322,8.356953446928475,525,175,False,projected_continuous_optimization_loss,322,700,4.175516106232255e-05,0.720864846253976,0.007339151882513112,0.007339151882513112,0.007339151882513112,0.0034433301796722884,0.0034433301796722884,0.0034433301796722884,0.0034433301796722884,0.0034433301796722884,0.07791643405681647,0.07791643405681647,0.07791643405681647,0.720864846253976,0.08346935665857745,0.1160899186326654,0.5040123456790123,0.007339151882513112,3876.488209100091,3876.488209100091,12.108328399946913,7769.340296506882,,fixed_iterations,,0.03819248879053124,0.03819248879053124,0.26628903661777115,0.26628903661777115,0.1519980403184469,0.1519980403184469,0.26438528052722665,0.26438528052722665,322,0.020570424768481387,0.020570424768481387,0.011757702029950832,0.17625445477061105,0.011757702029950832,0.5801733038852686,0.013231272885968273,0.006292307750642695,0.18426246769398208,0.09203692004743785,0.29758160839320597,T015_035_015_035,7
323,8.412409526566151,525,175,False,projected_continuous_optimization_loss,323,700,3.878487264249029e-05,0.7219644178106701,0.007285971775970786,0.007285971775970786,0.007285971775970786,0.003420782527802805,0.003420782527802805,0.003420782527802805,0.003420782527802805,0.003420782527802805,0.07730378496335961,0.07730378496335961,0.07730378496335961,0.7219644178106701,0.08352683220840251,0.11618842860913219,0.5041975308641975,0.007285971775970786,3888.507092700107,3888.507092700107,12.018883600016125,7793.524832725525,,fixed_iterations,,0.038633689114877086,0.038633689114877086,0.2691614522659627,0.2691614522659627,0.15211638369979866,0.15211638369979866,0.26205289273003163,0.26205289273003163,323,0.01921961640757075,0.01921961640757075,0.010556540737231966,0.17326151340677565,0.010556540737231966,0.5837530619851052,0.011933644631599963,0.0062601256916512875,0.19158743345525706,0.0945994471239403,0.29130605571425666,T015_035_015_035,7
324,8.468233608345797,525,175,False,projected_continuous_optimization_loss,324,700,4.125567046948296e-05,0.7225868494204731,0.007261906983820704,0.007261906983820704,0.007261906983820704,0.003414004178097745,0.003414004178097745,0.003414004178097745,0.003414004178097745,0.003414004178097745,0.07695805611445919,0.07695805611445919,0.07695805611445919,0.7225868494204731,0.08358722831519032,0.1162941154540452,0.5043827160493827,0.007261906983820704,3900.5653574001044,3900.5653574001044,12.05826469999738,7817.682762384415,,fixed_iterations,,0.038485438540729604,0.038485438540729604,0.2659950354337875,0.2659950354337875,0.1519383749495406,0.1519383749495406,0.2661680004964155,0.2661680004964155,324,0.02103782938072843,0.02103782938072843,0.012372822149629934,0.17330014462196988,0.012372822149629934,0.5837066603679926,0.013775922396907725,0.006298263783633363,0.18232695589242018,0.09200645545099502,0.30307498524094406,T015_035_015_035,7
325,8.524428134300404,525,175,False,projected_continuous_optimization_loss,325,700,3.9287702488850184e-05,0.7235117685295998,0.007228270567962186,0.007228270567962186,0.007228270567962186,0.0034059834608807043,0.0034059834608807043,0.0034059834608807043,0.0034059834608807043,0.0034059834608807043,0.07644574214162962,0.07644574214162962,0.07644574214162962,0.7235117685295998,0.08364527443059008,0.11639499330649566,0.5045061728395062,0.007228270567962186,3912.622498500161,3912.622498500161,12.05714110005647,7841.856462955475,,fixed_iterations,,0.03865387510050048,0.03865387510050048,0.26629089872648726,0.26629089872648726,0.1521823831609446,0.1521823831609446,0.26638461154166737,0.26638461154166737,325,0.020047487409511917,0.020047487409511917,0.011582675415821381,0.1692962398738107,0.011582675415821381,0.588543757036291,0.01281921684154973,0.006691007987015949,0.1859500533033178,0.09536391822473092,0.3005387775212264,T015_035_015_035,7
326,8.580995562668113,525,175,False,projected_continuous_optimization_loss,326,700,3.9221966444325964e-05,0.7246089674823742,0.007169696240169483,0.007169696240169483,0.007169696240169483,0.003377685200613279,0.003377685200613279,0.003377685200613279,0.003377685200613279,0.003377685200613279,0.07584022079112407,0.07584022079112407,0.07584022079112407,0.7246089674823742,0.08370421690106722,0.11649714561005454,0.5049382716049383,0.007169696240169483,3924.646561000147,3924.646561000147,12.02406249998603,7865.991715669632,,fixed_iterations,,0.039285576752924906,0.039285576752924906,0.269879746486152,0.269879746486152,0.15258542024002403,0.15258542024002403,0.26285822400327324,0.26285822400327324,326,0.01925659359436245,0.01925659359436245,0.01087671700039421,0.1675975318793648,0.01087671700039421,0.5906132245915059,0.012086897354192968,0.006567841667540581,0.1903052026630917,0.09697724728168337,0.29676293297919026,T015_035_015_035,7
327,8.637938367999732,525,175,False,projected_continuous_optimization_loss,327,700,4.029260832793124e-05,0.7253305984215801,0.007116333985479869,0.007116333985479869,0.007116333985479869,0.0033441699773075068,0.0033441699773075068,0.0033441699773075068,0.0033441699773075068,0.0033441699773075068,0.07544328016344724,0.07544328016344724,0.07544328016344724,0.7253305984215801,0.08376796013615542,0.11661044369836314,0.504783950617284,0.007116333985479869,3936.59507320018,3936.59507320018,11.948512200033292,7890.07651424408,,fixed_iterations,,0.0395092356065463,0.0395092356065463,0.2678928503906085,0.2678928503906085,0.1524406616674357,0.1524406616674357,0.2654878507569897,0.2654878507569897,327,0.01936221484975599,0.01936221484975599,0.01103742283152492,0.16649584036462142,0.01103742283152492,0.5919609818110266,0.012245880864276122,0.006631387903702851,0.19027818028074686,0.09633729384762882,0.298714119778948,T015_035_015_035,7
328,8.695259041266997,525,175,False,projected_continuous_optimization_loss,328,700,3.8227162421332546e-05,0.7261044365666484,0.007089688797358159,0.007089688797358159,0.007089688797358159,0.003338749813934501,0.003338749813934501,0.003338749813934501,0.003338749813934501,0.003338749813934501,0.07501877966847315,0.07501877966847315,0.07501877966847315,0.7261044365666484,0.08381776641425343,0.11669838673862157,0.5051851851851852,0.007089688797358159,3948.572123300284,3948.572123300284,11.977050100103952,7914.128331661224,,fixed_iterations,,0.039441393423512876,0.039441393423512876,0.26710768605163576,0.26710768605163576,0.15216553124010096,0.15216553124010096,0.26738982585139875,0.26738982585139875,328,0.02025775813089046,0.02025775813089046,0.01190569862095563,0.16704119019869654,0.01190569862095563,0.5912932711604855,0.0131680693335323,0.006654911148943275,0.18445083340295,0.09652847882848423,0.3036590477801079,T015_035_015_035,7
329,8.752960089971532,525,175,False,projected_continuous_optimization_loss,329,700,3.936368698942866e-05,0.7271351427445094,0.007046885216352737,0.007046885216352737,0.007046885216352737,0.003324123700099774,0.003324123700099774,0.003324123700099774,0.003324123700099774,0.003324123700099774,0.07445523032505925,0.07445523032505925,0.07445523032505925,0.7271351427445094,0.08386992642975434,0.11679106842664269,0.5052469135802469,0.007046885216352737,3960.5897563003236,3960.5897563003236,12.017633000039496,7938.256169557571,,fixed_iterations,,0.0399357457349581,0.0399357457349581,0.27057252647966273,0.27057252647966273,0.15269605959187665,0.15269605959187665,0.26393081093801196,0.26393081093801196,329,0.019381436785354776,0.019381436785354776,0.011056414997450652,0.1665004357580825,0.011056414997450652,0.5919553507787627,0.012334551569002039,0.006700327746499661,0.18963569083746187,0.0968665492365041,0.29875278295829716,T015_035_015_035,7
330,8.811044038254535,525,175,False,projected_continuous_optimization_loss,330,700,3.9134180338541126e-05,0.7279653964820255,0.006988645481144625,0.006988645481144625,0.006988645481144625,0.0032885042055855493,0.0032885042055855493,0.0032885042055855493,0.0032885042055855493,0.0032885042055855493,0.07400282551118151,0.07400282551118151,0.07400282551118151,0.7279653964820255,0.08393490953644675,0.11691135831428598,0.5053703703703704,0.006988645481144625,3972.6239981002873,3972.6239981002873,12.034241799963638,7962.374549627304,,fixed_iterations,,0.04039916905558587,0.04039916905558587,0.2693597396354138,0.2693597396354138,0.1529720436913052,0.1529720436913052,0.26523444409972075,0.26523444409972075,330,0.01955997208120576,0.01955997208120576,0.011334297696659905,0.16451348769091706,0.011334297696659905,0.5943973771153384,0.012571326600061133,0.007025289345776178,0.18800577047336783,0.09751455859642397,0.3018517586997703,T015_035_015_035,7
331,8.869513427007215,525,175,False,projected_continuous_optimization_loss,331,700,3.7919990031061513e-05,0.7286635153696491,0.006949770760179604,0.006949770760179604,0.006949770760179604,0.0032685963656017723,0.0032685963656017723,0.0032685963656017723,0.0032685963656017723,0.0032685963656017723,0.07362348789155664,0.07362348789155664,0.07362348789155664,0.7286635153696491,0.08397964644929694,0.11699316056647803,0.5053395061728395,0.006949770760179604,3984.884137600311,3984.884137600311,12.260139500023797,7986.778035879135,,fixed_iterations,,0.040313906190318244,0.040313906190318244,0.2683576281280394,0.2683576281280394,0.15223327040088647,0.15223327040088647,0.26775871065040496,0.26775871065040496,331,0.020233588331705386,0.020233588331705386,0.012041040626840381,0.16385095409730008,0.012041040626840381,0.5952149285147733,0.013283817571525781,0.007441316877418733,0.1841629666202591,0.09665735660385323,0.30695328841324226,T015_035_015_035,7
332,8.928370813981928,525,175,False,projected_continuous_optimization_loss,332,700,3.8933455026899984e-05,0.729583266261974,0.0069090497381271015,0.0069090497381271015,0.0069090497381271015,0.0032527892438499752,0.0032527892438499752,0.0032527892438499752,0.0032527892438499752,0.0032527892438499752,0.07312520988554251,0.07312520988554251,0.07312520988554251,0.729583266261974,0.08402576991062526,0.11707645109733912,0.5056172839506173,0.0069090497381271015,3997.061799900257,3997.061799900257,12.17766229994595,8011.224775791168,,fixed_iterations,,0.04073478835007766,0.04073478835007766,0.2715691803893551,0.2715691803893551,0.15249300443651473,0.15249300443651473,0.26478629308602636,0.26478629308602636,332,0.01931421501338086,0.01931421501338086,0.011105494223012602,0.16417441580736522,0.011105494223012602,0.5948155780297505,0.01240516527525376,0.007060137383088664,0.1888579372864029,0.09847935201626504,0.30041815134399386,T015_035_015_035,7
333,8.987618773904078,525,175,False,projected_continuous_optimization_loss,333,700,3.8410461116695195e-05,0.7305129864151407,0.006856122754355298,0.006856122754355298,0.006856122754355298,0.0032249602298109947,0.0032249602298109947,0.0032249602298109947,0.0032249602298109947,0.0032249602298109947,0.07262325049088607,0.07262325049088607,0.07262325049088607,0.7305129864151407,0.08408981972878303,0.11719723062388679,0.5057716049382716,0.006856122754355298,4009.097388200229,4009.097388200229,12.035588299972005,8035.348825216293,,fixed_iterations,,0.041297418337559316,0.041297418337559316,0.2705554360260554,0.2705554360260554,0.15322912835930133,0.15322912835930133,0.2654310036922247,0.2654310036922247,333,0.01955366878702481,0.01955366878702481,0.01142839612508787,0.1625054532387388,0.01142839612508787,0.596880348731622,0.012697546032669512,0.007538814850206916,0.18685134745724372,0.09875747898735736,0.3037327074368139,T015_035_015_035,7
334,9.047259898584736,525,175,False,projected_continuous_optimization_loss,334,700,3.768885167017111e-05,0.7312177493581365,0.006818025313263324,0.006818025313263324,0.006818025313263324,0.0032058304002580513,0.0032058304002580513,0.0032058304002580513,0.0032058304002580513,0.0032058304002580513,0.07224389826010545,0.07224389826010545,0.07224389826010545,0.7312177493581365,0.08412738056908273,0.11726890238136735,0.505895061728395,0.006818025313263324,4021.050439000246,4021.050439000246,11.953050800017081,8059.391998529434,,fixed_iterations,,0.041130367594067276,0.041130367594067276,0.26988107285504,0.26988107285504,0.15233993887802033,0.15233993887802033,0.267866370031009,0.267866370031009,334,0.020026990482004688,0.020026990482004688,0.011888391020063581,0.1627719892388221,0.011888391020063581,0.5965498925036429,0.013208965168741364,0.007599365384199793,0.18540098854571502,0.09667973610525345,0.3068698024684746,T015_035_015_035,7
335,9.107296797034023,525,175,False,projected_continuous_optimization_loss,335,700,3.829362787932625e-05,0.7320543779467368,0.006769386911949247,0.006769386911949247,0.006769386911949247,0.0031796440930737377,0.0031796440930737377,0.0031796440930737377,0.0031796440930737377,0.0031796440930737377,0.07179485637751018,0.07179485637751018,0.07179485637751018,0.7320543779467368,0.08417154697177384,0.11735288102282954,0.505895061728395,0.006769386911949247,4033.1354177002795,4033.1354177002795,12.084978700033389,8083.551244497299,,fixed_iterations,,0.041614410698459565,0.041614410698459565,0.2728437638971611,0.2728437638971611,0.1523181041592378,0.1523181041592378,0.2652780991918783,0.2652780991918783,335,0.018955951843849937,0.018955951843849937,0.011004046125958955,0.15903811435781962,0.011004046125958955,0.6012041695832069,0.012186564931900689,0.007611580466595723,0.19113516100825842,0.09908074771282606,0.3033766803955266,T015_035_015_035,7
336,9.16773209557525,525,175,False,projected_continuous_optimization_loss,336,700,3.8005826934399916e-05,0.7330434160995726,0.006710309224366481,0.006710309224366481,0.006710309224366481,0.0031470183399771832,0.0031470183399771832,0.0031470183399771832,0.0031470183399771832,0.0031470183399771832,0.07126581768778595,0.07126581768778595,0.07126581768778595,0.7330434160995726,0.08423517777116178,0.117475899137778,0.5062037037037037,0.006710309224366481,4045.152859800379,4045.152859800379,12.017442100099288,8107.589612483978,,fixed_iterations,,0.04227688349414468,0.04227688349414468,0.27162557307629537,0.27162557307629537,0.1531849830366947,0.1531849830366947,0.26595597649243785,0.26595597649243785,336,0.018937338214856707,0.018937338214856707,0.01099298432871037,0.1588870777229267,0.01099298432871037,0.601393580429358,0.012227028990490225,0.007751890413297677,0.19045337138630847,0.09991745203988267,0.30327086658986907,T015_035_015_035,7
337,9.228568437959801,525,175,False,projected_continuous_optimization_loss,337,700,3.743931881041885e-05,0.7337790659081339,0.0066848322044985396,0.0066848322044985396,0.0066848322044985396,0.0031411529170612506,0.0031411529170612506,0.0031411529170612506,0.0031411529170612506,0.0031411529170612506,0.07087358574874576,0.07087358574874576,0.07087358574874576,0.7337790659081339,0.08426236489464134,0.11752864416299086,0.506358024691358,0.0066848322044985396,4057.1798693003366,4057.1798693003366,12.027009499957785,8131.713932275772,,fixed_iterations,,0.041921937759587476,0.041921937759587476,0.27176160862021537,0.27176160862021537,0.15220762538088525,0.15220762538088525,0.2678878941474458,0.2678878941474458,337,0.019479757281816362,0.019479757281816362,0.011500350270923113,0.159588140217865,0.011500350270923113,0.6005151564603921,0.012794925077317823,0.007720478971398273,0.18841782170253188,0.09790855679013531,0.3064682989963266,T015_035_015_035,7
338,9.289808485482785,525,175,False,projected_continuous_optimization_loss,338,700,3.7650480480906554e-05,0.734641331028912,0.006629187684048124,0.006629187684048124,0.006629187684048124,0.0031084265241427523,0.0031084265241427523,0.0031084265241427523,0.0031084265241427523,0.0031084265241427523,0.07041522319810743,0.07041522319810743,0.07041522319810743,0.734641331028912,0.08430998114157444,0.11761976936106984,0.5064197530864197,0.006629187684048124,4069.184325000271,4069.184325000271,12.004455699934624,8155.811255455017,,fixed_iterations,,0.0425784079143461,0.0425784079143461,0.2742140227608318,0.2742140227608318,0.15233744528643467,0.15233744528643467,0.2655114550672995,0.2655114550672995,338,0.01809270286033237,0.01809270286033237,0.010317900900248447,0.15549603920167843,0.010317900900248447,0.605670139094592,0.011463515176284246,0.008031410391102747,0.19508221517537616,0.10183293305650215,0.3007235804716109,T015_035_015_035,7
339,9.351454917099446,525,175,False,projected_continuous_optimization_loss,339,700,3.762156981253288e-05,0.7356538435423278,0.006558959632199837,0.006558959632199837,0.006558959632199837,0.003065015110502631,0.003065015110502631,0.003065015110502631,0.003065015110502631,0.003065015110502631,0.06987889043394413,0.06987889043394413,0.06987889043394413,0.7356538435423278,0.0843705048277795,0.1177362944202942,0.5064197530864197,0.006558959632199837,4081.127281200257,4081.127281200257,11.942956199985929,8179.8553466796875,,fixed_iterations,,0.04325014304350407,0.04325014304350407,0.27274143648570387,0.27274143648570387,0.15294581702061744,0.15294581702061744,0.2667164469925024,0.2667164469925024,339,0.017936973152846387,0.017936973152846387,0.010219330866453546,0.1543528457278568,0.010219330866453546,0.6071223527256141,0.01137801352064655,0.008863362687324003,0.193625749178325,0.1038825525638779,0.3007506882960872,T015_035_015_035,7
340,9.413510429542368,525,175,False,projected_continuous_optimization_loss,340,700,3.7279835020400745e-05,0.736396447928411,0.006545230264668385,0.006545230264668385,0.006545230264668385,0.003070888631430438,0.003070888631430438,0.003070888631430438,0.003070888631430438,0.003070888631430438,0.06948683266475895,0.06948683266475895,0.06948683266475895,0.736396447928411,0.08438769704443297,0.11776786531649454,0.5066666666666667,0.006545230264668385,4093.1555326002417,4093.1555326002417,12.028251399984583,8203.974190235138,,fixed_iterations,,0.042738941153937046,0.042738941153937046,0.27409271015225656,0.27409271015225656,0.15176867401328611,0.15176867401328611,0.26779612260893126,0.26779612260893126,340,0.017796263791958037,0.017796263791958037,0.010080850800291023,0.1543082598333403,0.010080850800291023,0.6071790995461923,0.011251033527289652,0.008892150876739006,0.1960032365192301,0.10189649929231863,0.30038721285790465,T015_035_015_035,7
341,9.475977737439443,525,175,False,projected_continuous_optimization_loss,341,700,3.716948405403181e-05,0.737419054213262,0.006477268040216765,0.006477268040216765,0.006477268040216765,0.0030298303857038736,0.0030298303857038736,0.0030298303857038736,0.0030298303857038736,0.0030298303857038736,0.06894875309025782,0.06894875309025782,0.06894875309025782,0.737419054213262,0.08444611249842429,0.11787938314485369,0.5067592592592592,0.006477268040216765,4105.180458500283,4105.180458500283,12.024925900041126,8228.0702521801,,fixed_iterations,,0.043725831541358534,0.043725831541358534,0.2753808553279532,0.2753808553279532,0.1525532619088469,0.1525532619088469,0.2657591054351034,0.2657591054351034,341,0.016844551980095778,0.016844551980095778,0.009380796270667686,0.14927511418856185,0.009380796270667686,0.6136386222866449,0.010367283939879013,0.009536757984466272,0.20052372114651032,0.10551453444489534,0.298063608710773,T015_035_015_035,7
342,9.538859573432608,525,175,False,projected_continuous_optimization_loss,342,700,3.7104912939398066e-05,0.7383888593584812,0.006411840185007485,0.006411840185007485,0.006411840185007485,0.0029898207396196557,0.0029898207396196557,0.0029898207396196557,0.0029898207396196557,0.0029898207396196557,0.06844038890775658,0.06844038890775658,0.06844038890775658,0.7383888593584812,0.08449209132795346,0.11796800141288315,0.5067283950617284,0.006411840185007485,4117.1914546001935,4117.1914546001935,12.010996099910699,8252.12616109848,,fixed_iterations,,0.044042977194991305,0.044042977194991305,0.2743440976744951,0.2743440976744951,0.1523749864919787,0.1523749864919787,0.26762679799701605,0.26762679799701605,342,0.01667414533942109,0.01667414533942109,0.009247954173666055,0.14852382331510072,0.009247954173666055,0.6146121131702493,0.010262305154413605,0.009620095324370364,0.19968261502530837,0.10867400040416413,0.2966354024164065,T015_035_015_035,7
343,9.60215868829741,525,175,False,projected_continuous_optimization_loss,343,700,3.6973829996327845e-05,0.7391885949900476,0.006395322597585322,0.006395322597585322,0.006395322597585322,0.0029941931484220507,0.0029941931484220507,0.0029941931484220507,0.0029941931484220507,0.0029941931484220507,0.06802258898326541,0.06802258898326541,0.06802258898326541,0.7391885949900476,0.08451062440252359,0.11800152716144541,0.5068518518518519,0.006395322597585322,4129.184923900291,4129.184923900291,11.993469300097786,8276.230897665024,,fixed_iterations,,0.04373325433336817,0.04373325433336817,0.2765958327623028,0.2765958327623028,0.15136068280003942,0.15136068280003942,0.2674988250943372,0.2674988250943372,343,0.016438240430482975,0.016438240430482975,0.00909740608154648,0.14681668697872993,0.00909740608154648,0.6168333430754577,0.010042917832897654,0.009673752327549547,0.20220739863282425,0.1081239319876561,0.2968282601274278,T015_035_015_035,7
344,9.665877851063302,525,175,False,projected_continuous_optimization_loss,344,700,3.691467235722911e-05,0.7404250804186622,0.006309442255034069,0.006309442255034069,0.006309442255034069,0.0029404853112511664,0.0029404853112511664,0.0029404853112511664,0.0029404853112511664,0.0029404853112511664,0.06737913887565805,0.06737913887565805,0.06737913887565805,0.7404250804186622,0.08457918600822784,0.11813327649537435,0.5069444444444444,0.006309442255034069,4141.177766800276,4141.177766800276,11.99284289998468,8300.257730960846,,fixed_iterations,,0.044998037084069485,0.044998037084069485,0.27626891815231497,0.27626891815231497,0.15275030569605297,0.15275030569605297,0.26640781948622466,0.26640781948622466,344,0.01590056014142465,0.01590056014142465,0.008562764207457236,0.1467559186793483,0.008562764207457236,0.6169126487609539,0.009591117886390582,0.009781879675134981,0.2042868582892093,0.11147214288592874,0.29137176791068087,T015_035_015_035,7
345,9.730019849134814,525,175,False,projected_continuous_optimization_loss,345,700,3.683603311384866e-05,0.7412464863047517,0.006276459419431718,0.006276459419431718,0.006276459419431718,0.002928790376949864,0.002928790376949864,0.002928790376949864,0.002928790376949864,0.002928790376949864,0.06695338084963708,0.06695338084963708,0.06695338084963708,0.7412464863047517,0.08459730148214599,0.11816600889119122,0.5070061728395062,0.006276459419431718,4153.218432300258,4153.218432300258,12.040665499982424,8324.356364488602,,fixed_iterations,,0.044548742631823436,0.044548742631823436,0.276985705756642,0.276985705756642,0.1512774543602596,0.1512774543602596,0.26843458355602656,0.26843458355602656,345,0.015936781333720954,0.015936781333720954,0.008675788987170415,0.14521984693101075,0.008675788987170415,0.618922780881603,0.009660321914289236,0.009891783813192553,0.20451629941042837,0.11079060981397981,0.2937240878440023,T015_035_015_035,7
346,9.794587488413468,525,175,False,projected_continuous_optimization_loss,346,700,3.657324852454989e-05,0.7423392168018008,0.0062177371961673975,0.0062177371961673975,0.0062177371961673975,0.0028982832362519275,0.0028982832362519275,0.0028982832362519275,0.0028982832362519275,0.0028982832362519275,0.0663890791983094,0.0663890791983094,0.0663890791983094,0.7423392168018008,0.08464361117378601,0.11825486316766372,0.5072222222222222,0.0062177371961673975,4165.373632700299,4165.373632700299,12.155200400040485,8348.574578285217,,fixed_iterations,,0.04524476764349159,0.04524476764349159,0.27834275573884903,0.27834275573884903,0.1516254535348199,0.1516254535348199,0.2671262398846403,0.2671262398846403,346,0.015129104203925298,0.015129104203925298,0.007976056819757722,0.1430609476833515,0.007976056819757722,0.6217660146372995,0.0089113670077579,0.009857799647138957,0.21060729506234688,0.11357050001308384,0.28773041991472986,T015_035_015_035,7
347,9.859583593420528,525,175,False,projected_continuous_optimization_loss,347,700,3.632040107671508e-05,0.7435399139041969,0.006150130817921953,0.006150130817921953,0.006150130817921953,0.0028615420299086163,0.0028615420299086163,0.0028615420299086163,0.0028615420299086163,0.0028615420299086163,0.06577177576026672,0.06577177576026672,0.06577177576026672,0.7435399139041969,0.08469155198791542,0.11834656785935041,0.5073148148148148,0.006150130817921953,4177.384265600238,4177.384265600238,12.010632899939083,8372.662571430206,,fixed_iterations,,0.045819903663952534,0.045819903663952534,0.2779394178123859,0.2779394178123859,0.15203281200463173,0.15203281200463173,0.26774778042322683,0.26774778042322683,347,0.015382010136842206,0.015382010136842206,0.008177856978000157,0.14408306317684094,0.008177856978000157,0.6204172512128074,0.009231879318920253,0.009991930734537795,0.2086756107958059,0.11210453098178771,0.28964517870067596,T015_035_015_035,7
348,9.925011007420542,525,175,False,projected_continuous_optimization_loss,348,700,3.631685432530898e-05,0.7443966287467169,0.006128854374181302,0.006128854374181302,0.006128854374181302,0.002862200204379118,0.002862200204379118,0.002862200204379118,0.002862200204379118,0.002862200204379118,0.06533308339604368,0.06533308339604368,0.06533308339604368,0.7443966287467169,0.08470511859704369,0.11837144331580529,0.5074382716049383,0.006128854374181302,4189.35124500026,4189.35124500026,11.966979400021955,8396.670768260956,,fixed_iterations,,0.04537186878364456,0.04537186878364456,0.27985384109635936,0.27985384109635936,0.1505365402443391,0.1505365402443391,0.2686343786223738,0.2686343786223738,348,0.014872922405461246,0.014872922405461246,0.007810657710040964,0.14124529390840565,0.007810657710040964,0.6241738514839532,0.008744068031279945,0.010157315018115641,0.21352199150855125,0.11260559387459308,0.2878889510826933,T015_035_015_035,7
349,9.990872592545756,525,175,False,projected_continuous_optimization_loss,349,700,3.6457339570343585e-05,0.7458170325643607,0.006022425778342834,0.006022425778342834,0.006022425778342834,0.002791976731623471,0.002791976731623471,0.002791976731623471,0.002791976731623471,0.002791976731623471,0.06460898093438726,0.06460898093438726,0.06460898093438726,0.7458170325643607,0.08477565518094483,0.11850756998358014,0.5075925925925926,0.006022425778342834,4201.383273700252,4201.383273700252,12.032028699992225,8420.780719280243,,fixed_iterations,,0.046923649595297184,0.046923649595297184,0.2794012142142993,0.2794012142142993,0.1520671829421786,0.1520671829421786,0.2674249858125856,0.2674249858125856,349,0.014461234397913664,0.014461234397913664,0.0072711811512610365,0.14380106493305253,0.0072711811512610365,0.6207888913374867,0.00843880861957083,0.01150946599318582,0.2116495396625535,0.11786860753896822,0.2797612781427791,T015_035_015_035,7
350,10.057171229921284,525,175,False,projected_continuous_optimization_loss,350,700,3.652298798097284e-05,0.7466664930780191,0.00602436346393778,0.00602436346393778,0.00602436346393778,0.0028154701774683135,0.0028154701774683135,0.0028154701774683135,0.0028154701774683135,0.0028154701774683135,0.06417786572938933,0.06417786572938933,0.06417786572938933,0.7466664930780191,0.08477536710057762,0.11850521409506684,0.5076234567901234,0.00602436346393778,4213.402447600267,4213.402447600267,12.01917390001472,8444.874274253845,,fixed_iterations,,0.045934090289754106,0.045934090289754106,0.28131433481214757,0.28131433481214757,0.15008850530300208,0.15008850530300208,0.26932956267311536,0.26932956267311536,350,0.014319290253264796,0.014319290253264796,0.007206934245398826,0.1422471201573194,0.007206934245398826,0.6228433745016276,0.008294926789327016,0.010831483066598955,0.21560618963245504,0.11662513298820948,0.27978056881436425,T015_035_015_035,7
351,10.123909819791166,525,175,False,projected_continuous_optimization_loss,351,700,3.6423241989147965e-05,0.7481644323262466,0.005911756553620803,0.005911756553620803,0.005911756553620803,0.0027406988963427216,0.0027406988963427216,0.0027406988963427216,0.0027406988963427216,0.0027406988963427216,0.06342115314556161,0.06342115314556161,0.06342115314556161,0.7481644323262466,0.08484527738917401,0.1186404394408551,0.5077160493827161,0.005911756553620803,4225.433506800211,4225.433506800211,12.031059199944139,8468.971168756485,,fixed_iterations,,0.04755464875151963,0.04755464875151963,0.2807862056967176,0.2807862056967176,0.15167521300854378,0.15167521300854378,0.26814836486946564,0.26814836486946564,351,0.014008664595396311,0.014008664595396311,0.006870244336673935,0.14276840517444753,0.006870244336673935,0.622152934146039,0.008096908041775508,0.012056597768160503,0.21607015941271698,0.11762514196400738,0.2764010350011541,T015_035_015_035,7
352,10.19109128164523,525,175,False,projected_continuous_optimization_loss,352,700,3.62248277283082e-05,0.7490390047825547,0.005904663691151333,0.005904663691151333,0.005904663691151333,0.002755592635124806,0.002755592635124806,0.002755592635124806,0.002755592635124806,0.002755592635124806,0.06298142112053055,0.06298142112053055,0.06298142112053055,0.7490390047825547,0.08484859931519215,0.11864603071600699,0.5076543209876543,0.005904663691151333,4237.47877770022,4237.47877770022,12.0452709000092,8493.109647035599,,fixed_iterations,,0.046817871112253905,0.046817871112253905,0.2831043556155241,0.2831043556155241,0.14975426652250082,0.14975426652250082,0.2693625115322759,0.2693625115322759,352,0.013816053444538698,0.013816053444538698,0.006733483247133686,0.14165140394810022,0.006733483247133686,0.6236339495277234,0.007911389753387364,0.011504466789735886,0.21981750816798687,0.1179440792524109,0.27436789531758976,T015_035_015_035,7
353,10.258718554346798,525,175,False,projected_continuous_optimization_loss,353,700,3.607653240539832e-05,0.7506122721399485,0.005794007994225647,0.005794007994225647,0.005794007994225647,0.0026842960538656945,0.0026842960538656945,0.0026842960538656945,0.0026842960538656945,0.0026842960538656945,0.06219423880719904,0.06219423880719904,0.06219423880719904,0.7506122721399485,0.08491192957470407,0.11877055357520788,0.5075617283950618,0.005794007994225647,4249.506269700243,4249.506269700243,12.027492000022903,8517.214201927185,,fixed_iterations,,0.04818394801430196,0.04818394801430196,0.28188903976504587,0.28188903976504587,0.1511844114812201,0.1511844114812201,0.2693548728793807,0.2693548728793807,353,0.013675506521080138,0.013675506521080138,0.0066156936680003735,0.14119625706159528,0.0066156936680003735,0.6242390958846368,0.007881498526854491,0.011874608483328981,0.22001139507817635,0.11950624327122587,0.2728468490519055,T015_035_015_035,7
354,10.326794596261266,525,175,False,projected_continuous_optimization_loss,354,700,3.608441254093646e-05,0.7514885261389125,0.005805199444552125,0.005805199444552125,0.005805199444552125,0.0027173018125216247,0.0027173018125216247,0.0027173018125216247,0.0027173018125216247,0.0027173018125216247,0.06175795264060999,0.06175795264060999,0.06175795264060999,0.7514885261389125,0.08491108282840584,0.11876870868611103,0.5074382716049383,0.005805199444552125,4261.470609300304,4261.470609300304,11.964339600061066,8541.245422363281,,fixed_iterations,,0.04744679406500295,0.04744679406500295,0.28536347323982203,0.28536347323982203,0.14929576454406626,0.14929576454406626,0.26938249429002126,0.26938249429002126,354,0.013249306937119634,0.013249306937119634,0.006362065259026122,0.13774483356187023,0.006362065259026122,0.6288600889666133,0.0074441074925675095,0.011549015029116998,0.22782375779233505,0.11891679911846825,0.270570517026693,T015_035_015_035,7
355,10.395322385385501,525,175,False,projected_continuous_optimization_loss,355,700,3.63691622088699e-05,0.7532460688577463,0.005651117117698968,0.005651117117698968,0.005651117117698968,0.002606741990991163,0.002606741990991163,0.002606741990991163,0.002606741990991163,0.002606741990991163,0.060887502534156104,0.060887502534156104,0.060887502534156104,0.7532460688577463,0.08498584565899495,0.1189166504352458,0.5072839506172839,0.005651117117698968,4273.505425100331,4273.505425100331,12.03481580002699,8565.363236427307,,fixed_iterations,,0.04923762504831761,0.04923762504831761,0.28235836614471066,0.28235836614471066,0.15111834314024208,0.15111834314024208,0.2705317345244759,0.2705317345244759,355,0.013652225718692068,0.013652225718692068,0.006574976701067438,0.1415449803524926,0.006574976701067438,0.6237753591901607,0.008001108600993099,0.012081823122544055,0.2194748759399355,0.12021150880818286,0.27200715131949826,T015_035_015_035,7
356,10.464304919478135,525,175,False,projected_continuous_optimization_loss,356,700,3.7322320806678077e-05,0.7538130236740174,0.005744909710355524,0.005744909710355524,0.005744909710355524,0.0027145083447290236,0.0027145083447290236,0.0027145083447290236,0.0027145083447290236,0.0027145083447290236,0.06060802731252999,0.06060802731252999,0.06060802731252999,0.7538130236740174,0.08495194086210313,0.11885034856982707,0.5075,0.005744909710355524,4285.546960900305,4285.546960900305,12.041535799973644,8589.577783584595,,fixed_iterations,,0.047469366093308325,0.047469366093308325,0.2888193017100625,0.2888193017100625,0.1478214960122044,0.1478214960122044,0.26970285985844206,0.26970285985844206,356,0.013091797155632919,0.013091797155632919,0.006228987169059241,0.13725619973147357,0.006228987169059241,0.6295189617112996,0.007346887445277395,0.011317267590367195,0.23138192249151882,0.11931742170609656,0.267502349923317,T015_035_015_035,7
357,10.533745216190663,525,175,False,projected_continuous_optimization_loss,357,700,4.0041266626397615e-05,0.7563670042336809,0.0054604041396771694,0.0054604041396771694,0.0054604041396771694,0.002492552308373608,0.002492552308373608,0.002492552308373608,0.002492552308373608,0.002492552308373608,0.059357036626071225,0.059357036626071225,0.059357036626071225,0.7563670042336809,0.08508381179892055,0.11911628980449387,0.5076543209876543,0.0054604041396771694,4297.567664500326,4297.567664500326,12.02070360002108,8613.774053096771,,fixed_iterations,,0.051365674828268246,0.051365674828268246,0.2806354184717694,0.2806354184717694,0.152814902670971,0.152814902670971,0.27155100826267226,0.27155100826267226,357,0.013409739594340938,0.013409739594340938,0.005923478633528505,0.14972521921624865,0.005923478633528505,0.6130565684544463,0.007949335454663769,0.014518542017264666,0.21656673617896424,0.12427972253749177,0.2576915677207256,T015_035_015_035,7
358,10.603646313199496,525,175,False,projected_continuous_optimization_loss,358,700,4.8393889488373245e-05,0.7555561481373051,0.0058507040520439845,0.0058507040520439845,0.0058507040520439845,0.0028630642163704305,0.0028630642163704305,0.0028630642163704305,0.0028630642163704305,0.0028630642163704305,0.05975279671347108,0.05975279671347108,0.05975279671347108,0.7555561481373051,0.08493124025176853,0.11881276804531112,0.5072839506172839,0.0058507040520439845,4309.592432300327,4309.592432300327,12.024767800001428,8637.917362689972,,fixed_iterations,,0.04562294626726652,0.04562294626726652,0.29624652380875266,0.29624652380875266,0.14347197934572928,0.14347197934572928,0.27021469871555664,0.27021469871555664,358,0.012619799697730479,0.012619799697730479,0.00604592866285641,0.13147742069748136,0.00604592866285641,0.6374018468090586,0.006769095645686494,0.010645694909985463,0.2468456593285116,0.1170281142117788,0.2628823783587828,T015_035_015_035,7
359,10.67401126833882,525,175,False,projected_continuous_optimization_loss,359,700,7.468066635499817e-05,0.7607415842566667,0.005181782529767704,0.005181782529767704,0.005181782529767704,0.002319553054567218,0.002319553054567218,0.002319553054567218,0.002319553054567218,0.002319553054567218,0.057244589504009714,0.057244589504009714,0.057244589504009714,0.7607415842566667,0.08526317326996435,0.11948686931784366,0.5078703703703704,0.005181782529767704,4321.5131152003305,4321.5131152003305,11.920682900003158,8661.841855049133,,fixed_iterations,,0.05728605657870306,0.05728605657870306,0.271421102939019,0.271421102939019,0.15968198379540063,0.15968198379540063,0.2723524409435441,0.2723524409435441,359,0.013837087697025716,0.013837087697025716,0.005617184610492356,0.16439806173066718,0.005617184610492356,0.5945396915471661,0.008655305167258012,0.0188823287868194,0.2017178029542642,0.13072379163066222,0.2432157681754203,T015_035_015_035,7
360,10.744843159734362,525,175,False,projected_continuous_optimization_loss,360,700,0.00015502980360806735,0.7559924528784538,0.0065577435754981895,0.0065577435754981895,0.0065577435754981895,0.0035807594228845136,0.0035807594228845136,0.0035807594228845136,0.0035807594228845136,0.0035807594228845136,0.059539683052273515,0.059539683052273515,0.059539683052273515,0.7559924528784538,0.08474748508565397,0.11842594206644898,0.5072530864197531,0.0065577435754981895,4333.550297700334,4333.550297700334,12.037182500003837,8685.943380594254,,fixed_iterations,,0.04002863692122958,0.04002863692122958,0.3135120303051804,0.3135120303051804,0.13307967119886038,0.13307967119886038,0.2693721144531836,0.2693721144531836,360,0.013705037665820784,0.013705037665820784,0.006900682849735719,0.13608709632170127,0.006900682849735719,0.6311001540774228,0.007147294090322594,0.007777877508660569,0.26590083111881885,0.09914746703000796,0.2582739784199354,T015_035_015_035,7
361,10.816145085938055,525,175,False,projected_continuous_optimization_loss,361,700,0.0003515982302831447,0.766209630099084,0.0051601110002386825,0.0051601110002386825,0.0051601110002386825,0.002427214147318327,0.002427214147318327,0.002427214147318327,0.002427214147318327,0.002427214147318327,0.05465793705840711,0.05465793705840711,0.05465793705840711,0.766209630099084,0.08546593175091616,0.11995580967317294,0.5078086419753086,0.0051601110002386825,4345.570753200329,4345.570753200329,12.020455499994569,8710.068456172943,,fixed_iterations,,0.06495243880795086,0.06495243880795086,0.25566154692077087,0.25566154692077087,0.16955259123665004,0.16955259123665004,0.27604305313371225,0.27604305313371225,361,0.015543473571562556,0.015543473571562556,0.0057375569623943955,0.19611833218336322,0.0057375569623943955,0.5571475051629908,0.010383362571323874,0.02129101799343345,0.1813788093295125,0.13098020972500457,0.22349746811504032,T015_035_015_035,7
362,10.887920166063564,525,175,False,projected_continuous_optimization_loss,362,700,0.0005390400593026955,0.762704582083925,0.006379237949078678,0.006379237949078678,0.006379237949078678,0.0035637821808804405,0.0035637821808804405,0.0035637821808804405,0.0035637821808804405,0.0035637821808804405,0.05630911536396474,0.05630911536396474,0.05630911536396474,0.762704582083925,0.08481557029579583,0.11859577456456523,0.5072222222222222,0.006379237949078678,4357.596080300398,4357.596080300398,12.025327100069262,8734.181215286255,,fixed_iterations,,0.04518078509565899,0.04518078509565899,0.32130304386541586,0.32130304386541586,0.13659159117444797,0.13659159117444797,0.2596291619484022,0.2596291619484022,362,0.013306217039926236,0.013306217039926236,0.006925574510761792,0.1276128505832889,0.006925574510761792,0.6427705910996564,0.006926979090847558,0.009575239965607217,0.28403227251551155,0.10643920422630729,0.24272387439223028,T015_035_015_035,7
363,10.960171539922753,525,175,False,projected_continuous_optimization_loss,363,700,0.00034761425644463055,0.7664943277463526,0.004917005148897648,0.004917005148897648,0.004917005148897648,0.002190760200166258,0.002190760200166258,0.002190760200166258,0.002190760200166258,0.002190760200166258,0.05452489897462779,0.05452489897462779,0.05452489897462779,0.7664943277463526,0.08509773147212231,0.11925484554344631,0.5075925925925926,0.004917005148897648,4369.587588000344,4369.587588000344,11.991507699945942,8758.230126619339,,fixed_iterations,,0.0539780785951156,0.0539780785951156,0.28783008904207935,0.28783008904207935,0.14535828031143,0.14535828031143,0.27932787979772766,0.27932787979772766,363,0.013040559682599866,0.013040559682599866,0.005803566797367842,0.14473985770464046,0.005803566797367842,0.6195530816202601,0.008123554533702218,0.012737741237313542,0.22875666144814888,0.12530147939385164,0.2527571995409461,T015_035_015_035,7
364,11.032902368163029,525,175,False,projected_continuous_optimization_loss,364,700,8.86795673766857e-05,0.7727976764447239,0.005009843899567263,0.005009843899567263,0.005009843899567263,0.002428799108121443,0.002428799108121443,0.002428799108121443,0.002428799108121443,0.002428799108121443,0.05162089582891639,0.05162089582891639,0.05162089582891639,0.7727976764447239,0.08540943568095931,0.12001665856964153,0.5069135802469136,0.005009843899567263,4381.674196800333,4381.674196800333,12.086608799989335,8782.394995450974,,fixed_iterations,,0.0710989792296206,0.0710989792296206,0.28824180662432175,0.28824180662432175,0.16889231304126742,0.16889231304126742,0.2445645775495141,0.2445645775495141,364,0.013778918338912864,0.013778918338912864,0.005648825916040074,0.16260184845745582,0.005648825916040074,0.5967608049092252,0.008769074439345602,0.01974170434567027,0.23006611487125894,0.1416342653565869,0.20531872033570917,T015_035_015_035,7
365,11.106115832405607,525,175,False,projected_continuous_optimization_loss,365,700,0.0002811827892591671,0.7709194173706865,0.005656839437121728,0.005656839437121728,0.005656839437121728,0.003032943770232443,0.003032943770232443,0.003032943770232443,0.003032943770232443,0.003032943770232443,0.05247791333778569,0.05247791333778569,0.05247791333778569,0.7709194173706865,0.08473922797730783,0.11855232364572761,0.5071913580246914,0.005656839437121728,4393.700556200347,4393.700556200347,12.026359400013462,8806.540924072266,,fixed_iterations,,0.04757915928131608,0.04757915928131608,0.31778569361741626,0.31778569361741626,0.131837012180746,0.131837012180746,0.27371755229120825,0.27371755229120825,365,0.013097366657471878,0.013097366657471878,0.006303787565826481,0.13587158183290793,0.006303787565826481,0.6313923741525308,0.00744052722035015,0.010074210697113955,0.264435959326203,0.10654890075873914,0.25033330337047466,T015_035_015_035,7
366,11.179815135384674,525,175,False,projected_continuous_optimization_loss,366,700,0.0002871143750127991,0.7755239549047664,0.004642667267955516,0.004642667267955516,0.004642667267955516,0.002123192526875652,0.002123192526875652,0.002123192526875652,0.002123192526875652,0.002123192526875652,0.050389494821597276,0.050389494821597276,0.050389494821597276,0.7755239549047664,0.08500736765516194,0.11921250190432738,0.5058333333333334,0.004642667267955516,4405.737092100317,4405.737092100317,12.03653589996975,8830.655146598816,,fixed_iterations,,0.06036237845006627,0.06036237845006627,0.3056663102383351,0.3056663102383351,0.14404147265586945,0.14404147265586945,0.26545379356049564,0.26545379356049564,366,0.01212405530309373,0.01212405530309373,0.005563335419484528,0.13121439767218404,0.005563335419484528,0.6377647205583309,0.007481388035138215,0.013421225074855148,0.25179968995423835,0.12641403294485382,0.24612977258438362,T015_035_015_035,7
367,11.254003501087519,525,175,False,projected_continuous_optimization_loss,367,700,4.813248389417658e-05,0.7799299803226102,0.004724729883127336,0.004724729883127336,0.004724729883127336,0.0023031892050869927,0.0023031892050869927,0.0023031892050869927,0.0023031892050869927,0.0023031892050869927,0.04843081356080684,0.04843081356080684,0.04843081356080684,0.7799299803226102,0.08537173440210491,0.12010855762123519,0.5054938271604938,0.004724729883127336,4417.76077680022,4417.76077680022,12.023684699903242,8854.797883272171,,fixed_iterations,,0.08034749801338113,0.08034749801338113,0.2952116935210317,0.2952116935210317,0.16698951518962415,0.16698951518962415,0.237381273598573,0.237381273598573,367,0.015551780658329399,0.015551780658329399,0.0070960848605535,0.16911391595551795,0.0070960848605535,0.5887653760254156,0.010827050775202064,0.023355271341699343,0.22688405908382997,0.15627715675965587,0.1822488888402303,T015_035_015_035,7
368,11.328684174895551,525,175,False,projected_continuous_optimization_loss,368,700,0.0003175293064052241,0.7834145594249957,0.004703415528091762,0.004703415528091762,0.004703415528091762,0.0023579528746383266,0.0023579528746383266,0.0023579528746383266,0.0023579528746383266,0.0023579528746383266,0.046909253069068714,0.046909253069068714,0.046909253069068714,0.7834145594249957,0.08483838092176363,0.1189192553317952,0.5053395061728395,0.004703415528091762,4429.804247400258,4429.804247400258,12.043470600037836,8878.858721971512,,fixed_iterations,,0.05814056646051308,0.05814056646051308,0.3178978530078639,0.3178978530078639,0.1360934297510218,0.1360934297510218,0.271282710205597,0.271282710205597,368,0.011805218870306937,0.011805218870306937,0.005625896116672039,0.12358645507269796,0.005625896116672039,0.6484513475026565,0.007101803342215175,0.013335872565207293,0.2617343276115659,0.12137860595032243,0.25200254137556094,T015_035_015_035,7
369,11.403860423726277,525,175,False,projected_continuous_optimization_loss,369,700,0.00012415389646252214,0.7883699643673534,0.0047051943359796376,0.0047051943359796376,0.0047051943359796376,0.002465830736885874,0.002465830736885874,0.002465830736885874,0.002465830736885874,0.002465830736885874,0.044787271981875265,0.044787271981875265,0.044787271981875265,0.7883699643673534,0.08481900571531377,0.11892899086862989,0.5051543209876543,0.0047051943359796376,4441.834041100228,4441.834041100228,12.029793699970469,8902.985507249832,,fixed_iterations,,0.06093135669678659,0.06093135669678659,0.3273411025516283,0.3273411025516283,0.1307938640774309,0.1307938640774309,0.2693036410415076,0.2693036410415076,369,0.011743795335617188,0.011743795335617188,0.0057954128821048525,0.11896764907024669,0.0057954128821048525,0.6550831273042058,0.007038600999637551,0.014436641885974101,0.27499647204949024,0.12456437399783969,0.2410856393709018,T015_035_015_035,7
370,11.479535536176206,525,175,False,projected_continuous_optimization_loss,370,700,0.00015266640923296563,0.7923633523154148,0.003743062701406507,0.003743062701406507,0.003743062701406507,0.0015874138283218783,0.0015874138283218783,0.0015874138283218783,0.0015874138283218783,0.0015874138283218783,0.04311297746169257,0.04311297746169257,0.04311297746169257,0.7923633523154148,0.08527961392189373,0.11997833874716791,0.5050925925925925,0.003743062701406507,4453.892756000278,4453.892756000278,12.058714900049381,8927.154062509537,,fixed_iterations,,0.08308159161992919,0.08308159161992919,0.3061568400369719,0.3061568400369719,0.15275317219364337,0.15275317219364337,0.25037174846487037,0.25037174846487037,370,0.01507147944363737,0.01507147944363737,0.006740822563856764,0.16661313759561214,0.006740822563856764,0.5918172742562321,0.011328416742230864,0.02005158855475584,0.2210899881445065,0.15505872968496176,0.1956169678720079,T015_035_015_035,7
371,11.555712822664704,525,175,False,projected_continuous_optimization_loss,371,700,0.00016225229476105778,0.7982940950158921,0.003965924574633541,0.003965924574633541,0.003965924574633541,0.0019316609693606425,0.0019316609693606425,0.0019316609693606425,0.0019316609693606425,0.0019316609693606425,0.04068527210545796,0.04068527210545796,0.04068527210545796,0.7982940950158921,0.08513563617140202,0.11968629416370134,0.5049382716049383,0.003965924574633541,4465.774658400216,4465.774658400216,11.881902399938554,8951.124410867691,,fixed_iterations,,0.07259197185868914,0.07259197185868914,0.3153133742252107,0.3153133742252107,0.1513256358541812,0.1513256358541812,0.2590631130778111,0.2590631130778111,371,0.013386128015274838,0.013386128015274838,0.006008008605842653,0.1475623881886437,0.006008008605842653,0.615861498690064,0.009420203440641296,0.017108742617468267,0.22993076849438,0.14917555406562677,0.21964643351258897,T015_035_015_035,7
372,11.63239561557883,525,175,False,projected_continuous_optimization_loss,372,700,7.313645396084722e-05,0.8053510961717834,0.004207404870053973,0.004207404870053973,0.004207404870053973,0.0023129950819776564,0.0023129950819776564,0.0023129950819776564,0.0023129950819776564,0.0023129950819776564,0.037888195761526335,0.037888195761526335,0.037888195761526335,0.8053510961717834,0.08487594168228611,0.11916802794659523,0.5041666666666667,0.004207404870053973,4477.806761300191,4477.806761300191,12.032102899975143,8975.159622192383,,fixed_iterations,,0.06429836043132596,0.06429836043132596,0.3344678184084846,0.3344678184084846,0.12688895870024225,0.12688895870024225,0.27969595863173047,0.27969595863173047,372,0.010819497173324352,0.010819497173324352,0.005590236318678229,0.10458521709292244,0.005590236318678229,0.6766036223256011,0.006612092303270379,0.018083844912863918,0.28786721473848725,0.12632616050600412,0.2443264021682458,T015_035_015_035,7
373,11.709587269419092,525,175,False,projected_continuous_optimization_loss,373,700,0.0001478496756766826,0.8106813715744605,0.00332508066250279,0.00332508066250279,0.00332508066250279,0.0015330035090564173,0.0015330035090564173,0.0015330035090564173,0.0015330035090564173,0.0015330035090564173,0.035841543068927444,0.035841543068927444,0.035841543068927444,0.8106813715744605,0.08509545005003888,0.11967356475210976,0.5040123456790123,0.00332508066250279,4489.8434880001005,4489.8434880001005,12.036726699909195,8999.308433294296,,fixed_iterations,,0.07565831606573772,0.07565831606573772,0.32665804829850903,0.32665804829850903,0.129134429202731,0.129134429202731,0.27923057800748285,0.27923057800748285,373,0.011577138265987174,0.011577138265987174,0.005485042214472474,0.12184192103029398,0.005485042214472474,0.6509413788053732,0.008252057603484384,0.01771135210268671,0.25409742253560735,0.14419529917083582,0.23493730499624335,T015_035_015_035,7
374,11.787291160946204,525,175,False,projected_continuous_optimization_loss,374,700,6.233765807219503e-05,0.8143978594741799,0.003327822281055758,0.003327822281055758,0.003327822281055758,0.0016054145526674436,0.0016054145526674436,0.0016054145526674436,0.0016054145526674436,0.0016054145526674436,0.03444815456776629,0.03444815456776629,0.03444815456776629,0.8143978594741799,0.08531787405765483,0.12014479697720759,0.5041975308641975,0.003327822281055758,4501.863554500043,4501.863554500043,12.020066499942914,9023.415232181549,,fixed_iterations,,0.08017380454981367,0.08017380454981367,0.31885060658538483,0.31885060658538483,0.15193441243792488,0.15193441243792488,0.2634390359010565,0.2634390359010565,374,0.01526116115310598,0.01526116115310598,0.007502378776957073,0.15517564752297813,0.007502378776957073,0.6060765968833813,0.011933338872050222,0.01819273073450138,0.2219660120324063,0.16513919412564165,0.2007786599908319,T015_035_015_035,7
375,11.865510689328781,525,175,False,projected_continuous_optimization_loss,375,700,0.00012423203813251052,0.8200869650594698,0.0034269843558417893,0.0034269843558417893,0.0034269843558417893,0.0018085493487661663,0.0018085493487661663,0.0018085493487661663,0.0018085493487661663,0.0018085493487661663,0.032368700141512455,0.032368700141512455,0.032368700141512455,0.8200869650594698,0.08517645017202434,0.11987810185998196,0.5041358024691358,0.0034269843558417893,4513.941475800122,4513.941475800122,12.077921300078742,9047.59215927124,,fixed_iterations,,0.07140112888345154,0.07140112888345154,0.32752715545281197,0.32752715545281197,0.1443782104794616,0.1443782104794616,0.2767804702437447,0.2767804702437447,375,0.01254465862864989,0.01254465862864989,0.006097680937122524,0.12893955383054728,0.006097680937122524,0.6409184579645629,0.0091176742728081,0.016106926841668836,0.23353379669237825,0.15414903736462168,0.23712869706589423,T015_035_015_035,7
376,11.944249276292068,525,175,False,projected_continuous_optimization_loss,376,700,5.049183406621219e-05,0.8273665994078915,0.003227618152280335,0.003227618152280335,0.003227618152280335,0.0017375036022805618,0.0017375036022805618,0.0017375036022805618,0.0017375036022805618,0.0017375036022805618,0.029802290999995453,0.029802290999995453,0.029802290999995453,0.8273665994078915,0.08507346196945278,0.11973179218304786,0.5037962962962963,0.003227618152280335,4525.973697300185,4525.973697300185,12.032221500063315,9071.70050740242,,fixed_iterations,,0.0724122463669674,0.0724122463669674,0.33460531591019355,0.33460531591019355,0.12321030170248785,0.12321030170248785,0.2971387354282426,0.2971387354282426,376,0.010711978584047965,0.010711978584047965,0.005344058869918816,0.10735839428258297,0.005344058869918816,0.6723440916409671,0.00748436043176763,0.017958537288851356,0.2600230350550847,0.1455754743770224,0.2487870449200087,T015_035_015_035,7
377,12.023510366267596,525,175,False,projected_continuous_optimization_loss,377,700,0.0001064479587730557,0.8314619149238893,0.002972262967026675,0.002972262967026675,0.002972262967026675,0.001552008660970557,0.001552008660970557,0.001552008660970557,0.001552008660970557,0.001552008660970557,0.028405086121122358,0.028405086121122358,0.028405086121122358,0.8314619149238893,0.08520158052993616,0.12002545821041838,0.5032098765432099,0.002972262967026675,4538.008412600262,4538.008412600262,12.034715300076641,9095.823850393295,,fixed_iterations,,0.07681509800475136,0.07681509800475136,0.3352442203639158,0.3352442203639158,0.13066141630695088,0.13066141630695088,0.2887411802482712,0.2887411802482712,377,0.012052410459594421,0.012052410459594421,0.005907823713511264,0.12289173492166312,0.005907823713511264,0.6494408253637296,0.009080147492567745,0.017299666331747836,0.2429962691694828,0.1543963821423379,0.23474850772016106,T015_035_015_035,7
378,12.103297426543875,525,175,False,projected_continuous_optimization_loss,378,700,4.9783762585785786e-05,0.8326685207830489,0.0029276368050506056,0.0029276368050506056,0.0029276368050506056,0.0015276456082039581,0.0015276456082039581,0.0015276456082039581,0.0015276456082039581,0.0015276456082039581,0.027999823936932948,0.027999823936932948,0.027999823936932948,0.8326685207830489,0.08532412590500296,0.12025932787861351,0.5033641975308641,0.0029276368050506056,4550.038932800177,4550.038932800177,12.030520199914463,9119.953545570374,,fixed_iterations,,0.07464918918055163,0.07464918918055163,0.32301846458084876,0.32301846458084876,0.1506609900369262,0.1506609900369262,0.28433987698472235,0.28433987698472235,378,0.014500430469179627,0.014500430469179627,0.007132862537377219,0.14735135863604817,0.007132862537377219,0.6161362759571463,0.011572793664129022,0.015851471025145593,0.21012827742436818,0.16147086422060425,0.22868566328702822,T015_035_015_035,7
379,12.183613947418074,525,175,False,projected_continuous_optimization_loss,379,700,9.645512762523724e-05,0.8377866067873848,0.002839711624208718,0.002839711624208718,0.002839711624208718,0.0015240523773311907,0.0015240523773311907,0.0015240523773311907,0.0015240523773311907,0.0015240523773311907,0.026313184937550547,0.026313184937550547,0.026313184937550547,0.8377866067873848,0.0852644937797545,0.12018761628008642,0.5029012345679013,0.002839711624208718,4562.040938200196,4562.040938200196,12.002005400019698,9144.026676177979,,fixed_iterations,,0.07495498341427687,0.07495498341427687,0.3314182022829243,0.3314182022829243,0.14114661493455818,0.14114661493455818,0.29026680615562545,0.29026680615562545,379,0.0128340984832498,0.0128340984832498,0.006533211157436054,0.12601774651627493,0.006533211157436054,0.6450102163212652,0.009994386859041082,0.016220599816729287,0.22436540488320114,0.1604017563963555,0.24402245522497928,T015_035_015_035,7
380,12.264463442348674,525,175,False,projected_continuous_optimization_loss,380,700,3.894148045235258e-05,0.8436378807764923,0.0028283745249086034,0.0028283745249086034,0.0028283745249086034,0.001605918908505279,0.001605918908505279,0.001605918908505279,0.001605918908505279,0.001605918908505279,0.024449112328066482,0.024449112328066482,0.024449112328066482,0.8436378807764923,0.08515458821702201,0.1200308225897566,0.501358024691358,0.0028283745249086034,4574.10015300021,4574.10015300021,12.05921480001416,9168.131343603134,,fixed_iterations,,0.07557311811611599,0.07557311811611599,0.33883934940072213,0.33883934940072213,0.12533693151615194,0.12533693151615194,0.3038884817435022,0.3038884817435022,380,0.010334034368708143,0.010334034368708143,0.005195386094943235,0.10277296547529816,0.005195386094943235,0.6794177711174586,0.007505659843799539,0.019237115418434817,0.2627473908700194,0.14608952418280177,0.2513437406462026,T015_035_015_035,7
381,12.34584944810921,525,175,False,projected_continuous_optimization_loss,381,700,7.895056724903863e-05,0.8456849762229783,0.002752676055890354,0.002752676055890354,0.002752676055890354,0.0015620197277252158,0.0015620197277252158,0.0015620197277252158,0.0015620197277252158,0.0015620197277252158,0.023813126563302763,0.023813126563302763,0.023813126563302763,0.8456849762229783,0.08517203597795141,0.12008019813162582,0.5013888888888889,0.002752676055890354,4586.129447100218,4586.129447100218,12.029294100007974,9192.248969078064,,fixed_iterations,,0.07310618563929377,0.07310618563929377,0.3340505156150412,0.3340505156150412,0.13267288816276662,0.13267288816276662,0.30585538680587676,0.30585538680587676,381,0.011466233516753403,0.011466233516753403,0.005819855310466125,0.11292756412574555,0.005819855310466125,0.6639530328573914,0.00871355746086305,0.016301683153954805,0.23777193786559422,0.14997792038630722,0.2599014914515351,T015_035_015_035,7
382,12.427775524942955,525,175,False,projected_continuous_optimization_loss,382,700,4.422433646162631e-05,0.845878117790798,0.0027670299531861787,0.0027670299531861787,0.0027670299531861787,0.0015793522244008239,0.0015793522244008239,0.0015793522244008239,0.0015793522244008239,0.0015793522244008239,0.023753554575707096,0.023753554575707096,0.023753554575707096,0.845878117790798,0.08528318776204864,0.12032901184046389,0.501358024691358,0.0027670299531861787,4598.124616600224,4598.124616600224,11.995169500005431,9216.409497261047,,fixed_iterations,,0.07439198931232886,0.07439198931232886,0.3324872657924024,0.3324872657924024,0.14733937638113406,0.14733937638113406,0.2916594863049327,0.2916594863049327,382,0.013062372249002425,0.013062372249002425,0.00661300724258793,0.12898730012828988,0.00661300724258793,0.6408519801971756,0.010295342295816247,0.015570356084888989,0.22155471992480075,0.15895687585146148,0.2447700283360244,T015_035_015_035,7
383,12.510245256718683,525,175,False,projected_continuous_optimization_loss,383,700,6.750854061235095e-05,0.8499819733658099,0.0023575320051745455,0.0023575320051745455,0.0023575320051745455,0.0012322615894137191,0.0012322615894137191,0.0012322615894137191,0.0012322615894137191,0.0012322615894137191,0.022505408315216524,0.022505408315216524,0.022505408315216524,0.8499819733658099,0.08527749107750567,0.12036670023765547,0.5006481481481482,0.0023575320051745455,4610.169154700241,4610.169154700241,12.044538100017235,9240.658891916275,,fixed_iterations,,0.07893139421584816,0.07893139421584816,0.32920133485098513,0.32920133485098513,0.14116870497180384,0.14116870497180384,0.3006805393271729,0.3006805393271729,383,0.012324369864830494,0.012324369864830494,0.006177044204793301,0.12294651320074387,0.006177044204793301,0.6493627042074048,0.009966837859655948,0.01693367285289721,0.22767955488447444,0.15664251949394975,0.24810695697608343,T015_035_015_035,7
384,12.593262251087417,525,175,False,projected_continuous_optimization_loss,384,700,4.771241465508466e-05,0.8534317806509002,0.002811536290402105,0.002811536290402105,0.002811536290402105,0.0017374241442438118,0.0017374241442438118,0.0017374241442438118,0.0017374241442438118,0.0017374241442438118,0.021482242923165865,0.021482242923165865,0.021482242923165865,0.8534317806509002,0.08508935400533546,0.12001927098700266,0.4997839506172839,0.002811536290402105,4622.2065126001835,4622.2065126001835,12.037357899942435,9264.778818130493,,fixed_iterations,,0.07234023940500217,0.07234023940500217,0.34176724350688803,0.34176724350688803,0.13058048019541565,0.13058048019541565,0.30874381754359426,0.30874381754359426,384,0.010683388209601297,0.010683388209601297,0.005512166026303945,0.10342444366594704,0.005512166026303945,0.6784032903371878,0.007871851919199192,0.016520933772473174,0.24962656711866435,0.14397783661352428,0.26827795283252603,T015_035_015_035,7
385,12.676830139640288,525,175,False,projected_continuous_optimization_loss,385,700,5.7504434690470167e-05,0.8554488484120459,0.002584322680007757,0.002584322680007757,0.002584322680007757,0.0015395709087375716,0.0015395709087375716,0.0015395709087375716,0.0015395709087375716,0.0015395709087375716,0.020895035425403708,0.020895035425403708,0.020895035425403708,0.8554488484120459,0.08509587873605765,0.12006656393841098,0.4996604938271605,0.002584322680007757,4634.2566595001845,4634.2566595001845,12.050146900000982,9288.927889347076,,fixed_iterations,,0.0737263545562554,0.0737263545562554,0.33552141198707425,0.33552141198707425,0.13248240683488402,0.13248240683488402,0.3137186750338322,0.3137186750338322,385,0.010991376853559338,0.010991376853559338,0.005570258704175521,0.10842236298767637,0.005570258704175521,0.6707244877193623,0.008407054173551582,0.01701260795146625,0.24146491342430718,0.1432118299793852,0.26903513636420373,T015_035_015_035,7
386,12.760952578067362,525,175,False,projected_continuous_optimization_loss,386,700,4.7003080777902823e-05,0.8554259932035544,0.0024078553819730517,0.0024078553819730517,0.0024078553819730517,0.0013627732099141165,0.0013627732099141165,0.0013627732099141165,0.0013627732099141165,0.0013627732099141165,0.020901643441178702,0.020901643441178702,0.020901643441178702,0.8554259932035544,0.08520171219070871,0.12032020610123083,0.49959876543209875,0.0024078553819730517,4646.2830634001875,4646.2830634001875,12.02640390000306,9313.00879406929,,fixed_iterations,,0.07836848841385534,0.07836848841385534,0.33516246718945647,0.33516246718945647,0.1429788612901586,0.1429788612901586,0.29891617631008394,0.29891617631008394,386,0.012055827948397563,0.012055827948397563,0.00599098168500664,0.12129692526781848,0.00599098168500664,0.6517229188306838,0.009647972566424513,0.017123503249291093,0.22880180338172063,0.15323665965929534,0.2525609525403767,T015_035_015_035,7
387,12.845633246317584,525,175,False,projected_continuous_optimization_loss,387,700,5.077789965162435e-05,0.8566565540348677,0.0024215254652466068,0.0024215254652466068,0.0024215254652466068,0.0013941582901886654,0.0013941582901886654,0.0013941582901886654,0.0013941582901886654,0.0013941582901886654,0.020547343501158825,0.020547343501158825,0.020547343501158825,0.8566565540348677,0.08514041697678207,0.12022212743506693,0.49959876543209875,0.0024215254652466068,4658.241889800178,4658.241889800178,11.958826399990357,9337.03348684311,,fixed_iterations,,0.07536817381438675,0.07536817381438675,0.331190144080137,0.331190144080137,0.14434348492058902,0.14434348492058902,0.305754751219755,0.305754751219755,387,0.011784255713026985,0.011784255713026985,0.005831119702563487,0.11906272020926997,0.005831119702563487,0.6549453373604844,0.00936273024778038,0.017053468506319364,0.2306939684348851,0.14890654939452933,0.2582913510247506,T015_035_015_035,7
388,12.930875848759749,525,175,False,projected_continuous_optimization_loss,388,700,4.674096135118826e-05,0.8599518344064749,0.0025856232722879322,0.0025856232722879322,0.0025856232722879322,0.0016049488379823612,0.0016049488379823612,0.0016049488379823612,0.0016049488379823612,0.0016049488379823612,0.019613488686111416,0.019613488686111416,0.019613488686111416,0.8599518344064749,0.08500573119895775,0.11998641480608467,0.4981481481481482,0.0025856232722879322,4670.210481700255,4670.210481700255,11.968591900076717,9361.027803897858,,fixed_iterations,,0.07390709266581183,0.07390709266581183,0.34067966222500556,0.34067966222500556,0.13361412336956513,0.13361412336956513,0.3117509561460924,0.3117509561460924,388,0.010674245173840628,0.010674245173840628,0.005384295699675035,0.10579898948331187,0.005384295699675035,0.6747324340126857,0.008088621901552696,0.017620126068737918,0.24602013103313705,0.1392568485598793,0.27183532835093144,T015_035_015_035,7
389,13.016684114344534,525,175,False,projected_continuous_optimization_loss,389,700,4.192742893492693e-05,0.8622553473594725,0.0023177943766664257,0.0023177943766664257,0.0023177943766664257,0.0013691149101134484,0.0013691149101134484,0.0013691149101134484,0.0013691149101134484,0.0013691149101134484,0.018973589331059547,0.018973589331059547,0.018973589331059547,0.8622553473594725,0.08499987261904084,0.12001366589398577,0.49799382716049384,0.0023177943766664257,4682.246634100215,4682.246634100215,12.036152399959974,9385.109088897705,,fixed_iterations,,0.07821234246271143,0.07821234246271143,0.33733941872706685,0.33733941872706685,0.1310976785699416,0.1310976785699416,0.3156059075997527,0.3156059075997527,389,0.010749702776637435,0.010749702776637435,0.005433207277452995,0.10632990998368878,0.005433207277452995,0.673917326458935,0.00843190839997101,0.01800062631383915,0.24252949369346444,0.13834270002585208,0.2750445064257793,T015_035_015_035,7
390,13.10306179676765,525,175,False,projected_continuous_optimization_loss,390,700,4.8516977403316276e-05,0.8607195714385089,0.002447446359904421,0.002447446359904421,0.002447446359904421,0.0014774944708907908,0.0014774944708907908,0.0014774944708907908,0.0014774944708907908,0.0014774944708907908,0.019399037780272608,0.019399037780272608,0.019399037780272608,0.8607195714385089,0.0850049474344249,0.12005260565613439,0.4983641975308642,0.002447446359904421,4694.244986400241,4694.244986400241,11.998352300026454,9409.161047935486,,fixed_iterations,,0.0754391285040364,0.0754391285040364,0.3375578385130262,0.3375578385130262,0.14160627165651613,0.14160627165651613,0.3061163327649303,0.3061163327649303,390,0.011122334536289205,0.011122334536289205,0.005731438263240323,0.10781792546097761,0.005731438263240323,0.6716435999390639,0.008674888176384784,0.016531041677842674,0.2392712801809287,0.14466201356676525,0.2711792645135272,T015_035_015_035,7
391,13.190012674634033,525,175,False,projected_continuous_optimization_loss,391,700,3.665771697782788e-05,0.8613708877013779,0.002290294420272621,0.002290294420272621,0.002290294420272621,0.0013293928814374194,0.0013293928814374194,0.0013293928814374194,0.0013293928814374194,0.0013293928814374194,0.01921803077670403,0.01921803077670403,0.01921803077670403,0.8613708877013779,0.08499708994450465,0.12006444815490709,0.49833333333333335,0.002290294420272621,4706.230831000255,4706.230831000255,11.985844600014389,9433.242714881897,,fixed_iterations,,0.07656349210284363,0.07656349210284363,0.3311513124228952,0.3311513124228952,0.1445643346591406,0.1445643346591406,0.3090917485164984,0.3090917485164984,391,0.011660704130122592,0.011660704130122592,0.0058654673876428875,0.11590473484959408,0.0058654673876428875,0.6595521554634336,0.009370409709849972,0.01705865949046164,0.22915657026540262,0.1427982199730386,0.2705387057345308,T015_035_015_035,7
392,13.277540551623146,525,175,False,projected_continuous_optimization_loss,392,700,4.75793177302397e-05,0.8641448871645228,0.0023644462519296218,0.0023644462519296218,0.0023644462519296218,0.0014416156677526121,0.0014416156677526121,0.0014416156677526121,0.0014416156677526121,0.0014416156677526121,0.018456611683540194,0.018456611683540194,0.018456611683540194,0.8641448871645228,0.08490757367353226,0.11992546511673036,0.49722222222222223,0.0023644462519296218,4718.191771300277,4718.191771300277,11.96094030002132,9457.278931379318,,fixed_iterations,,0.07822407336444528,0.07822407336444528,0.3424403425879942,0.3424403425879942,0.13507723646233066,0.13507723646233066,0.30840323474975273,0.30840323474975273,392,0.01050664026616581,0.01050664026616581,0.005315924114618501,0.10381432303094615,0.005315924114618501,0.6777976985945846,0.008142194014236187,0.01812425724431078,0.2495215477670706,0.14434299469970477,0.26580889888349846,T015_035_015_035,7
393,13.365649256655349,525,175,False,projected_continuous_optimization_loss,393,700,3.976584012941453e-05,0.8658236001153127,0.002273700294155707,0.002273700294155707,0.002273700294155707,0.0013735349798549325,0.0013735349798549325,0.0013735349798549325,0.0013735349798549325,0.0013735349798549325,0.018003306286015493,0.018003306286015493,0.018003306286015493,0.8658236001153127,0.08482913208925609,0.11979298053799621,0.4968827160493827,0.002273700294155707,4730.213453500182,4730.213453500182,12.021682199905626,9481.354787826538,,fixed_iterations,,0.07693866501742856,0.07693866501742856,0.33312652934497483,0.33312652934497483,0.13262804431495254,0.13262804431495254,0.32313036143795676,0.32313036143795676,393,0.01070146547189325,0.01070146547189325,0.005772677630116921,0.09857575683552659,0.005772677630116921,0.6860322359930456,0.008427765177737544,0.01732987865033458,0.2430021275916403,0.13657695296384958,0.28912327678722116,T015_035_015_035,7
394,13.454342644059432,525,175,False,projected_continuous_optimization_loss,394,700,5.683192681490445e-05,0.8642378493220145,0.0026388182415049855,0.0026388182415049855,0.0026388182415049855,0.0017172501636693854,0.0017172501636693854,0.0017172501636693854,0.0017172501636693854,0.0017172501636693854,0.018431361556712,0.018431361556712,0.018431361556712,0.8642378493220145,0.0848203465042365,0.11980687194491442,0.49712962962962964,0.0026388182415049855,4742.2255807002075,4742.2255807002075,12.012127200025134,9505.33156466484,,fixed_iterations,,0.07573205280345759,0.07573205280345759,0.34868541263183594,0.34868541263183594,0.13899131478380813,0.13899131478380813,0.3008290691029129,0.3008290691029129,394,0.010544336441833736,0.010544336441833736,0.00535277419336873,0.1038312449693001,0.00535277419336873,0.6777714398609271,0.00790551820032875,0.017934390693977068,0.2534107219150107,0.14730536751941029,0.2591209597325291,T015_035_015_035,7
395,13.5436245937412,525,175,False,projected_continuous_optimization_loss,395,700,6.815919699041298e-05,0.866007850197399,0.0018843826857401257,0.0018843826857401257,0.0018843826857401257,0.0009866878753039907,0.0009866878753039907,0.0009866878753039907,0.0009866878753039907,0.0009866878753039907,0.017953896208722696,0.017953896208722696,0.017953896208722696,0.866007850197399,0.08487655655811258,0.11993267498091352,0.4974074074074074,0.0018843826857401257,4754.243076200248,4754.243076200248,12.01749550004024,9529.424412965775,,fixed_iterations,,0.08319992358646487,0.08319992358646487,0.31475925626409723,0.31475925626409723,0.14361597666725834,0.14361597666725834,0.32443269367957844,0.32443269367957844,395,0.012329889145107385,0.012329889145107385,0.006471700892874409,0.11716376504465949,0.006471700892874409,0.6577080704359808,0.01044550645936726,0.017605475027566868,0.21780517919242273,0.13797928853914362,0.28431812767684755,T015_035_015_035,7
396,13.6334990113532,525,175,False,projected_continuous_optimization_loss,396,700,0.0001478388905230944,0.8650155399840019,0.0036006377799632054,0.0036006377799632054,0.0036006377799632054,0.0026895975576726764,0.0026895975576726764,0.0026895975576726764,0.0026895975576726764,0.0026895975576726764,0.01822080444581058,0.01822080444581058,0.01822080444581058,0.8650155399840019,0.08466601518535091,0.11955472003501062,0.49675925925925923,0.0036006377799632054,4766.258469400229,4766.258469400229,12.01539319998119,9553.539764404297,,fixed_iterations,,0.07184768416907765,0.07184768416907765,0.3687954763724738,0.3687954763724738,0.13798623749824204,0.13798623749824204,0.2863861419442084,0.2863861419442084,396,0.010330711173268267,0.010330711173268267,0.005884857829657531,0.08891706687221469,0.005884857829657531,0.7018103508298542,0.006730073393305062,0.018006003632717316,0.2921734332241453,0.14781026560393992,0.24382064836905165,T015_035_015_035,7
397,13.723969828465588,525,175,False,projected_continuous_optimization_loss,397,700,0.00029523263523337315,0.8697686988464064,0.0023529921862056984,0.0023529921862056984,0.0023529921862056984,0.0015049825961977988,0.0015049825961977988,0.0015049825961977988,0.0015049825961977988,0.0015049825961977988,0.01696019180015799,0.01696019180015799,0.01696019180015799,0.8697686988464064,0.08469077745986388,0.11964955136019916,0.4968518518518519,0.0023529921862056984,4778.277005100157,4778.277005100157,12.01853569992818,9577.617360591888,,fixed_iterations,,0.08559634829958473,0.08559634829958473,0.29521431027767214,0.29521431027767214,0.13520719106120685,0.13520719106120685,0.3537508492079426,0.3537508492079426,397,0.01451470488091158,0.01451470488091158,0.008742149075747437,0.11545111610328282,0.008742149075747437,0.660219017449059,0.012161712694705881,0.018255019162705433,0.2007067858304221,0.12616256331433637,0.3150946491415952,T015_035_015_035,7
398,13.815041002738095,525,175,False,projected_continuous_optimization_loss,398,700,0.0005409164872952653,0.8708091217541548,0.003967812372802405,0.003967812372802405,0.003967812372802405,0.0031332982217057662,0.0031332982217057662,0.0031332982217057662,0.0031332982217057662,0.0031332982217057662,0.016690283021932765,0.016690283021932765,0.016690283021932765,0.8708091217541548,0.08455808527778946,0.11941310370412199,0.49564814814814817,0.003967812372802405,4790.348421800183,4790.348421800183,12.07141670002602,9601.816822767258,,fixed_iterations,,0.0758785248126248,0.0758785248126248,0.379864990969247,0.379864990969247,0.13866088768241527,0.13866088768241527,0.27640471828986785,0.27640471828986785,398,0.01157923160368574,0.01157923160368574,0.007324592738544401,0.08509277730282676,0.007324592738544401,0.7082933368899044,0.0076114192308833345,0.018076954966482293,0.31257410366490035,0.15310979435823785,0.2245324839002839,T015_035_015_035,7
399,13.906716518093177,525,175,False,projected_continuous_optimization_loss,399,700,0.0005082806492645034,0.8697313994973871,0.0018274709838815113,0.0018274709838815113,0.0018274709838815113,0.0009789755700360433,0.0009789755700360433,0.0009789755700360433,0.0009789755700360433,0.0009789755700360433,0.01696990827690936,0.01696990827690936,0.01696990827690936,0.8697313994973871,0.08456620927285984,0.11952887064181747,0.49540123456790125,0.0018274709838815113,4802.360368200229,4802.360368200229,12.011946400045417,9625.907095193863,,fixed_iterations,,0.08350202575041,0.08350202575041,0.31706176570587075,0.31706176570587075,0.14968591595606381,0.14968591595606381,0.3194816920850425,0.3194816920850425,399,0.012391520249743743,0.012391520249743743,0.006374974057480432,0.12033092384526621,0.006374974057480432,0.6531125199070077,0.01056404926586223,0.01626368647832002,0.22106270337392303,0.1516395599217308,0.2641465701330337,T015_035_015_035,7
400,13.99900038489028,525,175,False,projected_continuous_optimization_loss,400,700,0.00012300978671543432,0.8733467070002237,0.0017470382862787822,0.0017470382862787822,0.0017470382862787822,0.0009449854548944222,0.0009449854548944222,0.0009449854548944222,0.0009449854548944222,0.0009449854548944222,0.016041056627687195,0.016041056627687195,0.016041056627687195,0.8733467070002237,0.08439280741728308,0.11925969821260345,0.49385802469135803,0.0017470382862787822,4814.377441100194,4814.377441100194,12.01707289996557,9650.043930768967,,fixed_iterations,,0.08492146340576773,0.08492146340576773,0.31804551710769524,0.31804551710769524,0.14346795835096818,0.14346795835096818,0.3269117681357925,0.3269117681357925,400,0.010795460397052212,0.010795460397052212,0.005511672575047189,0.10567575644010045,0.005511672575047189,0.674921922547674,0.009048422110773429,0.017849642377362654,0.24180209586043258,0.14406500028459973,0.27120518402527904,T015_035_015_035,7
401,14.091896640101288,525,175,False,projected_continuous_optimization_loss,401,700,0.00013089685448234423,0.8800881887941701,0.0031214334792400733,0.0031214334792400733,0.0031214334792400733,0.0024024913559069416,0.0024024913559069416,0.0024024913559069416,0.0024024913559069416,0.0024024913559069416,0.01437884246666263,0.01437884246666263,0.01437884246666263,0.8800881887941701,0.08415082321502179,0.11879868479977303,0.4927469135802469,0.0031214334792400733,4826.426525400253,4826.426525400253,12.049084300058894,9674.24614739418,,fixed_iterations,,0.0809275233021724,0.0809275233021724,0.3751638216601677,0.3751638216601677,0.1339422101276479,0.1339422101276479,0.29005463370418194,0.29005463370418194,401,0.010638628466960655,0.010638628466960655,0.0071774814209867215,0.06922294091947866,0.0071774814209867215,0.7368974707087015,0.007517194987720582,0.020998118055744773,0.3311834444360359,0.1508591423193101,0.2338567658976106,T015_035_015_035,7
402,14.185409347487084,525,175,False,projected_continuous_optimization_loss,402,700,0.0003366549665020581,0.8748876143706732,0.0017154051304878702,0.0017154051304878702,0.0017154051304878702,0.0009327496785948025,0.0009327496785948025,0.0009327496785948025,0.0009327496785948025,0.0009327496785948025,0.01565310903786135,0.01565310903786135,0.01565310903786135,0.8748876143706732,0.0841465512096418,0.1189298300478714,0.49200617283950615,0.0017154051304878702,4838.45764000027,4838.45764000027,12.031114600016735,9698.368604660034,,fixed_iterations,,0.08515770282492904,0.08515770282492904,0.3255162161629711,0.3255162161629711,0.14365676604242278,0.14365676604242278,0.3205569293403504,0.3205569293403504,402,0.010431886946947562,0.010431886946947562,0.005269378105216544,0.10325017683462036,0.005269378105216544,0.6786743445745106,0.008716481816459691,0.0181696016602001,0.25398792443447454,0.14505597835414152,0.2614608401256944,T015_035_015_035,7
403,14.27954259777537,525,175,False,projected_continuous_optimization_loss,403,700,7.048692173082841e-05,0.8752212851056311,0.001536552268900991,0.001536552268900991,0.001536552268900991,0.0007580658843664812,0.0007580658843664812,0.0007580658843664812,0.0007580658843664812,0.0007580658843664812,0.015569727690690191,0.015569727690690191,0.015569727690690191,0.8752212851056311,0.08412637915782376,0.11900328871879585,0.4912962962962963,0.001536552268900991,4850.484669400263,4850.484669400263,12.027029399992898,9722.525808811188,,fixed_iterations,,0.09012470325311688,0.09012470325311688,0.3138548944999501,0.3138548944999501,0.1499075670329631,0.1499075670329631,0.3213341203196011,0.3213341203196011,403,0.010879525517899596,0.010879525517899596,0.005170872457720372,0.11417306120358446,0.005170872457720372,0.662104955343254,0.009342973248998604,0.019913976159052715,0.24441988938717826,0.14638818344548474,0.25138290635153815,T015_035_015_035,7
404,14.374300508839582,525,175,False,projected_continuous_optimization_loss,404,700,0.00015259756054666302,0.8827487181729782,0.002379008671598507,0.002379008671598507,0.002379008671598507,0.0016916155170945222,0.0016916155170945222,0.0016916155170945222,0.0016916155170945222,0.0016916155170945222,0.013747863090079698,0.013747863090079698,0.013747863090079698,0.8827487181729782,0.08389959689255069,0.11857300084951716,0.49074074074074076,0.002379008671598507,4862.507278700243,4862.507278700243,12.022609299980104,9746.677851676941,,fixed_iterations,,0.08625214115180262,0.08625214115180262,0.361327249162723,0.361327249162723,0.14310485708707996,0.14310485708707996,0.29206447077137254,0.29206447077137254,404,0.009910900355782397,0.009910900355782397,0.005958521733842062,0.0790475724388067,0.005958521733842062,0.7188459987145716,0.00753189168418389,0.022462700466501728,0.30981210992971464,0.14661362362008093,0.23995756469827426,T015_035_015_035,7
405,14.46968722587904,525,175,False,projected_continuous_optimization_loss,405,700,0.0001875291148855724,0.8818930158187118,0.0018209779680585928,0.0018209779680585928,0.0018209779680585928,0.0011235149824386386,0.0011235149824386386,0.0011235149824386386,0.0011235149824386386,0.0011235149824386386,0.013949259712399083,0.013949259712399083,0.013949259712399083,0.8818930158187118,0.08377147160467317,0.11845257701098158,0.4891358024691358,0.0018209779680585928,4874.588921400253,4874.588921400253,12.08164270000998,9770.83461523056,,fixed_iterations,,0.08347402753451984,0.08347402753451984,0.3394645855691809,0.3394645855691809,0.1422556431089986,0.1422556431089986,0.3166987596060124,0.3166987596060124,405,0.009961956486763342,0.009961956486763342,0.00510179190383637,0.09720329165853943,0.00510179190383637,0.6882255756824505,0.00814097851870475,0.019601894381292784,0.27582884598262924,0.13908958749355596,0.2537052478249725,T015_035_015_035,7
406,14.565706921600281,525,175,False,projected_continuous_optimization_loss,406,700,4.4613655783654825e-05,0.8835785485751708,0.0014929694027008933,0.0014929694027008933,0.0014929694027008933,0.0008152716851077003,0.0008152716851077003,0.0008152716851077003,0.0008152716851077003,0.0008152716851077003,0.013553954351863861,0.013553954351863861,0.013553954351863861,0.8835785485751708,0.08380162862885174,0.1186851020629106,0.4887962962962963,0.0014929694027008933,4886.610787300277,4886.610787300277,12.02186590002384,9794.931817531586,,fixed_iterations,,0.09141193223541559,0.09141193223541559,0.3124815980356038,0.3124815980356038,0.14353977124291906,0.14353977124291906,0.3361452470612323,0.3361452470612323,406,0.010116750064178365,0.010116750064178365,0.0045703678570743955,0.11092764414207937,0.0045703678570743955,0.6669419808170363,0.008623780661477471,0.022796269920951996,0.2519272837581946,0.1363872791161504,0.25583114802173934,T015_035_015_035,7
407,14.662363796399577,525,175,False,projected_continuous_optimization_loss,407,700,0.00016658030861850631,0.8909801451039376,0.0015106518237519404,0.0015106518237519404,0.0015106518237519404,0.0009163853856740156,0.0009163853856740156,0.0009163853856740156,0.0009163853856740156,0.0009163853856740156,0.011885328761558492,0.011885328761558492,0.011885328761558492,0.8909801451039376,0.08370180856994533,0.11851933870172669,0.4883641975308642,0.0015106518237519404,4898.635884900228,4898.635884900228,12.02509759995155,9819.063697814941,,fixed_iterations,,0.09193606918105217,0.09193606918105217,0.3441497041152083,0.3441497041152083,0.1447573793244585,0.1447573793244585,0.31013699248321863,0.31013699248321863,407,0.010664679486799677,0.010664679486799677,0.005266906118294129,0.10795546737011093,0.005266906118294129,0.6714342267214815,0.009154027663047737,0.02156739626527599,0.2737498897933198,0.14231541086745178,0.23380152979543375,T015_035_015_035,7
408,14.75966207854671,525,175,False,projected_continuous_optimization_loss,408,700,6.990744152864727e-05,0.8903785700395588,0.0019202917101056537,0.0019202917101056537,0.0019202917101056537,0.0013194488147770576,0.0013194488147770576,0.0013194488147770576,0.0013194488147770576,0.0013194488147770576,0.01201685790657192,0.01201685790657192,0.01201685790657192,0.8903785700395588,0.08353271857813402,0.11823873916790985,0.4880864197530864,0.0019202917101056537,4910.618245400256,4910.618245400256,11.982360500027426,9843.154081583023,,fixed_iterations,,0.08053109687704643,0.08053109687704643,0.34465057779205877,0.34465057779205877,0.14996486520736135,0.14996486520736135,0.31523203016309226,0.31523203016309226,408,0.010584583268369335,0.010584583268369335,0.005045570739240956,0.11078025058256756,0.005045570739240956,0.6671633274674085,0.008664291558263681,0.019006377667812508,0.26029724645171903,0.1377128503444287,0.2501468530034482,T015_035_015_035,7
409,14.857606024369922,525,175,False,projected_continuous_optimization_loss,409,700,9.696991893775805e-05,0.8919150849910901,0.0015897250431903278,0.0015897250431903278,0.0015897250431903278,0.0010056076005661636,0.0010056076005661636,0.0010056076005661636,0.0010056076005661636,0.0010056076005661636,0.011682348852483284,0.011682348852483284,0.011682348852483284,0.8919150849910901,0.08354854623826007,0.11844313097348733,0.4866666666666667,0.0015897250431903278,4922.6267997002,4922.6267997002,12.00855429994408,9867.27021241188,,fixed_iterations,,0.08752325682041702,0.08752325682041702,0.3158188882803004,0.3158188882803004,0.1467827082965196,0.1467827082965196,0.341790231593853,0.341790231593853,409,0.010513488880900134,0.010513488880900134,0.004618429110800968,0.11790119540198331,0.004618429110800968,0.6566325650240208,0.008923763837709806,0.02231894970344945,0.24299764340289476,0.13147416745938575,0.25984180445829086,T015_035_015_035,7
410,14.956199918442115,525,175,False,projected_continuous_optimization_loss,410,700,8.729550024733006e-05,0.8990675951544392,0.001092000921797254,0.001092000921797254,0.001092000921797254,0.0005826334044018453,0.0005826334044018453,0.0005826334044018453,0.0005826334044018453,0.0005826334044018453,0.010187350347908177,0.010187350347908177,0.010187350347908177,0.8990675951544392,0.08348293469417312,0.11840857803291292,0.4865432098765432,0.001092000921797254,4934.66819010023,4934.66819010023,12.04139040003065,9891.308516263962,,fixed_iterations,,0.0985917103038306,0.0985917103038306,0.3289741322039421,0.3289741322039421,0.13801389215414656,0.13801389215414656,0.3334878604925199,0.3334878604925199,410,0.009713867112998445,0.009713867112998445,0.0039634748856904305,0.11500784454616027,0.0039634748856904305,0.6608719348886615,0.008621866191201191,0.0292662247298997,0.26389178969358595,0.12973743333481175,0.2379764871303641,T015_035_015_035,7
411,15.05544807376826,525,175,False,projected_continuous_optimization_loss,411,700,8.289863471429847e-05,0.8956982244747891,0.0018765056813392664,0.0018765056813392664,0.0018765056813392664,0.0013325626624536922,0.0013325626624536922,0.0013325626624536922,0.0013325626624536922,0.0013325626624536922,0.010878860377711486,0.010878860377711486,0.010878860377711486,0.8956982244747891,0.08321819752891395,0.1178600383851428,0.4852469135802469,0.0018765056813392664,4946.677933000261,4946.677933000261,12.009742900030687,9915.403817892075,,fixed_iterations,,0.0785553385127316,0.0785553385127316,0.34080755585021355,0.34080755585021355,0.14625113948472576,0.14625113948472576,0.3300841906271181,0.3300841906271181,411,0.010230921880226646,0.010230921880226646,0.00443354012348721,0.11594763513478873,0.00443354012348721,0.6594891556282109,0.008354416198887379,0.02286950238229272,0.25683140186075626,0.12368040125804765,0.2561078501271143,T015_035_015_035,7
412,15.155354831974103,525,175,False,projected_continuous_optimization_loss,412,700,9.569507363059076e-05,0.8951825281661244,0.001709546872311477,0.001709546872311477,0.001709546872311477,0.0011602117522292107,0.0011602117522292107,0.0011602117522292107,0.0011602117522292107,0.0011602117522292107,0.010986702401645322,0.010986702401645322,0.010986702401645322,0.8951825281661244,0.08327058107469493,0.11808424257596095,0.48496913580246914,0.001709546872311477,4958.656349100289,4958.656349100289,11.978416100027971,9939.488031625748,,fixed_iterations,,0.08213705387360688,0.08213705387360688,0.3233873343689025,0.3233873343689025,0.15266015889170798,0.15266015889170798,0.336997981031907,0.336997981031907,412,0.010240321802672482,0.010240321802672482,0.0042470175082439665,0.11986608588857031,0.0042470175082439665,0.6537831808121243,0.008530774930361005,0.024774151081629777,0.24545843583534466,0.12445807636761604,0.25909251752753376,T015_035_015_035,7
413,15.255924563496071,525,175,False,projected_continuous_optimization_loss,413,700,5.423896193046202e-05,0.900690852874419,0.000994399989705717,0.000994399989705717,0.000994399989705717,0.0005012846545652031,0.0005012846545652031,0.0005012846545652031,0.0005012846545652031,0.0005012846545652031,0.009862306702810276,0.009862306702810276,0.009862306702810276,0.900690852874419,0.08331823538549023,0.11832484085142675,0.4840740740740741,0.000994399989705717,4970.660665600328,4970.660665600328,12.00431650003884,9963.634627819061,,fixed_iterations,,0.10209259749130048,0.10209259749130048,0.31949969768654285,0.31949969768654285,0.14221976714528106,0.14221976714528106,0.3368787905512946,0.3368787905512946,413,0.009223444797295591,0.009223444797295591,0.003315657396119386,0.11815574802352412,0.003315657396119386,0.6562620939967136,0.008229044807589875,0.033033193930782495,0.2537682040268866,0.11945162853081305,0.2500090675082315,T015_035_015_035,7
414,15.35716166777246,525,175,False,projected_continuous_optimization_loss,414,700,0.00011639184025709492,0.8956204156753793,0.0018142557060492855,0.0018142557060492855,0.0018142557060492855,0.0012695008248602554,0.0012695008248602554,0.0012695008248602554,0.0012695008248602554,0.0012695008248602554,0.010895097623780601,0.010895097623780601,0.010895097623780601,0.8956204156753793,0.08294895368546411,0.11758898706463916,0.4829938271604938,0.0018142557060492855,4982.6784121003,4982.6784121003,12.017746499972418,9987.691244840622,,fixed_iterations,,0.08169826539761856,0.08169826539761856,0.32788640690691984,0.32788640690691984,0.13997875023472856,0.13997875023472856,0.34605699313611243,0.34605699313611243,414,0.009601939960384248,0.009601939960384248,0.003936009943822718,0.11331860033123058,0.003936009943822718,0.6633717178678675,0.007787684254334962,0.02931354518131988,0.262099250420448,0.10749131814933446,0.2644676041167652,T015_035_015_035,7
415,15.459070573435888,525,175,False,projected_continuous_optimization_loss,415,700,5.9474455437862906e-05,0.8948140902184255,0.0017678508198322833,0.0017678508198322833,0.0017678508198322833,0.0012146470390034078,0.0012146470390034078,0.0012146470390034078,0.0012146470390034078,0.0012146470390034078,0.011064075616577506,0.011064075616577506,0.011064075616577506,0.8948140902184255,0.08288373574964944,0.11751648590310601,0.48256172839506173,0.0017678508198322833,4994.687898700358,4994.687898700358,12.009486600058153,10011.797914028168,,fixed_iterations,,0.08090086630520647,0.08090086630520647,0.33111583889384705,0.33111583889384705,0.14487019226901188,0.14487019226901188,0.33792719275036015,0.33792719275036015,415,0.009630908746561369,0.009630908746561369,0.00392230540778349,0.11417206677555755,0.00392230540778349,0.6621064268507648,0.007863057926729086,0.029026440228937838,0.26031447660849943,0.108976459974846,0.26378905003848147,T015_035_015_035,7
416,15.561655738507017,525,175,False,projected_continuous_optimization_loss,416,700,6.366174766400494e-05,0.8959675395509367,0.0011682240066618985,0.0011682240066618985,0.0011682240066618985,0.0006270863653076021,0.0006270863653076021,0.0006270863653076021,0.0006270863653076021,0.0006270863653076021,0.010822752827085927,0.010822752827085927,0.010822752827085927,0.8959675395509367,0.08305037422519161,0.11797364858340044,0.4825925925925926,0.0011682240066618985,5006.623360700323,5006.623360700323,11.9354619999649,10035.782090187073,,fixed_iterations,,0.09664019113650191,0.09664019113650191,0.3177501715258157,0.3177501715258157,0.14937777410113592,0.14937777410113592,0.33219940278748317,0.33219940278748317,416,0.009012630340066326,0.009012630340066326,0.003215071752386699,0.11595117175359256,0.003215071752386699,0.6594839625603626,0.007844406333404427,0.034943605896835817,0.25906258509619423,0.11114815642709823,0.25432961514023433,T015_035_015_035,7
417,15.664921650589598,525,175,False,projected_continuous_optimization_loss,417,700,7.053848620073741e-05,0.8920377766149797,0.0015130828057136282,0.0015130828057136282,0.0015130828057136282,0.0009302907218017762,0.0009302907218017762,0.0009302907218017762,0.0009302907218017762,0.0009302907218017762,0.01165584167823704,0.01165584167823704,0.01165584167823704,0.8920377766149797,0.082839315351001,0.11760013767197697,0.48225308641975306,0.0015130828057136282,5018.6211013003485,5018.6211013003485,11.997740600025281,10059.851527690887,,fixed_iterations,,0.09042522577075957,0.09042522577075957,0.31398106404083226,0.31398106404083226,0.144358818544768,0.144358818544768,0.34327266825861985,0.34327266825861985,417,0.009143600485542348,0.009143600485542348,0.0034427811993708347,0.11401638572343024,0.0034427811993708347,0.6623368753869765,0.007630517679828719,0.03391009036928374,0.2562381173803647,0.10718924206510627,0.26499942557222184,T015_035_015_035,7
418,15.768872827066755,525,175,False,projected_continuous_optimization_loss,418,700,3.963611525972266e-05,0.8903162411423978,0.0017701009405509797,0.0017701009405509797,0.0017701009405509797,0.0011685745926943484,0.0011685745926943484,0.0011685745926943484,0.0011685745926943484,0.0011685745926943484,0.012030526957132625,0.012030526957132625,0.012030526957132625,0.8903162411423978,0.08255175225458732,0.11703402127111631,0.48061728395061726,0.0017701009405509797,5030.618135600351,5030.618135600351,11.99703430000227,10083.947256565094,,fixed_iterations,,0.0832443902836848,0.0832443902836848,0.3294808146015973,0.3294808146015973,0.1369292061772116,0.1369292061772116,0.34066183007990414,0.34066183007990414,418,0.009691581891895854,0.009691581891895854,0.0038192931355281526,0.117445775127354,0.0038192931355281526,0.657296374213295,0.007921480951344874,0.03279042229942283,0.2679960792719414,0.09765254451728406,0.25885732812464657,T015_035_015_035,7
419,15.873513815298613,525,175,False,projected_continuous_optimization_loss,419,700,6.794619398892719e-05,0.8891772589713552,0.0014731074481418424,0.0014731074481418424,0.0014731074481418424,0.0008590234516867393,0.0008590234516867393,0.0008590234516867393,0.0008590234516867393,0.0008590234516867393,0.012281679929102061,0.012281679929102061,0.012281679929102061,0.8891772589713552,0.0826091797687834,0.1172309128678833,0.4804320987654321,0.0014731074481418424,5042.598907900392,5042.598907900392,11.98077230004128,10108.022596359253,,fixed_iterations,,0.08919473332955773,0.08919473332955773,0.32172458745438587,0.32172458745438587,0.14360295403386333,0.14360295403386333,0.33465498415354833,0.33465498415354833,419,0.009061470916755247,0.009061470916755247,0.0033313172898976878,0.11460307253715118,0.0033313172898976878,0.661469244326086,0.007588363468613404,0.03531547531631373,0.2644339758518002,0.10515337842392737,0.2565664147340448,T015_035_015_035,7
420,15.978849192821206,525,175,False,projected_continuous_optimization_loss,420,700,2.9064885412600332e-05,0.8871459493271402,0.001375169458723135,0.001375169458723135,0.001375169458723135,0.0007383676210595133,0.0007383676210595133,0.0007383676210595133,0.0007383676210595133,0.0007383676210595133,0.012736036753272435,0.012736036753272435,0.012736036753272435,0.8871459493271402,0.08266594114493785,0.11742950410857654,0.4799382716049383,0.001375169458723135,5054.609721400309,5054.609721400309,12.010813499917276,10132.231980323792,,fixed_iterations,,0.09498873758544382,0.09498873758544382,0.3076052546809447,0.3076052546809447,0.14994802086994446,0.14994802086994446,0.33460393619080714,0.33460393619080714,420,0.008583975641547713,0.008583975641547713,0.003049646773146098,0.1106865773680323,0.003049646773146098,0.6673040767186464,0.007208806182824578,0.03834446503410081,0.2608659290227626,0.10548765255421129,0.26260603010757166,T015_035_015_035,7
421,16.084883567546747,525,175,False,projected_continuous_optimization_loss,421,700,6.748587141291383e-05,0.886942062108196,0.0014912044197472342,0.0014912044197472342,0.0014912044197472342,0.0008520995537298815,0.0008520995537298815,0.0008520995537298815,0.0008520995537298815,0.0008520995537298815,0.012782097320347052,0.012782097320347052,0.012782097320347052,0.886942062108196,0.08240173938620383,0.11690012990376876,0.4787345679012346,0.0014912044197472342,5066.945383600309,5066.945383600309,12.335662199999206,10156.948701381683,,fixed_iterations,,0.08939785896281179,0.08939785896281179,0.32287929376509905,0.32287929376509905,0.14042240645561815,0.14042240645561815,0.3342425029246669,0.3342425029246669,421,0.009090979517583416,0.009090979517583416,0.0033425560921871602,0.11496846850792511,0.0033425560921871602,0.6609299946796752,0.0075997750978361815,0.036959977251406366,0.27107921580046934,0.10191483281567063,0.25097596881212886,T015_035_015_035,7
422,16.19162157796518,525,175,False,projected_continuous_optimization_loss,422,700,3.2623572039023676e-05,0.8859867680303111,0.0016788157758056154,0.0016788157758056154,0.0016788157758056154,0.0010288649225969105,0.0010288649225969105,0.0010288649225969105,0.0010288649225969105,0.0010288649225969105,0.012999017064174098,0.012999017064174098,0.012999017064174098,0.8859867680303111,0.08224379004117857,0.1166103782087929,0.4778703703703704,0.0016788157758056154,5079.9868684003595,5079.9868684003595,13.041484800050966,10182.402874946594,,fixed_iterations,,0.0859837468643176,0.0859837468643176,0.3236760918721924,0.3236760918721924,0.13753200621878842,0.13753200621878842,0.33879492307501263,0.33879492307501263,422,0.00940314728091103,0.00940314728091103,0.0034939147182097546,0.1181846512540255,0.0034939147182097546,0.6562200540257976,0.007724331505105414,0.03646671548452938,0.27050601245963796,0.09700074315233871,0.2522465829292916,T015_035_015_035,7
423,16.299067893347104,525,175,False,projected_continuous_optimization_loss,423,700,5.073248592050212e-05,0.8870377374411031,0.0013781075213780906,0.0013781075213780906,0.0013781075213780906,0.0007400838832568306,0.0007400838832568306,0.0007400838832568306,0.0007400838832568306,0.0007400838832568306,0.0127604727624252,0.0127604727624252,0.0127604727624252,0.8870377374411031,0.08234748060445389,0.11689473853822936,0.47802469135802467,0.0013781075213780906,5091.874462400447,5091.874462400447,11.88759400008712,10206.421713590622,,fixed_iterations,,0.09386568063166909,0.09386568063166909,0.31234836901230684,0.31234836901230684,0.14485003514106065,0.14485003514106065,0.33597365265606643,0.33597365265606643,423,0.008712676003202208,0.008712676003202208,0.003049140972768443,0.1132707006086753,0.003049140972768443,0.6634428717012887,0.007334568481824118,0.039037473515424456,0.26492885727639387,0.10210973557580463,0.2573668053336657,T015_035_015_035,7
424,16.407227213948033,525,175,False,projected_continuous_optimization_loss,424,700,3.6951240835438586e-05,0.8899539623979816,0.001177920103327919,0.001177920103327919,0.001177920103327919,0.0005724135837326756,0.0005724135837326756,0.0005724135837326756,0.0005724135837326756,0.0005724135837326756,0.012110130391904865,0.012110130391904865,0.012110130391904865,0.8899539623979816,0.08231230433763656,0.1168600495462678,0.4776851851851852,0.001177920103327919,5103.843334400444,5103.843334400444,11.968871999997646,10230.5268034935,,fixed_iterations,,0.09714683385020502,0.09714683385020502,0.3186937976102966,0.3186937976102966,0.14523720575349372,0.14523720575349372,0.3288761251839863,0.3288761251839863,424,0.008797056973999315,0.008797056973999315,0.002934024260549508,0.11726065426899614,0.002934024260549508,0.6575665695803109,0.0076191368706713955,0.039748125369333816,0.2661220798679893,0.10507476631422633,0.2466215980287614,T015_035_015_035,7
425,16.516104271213987,525,175,False,projected_continuous_optimization_loss,425,700,4.379600436185799e-05,0.8908183743662443,0.0015477457884572284,0.0015477457884572284,0.0015477457884572284,0.0009517144196557499,0.0009517144196557499,0.0009517144196557499,0.0009517144196557499,0.0009517144196557499,0.011920627376029572,0.011920627376029572,0.011920627376029572,0.8908183743662443,0.08208988359193396,0.11642283978462385,0.47719135802469137,0.0015477457884572284,5115.86629610043,5115.86629610043,12.022961699985899,10254.67007803917,,fixed_iterations,,0.08791910501960358,0.08791910501960358,0.3224774862421935,0.3224774862421935,0.14100737773704042,0.14100737773704042,0.3394144053674068,0.3394144053674068,425,0.00919356640719275,0.00919356640719275,0.0034051007100616725,0.11576931394262155,0.0034051007100616725,0.6597511000126209,0.007645820618735522,0.03683767787155053,0.26932514162404725,0.09832080865425613,0.255267471862767,T015_035_015_035,7
426,16.6257038279885,525,175,False,projected_continuous_optimization_loss,426,700,4.024809671051974e-05,0.8945019513116309,0.0014171440624609344,0.0014171440624609344,0.0014171440624609344,0.0008606521486082585,0.0008606521486082585,0.0008606521486082585,0.0008606521486082585,0.0008606521486082585,0.01112983827705352,0.01112983827705352,0.01112983827705352,0.8945019513116309,0.08206216205337404,0.11640166181313992,0.4766358024691358,0.0014171440624609344,5127.880104700336,5127.880104700336,12.013808599906042,10278.761491060257,,fixed_iterations,,0.09118638049719532,0.09118638049719532,0.32260270371647265,0.32260270371647265,0.13959501595769255,0.13959501595769255,0.3411178511402703,0.3411178511402703,426,0.008842307056186412,0.008842307056186412,0.003269564910596228,0.11145484291180366,0.003269564910596228,0.6661514671115002,0.007425162993725478,0.03871141359920309,0.2684702743205417,0.09747176126476523,0.2614980179269902,T015_035_015_035,7
427,16.73603067872095,525,175,False,projected_continuous_optimization_loss,427,700,3.32326598195582e-05,0.8994315798707154,0.0010129551514697589,0.0010129551514697589,0.0010129551514697589,0.0005072547951047456,0.0005072547951047456,0.0005072547951047456,0.0005072547951047456,0.0005072547951047456,0.010114007127300269,0.010114007127300269,0.010114007127300269,0.8994315798707154,0.082159705095334,0.11665458876769356,0.4767901234567901,0.0010129551514697589,5139.913243100396,5139.913243100396,12.033138400060125,10302.954065084457,,fixed_iterations,,0.10096520929038956,0.10096520929038956,0.3210349475784226,0.3210349475784226,0.14303146662183444,0.14303146662183444,0.33439995638006886,0.33439995638006886,427,0.008582295005510315,0.008582295005510315,0.002876469358495679,0.11411651294029272,0.002876469358495679,0.6621886429672726,0.007569339854040556,0.041307158711857,0.2692160087175633,0.10392546356813889,0.24774001196971346,T015_035_015_035,7
428,16.84708964967632,525,175,False,projected_continuous_optimization_loss,428,700,4.413903011500842e-05,0.9014467004432795,0.0012398237288014,0.0012398237288014,0.0012398237288014,0.0007541860861255652,0.0007541860861255652,0.0007541860861255652,0.0007541860861255652,0.0007541860861255652,0.009712752853516693,0.009712752853516693,0.009712752853516693,0.9014467004432795,0.08205162027349104,0.11646556971076438,0.4766666666666667,0.0012398237288014,5152.010557700414,5152.010557700414,12.097314600017853,10327.267616510391,,fixed_iterations,,0.09460126183454537,0.09460126183454537,0.3200286671472351,0.3200286671472351,0.1452024659155019,0.1452024659155019,0.34161430554599714,0.34161430554599714,428,0.008570564855418092,0.008570564855418092,0.003045498105351431,0.11050133500133319,0.003045498105351431,0.6675825892024708,0.007330741126616691,0.0393764546099236,0.2643151105469623,0.10207030396918203,0.26182072007640295,T015_035_015_035,7
429,16.958885599146267,525,175,False,projected_continuous_optimization_loss,429,700,3.086242853245169e-05,0.9055406682202848,0.0012845850371919507,0.0012845850371919507,0.0012845850371919507,0.0008384567691784347,0.0008384567691784347,0.0008384567691784347,0.0008384567691784347,0.0008384567691784347,0.008922565360270317,0.008922565360270317,0.008922565360270317,0.9055406682202848,0.08191368458277835,0.11619941655048256,0.4760185185185185,0.0012845850371919507,5164.060886900523,5164.060886900523,12.050329200108536,10351.371683359146,,fixed_iterations,,0.09220480654894758,0.09220480654894758,0.33136708623388056,0.33136708623388056,0.14012351788412403,0.14012351788412403,0.3418452575533326,0.3418452575533326,429,0.00880898332493635,0.00880898332493635,0.003347157525756183,0.10923651598360332,0.003347157525756183,0.669490520584351,0.007524398287744399,0.038482450034770264,0.2723348245868951,0.09767291001843535,0.26100033594425026,T015_035_015_035,7
430,17.071423417661713,525,175,False,projected_continuous_optimization_loss,430,700,4.0492879779116696e-05,0.9092036074831269,0.0010774681683276646,0.0010774681683276646,0.0010774681683276646,0.00066526892362376,0.00066526892362376,0.00066526892362376,0.00066526892362376,0.00066526892362376,0.00824398489407809,0.00824398489407809,0.00824398489407809,0.9092036074831269,0.0819591639682328,0.11633497740711865,0.475679012345679,0.0010774681683276646,5176.111624000478,5176.111624000478,12.050737099954858,10375.538166761398,,fixed_iterations,,0.09818571194329132,0.09818571194329132,0.3257406762376993,0.3257406762376993,0.14137648167731312,0.14137648167731312,0.34390073762482315,0.34390073762482315,430,0.008359975382319883,0.008359975382319883,0.00303775828013746,0.10644434204364843,0.00303775828013746,0.6737419088456986,0.007282507213992219,0.04037791842349998,0.269222070264768,0.10156315661989357,0.26257876353753706,T015_035_015_035,7
431,17.184708028206753,525,175,False,projected_continuous_optimization_loss,431,700,2.6580910511515254e-05,0.9122327528273934,0.0009499964894921031,0.0009499964894921031,0.0009499964894921031,0.0005648420056792327,0.0005648420056792327,0.0005648420056792327,0.0005648420056792327,0.0005648420056792327,0.007703089676257409,0.007703089676257409,0.007703089676257409,0.9122327528273934,0.08198357183324087,0.1164250069728603,0.4754938271604938,0.0009499964894921031,5188.164261700469,5188.164261700469,12.052637699991465,10399.734135389328,,fixed_iterations,,0.10200072789461066,0.10200072789461066,0.32230165070751043,0.32230165070751043,0.14403651385113372,0.14403651385113372,0.34389386037413855,0.34389386037413855,431,0.008158598926644101,0.008158598926644101,0.0029233569373563837,0.10470483978575434,0.0029233569373563837,0.6764187276961869,0.007208602437151998,0.041160413460573024,0.26768166323944453,0.10338598395504761,0.2641906670411218,T015_035_015_035,7
432,17.29874438643401,525,175,False,projected_continuous_optimization_loss,432,700,3.683200960620947e-05,0.9150137525534062,0.0010484977345005377,0.0010484977345005377,0.0010484977345005377,0.0006873646217478533,0.0006873646217478533,0.0006873646217478533,0.0006873646217478533,0.0006873646217478533,0.007222662255053686,0.007222662255053686,0.007222662255053686,0.9150137525534062,0.08184488255083748,0.1161583120890989,0.4749382716049383,0.0010484977345005377,5200.31538400054,5200.31538400054,12.15112230007071,10423.919204473495,,fixed_iterations,,0.09730006222688382,0.09730006222688382,0.3328645589231693,0.3328645589231693,0.14162219367296353,0.14162219367296353,0.34322693773038954,0.34322693773038954,432,0.008296018952440648,0.008296018952440648,0.003134508723026506,0.10323020458828282,0.003134508723026506,0.6787054239669102,0.00724752121794011,0.040554778638116296,0.27281179253158017,0.09992286655969804,0.2654159862375159,T015_035_015_035,7
433,17.413537480881427,525,175,False,projected_continuous_optimization_loss,433,700,3.0101200939879958e-05,0.9164306198591249,0.001139667437509281,0.001139667437509281,0.001139667437509281,0.0007904753726527764,0.0007904753726527764,0.0007904753726527764,0.0007904753726527764,0.0007904753726527764,0.006983841297130092,0.006983841297130092,0.006983841297130092,0.9164306198591249,0.08178256106868059,0.11605815389630489,0.4746296296296296,0.001139667437509281,5212.354075000621,5212.354075000621,12.038691000081599,10448.15357017517,,fixed_iterations,,0.09552006717439242,0.09552006717439242,0.3299098574892866,0.3299098574892866,0.1421347950555899,0.1421347950555899,0.34886590013985597,0.34886590013985597,433,0.008388095500782762,0.008388095500782762,0.0032456388395152268,0.1028491332253507,0.0032456388395152268,0.6792989971556828,0.007248428063273481,0.03987021128517549,0.2711967822293194,0.09862405423393782,0.2696079494072501,T015_035_015_035,7
434,17.529092333190476,525,175,False,projected_continuous_optimization_loss,434,700,3.320694145825435e-05,0.9195401289238331,0.0008372723418773934,0.0008372723418773934,0.0008372723418773934,0.0005135827991977224,0.0005135827991977224,0.0005135827991977224,0.0005135827991977224,0.0005135827991977224,0.00647379085359342,0.00647379085359342,0.00647379085359342,0.9195401289238331,0.0818351250401597,0.11620529408637462,0.4745679012345679,0.0008372723418773934,5224.413369500544,5224.413369500544,12.059294499922544,10472.313364744186,,fixed_iterations,,0.10372858892780297,0.10372858892780297,0.32946842043263413,0.32946842043263413,0.14238661209993253,0.14238661209993253,0.34395650746346346,0.34395650746346346,434,0.007978035958447817,0.007978035958447817,0.0028871439064495187,0.10181784103996597,0.0028871439064495187,0.6809109198985871,0.007140763616570424,0.04282050042978641,0.27474363513965766,0.1024647383447172,0.26088204598442577,T015_035_015_035,7
435,17.645413998325854,525,175,False,projected_continuous_optimization_loss,435,700,3.0209757413869215e-05,0.9207969108882383,0.0008636354859781915,0.0008636354859781915,0.0008636354859781915,0.0005499790197359085,0.0005499790197359085,0.0005499790197359085,0.0005499790197359085,0.0005499790197359085,0.006273129324845659,0.006273129324845659,0.006273129324845659,0.9207969108882383,0.08177902623496328,0.11611749777623935,0.4743827160493827,0.0008636354859781915,5236.487690900569,5236.487690900569,12.074321400024928,10496.493620157242,,fixed_iterations,,0.10314980571705105,0.10314980571705105,0.32902029914000547,0.32902029914000547,0.14227158461821002,0.14227158461821002,0.34635522141297176,0.34635522141297176,435,0.00792502336572127,0.00792502336572127,0.002909383598204274,0.10031279535033992,0.002909383598204274,0.6832780472554201,0.007061387879743079,0.042997232673554486,0.27562263564870354,0.10179021154427528,0.26286796738888674,T015_035_015_035,7
436,17.762507564796607,525,175,False,projected_continuous_optimization_loss,436,700,2.7577163958278195e-05,0.9215680658273234,0.0010159024240576997,0.0010159024240576997,0.0010159024240576997,0.000708324009154347,0.000708324009154347,0.000708324009154347,0.000708324009154347,0.000708324009154347,0.006151568298067054,0.006151568298067054,0.006151568298067054,0.9215680658273234,0.08165660316488123,0.11588687585917527,0.4739506172839506,0.0010159024240576997,5248.525799800642,5248.525799800642,12.038108900072984,10520.617413520813,,fixed_iterations,,0.09829801911173452,0.09829801911173452,0.33333112261373377,0.33333112261373377,0.14119279221492026,0.14119279221492026,0.348746131886935,0.348746131886935,436,0.008251543881201499,0.008251543881201499,0.003133662283477159,0.1023576319544868,0.003133662283477159,0.6800662069201084,0.0072356414571437995,0.040865096138219245,0.27136482020581804,0.09917405864028071,0.26866223193579053,T015_035_015_035,7
437,17.880378154878724,525,175,False,projected_continuous_optimization_loss,437,700,3.082687174919905e-05,0.9231517761230073,0.0008720121405048371,0.0008720121405048371,0.0008720121405048371,0.000576729664852417,0.000576729664852417,0.000576729664852417,0.000576729664852417,0.000576729664852417,0.005905649513048399,0.005905649513048399,0.005905649513048399,0.9231517761230073,0.08165386267800692,0.11591279476410826,0.47379629629629627,0.0008720121405048371,5260.574651400559,5260.574651400559,12.048851599916816,10544.78291773796,,fixed_iterations,,0.10175006944132141,0.10175006944132141,0.33447110342990927,0.33447110342990927,0.14201888546381228,0.14201888546381228,0.3449117177879643,0.3449117177879643,437,0.008053942545184479,0.008053942545184479,0.0029692400756188985,0.10169404939131159,0.0029692400756188985,0.6811049555240601,0.007181930404679642,0.042425777056985116,0.27678844118147916,0.10191348097916414,0.25997725630643187,T015_035_015_035,7
438,17.99903092483919,525,175,False,projected_continuous_optimization_loss,438,700,2.660042442843423e-05,0.9237664028126147,0.0007884264650155469,0.0007884264650155469,0.0007884264650155469,0.0004978483980091216,0.0004978483980091216,0.0004978483980091216,0.0004978483980091216,0.0004978483980091216,0.005811561340128505,0.005811561340128505,0.005811561340128505,0.9237664028126147,0.08166957683286534,0.115975626257909,0.4735493827160494,0.0007884264650155469,5272.621381000499,5272.621381000499,12.04672959994059,10568.935261011124,,fixed_iterations,,0.1055068361476598,0.1055068361476598,0.3277743473544637,0.3277743473544637,0.1434423202510916,0.1434423202510916,0.34704289905939967,0.34704289905939967,438,0.007599909789917782,0.007599909789917782,0.002747008513048547,0.09705802553738471,0.002747008513048547,0.6884586294929922,0.0068114833249022354,0.044372483638944,0.27513463531824606,0.10410128606862405,0.26485022446717804,T015_035_015_035,7
439,18.118471065161582,525,175,False,projected_continuous_optimization_loss,439,700,3.1552475867048984e-05,0.9251931403238971,0.0008099750262287671,0.0008099750262287671,0.0008099750262287671,0.0005301717134987595,0.0005301717134987595,0.0005301717134987595,0.0005301717134987595,0.0005301717134987595,0.00559606625460015,0.00559606625460015,0.00559606625460015,0.9251931403238971,0.08156496825701236,0.1157781393311014,0.4734259259259259,0.0008099750262287671,5284.648158300552,5284.648158300552,12.026777300052345,10593.076755285263,,fixed_iterations,,0.10421627760712689,0.10421627760712689,0.33546113702124275,0.33546113702124275,0.1396916319147218,0.1396916319147218,0.3458240937808057,0.3458240937808057,439,0.00786001333914024,0.00786001333914024,0.002926164057351312,0.09867698563577854,0.002926164057351312,0.6858710684515377,0.0070500383129114726,0.043751007907361444,0.2794132046767733,0.10125008150819453,0.26145677435920844,T015_035_015_035,7
440,18.238703800773127,525,175,False,projected_continuous_optimization_loss,440,700,2.685500568674808e-05,0.9250687670050417,0.0009173242928788668,0.0009173242928788668,0.0009173242928788668,0.0006365898089716305,0.0006365898089716305,0.0006365898089716305,0.0006365898089716305,0.0006365898089716305,0.005614689678144727,0.005614689678144727,0.005614689678144727,0.9250687670050417,0.08149557127390283,0.11566231898388833,0.4731172839506173,0.0009173242928788668,5296.683165900642,5296.683165900642,12.035007600090466,10617.228389263153,,fixed_iterations,,0.10097807631477324,0.10097807631477324,0.3334126172082713,0.3334126172082713,0.14137310795114347,0.14137310795114347,0.34930496553085366,0.34930496553085366,440,0.007979293191293087,0.007979293191293087,0.003016800164885673,0.09924986052814828,0.003016800164885673,0.6849605413156182,0.007061968898414221,0.04232791919560825,0.27369144634635195,0.10003059973960327,0.26891057603405477,T015_035_015_035,7
441,18.359734391273232,525,175,False,projected_continuous_optimization_loss,441,700,2.9493113201773937e-05,0.926582260548525,0.0007203530944880981,0.0007203530944880981,0.0007203530944880981,0.0004508448711798646,0.0004508448711798646,0.0004508448711798646,0.0004508448711798646,0.0004508448711798646,0.00539016446616467,0.00539016446616467,0.00539016446616467,0.926582260548525,0.08151935508739849,0.11573984686849026,0.47305555555555556,0.0007203530944880981,5308.70506290067,5308.70506290067,12.02189700002782,10641.352837562561,,fixed_iterations,,0.10617989206520397,0.10617989206520397,0.3344031589056864,0.3344031589056864,0.14285319919383233,0.14285319919383233,0.34314601038380227,0.34314601038380227,441,0.007582312821285979,0.007582312821285979,0.0027331628958926686,0.09698299850786622,0.0027331628958926686,0.6885790653988301,0.006861959726797881,0.045022419004067595,0.27956132268405964,0.10579311893869475,0.25820220477200795,T015_035_015_035,7
442,18.48156813116361,525,175,False,projected_continuous_optimization_loss,442,700,2.7083348230275973e-05,0.9271974941957655,0.0007313678684630596,0.0007313678684630596,0.0007313678684630596,0.0004663576258942795,0.0004663576258942795,0.0004663576258942795,0.0004663576258942795,0.0004663576258942795,0.005300204851375602,0.005300204851375602,0.005300204851375602,0.9271974941957655,0.08147972238436009,0.11568067417756715,0.47290123456790123,0.0007313678684630596,5320.599557900685,5320.599557900685,11.894495000015013,10665.341367483139,,fixed_iterations,,0.10682569304270859,0.10682569304270859,0.3313693181063414,0.3313693181063414,0.14193808077383255,0.14193808077383255,0.3470644022728829,0.3470644022728829,442,0.007394017427173905,0.007394017427173905,0.0026708575637282113,0.09446319726891386,0.0026708575637282113,0.6926513424969716,0.0066626495587108455,0.04610846507546577,0.2793245234903581,0.10418673632489778,0.26303161760625,T015_035_015_035,7
443,18.60421035007984,525,175,False,projected_continuous_optimization_loss,443,700,2.6693452504123876e-05,0.9285224627587073,0.0007888258252460024,0.0007888258252460024,0.0007888258252460024,0.0005333739087419817,0.0005333739087419817,0.0005333739087419817,0.0005333739087419817,0.0005333739087419817,0.005109038330080415,0.005109038330080415,0.005109038330080415,0.9285224627587073,0.08138289704539457,0.11549928238834986,0.4724382716049383,0.0007888258252460024,5332.635269300663,5332.635269300663,12.035711399978027,10689.507308244705,,fixed_iterations,,0.10489602810899812,0.10489602810899812,0.33712319529747364,0.33712319529747364,0.13894260308280315,0.13894260308280315,0.34756063626943223,0.34756063626943223,443,0.007717340530101112,0.007717340530101112,0.002861851921473987,0.09710977217254249,0.002861851921473987,0.6883755911797946,0.006928514704855109,0.04435687731838581,0.2795892764996103,0.1020624801892434,0.26236695717255515,T015_035_015_035,7
444,18.727666413024558,525,175,False,projected_continuous_optimization_loss,444,700,2.7415318934734502e-05,0.9292282705822671,0.0007506276183999792,0.0007506276183999792,0.0007506276183999792,0.0005001957341611383,0.0005001957341611383,0.0005001957341611383,0.0005001957341611383,0.0005001957341611383,0.0050086376847768175,0.0050086376847768175,0.0050086376847768175,0.9292282705822671,0.08137592713624955,0.11551446954918329,0.4723148148148148,0.0007506276183999792,5344.609070000588,5344.609070000588,11.97380069992505,10713.60307097435,,fixed_iterations,,0.10538044136706874,0.10538044136706874,0.33474032305018475,0.33474032305018475,0.14211942826846952,0.14211942826846952,0.346988077896544,0.346988077896544,444,0.007511667882078734,0.007511667882078734,0.002727218426444628,0.09568898911268213,0.002727218426444628,0.6906636311186767,0.006761040263678755,0.04515375950982547,0.2783107794084769,0.10426858217494962,0.26293051002542467,T015_035_015_035,7
445,18.85194172060213,525,175,False,projected_continuous_optimization_loss,445,700,2.5032902006054938e-05,0.9308217073062288,0.0006362088437436414,0.0006362088437436414,0.0006362088437436414,0.0003969270347423877,0.0003969270347423877,0.0003969270347423877,0.0003969270347423877,0.0003969270347423877,0.004785636180025075,0.004785636180025075,0.004785636180025075,0.9308217073062288,0.08138310676479842,0.11555470552037088,0.47203703703703703,0.0006362088437436414,5356.519721200573,5356.519721200573,11.910651199985296,10737.512961626053,,fixed_iterations,,0.10889057486863392,0.10889057486863392,0.3346902373178011,0.3346902373178011,0.14300148671503904,0.14300148671503904,0.34423940840475475,0.34423940840475475,445,0.007317735337276076,0.007317735337276076,0.0026354541431066938,0.09364562388338764,0.0026354541431066938,0.6939842751043866,0.006681526493532434,0.046629690681870076,0.28059120151593814,0.10509421784349958,0.2616691650630789,T015_035_015_035,7
446,18.977041709254916,525,175,False,projected_continuous_optimization_loss,446,700,2.6916517389141358e-05,0.9322129913212227,0.0007049919436358581,0.0007049919436358581,0.0007049919436358581,0.0004752380163550267,0.0004752380163550267,0.0004752380163550267,0.0004752380163550267,0.0004752380163550267,0.004595078545616628,0.004595078545616628,0.004595078545616628,0.9322129913212227,0.08130771084183619,0.11541601955645846,0.4719135802469136,0.0007049919436358581,5368.573985000607,5368.573985000607,12.054263800033368,10761.645169258118,,fixed_iterations,,0.10744641277333809,0.10744641277333809,0.3356872931996795,0.3356872931996795,0.14012302935938908,0.14012302935938908,0.34895625598881597,0.34895625598881597,446,0.007381212677085813,0.007381212677085813,0.00278510871954719,0.09192207915077244,0.00278510871954719,0.6968134581635055,0.0066762207334499545,0.0453126454330743,0.278036757937719,0.10250454912269877,0.2709595056700134,T015_035_015_035,7
447,19.10297185150104,525,175,False,projected_continuous_optimization_loss,447,700,2.491545868217096e-05,0.9339354136226967,0.0006928660349603698,0.0006928660349603698,0.0006928660349603698,0.00047463955630016143,0.00047463955630016143,0.00047463955630016143,0.00047463955630016143,0.00047463955630016143,0.004364529573204166,0.004364529573204166,0.004364529573204166,0.9339354136226967,0.08126566410655349,0.11535211778671432,0.4717283950617284,0.0006928660349603698,5380.606280800654,5380.606280800654,12.032295800046995,10785.751402139664,,fixed_iterations,,0.10745160549600527,0.10745160549600527,0.3385384069742516,0.3385384069742516,0.13974649079110824,0.13974649079110824,0.3481989103613316,0.3481989103613316,447,0.007329302381862013,0.007329302381862013,0.0027516176080845094,0.09155369547555006,0.0027516176080845094,0.697421587889106,0.006636436346901643,0.04604051918297313,0.28102665529100873,0.10269205284684986,0.26766236056827425,T015_035_015_035,7
448,19.22973765617385,525,175,False,projected_continuous_optimization_loss,448,700,2.5576249113993116e-05,0.9351475862203067,0.0006200873253423244,0.0006200873253423244,0.0006200873253423244,0.00040979554668969527,0.00040979554668969527,0.00040979554668969527,0.00040979554668969527,0.00040979554668969527,0.0042058355730525835,0.0042058355730525835,0.0042058355730525835,0.9351475862203067,0.08128681744334113,0.11542655841045495,0.4715432098765432,0.0006200873253423244,5392.529803200625,5392.529803200625,11.923522399971262,10809.74665093422,,fixed_iterations,,0.10924859525927005,0.10924859525927005,0.33501102066688665,0.33501102066688665,0.14356870831494617,0.14356870831494617,0.34731926197920365,0.34731926197920365,448,0.00725625428387603,0.00725625428387603,0.0027602518938832296,0.08992004779985599,0.0027602518938832296,0.7001332832742919,0.006636166958533705,0.045743089403902495,0.27880863698176084,0.10306307602036599,0.2725184808682627,T015_035_015_035,7
449,19.357344668662872,525,175,False,projected_continuous_optimization_loss,449,700,2.5792670557800075e-05,0.9373904443239405,0.000584837159864054,0.000584837159864054,0.000584837159864054,0.0003888393367663727,0.0003888393367663727,0.0003888393367663727,0.0003888393367663727,0.0003888393367663727,0.003919956461953625,0.003919956461953625,0.003919956461953625,0.9373904443239405,0.08124451937947316,0.115358110835326,0.4714814814814815,0.000584837159864054,5404.584405200672,5404.584405200672,12.054602000047453,10833.948023080826,,fixed_iterations,,0.11051805005770642,0.11051805005770642,0.33908296156029044,0.33908296156029044,0.14126631193809042,0.14126631193809042,0.346523120767853,0.346523120767853,449,0.007238781785556779,0.007238781785556779,0.0027901037459417727,0.08897356079230014,0.0027901037459417727,0.7017156377007,0.006653944625692725,0.04586689537443946,0.2803660306780479,0.10246383184469031,0.2730188798035223,T015_035_015_035,7
450,19.485798471156393,525,175,False,projected_continuous_optimization_loss,450,700,2.4942006992516483e-05,0.9385088328612788,0.0006855789176189817,0.0006855789176189817,0.0006855789176189817,0.000496520735814874,0.000496520735814874,0.000496520735814874,0.000496520735814874,0.000496520735814874,0.0037811636360821545,0.0037811636360821545,0.0037811636360821545,0.9385088328612788,0.08118718369249515,0.11525872811902416,0.471358024691358,0.0006855789176189817,5416.632396700676,5416.632396700676,12.047991500003263,10858.084495782852,,fixed_iterations,,0.10823506361239331,0.10823506361239331,0.33634343569818503,0.33634343569818503,0.14038455919586773,0.14038455919586773,0.3535457743548327,0.3535457743548327,450,0.007218724080945329,0.007218724080945329,0.002937863983827043,0.0856172019423657,0.002937863983827043,0.7073958271959101,0.006533145163326347,0.04553368407806374,0.2787865757664817,0.10071988342196905,0.2823556839293956,T015_035_015_035,7
451,19.615104682885665,525,175,False,projected_continuous_optimization_loss,451,700,2.8194710504350068e-05,0.9412499309714446,0.0005208546602135593,0.0005208546602135593,0.0005208546602135593,0.00034827612967055816,0.00034827612967055816,0.00034827612967055816,0.00034827612967055816,0.00034827612967055816,0.003451570610860024,0.003451570610860024,0.003451570610860024,0.9412499309714446,0.0811923860541626,0.11529604632899343,0.4712654320987654,0.0005208546602135593,5428.657035500626,5428.657035500626,12.02463879995048,10882.194997787476,,fixed_iterations,,0.11268240818166282,0.11268240818166282,0.3436863035618831,0.3436863035618831,0.14066598260605115,0.14066598260605115,0.3442152366218475,0.3442152366218475,451,0.007041720461855107,0.007041720461855107,0.00272920540583799,0.08625030112034232,0.00272920540583799,0.7063159842273633,0.006520865801641547,0.047092930962972054,0.28667573874809127,0.10475881535864989,0.2677884991576501,T015_035_015_035,7
452,19.745268960370694,525,175,False,projected_continuous_optimization_loss,452,700,3.2415762582839886e-05,0.9407919396158826,0.0006946593979798546,0.0006946593979798546,0.0006946593979798546,0.0005193796772573899,0.0005193796772573899,0.0005193796772573899,0.0005193796772573899,0.0005193796772573899,0.003505594414449294,0.003505594414449294,0.003505594414449294,0.9407919396158826,0.08118149042340309,0.11529960783628847,0.47098765432098766,0.0006946593979798546,5440.575627800659,5440.575627800659,11.918592300033197,10906.234095096588,,fixed_iterations,,0.108791377448569,0.108791377448569,0.329190693507358,0.329190693507358,0.14574147564488107,0.14574147564488107,0.35706839301507454,0.35706839301507454,452,0.007119696757649922,0.007119696757649922,0.003074389733812925,0.08090614047673994,0.003074389733812925,0.7155599527549964,0.006425037359670068,0.045039791260842364,0.2784408880021257,0.10163449109156683,0.2904447824004614,T015_035_015_035,7
453,19.876296997667716,525,175,False,projected_continuous_optimization_loss,453,700,5.256359946991842e-05,0.9459354736087878,0.0005496995309584242,0.0005496995309584242,0.0005496995309584242,0.00040355088026312094,0.00040355088026312094,0.00040355088026312094,0.00040355088026312094,0.00040355088026312094,0.0029229730139060657,0.0029229730139060657,0.0029229730139060657,0.9459354736087878,0.08109179594986676,0.11512974936623314,0.4709567901234568,0.0005496995309584242,5452.589771400671,5452.589771400671,12.014143600012176,10930.355527877808,,fixed_iterations,,0.11656694054505998,0.11656694054505998,0.3582758217798273,0.3582758217798273,0.13540327016028147,0.13540327016028147,0.33568944112361904,0.33568944112361904,453,0.007251106378582676,0.007251106378582676,0.002906760255411918,0.08688692246341516,0.002906760255411918,0.7052341226271006,0.006701406847624252,0.04899945723552856,0.2972016363073247,0.10850870006801866,0.25052432901622873,T015_035_015_035,7
454,20.00819452661828,525,175,False,projected_continuous_optimization_loss,454,700,0.00011976934999310531,0.9416634695219284,0.0013114034150338747,0.0013114034150338747,0.0013114034150338747,0.0011412458756229257,0.0011412458756229257,0.0011412458756229257,0.0011412458756229257,0.0011412458756229257,0.0034031507882189807,0.0034031507882189807,0.0034031507882189807,0.9416634695219284,0.08107105951522664,0.11513192011574375,0.4702777777777778,0.0013114034150338747,5464.587340800674,5464.587340800674,11.997569400002249,10954.415815353394,,fixed_iterations,,0.1035525919649147,0.1035525919649147,0.31216509806357723,0.31216509806357723,0.14874769296238685,0.14874769296238685,0.3771980865310495,0.3771980865310495,454,0.007591803169119343,0.007591803169119343,0.003924286767577473,0.07335032803083741,0.003924286767577473,0.7291673431234015,0.006280399754085468,0.04462513426304274,0.26998047978814255,0.09771534321217461,0.3168463858600415,T015_035_015_035,7
455,20.140967317099975,525,175,False,projected_continuous_optimization_loss,455,700,0.0003039203657449647,0.9465030285760573,0.0011629042894615292,0.0011629042894615292,0.0011629042894615292,0.0010198079918848219,0.0010198079918848219,0.0010198079918848219,0.0010198079918848219,0.0010198079918848219,0.002861925951534144,0.002861925951534144,0.002861925951534144,0.9465030285760573,0.08092450873373429,0.1148905227649552,0.4707716049382716,0.0011629042894615292,5476.589760300703,5476.589760300703,12.002419500029646,10978.494275569916,,fixed_iterations,,0.12582719427457725,0.12582719427457725,0.3826266608852708,0.3826266608852708,0.13265680766391674,0.13265680766391674,0.30539236575229245,0.30539236575229245,455,0.008676640965531703,0.008676640965531703,0.0044803717469977114,0.0839253843706798,0.0044803717469977114,0.7103012178646935,0.007513736676070174,0.053739515331758414,0.31881596095387205,0.12205500181187771,0.21569073976718534,T015_035_015_035,7
456,20.27462117727882,525,175,False,projected_continuous_optimization_loss,456,700,0.000605263151845251,0.9417950046447724,0.0010828850821070618,0.0010828850821070618,0.0010828850821070618,0.0009134940078919579,0.0009134940078919579,0.0009134940078919579,0.0009134940078919579,0.0009134940078919579,0.0033878214843020803,0.0033878214843020803,0.0033878214843020803,0.9417950046447724,0.08071510380760782,0.11451159588553822,0.4692901234567901,0.0010828850821070618,5488.614856900764,5488.614856900764,12.025096600060351,11002.61079454422,,fixed_iterations,,0.10690764581602005,0.10690764581602005,0.31279281523159774,0.31279281523159774,0.1515989238334688,0.1515989238334688,0.3704956197636858,0.3704956197636858,456,0.006883899593471243,0.006883899593471243,0.003888203470563114,0.05991392245816259,0.003888203470563114,0.7552267938311821,0.005801014511364181,0.050056153019939306,0.2708652356301068,0.10148436748995629,0.33282103769117977,T015_035_015_035,7
457,20.409161953863393,525,175,False,projected_continuous_optimization_loss,457,700,0.0004129740583923386,0.9430301092927977,0.0006971889144368746,0.0006971889144368746,0.0006971889144368746,0.000534910492077346,0.000534910492077346,0.000534910492077346,0.000534910492077346,0.000534910492077346,0.003245568447190571,0.003245568447190571,0.003245568447190571,0.9430301092927977,0.08043681093502994,0.11411366629799977,0.4679320987654321,0.0006971889144368746,5500.638069100678,5500.638069100678,12.02321219991427,11026.728333711624,,fixed_iterations,,0.10773299418683252,0.10773299418683252,0.35369207450698725,0.35369207450698725,0.1376592177844646,0.1376592177844646,0.3439458228145134,0.3439458228145134,457,0.006082584946278788,0.006082584946278788,0.002572871676801763,0.07019426538954049,0.002572871676801763,0.735057996177389,0.005385396031841913,0.05328669700411125,0.29596018416833825,0.10136144261695702,0.2844496723879824,T015_035_015_035,7
458,20.54459553236055,525,175,False,projected_continuous_optimization_loss,458,700,4.925865965899997e-05,0.9433674012455898,0.0008599164906758344,0.0008599164906758344,0.0008599164906758344,0.0006995539285919334,0.0006995539285919334,0.0006995539285919334,0.0006995539285919334,0.0006995539285919334,0.0032072512416780213,0.0032072512416780213,0.0032072512416780213,0.9433674012455898,0.08035828849934283,0.11408228339568839,0.4677777777777778,0.0008599164906758344,5512.648639300605,5512.648639300605,12.010570199927315,11050.802997589111,,fixed_iterations,,0.12452221726665016,0.12452221726665016,0.3732452418831297,0.3732452418831297,0.1303224634788106,0.1303224634788106,0.3152774786169994,0.3152774786169994,458,0.005711064223712738,0.005711064223712738,0.0022991469637746956,0.06823834519876083,0.0022991469637746956,0.7387752974951244,0.004851147733036903,0.06466164924736435,0.3119570790999984,0.1097468068246681,0.2524097623230935,T015_035_015_035,7
459,20.680927837332902,525,175,False,projected_continuous_optimization_loss,459,700,0.00027715361349789553,0.9465756303352937,0.0003696275242318453,0.0003696275242318453,0.0003696275242318453,0.00022691936052828625,0.00022691936052828625,0.00022691936052828625,0.00022691936052828625,0.00022691936052828625,0.0028541632740711805,0.0028541632740711805,0.0028541632740711805,0.9465756303352937,0.08031673585163768,0.11412455847142507,0.4673456790123457,0.0003696275242318453,5524.668875700561,5524.668875700561,12.020236399956048,11074.949501991272,,fixed_iterations,,0.12454727484448572,0.12454727484448572,0.32654585013975507,0.32654585013975507,0.14212365549892647,0.14212365549892647,0.3533588498521265,0.3533588498521265,459,0.004713082094538025,0.004713082094538025,0.0020686312797991175,0.052889016294778164,0.0020686312797991175,0.7700238788596125,0.00434345457030618,0.06871495440851078,0.29133065436892464,0.09692855093037767,0.3130497191517995,T015_035_015_035,7
460,20.818164832658006,525,175,False,projected_continuous_optimization_loss,460,700,0.0002055062187363786,0.9485140035565119,0.0009185523263856737,0.0009185523263856737,0.0009185523263856737,0.0007860119348967299,0.0007860119348967299,0.0007860119348967299,0.0007860119348967299,0.0007860119348967299,0.0026508078297788765,0.0026508078297788765,0.0026508078297788765,0.9485140035565119,0.07993517057630903,0.11349920186223413,0.4650925925925926,0.0009185523263856737,5536.694804500672,5536.694804500672,12.025928800110705,11099.030678987503,,fixed_iterations,,0.10005946570223008,0.10005946570223008,0.3543225419070389,0.3543225419070389,0.13899334265894073,0.13899334265894073,0.35513865328830224,0.35513865328830224,460,0.006542164565666397,0.006542164565666397,0.003428804879571506,0.06226719372189782,0.003428804879571506,0.7504660469557343,0.005623612239280724,0.05555262762171231,0.30082365316476595,0.0843192605287368,0.30977050564051917,T015_035_015_035,7
461,20.9563125217892,525,175,False,projected_continuous_optimization_loss,461,700,0.00014814356901941256,0.9526998583933075,0.0007713634164243147,0.0007713634164243147,0.0007713634164243147,0.0006594982466236565,0.0006594982466236565,0.0006594982466236565,0.0006594982466236565,0.0006594982466236565,0.0022373033960131623,0.0022373033960131623,0.0022373033960131623,0.9526998583933075,0.07986373124413466,0.11351410278364381,0.4637345679012346,0.0007713634164243147,5548.698157800594,5548.698157800594,12.00335329992231,11123.065842628479,,fixed_iterations,,0.11550530597714168,0.11550530597714168,0.3730558708460397,0.3730558708460397,0.13688802594714988,0.13688802594714988,0.3272506556229762,0.3272506556229762,461,0.006178779543019208,0.006178779543019208,0.002607393221588114,0.07142772642862188,0.002607393221588114,0.7327403389424025,0.005407416126594893,0.06348695864376175,0.3104683218826562,0.09032659851683864,0.2684584598991459,T015_035_015_035,7
462,21.095376948018295,525,175,False,projected_continuous_optimization_loss,462,700,0.00015228381780292612,0.9582306379608738,0.0001265391593432722,0.0001265391593432722,0.0001265391593432722,3.930517908549244e-05,3.930517908549244e-05,3.930517908549244e-05,3.930517908549244e-05,3.930517908549244e-05,0.001744679605155595,0.001744679605155595,0.001744679605155595,0.9582306379608738,0.07996159947378817,0.11383314601791962,0.46382716049382716,0.0001265391593432722,5560.7152360006,5560.7152360006,12.017078200005926,11147.089976787567,,fixed_iterations,,0.14392243318136383,0.14392243318136383,0.33342771105490066,0.33342771105490066,0.1362819105018602,0.1362819105018602,0.3445985832227492,0.3445985832227492,462,0.004731903533011977,0.004731903533011977,0.0017146832308461244,0.06034440604331706,0.0017146832308461244,0.7543490157900502,0.004605364373668705,0.08244458754521992,0.2888762897978513,0.08198310632043566,0.3010450321265432,T015_035_015_035,7
463,21.23536419473989,525,175,False,projected_continuous_optimization_loss,463,700,0.0002450317122508876,0.9493608373886817,0.0008678526155690528,0.0008678526155690528,0.0008678526155690528,0.0007396363760702759,0.0007396363760702759,0.0007396363760702759,0.0007396363760702759,0.0007396363760702759,0.002564324789975536,0.002564324789975536,0.002564324789975536,0.9493608373886817,0.07940822973662423,0.11270068051316041,0.4618827160493827,0.0008678526155690528,5572.659034500597,5572.659034500597,11.943798499996774,11171.111298561096,,fixed_iterations,,0.10811094183242848,0.10811094183242848,0.3542056997422871,0.3542056997422871,0.1269857500493119,0.1269857500493119,0.36005844576465423,0.36005844576465423,463,0.007662150827551667,0.007662150827551667,0.003335928105765646,0.08652445443572043,0.003335928105765646,0.7058496057529068,0.0067942982119826145,0.05781339513375906,0.2758809669058366,0.07473901647255295,0.29741622724075817,T015_035_015_035,7
464,21.37628038571752,525,175,False,projected_continuous_optimization_loss,464,700,0.0001380555151763143,0.9486394006816855,0.0007406023117035696,0.0007406023117035696,0.0007406023117035696,0.0006087067535867472,0.0006087067535867472,0.0006087067535867472,0.0006087067535867472,0.0006087067535867472,0.002637911162336447,0.002637911162336447,0.002637911162336447,0.9486394006816855,0.07926996652668808,0.1125686578972719,0.46012345679012345,0.0007406023117035696,5584.685718200635,5584.685718200635,12.02668370003812,11195.214133501053,,fixed_iterations,,0.10718892419350759,0.10718892419350759,0.36274171794620763,0.36274171794620763,0.1428445254528496,0.1428445254528496,0.3358642330891207,0.3358642330891207,464,0.0074780784822975,0.0074780784822975,0.002599698217494297,0.09756760529606405,0.002599698217494297,0.6876418637268048,0.0067374761705939305,0.05537268912034462,0.2817421650828954,0.08498489555708791,0.2655421139664768,T015_035_015_035,7
465,21.51813168535153,525,175,False,projected_continuous_optimization_loss,465,700,0.00015243678227204566,0.9550022989339009,0.00012196349310235197,0.00012196349310235197,0.00012196349310235197,2.0723838040651026e-05,2.0723838040651026e-05,2.0723838040651026e-05,2.0723838040651026e-05,2.0723838040651026e-05,0.0020247931012340186,0.0020247931012340186,0.0020247931012340186,0.9550022989339009,0.07936770227913549,0.11296135217236844,0.4595061728395062,0.00012196349310235197,5596.638112000655,5596.638112000655,11.952393800020218,11219.230560541153,,fixed_iterations,,0.1359573904567635,0.1359573904567635,0.3350506167640759,0.3350506167640759,0.14590714213238834,0.14590714213238834,0.33808714958067315,0.33808714958067315,465,0.005227668055631553,0.005227668055631553,0.0013300388893072502,0.07795258332648605,0.0013300388893072502,0.720800101492701,0.005105704562529201,0.07913172317806111,0.269239828007907,0.08617175791266299,0.28625679239406987,T015_035_015_035,7
466,21.660924298948704,525,175,False,projected_continuous_optimization_loss,466,700,0.00014425646863668398,0.9540512007798452,0.000500668642765035,0.000500668642765035,0.000500668642765035,0.0003951040352763305,0.0003951040352763305,0.0003951040352763305,0.0003951040352763305,0.0003951040352763305,0.00211129214977409,0.00211129214977409,0.00211129214977409,0.9540512007798452,0.07890560385454526,0.11202543237469742,0.45814814814814814,0.000500668642765035,5608.6188346006675,5608.6188346006675,11.980722600012086,11243.249413967133,,fixed_iterations,,0.1317940440321758,0.1317940440321758,0.35255470604947814,0.35255470604947814,0.11780847592813812,0.11780847592813812,0.35189397477005324,0.35189397477005324,466,0.0064502113241230695,0.0064502113241230695,0.0024183305788465074,0.08063761490553123,0.0024183305788465074,0.7160323699688091,0.005949542681358035,0.07521150899048189,0.27880869019691706,0.06990570628845383,0.29210646449295646,T015_035_015_035,7
467,21.80466447299379,525,175,False,projected_continuous_optimization_loss,467,700,0.00011787732581644285,0.9529845263121096,0.0005692799887913977,0.0005692799887913977,0.0005692799887913977,0.00045875725048656206,0.00045875725048656206,0.00045875725048656206,0.00045875725048656206,0.00045875725048656206,0.002210454766096713,0.002210454766096713,0.002210454766096713,0.9529845263121096,0.07863568756250765,0.1115976694193146,0.45632716049382716,0.0005692799887913977,5620.611531800707,5620.611531800707,11.992697200039402,11267.357117652893,,fixed_iterations,,0.11823112378071762,0.11823112378071762,0.36143080925295346,0.36143080925295346,0.12968032105662675,0.12968032105662675,0.34364227222181176,0.34364227222181176,467,0.006882429910711082,0.006882429910711082,0.0022260008797186227,0.09312858061984917,0.0022260008797186227,0.6948302429468982,0.006313149921919684,0.06655724158403731,0.2773002780781964,0.07676183413592758,0.274210889148737,T015_035_015_035,7
468,21.949358495422686,525,175,False,projected_continuous_optimization_loss,468,700,7.69261935055511e-05,0.9534113672047895,0.0003170309899284914,0.0003170309899284914,0.0003170309899284914,0.0002085059546421431,0.0002085059546421431,0.0002085059546421431,0.0002085059546421431,0.0002085059546421431,0.0021705007057269657,0.0021705007057269657,0.0021705007057269657,0.9534113672047895,0.07866843258110123,0.11186720571957068,0.4550925925925926,0.0003170309899284914,5632.63616350072,5632.63616350072,12.024631700012833,11291.501179218292,,fixed_iterations,,0.12064004539049696,0.12064004539049696,0.33773137917059176,0.33773137917059176,0.15823101273889018,0.15823101273889018,0.33680892990481054,0.33680892990481054,468,0.005796971284924988,0.005796971284924988,0.0011522248227834187,0.09289492924283138,0.0011522248227834187,0.6952133053382558,0.005479940294996497,0.07099405271735751,0.2628567002698239,0.09322422652370252,0.2681383258273718,T015_035_015_035,7
469,22.095012695897562,525,175,False,projected_continuous_optimization_loss,469,700,0.00016909489437671652,0.9609000902824558,0.0002691145076489167,0.0002691145076489167,0.0002691145076489167,0.00019267436065291142,0.00019267436065291142,0.00019267436065291142,0.00019267436065291142,0.00019267436065291142,0.0015288029399201056,0.0015288029399201056,0.0015288029399201056,0.9609000902824558,0.0783546578518483,0.1112871659307526,0.45444444444444443,0.0002691145076489167,5644.629263400682,5644.629263400682,11.993099899962544,11315.51333785057,,fixed_iterations,,0.12946487133967022,0.12946487133967022,0.3536533241765756,0.3536533241765756,0.13299741063983606,0.13299741063983606,0.344784484126374,0.344784484126374,469,0.0059231756320637045,0.0059231756320637045,0.0017518033238158241,0.08342744616495762,0.0017518033238158241,0.7111619031966911,0.005654061124414788,0.07678154317195453,0.274452738607492,0.07731761666600416,0.2826100047512405,T015_035_015_035,7
470,22.241633446083686,525,175,False,projected_continuous_optimization_loss,470,700,2.6958762036144196e-05,0.964700583975926,0.0004403558271757641,0.0004403558271757641,0.0004403558271757641,0.0003780533885937313,0.0003780533885937313,0.0003780533885937313,0.0003780533885937313,0.0003780533885937313,0.0012460487716406557,0.0012460487716406557,0.0012460487716406557,0.964700583975926,0.07809378990302372,0.11083072809867608,0.45330246913580247,0.0004403558271757641,5656.661148900632,5656.661148900632,12.031885499949567,11339.628594875336,,fixed_iterations,,0.13380627257748498,0.13380627257748498,0.36263885299481313,0.36263885299481313,0.12085679985531139,0.12085679985531139,0.34739865854831636,0.34739865854831636,470,0.0061201878263961364,0.0061201878263961364,0.002178918764507684,0.07882538123776904,0.002178918764507684,0.719241418229524,0.005679831999220372,0.08051952318864537,0.2821387381996817,0.06874614374956863,0.28783701309162835,T015_035_015_035,7
471,22.38922715992821,525,175,False,projected_continuous_optimization_loss,471,700,0.00011367802832601275,0.9654093939442717,0.0001418370594835841,0.0001418370594835841,0.0001418370594835841,8.201155811845442e-05,8.201155811845442e-05,8.201155811845442e-05,8.201155811845442e-05,8.201155811845442e-05,0.0011965100273025936,0.0011965100273025936,0.0011965100273025936,0.9654093939442717,0.0780312049671249,0.11083963013707028,0.45185185185185184,0.0001418370594835841,5668.589021100663,5668.589021100663,11.927872200030833,11363.603955030441,,fixed_iterations,,0.13322443638220374,0.13322443638220374,0.35021881317979353,0.35021881317979353,0.14133610103101335,0.14133610103101335,0.34063004335126107,0.34063004335126107,471,0.005044369885692011,0.005044369885692011,0.0012876410311541218,0.07513457709075778,0.0012876410311541218,0.7258931283408646,0.004902532826208427,0.0799010130579797,0.27839830691148204,0.08599943319024074,0.2815943751811621,T015_035_015_035,7
472,22.537800293940744,525,175,False,projected_continuous_optimization_loss,472,700,3.2368427346544124e-05,0.9628671900320169,0.00023780102216992746,0.00023780102216992746,0.00023780102216992746,0.00016885874336401073,0.00016885874336401073,0.00016885874336401073,0.00016885874336401073,0.00016885874336401073,0.0013788455761183347,0.0013788455761183347,0.0013788455761183347,0.9628671900320169,0.07784052728937618,0.11056983926979136,0.45098765432098764,0.00023780102216992746,5680.594688500627,5680.594688500627,12.005667399964295,11387.720102071762,,fixed_iterations,,0.12406264049979358,0.12406264049979358,0.34885455248942804,0.34885455248942804,0.15285124484180573,0.15285124484180573,0.3370987522009897,0.3370987522009897,472,0.0052368012043209795,0.0052368012043209795,0.0011738816255394983,0.08125839157562961,0.0011738816255394983,0.7149414243078633,0.004999000182151052,0.07423993961458936,0.2687621702696631,0.09370458553449974,0.2782347288891111,T015_035_015_035,7
473,22.68735934747576,525,175,False,projected_continuous_optimization_loss,473,700,8.372475878195968e-05,0.9675026503060519,0.00037685868704332413,0.00037685868704332413,0.00037685868704332413,0.00032405480018678695,0.00032405480018678695,0.00032405480018678695,0.00032405480018678695,0.00032405480018678695,0.0010560777371307435,0.0010560777371307435,0.0010560777371307435,0.9675026503060519,0.07755640280311873,0.11007976494931687,0.44962962962962966,0.00037685868704332413,5692.615701900562,5692.615701900562,12.021013399935327,11411.833049297333,,fixed_iterations,,0.12219407352521616,0.12219407352521616,0.3620365149666885,0.3620365149666885,0.13653936955310786,0.13653936955310786,0.3467326922610394,0.3467326922610394,473,0.005620528889895527,0.005620528889895527,0.0018778666665097972,0.07485324446771459,0.0018778666665097972,0.7264067901651896,0.005243670202852203,0.07274936971191054,0.28269896020440477,0.08273522417522582,0.2882232360736485,T015_035_015_035,7
474,22.837910863016948,525,175,False,projected_continuous_optimization_loss,474,700,5.3970951927104145e-05,0.973710619252127,0.00021659494721368105,0.00021659494721368105,0.00021659494721368105,0.00018203837020834923,0.00018203837020834923,0.00018203837020834923,0.00018203837020834923,0.00018203837020834923,0.0006911315401066363,0.0006911315401066363,0.0006911315401066363,0.973710619252127,0.07747578403494906,0.10999003180238742,0.44882716049382715,0.00021659494721368105,5704.596059400588,5704.596059400588,11.980357500026003,11435.92597746849,,fixed_iterations,,0.1354102789080672,0.1354102789080672,0.3578977247682745,0.3578977247682745,0.13134476338999246,0.13134476338999246,0.3490578521857928,0.3490578521857928,474,0.005114277162145823,0.005114277162145823,0.0016921710251782914,0.06844212273935064,0.0016921710251782914,0.7383855456222829,0.004897682214932142,0.08004075417740167,0.2791618685809989,0.0820829642252042,0.2970999586386781,T015_035_015_035,7
475,22.98946142646338,525,175,False,projected_continuous_optimization_loss,475,700,4.8888033735583266e-05,0.9749178149518961,6.847095963504928e-05,6.847095963504928e-05,6.847095963504928e-05,3.701515929568324e-05,3.701515929568324e-05,3.701515929568324e-05,3.701515929568324e-05,3.701515929568324e-05,0.0006291160067873207,0.0006291160067873207,0.0006291160067873207,0.9749178149518961,0.077429383500218,0.10998518753915791,0.4483641975308642,6.847095963504928e-05,5716.578746200656,5716.578746200656,11.982686800067313,11459.955208063126,,fixed_iterations,,0.14202512198885803,0.14202512198885803,0.3513962215180961,0.3513962215180961,0.14234125789576585,0.14234125789576585,0.3391552135491762,0.3391552135491762,475,0.004611055372662395,0.004611055372662395,0.001027814986025725,0.0716648077327334,0.001027814986025725,0.732297165250845,0.0045425844130273455,0.08157219390244605,0.27517330978563154,0.09212833458211604,0.28342332698065137,T015_035_015_035,7
476,23.142017667417647,525,175,False,projected_continuous_optimization_loss,476,700,6.16016144227148e-05,0.9730906885480258,0.00020461511705540598,0.00020461511705540598,0.00020461511705540598,0.00016840956491443826,0.00016840956491443826,0.00016840956491443826,0.00016840956491443826,0.00016840956491443826,0.0007241110428193542,0.0007241110428193542,0.0007241110428193542,0.9730906885480258,0.07718625609333366,0.10960044488919954,0.44685185185185183,0.00020461511705540598,5728.599072600715,5728.599072600715,12.020326400059275,11484.091578245163,,fixed_iterations,,0.12752443795897064,0.12752443795897064,0.3578196042022117,0.3578196042022117,0.1466058225803816,0.1466058225803816,0.3411408238064619,0.3411408238064619,476,0.005090985840553594,0.005090985840553594,0.0014019987057355436,0.073779742696361,0.0014019987057355436,0.7283757324973319,0.004886370723498188,0.0732863741738442,0.27918640255943894,0.0924814639252297,0.283421491838819,T015_035_015_035,7
477,23.295586259475854,525,175,False,projected_continuous_optimization_loss,477,700,3.32098680283615e-05,0.9754211414439592,0.00030879733045715234,0.00030879733045715234,0.00030879733045715234,0.0002785913160612596,0.0002785913160612596,0.0002785913160612596,0.0002785913160612596,0.0002785913160612596,0.0006041202879178549,0.0006041202879178549,0.0006041202879178549,0.9754211414439592,0.07697317330386405,0.10925063189575246,0.44614197530864197,0.00030879733045715234,5740.596863200655,5740.596863200655,11.997790599940345,11508.157743215561,,fixed_iterations,,0.12158414482666727,0.12158414482666727,0.3585036397600094,0.3585036397600094,0.14215408166307106,0.14215408166307106,0.35317927519421155,0.35317927519421155,477,0.005705895225390622,0.005705895225390622,0.0020846797111123395,0.07242431028556563,0.0020846797111123395,0.7308823486176248,0.005397097894933469,0.06881558661042221,0.2780582226582925,0.08635045304610879,0.2976580863028014,T015_035_015_035,7
478,23.450173920519575,525,175,False,projected_continuous_optimization_loss,478,700,6.307637823236447e-05,0.9792483523110355,0.00012499003772328652,0.00012499003772328652,0.00012499003772328652,0.00010345849363294139,0.00010345849363294139,0.00010345849363294139,0.00010345849363294139,0.00010345849363294139,0.00043063088180690255,0.00043063088180690255,0.00043063088180690255,0.9792483523110355,0.07692642003670526,0.10921301919165624,0.44515432098765434,0.00012499003772328652,5752.602297300706,5752.602297300706,12.00543410005048,11532.268155813217,,fixed_iterations,,0.13381693522549007,0.13381693522549007,0.35615789072625037,0.35615789072625037,0.14192550633264855,0.14192550633264855,0.3473480200266465,0.3473480200266465,478,0.004874391721176822,0.004874391721176822,0.0014738578311682608,0.06801067780017121,0.0014738578311682608,0.739211430848338,0.004749401683453535,0.07638502416637286,0.27532820318811035,0.09158198858520743,0.29591621490864733,T015_035_015_035,7
479,23.60578741300967,525,175,False,projected_continuous_optimization_loss,479,700,2.0532799300983266e-05,0.9809306053489326,7.205542123473116e-05,7.205542123473116e-05,7.205542123473116e-05,5.387333061682329e-05,5.387333061682329e-05,5.387333061682329e-05,5.387333061682329e-05,5.387333061682329e-05,0.00036364181235815736,0.00036364181235815736,0.00036364181235815736,0.9809306053489326,0.07685814584918889,0.10913726987558198,0.4448765432098765,7.205542123473116e-05,5764.629077300662,5764.629077300662,12.026779999956489,11556.274507284164,,fixed_iterations,,0.14375385010089747,0.14375385010089747,0.35577002373904376,0.35577002373904376,0.14261458967554608,0.14261458967554608,0.33879214183344525,0.33879214183344525,479,0.00439815986056147,0.00439815986056147,0.0009560148412035298,0.06884290038715879,0.0009560148412035298,0.7376206936758183,0.004326104439326739,0.08129527519044166,0.2748625209672188,0.09622643210742117,0.28523646541073666,T015_035_015_035,7
480,23.76243354428219,525,175,False,projected_continuous_optimization_loss,480,700,5.8773788133315556e-05,0.9809154428501827,0.0001289506399462308,0.0001289506399462308,0.0001289506399462308,0.00011073962386599872,0.00011073962386599872,0.00011073962386599872,0.00011073962386599872,0.00011073962386599872,0.0003642203216046415,0.0003642203216046415,0.0003642203216046415,0.9809154428501827,0.07664053115153618,0.10878074236842396,0.4440432098765432,0.0001289506399462308,5776.699504600605,5776.699504600605,12.070427299942821,11580.540734052658,,fixed_iterations,,0.13469197993137075,0.13469197993137075,0.357574016984847,0.357574016984847,0.14046578277036198,0.14046578277036198,0.3481836631636031,0.3481836631636031,480,0.005012788846705091,0.005012788846705091,0.001453173258034621,0.0711923117734094,0.001453173258034621,0.7331811255300528,0.004883838206758861,0.07462231313838533,0.2746965729149878,0.09216951015253977,0.2916927293241399,T015_035_015_035,7
481,23.920119166846117,525,175,False,projected_continuous_optimization_loss,481,700,2.1937208670700775e-05,0.9787605119259917,0.00021278757561793825,0.00021278757561793825,0.00021278757561793825,0.00019023178293564114,0.00019023178293564114,0.00019023178293564114,0.00019023178293564114,0.00019023178293564114,0.000451115853645942,0.000451115853645942,0.000451115853645942,0.9787605119259917,0.07645181365174472,0.108482165241703,0.4431481481481481,0.00021278757561793825,5788.935659200652,5788.935659200652,12.236154600046575,11605.16998720169,,fixed_iterations,,0.1264721616131773,0.1264721616131773,0.3568150921978091,0.3568150921978091,0.14302100113893276,0.14302100113893276,0.3524522569760726,0.3524522569760726,481,0.0053755572570427295,0.0053755572570427295,0.0017513646102876514,0.07248385293510157,0.0017513646102876514,0.7307717456597441,0.005162769681424791,0.07044328689402976,0.2742258265601381,0.09123898819204027,0.29486364401353593,T015_035_015_035,7
482,24.07885117868314,525,175,False,projected_continuous_optimization_loss,482,700,4.439346149205275e-05,0.9769272286831827,0.00013676667714440828,0.00013676667714440828,0.00013676667714440828,0.00011014903833250121,0.00011014903833250121,0.00011014903833250121,0.00011014903833250121,0.00011014903833250121,0.0005323527762381414,0.0005323527762381414,0.0005323527762381414,0.9769272286831827,0.07638651585637264,0.10840841038296377,0.44256172839506175,0.00013676667714440828,5801.064875000622,5801.064875000622,12.129215799970552,11629.523285388947,,fixed_iterations,,0.13154120214451884,0.13154120214451884,0.3557905523038947,0.3557905523038947,0.14825730788863842,0.14825730788863842,0.3413381663461308,0.3413381663461308,482,0.0048574224661674615,0.0048574224661674615,0.0011218670469358698,0.07471110838463184,0.0011218670469358698,0.7266666716541288,0.004720655789023053,0.07254756810700087,0.27293435233499225,0.10156312192949869,0.27962162928263695,T015_035_015_035,7
483,24.238636523549413,525,175,False,projected_continuous_optimization_loss,483,700,3.078788469895831e-05,0.9799067223401923,5.858242920635972e-05,5.858242920635972e-05,5.858242920635972e-05,3.83954388506533e-05,3.83954388506533e-05,3.83954388506533e-05,3.83954388506533e-05,3.83954388506533e-05,0.00040373980711412837,0.00040373980711412837,0.00040373980711412837,0.9799067223401923,0.07632094590006455,0.10832168889783496,0.44265432098765434,5.858242920635972e-05,5813.638721600524,5813.638721600524,12.573846599902026,11654.820756673813,,fixed_iterations,,0.14063544626159147,0.14063544626159147,0.352931667025007,0.352931667025007,0.1443651783201905,0.1443651783201905,0.3419744307334033,0.3419744307334033,483,0.004302709147209486,0.004302709147209486,0.0008397034650460722,0.06926011364326827,0.0008397034650460722,0.7368268371522882,0.0042441267180031265,0.08024497024915091,0.271727506042701,0.10171394328180919,0.28314041757862707,T015_035_015_035,7
484,24.399482191279283,525,175,False,projected_continuous_optimization_loss,484,700,3.0466758314113308e-05,0.9828778775379899,0.00010469015161772212,0.00010469015161772212,0.00010469015161772212,9.003179773751846e-05,9.003179773751846e-05,9.003179773751846e-05,9.003179773751846e-05,9.003179773751846e-05,0.00029316707760407317,0.00029316707760407317,0.00029316707760407317,0.9828778775379899,0.07616409572332189,0.10806685695132254,0.44175925925925924,0.00010469015161772212,5825.858185600606,5825.858185600606,12.219464000081643,11679.23120212555,,fixed_iterations,,0.13943712919143703,0.13943712919143703,0.35617980052313375,0.35617980052313375,0.13737120576425274,0.13737120576425274,0.3498897420591663,0.3498897420591663,484,0.004360552267599787,0.004360552267599787,0.001218837695683858,0.06283429143831858,0.001218837695683858,0.7493323087465826,0.004255862115982065,0.08150687399048633,0.27417071030522355,0.09486515877732284,0.2987895656735499,T015_035_015_035,7
485,24.561395218091096,525,175,False,projected_continuous_optimization_loss,485,700,3.3482943389069685e-05,0.981329016945262,0.00014052448288707082,0.00014052448288707082,0.00014052448288707082,0.00012309420247555512,0.00012309420247555512,0.00012309420247555512,0.00012309420247555512,0.00012309420247555512,0.00034860560823031435,0.00034860560823031435,0.00034860560823031435,0.981329016945262,0.07602673187658515,0.10785312256167218,0.4413888888888889,0.00014052448288707082,5837.976064400631,5837.976064400631,12.11787880002521,11703.469760656357,,fixed_iterations,,0.134012506144589,0.134012506144589,0.35915820707588364,0.35915820707588364,0.14090359046209291,0.14090359046209291,0.34725471326269636,0.34725471326269636,485,0.004655334083423996,0.004655334083423996,0.0011778929263263752,0.06954882314195242,0.0011778929263263752,0.7362788913606791,0.004514809600536925,0.07624247653353824,0.27664097173513574,0.09674667003748534,0.28664877305451986,T015_035_015_035,7
486,24.724382686894995,525,175,False,projected_continuous_optimization_loss,486,700,2.6002255600311796e-05,0.9787768720882449,9.325958945431105e-05,9.325958945431105e-05,9.325958945431105e-05,7.073853153637543e-05,7.073853153637543e-05,7.073853153637543e-05,7.073853153637543e-05,7.073853153637543e-05,0.0004504211583587123,0.0004504211583587123,0.0004504211583587123,0.9787768720882449,0.0759678947468997,0.10778424842687293,0.44092592592592594,9.325958945431105e-05,5850.008529200684,5850.008529200684,12.032464800053276,11727.62635564804,,fixed_iterations,,0.13373719246752544,0.13373719246752544,0.35213217141132874,0.35213217141132874,0.149674137020229,0.149674137020229,0.34323337118916186,0.34323337118916186,486,0.0044797216498820985,0.0044797216498820985,0.0008975209567434075,0.07164401386277382,0.0008975209567434075,0.7323360056661079,0.004386462060427788,0.07591312672187471,0.2736278288772103,0.10520615444282665,0.2775888956241962,T015_035_015_035,7
487,24.888451727602746,525,175,False,projected_continuous_optimization_loss,487,700,3.1296570406978256e-05,0.9815385877962393,6.506980690295145e-05,6.506980690295145e-05,6.506980690295145e-05,4.8028619875092935e-05,4.8028619875092935e-05,4.8028619875092935e-05,4.8028619875092935e-05,4.8028619875092935e-05,0.00034082374055717014,0.00034082374055717014,0.00034082374055717014,0.9815385877962393,0.07589157650389737,0.10767514332124611,0.4405246913580247,6.506980690295145e-05,5862.033722200664,5862.033722200664,12.025192999979481,11751.768103837967,,fixed_iterations,,0.13662551304521078,0.13662551304521078,0.3518154842972722,0.3518154842972722,0.14755952326302516,0.14755952326302516,0.345538067190731,0.345538067190731,487,0.004074919974164209,0.004074919974164209,0.0007841528307504226,0.06581534286827573,0.0007841528307504226,0.7434549886115972,0.0040098501672612575,0.07996386302961456,0.2762168379579035,0.1058582746147305,0.2814160130093486,T015_035_015_035,7
488,25.053609517439625,525,175,False,projected_continuous_optimization_loss,488,700,2.382012481195616e-05,0.9860279576376293,0.00010181340744349353,0.00010181340744349353,0.00010181340744349353,9.20525090546996e-05,9.20525090546996e-05,9.20525090546996e-05,9.20525090546996e-05,9.20525090546996e-05,0.0001952179677758785,0.0001952179677758785,0.0001952179677758785,0.9860279576376293,0.07578352744898417,0.1074997346010553,0.43984567901234567,0.00010181340744349353,5874.049215000705,5874.049215000705,12.015492800041102,11775.877562999725,,fixed_iterations,,0.13892513344878551,0.13892513344878551,0.3591082918007851,0.3591082918007851,0.13952874396481277,0.13952874396481277,0.348465788423246,0.348465788423246,488,0.004295243380100809,0.004295243380100809,0.0011259231480169993,0.06338640464167619,0.0011259231480169993,0.7482334322399494,0.004193429972657315,0.08063501440282934,0.2783691291882669,0.09594998412423895,0.29327930452461415,T015_035_015_035,7
489,25.219863281258423,525,175,False,projected_continuous_optimization_loss,489,700,2.7672884944175944e-05,0.9871574884199277,7.291204677374804e-05,7.291204677374804e-05,7.291204677374804e-05,6.466554158953345e-05,6.466554158953345e-05,6.466554158953345e-05,6.466554158953345e-05,6.466554158953345e-05,0.00016493010368429174,0.00016493010368429174,0.00016493010368429174,0.9871574884199277,0.07572050545182606,0.10741021033864141,0.4390432098765432,7.291204677374804e-05,5886.106584100751,5886.106584100751,12.057369100046344,11800.05120420456,,fixed_iterations,,0.14061253670000204,0.14061253670000204,0.3566352322594687,0.3566352322594687,0.14050399877190048,0.14050399877190048,0.3494057206885564,0.3494057206885564,489,0.004188245989370299,0.004188245989370299,0.001039561161706581,0.06297369655327437,0.001039561161706581,0.7490543952302126,0.004115333942596552,0.08109084872699424,0.273715421201814,0.09955039550881183,0.29469772979259246,T015_035_015_035,7
490,25.387220291855485,525,175,False,projected_continuous_optimization_loss,490,700,2.4766975713997384e-05,0.9852215267233949,4.260619157100583e-05,4.260619157100583e-05,4.260619157100583e-05,3.168602795163913e-05,3.168602795163913e-05,3.168602795163913e-05,3.168602795163913e-05,3.168602795163913e-05,0.00021840327238733395,0.00021840327238733395,0.00021840327238733395,0.9852215267233949,0.0756643813190238,0.10733685283883407,0.4388888888888889,4.260619157100583e-05,5898.189542400767,5898.189542400767,12.082958300015889,11824.260708808899,,fixed_iterations,,0.13925942909779998,0.13925942909779998,0.35179232258207044,0.35179232258207044,0.147993996993603,0.147993996993603,0.3461757780499214,0.3461757780499214,490,0.003997517310998817,0.003997517310998817,0.0006988326139185571,0.06597369394160518,0.0006988326139185571,0.7431465516260193,0.003954911119427811,0.08033411567001093,0.27194311176753255,0.10998887894705285,0.28088044524142297,T015_035_015_035,7
491,25.555687870288843,525,175,False,projected_continuous_optimization_loss,491,700,2.3238858339857513e-05,0.9847016317171354,7.527593627193371e-05,7.527593627193371e-05,7.527593627193371e-05,6.357393266602587e-05,6.357393266602587e-05,6.357393266602587e-05,6.357393266602587e-05,6.357393266602587e-05,0.00023404007211815672,0.00023404007211815672,0.00023404007211815672,0.9847016317171354,0.0755571953116274,0.10716543262121746,0.43839506172839504,7.527593627193371e-05,5910.182319900719,5910.182319900719,11.992777499952354,11848.362107515335,,fixed_iterations,,0.13567623388466632,0.13567623388466632,0.3546350600331462,0.3546350600331462,0.14878749572646902,0.14878749572646902,0.34560284207285386,0.34560284207285386,491,0.004309366428535102,0.004309366428535102,0.0008105668557393457,0.06997599145591513,0.0008105668557393457,0.7354702446681751,0.004234090492263168,0.07697922764621763,0.27534438072685546,0.10797845656432856,0.27516817973077345,T015_035_015_035,7
492,25.725273386198506,525,175,False,projected_continuous_optimization_loss,492,700,2.470831990371629e-05,0.9869259129040313,8.371632190086962e-05,8.371632190086962e-05,8.371632190086962e-05,7.516973423122086e-05,7.516973423122086e-05,7.516973423122086e-05,7.516973423122086e-05,7.516973423122086e-05,0.000170931753392975,0.000170931753392975,0.000170931753392975,0.9869259129040313,0.07546579326108853,0.10701504616127204,0.43790123456790125,8.371632190086962e-05,5922.18351770076,5922.18351770076,12.001197800040245,11872.491740465164,,fixed_iterations,,0.1365130603065538,0.1365130603065538,0.3560097177223726,0.3560097177223726,0.14363426937985305,0.14363426937985305,0.3507688654952518,0.3507688654952518,492,0.004265290801927825,0.004265290801927825,0.0010558706154089332,0.06418840373037783,0.0010558706154089332,0.7466456952598243,0.004181574480026955,0.07830974128495878,0.2723057757457232,0.10284055252277322,0.2931896257063691,T015_035_015_035,7
493,25.895984258128795,525,175,False,projected_continuous_optimization_loss,493,700,2.2552472429533285e-05,0.9876856600658893,4.573421165233919e-05,4.573421165233919e-05,4.573421165233919e-05,3.815206325169781e-05,3.815206325169781e-05,3.815206325169781e-05,3.815206325169781e-05,3.815206325169781e-05,0.00015164296801282767,0.00015164296801282767,0.00015164296801282767,0.9876856600658893,0.07543136459716022,0.1069665993365501,0.43743827160493826,4.573421165233919e-05,5934.144086000742,5934.144086000742,11.960568299982697,11896.55692911148,,fixed_iterations,,0.14207898605532102,0.14207898605532102,0.3540725076662172,0.3540725076662172,0.142579845020921,0.142579845020921,0.3489543213234303,0.3489543213234303,493,0.004101027473237827,0.004101027473237827,0.0008810641883333907,0.06439926569808872,0.0008810641883333907,0.7462298959725776,0.004055293261585487,0.08062915472104155,0.27374707174163604,0.10328994571964327,0.28856372379025685,T015_035_015_035,7
494,26.067827953852937,525,175,False,projected_continuous_optimization_loss,494,700,2.1290118604147887e-05,0.9864242502119444,3.1506078008785134e-05,3.1506078008785134e-05,3.1506078008785134e-05,2.2291028893390634e-05,2.2291028893390634e-05,2.2291028893390634e-05,2.2291028893390634e-05,2.2291028893390634e-05,0.00018430098230788993,0.00018430098230788993,0.00018430098230788993,0.9864242502119444,0.0753824025416963,0.10689507340915579,0.43743827160493826,3.1506078008785134e-05,5946.110132500762,5946.110132500762,11.96604650001973,11920.542683839798,,fixed_iterations,,0.14361855724868702,0.14361855724868702,0.353040081919319,0.353040081919319,0.14545561478138772,0.14545561478138772,0.3443099962625507,0.3443099962625507,494,0.003856367016507218,0.003856367016507218,0.0006437869274210313,0.06425160178172373,0.0006437869274210313,0.7465210032730054,0.003824860938498433,0.08198643627086218,0.2749430301462751,0.1097599084049561,0.2798316284509121,T015_035_015_035,7
495,26.24081199069969,525,175,False,projected_continuous_optimization_loss,495,700,2.3710462594831156e-05,0.9858871752981911,5.030103181608442e-05,5.030103181608442e-05,5.030103181608442e-05,4.034244076288495e-05,4.034244076288495e-05,4.034244076288495e-05,4.034244076288495e-05,4.034244076288495e-05,0.0001991718210639894,0.0001991718210639894,0.0001991718210639894,0.9858871752981911,0.07528029555670862,0.10672891944180034,0.4368827160493827,5.030103181608442e-05,5958.147996200714,5958.147996200714,12.03786369995214,11944.650690078735,,fixed_iterations,,0.1385691812651288,0.1385691812651288,0.3526917133863804,0.3526917133863804,0.14643886771087575,0.14643886771087575,0.3481874129358062,0.3481874129358062,495,0.004112362502719049,0.004112362502719049,0.0007819448222643246,0.06660835360909448,0.0007819448222643246,0.7419140577073319,0.004062061470902965,0.0787883090135656,0.2716226851680086,0.10907947198774252,0.2824235915380151,T015_035_015_035,7
496,26.41494393588223,525,175,False,projected_continuous_optimization_loss,496,700,1.871630267582354e-05,0.9860938613457434,7.13270462592089e-05,7.13270462592089e-05,7.13270462592089e-05,6.165801164563826e-05,6.165801164563826e-05,6.165801164563826e-05,6.165801164563826e-05,6.165801164563826e-05,0.0001933806922714128,0.0001933806922714128,0.0001933806922714128,0.9860938613457434,0.07519465258147455,0.1065900641862716,0.43635802469135804,7.13270462592089e-05,5970.136558800819,5970.136558800819,11.98856260010507,11968.676308870316,,fixed_iterations,,0.13627395865733946,0.13627395865733946,0.3538231213183226,0.3538231213183226,0.1458921248189298,0.1458921248189298,0.35010465655115147,0.35010465655115147,496,0.004201418241823419,0.004201418241823419,0.0008927348226731237,0.06617366838300591,0.0008927348226731237,0.7427575688518593,0.0041300911955642105,0.07762242897088918,0.27128403320225997,0.10769015348085484,0.28616095319785523,T015_035_015_035,7
497,26.590231406829126,525,175,False,projected_continuous_optimization_loss,497,700,2.345406790745192e-05,0.9867458267113932,3.9846529113334355e-05,3.9846529113334355e-05,3.9846529113334355e-05,3.106287363511362e-05,3.106287363511362e-05,3.106287363511362e-05,3.106287363511362e-05,3.106287363511362e-05,0.00017567310956441467,0.00017567310956441467,0.00017567310956441467,0.9867458267113932,0.07517081983900403,0.10656186746284986,0.43617283950617286,3.9846529113334355e-05,5982.157666200772,5982.157666200772,12.021107399952598,11992.626222133636,,fixed_iterations,,0.14093677975867341,0.14093677975867341,0.3535105883730204,0.3535105883730204,0.14607281102489547,0.14607281102489547,0.346225647554804,0.346225647554804,497,0.004059473362988376,0.004059473362988376,0.0007081789191853048,0.06702588887606142,0.0007081789191853048,0.7411064139920392,0.004019626833875042,0.08018096135384006,0.2693083134008732,0.10996134798101198,0.28165579125631396,T015_035_015_035,7
498,26.76668207151762,525,175,False,projected_continuous_optimization_loss,498,700,1.8174213712732938e-05,0.9882684046602299,1.8331191692746062e-05,1.8331191692746062e-05,1.8331191692746062e-05,1.1449675231940304e-05,1.1449675231940304e-05,1.1449675231940304e-05,1.1449675231940304e-05,1.1449675231940304e-05,0.00013763032921611517,0.00013763032921611517,0.00013763032921611517,0.9882684046602299,0.07514397303497483,0.10652566483370395,0.4360185185185185,1.8331191692746062e-05,5994.203716600779,5994.203716600779,12.046050400007516,12016.828547477722,,fixed_iterations,,0.14499808221469412,0.14499808221469412,0.35082322477732725,0.35082322477732725,0.14533543378210928,0.14533543378210928,0.3471116638860993,0.3471116638860993,498,0.003996078060309989,0.003996078060309989,0.0006711392066600866,0.06649877707299803,0.0006711392066600866,0.742126432000102,0.003977746868617243,0.08233108580033822,0.26957511048925664,0.1075167898355909,0.2827034458749162,T015_035_015_035,7
499,26.944303648809043,525,175,False,projected_continuous_optimization_loss,499,700,2.2086683760358715e-05,0.98926937560158,3.5659787945407284e-05,3.5659787945407284e-05,3.5659787945407284e-05,2.990247294640897e-05,2.990247294640897e-05,2.990247294640897e-05,2.990247294640897e-05,2.990247294640897e-05,0.00011514629997996628,0.00011514629997996628,0.00011514629997996628,0.98926937560158,0.07506319545333871,0.10639486305925712,0.4355246913580247,3.5659787945407284e-05,6006.25397840084,6006.25397840084,12.05026180006098,12040.958671569824,,fixed_iterations,,0.14217743906044814,0.14217743906044814,0.3535383592376347,0.3535383592376347,0.14433788911936188,0.14433788911936188,0.34921568818413534,0.34921568818413534,499,0.004107104971547419,0.004107104971547419,0.0007707947153596346,0.06672620512375568,0.0007707947153596346,0.7416858402569544,0.004071445183602012,0.0808848467354167,0.2681454210408825,0.10694830820915589,0.2857072642714993,T015_035_015_035,7
500,27.12310390878647,525,175,False,projected_continuous_optimization_loss,500,700,1.8272677000655806e-05,0.9891732107333494,4.735372597448458e-05,4.735372597448458e-05,4.735372597448458e-05,4.149275768326144e-05,4.149275768326144e-05,4.149275768326144e-05,4.149275768326144e-05,4.149275768326144e-05,0.0001172193658244629,0.0001172193658244629,0.0001172193658244629,0.9891732107333494,0.0749960449689698,0.10629106783490193,0.43512345679012343,4.735372597448458e-05,6018.239062900888,6018.239062900888,11.985084500047378,12065.056330919266,,fixed_iterations,,0.13930702638743328,0.13930702638743328,0.35440759553247037,0.35440759553247037,0.14630397150716734,0.14630397150716734,0.34915461730627834,0.34915461730627834,500,0.004147623214666805,0.004147623214666805,0.0007293417928423973,0.06836562843648814,0.0007293417928423973,0.7385317831236687,0.00410026948869232,0.07963747953934674,0.26848634032271207,0.10914676286220794,0.28126120039940206,T015_035_015_035,7
501,27.303090673094644,525,175,False,projected_continuous_optimization_loss,501,700,1.98343971548968e-05,0.9894706376081235,2.4668857750378478e-05,2.4668857750378478e-05,2.4668857750378478e-05,1.9125484131405416e-05,1.9125484131405416e-05,1.9125484131405416e-05,1.9125484131405416e-05,1.9125484131405416e-05,0.00011086747237946125,0.00011086747237946125,0.00011086747237946125,0.9894706376081235,0.07497359555859408,0.10626408033106502,0.43503086419753084,2.4668857750378478e-05,6030.265947400825,6030.265947400825,12.026884499937296,12089.205040931702,,fixed_iterations,,0.1413235576955305,0.1413235576955305,0.3507116680658958,0.3507116680658958,0.1488894323193146,0.1488894323193146,0.34854597952738264,0.34854597952738264,501,0.004209075512587793,0.004209075512587793,0.0006752986815358676,0.0706755366210385,0.0006752986815358676,0.7341512899767269,0.004184406654837414,0.07930790675133567,0.26601981960384885,0.11131058849199577,0.2775129751295464,T015_035_015_035,7
502,27.48427181528209,525,175,False,projected_continuous_optimization_loss,502,700,1.9424554022908146e-05,0.9907684075786282,1.6898750547906133e-05,1.6898750547906133e-05,1.6898750547906133e-05,1.2637635616189738e-05,1.2637635616189738e-05,1.2637635616189738e-05,1.2637635616189738e-05,1.2637635616189738e-05,8.522229863432788e-05,8.522229863432788e-05,8.522229863432788e-05,0.9907684075786282,0.07493554021451605,0.10620659848428465,0.43459876543209874,1.6898750547906133e-05,6042.320503500756,6042.320503500756,12.054556099930778,12113.319603443146,,fixed_iterations,,0.14413676568487022,0.14413676568487022,0.35190680076038017,0.35190680076038017,0.14707115824161093,0.14707115824161093,0.3476536828917669,0.3476536828917669,502,0.004053491393749742,0.004053491393749742,0.0006762702659228594,0.06754442255653766,0.0006762702659228594,0.7401069016758283,0.004036592643201836,0.08094282029736372,0.26657571507736133,0.11073803976424158,0.2818503265368616,T015_035_015_035,7
503,27.666655261145603,525,175,False,projected_continuous_optimization_loss,503,700,1.7880721260133834e-05,0.9920989065578462,2.7590263971638627e-05,2.7590263971638627e-05,2.7590263971638627e-05,2.4468900092556393e-05,2.4468900092556393e-05,2.4468900092556393e-05,2.4468900092556393e-05,2.4468900092556393e-05,6.242727758164464e-05,6.242727758164464e-05,6.242727758164464e-05,0.9920989065578462,0.07487233469593549,0.1061020571673016,0.4344753086419753,2.7590263971638627e-05,6054.326145200757,6054.326145200757,12.005641700001433,12137.444391489029,,fixed_iterations,,0.14412697208684708,0.14412697208684708,0.3539840357549507,0.3539840357549507,0.14413170734416075,0.14413170734416075,0.3498561913718878,0.3498561913718878,503,0.004015020406628377,0.004015020406628377,0.0007237296426403214,0.06582581527976111,0.0007237296426403214,0.7434345789476667,0.003987430142656738,0.0821796271109044,0.2680953963482705,0.10728235038724773,0.285877205101244,T015_035_015_035,7
504,27.85024898907694,525,175,False,projected_continuous_optimization_loss,504,700,1.933893805147726e-05,0.9919041610828015,2.2041781667755887e-05,2.2041781667755887e-05,2.2041781667755887e-05,1.8764651279094547e-05,1.8764651279094547e-05,1.8764651279094547e-05,1.8764651279094547e-05,1.8764651279094547e-05,6.554260777322677e-05,6.554260777322677e-05,6.554260777322677e-05,0.9919041610828015,0.07482529366356003,0.1060294712932449,0.4341358024691358,2.2041781667755887e-05,6066.324787100777,6066.324787100777,11.99864190001972,12161.537900209427,,fixed_iterations,,0.14331432530105132,0.14331432530105132,0.3521325309667914,0.3521325309667914,0.1459460230078488,0.1459460230078488,0.35051128180710994,0.35051128180710994,504,0.004032200116031834,0.004032200116031834,0.0007010643907008333,0.06662271450662001,0.0007010643907008333,0.7418862372777848,0.004010158334364078,0.08148383635058362,0.2660997082728231,0.10990207135854062,0.28440062129583743,T015_035_015_035,7
505,28.035061030411818,525,175,False,projected_continuous_optimization_loss,505,700,1.7391673516754033e-05,0.9908527902955797,1.6853217782455887e-05,1.6853217782455887e-05,1.6853217782455887e-05,1.2669645513623852e-05,1.2669645513623852e-05,1.2669645513623852e-05,1.2669645513623852e-05,1.2669645513623852e-05,8.367144537664071e-05,8.367144537664071e-05,8.367144537664071e-05,0.9908527902955797,0.07478757817228195,0.1059733271226303,0.4338888888888889,1.6853217782455887e-05,6078.348067300743,6078.348067300743,12.023280199966393,12185.521874189377,,fixed_iterations,,0.14312650747362307,0.14312650747362307,0.3511240245452323,0.3511240245452323,0.14942617290468949,0.14942617290468949,0.34717608537203487,0.34717608537203487,505,0.004061319827716747,0.004061319827716747,0.0006342062490966079,0.06854227157240278,0.0006342062490966079,0.7381942102007621,0.004044466609934291,0.08042535650763316,0.265977705975621,0.11345474901841295,0.27833639869909493,T015_035_015_035,7
506,28.221099469781258,525,175,False,projected_continuous_optimization_loss,506,700,1.8856278045079226e-05,0.9914994800585385,1.6534791178942322e-05,1.6534791178942322e-05,1.6534791178942322e-05,1.2921849215182992e-05,1.2921849215182992e-05,1.2921849215182992e-05,1.2921849215182992e-05,1.2921849215182992e-05,7.225883927518658e-05,7.225883927518658e-05,7.225883927518658e-05,0.9914994800585385,0.07473588984990413,0.10588900357002533,0.43358024691358027,1.6534791178942322e-05,6090.4370922007365,6090.4370922007365,12.089024899993092,12209.686968564987,,fixed_iterations,,0.1432531715207765,0.1432531715207765,0.3511741043278144,0.3511741043278144,0.14820689453877436,0.14820689453877436,0.3488653096711731,0.3488653096711731,506,0.00400032134012373,0.00400032134012373,0.0006476617781795166,0.06705319123888426,0.0006476617781795166,0.7410536904320042,0.003983786548944788,0.08116718463269255,0.26661827660720333,0.11223096116620455,0.28103726802590384,T015_035_015_035,7
507,28.408372445465254,525,175,False,projected_continuous_optimization_loss,507,700,1.7031877128720343e-05,0.9926803398819416,1.9406386021221197e-05,1.9406386021221197e-05,1.9406386021221197e-05,1.6727514809026542e-05,1.6727514809026542e-05,1.6727514809026542e-05,1.6727514809026542e-05,1.6727514809026542e-05,5.3577424243893114e-05,5.3577424243893114e-05,5.3577424243893114e-05,0.9926803398819416,0.07468603450865056,0.10580680667009598,0.4333641975308642,1.9406386021221197e-05,6102.426665400737,6102.426665400737,11.98957320000045,12233.806014060974,,fixed_iterations,,0.14444506649120492,0.14444506649120492,0.35229452208867323,0.35229452208867323,0.14535532832371378,0.14535532832371378,0.35058542297834977,0.35058542297834977,507,0.0037994392342556825,0.0037994392342556825,0.0006863097201527335,0.06226259028205898,0.0006863097201527335,0.7504752712013116,0.0037800328482344614,0.08337788602105321,0.2688939660672321,0.11006485001798727,0.2881385690950391,T015_035_015_035,7
508,28.596888149748793,525,175,False,projected_continuous_optimization_loss,508,700,1.7890240428707372e-05,0.9927208494185888,1.1710329141648091e-05,1.1710329141648091e-05,1.1710329141648091e-05,9.061027482305174e-06,9.061027482305174e-06,9.061027482305174e-06,9.061027482305174e-06,9.061027482305174e-06,5.2986033186858335e-05,5.2986033186858335e-05,5.2986033186858335e-05,0.9927208494185888,0.07465566863194445,0.10576181304225131,0.4330246913580247,1.1710329141648091e-05,6114.43055780069,6114.43055780069,12.003892399952747,12257.930268764496,,fixed_iterations,,0.14612843047813634,0.14612843047813634,0.3519643007478692,0.3519643007478692,0.14629082530756268,0.14629082530756268,0.3483372928850205,0.3483372928850205,508,0.0038693184385018595,0.0038693184385018595,0.0006427821111561393,0.0645307265469144,0.0006427821111561393,0.7459710123885183,0.003857608109360211,0.08305954210069394,0.2669290391505183,0.11113205218806972,0.28485037894923626,T015_035_015_035,7
509,28.786654829280202,525,175,False,projected_continuous_optimization_loss,509,700,1.730792628888754e-05,0.9925473699472271,7.46051436718456e-06,7.46051436718456e-06,7.46051436718456e-06,4.6834296320099025e-06,4.6834296320099025e-06,4.6834296320099025e-06,4.6834296320099025e-06,4.6834296320099025e-06,5.554169470349316e-05,5.554169470349316e-05,5.554169470349316e-05,0.9925473699472271,0.07461808912738427,0.10570399722867174,0.4326851851851852,7.46051436718456e-06,6126.453391700634,6126.453391700634,12.02283389994409,12282.03656411171,,fixed_iterations,,0.14549443622552488,0.14549443622552488,0.34967012453582874,0.34967012453582874,0.14867103739981055,0.14867103739981055,0.348711771786063,0.348711771786063,509,0.0037478266996438542,0.0037478266996438542,0.0006014672184350132,0.06292718962417682,0.0006014672184350132,0.7491470757113309,0.0037403661852766696,0.08343508238912765,0.2693975844513658,0.11264156534774325,0.2836728435230941,T015_035_015_035,7
510,28.97768078543192,525,175,False,projected_continuous_optimization_loss,510,700,1.71517160218123e-05,0.9929351500410304,1.4214968925177923e-05,1.4214968925177923e-05,1.4214968925177923e-05,1.1719363678040278e-05,1.1719363678040278e-05,1.1719363678040278e-05,1.1719363678040278e-05,1.1719363678040278e-05,4.99121049427529e-05,4.99121049427529e-05,4.99121049427529e-05,0.9929351500410304,0.0745608029107354,0.10561051859104709,0.43253086419753084,1.4214968925177923e-05,6138.486334900605,6138.486334900605,12.03294319997076,12306.130697250366,,fixed_iterations,,0.14368616966307654,0.14368616966307654,0.351390893581965,0.351390893581965,0.14846982346192855,0.14846982346192855,0.3493882633340603,0.3493882633340603,510,0.003825075896379919,0.003825075896379919,0.0006355464490527114,0.06379058894654414,0.0006355464490527114,0.7474320112394602,0.003810860927454741,0.08217870131875576,0.2694641346374729,0.11269682712406724,0.28309234815916434,T015_035_015_035,7
511,29.169974374663617,525,175,False,projected_continuous_optimization_loss,511,700,1.707403097276275e-05,0.9939652398860183,1.2121759186346355e-05,1.2121759186346355e-05,1.2121759186346355e-05,1.0300842704681042e-05,1.0300842704681042e-05,1.0300842704681042e-05,1.0300842704681042e-05,1.0300842704681042e-05,3.6418329633306256e-05,3.6418329633306256e-05,3.6418329633306256e-05,0.9939652398860183,0.07452415082149118,0.10555355125437021,0.4323148148148148,1.2121759186346355e-05,6150.432824600604,6150.432824600604,11.946489699999802,12330.152679920197,,fixed_iterations,,0.14489875198908275,0.14489875198908275,0.3519924360807546,0.3519924360807546,0.1473728867575094,0.1473728867575094,0.3497011650586715,0.3497011650586715,511,0.0036107062959720463,0.0036107062959720463,0.000646614330241782,0.05928183931460528,0.000646614330241782,0.7565213781158491,0.0035985845367857,0.084110689106039,0.27274388814476563,0.11142690540946658,0.288239895455578,T015_035_015_035,7
512,29.36354400888778,525,175,False,projected_continuous_optimization_loss,512,700,1.656315570745769e-05,0.9948714336005517,3.7277673348134934e-06,3.7277673348134934e-06,3.7277673348134934e-06,2.4126576691360126e-06,2.4126576691360126e-06,2.4126576691360126e-06,2.4126576691360126e-06,2.4126576691360126e-06,2.630219331354962e-05,2.630219331354962e-05,2.630219331354962e-05,0.9948714336005517,0.07450672438584181,0.10553052437853828,0.43234567901234566,3.7277673348134934e-06,6162.4185731005855,6162.4185731005855,11.985748499981128,12354.226472377777,,fixed_iterations,,0.14777313323854316,0.14777313323854316,0.34997364352301,0.34997364352301,0.14761729631763484,0.14761729631763484,0.34950736052136366,0.34950736052136366,512,0.0035218927380419964,0.0035218927380419964,0.0005832346462796781,0.05877316183524637,0.0005832346462796781,0.7575682326194721,0.003518164970707183,0.08549448529858159,0.2716475070187348,0.11282506252878172,0.287601177773374,T015_035_015_035,7
513,29.55839815583768,525,175,False,projected_continuous_optimization_loss,513,700,1.693764804295898e-05,0.9952478821567362,4.292526163564831e-06,4.292526163564831e-06,4.292526163564831e-06,3.163394963751525e-06,3.163394963751525e-06,3.163394963751525e-06,3.163394963751525e-06,3.163394963751525e-06,2.2582623996266118e-05,2.2582623996266118e-05,2.2582623996266118e-05,0.9952478821567362,0.0744651637652576,0.10546557205320195,0.4321604938271605,4.292526163564831e-06,6174.434412900591,6174.434412900591,12.015839800005779,12378.311201572418,,fixed_iterations,,0.14739130625394242,0.14739130625394242,0.35106741657877477,0.35106741657877477,0.14811668637700753,0.14811668637700753,0.34867247294701154,0.34867247294701154,513,0.0034558380809980326,0.0034558380809980326,0.0005669667105905386,0.057777427408149874,0.0005669667105905386,0.7596306437830526,0.0034515455548344677,0.08601062418657099,0.272368539015499,0.11334092421380094,0.28791055636718144,T015_035_015_035,7
514,29.7545453394378,525,175,False,projected_continuous_optimization_loss,514,700,1.6256872172378886e-05,0.9956674454295672,8.238439168610938e-06,8.238439168610938e-06,8.238439168610938e-06,7.299887713322031e-06,7.299887713322031e-06,7.299887713322031e-06,7.299887713322031e-06,7.299887713322031e-06,1.877102910577815e-05,1.877102910577815e-05,1.877102910577815e-05,0.9956674454295672,0.07441296664443503,0.1053797693198782,0.4318518518518519,8.238439168610938e-06,6186.433432400692,6186.433432400692,11.999019500100985,12402.41090297699,,fixed_iterations,,0.14534345353218137,0.14534345353218137,0.35121251653746816,0.35121251653746816,0.14846740649272344,0.14846740649272344,0.35064406886719424,0.35064406886719424,514,0.0035858103185694404,0.0035858103185694404,0.0006624016266755018,0.058468173837878765,0.0006624016266755018,0.7581980689947271,0.0035775718794008294,0.08450349021701715,0.27026761392615517,0.11268241257606398,0.2907445522754908,T015_035_015_035,7
515,29.95199414017668,525,175,False,projected_continuous_optimization_loss,515,700,1.653433283849963e-05,0.9960163123005124,4.867453694916286e-06,4.867453694916286e-06,4.867453694916286e-06,4.073965310563782e-06,4.073965310563782e-06,4.073965310563782e-06,4.073965310563782e-06,4.073965310563782e-06,1.5869767687050075e-05,1.5869767687050075e-05,1.5869767687050075e-05,0.9960163123005124,0.07438233117921383,0.10533312753865451,0.431820987654321,4.867453694916286e-06,6198.434494900634,6198.434494900634,12.001062499941327,12426.446916103363,,fixed_iterations,,0.1462437294220062,0.1462437294220062,0.3507958683605054,0.3507958683605054,0.14920741037739477,0.14920741037739477,0.3497693041406059,0.3497693041406059,515,0.003520811251849892,0.003520811251849892,0.0006644645899510039,0.05712693323797776,0.0006644645899510039,0.7609875876905601,0.003515943798154976,0.08500785108237127,0.27070634540744526,0.11304747329868707,0.2922259179020564,T015_035_015_035,7
516,30.150753195482334,525,175,False,projected_continuous_optimization_loss,516,700,1.595356070112478e-05,0.9966448426727275,1.4103175789726379e-06,1.4103175789726379e-06,1.4103175789726379e-06,8.474635444351072e-07,8.474635444351072e-07,8.474635444351072e-07,8.474635444351072e-07,8.474635444351072e-07,1.1257080690750613e-05,1.1257080690750613e-05,1.1257080690750613e-05,0.9966448426727275,0.07435741011900401,0.10529589692592363,0.4317283950617284,1.4103175789726379e-06,6210.468050000607,6210.468050000607,12.033555099973455,12450.559274435043,,fixed_iterations,,0.14853896293534652,0.14853896293534652,0.35028997925510025,0.35028997925510025,0.14894562017692733,0.14894562017692733,0.34887028030535333,0.34887028030535333,516,0.0033817117624983925,0.0033817117624983925,0.0005786746611240533,0.05606074202748678,0.0005786746611240533,0.7632285025019125,0.00338030144491942,0.08687715353146488,0.27173003884126384,0.11373266498323069,0.2908886451459532,T015_035_015_035,7
517,30.350831200100046,525,175,False,projected_continuous_optimization_loss,517,700,1.6082879950116227e-05,0.9973219915003386,2.4443597131775336e-06,2.4443597131775336e-06,2.4443597131775336e-06,2.085773236964634e-06,2.085773236964634e-06,2.085773236964634e-06,2.085773236964634e-06,2.085773236964634e-06,7.171729524257986e-06,7.171729524257986e-06,7.171729524257986e-06,0.9973219915003386,0.07431326258446137,0.10522261670806196,0.43160493827160495,2.4443597131775336e-06,6222.393828200642,6222.393828200642,11.925778200034983,12474.487975120544,,fixed_iterations,,0.14844582447122315,0.14844582447122315,0.3504565136554965,0.3504565136554965,0.14789673818904225,0.14789673818904225,0.3505229151845768,0.3505229151845768,517,0.003257397255434253,0.003257397255434253,0.0005936430757089632,0.0532750835945058,0.0005936430757089632,0.7691860411619225,0.0032549528957210756,0.08762360679146967,0.2744588884509796,0.11333375537358542,0.29376979054588764,T015_035_015_035,7
518,30.552236906472746,525,175,False,projected_continuous_optimization_loss,518,700,1.592595968595232e-05,0.9972889028147194,3.2226296606851115e-06,3.2226296606851115e-06,3.2226296606851115e-06,2.8551272632832862e-06,2.8551272632832862e-06,2.8551272632832862e-06,2.8551272632832862e-06,2.8551272632832862e-06,7.350047948036499e-06,7.350047948036499e-06,7.350047948036499e-06,0.9972889028147194,0.07426840737465744,0.10514952187560377,0.4313888888888889,3.2226296606851115e-06,6234.430103400606,6234.430103400606,12.036275199963711,12498.609774112701,,fixed_iterations,,0.14745001795201124,0.14745001795201124,0.35137144646031526,0.35137144646031526,0.14867861506067076,0.14867861506067076,0.3497888233417222,0.3497888233417222,518,0.003389211814951297,0.003389211814951297,0.0006236609337276563,0.05531101762447281,0.0006236609337276563,0.7648170549880948,0.003385989185290612,0.08623696303085848,0.27205512623147277,0.11378251337023872,0.2927424523555248,T015_035_015_035,7
519,30.75497912512389,525,175,False,projected_continuous_optimization_loss,519,700,1.572733183422582e-05,0.9973191537718211,1.3279949312353987e-06,1.3279949312353987e-06,1.3279949312353987e-06,9.686481062783525e-07,9.686481062783525e-07,9.686481062783525e-07,9.686481062783525e-07,9.686481062783525e-07,7.1869364991409235e-06,7.1869364991409235e-06,7.1869364991409235e-06,0.9973191537718211,0.07423891608489841,0.10510308850815768,0.43104938271604937,1.3279949312353987e-06,6246.4765491005965,6246.4765491005965,12.046445699990727,12522.716010570526,,fixed_iterations,,0.14790923004749754,0.14790923004749754,0.3494435959307112,0.3494435959307112,0.15028792347234166,0.15028792347234166,0.34967840432127073,0.34967840432127073,519,0.0032983020725118857,0.0032983020725118857,0.0006065967771166315,0.05383410590790508,0.0006065967771166315,0.767978221048314,0.0032969740775806505,0.08695453701139307,0.27277553398453946,0.114611645117903,0.29363650493447846,T015_035_015_035,7
520,30.959066725042824,525,175,False,projected_continuous_optimization_loss,520,700,1.5808611913808634e-05,0.9978527208097998,5.694195321288724e-07,5.694195321288724e-07,5.694195321288724e-07,3.388791360955091e-07,3.388791360955091e-07,3.388791360955091e-07,3.388791360955091e-07,3.388791360955091e-07,4.6108079206672645e-06,4.6108079206672645e-06,4.6108079206672645e-06,0.9978527208097998,0.07420331761775174,0.10504594489928375,0.4309567901234568,5.694195321288724e-07,6258.486351200496,6258.486351200496,12.009802099899389,12546.850118637085,,fixed_iterations,,0.14886100426190724,0.14886100426190724,0.35006542161645926,0.35006542161645926,0.14959147329907105,0.14959147329907105,0.3493348216323622,0.3493348216323622,520,0.003264901164160698,0.003264901164160698,0.0005867697378232988,0.05356262852674798,0.0005867697378232988,0.768563986106855,0.003264331744628569,0.08731990749587375,0.27313957126041194,0.11487798494246125,0.2932265224081081,T015_035_015_035,7
521,31.164508634072856,525,175,False,projected_continuous_optimization_loss,521,700,1.5266110468367336e-05,0.9985970829759422,1.241101038670422e-06,1.241101038670422e-06,1.241101038670422e-06,1.1426922298508602e-06,1.1426922298508602e-06,1.1426922298508602e-06,1.1426922298508602e-06,1.1426922298508602e-06,1.9681761763912352e-06,1.9681761763912352e-06,1.9681761763912352e-06,0.9985970829759422,0.07416305176098291,0.10497966527370889,0.43083333333333335,1.241101038670422e-06,6270.514524100465,6270.514524100465,12.028172899968922,12570.961980819702,,fixed_iterations,,0.14928068428775282,0.14928068428775282,0.3506949101789841,0.3506949101789841,0.1482970508864379,0.1482970508864379,0.3503244376227673,0.3503244376227673,521,0.003146734634879248,0.003146734634879248,0.0005707701412291848,0.05151928987300126,0.0005707701412291848,0.7730213889526124,0.0031454935338405777,0.0887276982145759,0.27607149776802964,0.11344940980891031,0.2947727831610965,T015_035_015_035,7
522,31.371313839301727,525,175,False,projected_continuous_optimization_loss,522,700,1.5576547414460313e-05,0.9988215329037575,1.9301558036705588e-07,1.9301558036705588e-07,1.9301558036705588e-07,1.2357634552073428e-07,1.2357634552073428e-07,1.2357634552073428e-07,1.2357634552073428e-07,1.2357634552073428e-07,1.388784696926432e-06,1.388784696926432e-06,1.388784696926432e-06,0.9988215329037575,0.07413167502592778,0.10493016537365488,0.4305555555555556,1.9301558036705588e-07,6282.531012400403,6282.531012400403,12.016488299937919,12595.009774923325,,fixed_iterations,,0.1495657945573086,0.1495657945573086,0.34984624349114346,0.34984624349114346,0.14939836663798978,0.14939836663798978,0.3500111282173156,0.3500111282173156,522,0.0031742307593597228,0.0031742307593597228,0.0005776182823648906,0.05193224953989665,0.0005776182823648906,0.7721135161096722,0.0031740377437793556,0.08820955935436048,0.27430473110194836,0.11490777247285335,0.29469145318050993,T015_035_015_035,7
523,31.579491387454798,525,175,False,projected_continuous_optimization_loss,523,700,1.5046553629729334e-05,0.9989476661342619,3.8582706603430966e-07,3.8582706603430966e-07,3.8582706603430966e-07,3.3045673778535574e-07,3.3045673778535574e-07,3.3045673778535574e-07,3.3045673778535574e-07,3.3045673778535574e-07,1.1074065649790783e-06,1.1074065649790783e-06,1.1074065649790783e-06,0.9989476661342619,0.07409826598614913,0.10487776204462415,0.43021604938271607,3.8582706603430966e-07,6294.5810367004015,6294.5810367004015,12.050024299998768,12619.146120548248,,fixed_iterations,,0.14942695921400917,0.14942695921400917,0.34970241305807936,0.34970241305807936,0.15075002076848426,0.15075002076848426,0.3490682730936892,0.3490682730936892,523,0.0031074676593916685,0.0031074676593916685,0.0005874272291779935,0.05040080860427349,0.0005874272291779935,0.775498755895934,0.003107081832325634,0.08839683542237975,0.2754454640231085,0.1154098404999247,0.296246615950521,T015_035_015_035,7
524,31.789050385290743,525,175,False,projected_continuous_optimization_loss,524,700,1.5307287381119686e-05,0.9996963190284147,2.0017667387480087e-07,2.0017667387480087e-07,2.0017667387480087e-07,1.9556556724964836e-07,1.9556556724964836e-07,1.9556556724964836e-07,1.9556556724964836e-07,1.9556556724964836e-07,9.222213250305015e-08,9.222213250305015e-08,9.222213250305015e-08,0.9996963190284147,0.0740591168081597,0.10481307743128682,0.4301543209876543,2.0017667387480087e-07,6306.627092200331,6306.627092200331,12.046055499929935,12643.294446229935,,fixed_iterations,,0.1493543008859531,0.1493543008859531,0.34981231140148544,0.34981231140148544,0.14999295376491525,0.14999295376491525,0.3505367529760608,0.3505367529760608,524,0.002998268306583697,0.002998268306583697,0.0005979365939150134,0.04800663425337367,0.0005979365939150134,0.7808958369784507,0.002998068129909822,0.08916825105415621,0.27672059067603877,0.11593807119683079,0.2990689240514249,T015_035_015_035,7
525,32.0,525,175,False,projected_continuous_optimization_loss,525,700,1.5012000035506742e-05,1.000344597857334,2.4279490924390376e-07,2.4279490924390376e-07,2.4279490924390376e-07,2.3685752507994513e-07,2.3685752507994513e-07,2.3685752507994513e-07,2.3685752507994513e-07,2.3685752507994513e-07,1.1874768327917253e-07,1.1874768327917253e-07,1.1874768327917253e-07,1.000344597857334,0.0740282242193248,0.10476451136254622,0.43003086419753084,2.4279490924390376e-07,6318.624908800353,6318.624908800353,11.997816600021906,12667.316252946854,,fixed_iterations,,0.1505450161253295,0.1505450161253295,0.35058396181886126,0.35058396181886126,0.1494460724779497,0.1494460724779497,0.34976954743519356,0.34976954743519356,525,0.002914252168448271,0.002914252168448271,0.000545737699583595,0.04737028937729352,0.000545737699583595,0.782352832829615,0.002914009373539027,0.09065224630156991,0.2782204519350961,0.11517916447174674,0.29830097012120216,T015_035_015_035,7
526,32.0,525,175,False,projected_continuous_optimization_loss,526,700,1.5048439753108865e-05,1.0007074951762123,2.5849762977503633e-07,2.5849762977503633e-07,2.5849762977503633e-07,2.334701585568705e-07,2.334701585568705e-07,2.334701585568705e-07,2.334701585568705e-07,2.334701585568705e-07,5.00549424363316e-07,5.00549424363316e-07,5.00549424363316e-07,1.0007074951762123,0.07399534363129448,0.10471078695808596,0.4296913580246914,2.5849762977503633e-07,6330.688224200392,6330.688224200392,12.063315400038846,12691.479366064072,,fixed_iterations,,0.15075225289924088,0.15075225289924088,0.3495511239252352,0.3495511239252352,0.15000612912039318,0.15000612912039318,0.3503979892313429,0.3503979892313429,526,0.0028494411228420164,0.0028494411228420164,0.0005445220196347617,0.04609838206414509,0.0005445220196347617,0.7852946622364849,0.0028491826252122414,0.09107219177032151,0.278612677391579,0.11602094162565667,0.2995888514489277,T015_035_015_035,7
527,32.0,525,175,False,projected_continuous_optimization_loss,527,700,1.5057566356033933e-05,1.0006956324529395,2.0328647540922124e-07,2.0328647540922124e-07,2.0328647540922124e-07,1.7909124993010782e-07,1.7909124993010782e-07,1.7909124993010782e-07,1.7909124993010782e-07,1.7909124993010782e-07,4.839045095822684e-07,4.839045095822684e-07,4.839045095822684e-07,1.0006956324529395,0.07394970322071225,0.1046350243643465,0.42950617283950615,2.0328647540922124e-07,6342.72658310039,6342.72658310039,12.038358899997547,12715.588565587997,,fixed_iterations,,0.14959091907208646,0.14959091907208646,0.3507139486545914,0.3507139486545914,0.15046602844982407,0.15046602844982407,0.3499247362764375,0.3499247362764375,527,0.0028824493826673852,0.0028824493826673852,0.0005702243526841024,0.04624450059966566,0.0005702243526841024,0.7849546545501026,0.002882246096191976,0.09015384788359407,0.2787961471089912,0.11626028539317852,0.29974437416433886,T015_035_015_035,7
528,32.0,525,175,False,projected_continuous_optimization_loss,528,700,1.499322711955167e-05,1.000767502876905,2.3107593614958764e-07,2.3107593614958764e-07,2.3107593614958764e-07,2.0162290284671747e-07,2.0162290284671747e-07,2.0162290284671747e-07,2.0162290284671747e-07,2.0162290284671747e-07,5.890606660574033e-07,5.890606660574033e-07,5.890606660574033e-07,1.000767502876905,0.07390830885394176,0.10456431949199589,0.4293518518518519,2.3107593614958764e-07,6354.757647800376,6354.757647800376,12.031064699986018,12739.71885228157,,fixed_iterations,,0.149434494581359,0.149434494581359,0.35017580430649436,0.35017580430649436,0.15036631313372625,0.15036631313372625,0.35079089085532533,0.35079089085532533,528,0.0028682035647239865,0.0028682035647239865,0.0005608495141385033,0.04614708101170966,0.0005608495141385033,0.785181283376635,0.002867972488787837,0.09025657692025427,0.2789623884440081,0.1165138812888794,0.2994484367234931,T015_035_015_035,7
529,32.0,525,175,False,projected_continuous_optimization_loss,529,700,1.5012737706937939e-05,1.0006793186873026,1.4288317487901968e-07,1.4288317487901968e-07,1.4288317487901968e-07,1.1980948093309034e-07,1.1980948093309034e-07,1.1980948093309034e-07,1.1980948093309034e-07,1.1980948093309034e-07,4.614738789185868e-07,4.614738789185868e-07,4.614738789185868e-07,1.0006793186873026,0.07387205789375441,0.10450303890496658,0.4292283950617284,1.4288317487901968e-07,6366.803443600307,6366.803443600307,12.045795799931511,12763.845035791397,,fixed_iterations,,0.15059132412791282,0.15059132412791282,0.350296348843078,0.350296348843078,0.15003616867420996,0.15003616867420996,0.34975547704210197,0.34975547704210197,529,0.002860211334325175,0.002860211334325175,0.0005434278008263563,0.04633567066997637,0.0005434278008263563,0.7847427802140509,0.002860068451150296,0.09093340621039644,0.27875966757156223,0.11586734465196492,0.29918236178012736,T015_035_015_035,7
530,32.0,525,175,False,projected_continuous_optimization_loss,530,700,1.4917294753629903e-05,1.0004716492115509,1.3940157792644244e-07,1.3940157792644244e-07,1.3940157792644244e-07,1.2827892898861547e-07,1.2827892898861547e-07,1.2827892898861547e-07,1.2827892898861547e-07,1.2827892898861547e-07,2.2245297875653924e-07,2.2245297875653924e-07,2.2245297875653924e-07,1.0004716492115509,0.07382771583951792,0.1044257999488786,0.42907407407407405,1.3940157792644244e-07,6378.849450500333,6378.849450500333,12.046006900025532,12788.002418279648,,fixed_iterations,,0.15058141024028526,0.15058141024028526,0.3498624542785272,0.3498624542785272,0.14970252830871064,0.14970252830871064,0.35032525638402773,0.35032525638402773,530,0.0028751385865502174,0.0028751385865502174,0.0005513408663272519,0.04647595440445931,0.0005513408663272519,0.784417175070788,0.002874999184972291,0.09102401684676044,0.2785064216386756,0.11531706190929418,0.29956967467605766,T015_035_015_035,7
531,32.0,525,175,False,projected_continuous_optimization_loss,531,700,1.4904944745830027e-05,0.9999507136123199,7.688564064444536e-08,7.688564064444536e-08,7.688564064444536e-08,7.676418324391719e-08,7.676418324391719e-08,7.676418324391719e-08,7.676418324391719e-08,7.676418324391719e-08,2.4291480105632654e-09,2.4291480105632654e-09,2.4291480105632654e-09,0.9999507136123199,0.07377775890553707,0.10433958001947624,0.4287962962962963,7.688564064444536e-08,6390.966974300332,6390.966974300332,12.117523799999617,12812.238009691238,,fixed_iterations,,0.14960265143334125,0.14960265143334125,0.35037291290167905,0.35037291290167905,0.14995553170348278,0.14995553170348278,0.3500196175738168,0.3500196175738168,531,0.0028941460222575077,0.0028941460222575077,0.0005705016930066464,0.04647288658501723,0.0005705016930066464,0.7844242903641108,0.002894069136616863,0.09029741604819048,0.2784924223441752,0.11585812929118036,0.2997763226805647,T015_035_015_035,7
532,32.0,525,175,False,projected_continuous_optimization_loss,532,700,1.483243742175186e-05,0.9995238911033454,1.1430851027693658e-07,1.1430851027693658e-07,1.1430851027693658e-07,1.0297452620325286e-07,1.0297452620325286e-07,1.0297452620325286e-07,1.0297452620325286e-07,1.0297452620325286e-07,2.2667968147367443e-07,2.2667968147367443e-07,2.2667968147367443e-07,0.9995238911033454,0.07373571645433952,0.10426713195969546,0.42854938271604937,1.1430851027693658e-07,6402.965215500328,6402.965215500328,11.998241199995391,12836.339516878128,,fixed_iterations,,0.14953524887723268,0.14953524887723268,0.34969243422021185,0.34969243422021185,0.1504127574388455,0.1504127574388455,0.3498834505670554,0.3498834505670554,532,0.0029302167353382927,0.0029302167353382927,0.0005707809308336311,0.04718871609009323,0.0005707809308336311,0.7827703609308959,0.0029301024268280156,0.0899331628500846,0.27717786304626774,0.11653830831616516,0.29912102671837837,T015_035_015_035,7
533,32.0,525,175,False,projected_continuous_optimization_loss,533,700,1.4861451801144842e-05,0.9994244335054113,4.5479243980840186e-08,4.5479243980840186e-08,4.5479243980840186e-08,2.8915404496191802e-08,2.8915404496191802e-08,2.8915404496191802e-08,2.8915404496191802e-08,2.8915404496191802e-08,3.312767896929676e-07,3.312767896929676e-07,3.312767896929676e-07,0.9994244335054113,0.07369596880030013,0.1041989375287684,0.4283641975308642,4.5479243980840186e-08,6414.927636700333,6414.927636700333,11.962421200005338,12860.31859779358,,fixed_iterations,,0.1501654807321405,0.1501654807321405,0.3496588456861746,0.3496588456861746,0.14997231698867297,0.14997231698867297,0.3496277900984233,0.3496277900984233,533,0.002946612992025257,0.002946612992025257,0.0005550570401242371,0.0478311190380204,0.0005550570401242371,0.7812967329050149,0.002946567512781276,0.08995740099628517,0.2775165999172457,0.11596782801170495,0.2978549039797791,T015_035_015_035,7
534,32.0,525,175,False,projected_continuous_optimization_loss,534,700,1.4784673004040866e-05,0.9994946227656841,1.2947630877944178e-07,1.2947630877944178e-07,1.2947630877944178e-07,1.1670600133120372e-07,1.1670600133120372e-07,1.1670600133120372e-07,1.1670600133120372e-07,1.1670600133120372e-07,2.5540614896476135e-07,2.5540614896476135e-07,2.5540614896476135e-07,0.9994946227656841,0.07365322372297468,0.1041254554672776,0.42820987654320986,1.2947630877944178e-07,6426.896223800373,6426.896223800373,11.968587100040168,12884.364118099213,,fixed_iterations,,0.15021844744014626,0.15021844744014626,0.34998908977692406,0.34998908977692406,0.14934314154420622,0.14934314154420622,0.34994394400440754,0.34994394400440754,534,0.002926436972467113,0.002926436972467113,0.0005513754095665404,0.04750123125801145,0.0005513754095665404,0.7820522281416682,0.0029263074961583336,0.09044409319661083,0.27832424899215,0.1150516985391801,0.29823218741372726,T015_035_015_035,7
535,32.0,525,175,False,projected_continuous_optimization_loss,535,700,1.486012105337438e-05,0.9994495393813202,2.250160894053742e-08,2.250160894053742e-08,2.250160894053742e-08,7.351264304663655e-09,7.351264304663655e-09,7.351264304663655e-09,7.351264304663655e-09,7.351264304663655e-09,3.030068927174753e-07,3.030068927174753e-07,3.030068927174753e-07,0.9994495393813202,0.07361338387392538,0.10405840294390395,0.4280555555555556,2.250160894053742e-08,6438.898180000368,6438.898180000368,12.00195619999431,12908.443868160248,,fixed_iterations,,0.14986565342678937,0.14986565342678937,0.3498058619134338,0.3498058619134338,0.1498316490258665,0.1498316490258665,0.34994637501523046,0.34994637501523046,535,0.0029224520641748805,0.0029224520641748805,0.0005577566046306417,0.04729390919088477,0.0005577566046306417,0.7825283715265718,0.00292242956256594,0.09026573456434842,0.2781981312087434,0.1155035644815643,0.2985609412719157,T015_035_015_035,7
536,32.0,525,175,False,projected_continuous_optimization_loss,536,700,1.4745178383725614e-05,0.999486814781736,1.1177190684904761e-07,1.1177190684904761e-07,1.1177190684904761e-07,9.860395343680613e-08,9.860395343680613e-08,9.860395343680613e-08,9.860395343680613e-08,9.860395343680613e-08,2.6335906824482953e-07,2.6335906824482953e-07,2.6335906824482953e-07,0.999486814781736,0.07357635812454134,0.1039971196308108,0.4277469135802469,1.1177190684904761e-07,6450.807860100409,6450.807860100409,11.909680100041442,12932.435990571976,,fixed_iterations,,0.1497152585590298,0.1497152585590298,0.3497608497027135,0.3497608497027135,0.150451371970935,0.150451371970935,0.34955933454905763,0.34955933454905763,536,0.002866929712975551,0.002866929712975551,0.0005609505983009907,0.046119582293491196,0.0005609505983009907,0.7852452973891113,0.002866817941068702,0.0904176389852978,0.27846339073150433,0.11662899224626182,0.29973527542604744,T015_035_015_035,7
537,32.0,525,175,False,projected_continuous_optimization_loss,537,700,1.4827043531757316e-05,0.9998854141485101,1.5514417857171548e-08,1.5514417857171548e-08,1.5514417857171548e-08,1.4857921989087881e-08,1.4857921989087881e-08,1.4857921989087881e-08,1.4857921989087881e-08,1.4857921989087881e-08,1.3129917361673323e-08,1.3129917361673323e-08,1.3129917361673323e-08,0.9998854141485101,0.07353852747189427,0.10393341348132153,0.42771604938271607,1.5514417857171548e-08,6462.822243200382,6462.822243200382,12.014383099973202,12956.54707312584,,fixed_iterations,,0.14986579500065444,0.14986579500065444,0.34987037670821064,0.34987037670821064,0.1499955725748211,0.1499955725748211,0.3501536698648238,0.3501536698648238,537,0.002853166125610793,0.002853166125610793,0.0005467046500164685,0.046129229511886485,0.0005467046500164685,0.7852228375457799,0.0028531506111929357,0.09076093782627975,0.2787752640240952,0.1163535968540735,0.2993330388413314,T015_035_015_035,7
538,32.0,525,175,False,projected_continuous_optimization_loss,538,700,1.4723219912236026e-05,1.0002295017304252,8.452322865757555e-08,8.452322865757555e-08,8.452322865757555e-08,8.188967644416145e-08,8.188967644416145e-08,8.188967644416145e-08,8.188967644416145e-08,8.188967644416145e-08,5.267104426828197e-08,5.267104426828197e-08,5.267104426828197e-08,1.0002295017304252,0.0735019777633322,0.10387252475407555,0.4275925925925926,8.452322865757555e-08,6474.869917400414,6474.869917400414,12.047674200031906,12980.701270341873,,fixed_iterations,,0.1502494856249796,0.1502494856249796,0.3503707366179385,0.3503707366179385,0.14959545195363586,0.14959545195363586,0.3500138275338714,0.3500138275338714,538,0.0028570321463522283,0.0028570321463522283,0.0005402010359747524,0.04633662220754952,0.0005402010359747524,0.7847405699915807,0.002856947623123571,0.09093954892439032,0.2788989320818127,0.11589780605911607,0.29900428292626163,T015_035_015_035,7
539,32.0,525,175,False,projected_continuous_optimization_loss,539,700,1.4784918781324016e-05,1.000353353890338,4.329488444260829e-08,4.329488444260829e-08,4.329488444260829e-08,3.705193585175936e-08,3.705193585175936e-08,3.705193585175936e-08,3.705193585175936e-08,3.705193585175936e-08,1.2485897181697862e-07,1.2485897181697862e-07,1.2485897181697862e-07,1.000353353890338,0.07346609394489878,0.10381256905251963,0.42725308641975307,4.329488444260829e-08,6486.9087844003225,6486.9087844003225,12.03886699990835,13004.82505607605,,fixed_iterations,,0.15026349046578183,0.15026349046578183,0.34981482994239665,0.34981482994239665,0.15005867277422358,0.15005867277422358,0.35021636070793605,0.35021636070793605,539,0.0028366858606335464,0.0028366858606335464,0.0005349443388920256,0.04603483043483041,0.0005349443388920256,0.7854427105996387,0.0028366425657491037,0.09121020050186585,0.27896582737179887,0.11602107213252588,0.29924561059344806,T015_035_015_035,7
540,32.0,525,175,False,projected_continuous_optimization_loss,540,700,1.4736513673422365e-05,1.0003171744812707,7.021778452952413e-08,7.021778452952413e-08,7.021778452952413e-08,6.518780195105834e-08,6.518780195105834e-08,6.518780195105834e-08,6.518780195105834e-08,6.518780195105834e-08,1.0059965156931581e-07,1.0059965156931581e-07,1.0059965156931581e-07,1.0003171744812707,0.07342498327892583,0.10374370788906288,0.42700617283950615,7.021778452952413e-08,6498.91392900038,6498.91392900038,12.005144600057974,13028.86972951889,,fixed_iterations,,0.14981509087915865,0.14981509087915865,0.35027256785604444,0.35027256785604444,0.15038157954103448,0.15038157954103448,0.3498479362050331,0.3498479362050331,540,0.0028315190051356656,0.0028315190051356656,0.0005385805351056808,0.0458587694005997,0.0005385805351056808,0.7858533927408614,0.002831448787351136,0.09107256788069729,0.27898646417393197,0.1163709686459705,0.29942339204026175,T015_035_015_035,7
541,32.0,525,175,False,projected_continuous_optimization_loss,541,700,1.475521444031469e-05,1.0003950699312802,6.094178878919286e-08,6.094178878919286e-08,6.094178878919286e-08,5.313777625910397e-08,5.313777625910397e-08,5.313777625910397e-08,5.313777625910397e-08,5.313777625910397e-08,1.5608025060177772e-07,1.5608025060177772e-07,1.5608025060177772e-07,1.0003950699312802,0.07338395541959221,0.10367327025560447,0.42682098765432097,6.094178878919286e-08,6510.931115600397,6510.931115600397,12.01718660001643,13052.988145828247,,fixed_iterations,,0.14975758221119126,0.14975758221119126,0.3500714198911407,0.3500714198911407,0.1500864735410505,0.1500864735410505,0.35047959428789777,0.35047959428789777,541,0.0028366858606335464,0.0028366858606335464,0.0005349443388920256,0.04603483043483041,0.0005349443388920256,0.7854427105996387,0.002836624918844757,0.09121020050186585,0.27896582737179887,0.11602107213252588,0.29924561059344806,T015_035_015_035,7
542,32.0,525,175,False,projected_continuous_optimization_loss,542,700,1.4737732872707636e-05,1.0003301494164338,5.536859662586019e-08,5.536859662586019e-08,5.536859662586019e-08,4.991866476728015e-08,4.991866476728015e-08,4.991866476728015e-08,4.991866476728015e-08,4.991866476728015e-08,1.0899863717160092e-07,1.0899863717160092e-07,1.0899863717160092e-07,1.0003301494164338,0.07334576913126306,0.10360840293865536,0.42669753086419754,5.536859662586019e-08,6522.947094500414,6522.947094500414,12.015978900017217,13077.112669229507,,fixed_iterations,,0.1503107844978889,0.1503107844978889,0.35029041160479774,0.35029041160479774,0.14988564628472234,0.14988564628472234,0.34984330702902494,0.34984330702902494,542,0.0028345698185687574,0.0028345698185687574,0.0005287502935645745,0.04611639050008366,0.0005287502935645745,0.7852527287715076,0.0028345144499721314,0.09133155662498711,0.27907191085966304,0.11587310324433206,0.2989761580425254,T015_035_015_035,7
543,32.0,525,175,False,projected_continuous_optimization_loss,543,700,1.4724522422878473e-05,1.0001790926225969,5.199097372552086e-08,5.199097372552086e-08,5.199097372552086e-08,5.038726535209387e-08,5.038726535209387e-08,5.038726535209387e-08,5.038726535209387e-08,5.038726535209387e-08,3.2074167468539924e-08,3.2074167468539924e-08,3.2074167468539924e-08,1.0001790926225969,0.07330478112744956,0.10353770753715846,0.4264197530864198,5.199097372552086e-08,6535.033990500378,6535.033990500378,12.086895999964327,13101.310548305511,,fixed_iterations,,0.15028142278765033,0.15028142278765033,0.3497334158242869,0.3497334158242869,0.14995104990486682,0.14995104990486682,0.35021320410579265,0.35021320410579265,543,0.0028320366553373603,0.0028320366553373603,0.0005323761437994221,0.04599321023075876,0.0005323761437994221,0.7855397234200265,0.002831984664363635,0.0912460789396454,0.278914772782247,0.11617567918659712,0.29920319251153693,T015_035_015_035,7
544,32.0,525,175,False,projected_continuous_optimization_loss,544,700,1.4712947199215435e-05,0.9998912145303682,5.002392892299146e-08,5.002392892299146e-08,5.002392892299146e-08,4.9432215002841135e-08,4.9432215002841135e-08,4.9432215002841135e-08,4.9432215002841135e-08,4.9432215002841135e-08,1.1834278403006503e-08,1.1834278403006503e-08,1.1834278403006503e-08,0.9998912145303682,0.07325955105197583,0.10346027887639833,0.42626543209876544,5.002392892299146e-08,6547.056499700411,6547.056499700411,12.0225092000328,13125.45929312706,,fixed_iterations,,0.14973860154884416,0.14973860154884416,0.350288551566509,0.350288551566509,0.15006040735224993,0.15006040735224993,0.3498036540627651,0.3498036540627651,544,0.0028419683732904275,0.0028419683732904275,0.000537124794487705,0.046096871576054445,0.000537124794487705,0.785298179849228,0.0028419183493615047,0.09128339811489462,0.27842878670932175,0.11610477861072824,0.29948121641428344,T015_035_015_035,7
545,32.0,525,175,False,projected_continuous_optimization_loss,545,700,1.470193413931816e-05,0.9997554567246332,4.916931083667346e-08,4.916931083667346e-08,4.916931083667346e-08,4.6179240160316685e-08,4.6179240160316685e-08,4.6179240160316685e-08,4.6179240160316685e-08,4.6179240160316685e-08,5.980141352713549e-08,5.980141352713549e-08,5.980141352713549e-08,0.9997554567246332,0.07321873613244531,0.10338985923202022,0.42617283950617285,4.916931083667346e-08,6559.03781020036,6559.03781020036,11.98131049994845,13149.457196474075,,fixed_iterations,,0.14973104262062817,0.14973104262062817,0.34973039454496085,0.34973039454496085,0.15010017691708116,0.15010017691708116,0.350193842641963,0.350193842641963,545,0.002859442522138703,0.002859442522138703,0.0005426846771048302,0.04633515690067746,0.0005426846771048302,0.7847439736019513,0.0028593933528278663,0.0910808271071189,0.27847931668185527,0.1158355954401379,0.2993482343728392,T015_035_015_035,7
546,32.0,525,175,False,projected_continuous_optimization_loss,546,700,1.4692916537325736e-05,0.9996824693357987,5.028688245562409e-08,5.028688245562409e-08,5.028688245562409e-08,4.5245596320215906e-08,4.5245596320215906e-08,4.5245596320215906e-08,4.5245596320215906e-08,4.5245596320215906e-08,1.0082572270816375e-07,1.0082572270816375e-07,1.0082572270816375e-07,0.9996824693357987,0.0731801767048491,0.10332442707925431,0.42604938271604936,5.028688245562409e-08,6571.068258600426,6571.068258600426,12.030448400066234,13173.515831708908,,fixed_iterations,,0.15018843832069811,0.15018843832069811,0.35000715157755546,0.35000715157755546,0.1499306979348954,0.1499306979348954,0.3495561815026497,0.3495561815026497,546,0.002855978305887936,0.002855978305887936,0.000539282345049324,0.04633391921677223,0.000539282345049324,0.78474684853231,0.0028559280190054805,0.09122195585739037,0.278426866026954,0.1157643054342648,0.29933372121370094,T015_035_015_035,7
547,32.0,525,175,False,projected_continuous_optimization_loss,547,700,1.4686322223425445e-05,0.9997390846394439,5.326538019489028e-08,5.326538019489028e-08,5.326538019489028e-08,4.98615389261883e-08,4.98615389261883e-08,4.98615389261883e-08,4.98615389261883e-08,4.98615389261883e-08,6.807682537403965e-08,6.807682537403965e-08,6.807682537403965e-08,0.9997390846394439,0.07313943661075567,0.1032545268027534,0.42574074074074075,5.326538019489028e-08,6583.046767000458,6583.046767000458,11.978508400032297,13197.550856590271,,fixed_iterations,,0.15011633233227228,0.15011633233227228,0.3497067616037852,0.3497067616037852,0.14972589928989277,0.14972589928989277,0.3501900914134938,0.3501900914134938,547,0.002848092914793856,0.002848092914793856,0.0005321287713916288,0.04631928286804455,0.0005321287713916288,0.7847808492070361,0.0028480396494136614,0.09157677580844308,0.27820481282943144,0.11561366251638025,0.29938559805278125,T015_035_015_035,7
548,32.0,525,175,False,projected_continuous_optimization_loss,548,700,1.4681152702346025e-05,0.9996831471529295,4.179690519948063e-08,4.179690519948063e-08,4.179690519948063e-08,3.6777118864642925e-08,3.6777118864642925e-08,3.6777118864642925e-08,3.6777118864642925e-08,3.6777118864642925e-08,1.003957266967542e-07,1.003957266967542e-07,1.003957266967542e-07,0.9996831471529295,0.07309871689881489,0.1031860824549441,0.42574074074074075,4.179690519948063e-08,6594.981951100519,6594.981951100519,11.935184100060724,13221.588111400604,,fixed_iterations,,0.14982168683355573,0.14982168683355573,0.3502016655044438,0.3502016655044438,0.14995016168014086,0.14995016168014086,0.349709633134789,0.349709633134789,548,0.002845405066562317,0.002845405066562317,0.0005333050762694512,0.04624199980585731,0.0005333050762694512,0.7849604692019225,0.0028453632696571174,0.09142482642004172,0.2784444704121069,0.1157768247684239,0.29931434760135,T015_035_015_035,7
549,32.0,525,175,False,projected_continuous_optimization_loss,549,700,1.4661540284962459e-05,0.9997772058033589,5.396473258697046e-08,5.396473258697046e-08,5.396473258697046e-08,5.148286988411868e-08,5.148286988411868e-08,5.148286988411868e-08,5.148286988411868e-08,5.148286988411868e-08,4.963725405703556e-08,4.963725405703556e-08,4.963725405703556e-08,0.9997772058033589,0.07306153614141442,0.10312325576530197,0.425679012345679,5.396473258697046e-08,6606.971084500547,6606.971084500547,11.98913340002764,13245.587752342224,,fixed_iterations,,0.14983687512803465,0.14983687512803465,0.34961655889853743,0.34961655889853743,0.15020677558310871,0.15020677558310871,0.35011699619367803,0.35011699619367803,549,0.002832663456053928,0.002832663456053928,0.0005183372907600437,0.04628652330587769,0.0005183372907600437,0.7848569701201601,0.002832609491321341,0.0919191378717207,0.2780349510053423,0.11578646102034534,0.29911642022275176,T015_035_015_035,7
550,32.0,525,175,False,projected_continuous_optimization_loss,550,700,1.4666271960869855e-05,0.9999392277199528,3.350001123321442e-08,3.350001123321442e-08,3.350001123321442e-08,3.331534773210701e-08,3.331534773210701e-08,3.331534773210701e-08,3.331534773210701e-08,3.331534773210701e-08,3.6932700221481133e-09,3.6932700221481133e-09,3.6932700221481133e-09,0.9999392277199528,0.07302355152838857,0.1030597612761143,0.4255555555555556,3.350001123321442e-08,6619.007578800549,6619.007578800549,12.036494300002232,13269.750399827957,,fixed_iterations,,0.15006588711781088,0.15006588711781088,0.3501993879011569,0.3501993879011569,0.14997575992515735,0.14997575992515735,0.3496981927758276,0.3496981927758276,550,0.002842247415028383,0.002842247415028383,0.000526202960805047,0.04632088908446672,0.000526202960805047,0.7847771176559828,0.00284221391501715,0.09173451917625569,0.27820346523889095,0.11558616396637608,0.29925296927446,T015_035_015_035,7
551,32.0,525,175,False,projected_continuous_optimization_loss,551,700,1.463821031691093e-05,1.0001547018884203,5.550262284107906e-08,5.550262284107906e-08,5.550262284107906e-08,5.430598912704275e-08,5.430598912704275e-08,5.430598912704275e-08,5.430598912704275e-08,5.430598912704275e-08,2.393267428072622e-08,2.393267428072622e-08,2.393267428072622e-08,1.0001547018884203,0.07298512004309038,0.10299455705690783,0.42549382716049383,5.550262284107906e-08,6631.043799400562,6631.043799400562,12.036220600013621,13293.86276102066,,fixed_iterations,,0.15010747855203904,0.15010747855203904,0.3498789785547079,0.3498789785547079,0.14977253159489026,0.14977253159489026,0.350395713186783,0.350395713186783,551,0.002832663456053928,0.002832663456053928,0.0005183372907600437,0.04628652330587769,0.0005183372907600437,0.7848569701201601,0.002832607953431087,0.0919191378717207,0.2780349510053423,0.11578646102034534,0.29911642022275176,T015_035_015_035,7
552,32.0,525,175,False,projected_continuous_optimization_loss,552,700,1.4652526631459154e-05,1.0001347389017865,4.0335781920229635e-08,4.0335781920229635e-08,4.0335781920229635e-08,3.9428053337498e-08,3.9428053337498e-08,3.9428053337498e-08,3.9428053337498e-08,3.9428053337498e-08,1.8154571654632614e-08,1.8154571654632614e-08,1.8154571654632614e-08,1.0001347389017865,0.0729466123317119,0.10293033350311048,0.42530864197530865,4.0335781920229635e-08,6643.041862300481,6643.041862300481,11.998062899918295,13317.941001653671,,fixed_iterations,,0.15004636959666146,0.15004636959666146,0.350283842636333,0.350283842636333,0.15007114616278858,0.15007114616278858,0.34973338050600344,0.34973338050600344,552,0.002825829232783762,0.002825829232783762,0.0005186788186389631,0.046143008282895984,0.0005186788186389631,0.7851907630410275,0.002825788897001842,0.09192252829475848,0.27796115453300413,0.11604290400802751,0.2992641762052374,T015_035_015_035,7
553,32.0,525,175,False,projected_continuous_optimization_loss,553,700,1.462965824826261e-05,1.000173199329317,6.014716532436888e-08,6.014716532436888e-08,6.014716532436888e-08,5.8647264940575415e-08,5.8647264940575415e-08,5.8647264940575415e-08,5.8647264940575415e-08,5.8647264940575415e-08,2.999800767586931e-08,2.999800767586931e-08,2.999800767586931e-08,1.000173199329317,0.07290735585228675,0.10286352117200746,0.42506172839506173,6.014716532436888e-08,6655.076559800538,6655.076559800538,12.034697500057518,13342.000171899796,,fixed_iterations,,0.14989513141539204,0.14989513141539204,0.34972947080748695,0.34972947080748695,0.15023280681855014,0.15023280681855014,0.3503157902878879,0.3503157902878879,553,0.002832663456053928,0.002832663456053928,0.0005183372907600437,0.04628652330587769,0.0005183372907600437,0.7848569701201601,0.002832603308888604,0.0919191378717207,0.2780349510053423,0.11578646102034534,0.29911642022275176,T015_035_015_035,7
554,32.0,525,175,False,projected_continuous_optimization_loss,554,700,1.4641618335781719e-05,1.0001655072139026,5.537646986323075e-08,5.537646986323075e-08,5.537646986323075e-08,5.400683797054026e-08,5.400683797054026e-08,5.400683797054026e-08,5.400683797054026e-08,5.400683797054026e-08,2.7392637853809935e-08,2.7392637853809935e-08,2.7392637853809935e-08,1.0001655072139026,0.07286670286933683,0.10279493387855047,0.4249074074074074,5.537646986323075e-08,6666.982949500554,6666.982949500554,11.906389700016007,13366.007695436478,,fixed_iterations,,0.14996655485019156,0.14996655485019156,0.3504254031719529,0.3504254031719529,0.14999241489942677,0.14999241489942677,0.3497811342923313,0.3497811342923313,554,0.002825829232783762,0.002825829232783762,0.0005186788186389631,0.046143008282895984,0.0005186788186389631,0.7851907630410275,0.002825773856313899,0.09192252829475848,0.27796115453300413,0.11604290400802751,0.2992641762052374,T015_035_015_035,7
555,32.0,525,175,False,projected_continuous_optimization_loss,555,700,1.4628717043730598e-05,1.000189999708477,7.000668605490326e-08,7.000668605490326e-08,7.000668605490326e-08,6.82016915938382e-08,6.82016915938382e-08,6.82016915938382e-08,6.82016915938382e-08,6.82016915938382e-08,3.60998892213011e-08,3.60998892213011e-08,3.60998892213011e-08,1.000189999708477,0.07282767905815425,0.10272793096044165,0.4245987654320988,7.000668605490326e-08,6678.982411600533,6678.982411600533,11.9994620999787,13390.146495819092,,fixed_iterations,,0.15013674134695104,0.15013674134695104,0.34974271357838443,0.34974271357838443,0.14987827353016317,0.14987827353016317,0.35043227125297827,0.35043227125297827,555,0.0028270334934558643,0.0028270334934558643,0.0005129465339742286,0.04628173918963272,0.0005129465339742286,0.7848680888625942,0.0028269634867698094,0.09234792098379524,0.2775228194108883,0.11564814174466435,0.29934920672324616,T015_035_015_035,7
556,32.0,525,175,False,projected_continuous_optimization_loss,556,700,1.4635542497685756e-05,1.0000043901347142,7.662374630133703e-08,7.662374630133703e-08,7.662374630133703e-08,7.662278263719659e-08,7.662278263719659e-08,7.662278263719659e-08,7.662278263719659e-08,7.662278263719659e-08,1.927328280886798e-11,1.927328280886798e-11,1.927328280886798e-11,1.0000043901347142,0.0727869467837282,0.10265923946773418,0.42444444444444446,7.662374630133703e-08,6691.027180600562,6691.027180600562,12.044769000029191,13414.356907367706,,fixed_iterations,,0.15010885307073638,0.15010885307073638,0.350304533597499,0.350304533597499,0.1500384156342469,0.1500384156342469,0.3495525878322319,0.3495525878322319,556,0.0028268068216411504,0.0028268068216411504,0.000507197062552099,0.046392195181781025,0.000507197062552099,0.7846115249559973,0.002826730197894849,0.09239382455858605,0.2772938598896587,0.11584784366011328,0.2990759968476392,T015_035_015_035,7
557,32.0,525,175,False,projected_continuous_optimization_loss,557,700,1.4634013103046979e-05,0.999945813998917,9.846375341984189e-08,9.846375341984189e-08,9.846375341984189e-08,9.831694728417366e-08,9.831694728417366e-08,9.831694728417366e-08,9.831694728417366e-08,9.831694728417366e-08,2.936122713364565e-09,2.936122713364565e-09,2.936122713364565e-09,0.999945813998917,0.0727451093924301,0.10258716425611514,0.42419753086419754,9.846375341984189e-08,6703.024791600648,6703.024791600648,11.99761100008618,13438.45727777481,,fixed_iterations,,0.1498212015513689,0.1498212015513689,0.34960715935375014,0.34960715935375014,0.150069146958853,0.150069146958853,0.35044830613494493,0.35044830613494493,557,0.0028299688682142826,0.0028299688682142826,0.0005074414054162058,0.04645054925596153,0.0005074414054162058,0.7844761051392176,0.0028298704044608628,0.09241017687579624,0.2774388319588659,0.11559738403294244,0.2990297122716131,T015_035_015_035,7
558,32.0,525,175,False,projected_continuous_optimization_loss,558,700,1.4647485631905863e-05,0.9998192317914231,1.1834453120981858e-07,1.1834453120981858e-07,1.1834453120981858e-07,1.1671067394821092e-07,1.1671067394821092e-07,1.1671067394821092e-07,1.1671067394821092e-07,1.1671067394821092e-07,3.267714523215309e-08,3.267714523215309e-08,3.267714523215309e-08,0.9998192317914231,0.07270435893385967,0.10251859376013446,0.42407407407407405,1.1834453120981858e-07,6715.0600649006665,6715.0600649006665,12.035273300018162,13462.56611609459,,fixed_iterations,,0.14991759551670908,0.14991759551670908,0.3504376211518618,0.3504376211518618,0.14998825048781475,0.14998825048781475,0.3494757646350374,0.3494757646350374,558,0.002771138674014027,0.002771138674014027,0.0004903603205626535,0.04561556706902747,0.0004903603205626535,0.7864219883297265,0.0027710203294828172,0.09277811381126302,0.2788203691884214,0.11587645002515329,0.2989470553048888,T015_035_015_035,7
559,32.0,525,175,False,projected_continuous_optimization_loss,559,700,1.4659216317981753e-05,0.9998855131700923,1.5743040303552078e-07,1.5743040303552078e-07,1.5743040303552078e-07,1.5677504132440543e-07,1.5677504132440543e-07,1.5677504132440543e-07,1.5677504132440543e-07,1.5677504132440543e-07,1.3107234222307153e-08,1.3107234222307153e-08,1.3107234222307153e-08,0.9998855131700923,0.07266597364548705,0.10245256380042685,0.42391975308641977,1.5743040303552078e-07,6727.0558649007,6727.0558649007,11.995800000033341,13486.635400056839,,fixed_iterations,,0.1501025748831948,0.1501025748831948,0.34938423414165554,0.34938423414165554,0.14991310320596918,0.14991310320596918,0.35048560093927283,0.35048560093927283,559,0.0028102213164821043,0.0028102213164821043,0.0004934822237936337,0.04633478185376941,0.0004934822237936337,0.7847448447684252,0.002810063886079069,0.09318900796452186,0.27716954059060417,0.11519774723710159,0.29918854897619757,T015_035_015_035,7
560,32.0,525,175,False,projected_continuous_optimization_loss,560,700,1.469062513213293e-05,0.9997817796213508,1.9936577528911918e-07,1.9936577528911918e-07,1.9936577528911918e-07,1.9698476860623248e-07,1.9698476860623248e-07,1.9698476860623248e-07,1.9698476860623248e-07,1.9698476860623248e-07,4.7620133657733774e-08,4.7620133657733774e-08,4.7620133657733774e-08,0.9997817796213508,0.07262514542114754,0.10238445337016142,0.4237962962962963,1.9936577528911918e-07,6739.046146000619,6739.046146000619,11.99028109991923,13510.74096608162,,fixed_iterations,,0.15006397789141254,0.15006397789141254,0.35051997102495247,0.35051997102495247,0.14992276853840264,0.14992276853840264,0.3492750621665833,0.3492750621665833,560,0.0027422718297341895,0.0027422718297341895,0.0004753326067432634,0.04533878445981852,0.0004753326067432634,0.7870709403115241,0.0027420724639589003,0.09284310918164818,0.2791056441762399,0.11669386920411855,0.2984283177495175,T015_035_015_035,7
561,32.0,525,175,False,projected_continuous_optimization_loss,561,700,1.4724394859518627e-05,0.9998894717272068,2.6817160584569124e-07,2.6817160584569124e-07,2.6817160584569124e-07,2.6756078089135974e-07,2.6756078089135974e-07,2.6756078089135974e-07,2.6756078089135974e-07,2.6756078089135974e-07,1.2216499086630363e-08,1.2216499086630363e-08,1.2216499086630363e-08,0.9998894717272068,0.07258534824074495,0.10231610240320724,0.4236111111111111,2.6817160584569124e-07,6751.040440100594,6751.040440100594,11.994294099975377,13534.901800632477,,fixed_iterations,,0.14982079389390268,0.14982079389390268,0.3493177082693429,0.3493177082693429,0.14999645883062013,0.14999645883062013,0.35075451073334113,0.35075451073334113,561,0.002808170036096607,0.002808170036096607,0.0004926101562281881,0.046311197597368375,0.0004926101562281881,0.7847996338354222,0.0028079018644907613,0.09273139530134321,0.27727139649588034,0.11604099641201827,0.2987558456261804,T015_035_015_035,7
562,32.0,525,175,False,projected_continuous_optimization_loss,562,700,1.4785241253994682e-05,0.9998166024982251,3.5958450396908634e-07,3.5958450396908634e-07,3.5958450396908634e-07,3.5790277178621904e-07,3.5790277178621904e-07,3.5790277178621904e-07,3.5790277178621904e-07,3.5790277178621904e-07,3.363464365734616e-08,3.363464365734616e-08,3.363464365734616e-08,0.9998166024982251,0.07254640850759266,0.10225198228617849,0.4233641975308642,3.5958450396908634e-07,6763.070089300629,6763.070089300629,12.029649200034328,13558.985620498657,,fixed_iterations,,0.14998056133377682,0.14998056133377682,0.3507207976572697,0.3507207976572697,0.15007613464716152,0.15007613464716152,0.34903910886001693,0.34903910886001693,562,0.002737327147413827,0.002737327147413827,0.00047749628142410917,0.04519661731979435,0.00047749628142410917,0.7874050392888055,0.002736967562909858,0.0928022577192208,0.27941579663101956,0.11664092206443948,0.2985460628741256,T015_035_015_035,7
563,32.0,525,175,False,projected_continuous_optimization_loss,563,700,1.4868866205487618e-05,1.0000643525750534,4.921396356622332e-07,4.921396356622332e-07,4.921396356622332e-07,4.919325729664342e-07,4.919325729664342e-07,4.919325729664342e-07,4.919325729664342e-07,4.919325729664342e-07,4.141253915979928e-09,4.141253915979928e-09,4.141253915979928e-09,1.0000643525750534,0.07250859023021687,0.10218667510298216,0.4232716049382716,4.921396356622332e-07,6775.125936000608,6775.125936000608,12.055846699979156,13583.120208024979,,fixed_iterations,,0.15004449043548176,0.15004449043548176,0.34904677704593146,0.34904677704593146,0.14994530159490213,0.14994530159490213,0.351027783498738,0.351027783498738,563,0.002739588351495688,0.002739588351495688,0.00048382418151766515,0.04511528339956045,0.00048382418151766515,0.7875964138731164,0.0027390962118600255,0.0935127427481262,0.2777463690877413,0.11645444725628619,0.2998828547809627,T015_035_015_035,7
564,32.0,525,175,False,projected_continuous_optimization_loss,564,700,1.4993857681705609e-05,0.999963659914596,6.863327344607519e-07,6.863327344607519e-07,6.863327344607519e-07,6.862667043703942e-07,6.862667043703942e-07,6.862667043703942e-07,6.862667043703942e-07,6.862667043703942e-07,1.320601807152804e-09,1.320601807152804e-09,1.320601807152804e-09,0.999963659914596,0.07246798942127407,0.10212019402947704,0.423179012345679,6.863327344607519e-07,6787.057470200583,6787.057470200583,11.931534199975431,13607.103654146194,,fixed_iterations,,0.15008652489503344,0.15008652489503344,0.35114648278067545,0.35114648278067545,0.14992119923489824,0.14992119923489824,0.3488094530039891,0.3488094530039891,564,0.002716833886439275,0.002716833886439275,0.0004610857583753732,0.04511496256127803,0.0004610857583753732,0.787597169130734,0.002716147553704814,0.09339040508914544,0.27924865600640747,0.11657863228414968,0.29837947575103135,T015_035_015_035,7
565,32.0,525,175,False,projected_continuous_optimization_loss,565,700,1.5179930618715566e-05,1.000163119081796,9.57574432649916e-07,9.57574432649916e-07,9.57574432649916e-07,9.562440409076192e-07,9.562440409076192e-07,9.562440409076192e-07,9.562440409076192e-07,9.562440409076192e-07,2.6607834845935145e-08,2.6607834845935145e-08,2.6607834845935145e-08,1.000163119081796,0.07242945684016143,0.10205314711137704,0.4230246913580247,9.57574432649916e-07,6798.990320800571,6798.990320800571,11.932850599987432,13631.123399734497,,fixed_iterations,,0.14990253017957983,0.14990253017957983,0.34872665483320187,0.34872665483320187,0.15004830292281351,0.15004830292281351,0.35148563114620074,0.35148563114620074,565,0.002739588351495688,0.002739588351495688,0.00048382418151766515,0.04511528339956045,0.00048382418151766515,0.7875964138731164,0.0027386307770630378,0.0935127427481262,0.2777463690877413,0.11645444725628619,0.2998828547809627,T015_035_015_035,7
566,32.0,525,175,False,projected_continuous_optimization_loss,566,700,1.5443465800682203e-05,0.9999282918337546,1.3608286509221859e-06,1.3608286509221859e-06,1.3608286509221859e-06,1.3605715478668715e-06,1.3605715478668715e-06,1.3605715478668715e-06,1.3605715478668715e-06,1.3605715478668715e-06,5.142061106287317e-09,5.142061106287317e-09,5.142061106287317e-09,0.9999282918337546,0.07238856078458047,0.10198680836295239,0.4228395061728395,1.3608286509221859e-06,6811.0147748006275,6811.0147748006275,12.024454000056721,13655.25923538208,,fixed_iterations,,0.15004226420573616,0.15004226420573616,0.3515229101180695,0.3515229101180695,0.15012700454892328,0.15012700454892328,0.34823611296102563,0.34823611296102563,566,0.0027339057825235685,0.0027339057825235685,0.00046944452296035044,0.045289225191264354,0.00046944452296035044,0.7871873472011958,0.002732544953872646,0.09327025151641985,0.2791919632752216,0.11616631668993062,0.2985588157196238,T015_035_015_035,7
567,32.0,525,175,False,projected_continuous_optimization_loss,567,700,1.583854080783828e-05,1.000228549485608,1.916213501860061e-06,1.916213501860061e-06,1.916213501860061e-06,1.9136017584914765e-06,1.9136017584914765e-06,1.9136017584914765e-06,1.9136017584914765e-06,1.9136017584914765e-06,5.22348673716908e-08,5.22348673716908e-08,5.22348673716908e-08,1.000228549485608,0.07234931424957353,0.10191727735045865,0.42277777777777775,1.916213501860061e-06,6823.026166300639,6823.026166300639,12.011391500011086,13679.348479032516,,fixed_iterations,,0.14994595381409187,0.14994595381409187,0.3482232473740964,0.3482232473740964,0.14993188967875984,0.14993188967875984,0.35212745861865985,0.35212745861865985,567,0.0026860458226817697,0.0026860458226817697,0.00047914562932412487,0.0441380038671529,0.00047914562932412487,0.7899095340879247,0.0026841296091799096,0.09414998276434551,0.27846458803567803,0.11642634789456904,0.3008686153933321,T015_035_015_035,7
568,32.0,525,175,False,projected_continuous_optimization_loss,568,700,1.6386076351774765e-05,0.9998565255938278,2.724508842564664e-06,2.724508842564664e-06,2.724508842564664e-06,2.723479597303342e-06,2.723479597303342e-06,2.723479597303342e-06,2.723479597303342e-06,2.723479597303342e-06,2.0584905226444833e-08,2.0584905226444833e-08,2.0584905226444833e-08,0.9998565255938278,0.07230694227705801,0.10184931556412988,0.4226234567901235,2.724508842564664e-06,6835.058367700665,6835.058367700665,12.032201400026679,13703.446373939514,,fixed_iterations,,0.1501575833620178,0.1501575833620178,0.35219636600738735,0.35219636600738735,0.14996346809684413,0.14996346809684413,0.34753910812757854,0.34753910812757854,568,0.0027250118797493682,0.0027250118797493682,0.0004588941148002247,0.04532235529898286,0.0004588941148002247,0.7871095227611556,0.0027222873709068034,0.09348089360118482,0.27949894050985535,0.11600443254903234,0.29812525610108315,T015_035_015_035,7
569,32.0,525,175,False,projected_continuous_optimization_loss,569,700,1.7185897297976266e-05,1.0001707433291551,3.7912320025957814e-06,3.7912320025957814e-06,3.7912320025957814e-06,3.7897743383732328e-06,3.7897743383732328e-06,3.7897743383732328e-06,3.7897743383732328e-06,3.7897743383732328e-06,2.9153284450973928e-08,2.9153284450973928e-08,2.9153284450973928e-08,1.0001707433291551,0.07226739754822487,0.10177805505022819,0.4225308641975309,3.7912320025957814e-06,6847.072942900588,6847.072942900588,12.014575199922547,13727.569734811783,,fixed_iterations,,0.14989724220256453,0.14989724220256453,0.34737797831662887,0.34737797831662887,0.15001517177095572,0.15001517177095572,0.352880351039006,0.352880351039006,569,0.0027252238803097293,0.0027252238803097293,0.0004988410186290519,0.04452765723361355,0.0004988410186290519,0.7889842251545787,0.0027214326483071334,0.09416074815653369,0.27687112633721,0.11626867008669844,0.3016836805741365,T015_035_015_035,7
570,32.0,525,175,False,projected_continuous_optimization_loss,570,700,1.8244711512240754e-05,0.9996299959477494,5.24079825787296e-06,5.24079825787296e-06,5.24079825787296e-06,5.233953107938866e-06,5.233953107938866e-06,5.233953107938866e-06,5.233953107938866e-06,5.233953107938866e-06,1.3690299868188517e-07,1.3690299868188517e-07,1.3690299868188517e-07,0.9996299959477494,0.07222269114153791,0.10170789188226055,0.42237654320987655,5.24079825787296e-06,6859.107830500579,6859.107830500579,12.034887599991634,13751.743486881256,,fixed_iterations,,0.15005419495768071,0.15005419495768071,0.35297981970434716,0.35297981970434716,0.15007559115249525,0.15007559115249525,0.3465203901332262,0.3465203901332262,570,0.0027084576405676125,0.0027084576405676125,0.00046246616025291925,0.044919829606293864,0.00046246616025291925,0.7880570133118487,0.0027032168423097394,0.09348402159703234,0.2803309635678268,0.11580764027442501,0.29843438787256465,T015_035_015_035,7
571,32.0,525,175,False,projected_continuous_optimization_loss,571,700,1.9685336486180545e-05,1.0001517885906501,6.911655853327933e-06,6.911655853327933e-06,6.911655853327933e-06,6.910503864515356e-06,6.910503864515356e-06,6.910503864515356e-06,6.910503864515356e-06,6.910503864515356e-06,2.3039776251551505e-08,2.3039776251551505e-08,2.3039776251551505e-08,1.0001517885906501,0.07218270198504818,0.10163393055190535,0.42212962962962963,6.911655853327933e-06,6871.134110600571,6871.134110600571,12.026280099991709,13775.833230018616,,fixed_iterations,,0.1498518087114367,0.1498518087114367,0.3464911544860016,0.3464911544860016,0.14989346932262815,0.14989346932262815,0.3539153560705837,0.3539153560705837,571,0.002743034386047117,0.002743034386047117,0.0004965090644361997,0.04493050643221835,0.0004965090644361997,0.788031826841343,0.0027361227301937892,0.09420084542625592,0.276111701827759,0.11634308392809543,0.30137619565923274,T015_035_015_035,7
572,32.0,525,175,False,projected_continuous_optimization_loss,572,700,2.134819625033757e-05,0.9994742212994407,8.802353090967581e-06,8.802353090967581e-06,8.802353090967581e-06,8.788530928869492e-06,8.788530928869492e-06,8.788530928869492e-06,8.788530928869492e-06,8.788530928869492e-06,2.764432419617777e-07,2.764432419617777e-07,2.764432419617777e-07,0.9994742212994407,0.0721372633835337,0.10156507583324449,0.4220061728395062,8.802353090967581e-06,6883.100741600618,6883.100741600618,11.966631000046618,13799.792264223099,,fixed_iterations,,0.1502185569419535,0.1502185569419535,0.35380446774784424,0.35380446774784424,0.15000709088523537,0.15000709088523537,0.34544410572440765,0.34544410572440765,572,0.002716656534311365,0.002716656534311365,0.0004666376723949337,0.04500037723832862,0.0004666376723949337,0.7878670764866316,0.0027078541812203976,0.09338689308141611,0.2803947000435045,0.11561997715051119,0.29846550621119977,T015_035_015_035,7
573,32.0,525,175,False,projected_continuous_optimization_loss,573,700,2.322980576767432e-05,1.0001329792049067,1.0169330150512405e-05,1.0169330150512405e-05,1.0169330150512405e-05,1.0168445977065524e-05,1.0168445977065524e-05,1.0168445977065524e-05,1.0168445977065524e-05,1.0168445977065524e-05,1.7683468937627615e-08,1.7683468937627615e-08,1.7683468937627615e-08,1.0001329792049067,0.0720958108218575,0.10148720075275408,0.42182098765432097,1.0169330150512405e-05,6895.108102900675,6895.108102900675,12.0073613000568,13823.881223201752,,fixed_iterations,,0.14986475939647623,0.14986475939647623,0.3456735381384908,0.3456735381384908,0.14990863892543027,0.14990863892543027,0.3546860427445094,0.3546860427445094,573,0.0027792253247842704,0.0027792253247842704,0.0005119169488161608,0.04534616751936219,0.0005119169488161608,0.787053604117463,0.002769055994633758,0.0940752456124549,0.2752956331965557,0.11596779867707219,0.30171492663138016,T015_035_015_035,7
574,32.0,525,175,False,projected_continuous_optimization_loss,574,700,2.4588492314883903e-05,0.9993776891084668,1.0639902939860076e-05,1.0639902939860076e-05,1.0639902939860076e-05,1.0620539397574041e-05,1.0620539397574041e-05,1.0620539397574041e-05,1.0620539397574041e-05,1.0620539397574041e-05,3.872708457207023e-07,3.872708457207023e-07,3.872708457207023e-07,0.9993776891084668,0.07204706084359995,0.10141457161732487,0.4217592592592593,1.0639902939860076e-05,6907.094342900673,6907.094342900673,11.98623999999836,13847.935041427612,,fixed_iterations,,0.1500369592546869,0.1500369592546869,0.3542379609640956,0.3542379609640956,0.15006742796577424,0.15006742796577424,0.34503534092391014,0.34503534092391014,574,0.0025945509433961244,0.0025945509433961244,0.000425991659626028,0.04337118567540193,0.000425991659626028,0.7917425015145867,0.002583911040456264,0.09412729451002398,0.28416598105973506,0.11621407443290255,0.29723515151192514,T015_035_015_035,7
575,32.0,525,175,False,projected_continuous_optimization_loss,575,700,2.5049315108580068e-05,1.0000730691883175,9.254009778980095e-06,9.254009778980095e-06,9.254009778980095e-06,9.253742823666026e-06,9.253742823666026e-06,9.253742823666026e-06,9.253742823666026e-06,9.253742823666026e-06,5.339106281379655e-09,5.339106281379655e-09,5.339106281379655e-09,1.0000730691883175,0.0720047223034391,0.10133534262390521,0.42138888888888887,9.254009778980095e-06,6919.111140100635,6919.111140100635,12.01679719996173,13872.078002929688,,fixed_iterations,,0.1499073905737747,0.1499073905737747,0.3458290439504716,0.3458290439504716,0.14990786178056942,0.14990786178056942,0.3544287728835018,0.3544287728835018,575,0.0027291559139269094,0.0027291559139269094,0.000522295442657594,0.044137209425386306,0.000522295442657594,0.7899114248099475,0.0027199019041479295,0.09407202455291551,0.2756644117529332,0.11715297287346524,0.3030220156306336,T015_035_015_035,7
576,32.0,525,175,False,projected_continuous_optimization_loss,576,700,2.3654954239667915e-05,0.9994916852907917,6.239476889635603e-06,6.239476889635603e-06,6.239476889635603e-06,6.226557697455727e-06,6.226557697455727e-06,6.226557697455727e-06,6.226557697455727e-06,6.226557697455727e-06,2.583838435975317e-07,2.583838435975317e-07,2.583838435975317e-07,0.9994916852907917,0.07195564085635378,0.10126128302573621,0.42148148148148146,6.239476889635603e-06,6931.154597800574,6931.154597800574,12.043457699939609,13896.235137462616,,fixed_iterations,,0.1500819519488575,0.1500819519488575,0.3532247778640739,0.3532247778640739,0.1500057867837448,0.1500057867837448,0.34617916869411547,0.34617916869411547,576,0.0025539864546022303,0.0025539864546022303,0.00043527076889283446,0.042374313714187914,0.00043527076889283446,0.7941497784451328,0.0025477469777125945,0.09413749741335858,0.2845962549746631,0.11685914372035541,0.29855688233675576,T015_035_015_035,7
577,32.0,525,175,False,projected_continuous_optimization_loss,577,700,2.063060506090636e-05,0.999923960617036,2.6171989942316543e-06,2.6171989942316543e-06,2.6171989942316543e-06,2.616909894843576e-06,2.616909894843576e-06,2.616909894843576e-06,2.616909894843576e-06,2.616909894843576e-06,5.781987761557576e-09,5.781987761557576e-09,5.781987761557576e-09,0.999923960617036,0.07191085516667262,0.10118182861397869,0.4212345679012346,2.6171989942316543e-06,6943.152528300649,6943.152528300649,11.99793050007429,13920.335946083069,,fixed_iterations,,0.14996279394753337,0.14996279394753337,0.3477489736761267,0.3477489736761267,0.14989188981630222,0.14989188981630222,0.35232030317707363,0.35232030317707363,577,0.0026699492405999046,0.0026699492405999046,0.0005172333430984905,0.04305431795002829,0.0005172333430984905,0.7925046555943284,0.002667332041605673,0.0933321447309595,0.2800947480522511,0.11652142160425498,0.30255634120686276,T015_035_015_035,7
578,32.0,525,175,False,projected_continuous_optimization_loss,578,700,1.699937002756618e-05,0.9997460531956153,2.781081753674945e-07,2.781081753674945e-07,2.781081753674945e-07,2.7488372639463366e-07,2.7488372639463366e-07,2.7488372639463366e-07,2.7488372639463366e-07,2.7488372639463366e-07,6.448897945721652e-08,6.448897945721652e-08,6.448897945721652e-08,0.9997460531956153,0.07186362553166457,0.10110677134914386,0.42104938271604936,2.781081753674945e-07,6955.113978000591,6955.113978000591,11.961449699942023,13944.363192558289,,fixed_iterations,,0.14991043153187764,0.14991043153187764,0.35065844313531974,0.35065844313531974,0.14999851645547801,0.14999851645547801,0.34917866207293985,0.34917866207293985,578,0.0026217995160880627,0.0026217995160880627,0.00048761112548419497,0.042683767812077354,0.00048761112548419497,0.7933994970672206,0.0026215214079126953,0.09345962216212443,0.2830467051587957,0.11602286787026503,0.3008703018760355,T015_035_015_035,7
579,32.0,525,175,False,projected_continuous_optimization_loss,579,700,1.465083328170041e-05,0.9997801766214103,3.1830797880550564e-07,3.1830797880550564e-07,3.1830797880550564e-07,3.158918629167756e-07,3.158918629167756e-07,3.158918629167756e-07,3.158918629167756e-07,3.158918629167756e-07,4.832231777460069e-08,4.832231777460069e-08,4.832231777460069e-08,0.9997801766214103,0.07181906979971804,0.10103371636809512,0.4208641975308642,3.1830797880550564e-07,6967.11729560059,6967.11729560059,12.003317599999718,13968.492761850357,,fixed_iterations,,0.14997915231493933,0.14997915231493933,0.35067926071702055,0.35067926071702055,0.15002776116534708,0.15002776116534708,0.3490940024241033,0.3490940024241033,579,0.0025255912655762543,0.0025255912655762543,0.00047820546945750254,0.04094771592237503,0.00047820546945750254,0.7976445802001463,0.0025252729575974487,0.09423872094553519,0.285067865327928,0.11624602509227233,0.30209196883441075,T015_035_015_035,7
580,32.0,525,175,False,projected_continuous_optimization_loss,580,700,1.4682121938749114e-05,1.0000154339557676,1.962680277490706e-06,1.962680277490706e-06,1.962680277490706e-06,1.962668367141174e-06,1.962668367141174e-06,1.962668367141174e-06,1.962668367141174e-06,1.962668367141174e-06,2.382069906374939e-10,2.382069906374939e-10,2.382069906374939e-10,1.0000154339557676,0.07177569159086504,0.10095941024779317,0.4207098765432099,1.962680277490706e-06,6979.137893600622,6979.137893600622,12.020598000031896,13992.604454040527,,fixed_iterations,,0.1500256912407984,0.1500256912407984,0.34806281976635955,0.34806281976635955,0.14990478320197897,0.14990478320197897,0.35202213974663077,0.35202213974663077,580,0.002437780760480094,0.002437780760480094,0.0005055420862598155,0.038644773484405565,0.0005055420862598155,0.803417260461643,0.002435818080202603,0.09542625415954298,0.28336952499243306,0.11767355740894221,0.3069479239007246,T015_035_015_035,7
581,32.0,525,175,False,projected_continuous_optimization_loss,581,700,1.6317818595663713e-05,0.99982709856369,3.1756720144914894e-06,3.1756720144914894e-06,3.1756720144914894e-06,3.1741772691575884e-06,3.1741772691575884e-06,3.1741772691575884e-06,3.1741772691575884e-06,3.1741772691575884e-06,2.989490667801956e-08,2.989490667801956e-08,2.989490667801956e-08,0.99982709856369,0.07172985750167411,0.10088952812054483,0.42030864197530865,3.1756720144914894e-06,6991.200245900545,6991.200245900545,12.062352299923077,14016.805486917496,,fixed_iterations,,0.14997927339458117,0.14997927339458117,0.3524348035310108,0.3524348035310108,0.1500159610610232,0.1500159610610232,0.3473970605770748,0.3473970605770748,581,0.002340335320137478,0.002340335320137478,0.00039888607323737405,0.03882898493800208,0.00039888607323737405,0.8029492833354771,0.0023371596481229864,0.09614648641001858,0.29069732396001813,0.11685010376730585,0.29925536919813456,T015_035_015_035,7
582,32.0,525,175,False,projected_continuous_optimization_loss,582,700,1.7521643514826313e-05,1.0000808837308581,2.6211352898523004e-06,2.6211352898523004e-06,2.6211352898523004e-06,2.620808180956422e-06,2.620808180956422e-06,2.620808180956422e-06,2.620808180956422e-06,2.620808180956422e-06,6.542177917565981e-09,6.542177917565981e-09,6.542177917565981e-09,1.0000808837308581,0.0716876724272886,0.10081449764285946,0.42027777777777775,2.6211352898523004e-06,7003.218109200476,7003.218109200476,12.017863299930468,14040.875586509705,,fixed_iterations,,0.1500305724137306,0.1500305724137306,0.3477325320288489,0.3477325320288489,0.1500060605938626,0.1500060605938626,0.3523117186944162,0.3523117186944162,582,0.0023567638012188296,0.0023567638012188296,0.0004999057263076295,0.037137161498224,0.0004999057263076295,0.8072899548590577,0.0023541426659289774,0.09627369007743315,0.2840942913430173,0.11834664748722902,0.3085753259513783,T015_035_015_035,7
583,32.0,525,175,False,projected_continuous_optimization_loss,583,700,1.6958669775310022e-05,0.9999565603256758,9.671928809895643e-07,9.671928809895643e-07,9.671928809895643e-07,9.670985307242957e-07,9.670985307242957e-07,9.670985307242957e-07,9.670985307242957e-07,9.670985307242957e-07,1.8870053053720577e-09,1.8870053053720577e-09,1.8870053053720577e-09,0.9999565603256758,0.07164168144096437,0.1007430452334823,0.41975308641975306,9.671928809895643e-07,7015.250788800418,7015.250788800418,12.03267959994264,14064.982061624527,,fixed_iterations,,0.14994011290854556,0.14994011290854556,0.35137583012792684,0.35137583012792684,0.15004422295548156,0.15004422295548156,0.348596394333722,0.348596394333722,583,0.002329862069089732,0.002329862069089732,0.00041442514848003816,0.03830873841219388,0.00041442514848003816,0.8042738177652415,0.0023288948762087425,0.09521351864723859,0.2899449202813183,0.11887817494998985,0.3002372038866948,T015_035_015_035,7
584,32.0,525,175,False,projected_continuous_optimization_loss,584,700,1.529552916918244e-05,1.0000199139847323,1.0653469915934515e-08,1.0653469915934515e-08,1.0653469915934515e-08,1.0633641576538533e-08,1.0633641576538533e-08,1.0633641576538533e-08,1.0633641576538533e-08,1.0633641576538533e-08,3.965667879196215e-10,3.965667879196215e-10,3.965667879196215e-10,1.0000199139847323,0.07159824285252839,0.10066951055404043,0.4195987654320988,1.0653469915934515e-08,7027.249142100452,7027.249142100452,11.998353300034069,14089.089120149612,,fixed_iterations,,0.15001885282818514,0.15001885282818514,0.3498718865097488,0.3498718865097488,0.14997058887750728,0.14997058887750728,0.35015858576929104,0.35015858576929104,584,0.0024247057637591806,0.0024247057637591806,0.0005039298159125106,0.038415518956933396,0.0005039298159125106,0.8040012271545216,0.0024246951102892644,0.09444181320422279,0.2847854192778705,0.11879662830848763,0.3059773663639408,T015_035_015_035,7
585,32.0,525,175,False,projected_continuous_optimization_loss,585,700,1.4330302040421613e-05,1.0000306849359035,5.240170163111501e-07,5.240170163111501e-07,5.240170163111501e-07,5.239699380465807e-07,5.239699380465807e-07,5.239699380465807e-07,5.239699380465807e-07,5.239699380465807e-07,9.415652913897734e-10,9.415652913897734e-10,9.415652913897734e-10,1.0000306849359035,0.07155481801314889,0.10059656468426004,0.4195679012345679,5.240170163111501e-07,7039.245806700434,7039.245806700434,11.996664599981159,14113.220867395401,,fixed_iterations,,0.1500531643274071,0.1500531643274071,0.3489841179463889,0.3489841179463889,0.14996382296731411,0.14996382296731411,0.3510295796947932,0.3510295796947932,585,0.0023514156896062613,0.0023514156896062613,0.0004968346176247085,0.03709162143963105,0.0004968346176247085,0.8074081480445471,0.0023508916725899502,0.0951551848569827,0.286292018291563,0.11881434897518965,0.3071465959208118,T015_035_015_035,7
586,32.0,525,175,False,projected_continuous_optimization_loss,586,700,1.4834980618940928e-05,0.9999191196690246,1.4744402648698876e-06,1.4744402648698876e-06,1.4744402648698876e-06,1.474113183472952e-06,1.474113183472952e-06,1.474113183472952e-06,1.474113183472952e-06,1.474113183472952e-06,6.541627938711303e-09,6.541627938711303e-09,6.541627938711303e-09,0.9999191196690246,0.07150990298462745,0.10052523592093998,0.4191358024691358,1.4744402648698876e-06,7051.277193300426,7051.277193300426,12.031386599992402,14137.343979597092,,fixed_iterations,,0.14993485908181348,0.14993485908181348,0.3516842996157455,0.3516842996157455,0.15004759917676969,0.15004759917676969,0.34825236179469593,0.34825236179469593,586,0.002193542106203542,0.002193542106203542,0.0003866632958322152,0.03613757620742654,0.0003866632958322152,0.8099011409623231,0.0021920676659386725,0.09671442870017234,0.2932814793660135,0.11914554260562972,0.30075969029050753,T015_035_015_035,7
587,32.0,525,175,False,projected_continuous_optimization_loss,587,700,1.5776420861795378e-05,0.9999781414681763,1.4966976419803706e-06,1.4966976419803706e-06,1.4966976419803706e-06,1.4966737522096962e-06,1.4966737522096962e-06,1.4966737522096962e-06,1.4966737522096962e-06,1.4966737522096962e-06,4.77795413486915e-10,4.77795413486915e-10,4.77795413486915e-10,0.9999781414681763,0.07146756443961243,0.1004510456317264,0.41910493827160494,1.4966976419803706e-06,7063.262088200427,7063.262088200427,11.984894900000654,14161.362753629684,,fixed_iterations,,0.1500203007041716,0.1500203007041716,0.348257555296692,0.348257555296692,0.14998277744073252,0.14998277744073252,0.35171750802658025,0.35171750802658025,587,0.0023202341726526183,0.0023202341726526183,0.000547641598230459,0.03545185148844319,0.000547641598230459,0.8117133794226388,0.002318737475010638,0.0961840517303982,0.28681687449124804,0.11704851343035133,0.31166393977064116,T015_035_015_035,7
588,32.0,525,175,False,projected_continuous_optimization_loss,588,700,1.5790210529902857e-05,0.9999105491203031,6.148068366800293e-07,6.148068366800293e-07,6.148068366800293e-07,6.144067636861017e-07,6.144067636861017e-07,6.144067636861017e-07,6.144067636861017e-07,6.144067636861017e-07,8.001459878552379e-09,8.001459878552379e-09,8.001459878552379e-09,0.9999105491203031,0.07142316599209815,0.10038073010201781,0.41891975308641977,6.148068366800293e-07,7075.285286500468,7075.285286500468,12.023198300041258,14185.474635601044,,fixed_iterations,,0.1499519187428537,0.1499519187428537,0.3510926276898251,0.3510926276898251,0.14998943991326757,0.14998943991326757,0.3488765627743567,0.3488765627743567,588,0.002203988254675856,0.002203988254675856,0.00040295771097443136,0.03602061087402849,0.00040295771097443136,0.8102090337396731,0.002203373447839176,0.09703233922801532,0.29218625190684194,0.11812751897753344,0.30286292362728245,T015_035_015_035,7
589,32.0,525,175,False,projected_continuous_optimization_loss,589,700,1.4899440035099659e-05,0.9999188323381843,1.0080650331729133e-08,1.0080650331729133e-08,1.0080650331729133e-08,9.751240865499041e-09,9.751240865499041e-09,9.751240865499041e-09,9.751240865499041e-09,9.751240865499041e-09,6.588189324601857e-09,6.588189324601857e-09,6.588189324601857e-09,0.9999188323381843,0.07138086532334835,0.1003093606794807,0.4187037037037037,1.0080650331729133e-08,7087.289244500571,7087.289244500571,12.003958000103012,14209.563993930817,,fixed_iterations,,0.15002762171355646,0.15002762171355646,0.34982193733153505,0.34982193733153505,0.1499757301633559,0.1499757301633559,0.3500935431297369,0.3500935431297369,589,0.0021793251439983035,0.0021793251439983035,0.00040375871215763163,0.03551132863681344,0.00040375871215763163,0.8115555025032214,0.0021793150633479716,0.0973439416178568,0.2910110531033908,0.11885708388130141,0.3043434239006723,T015_035_015_035,7
590,32.0,525,175,False,projected_continuous_optimization_loss,590,700,1.42862537150014e-05,0.9999341065914885,3.1146931359035186e-07,3.1146931359035186e-07,3.1146931359035186e-07,3.112522165260895e-07,3.112522165260895e-07,3.112522165260895e-07,3.112522165260895e-07,3.112522165260895e-07,4.341941285246938e-09,4.341941285246938e-09,4.341941285246938e-09,0.9999341065914885,0.07133823761258248,0.10023790297812285,0.4187037037037037,3.1146931359035186e-07,7099.343417200493,7099.343417200493,12.054172699921764,14233.76067018509,,fixed_iterations,,0.15000636215461355,0.15000636215461355,0.34918907236530866,0.34918907236530866,0.14997209872826184,0.14997209872826184,0.3507665733433046,0.3507665733433046,590,0.002255641719288545,0.002255641719288545,0.0005121009935529225,0.03487081451471245,0.0005121009935529225,0.8132627125753604,0.0022553302499749546,0.09635613749490775,0.28902978334571944,0.11756544996404555,0.3103113417706877,T015_035_015_035,7
591,32.0,525,175,False,projected_continuous_optimization_loss,591,700,1.457911683610685e-05,0.9999258978820661,8.636875206928867e-07,8.636875206928867e-07,8.636875206928867e-07,8.63412964498773e-07,8.63412964498773e-07,8.63412964498773e-07,8.63412964498773e-07,8.63412964498773e-07,5.4911238822739405e-09,5.4911238822739405e-09,5.4911238822739405e-09,0.9999258978820661,0.07129509618925045,0.10016869131927959,0.4184259259259259,8.636875206928867e-07,7111.381164300605,7111.381164300605,12.037747100112028,14257.900750398636,,fixed_iterations,,0.14990690891567246,0.14990690891567246,0.35131190218720915,0.35131190218720915,0.1500197459803486,0.1500197459803486,0.34868734079883595,0.34868734079883595,591,0.0021660544193854137,0.0021660544193854137,0.0003909162862476312,0.03550276266275565,0.0003909162862476312,0.8115782319827255,0.0021651907318647207,0.09728175988131091,0.293391123443064,0.11856139117721157,0.30234395748113896,T015_035_015_035,7
592,32.0,525,175,False,projected_continuous_optimization_loss,592,700,1.5122706758542978e-05,0.999962813118045,8.048388939267107e-07,8.048388939267107e-07,8.048388939267107e-07,8.047697507172345e-07,8.047697507172345e-07,8.047697507172345e-07,8.047697507172345e-07,8.047697507172345e-07,1.3828641895250537e-09,1.3828641895250537e-09,1.3828641895250537e-09,0.999962813118045,0.07125435898276995,0.10009812175791015,0.4180864197530864,8.048388939267107e-07,7123.3781952006975,7123.3781952006975,11.997030900092795,14281.949504613876,,fixed_iterations,,0.15006201924662685,0.15006201924662685,0.34868569195476373,0.34868569195476373,0.149994866549315,0.149994866549315,0.35122023536733954,0.35122023536733954,592,0.0022158916327178037,0.0022158916327178037,0.0005223036480167787,0.033871759694020495,0.0005223036480167787,0.8159571797270524,0.002215086793823877,0.09719312467663341,0.2889381731024893,0.11741106835796952,0.31241481358996015,T015_035_015_035,7
593,32.0,525,175,False,projected_continuous_optimization_loss,593,700,1.5055710690480702e-05,0.9999886420460586,2.5993713939554213e-07,2.5993713939554213e-07,2.5993713939554213e-07,2.599306892396554e-07,2.599306892396554e-07,2.599306892396554e-07,2.599306892396554e-07,2.599306892396554e-07,1.290031177340544e-10,1.290031177340544e-10,1.290031177340544e-10,0.9999886420460586,0.0712115148991024,0.1000295004609574,0.4178703703703704,2.5993713939554213e-07,7135.406098900712,7135.406098900712,12.027903700014576,14306.084263563156,,fixed_iterations,,0.14997783595716283,0.14997783595716283,0.35073566207850626,0.35073566207850626,0.14998047475141965,0.14998047475141965,0.34929466925896985,0.34929466925896985,593,0.002145600352830691,0.002145600352830691,0.0004241252608658664,0.034429501839296495,0.0004241252608658664,0.8144481155059413,0.0021453404156912955,0.09766144342463252,0.29247002748024836,0.11799018102482477,0.30632646357623566,T015_035_015_035,7
594,32.0,525,175,False,projected_continuous_optimization_loss,594,700,1.450224011921602e-05,1.0000055088867,2.015606120469422e-09,2.015606120469422e-09,2.015606120469422e-09,2.0140887288357925e-09,2.0140887288357925e-09,2.0140887288357925e-09,2.0140887288357925e-09,2.0140887288357925e-09,3.034783267258973e-11,3.034783267258973e-11,3.034783267258973e-11,1.0000055088867,0.07116992051501506,0.09995965866775196,0.4176543209876543,2.015606120469422e-09,7147.443005900714,7147.443005900714,12.03690700000152,14330.212357282639,,fixed_iterations,,0.1499931744553199,0.1499931744553199,0.35007181803686965,0.35007181803686965,0.14999396120787045,0.14999396120787045,0.3499465551866398,0.3499465551866398,594,0.002139675102001655,0.002139675102001655,0.0004467610220345925,0.033858281599341254,0.0004467610220345925,0.8159938001062429,0.0021396730863955347,0.09767065672575373,0.2915913336963576,0.11822065798369191,0.30851115170043975,T015_035_015_035,7
595,32.0,525,175,False,projected_continuous_optimization_loss,595,700,1.423599970912348e-05,1.0000083955678107,2.7518865799412526e-07,2.7518865799412526e-07,2.7518865799412526e-07,2.75185133716182e-07,2.75185133716182e-07,2.75185133716182e-07,2.75185133716182e-07,2.75185133716182e-07,7.048555886468743e-11,7.048555886468743e-11,7.048555886468743e-11,1.0000083955678107,0.0711286053271881,0.09989002027581342,0.4173456790123457,2.7518865799412526e-07,7159.492725300719,7159.492725300719,12.049719400005415,14354.390219688416,,fixed_iterations,,0.15002416113631212,0.15002416113631212,0.34924136058785626,0.34924136058785626,0.15001887835338215,0.15001887835338215,0.3507239954902603,0.3507239954902603,595,0.002127316028430133,0.002127316028430133,0.0004617679487170993,0.033310961594260675,0.0004617679487170993,0.8174870919790584,0.0021270408397721387,0.09772317272657254,0.29122350468301594,0.11851494200299606,0.31002547256647395,T015_035_015_035,7
596,32.0,525,175,False,projected_continuous_optimization_loss,596,700,1.4500909723431745e-05,1.000015228077443,5.483012297857071e-07,5.483012297857071e-07,5.483012297857071e-07,5.482896350685766e-07,5.482896350685766e-07,5.482896350685766e-07,5.482896350685766e-07,5.482896350685766e-07,2.318943426109261e-10,2.318943426109261e-10,2.318943426109261e-10,1.000015228077443,0.0710862329340488,0.09982191610048106,0.41728395061728396,5.483012297857071e-07,7171.527012300678,7171.527012300678,12.034286999958567,14378.477098941803,,fixed_iterations,,0.14994578197879438,0.14994578197879438,0.35107424495164347,0.35107424495164347,0.15001326407577814,0.15001326407577814,0.34898193707122693,0.34898193707122693,596,0.0020932068801974408,0.0020932068801974408,0.0004131003991917344,0.03360212962011413,0.0004131003991917344,0.8166911632787057,0.002092658578967655,0.09765750178315082,0.293376959350052,0.11936560460254672,0.30629109754295625,T015_035_015_035,7
597,32.0,525,175,False,projected_continuous_optimization_loss,597,700,1.4765547816595467e-05,1.0000000356268959,3.951428636688429e-07,3.951428636688429e-07,3.951428636688429e-07,3.951428636053791e-07,3.951428636053791e-07,3.951428636053791e-07,3.951428636053791e-07,3.951428636053791e-07,1.2692757098934955e-15,1.2692757098934955e-15,1.2692757098934955e-15,1.0000000356268959,0.07104539158195096,0.09975143903914925,0.4171604938271605,3.951428636688429e-07,7183.535648700781,7183.535648700781,12.008636400103569,14402.591075658798,,fixed_iterations,,0.150055724021346,0.150055724021346,0.3490945006629926,0.3490945006629926,0.1499796821969173,0.1499796821969173,0.3508701287456401,0.3508701287456401,597,0.0021222154362241534,0.0021222154362241534,0.00045953062731358615,0.03325369617821134,0.00045953062731358615,0.8176440399158522,0.0021218202933604847,0.09784956365502218,0.29165113136527604,0.11821244495990176,0.30993089993565215,T015_035_015_035,7
598,32.0,525,175,False,projected_continuous_optimization_loss,598,700,1.4604221180059036e-05,0.9999922300595041,7.088399252545137e-08,7.088399252545137e-08,7.088399252545137e-08,7.088097392668597e-08,7.088097392668597e-08,7.088097392668597e-08,7.088097392668597e-08,7.088097392668597e-08,6.037197530801117e-11,6.037197530801117e-11,6.037197530801117e-11,0.9999922300595041,0.0710032992285117,0.09968317882126305,0.4169753086419753,7.088399252545137e-08,7195.598900100798,7195.598900100798,12.06325140001718,14426.761860609055,,fixed_iterations,,0.14998186262937363,0.14998186262937363,0.3503834831087764,0.3503834831087764,0.14999575888613287,0.14999575888613287,0.34963112543522123,0.34963112543522123,598,0.0021188150968140533,0.0021188150968140533,0.0004410202256690637,0.03355589742289979,0.0004410202256690637,0.8168173113449315,0.002118744212821528,0.09758066527197724,0.29235686980862896,0.11867351770792299,0.30820625855640227,T015_035_015_035,7
599,32.0,525,175,False,projected_continuous_optimization_loss,599,700,1.4271543838227792e-05,0.9999716299704702,2.940893133474344e-08,2.940893133474344e-08,2.940893133474344e-08,2.936868840596729e-08,2.936868840596729e-08,2.936868840596729e-08,2.936868840596729e-08,2.936868840596729e-08,8.048585755230186e-10,8.048585755230186e-10,8.048585755230186e-10,0.9999716299704702,0.07096185862411139,0.09961409759730969,0.4167901234567901,2.940893133474344e-08,7207.693547300762,7207.693547300762,12.09464719996322,14450.929548025131,,fixed_iterations,,0.14997251662502348,0.14997251662502348,0.3502353333625088,0.3502353333625088,0.15001146472816504,0.15001146472816504,0.34975231525477285,0.34975231525477285,599,0.002049254441501294,0.002049254441501294,0.00044189329295251365,0.032147222970975615,0.00044189329295251365,0.8207035333003585,0.0020492250325699593,0.09838207940182409,0.29277581376485456,0.11920193211553387,0.31034370801814604,T015_035_015_035,7
600,32.0,525,175,False,projected_continuous_optimization_loss,600,700,1.4221780656157022e-05,0.9999526841643677,2.4274161710285723e-07,2.4274161710285723e-07,2.4274161710285723e-07,2.4262967768777846e-07,2.4262967768777846e-07,2.4262967768777846e-07,2.4262967768777846e-07,2.4262967768777846e-07,2.2387883015754777e-09,2.2387883015754777e-09,2.2387883015754777e-09,0.9999526841643677,0.07092087539893357,0.09954460929324271,0.4166666666666667,2.4274161710285723e-07,7219.693310500821,7219.693310500821,11.999763200059533,14475.04674577713,,fixed_iterations,,0.15002044931609443,0.15002044931609443,0.34927451300054607,0.34927451300054607,0.14999084468683355,0.14999084468683355,0.3506668771608937,0.3506668771608937,600,0.0021347813020160785,0.0021347813020160785,0.0004687708206786268,0.03332020962674903,0.0004687708206786268,0.8174617584538817,0.0021345385603989755,0.09792215600386896,0.29077236998701084,0.11813545517322761,0.3106317772897743,T015_035_015_035,7
601,32.0,525,175,False,projected_continuous_optimization_loss,601,700,1.4426916696889574e-05,0.9999621982256579,3.301905617138853e-07,3.301905617138853e-07,3.301905617138853e-07,3.301191130067152e-07,3.301191130067152e-07,3.301191130067152e-07,3.301191130067152e-07,3.301191130067152e-07,1.4289741434022343e-09,1.4289741434022343e-09,1.4289741434022343e-09,0.9999621982256579,0.07087923636155671,0.09947756347520564,0.4164814814814815,3.301905617138853e-07,7231.660992500838,7231.660992500838,11.967682000016794,14499.127444028854,,fixed_iterations,,0.1499573113580079,0.1499573113580079,0.3508226705762422,0.3508226705762422,0.1499829402322401,0.1499829402322401,0.3491992760591678,0.3491992760591678,601,0.0021032945513308377,0.0021032945513308377,0.00043966474922224955,0.03327259604217176,0.00043966474922224955,0.81759222592726,0.002102964360769124,0.0973121758880403,0.2929856572833699,0.11930964978652567,0.3079847429693241,T015_035_015_035,7
602,32.0,525,175,False,projected_continuous_optimization_loss,602,700,1.450603783402523e-05,0.9999439867397694,1.6490844132384105e-07,1.6490844132384105e-07,1.6490844132384105e-07,1.647515670577578e-07,1.647515670577578e-07,1.647515670577578e-07,1.647515670577578e-07,1.647515670577578e-07,3.1374853216649755e-09,3.1374853216649755e-09,3.1374853216649755e-09,0.9999439867397694,0.07083883074393137,0.09940838703736142,0.41626543209876543,1.6490844132384105e-07,7243.682756700902,7243.682756700902,12.021764200064354,14523.160144329071,,fixed_iterations,,0.1500334918846104,0.1500334918846104,0.3493859104242369,0.3493859104242369,0.14999304215480316,0.14999304215480316,0.35053154227611893,0.35053154227611893,602,0.0021347813020160785,0.0021347813020160785,0.0004687708206786268,0.03332020962674903,0.0004687708206786268,0.8174617584538817,0.0021346163935747546,0.09792215600386896,0.29077236998701084,0.11813545517322761,0.3106317772897743,T015_035_015_035,7
603,32.0,525,175,False,projected_continuous_optimization_loss,603,700,1.4332674590110116e-05,0.99996136002124,6.989703762794735e-09,6.989703762794735e-09,6.989703762794735e-09,6.915051364865764e-09,6.915051364865764e-09,6.915051364865764e-09,6.915051364865764e-09,6.915051364865764e-09,1.4930479585794306e-09,1.4930479585794306e-09,1.4930479585794306e-09,0.99996136002124,0.07079758257140409,0.09934086672666918,0.41617283950617284,6.989703762794735e-09,7255.6422571009025,7255.6422571009025,11.959500400000252,14547.20282459259,,fixed_iterations,,0.1499732674802786,0.1499732674802786,0.3501125167738443,0.3501125167738443,0.1499955499525467,0.1499955499525467,0.34988002581457034,0.34988002581457034,603,0.0020711885389726077,0.0020711885389726077,0.0004515878864513694,0.03239201305042476,0.0004515878864513694,0.8200221873384811,0.002071181549268845,0.09815364739866331,0.29312062272107103,0.11851084927437047,0.31023706794437633,T015_035_015_035,7
604,32.0,525,175,False,projected_continuous_optimization_loss,604,700,1.4166506218043613e-05,0.9999749380102895,5.9295672493840496e-08,5.9295672493840496e-08,5.9295672493840496e-08,5.9264267327428245e-08,5.9264267327428245e-08,5.9264267327428245e-08,5.9264267327428245e-08,5.9264267327428245e-08,6.281033282450787e-10,6.281033282450787e-10,6.281033282450787e-10,0.9999749380102895,0.07075683107617364,0.09927348361091592,0.41608024691358025,5.9295672493840496e-08,7267.63418300089,7267.63418300089,11.991925899987109,14571.25736451149,,fixed_iterations,,0.14996658522518128,0.14996658522518128,0.3503490320163144,0.3503490320163144,0.14999694159756527,0.14999694159756527,0.34966237917122867,0.34966237917122867,604,0.002081911545049539,0.002081911545049539,0.0004535138126313739,0.0325679546483633,0.0004535138126313739,0.8195340623597814,0.002081852249377045,0.09795733459692763,0.29287363262395827,0.1186319446768087,0.3100711504620867,T015_035_015_035,7
605,32.0,525,175,False,projected_continuous_optimization_loss,605,700,1.421066188772857e-05,0.9999724633677848,1.881235549677549e-07,1.881235549677549e-07,1.881235549677549e-07,1.880856416620674e-07,1.880856416620674e-07,1.880856416620674e-07,1.880856416620674e-07,1.880856416620674e-07,7.582661137501385e-10,7.582661137501385e-10,7.582661137501385e-10,0.9999724633677848,0.07071672001132331,0.09920548404222748,0.4158950617283951,1.881235549677549e-07,7279.607397000887,7279.607397000887,11.973213999997824,14595.336504936218,,fixed_iterations,,0.15004178149681988,0.15004178149681988,0.349354897388082,0.349354897388082,0.14999688454682497,0.14999688454682497,0.3505788999360579,0.3505788999360579,605,0.00212525177181471,0.00212525177181471,0.00047398338437848117,0.033025367748724575,0.00047398338437848117,0.8182711697370927,0.0021250636482597423,0.09809930397791114,0.29084936522462723,0.11802432700595442,0.3112981735285999,T015_035_015_035,7
606,32.0,525,175,False,projected_continuous_optimization_loss,606,700,1.4331467557232418e-05,1.000001872321166,1.7766582841755125e-07,1.7766582841755125e-07,1.7766582841755125e-07,1.776656531382238e-07,1.776656531382238e-07,1.776656531382238e-07,1.776656531382238e-07,1.776656531382238e-07,3.5055865490544565e-12,3.5055865490544565e-12,3.5055865490544565e-12,1.000001872321166,0.07067564862696034,0.09913900017234302,0.41583333333333333,1.7766582841755125e-07,7291.691202600952,7291.691202600952,12.083805600064807,14619.551740407944,,fixed_iterations,,0.14996899159498622,0.14996899159498622,0.3506163378002045,0.3506163378002045,0.1499908063597172,0.1499908063597172,0.34942573656625814,0.34942573656625814,606,0.0020707277074504243,0.0020707277074504243,0.00044319816307007595,0.032550590887606964,0.00044319816307007595,0.8195821769125706,0.0020705500416220066,0.09802083135582361,0.2935223211922518,0.11866322893864842,0.30937579542584687,T015_035_015_035,7
607,32.0,525,175,False,projected_continuous_optimization_loss,607,700,1.4312795553809619e-05,0.9999927360430455,5.3963702699326743e-08,5.3963702699326743e-08,5.3963702699326743e-08,5.3961064445794826e-08,5.3961064445794826e-08,5.3961064445794826e-08,5.3961064445794826e-08,5.3961064445794826e-08,5.2765070638372405e-11,5.2765070638372405e-11,5.2765070638372405e-11,0.9999927360430455,0.07063537881096736,0.09907078888164103,0.415679012345679,5.3963702699326743e-08,7303.728606501012,7303.728606501012,12.037403900059871,14643.677490472794,,fixed_iterations,,0.1500075536042457,0.1500075536042457,0.34966289757319535,0.34966289757319535,0.1500026125870019,0.1500026125870019,0.35031967227860256,0.35031967227860256,607,0.0021208803449185723,0.0021208803449185723,0.00046548811357124227,0.033107844626946596,0.00046548811357124227,0.8180443883059756,0.002120826381215873,0.09797970795056894,0.29181167272045944,0.11783982401798501,0.3104131836169622,T015_035_015_035,7
608,32.0,525,175,False,projected_continuous_optimization_loss,608,700,1.4181039464892798e-05,0.9999960025790682,1.329670696763272e-09,1.329670696763272e-09,1.329670696763272e-09,1.3288717280579634e-09,1.3288717280579634e-09,1.3288717280579634e-09,1.3288717280579634e-09,1.3288717280579634e-09,1.597937410617474e-11,1.597937410617474e-11,1.597937410617474e-11,0.9999960025790682,0.07059479597418566,0.09900382677814616,0.415462962962963,1.329670696763272e-09,7315.6499687010655,7315.6499687010655,11.921362200053409,14667.674687623978,,fixed_iterations,,0.14999703741964582,0.14999703741964582,0.3499446529909113,0.3499446529909113,0.1500073812622836,0.1500073812622836,0.3500469309062274,0.3500469309062274,608,0.0021208803449185723,0.0021208803449185723,0.00046548811357124227,0.033107844626946596,0.00046548811357124227,0.8180443883059756,0.0021208790152478754,0.09797970795056894,0.29181167272045944,0.11783982401798501,0.3104131836169622,T015_035_015_035,7
609,32.0,525,175,False,projected_continuous_optimization_loss,609,700,1.4120288865533897e-05,0.9999996576190345,6.898777025647865e-08,6.898777025647865e-08,6.898777025647865e-08,6.898776439524237e-08,6.898776439524237e-08,6.898776439524237e-08,6.898776439524237e-08,6.898776439524237e-08,1.1722472559075744e-13,1.1722472559075744e-13,1.1722472559075744e-13,0.9999996576190345,0.0705541486395499,0.0989369240455044,0.4152469135802469,6.898777025647865e-08,7327.645446601091,7327.645446601091,11.995477900025435,14691.77679181099,,fixed_iterations,,0.1499823320112016,0.1499823320112016,0.35038273827868366,0.35038273827868366,0.14999390581676011,0.14999390581676011,0.34964068151238914,0.34964068151238914,609,0.002077155443913085,0.002077155443913085,0.0004418302966641788,0.03270650294497812,0.0004418302966641788,0.8191506070096496,0.0020770864561428285,0.09820549502124791,0.2934366052783348,0.1182143013357058,0.30929420537436125,T015_035_015_035,7
610,32.0,525,175,False,projected_continuous_optimization_loss,610,700,1.4179817498166459e-05,0.9999783935507077,1.2662832879065553e-07,1.2662832879065553e-07,1.2662832879065553e-07,1.266049868581043e-07,1.266049868581043e-07,1.266049868581043e-07,1.266049868581043e-07,1.266049868581043e-07,4.66838651024552e-10,4.66838651024552e-10,4.66838651024552e-10,0.9999783935507077,0.07051392218687959,0.098868836876576,0.4151851851851852,1.2662832879065553e-07,7339.68157010118,7339.68157010118,12.036123500089161,14715.922314167023,,fixed_iterations,,0.15002828633572154,0.15002828633572154,0.3494768459490456,0.3494768459490456,0.14999139485544408,0.14999139485544408,0.3504818664104964,0.3504818664104964,610,0.0021289310059971344,0.0021289310059971344,0.00047753049481800676,0.03302801022358255,0.00047753049481800676,0.8182638995037514,0.002128804377668344,0.0978986126580393,0.29114540929590443,0.11799325621343949,0.3112266213363682,T015_035_015_035,7
611,32.0,525,175,False,projected_continuous_optimization_loss,611,700,1.4229412766166574e-05,0.9999828455897181,8.42457483619615e-08,8.42457483619615e-08,8.42457483619615e-08,8.423103467235564e-08,8.423103467235564e-08,8.423103467235564e-08,8.423103467235564e-08,8.423103467235564e-08,2.942737921172772e-10,2.942737921172772e-10,2.942737921172772e-10,0.9999828455897181,0.07047313044530794,0.09880246872693883,0.4150617283950617,8.42457483619615e-08,7351.724354201113,7351.724354201113,12.04278409993276,14740.055120706558,,fixed_iterations,,0.14996838155592399,0.14996838155592399,0.35041760531646,0.35041760531646,0.1499986185452225,0.1499986185452225,0.3495982401721116,0.3495982401721116,611,0.002093511917646127,0.002093511917646127,0.0004446867365992508,0.03297650362093753,0.0004446867365992508,0.8184056619248896,0.0020934276718977654,0.09817868659006407,0.29256596742807267,0.11821958953826042,0.30944141836849237,T015_035_015_035,7
612,32.0,525,175,False,projected_continuous_optimization_loss,612,700,1.417887183742355e-05,0.9999654829505219,1.202578663319143e-08,1.202578663319143e-08,1.202578663319143e-08,1.1966215297957367e-08,1.1966215297957367e-08,1.1966215297957367e-08,1.1966215297957367e-08,1.1966215297957367e-08,1.1914267046812658e-09,1.1914267046812658e-09,1.1914267046812658e-09,0.9999654829505219,0.0704329082236638,0.09873491713087121,0.41478395061728396,1.202578663319143e-08,7363.765098701115,7363.765098701115,12.040744500001892,14764.139821767807,,fixed_iterations,,0.14999836299335303,0.14999836299335303,0.34982783769476955,0.34982783769476955,0.15000248661237747,0.15000248661237747,0.3501367956500218,0.3501367956500218,612,0.00210983821871773,0.00210983821871773,0.0004476260567736471,0.03324424323888166,0.0004476260567736471,0.8176699606787688,0.002109826192931097,0.09814101901070643,0.292310106476534,0.11788029202112908,0.3093385431703994,T015_035_015_035,7
613,32.0,525,175,False,projected_continuous_optimization_loss,613,700,1.4098607431365952e-05,0.9999638673015858,9.890543462419258e-09,9.890543462419258e-09,9.890543462419258e-09,9.825264867684747e-09,9.825264867684747e-09,9.825264867684747e-09,9.825264867684747e-09,9.825264867684747e-09,1.3055718946902214e-09,1.3055718946902214e-09,1.3055718946902214e-09,0.9999638673015858,0.07039255393519533,0.09866797240925182,0.4145987654320988,9.890543462419258e-09,7375.7871516011655,7375.7871516011655,12.022052900050767,14788.289293766022,,fixed_iterations,,0.15000215943933662,0.15000215943933662,0.3498466865964754,0.3498466865964754,0.1499883316539974,0.1499883316539974,0.3501266896117764,0.3501266896117764,613,0.00210983821871773,0.00210983821871773,0.0004476260567736471,0.03324424323888166,0.0004476260567736471,0.8176699606787688,0.0021098283281742675,0.09814101901070643,0.292310106476534,0.11788029202112908,0.3093385431703994,T015_035_015_035,7
614,32.0,525,175,False,projected_continuous_optimization_loss,614,700,1.4088401330501487e-05,0.9999711429609305,6.036118092594522e-08,6.036118092594522e-08,6.036118092594522e-08,6.031954449075256e-08,6.031954449075256e-08,6.031954449075256e-08,6.031954449075256e-08,6.031954449075256e-08,8.327287038533178e-10,8.327287038533178e-10,8.327287038533178e-10,0.9999711429609305,0.07035217040000408,0.09860167532642876,0.4145061728395062,6.036118092594522e-08,7387.8213721012,7387.8213721012,12.03422050003428,14812.429466247559,,fixed_iterations,,0.14997895030114586,0.14997895030114586,0.3503495269360402,0.3503495269360402,0.14998679311853821,0.14998679311853821,0.34965587260520625,0.34965587260520625,614,0.002093511917646127,0.002093511917646127,0.0004446867365992508,0.03297650362093753,0.0004446867365992508,0.8184056619248896,0.0020934515564652013,0.09817868659006407,0.29256596742807267,0.11821958953826042,0.30944141836849237,T015_035_015_035,7
615,32.0,525,175,False,projected_continuous_optimization_loss,615,700,1.4130795260926761e-05,0.999959463771591,7.584618868362042e-08,7.584618868362042e-08,7.584618868362042e-08,7.576402939293889e-08,7.576402939293889e-08,7.576402939293889e-08,7.576402939293889e-08,7.576402939293889e-08,1.6431858136306201e-09,1.6431858136306201e-09,1.6431858136306201e-09,0.999959463771591,0.07031221903633923,0.09853445818932613,0.41432098765432096,7.584618868362042e-08,7399.85646220122,7399.85646220122,12.03509010002017,14836.585544109344,,fixed_iterations,,0.15001518857567125,0.15001518857567125,0.3495826130411308,0.3495826130411308,0.15000175338934338,0.15000175338934338,0.35035990876544554,0.35035990876544554,615,0.002116730723833908,0.002116730723833908,0.0004588555352345214,0.03315750377198773,0.0004588555352345214,0.8179079799332555,0.0021166548776452242,0.09806140821601292,0.2916500226041973,0.11803579047327598,0.3101607586397693,T015_035_015_035,7
616,32.0,525,175,False,projected_continuous_optimization_loss,616,700,1.4138289995951468e-05,0.9999776243114941,3.544914622454166e-08,3.544914622454166e-08,3.544914622454166e-08,3.5424112652735675e-08,3.5424112652735675e-08,3.5424112652735675e-08,3.5424112652735675e-08,3.5424112652735675e-08,5.006714361197277e-10,5.006714361197277e-10,5.006714361197277e-10,0.9999776243114941,0.0702718242571505,0.09846842149861809,0.4141666666666667,3.544914622454166e-08,7411.798323801253,7411.798323801253,11.941861600033008,14860.640528440475,,fixed_iterations,,0.14997249852011496,0.14997249852011496,0.3502701160018707,0.3502701160018707,0.14999552897541651,0.14999552897541651,0.34973948081409195,0.34973948081409195,616,0.002093511917646127,0.002093511917646127,0.0004446867365992508,0.03297650362093753,0.0004446867365992508,0.8184056619248896,0.002093476468499903,0.09817868659006407,0.29256596742807267,0.11821958953826042,0.30944141836849237,T015_035_015_035,7
617,32.0,525,175,False,projected_continuous_optimization_loss,617,700,1.4089813997654644e-05,0.9999790169138051,1.0422771206713553e-09,1.0422771206713553e-09,1.0422771206713553e-09,1.0202626253584277e-09,1.0202626253584277e-09,1.0202626253584277e-09,1.0202626253584277e-09,1.0202626253584277e-09,4.4028990625855285e-10,4.4028990625855285e-10,4.4028990625855285e-10,0.9999790169138051,0.07023186231681425,0.09840181789648479,0.41410493827160494,1.0422771206713553e-09,7423.822267101263,7423.822267101263,12.023943300009705,14884.76494717598,,fixed_iterations,,0.14999870270442262,0.14999870270442262,0.34994814197925506,0.34994814197925506,0.14999383420356258,0.14999383420356258,0.35003833802656487,0.35003833802656487,617,0.0020819081897107874,0.0020819081897107874,0.00044229512151062865,0.03279226136400317,0.00044229512151062865,0.818913663232139,0.002081907147433667,0.09840578062398468,0.29285683878293683,0.11805711275643388,0.3095939310687836,T015_035_015_035,7
618,32.0,525,175,False,projected_continuous_optimization_loss,618,700,1.4047414740483521e-05,0.9999815979712532,1.484794224036478e-08,1.484794224036478e-08,1.484794224036478e-08,1.4831010507265062e-08,1.4831010507265062e-08,1.4831010507265062e-08,1.4831010507265062e-08,1.4831010507265062e-08,3.386346619943791e-10,3.386346619943791e-10,3.386346619943791e-10,0.9999815979712532,0.07019187138072837,0.09833542574431127,0.41391975308641976,1.484794224036478e-08,7435.846677001216,7435.846677001216,12.024409899953753,14908.90800857544,,fixed_iterations,,0.15001261276311575,0.15001261276311575,0.34981446621262,0.34981446621262,0.149996610076095,0.149996610076095,0.35015790891942256,0.35015790891942256,618,0.0020742652606870636,0.0020742652606870636,0.00043728251912848265,0.03273965483117162,0.00043728251912848265,0.819058974162376,0.0020742504127448233,0.0987362280133413,0.2926289042998951,0.11795811050550323,0.30973573134363663,T015_035_015_035,7
619,32.0,525,175,False,projected_continuous_optimization_loss,619,700,1.4053222218386039e-05,0.999993287571159,4.427118067397591e-08,4.427118067397591e-08,4.427118067397591e-08,4.4268927838928646e-08,4.4268927838928646e-08,4.4268927838928646e-08,4.4268927838928646e-08,4.4268927838928646e-08,4.5056700945254395e-11,4.5056700945254395e-11,4.5056700945254395e-11,0.999993287571159,0.0701516074893834,0.09826943084671674,0.41388888888888886,4.427118067397591e-08,7447.855863701203,7447.855863701203,12.009186699986458,14932.997010231018,,fixed_iterations,,0.1499780491658341,0.1499780491658341,0.3503067275559708,0.3503067275559708,0.14999563177754863,0.14999563177754863,0.3497128790718055,0.3497128790718055,619,0.0020763549133666725,0.0020763549133666725,0.0004402070712902535,0.03272295684152838,0.0004402070712902535,0.8191051221246759,0.0020763106421859984,0.09857430160027386,0.29273584143660397,0.11805250739499702,0.3097424716928011,T015_035_015_035,7
620,32.0,525,175,False,projected_continuous_optimization_loss,620,700,1.4074592678550656e-05,0.9999832039697607,4.1767365769175234e-08,4.1767365769175234e-08,4.1767365769175234e-08,4.1753260437585076e-08,4.1753260437585076e-08,4.1753260437585076e-08,4.1753260437585076e-08,4.1753260437585076e-08,2.8210663180309714e-10,2.8210663180309714e-10,2.8210663180309714e-10,0.9999832039697607,0.07011168376362391,0.09820250641306388,0.4137037037037037,4.1767365769175234e-08,7459.85996940115,7459.85996940115,12.004105699947104,14957.127663850784,,fixed_iterations,,0.15000699718465837,0.15000699718465837,0.34969807595104097,0.34969807595104097,0.15000249782528985,0.15000249782528985,0.3502756330087714,0.3502756330087714,620,0.002093898086816284,0.002093898086816284,0.0004429080992223826,0.03301979975187803,0.0004429080992223826,0.8182864899027098,0.002093856319450515,0.09851101426777562,0.2921014442848307,0.11795692512727829,0.3097171062228251,T015_035_015_035,7
621,32.0,525,175,False,projected_continuous_optimization_loss,621,700,1.4064104118493959e-05,0.9999890351596367,1.3464837816113276e-08,1.3464837816113276e-08,1.3464837816113276e-08,1.3458826429903604e-08,1.3458826429903604e-08,1.3458826429903604e-08,1.3458826429903604e-08,1.3458826429903604e-08,1.2022772419345703e-10,1.2022772419345703e-10,1.2022772419345703e-10,0.9999890351596367,0.07007151045428756,0.09813668177941738,0.4135493827160494,1.3464837816113276e-08,7471.862364101107,7471.862364101107,12.002394699957222,14981.240941047668,,fixed_iterations,,0.1499893199875987,0.1499893199875987,0.35016517080516735,0.35016517080516735,0.1499970862051481,0.1499970862051481,0.3498374581617225,0.3498374581617225,621,0.0020742652606870636,0.0020742652606870636,0.00043728251912848265,0.03273965483117162,0.00043728251912848265,0.819058974162376,0.0020742517958492477,0.0987362280133413,0.2926289042998951,0.11795811050550323,0.30973573134363663,T015_035_015_035,7
622,32.0,525,175,False,projected_continuous_optimization_loss,622,700,1.4027766928673625e-05,0.9999832820678,1.3138745581286665e-10,1.3138745581286665e-10,1.3138745581286665e-10,1.1741299296061193e-10,1.1741299296061193e-10,1.1741299296061193e-10,1.1741299296061193e-10,1.1741299296061193e-10,2.794892570450945e-10,2.794892570450945e-10,2.794892570450945e-10,0.9999832820678,0.07003146268197563,0.09807021030124836,0.4132098765432099,1.3138745581286665e-10,7483.906484501087,7483.906484501087,12.044120399979874,15005.30365228653,,fixed_iterations,,0.14999920412023196,0.14999920412023196,0.35001035221583426,0.35001035221583426,0.14999320765565585,0.14999320765565585,0.3499805180760779,0.3499805180760779,622,0.0020742652606870636,0.0020742652606870636,0.00043728251912848265,0.03273965483117162,0.00043728251912848265,0.819058974162376,0.002074265129299608,0.0987362280133413,0.2926289042998951,0.11795811050550323,0.30973573134363663,T015_035_015_035,7
623,32.0,525,175,False,projected_continuous_optimization_loss,623,700,1.400642392385094e-05,0.9999753161838274,1.4456576060675672e-08,1.4456576060675672e-08,1.4456576060675672e-08,1.4426111521634087e-08,1.4426111521634087e-08,1.4426111521634087e-08,1.4426111521634087e-08,1.4426111521634087e-08,6.092907808317126e-10,6.092907808317126e-10,6.092907808317126e-10,0.9999753161838274,0.06999140338358441,0.0980036745096907,0.41302469135802466,1.4456576060675672e-08,7495.9239491010085,7495.9239491010085,12.017464599921368,15029.42347240448,,fixed_iterations,,0.1500028074080922,0.1500028074080922,0.34981856547177886,0.34981856547177886,0.14999584681288655,0.14999584681288655,0.35015809649107,0.35015809649107,623,0.0020604554101907846,0.0020604554101907846,0.000429656147089706,0.03261598526202157,0.000429656147089706,0.8194010374835405,0.002060440953614724,0.09925249014258447,0.2924133027758356,0.11778560683020088,0.30994963773491946,T015_035_015_035,7
624,32.0,525,175,False,projected_continuous_optimization_loss,624,700,1.4012737252777559e-05,0.9999772837372499,2.922047915812922e-08,2.922047915812922e-08,2.922047915812922e-08,2.919467772846244e-08,2.919467772846244e-08,2.919467772846244e-08,2.919467772846244e-08,2.919467772846244e-08,5.160285933356096e-10,5.160285933356096e-10,5.160285933356096e-10,0.9999772837372499,0.06995124514043481,0.0979379247618052,0.4128395061728395,2.922047915812922e-08,7507.922988001024,7507.922988001024,11.999038900015876,15053.520526647568,,fixed_iterations,,0.14997811704571778,0.14997811704571778,0.3502420834977197,0.3502420834977197,0.14999722897561513,0.14999722897561513,0.3497598542181973,0.3497598542181973,624,0.0020705872964540606,0.0020705872964540606,0.00043762179276797487,0.03265931007372171,0.00043762179276797487,0.8192811297243097,0.0020705580759749023,0.09893638866235899,0.2926560494472028,0.11771557269339435,0.30997311892135365,T015_035_015_035,7
625,32.0,525,175,False,projected_continuous_optimization_loss,625,700,1.4019469507245093e-05,0.9999672015747388,2.204903493485747e-08,2.204903493485747e-08,2.204903493485747e-08,2.199524809987724e-08,2.199524809987724e-08,2.199524809987724e-08,2.199524809987724e-08,2.199524809987724e-08,1.0757366996046267e-09,1.0757366996046267e-09,1.0757366996046267e-09,0.9999672015747388,0.06991135225037462,0.09787126278887165,0.4126851851851852,2.204903493485747e-08,7519.92704420106,7519.92704420106,12.004056200035848,15077.663523674011,,fixed_iterations,,0.1500062713357173,0.1500062713357173,0.3497722062742566,0.3497722062742566,0.14999759094994836,0.14999759094994836,0.35019113301481664,0.35019113301481664,625,0.0020516713957812673,0.0020516713957812673,0.0004238489730234295,0.032556448455156754,0.0004238489730234295,0.8195659443033085,0.0020516493467463326,0.09953142930410777,0.2921955321584958,0.1178304768558844,0.3100085059848206,T015_035_015_035,7
626,32.0,525,175,False,projected_continuous_optimization_loss,626,700,1.4004319485009783e-05,0.9999730611548494,4.872128337800421e-09,4.872128337800421e-09,4.872128337800421e-09,4.835843268898041e-09,4.835843268898041e-09,4.835843268898041e-09,4.835843268898041e-09,4.835843268898041e-09,7.257013780476025e-10,7.257013780476025e-10,7.257013780476025e-10,0.9999730611548494,0.06987126949062765,0.09780551099606778,0.4125308641975309,4.872128337800421e-09,7531.884449701058,7531.884449701058,11.957405499997549,15101.771995544434,,fixed_iterations,,0.14999082341921816,0.14999082341921816,0.3500945922363239,0.3500945922363239,0.1499889812788485,0.1499889812788485,0.34989866422045884,0.34989866422045884,626,0.0020571533698196583,0.0020571533698196583,0.00042651693076999606,0.03261272878099325,0.00042651693076999606,0.8194100534885917,0.0020571484976913204,0.09948515998158518,0.2921948302787091,0.11769217870290061,0.31003788452539693,T015_035_015_035,7
627,32.0,525,175,False,projected_continuous_optimization_loss,627,700,1.3979126026463331e-05,0.99997242516964,8.894060187815791e-10,8.894060187815791e-10,8.894060187815791e-10,8.513874553125018e-10,8.513874553125018e-10,8.513874553125018e-10,8.513874553125018e-10,8.513874553125018e-10,7.603712693815453e-10,7.603712693815453e-10,7.603712693815453e-10,0.99997242516964,0.06983132928640935,0.09773944257990731,0.4123148148148148,8.894060187815791e-10,7543.888449801016,7543.888449801016,12.00400009995792,15125.853492975235,,fixed_iterations,,0.1499923581037787,0.1499923581037787,0.3500338682608384,0.3500338682608384,0.1499945461650204,0.1499945461650204,0.34995165264000255,0.34995165264000255,627,0.0020514292400888993,0.0020514292400888993,0.00042108144633038776,0.03260695587517023,0.00042108144633038776,0.819426037659993,0.0020514283506828804,0.09962035480181375,0.2922262917806129,0.11771718815003597,0.30986220292753053,T015_035_015_035,7
628,32.0,525,175,False,projected_continuous_optimization_loss,628,700,1.3967155263300653e-05,0.9999711252291564,1.135003567829104e-08,1.135003567829104e-08,1.135003567829104e-08,1.1308348058728255e-08,1.1308348058728255e-08,1.1308348058728255e-08,1.1308348058728255e-08,1.1308348058728255e-08,8.337523912557249e-10,8.337523912557249e-10,8.337523912557249e-10,0.9999711252291564,0.06979144075729579,0.09767326451149759,0.4121296296296296,1.135003567829104e-08,7555.857992000994,7555.857992000994,11.969542199978605,15149.928674459457,,fixed_iterations,,0.15000056523182448,0.15000056523182448,0.34983478899661696,0.34983478899661696,0.15000053048379217,0.15000053048379217,0.350135240516923,0.350135240516923,628,0.002049736347330416,0.002049736347330416,0.0004183020993602396,0.03262868495940353,0.0004183020993602396,0.819365880965407,0.002049724997294738,0.09977678128946196,0.2921102218055812,0.1176318024073074,0.3098470754630563,T015_035_015_035,7
629,32.0,525,175,False,projected_continuous_optimization_loss,629,700,1.396963818713745e-05,0.9999811762611812,1.8121236919701935e-08,1.8121236919701935e-08,1.8121236919701935e-08,1.8103520262545625e-08,1.8103520262545625e-08,1.8103520262545625e-08,1.8103520262545625e-08,1.8103520262545625e-08,3.543331431261955e-10,3.543331431261955e-10,3.543331431261955e-10,0.9999811762611812,0.06975143196002127,0.09760773054050885,0.4119753086419753,1.8121236919701935e-08,7567.804791801027,7567.804791801027,11.94679980003275,15173.8425719738,,fixed_iterations,,0.1499834409572222,0.1499834409572222,0.35019219226357967,0.35019219226357967,0.14999293790404697,0.14999293790404697,0.34981260513633217,0.34981260513633217,629,0.0020507805754440595,0.0020507805754440595,0.00041885757913511835,0.03263845992617882,0.00041885757913511835,0.8193388256260388,0.0020507624542071396,0.09977654364594316,0.2921222078902561,0.11758313379427585,0.30985694029556365,T015_035_015_035,7
630,32.0,525,175,False,projected_continuous_optimization_loss,630,700,1.3968407628923958e-05,0.999978374889357,1.159975203288897e-08,1.159975203288897e-08,1.159975203288897e-08,1.1576369762372708e-08,1.1576369762372708e-08,1.1576369762372708e-08,1.1576369762372708e-08,1.1576369762372708e-08,4.676454103252518e-10,4.676454103252518e-10,4.676454103252518e-10,0.999978374889357,0.0697116250999906,0.09754145547852026,0.41185185185185186,1.159975203288897e-08,7579.974824801087,7579.974824801087,12.170033000060357,15198.328379631042,,fixed_iterations,,0.15000625538208057,0.15000625538208057,0.34983633405989456,0.34983633405989456,0.14999555209840268,0.14999555209840268,0.35014023334897915,0.35014023334897915,630,0.002046225583332198,0.002046225583332198,0.00041732102344626946,0.03257809119771857,0.00041732102344626946,0.819505980160786,0.002046213983580165,0.09992435541163494,0.2919437106290769,0.11762250623217785,0.31001540788789633,T015_035_015_035,7
631,32.0,525,175,False,projected_continuous_optimization_loss,631,700,1.3953924772031008e-05,0.9999833647943208,1.7762182394321927e-09,1.7762182394321927e-09,1.7762182394321927e-09,1.7623817360327568e-09,1.7623817360327568e-09,1.7623817360327568e-09,1.7623817360327568e-09,1.7623817360327568e-09,2.7673006798872144e-10,2.7673006798872144e-10,2.7673006798872144e-10,0.9999833647943208,0.06967166564259299,0.09747582190361018,0.4116975308641975,1.7762182394321927e-09,7592.115084500983,7592.115084500983,12.140259699895978,15222.606282234192,,fixed_iterations,,0.14999403630641936,0.14999403630641936,0.3500555642526247,0.3500555642526247,0.14999675640068835,0.14999675640068835,0.3499370078345885,0.3499370078345885,631,0.0020491872429443956,0.0020491872429443956,0.0004195013734916564,0.03259371738905478,0.0004195013734916564,0.8194626980675329,0.0020491854667261562,0.09984384204963938,0.2919751701253447,0.11760591366281534,0.3100377722297335,T015_035_015_035,7
632,32.0,525,175,False,projected_continuous_optimization_loss,632,700,1.3936109346758031e-05,0.9999838434386621,1.1336066043110486e-09,1.1336066043110486e-09,1.1336066043110486e-09,1.1205548805977663e-09,1.1205548805977663e-09,1.1205548805977663e-09,1.1205548805977663e-09,1.1205548805977663e-09,2.610344742656479e-10,2.610344742656479e-10,2.610344742656479e-10,0.9999838434386621,0.0696317208275292,0.09740987521228754,0.41151234567901235,1.1336066043110486e-09,7604.143691200996,7604.143691200996,12.02860670001246,15246.758669137955,,fixed_iterations,,0.1499903084898267,0.1499903084898267,0.3500449163861454,0.3500449163861454,0.1499975377148566,0.1499975377148566,0.34995108084783344,0.34995108084783344,632,0.0020491872429443956,0.0020491872429443956,0.0004195013734916564,0.03259371738905478,0.0004195013734916564,0.8194626980675329,0.002049186109337791,0.09984384204963938,0.2919751701253447,0.11760591366281534,0.3100377722297335,T015_035_015_035,7
633,32.0,525,175,False,projected_continuous_optimization_loss,633,700,1.3927477772110153e-05,0.9999802484873889,7.825251918162342e-09,7.825251918162342e-09,7.825251918162342e-09,7.805745805640955e-09,7.805745805640955e-09,7.805745805640955e-09,7.805745805640955e-09,7.805745805640955e-09,3.9012225042772634e-10,3.9012225042772634e-10,3.9012225042772634e-10,0.9999802484873889,0.06959184045395224,0.09734380769059615,0.41129629629629627,7.825251918162342e-09,7616.1663721010555,7616.1663721010555,12.02268090005964,15270.931411266327,,fixed_iterations,,0.1500013473939713,0.1500013473939713,0.3498655761321117,0.3498655761321117,0.14999799544218562,0.14999799544218562,0.3501153295191203,0.3501153295191203,633,0.0020491872429443956,0.0020491872429443956,0.0004195013734916564,0.03259371738905478,0.0004195013734916564,0.8194626980675329,0.0020491794176924773,0.09984384204963938,0.2919751701253447,0.11760591366281534,0.3100377722297335,T015_035_015_035,7
634,32.0,525,175,False,projected_continuous_optimization_loss,634,700,1.3926193342708612e-05,0.9999828190947757,1.0938362004758894e-08,1.0938362004758894e-08,1.0938362004758894e-08,1.0923602829542592e-08,1.0923602829542592e-08,1.0923602829542592e-08,1.0923602829542592e-08,1.0923602829542592e-08,2.951835043260335e-10,2.951835043260335e-10,2.951835043260335e-10,0.9999828190947757,0.0695518719775939,0.09727831524105039,0.41117283950617284,1.0938362004758894e-08,7628.224756501033,7628.224756501033,12.058384399977513,15295.094638586044,,fixed_iterations,,0.14999059309898727,0.14999059309898727,0.35014679817216204,0.35014679817216204,0.1499938567141444,0.1499938567141444,0.349851571109482,0.349851571109482,634,0.002072604588614806,0.002072604588614806,0.00041723782336083377,0.033107335305079436,0.00041723782336083377,0.8180457878886026,0.002072593650252801,0.09966824711392515,0.2919676665953441,0.11720550461203955,0.30920436956729375,T015_035_015_035,7
635,32.0,525,175,False,projected_continuous_optimization_loss,635,700,1.3921312757523538e-05,0.9999762338862384,6.35727938088655e-09,6.35727938088655e-09,6.35727938088655e-09,6.329037972720236e-09,6.329037972720236e-09,6.329037972720236e-09,6.329037972720236e-09,6.329037972720236e-09,5.648281633262883e-10,5.648281633262883e-10,5.648281633262883e-10,0.9999762338862384,0.06951197688190787,0.09721212997287351,0.4110185185185185,6.35727938088655e-09,7640.184920601081,7640.184920601081,11.960164100048132,15319.115782022476,,fixed_iterations,,0.1500014532209979,0.1500014532209979,0.3498767792892401,0.3498767792892401,0.1499963778823052,0.1499963778823052,0.3501016234936952,0.3501016234936952,635,0.0020681669001713465,0.0020681669001713465,0.00041717815165361776,0.033019774970354576,0.00041717815165361776,0.8182865580911677,0.0020681605428919656,0.09990270800722659,0.2915382559052896,0.11723107605991955,0.309614518118732,T015_035_015_035,7
636,32.0,525,175,False,projected_continuous_optimization_loss,636,700,1.390875265576246e-05,0.9999762819886688,7.868907665592901e-10,7.868907665592901e-10,7.868907665592901e-10,7.587635634835019e-10,7.587635634835019e-10,7.587635634835019e-10,7.587635634835019e-10,7.587635634835019e-10,5.625440615157632e-10,5.625440615157632e-10,5.625440615157632e-10,0.9999762819886688,0.06947200539703993,0.09714649093554155,0.4108641975308642,7.868907665592901e-10,7652.287647801102,7652.287647801102,12.102727200021036,15343.347181558609,,fixed_iterations,,0.14999026493498802,0.14999026493498802,0.35003368128243967,0.35003368128243967,0.1499957618513723,0.1499957618513723,0.3499565739198687,0.3499565739198687,636,0.0020681669001713465,0.0020681669001713465,0.00041717815165361776,0.033019774970354576,0.00041717815165361776,0.8182865580911677,0.00206816611328058,0.09990270800722659,0.2915382559052896,0.11723107605991955,0.309614518118732,T015_035_015_035,7
637,32.0,525,175,False,projected_continuous_optimization_loss,637,700,1.3895187970174546e-05,0.9999744910814414,9.269305082430131e-10,9.269305082430131e-10,9.269305082430131e-10,8.943952619416253e-10,8.943952619416253e-10,8.943952619416253e-10,8.943952619416253e-10,8.943952619416253e-10,6.507049260277549e-10,6.507049260277549e-10,6.507049260277549e-10,0.9999744910814414,0.06943210896758792,0.09708076791895882,0.41064814814814815,9.269305082430131e-10,7664.3475766010815,7664.3475766010815,12.059928799979389,15367.531110048294,,fixed_iterations,,0.14999218497121913,0.14999218497121913,0.3500352834423205,0.3500352834423205,0.14999603579273246,0.14999603579273246,0.3499509868751693,0.3499509868751693,637,0.002076420081147784,0.002076420081147784,0.00041685944072900933,0.033191212808375496,0.00041685944072900933,0.8178154430024995,0.002076419154217276,0.09977506335185406,0.29175110343425176,0.11705482916864779,0.3092344470477459,T015_035_015_035,7
638,32.0,525,175,False,projected_continuous_optimization_loss,638,700,1.3887348724025828e-05,0.999972033229838,4.9794078731777435e-09,4.9794078731777435e-09,4.9794078731777435e-09,4.940300861512937e-09,4.940300861512937e-09,4.940300861512937e-09,4.940300861512937e-09,4.940300861512937e-09,7.821402332961268e-10,7.821402332961268e-10,7.821402332961268e-10,0.999972033229838,0.06939224314290397,0.09701486894278043,0.4105864197530864,4.9794078731777435e-09,7676.428576601087,7676.428576601087,12.081000000005588,15391.740023851395,,fixed_iterations,,0.15000135367882114,0.15000135367882114,0.34988855888069276,0.34988855888069276,0.14999497944128856,0.14999497944128856,0.3500871412290355,0.3500871412290355,638,0.0020677236833667456,0.0020677236833667456,0.0004129549047261899,0.033095375572811114,0.0004129549047261899,0.8180786555326421,0.0020677187039588726,0.09995999468462285,0.2918989944881653,0.1169978264644407,0.3092218398954132,T015_035_015_035,7
639,32.0,525,175,False,projected_continuous_optimization_loss,639,700,1.3883428036453974e-05,0.9999760093562778,6.591282324795553e-09,6.591282324795553e-09,6.591282324795553e-09,6.5625047754851045e-09,6.5625047754851045e-09,6.5625047754851045e-09,6.5625047754851045e-09,6.5625047754851045e-09,5.755509862089622e-10,5.755509862089622e-10,5.755509862089622e-10,0.9999760093562778,0.0693523104090324,0.09694945445011477,0.41040123456790123,6.591282324795553e-09,7688.456133801141,7688.456133801141,12.027557200053707,15415.877417325974,,fixed_iterations,,0.14998871898871816,0.14998871898871816,0.35011173871327417,0.35011173871327417,0.14999230154125945,0.14999230154125945,0.34988325011302607,0.34988325011302607,639,0.002078040145784225,0.002078040145784225,0.00040929440695296133,0.03337491477662528,0.00040929440695296133,0.8173119741837872,0.0020780335545019005,0.09970085018078785,0.2919052329690386,0.11715960940100535,0.3085462816329553,T015_035_015_035,7
640,32.0,525,175,False,projected_continuous_optimization_loss,640,700,1.3877053364131278e-05,0.9999734268640064,3.7442328425300595e-09,3.7442328425300595e-09,3.7442328425300595e-09,3.7089262647032483e-09,3.7089262647032483e-09,3.7089262647032483e-09,3.7089262647032483e-09,3.7089262647032483e-09,7.061315565362188e-10,7.061315565362188e-10,7.061315565362188e-10,0.9999734268640064,0.06931248117149204,0.09688354950280618,0.4101851851851852,3.7442328425300595e-09,7700.459719701088,7700.459719701088,12.003585899947211,15440.024890422821,,fixed_iterations,,0.14999796563241624,0.14999796563241624,0.34990255255194636,0.34990255255194636,0.14999820670110192,0.14999820670110192,0.35007470197854185,0.35007470197854185,640,0.002074408196871453,0.002074408196871453,0.00040863717951865894,0.033315420347055875,0.00040863717951865894,0.8174748774906427,0.0020744044526386104,0.09973102444707065,0.2919838076803191,0.1171855442760271,0.30857450108722584,T015_035_015_035,7
641,32.0,525,175,False,projected_continuous_optimization_loss,641,700,1.3866240467140938e-05,0.999977059219219,4.6222431815639354e-10,4.6222431815639354e-10,4.6222431815639354e-10,4.35910347014757e-10,4.35910347014757e-10,4.35910347014757e-10,4.35910347014757e-10,4.35910347014757e-10,5.262794228327317e-10,5.262794228327317e-10,5.262794228327317e-10,0.999977059219219,0.06927260255643126,0.09681807975130186,0.40987654320987654,4.6222431815639354e-10,7712.4332328011515,7712.4332328011515,11.973513100063428,15464.073354005814,,fixed_iterations,,0.14999298642874123,0.14999298642874123,0.3500233088947976,0.3500233088947976,0.14999615287176485,0.14999615287176485,0.34996461102391546,0.34996461102391546,641,0.0020754046848700265,0.0020754046848700265,0.00040807569009118167,0.03334657989557689,0.00040807569009118167,0.8173895405635895,0.002075404222645708,0.09970324551161801,0.29194857426218573,0.1172313640826604,0.30850635670712545,T015_035_015_035,7
642,32.0,525,175,False,projected_continuous_optimization_loss,642,700,1.385498273560441e-05,0.9999792174734716,5.49260004159253e-10,5.49260004159253e-10,5.49260004159253e-10,5.276643337141258e-10,5.276643337141258e-10,5.276643337141258e-10,5.276643337141258e-10,5.276643337141258e-10,4.319134089025451e-10,4.319134089025451e-10,4.319134089025451e-10,0.9999792174734716,0.06923274457975356,0.09675248469541248,0.4095679012345679,5.49260004159253e-10,7724.48493880115,7724.48493880115,12.051705999998376,15488.260049819946,,fixed_iterations,,0.14999427302628845,0.14999427302628845,0.35002785033383493,0.35002785033383493,0.14999369145945407,0.14999369145945407,0.34996340265389414,0.34996340265389414,642,0.0020754046848700265,0.0020754046848700265,0.00040807569009118167,0.03334657989557689,0.00040807569009118167,0.8173895405635895,0.0020754041356100222,0.09970324551161801,0.29194857426218573,0.1172313640826604,0.30850635670712545,T015_035_015_035,7
643,32.0,525,175,False,projected_continuous_optimization_loss,643,700,1.3847098175954874e-05,0.9999783481491556,2.9328786315800484e-09,2.9328786315800484e-09,2.9328786315800484e-09,2.9094384993307474e-09,2.9094384993307474e-09,2.9094384993307474e-09,2.9094384993307474e-09,2.9094384993307474e-09,4.688026449860162e-10,4.688026449860162e-10,4.688026449860162e-10,0.9999783481491556,0.06919291052774977,0.09668679391592239,0.4094135802469136,2.9328786315800484e-09,7736.54851120105,7736.54851120105,12.063572399900295,15512.433683156967,,fixed_iterations,,0.15000005160786614,0.15000005160786614,0.3499145183036837,0.3499145183036837,0.1499968084272275,0.1499968084272275,0.3500669698103783,0.3500669698103783,643,0.0020756910131644003,0.0020756910131644003,0.0004085683281333778,0.033342453700620445,0.0004085683281333778,0.8174008387187377,0.0020756880802857685,0.09969278734460806,0.29187818301717294,0.1172731050155411,0.30855676334141563,T015_035_015_035,7
644,32.0,525,175,False,projected_continuous_optimization_loss,644,700,1.3841514984181535e-05,0.9999810834810009,3.967688751443686e-09,3.967688751443686e-09,3.967688751443686e-09,3.949797016891728e-09,3.949797016891728e-09,3.949797016891728e-09,3.949797016891728e-09,3.949797016891728e-09,3.5783469103916415e-10,3.5783469103916415e-10,3.5783469103916415e-10,0.9999810834810009,0.06915301623283322,0.09662143197583344,0.4091975308641975,3.967688751443686e-09,7748.5718328009825,7748.5718328009825,12.023321599932387,15536.53445649147,,fixed_iterations,,0.14999014556370716,0.14999014556370716,0.35008590585354477,0.35008590585354477,0.1499964328072709,0.1499964328072709,0.34990859925647805,0.34990859925647805,644,0.00209492817471747,0.00209492817471747,0.00041116117706231235,0.03367533995310315,0.00041116117706231235,0.8164915807024017,0.0020949242070287186,0.09970223735636333,0.29107143276716885,0.11711805744500602,0.3085998531338635,T015_035_015_035,7
645,32.0,525,175,False,projected_continuous_optimization_loss,645,700,1.383457093531809e-05,0.9999786836871476,2.3790066545339964e-09,2.3790066545339964e-09,2.3790066545339964e-09,2.3562873948526812e-09,2.3562873948526812e-09,2.3562873948526812e-09,2.3562873948526812e-09,2.3562873948526812e-09,4.5438519362630123e-10,4.5438519362630123e-10,4.5438519362630123e-10,0.9999786836871476,0.0691131657894789,0.09655565714234186,0.4090740740740741,2.3790066545339964e-09,7760.597421900951,7760.597421900951,12.025589099968784,15560.73992395401,,fixed_iterations,,0.1499976779260732,0.1499976779260732,0.34992331434533813,0.34992331434533813,0.1499970947739745,0.1499970947739745,0.3500605966417617,0.3500605966417617,645,0.00209492817471747,0.00209492817471747,0.00041116117706231235,0.03367533995310315,0.00041116117706231235,0.8164915807024017,0.0020949257957108155,0.09970223735636333,0.29107143276716885,0.11711805744500602,0.3085998531338635,T015_035_015_035,7
646,32.0,525,175,False,projected_continuous_optimization_loss,646,700,1.3825012164550316e-05,0.9999793200812263,3.727682332418275e-10,3.727682332418275e-10,3.727682332418275e-10,3.513852812173884e-10,3.513852812173884e-10,3.513852812173884e-10,3.513852812173884e-10,3.513852812173884e-10,4.2765904048878176e-10,4.2765904048878176e-10,4.2765904048878176e-10,0.9999793200812263,0.06907329051760362,0.0964902568848859,0.408858024691358,3.727682332418275e-10,7772.619553900906,7772.619553900906,12.022131999954581,15584.807024478912,,fixed_iterations,,0.14999495901123172,0.14999495901123172,0.3500211439229989,0.3500211439229989,0.14999478012378353,0.14999478012378353,0.3499684370232121,0.3499684370232121,646,0.00209492817471747,0.00209492817471747,0.00041116117706231235,0.03367533995310315,0.00041116117706231235,0.8164915807024017,0.0020949278019492365,0.09970223735636333,0.29107143276716885,0.11711805744500602,0.3085998531338635,T015_035_015_035,7
647,32.0,525,175,False,projected_continuous_optimization_loss,647,700,1.3815030871753966e-05,0.9999778252670107,2.4384529179896553e-10,2.4384529179896553e-10,2.4384529179896553e-10,2.1925935264170275e-10,2.1925935264170275e-10,2.1925935264170275e-10,2.1925935264170275e-10,2.1925935264170275e-10,4.917187831452556e-10,4.917187831452556e-10,4.917187831452556e-10,0.9999778252670107,0.06903342044135805,0.09642473671271208,0.4086111111111111,2.4384529179896553e-10,7784.575334100868,7784.575334100868,11.955780199961737,15608.793061494827,,fixed_iterations,,0.14999501099317822,0.14999501099317822,0.35001451919128534,0.35001451919128534,0.14999545561464395,0.14999545561464395,0.34997283946790325,0.34997283946790325,647,0.00209559643547497,0.00209559643547497,0.0004109493969410331,0.033692940770678734,0.0004109493969410331,0.8164436305363425,0.002095596191629678,0.09969160589599288,0.2911292124163009,0.11708250368815974,0.308540308535889,T015_035_015_035,7
648,32.0,525,175,False,projected_continuous_optimization_loss,648,700,1.380692793356341e-05,0.9999754196717079,1.6095087621811735e-09,1.6095087621811735e-09,1.6095087621811735e-09,1.5792991352337735e-09,1.5792991352337735e-09,1.5792991352337735e-09,1.5792991352337735e-09,1.5792991352337735e-09,6.041925389480009e-10,6.041925389480009e-10,6.041925389480009e-10,0.9999754196717079,0.06899354745277984,0.09635913296047552,0.4084567901234568,1.6095087621811735e-09,7796.591910500894,7796.591910500894,12.016576400026679,15632.905339717865,,fixed_iterations,,0.1499964455237989,0.1499964455237989,0.3499349388295927,0.3499349388295927,0.14999669911559016,0.14999669911559016,0.3500473362027261,0.3500473362027261,648,0.002105646059555935,0.002105646059555935,0.0004181776317988039,0.03374936855514262,0.0004181776317988039,0.8162899878745238,0.0021056444500471725,0.09940412579654448,0.2913666372997101,0.11697544402365584,0.30854378075461336,T015_035_015_035,7
649,32.0,525,175,False,projected_continuous_optimization_loss,649,700,1.380031899931815e-05,0.999976296899435,2.394259946014865e-09,2.394259946014865e-09,2.394259946014865e-09,2.3661680971951713e-09,2.3661680971951713e-09,2.3661680971951713e-09,2.3661680971951713e-09,2.3661680971951713e-09,5.618369763938781e-10,5.618369763938781e-10,5.618369763938781e-10,0.999976296899435,0.06895366914769703,0.09629383556900457,0.40824074074074074,2.394259946014865e-09,7808.616258600843,7808.616258600843,12.024348099948838,15657.042292118073,,fixed_iterations,,0.14999066892547777,0.14999066892547777,0.3500640042083516,0.3500640042083516,0.14999473189018883,0.14999473189018883,0.34992689187541687,0.34992689187541687,649,0.0021058251695519913,0.0021058251695519913,0.0004196580220268152,0.03372334295050352,0.0004196580220268152,0.8163608349221126,0.0021058227752920452,0.099356208779092,0.2915056519385764,0.11693886594328036,0.308560108261164,T015_035_015_035,7
650,32.0,525,175,False,projected_continuous_optimization_loss,650,700,1.3793128089485421e-05,0.9999739758149456,1.6276841232725013e-09,1.6276841232725013e-09,1.6276841232725013e-09,1.5938212128855749e-09,1.5938212128855749e-09,1.5938212128855749e-09,1.5938212128855749e-09,1.5938212128855749e-09,6.772582077385294e-10,6.772582077385294e-10,6.772582077385294e-10,0.9999739758149456,0.06891383862048653,0.09622827625420763,0.4080864197530864,1.6276841232725013e-09,7820.601590200909,7820.601590200909,11.985331600066274,15681.07810330391,,fixed_iterations,,0.1499985155316535,0.1499985155316535,0.3499333404178288,0.3499333404178288,0.1499959386863519,0.1499959386863519,0.35004618117911157,0.35004618117911157,650,0.00210109359475818,0.00210109359475818,0.00042191931438508663,0.03358348560746186,0.00042191931438508663,0.8167420244369653,0.0021010919670740565,0.09951483153518467,0.2912682746737566,0.11693450216026952,0.3090244160677545,T015_035_015_035,7
651,32.0,525,175,False,projected_continuous_optimization_loss,651,700,1.378439540822058e-05,0.9999753922427452,3.81171780174786e-10,3.81171780174786e-10,3.81171780174786e-10,3.508946943193049e-10,3.508946943193049e-10,3.508946943193049e-10,3.508946943193049e-10,3.508946943193049e-10,6.055417171096223e-10,6.055417171096223e-10,6.055417171096223e-10,0.9999753922427452,0.06887397403137663,0.09616298504762938,0.40796296296296297,3.81171780174786e-10,7832.6403890008805,7832.6403890008805,12.038798799971119,15705.281304836273,,fixed_iterations,,0.14999381454064306,0.14999381454064306,0.3500199740371449,0.3500199740371449,0.1499942097002701,0.1499942097002701,0.3499673939646871,0.3499673939646871,651,0.00210109359475818,0.00210109359475818,0.00042191931438508663,0.03358348560746186,0.00042191931438508663,0.8167420244369653,0.0021010932135863995,0.09951483153518467,0.2912682746737566,0.11693450216026952,0.3090244160677545,T015_035_015_035,7
652,32.0,525,175,False,projected_continuous_optimization_loss,652,700,1.3775175978055502e-05,0.9999755059056367,7.9910746855079e-11,7.9910746855079e-11,7.9910746855079e-11,4.991271392080543e-11,4.991271392080543e-11,4.991271392080543e-11,4.991271392080543e-11,4.991271392080543e-11,5.999606586854714e-10,5.999606586854714e-10,5.999606586854714e-10,0.9999755059056367,0.0688341305371799,0.09609761787165369,0.40771604938271605,7.9910746855079e-11,7844.6783769009635,7844.6783769009635,12.037987900082953,15729.405858755112,,fixed_iterations,,0.14999338848546456,0.14999338848546456,0.35000285623631766,0.35000285623631766,0.149995567964506,0.149995567964506,0.3499836932193483,0.3499836932193483,652,0.00210109359475818,0.00210109359475818,0.00042191931438508663,0.03358348560746186,0.00042191931438508663,0.8167420244369653,0.002101093514847433,0.09951483153518467,0.2912682746737566,0.11693450216026952,0.3090244160677545,T015_035_015_035,7
653,32.0,525,175,False,projected_continuous_optimization_loss,653,700,1.3766906018182836e-05,0.9999754572800661,7.848757140208808e-10,7.848757140208808e-10,7.848757140208808e-10,7.547584589328996e-10,7.547584589328996e-10,7.547584589328996e-10,7.547584589328996e-10,7.547584589328996e-10,6.023451017596237e-10,6.023451017596237e-10,6.023451017596237e-10,0.9999754572800661,0.06879430751811456,0.09603225557522231,0.40762345679012346,7.848757140208808e-10,7856.7327167009935,7856.7327167009935,12.054339800029993,15753.576210260391,,fixed_iterations,,0.14999648461608783,0.14999648461608783,0.34995216602018375,0.34995216602018375,0.1499969470257792,0.1499969470257792,0.35002985961801525,0.35002985961801525,653,0.002140282171099143,0.002140282171099143,0.0004370424621905742,0.03406479417817137,0.0004370424621905742,0.8154334965976454,0.002140281386223429,0.09913369578019002,0.2906020469156747,0.11653498126550994,0.3091627726362707,T015_035_015_035,7
654,32.0,525,175,False,projected_continuous_optimization_loss,654,700,1.3759646379336935e-05,0.9999778789847308,1.395495316315932e-09,1.395495316315932e-09,1.395495316315932e-09,1.3710283504888868e-09,1.3710283504888868e-09,1.3710283504888868e-09,1.3710283504888868e-09,1.3710283504888868e-09,4.893393165409049e-10,4.893393165409049e-10,4.893393165409049e-10,0.9999778789847308,0.06875446701204302,0.0959670904876356,0.4075308641975309,1.395495316315932e-09,7868.788698800956,7868.788698800956,12.05598209996242,15777.731021165848,,fixed_iterations,,0.14999307606193002,0.14999307606193002,0.3500474417632267,0.3500474417632267,0.14999429588556493,0.14999429588556493,0.3499430652740091,0.3499430652740091,654,0.002140282171099143,0.002140282171099143,0.0004370424621905742,0.03406479417817137,0.0004370424621905742,0.8154334965976454,0.0021402807756038264,0.09913369578019002,0.2906020469156747,0.11653498126550994,0.3091627726362707,T015_035_015_035,7
655,32.0,525,175,False,projected_continuous_optimization_loss,655,700,1.3752288897724919e-05,0.9999771538574147,1.1377766226674753e-09,1.1377766226674753e-09,1.1377766226674753e-09,1.1116793111160876e-09,1.1116793111160876e-09,1.1116793111160876e-09,1.1116793111160876e-09,1.1116793111160876e-09,5.219462310277537e-10,5.219462310277537e-10,5.219462310277537e-10,0.9999771538574147,0.0687146435575698,0.09590170048679403,0.4074074074074074,1.1377766226674753e-09,7880.835090900888,7880.835090900888,12.046392099931836,15801.9091629982,,fixed_iterations,,0.1499975654245101,0.1499975654245101,0.3499447319593662,0.3499447319593662,0.14999583818320114,0.14999583818320114,0.3500390182903373,0.3500390182903373,655,0.002140282171099143,0.002140282171099143,0.0004370424621905742,0.03406479417817137,0.0004370424621905742,0.8154334965976454,0.0021402810333225205,0.09913369578019002,0.2906020469156747,0.11653498126550994,0.3091627726362707,T015_035_015_035,7
656,32.0,525,175,False,projected_continuous_optimization_loss,656,700,1.3744066488136629e-05,0.9999782704462654,3.937736112032882e-10,3.937736112032882e-10,3.937736112032882e-10,3.701649359278381e-10,3.701649359278381e-10,3.701649359278381e-10,3.701649359278381e-10,3.701649359278381e-10,4.721735055090016e-10,4.721735055090016e-10,4.721735055090016e-10,0.9999782704462654,0.06867480494506904,0.09583656219543774,0.4071604938271605,3.937736112032882e-10,7892.911873100791,7892.911873100791,12.076782199903391,15826.053736448288,,fixed_iterations,,0.14999356734176533,0.14999356734176533,0.35002131051450347,0.35002131051450347,0.14999617895381087,0.14999617895381087,0.34996721363618566,0.34996721363618566,656,0.0021408590317231746,0.0021408590317231746,0.0004360481861488128,0.03409621691148724,0.0004360481861488128,0.8153483904443634,0.0021408586379495632,0.09911112514080224,0.29066211740009223,0.11653046626247647,0.30904468164099247,T015_035_015_035,7
657,32.0,525,175,False,projected_continuous_optimization_loss,657,700,1.3735354762625013e-05,0.9999779088669907,2.6203444408753085e-11,2.6203444408753085e-11,2.6203444408753085e-11,1.8025365269628345e-12,1.8025365269628345e-12,1.8025365269628345e-12,1.8025365269628345e-12,1.8025365269628345e-12,4.88018157635805e-10,4.88018157635805e-10,4.88018157635805e-10,0.9999779088669907,0.06863497082295249,0.09577127216954391,0.4070679012345679,2.6203444408753085e-11,7904.944443800836,7904.944443800836,12.032570700044744,15850.193726539612,,fixed_iterations,,0.14999470788638647,0.14999470788638647,0.3499931473116149,0.3499931473116149,0.14999625655439883,0.14999625655439883,0.34999379711459044,0.34999379711459044,657,0.0021324020344278337,0.0021324020344278337,0.00043518965949774406,0.03394424749860179,0.00043518965949774406,0.8157603530762128,0.0021324020082243893,0.09952078540734334,0.2905419921140575,0.11622931892887162,0.30946825662594035,T015_035_015_035,7
658,32.0,525,175,False,projected_continuous_optimization_loss,658,700,1.3727020368034906e-05,0.9999773747932921,3.1436949525599983e-10,3.1436949525599983e-10,3.1436949525599983e-10,2.887744963271788e-10,2.887744963271788e-10,2.887744963271788e-10,2.887744963271788e-10,2.887744963271788e-10,5.118999785764201e-10,5.118999785764201e-10,5.118999785764201e-10,0.9999773747932921,0.06859513772460714,0.09570597493670333,0.4070061728395062,3.1436949525599983e-10,7916.92436160089,7916.92436160089,11.979917800053954,15874.27850818634,,fixed_iterations,,0.14999645506415835,0.14999645506415835,0.34996871618213105,0.34996871618213105,0.1499954686516819,0.1499954686516819,0.35001673489532076,0.35001673489532076,658,0.002161408000546467,0.002161408000546467,0.00045055250577576454,0.034217109895414044,0.00045055250577576454,0.8150213258361547,0.0021614076861769718,0.09949879220148151,0.2895289153305033,0.11583713108448206,0.31015648721968786,T015_035_015_035,7
659,32.0,525,175,False,projected_continuous_optimization_loss,659,700,1.3719341914416685e-05,0.9999774880970449,7.566114285297857e-10,7.566114285297857e-10,7.566114285297857e-10,7.312721397967883e-10,7.312721397967883e-10,7.312721397967883e-10,7.312721397967883e-10,7.312721397967883e-10,5.067857746599488e-10,5.067857746599488e-10,5.067857746599488e-10,0.9999774880970449,0.06855530035445088,0.09564081966956876,0.4067901234567901,7.566114285297857e-10,7928.857009000843,7928.857009000843,11.932647399953566,15898.242738246918,,fixed_iterations,,0.14999380814731045,0.14999380814731045,0.3500324864459669,0.3500324864459669,0.14999491586417257,0.14999491586417257,0.34995627763959497,0.34995627763959497,659,0.002149276194087276,0.002149276194087276,0.0004548174130615616,0.033889175620514286,0.0004548174130615616,0.8159098709313444,0.0021492754374758476,0.09980841896765759,0.28990316943437816,0.11544366608169022,0.3107546164476183,T015_035_015_035,7
660,32.0,525,175,False,projected_continuous_optimization_loss,660,700,1.3711816682318709e-05,0.9999756408557408,7.844844647813633e-10,7.844844647813633e-10,7.844844647813633e-10,7.548160693292279e-10,7.548160693292279e-10,7.548160693292279e-10,7.548160693292279e-10,7.548160693292279e-10,5.933679090427093e-10,5.933679090427093e-10,5.933679090427093e-10,0.9999756408557408,0.06851546736401914,0.09557547731349941,0.4065740740740741,7.844844647813633e-10,7940.754595500766,7940.754595500766,11.897586499922909,15922.237750530243,,fixed_iterations,,0.14999630364186967,0.14999630364186967,0.34995249665904016,0.34995249665904016,0.149996639353262,0.149996639353262,0.35003020120156897,0.35003020120156897,660,0.002149276194087276,0.002149276194087276,0.0004548174130615616,0.033889175620514286,0.0004548174130615616,0.8159098709313444,0.0021492754096028113,0.09980841896765759,0.28990316943437816,0.11544366608169022,0.3107546164476183,T015_035_015_035,7
661,32.0,525,175,False,projected_continuous_optimization_loss,661,700,1.3703877957268612e-05,0.999976059417798,4.0324540917800783e-10,4.0324540917800783e-10,4.0324540917800783e-10,3.7458783536971636e-10,3.7458783536971636e-10,3.7458783536971636e-10,3.7458783536971636e-10,3.7458783536971636e-10,5.731514761658293e-10,5.731514761658293e-10,5.731514761658293e-10,0.999976059417798,0.06847562940449704,0.09551038339066209,0.4063888888888889,4.0324540917800783e-10,7952.672040100675,7952.672040100675,11.917444599908777,15946.253441095352,,fixed_iterations,,0.14999301667215645,0.14999301667215645,0.35002114981504,0.35002114981504,0.14999502905986944,0.14999502905986944,0.34996686387073217,0.34996686387073217,661,0.0021454944184437635,0.0021454944184437635,0.0004535523034656799,0.03383884229956167,0.0004535523034656799,0.8160466300945763,0.0021454940151983543,0.09975711540219845,0.2902296881181723,0.11543803510639278,0.31062179146781277,T015_035_015_035,7
662,32.0,525,175,False,projected_continuous_optimization_loss,662,700,1.3695529126308586e-05,0.9999752206410272,6.58866697527449e-11,6.58866697527449e-11,6.58866697527449e-11,3.51858381975357e-11,3.51858381975357e-11,3.51858381975357e-11,3.51858381975357e-11,3.51858381975357e-11,6.140166311041842e-10,6.140166311041842e-10,6.140166311041842e-10,0.9999752206410272,0.0684358119793155,0.0954451787172539,0.40632716049382717,6.58866697527449e-11,7964.638248400646,7964.638248400646,11.966208299971186,15970.286363840103,,fixed_iterations,,0.149995591189322,0.149995591189322,0.34998385047445824,0.34998385047445824,0.14999531804941507,0.14999531804941507,0.3500004609278319,0.3500004609278319,662,0.002138009911282481,0.002138009911282481,0.00045055435888687316,0.03374911104791216,0.00045055435888687316,0.8162906887283277,0.0021380098453958113,0.09990796640830593,0.2904081614065888,0.11535935819064913,0.31061520272278387,T015_035_015_035,7
663,32.0,525,175,False,projected_continuous_optimization_loss,663,700,1.3687228282532854e-05,0.9999750784823886,9.624638910988177e-11,9.624638910988177e-11,9.624638910988177e-11,6.519228710778439e-11,6.519228710778439e-11,6.519228710778439e-11,6.519228710778439e-11,6.519228710778439e-11,6.210820400419478e-10,6.210820400419478e-10,6.210820400419478e-10,0.9999750784823886,0.06839599272373831,0.09538002750782669,0.4062037037037037,9.624638910988177e-11,7976.619816700579,7976.619816700579,11.981568299932405,15994.412113666534,,fixed_iterations,,0.1499957134360587,0.1499957134360587,0.3499806021013952,0.3499806021013952,0.14999541195857244,0.14999541195857244,0.3500033509863625,0.3500033509863625,663,0.0021252200248386317,0.0021252200248386317,0.00043992868416251047,0.033705826813522424,0.00043992868416251047,0.8164085328411953,0.002125219928592243,0.10009381626859916,0.29070028201004416,0.11541112725526118,0.3102033073072909,T015_035_015_035,7
664,32.0,525,175,False,projected_continuous_optimization_loss,664,700,1.3679294791136772e-05,0.9999757443575126,3.59209230045498e-10,3.59209230045498e-10,3.59209230045498e-10,3.297924204221473e-10,3.297924204221473e-10,3.297924204221473e-10,3.297924204221473e-10,3.297924204221473e-10,5.883361924670138e-10,5.883361924670138e-10,5.883361924670138e-10,0.9999757443575126,0.06835617144412565,0.09531495165087288,0.4059567901234568,3.59209230045498e-10,7988.631677500554,7988.631677500554,12.011860799975693,16018.484804868698,,fixed_iterations,,0.14999313973620979,0.14999313973620979,0.3500192563576719,0.3500192563576719,0.14999501258999362,0.14999501258999362,0.34996833567363744,0.34996833567363744,664,0.0021252200248386317,0.0021252200248386317,0.00043992868416251047,0.033705826813522424,0.00043992868416251047,0.8164085328411953,0.0021252196656294017,0.10009381626859916,0.29070028201004416,0.11541112725526118,0.3102033073072909,T015_035_015_035,7
665,32.0,525,175,False,projected_continuous_optimization_loss,665,700,1.3671593498055175e-05,0.9999752831088822,4.980427317741861e-10,4.980427317741861e-10,4.980427317741861e-10,4.674964964479363e-10,4.674964964479363e-10,4.674964964479363e-10,4.674964964479363e-10,4.674964964479363e-10,6.109247065249962e-10,6.109247065249962e-10,6.109247065249962e-10,0.9999752831088822,0.06831636748245616,0.09524977963571502,0.4058333333333333,4.980427317741861e-10,8000.599182000617,8000.599182000617,11.967504500062205,16042.461362361908,,fixed_iterations,,0.1499958978095646,0.1499958978095646,0.3499609765391305,0.3499609765391305,0.14999628231094903,0.14999628231094903,0.35002212644923814,0.35002212644923814,665,0.0021204630478252446,0.0021204630478252446,0.00043768763266860037,0.03365550830313289,0.00043768763266860037,0.8165456233742762,0.002120462549782513,0.10017394266504957,0.29075863857770423,0.1154254643604159,0.31018757777110645,T015_035_015_035,7
666,32.0,525,175,False,projected_continuous_optimization_loss,666,700,1.3663771539223007e-05,0.999976517088536,3.6320043724264553e-10,3.6320043724264553e-10,3.6320043724264553e-10,3.3562808070126143e-10,3.3562808070126143e-10,3.3562808070126143e-10,3.3562808070126143e-10,3.3562808070126143e-10,5.514471308276817e-10,5.514471308276817e-10,5.514471308276817e-10,0.999976517088536,0.0682765633508485,0.09518479670194178,0.40555555555555556,3.6320043724264553e-10,8012.6204340006225,8012.6204340006225,12.021252000005916,16066.563031196594,,fixed_iterations,,0.14999420279254705,0.14999420279254705,0.3500194309497217,0.3500194309497217,0.14999498825841745,0.14999498825841745,0.3499678950878497,0.3499678950878497,666,0.002110624472946869,0.002110624472946869,0.0004332070763868708,0.033548347931199964,0.0004332070763868708,0.8168379189591909,0.0021106241097464317,0.10035611952885641,0.29091476392998533,0.11540814282930283,0.3101588926710463,T015_035_015_035,7
667,32.0,525,175,False,projected_continuous_optimization_loss,667,700,1.3655675870606943e-05,0.9999764334630128,1.2482989168524928e-10,1.2482989168524928e-10,1.2482989168524928e-10,9.706080840677868e-11,9.706080840677868e-11,9.706080840677868e-11,9.706080840677868e-11,9.706080840677868e-11,5.553816655694118e-10,5.553816655694118e-10,5.553816655694118e-10,0.9999764334630128,0.0682367589547284,0.09511967639488558,0.4055246913580247,1.2482989168524928e-10,8024.549144500634,8024.549144500634,11.92871050001122,16090.58604812622,,fixed_iterations,,0.149995697994949,0.149995697994949,0.3499787764424425,0.3499787764424425,0.14999543510127727,0.14999543510127727,0.350006523924344,0.350006523924344,667,0.0021029984627536817,0.0021029984627536817,0.00043789443521350145,0.0333020805508036,0.00043789443521350145,0.8175114235060079,0.00210299833792379,0.10060995762972583,0.2903258128562219,0.1155758395673069,0.31099981345275324,T015_035_015_035,7
668,32.0,525,175,False,projected_continuous_optimization_loss,668,700,1.3647476620837366e-05,0.9999767085917993,2.935110721912418e-11,2.935110721912418e-11,2.935110721912418e-11,2.2266224203389785e-12,2.2266224203389785e-12,2.2266224203389785e-12,2.2266224203389785e-12,2.2266224203389785e-12,5.424896959757039e-10,5.424896959757039e-10,5.424896959757039e-10,0.9999767085917993,0.06819695614703547,0.0950546501826461,0.4052777777777778,2.935110721912418e-11,8036.467685800628,8036.467685800628,11.918541299994104,16114.626961946487,,fixed_iterations,,0.1499947577762028,0.1499947577762028,0.3499919012081959,0.3499919012081959,0.14999586920402827,0.14999586920402827,0.34999418040337227,0.34999418040337227,668,0.00210209798466746,0.00210209798466746,0.000436234613239159,0.033317267428566014,0.000436234613239159,0.8174698177600045,0.0021020979553163528,0.10072298051904927,0.2902574272819902,0.11550098173950533,0.3109884282194596,T015_035_015_035,7
669,32.0,525,175,False,projected_continuous_optimization_loss,669,700,1.3639420580514313e-05,0.9999769006333965,1.292537090356644e-10,1.292537090356644e-10,1.292537090356644e-10,1.025746721615286e-10,1.025746721615286e-10,1.025746721615286e-10,1.025746721615286e-10,1.025746721615286e-10,5.335807374827159e-10,5.335807374827159e-10,5.335807374827159e-10,0.9999769006333965,0.06815715627898584,0.0949896608704598,0.40503086419753087,1.292537090356644e-10,8048.429647000623,8048.429647000623,11.96196119999513,16138.661842107773,,fixed_iterations,,0.149994251732966,0.149994251732966,0.3500075850365846,0.3500075850365846,0.14999575475001875,0.14999575475001875,0.34997930911382724,0.34997930911382724,669,0.00210209798466746,0.00210209798466746,0.000436234613239159,0.033317267428566014,0.000436234613239159,0.8174698177600045,0.002102097855413751,0.10072298051904927,0.2902574272819902,0.11550098173950533,0.3109884282194596,T015_035_015_035,7
670,32.0,525,175,False,projected_continuous_optimization_loss,670,700,1.3631560509506205e-05,0.9999763975232014,2.679432043470445e-10,2.679432043470445e-10,2.679432043470445e-10,2.4008935879598655e-10,2.4008935879598655e-10,2.4008935879598655e-10,2.4008935879598655e-10,2.4008935879598655e-10,5.570769110211589e-10,5.570769110211589e-10,5.570769110211589e-10,0.9999763975232014,0.0681173565496505,0.09492461169056222,0.4048148148148148,2.679432043470445e-10,8060.489489700645,8060.489489700645,12.059842700022273,16162.828939676285,,fixed_iterations,,0.14999605960535187,0.14999605960535187,0.34997043581503356,0.34997043581503356,0.1499956750795,0.1499956750795,0.3500142270233161,0.3500142270233161,670,0.002103115778216518,0.002103115778216518,0.00043869466016277714,0.03328842236107482,0.00043869466016277714,0.8175488493840752,0.0021031155102733136,0.10070462944006607,0.2904425371982782,0.11534949946055413,0.3110521832851769,T015_035_015_035,7
671,32.0,525,175,False,projected_continuous_optimization_loss,671,700,1.3623739253134446e-05,0.9999766448814285,2.8100039196102514e-10,2.8100039196102514e-10,2.8100039196102514e-10,2.537273137864808e-10,2.537273137864808e-10,2.537273137864808e-10,2.537273137864808e-10,2.537273137864808e-10,5.454615634908867e-10,5.454615634908867e-10,5.454615634908867e-10,0.9999766448814285,0.06807755785410459,0.09485971190531227,0.4045987654320988,2.8100039196102514e-10,8072.516622100724,8072.516622100724,12.027132400078699,16186.923812627792,,fixed_iterations,,0.14999418202338102,0.14999418202338102,0.350016129517873,0.350016129517873,0.1499949114473863,0.1499949114473863,0.3499714218927882,0.3499714218927882,671,0.00211260008329592,0.00211260008329592,0.00044551765474010933,0.03334164857111622,0.00044551765474010933,0.8174030433684167,0.0021125998022955284,0.10050722028752078,0.29052563268674647,0.11522170420937346,0.3111484861847762,T015_035_015_035,7
672,32.0,525,175,False,projected_continuous_optimization_loss,672,700,1.361579257121288e-05,0.9999756564912983,1.6663763782217757e-10,1.6663763782217757e-10,1.6663763782217757e-10,1.3700731702661825e-10,1.3700731702661825e-10,1.3700731702661825e-10,1.3700731702661825e-10,1.3700731702661825e-10,5.926064159111863e-10,5.926064159111863e-10,5.926064159111863e-10,0.9999756564912983,0.06803776187124942,0.09479468183161151,0.40444444444444444,1.6663763782217757e-10,8084.465776000638,8084.465776000638,11.949153899913654,16210.933534622192,,fixed_iterations,,0.1499954487508584,0.1499954487508584,0.349975509201773,0.349975509201773,0.1499961282582639,0.1499961282582639,0.350008570280403,0.350008570280403,672,0.002087498795434576,0.002087498795434576,0.0004209245776952368,0.033331484354786785,0.0004209245776952368,0.8174308778714572,0.0020874986287969383,0.10076161819763366,0.29079427278083375,0.11573109473220232,0.31014389216078736,T015_035_015_035,7
673,32.0,525,175,False,projected_continuous_optimization_loss,673,700,1.3607719011887708e-05,0.9999756568495705,5.2451102929732856e-11,5.2451102929732856e-11,5.2451102929732856e-11,2.2821654287702067e-11,2.2821654287702067e-11,2.2821654287702067e-11,2.2821654287702067e-11,2.2821654287702067e-11,5.925889728406158e-10,5.925889728406158e-10,5.925889728406158e-10,0.9999756568495705,0.06799796758377066,0.09472978528772197,0.4042283950617284,5.2451102929732856e-11,8096.502014700556,8096.502014700556,12.036238699918613,16235.041632652283,,fixed_iterations,,0.14999430789515977,0.14999430789515977,0.3499993722411487,0.3499993722411487,0.14999538578646884,0.14999538578646884,0.34998659092679313,0.34998659092679313,673,0.002087498795434576,0.002087498795434576,0.0004209245776952368,0.033331484354786785,0.0004209245776952368,0.8174308778714572,0.002087498742983473,0.10076161819763366,0.29079427278083375,0.11573109473220232,0.31014389216078736,T015_035_015_035,7
674,32.0,525,175,False,projected_continuous_optimization_loss,674,700,1.3599645967857063e-05,0.9999754266653392,4.160844570844624e-11,4.160844570844624e-11,4.160844570844624e-11,1.1416006890660284e-11,1.1416006890660284e-11,1.1416006890660284e-11,1.1416006890660284e-11,1.1416006890660284e-11,6.038487763557192e-10,6.038487763557192e-10,6.038487763557192e-10,0.9999754266653392,0.06795818129399185,0.09466487623533845,0.4039814814814815,4.160844570844624e-11,8108.518775100587,8108.518775100587,12.016760400030762,16259.206040859222,,fixed_iterations,,0.1499947678924513,0.1499947678924513,0.3499971459733789,0.3499971459733789,0.14999505789551829,0.14999505789551829,0.3499884549039907,0.3499884549039907,674,0.0020817896368861962,0.0020817896368861962,0.00041417709290420094,0.0333522508796399,0.00041417709290420094,0.8173740136792141,0.0020817895952777504,0.10097039357776884,0.29105579212123683,0.11552219365647419,0.3098256343237342,T015_035_015_035,7
675,32.0,525,175,False,projected_continuous_optimization_loss,675,700,1.359167786724408e-05,0.9999750319041326,1.1601388510905655e-10,1.1601388510905655e-10,1.1601388510905655e-10,8.484359454691342e-11,8.484359454691342e-11,8.484359454691342e-11,8.484359454691342e-11,8.484359454691342e-11,6.234058112428624e-10,6.234058112428624e-10,6.234058112428624e-10,0.9999750319041326,0.06791839994709835,0.09459996672499699,0.4037654320987654,1.1601388510905655e-10,8120.521767100552,8120.521767100552,12.002991999965161,16283.333522081375,,fixed_iterations,,0.14999558900053853,0.14999558900053853,0.34997893841194455,0.34997893841194455,0.14999558271731842,0.14999558271731842,0.3500049217743312,0.3500049217743312,675,0.002082849994039183,0.002082849994039183,0.00041443753049414983,0.03336824927090066,0.00041443753049414983,0.8173302179590158,0.0020828498780252978,0.10097605554847018,0.29103935857161345,0.11548894700963667,0.3098258568292955,T015_035_015_035,7
676,32.0,525,175,False,projected_continuous_optimization_loss,676,700,1.358379600330478e-05,0.9999754222688102,1.7800731114965273e-10,1.7800731114965273e-10,1.7800731114965273e-10,1.4780406762829263e-10,1.4780406762829263e-10,1.4780406762829263e-10,1.4780406762829263e-10,1.4780406762829263e-10,6.040648704272021e-10,6.040648704272021e-10,6.040648704272021e-10,0.9999754222688102,0.06787862009948366,0.09453516373038293,0.40370370370370373,1.7800731114965273e-10,8132.552041200572,8132.552041200572,12.030274100019597,16307.47173166275,,fixed_iterations,,0.14999387603320305,0.14999387603320305,0.35001019292817565,0.35001019292817565,0.14999514158130836,0.14999514158130836,0.34997621172612337,0.34997621172612337,676,0.002082849994039183,0.002082849994039183,0.00041443753049414983,0.03336824927090066,0.00041443753049414983,0.8173302179590158,0.0020828498160318717,0.10097605554847018,0.29103935857161345,0.11548894700963667,0.3098258568292955,T015_035_015_035,7
677,32.0,525,175,False,projected_continuous_optimization_loss,677,700,1.3575902027207883e-05,0.9999751441994197,1.616304463952492e-10,1.616304463952492e-10,1.616304463952492e-10,1.307399052711069e-10,1.307399052711069e-10,1.307399052711069e-10,1.307399052711069e-10,1.307399052711069e-10,6.178108224828464e-10,6.178108224828464e-10,6.178108224828464e-10,0.9999751441994197,0.06783884702727858,0.09447029161354766,0.4036111111111111,1.616304463952492e-10,8144.557202600525,8144.557202600525,12.005161399953067,16331.557209014893,,fixed_iterations,,0.1499952389815641,0.1499952389815641,0.34997594973165863,0.34997594973165863,0.14999574511162903,0.14999574511162903,0.350008210374568,0.350008210374568,677,0.002084313645925585,0.002084313645925585,0.0004040817525884647,0.03360463786674241,0.0004040817525884647,0.8166843218195933,0.0020843134842951387,0.10094287259680725,0.2910528354777379,0.11563524625122627,0.3090533674938219,T015_035_015_035,7
678,32.0,525,175,False,projected_continuous_optimization_loss,678,700,1.3567931035902112e-05,0.9999756820789539,8.950467892654876e-11,8.950467892654876e-11,8.950467892654876e-11,5.993661472613731e-11,5.993661472613731e-11,5.993661472613731e-11,5.993661472613731e-11,5.993661472613731e-11,5.913612840082292e-10,5.913612840082292e-10,5.913612840082292e-10,0.9999756820789539,0.0677990825461019,0.0944055385990279,0.40339506172839507,8.950467892654876e-11,8156.571220700513,8156.571220700513,12.01401809998788,16355.666866540909,,fixed_iterations,,0.14999466219797555,0.14999466219797555,0.3500036806118103,0.3500036806118103,0.14999516914628674,0.14999516914628674,0.3499821701228813,0.3499821701228813,678,0.0020810460634066536,0.0020810460634066536,0.0004050708869881916,0.033519503528369236,0.0004050708869881916,0.8169166759959575,0.002081045973901975,0.1009599263068329,0.29124750122065396,0.11557505247167159,0.309134195996799,T015_035_015_035,7
679,32.0,525,175,False,projected_continuous_optimization_loss,679,700,1.3559906013899306e-05,0.9999757179440248,3.5865599160920815e-11,3.5865599160920815e-11,3.5865599160920815e-11,6.384687042161066e-12,6.384687042161066e-12,6.384687042161066e-12,6.384687042161066e-12,6.384687042161066e-12,5.896182423751949e-10,5.896182423751949e-10,5.896182423751949e-10,0.9999757179440248,0.06775931707308061,0.09434074780138955,0.4031172839506173,3.5865599160920815e-11,8168.624108800548,8168.624108800548,12.052888100035489,16379.81148147583,,fixed_iterations,,0.14999512137839627,0.14999512137839627,0.34998939617198727,0.34998939617198727,0.1499953831228737,0.1499953831228737,0.34999581727076773,0.34999581727076773,679,0.0020810460634066536,0.0020810460634066536,0.0004050708869881916,0.033519503528369236,0.0004050708869881916,0.8169166759959575,0.0020810460275410545,0.1009599263068329,0.29124750122065396,0.11557505247167159,0.309134195996799,T015_035_015_035,7
680,32.0,525,175,False,projected_continuous_optimization_loss,680,700,1.3551899280215284e-05,0.9999758032083221,4.144177105270842e-11,4.144177105270842e-11,4.144177105270842e-11,1.2167534677605533e-11,1.2167534677605533e-11,1.2167534677605533e-11,1.2167534677605533e-11,1.2167534677605533e-11,5.854847275020579e-10,5.854847275020579e-10,5.854847275020579e-10,0.9999758032083221,0.06771955468894375,0.0942759983438454,0.4029938271604938,4.144177105270842e-11,8180.646360200481,8180.646360200481,12.02225139993243,16403.907668352127,,fixed_iterations,,0.14999485840684848,0.14999485840684848,0.34998801778750427,0.34998801778750427,0.14999561129696032,0.14999561129696032,0.34999731571700904,0.34999731571700904,680,0.002080955624763212,0.002080955624763212,0.00040412314537181126,0.03353664958782801,0.00040412314537181126,0.8168698561464334,0.002080955583321441,0.10104405520610778,0.29109862620798954,0.11555570916078,0.3091714655715561,T015_035_015_035,7
681,32.0,525,175,False,projected_continuous_optimization_loss,681,700,1.3543952379559804e-05,0.9999759973530097,8.387575234050929e-11,8.387575234050929e-11,8.387575234050929e-11,5.506939921341911e-11,5.506939921341911e-11,5.506939921341911e-11,5.506939921341911e-11,5.506939921341911e-11,5.761270625418036e-10,5.761270625418036e-10,5.761270625418036e-10,0.9999759973530097,0.06767979890080095,0.09421131198388023,0.40271604938271605,8.387575234050929e-11,8192.690219000448,8192.690219000448,12.043858799966983,16428.021005630493,,fixed_iterations,,0.14999443472232954,0.14999443472232954,0.35000333107000253,0.35000333107000253,0.14999545738055514,0.14999545738055514,0.34998277418012247,0.34998277418012247,681,0.002080955624763212,0.002080955624763212,0.00040412314537181126,0.03353664958782801,0.00040412314537181126,0.8168698561464334,0.0020809555408874596,0.10104405520610778,0.29109862620798954,0.11555570916078,0.3091714655715561,T015_035_015_035,7
682,32.0,525,175,False,projected_continuous_optimization_loss,682,700,1.353604365591253e-05,0.9999756991709969,1.1291846884062751e-10,1.1291846884062751e-10,1.1291846884062751e-10,8.3391954328816e-11,8.3391954328816e-11,8.3391954328816e-11,8.3391954328816e-11,8.3391954328816e-11,5.905302902362301e-10,5.905302902362301e-10,5.905302902362301e-10,0.9999756991709969,0.06764004347425667,0.09414659719163491,0.4025617283950617,1.1291846884062751e-10,8204.67676130042,8204.67676130042,11.986542299971916,16452.08874607086,,fixed_iterations,binary_loss_plateau,0.14999554044373764,0.14999554044373764,0.34997940444035724,0.34997940444035724,0.14999561528533006,0.14999561528533006,0.350005139001572,0.350005139001572,682,0.002080955624763212,0.002080955624763212,0.00040412314537181126,0.03353664958782801,0.00040412314537181126,0.8168698561464334,0.002080955511844743,0.10104405520610778,0.29109862620798954,0.11555570916078,0.3091714655715561,T015_035_015_035,7
