sample,x1_px,y1_px,x2_px,y2_px,y_base_px,fixed_dy_px,x1_norm,y1_norm,x2_norm,y2_norm,y_center_norm,x1_um,y1_um,x2_um,y2_um,y_base_um,reflection_proxy,solve_time_sec,x_input_monitor,x_output_monitor,input_monitor_source_distance_px,input_monitor_design_clearance_px,P_in_signed,P_in,forward_sign,P_sum_forward,P_sum,T_total_forward,T_total,T_total_raw_signed,backward_fraction,P_out_signed_1,P_out_forward_1,P_out_backward_1,P_1,T_1,ratio_1,P_out_signed_2,P_out_forward_2,P_out_backward_2,P_2,T_2,ratio_2,P_out_signed_3,P_out_forward_3,P_out_backward_3,P_3,T_3,ratio_3,dataset_seed,cumulative_extra_index,dataset_role
50000,146.60830074128611,55.499736113917066,82.52617155739891,105.49973611391707,55.499736113917066,50.0,0.5045294172843344,0.02651181962016491,0.02737283363662633,0.02651181962016491,0.02651181962016491,2.9321660148257225,1.1099947222783413,1.6505234311479782,2.109994722278341,1.1099947222783413,0.02878569860629325,5.9471940994262695,49.0,281.0,28.0,13.0,1.3462158952964854e-22,1.3462158952964854e-22,1.0,9.677683129279616e-23,9.677683129279616e-23,0.718880468065506,0.718880468065506,0.718880468065506,0.0,5.7149835844451305e-24,5.7149835844451305e-24,0.0,5.7149835844451305e-24,0.042452206993043154,0.05905322077713594,8.638140024072908e-23,8.638140024072908e-23,0.0,8.638140024072908e-23,0.6416608252995317,0.8925834736145066,4.680447467621958e-24,4.680447467621958e-24,0.0,4.680447467621958e-24,0.03476743577293116,0.04836330560835751,10037,0,train_increment
50001,94.19406196491094,125.04107608969196,84.74085659716047,175.04107608969196,125.04107608969196,50.0,0.11425213674542777,0.9045590415365147,0.04386341472196931,0.9045590415365147,0.9045590415365147,1.8838812392982187,2.500821521793839,1.6948171319432095,3.5008215217938394,2.500821521793839,0.03715403362469394,5.93669581413269,49.0,281.0,28.0,13.0,1.3442472617372457e-22,1.3442472617372457e-22,1.0,8.691585129437717e-23,8.691585129437717e-23,0.6465763685622165,0.6465763685622165,0.6465763685622165,0.0,2.427330719181021e-23,2.427330719181021e-23,0.0,2.427330719181021e-23,0.1805717436272882,0.2792736518175312,9.282952524765588e-24,9.282952524765588e-24,0.0,9.282952524765588e-24,0.06905688253192876,0.10680390730253514,5.335959157780137e-23,5.335959157780137e-23,0.0,5.335959157780137e-23,0.39694774240299957,0.6139224408799336,10037,1,train_increment
50002,191.23206413881172,130.1892142778978,150.60345164848746,180.1892142778978,130.1892142778978,50.0,0.8367986905347112,0.9695607863370935,0.5342773763848657,0.9695607863370935,0.9695607863370935,3.8246412827762346,2.6037842855579565,3.012069032969749,3.603784285557956,2.6037842855579565,0.013785073233140715,5.942063093185425,49.0,281.0,28.0,13.0,1.3510944323788087e-22,1.3510944323788087e-22,1.0,1.0317243207076129e-22,1.0317243207076129e-22,0.7636211770121087,0.7636211770121087,0.7636211770121087,0.0,4.852546192565761e-24,4.852546192565761e-24,0.0,4.852546192565761e-24,0.03591567011361382,0.04703336051279299,8.616490306708363e-23,8.616490306708363e-23,0.0,8.616490306708363e-23,0.6377415301414359,0.8351543269619449,1.2154982811111895e-23,1.2154982811111895e-23,0.0,1.2154982811111895e-23,0.08996397675705899,0.11781231252526202,10037,2,train_increment
50003,209.92491702434023,61.486261692579966,96.36771961738435,111.48626169257997,61.486261692579966,50.0,0.9759859793323918,0.10209926379520153,0.13043722723294382,0.10209926379520162,0.10209926379520153,4.198498340486805,1.2297252338515994,1.9273543923476872,2.2297252338515996,1.2297252338515994,0.017814148695021768,5.965255498886108,49.0,281.0,28.0,13.0,1.3502280114145845e-22,1.3502280114145845e-22,1.0,1.0616419764361783e-22,1.0616419764361783e-22,0.7862686653374453,0.7862686653374453,0.7862686653374453,0.0,3.396520217006775e-24,3.396520217006775e-24,0.0,3.396520217006775e-24,0.02515516037508632,0.03199308516802002,8.686219344411996e-23,8.686219344411996e-23,0.0,8.686219344411996e-23,0.6433150009465262,0.8181872549511212,1.5905483982491097e-23,1.5905483982491097e-23,0.0,1.5905483982491097e-23,0.11779850401583288,0.14981965988085882,10037,3,train_increment
50004,187.0540840633193,60.93319893945274,196.48135175521006,110.93319893945274,60.93319893945274,50.0,0.8056893824521169,0.09511614822541328,0.8758849721162327,0.09511614822541328,0.09511614822541328,3.741081681266386,1.2186639787890547,3.9296270351042013,2.218663978789055,1.2186639787890547,0.02975568351701511,5.942749977111816,49.0,281.0,28.0,13.0,1.3492444770580844e-22,1.3492444770580844e-22,1.0,1.1307987056038332e-22,1.1307987056038332e-22,0.8380977093709852,0.8380977093709852,0.8380977093709852,0.0,3.865845093179287e-25,3.865845093179287e-25,0.0,3.865845093179287e-25,0.002865192453193095,0.0034186854601279113,1.0006284686595894e-22,1.0006284686595894e-22,0.0,1.0006284686595894e-22,0.741621318948347,0.884886464497026,1.263043918510645e-23,1.263043918510645e-23,0.0,1.263043918510645e-23,0.0936111979694449,0.11169485004284599,10037,4,train_increment
50005,79.72405715138316,93.27927196666778,194.1227370507455,143.27927196666778,93.27927196666778,50.0,0.006508243867335589,0.5035261611953002,0.8583226883897656,0.5035261611953002,0.5035261611953002,1.5944811430276633,1.8655854393333555,3.88245474101491,2.8655854393333557,1.8655854393333555,0.04667421031687261,5.857635974884033,49.0,281.0,28.0,13.0,1.3456898681800238e-22,1.3456898681800238e-22,1.0,9.91018346472274e-23,9.91018346472274e-23,0.736438885292772,0.736438885292772,0.736438885292772,0.0,5.38062322507904e-23,5.38062322507904e-23,0.0,5.38062322507904e-23,0.3998412526027305,0.5429388107932042,1.2714958892519684e-23,1.2714958892519684e-23,0.0,1.2714958892519684e-23,0.09448654696134416,0.12830195261047483,3.258064350391732e-23,3.258064350391732e-23,0.0,3.258064350391732e-23,0.24211108572869738,0.32875923659632106,10037,5,train_increment
50006,211.4649852271837,83.49836311818265,153.52650425261038,133.49836311818265,83.49836311818265,50.0,0.987453352398985,0.38002983735079104,0.5560424739583796,0.38002983735079104,0.38002983735079104,4.229299704543674,1.669967262363653,3.0705300850522077,2.6699672623636532,1.669967262363653,0.021606284177800843,5.922668933868408,49.0,281.0,28.0,13.0,1.3492890515020772e-22,1.3492890515020772e-22,1.0,1.2469323236703078e-22,1.2469323236703078e-22,0.9241402516993507,0.9241402516993507,0.9241402516993507,0.0,2.4310908245988834e-23,2.4310908245988834e-23,0.0,2.4310908245988834e-23,0.18017568747723148,0.19496573939498502,5.853189254751413e-23,5.853189254751413e-23,0.0,5.853189254751413e-23,0.4337980248365191,0.4694071316976311,4.1850431573527815e-23,4.1850431573527815e-23,0.0,4.1850431573527815e-23,0.3101665393856002,0.3356271289073839,10037,6,train_increment
50007,140.40836117940898,122.12176485219283,109.08603732296265,172.12176485219283,122.12176485219283,50.0,0.4583645657439239,0.8676990511640509,0.2251380292104442,0.8676990511640509,0.8676990511640509,2.80816722358818,2.4424352970438568,2.181720746459253,3.4424352970438568,2.4424352970438568,0.012320342627842007,5.890382766723633,49.0,281.0,28.0,13.0,1.3514735510306525e-22,1.3514735510306525e-22,1.0,1.0501466426447405e-22,1.0501466426447405e-22,0.7770382497266662,0.7770382497266662,0.7770382497266662,0.0,5.203225600989736e-24,5.203225600989736e-24,0.0,5.203225600989736e-24,0.038500387943379906,0.04954760973082463,8.430193796765739e-23,8.430193796765739e-23,0.0,8.430193796765739e-23,0.6237779341176715,0.8027634860151271,1.550950069582694e-23,1.550950069582694e-23,0.0,1.550950069582694e-23,0.1147599276656149,0.14768890425404832,10037,7,train_increment
50008,95.47134963138063,65.97110214914576,177.6971100149364,115.97110214914576,65.97110214914576,50.0,0.12376284163351182,0.1587260372366889,0.7360172004090574,0.1587260372366889,0.1587260372366889,1.9094269926276128,1.3194220429829153,3.5539422002987284,2.3194220429829153,1.3194220429829153,0.023459368241896993,5.961277961730957,49.0,281.0,28.0,13.0,1.345259645452512e-22,1.345259645452512e-22,1.0,1.2800429399516972e-22,1.2800429399516972e-22,0.9515211017283749,0.9515211017283749,0.9515211017283749,0.0,5.60320453354968e-24,5.60320453354968e-24,0.0,5.60320453354968e-24,0.041651472654298645,0.04377356695362984,1.2049637763628888e-22,1.2049637763628888e-22,0.0,1.2049637763628888e-22,0.8957109361275524,0.9413463710899873,1.904711825331164e-24,1.904711825331164e-24,0.0,1.904711825331164e-24,0.014158692946523837,0.014880061956382798,10037,8,train_increment
50009,123.36895457658409,120.77130172764075,135.69431099209743,170.77130172764075,120.77130172764075,50.0,0.33148886505274827,0.8506477490863731,0.42326367082723326,0.8506477490863731,0.8506477490863731,2.4673790915316816,2.4154260345528153,2.7138862198419487,3.415426034552815,2.4154260345528153,0.029386031393727665,5.955671072006226,49.0,281.0,28.0,13.0,1.3496122455162788e-22,1.3496122455162788e-22,1.0,7.840062329488144e-23,7.840062329488144e-23,0.5809122105652662,0.5809122105652662,0.5809122105652662,0.0,1.3537097940794407e-23,1.3537097940794407e-23,0.0,1.3537097940794407e-23,0.10030360932014176,0.17266569284632471,1.3800592139299022e-23,1.3800592139299022e-23,0.0,1.3800592139299022e-23,0.10225597896838705,0.17602656151587032,5.1062933214788e-23,5.1062933214788e-23,0.0,5.1062933214788e-23,0.3783526222767374,0.6513077456378049,10037,9,train_increment
50010,102.47535254082263,64.84692232666296,185.47122362489677,114.84692232666296,64.84692232666296,50.0,0.17591476203144177,0.14453184755887574,0.7939033776984122,0.14453184755887574,0.14453184755887574,2.0495070508164526,1.2969384465332592,3.7094244724979353,2.296938446533259,1.2969384465332592,0.026004474497283877,5.977148771286011,49.0,281.0,28.0,13.0,1.3447269462438881e-22,1.3447269462438881e-22,1.0,1.2649353924208223e-22,1.2649353924208223e-22,0.9406633785052491,0.9406633785052491,0.9406633785052491,0.0,5.0214762981806515e-24,5.0214762981806515e-24,0.0,5.0214762981806515e-24,0.037341977211111266,0.039697492285124494,1.1920449131063528e-22,1.1920449131063528e-22,0.0,1.1920449131063528e-22,0.8864587092836883,0.9423761247007467,2.2675716332662804e-24,2.2675716332662804e-24,0.0,2.2675716332662804e-24,0.01686269201044938,0.017926383014128664,10037,10,train_increment
50011,91.5076891815338,54.45964949463487,203.8376062046828,104.45964949463487,54.45964949463487,50.0,0.09424936099429494,0.01337941281104623,0.9306597632515472,0.01337941281104632,0.01337941281104623,1.8301537836306763,1.0891929898926973,4.076752124093656,2.0891929898926973,1.0891929898926973,0.14200523232528692,5.954719305038452,49.0,281.0,28.0,13.0,1.3151781465390867e-22,1.3151781465390867e-22,1.0,7.9241166367443e-23,7.9241166367443e-23,0.6025127970379333,0.6025127970379333,0.6025127970379333,0.0,2.0962918905630722e-23,2.0962918905630722e-23,0.0,2.0962918905630722e-23,0.15939223869249192,0.26454581458865983,4.944667543681474e-23,4.944667543681474e-23,0.0,4.944667543681474e-23,0.3759694119533121,0.6240023677532639,8.831572024997545e-24,8.831572024997545e-24,0.0,8.831572024997545e-24,0.06715114639212927,0.11145181765807628,10037,11,train_increment
50012,160.68596963947297,90.07875891313142,200.88803790907633,140.07875891313142,90.07875891313142,50.0,0.6093519705098509,0.46311564284256845,0.9086972294048871,0.46311564284256845,0.46311564284256845,3.2137193927894594,1.8015751782626286,4.0177607581815264,2.8015751782626284,1.8015751782626286,0.028073329535576945,5.9690821170806885,49.0,281.0,28.0,13.0,1.347758040287802e-22,1.347758040287802e-22,1.0,1.0278385334173078e-22,1.0278385334173078e-22,0.7626283818702516,0.7626283818702516,0.7626283818702516,0.0,5.240211800451867e-23,5.240211800451867e-23,0.0,5.240211800451867e-23,0.3888095373063303,0.5098283076651606,2.688660035961451e-24,2.688660035961451e-24,0.0,2.688660035961451e-24,0.019949130003982844,0.026158389168601456,4.769307530125066e-23,4.769307530125066e-23,0.0,4.769307530125066e-23,0.3538697145599385,0.4640133031662379,10037,12,train_increment
50013,90.27907921914779,65.16066833834044,131.7619434861141,115.16066833834044,65.16066833834044,50.0,0.08510111108821887,0.14849328710025808,0.3939831979606411,0.14849328710025808,0.14849328710025808,1.805581584382956,1.3032133667668089,2.635238869722282,2.303213366766809,1.3032133667668089,0.030639079454478517,5.907094240188599,49.0,281.0,28.0,13.0,1.34719695347828e-22,1.34719695347828e-22,1.0,1.2427994025939558e-22,1.2427994025939558e-22,0.9225075809332972,0.9225075809332972,0.9225075809332972,0.0,1.3999206083693043e-23,1.3999206083693043e-23,0.0,1.3999206083693043e-23,0.10391358180813123,0.11264252343921367,1.077155305887743e-22,1.077155305887743e-22,0.0,1.077155305887743e-22,0.7995529555694687,0.8667169485594517,2.5652035869282343e-24,2.5652035869282343e-24,0.0,2.5652035869282343e-24,0.01904104355569708,0.020640528001334507,10037,13,train_increment
50014,89.87254014991622,70.95977640118886,156.73160568136487,120.95977640118886,70.95977640118886,50.0,0.08207401451910815,0.22171434849985933,0.5799077117004086,0.22171434849985933,0.22171434849985933,1.7974508029983245,1.4191955280237774,3.134632113627297,2.4191955280237774,1.4191955280237774,0.020596690811720733,5.97144627571106,49.0,281.0,28.0,13.0,1.3488095624626786e-22,1.3488095624626786e-22,1.0,1.2154019796977405e-22,1.2154019796977405e-22,0.901092351005163,0.901092351005163,0.901092351005163,0.0,2.519039410888256e-23,2.519039410888256e-23,0.0,2.519039410888256e-23,0.18676019810305558,0.20725977519920763,9.414246018117854e-23,9.414246018117854e-23,0.0,9.414246018117854e-23,0.6979670281199052,0.7745787957708521,2.2073436797129492e-24,2.2073436797129492e-24,0.0,2.2073436797129492e-24,0.01636512478220235,0.01816142902994033,10037,14,train_increment
50015,124.50464838342405,91.19049363605193,90.75152455871375,141.19049363605194,91.19049363605193,50.0,0.33994525974254697,0.4771526974248981,0.08861894682586567,0.47715269742489824,0.4771526974248981,2.490092967668481,1.8238098727210386,1.8150304911742752,2.823809872721039,1.8238098727210386,0.06875591496328305,5.975829839706421,49.0,281.0,28.0,13.0,1.340612249456096e-22,1.340612249456096e-22,1.0,1.157362495414306e-22,1.157362495414306e-22,0.8633089067206892,0.8633089067206892,0.8633089067206892,0.0,5.568924693981913e-23,5.568924693981913e-23,0.0,5.568924693981913e-23,0.41540159701220836,0.48117376500854914,7.326649793051431e-24,7.326649793051431e-24,0.0,7.326649793051431e-24,0.05465152057221579,0.06330471068555474,5.2720352808560045e-23,5.2720352808560045e-23,0.0,5.2720352808560045e-23,0.3932557891362651,0.45552152430589615,10037,15,train_increment
50016,155.82471096413025,118.17925930873142,169.29866556352908,168.17925930873142,118.17925930873142,50.0,0.5731549587798231,0.8179199407668108,0.6734822454469775,0.8179199407668108,0.8179199407668108,3.116494219282605,2.3635851861746286,3.3859733112705817,3.363585186174628,2.3635851861746286,0.06518076107141135,5.976855278015137,49.0,281.0,28.0,13.0,1.336970677737675e-22,1.336970677737675e-22,1.0,7.049409859863648e-23,7.049409859863648e-23,0.5272673497815337,0.5272673497815337,0.5272673497815337,0.0,1.1610849431052386e-23,1.1610849431052386e-23,0.0,1.1610849431052386e-23,0.08684445832947829,0.16470668696907015,1.9294181462468235e-23,1.9294181462468235e-23,0.0,1.9294181462468235e-23,0.14431267479341023,0.2736992435681904,3.9589067705115853e-23,3.9589067705115853e-23,0.0,3.9589067705115853e-23,0.2961102166586451,0.5615940694627394,10037,16,train_increment
50017,203.80326580628002,117.02894321828755,162.0809364572184,167.02894321828757,117.02894321828755,50.0,0.930404064082502,0.8033957477056509,0.619738916286064,0.8033957477056511,0.8033957477056509,4.0760653161256,2.340578864365751,3.241618729144368,3.3405788643657512,2.340578864365751,0.04172276950195052,5.920733451843262,49.0,281.0,28.0,13.0,1.3459284426238102e-22,1.3459284426238102e-22,1.0,8.664808561599764e-23,8.664808561599764e-23,0.6437792892397918,0.6437792892397918,0.6437792892397918,0.0,6.790346359451728e-24,6.790346359451728e-24,0.0,6.790346359451728e-24,0.05045102060711591,0.07836695192026309,7.475088839874956e-23,7.475088839874956e-23,0.0,7.475088839874956e-23,0.5553853089918138,0.8626952097940923,5.106850857796356e-24,5.106850857796356e-24,0.0,5.106850857796356e-24,0.03794295964086206,0.05893783828564459,10037,17,train_increment
50018,179.06700392752634,96.47912293135073,152.80535158761063,146.47912293135073,96.47912293135073,50.0,0.7462174529227575,0.543928319840287,0.5506727594014195,0.543928319840287,0.543928319840287,3.581340078550527,1.9295824586270147,3.0561070317522128,2.929582458627015,1.9295824586270147,0.03292616734253767,6.0211341381073,49.0,281.0,28.0,13.0,1.3472839549810298e-22,1.3472839549810298e-22,1.0,1.166964733117905e-22,1.166964733117905e-22,0.8661609371977834,0.8661609371977834,0.8661609371977834,0.0,4.6952659803360694e-23,4.6952659803360694e-23,0.0,4.6952659803360694e-23,0.34849861923889536,0.4023485755041819,8.700825532571087e-24,8.700825532571087e-24,0.0,8.700825532571087e-24,0.06458048802855072,0.07455945570286565,6.104298797585872e-23,6.104298797585872e-23,0.0,6.104298797585872e-23,0.45308182993033735,0.5230919687929524,10037,18,train_increment
50019,122.328727077087,72.44158034564734,162.02633279218674,122.44158034564734,72.44158034564734,50.0,0.3237433140512807,0.24042399426322394,0.6193323365017628,0.24042399426322394,0.24042399426322394,2.44657454154174,1.4488316069129468,3.240526655843735,2.4488316069129468,1.4488316069129468,0.055620033745441354,5.955902338027954,49.0,281.0,28.0,13.0,1.3477061667365932e-22,1.3477061667365932e-22,1.0,1.0578869147957279e-22,1.0578869147957279e-22,0.7849536797456014,0.7849536797456014,0.7849536797456014,0.0,3.0760979422233396e-23,3.0760979422233396e-23,0.0,3.0760979422233396e-23,0.2282469293489964,0.290777577376247,6.565377030051089e-23,6.565377030051089e-23,0.0,6.565377030051089e-23,0.4871519617624693,0.6206123677518809,9.373941756828501e-24,9.373941756828501e-24,0.0,9.373941756828501e-24,0.06955478863413572,0.08861005487187218,10037,19,train_increment
50020,141.5868265548156,129.90041013762095,196.69891382965884,179.90041013762095,129.90041013762095,50.0,0.46713943823392096,0.9659142694144061,0.877504942886514,0.9659142694144061,0.9659142694144061,2.831736531096312,2.5980082027524194,3.9339782765931766,3.598008202752419,2.5980082027524194,0.11822457035740926,5.931633710861206,49.0,281.0,28.0,13.0,1.32287606597767e-22,1.32287606597767e-22,1.0,2.360605851981629e-23,2.360605851981629e-23,0.17844497399966383,0.17844497399966383,0.17844497399966383,0.0,1.90675125517105e-24,1.90675125517105e-24,0.0,1.90675125517105e-24,0.014413680194311081,0.08077380870552418,1.00196264202711e-23,1.00196264202711e-23,0.0,1.00196264202711e-23,0.07574123289369596,0.424451477651809,1.1679680844374139e-23,1.1679680844374139e-23,0.0,1.1679680844374139e-23,0.08829006091165678,0.4947747136426668,10037,20,train_increment
50021,212.29400916108833,54.782582044121504,80.19848490747886,104.78258204412151,54.782582044121504,50.0,0.9936262781912757,0.017456843991433067,0.010040840710937176,0.017456843991433157,0.017456843991433067,4.245880183221767,1.0956516408824302,1.603969698149577,2.0956516408824304,1.0956516408824302,0.024400163487026363,5.923074722290039,49.0,281.0,28.0,13.0,1.344999615029899e-22,1.344999615029899e-22,1.0,1.0009909747610184e-22,1.0009909747610184e-22,0.7442314210169991,0.7442314210169991,0.7442314210169991,0.0,6.388957241737938e-24,6.388957241737938e-24,0.0,6.388957241737938e-24,0.04750155442680862,0.063826322143047,8.759308564640757e-23,8.759308564640757e-23,0.0,8.759308564640757e-23,0.6512498938110135,0.8750636904325734,6.117054587956341e-24,6.117054587956341e-24,0.0,6.117054587956341e-24,0.04547997277917705,0.0611099874243797,10037,21,train_increment
50022,133.0335690754235,114.79942835291843,105.50633313443909,164.79942835291843,114.79942835291843,50.0,0.40345174292943775,0.7752453074863438,0.1984834931827185,0.7752453074863438,0.7752453074863438,2.6606713815084695,2.2959885670583686,2.110126662688782,3.2959885670583686,2.2959885670583686,0.011291045650721558,5.934974193572998,49.0,281.0,28.0,13.0,1.3463483053757457e-22,1.3463483053757457e-22,1.0,1.1179159360567262e-22,1.1179159360567262e-22,0.8303318922696846,0.8303318922696846,0.8303318922696846,0.0,4.154904897328999e-24,4.154904897328999e-24,0.0,4.154904897328999e-24,0.03086054983498068,0.03716652355797679,3.4354292273942867e-23,3.4354292273942867e-23,0.0,3.4354292273942867e-23,0.2551664538572364,0.30730657973373443,7.328239643440075e-23,7.328239643440075e-23,0.0,7.328239643440075e-23,0.5443048885774675,0.6555268967082888,10037,22,train_increment
50023,108.18344911900434,103.57733600339057,164.86188547421904,153.57733600339057,103.57733600339057,50.0,0.21841734265826016,0.6335522222650325,0.6404459082220331,0.6335522222650325,0.6335522222650325,2.1636689823800865,2.0715467200678113,3.2972377094843806,3.0715467200678117,2.0715467200678113,0.043934714068531965,5.950510263442993,49.0,281.0,28.0,13.0,1.3522880371084572e-22,1.3522880371084572e-22,1.0,1.1462168175932738e-22,1.1462168175932738e-22,0.8476129242732805,0.8476129242732805,0.8476129242732805,0.0,3.685343405046037e-23,3.685343405046037e-23,0.0,3.685343405046037e-23,0.2725265109145133,0.321522363699409,8.89880994934679e-24,8.89880994934679e-24,0.0,8.89880994934679e-24,0.06580558065406505,0.07763635825926664,6.886943775952023e-23,6.886943775952023e-23,0.0,6.886943775952023e-23,0.5092808327047021,0.6008412780413244,10037,23,train_increment
50024,183.43504611401886,96.75507924451955,148.91435109834487,146.75507924451955,96.75507924451955,50.0,0.7787419665973109,0.5474126167237316,0.5217003060189491,0.5474126167237316,0.5474126167237316,3.6687009222803773,1.935101584890391,2.9782870219668975,2.935101584890391,1.935101584890391,0.02975177505804838,5.945553541183472,49.0,281.0,28.0,13.0,1.3498657906150227e-22,1.3498657906150227e-22,1.0,1.122928111513341e-22,1.122928111513341e-22,0.8318813020676041,0.8318813020676041,0.8318813020676041,0.0,4.5278212174095536e-23,4.5278212174095536e-23,0.0,4.5278212174095536e-23,0.3354275105635945,0.40321559064965673,9.75141811458301e-24,9.75141811458301e-24,0.0,9.75141811458301e-24,0.07223990845890015,0.0868392020344141,5.726318086265556e-23,5.726318086265556e-23,0.0,5.726318086265556e-23,0.42421388304510954,0.5099452073159293,10037,24,train_increment
50025,140.60159481780087,117.60616685328219,175.34942758291248,167.6061668532822,117.60616685328219,50.0,0.4598033865807958,0.8106839249151792,0.7185363185622672,0.8106839249151792,0.8106839249151792,2.8120318963560176,2.352123337065644,3.50698855165825,3.3521233370656436,2.352123337065644,0.007968291406668172,5.953959941864014,49.0,281.0,28.0,13.0,1.3529618404669864e-22,1.3529618404669864e-22,1.0,7.148941469651077e-23,7.148941469651077e-23,0.5283919513342341,0.5283919513342341,0.5283919513342341,0.0,2.293331607204034e-23,2.293331607204034e-23,0.0,2.293331607204034e-23,0.1695045298847801,0.320793171540117,1.2926300250164326e-23,1.2926300250164326e-23,0.0,1.2926300250164326e-23,0.09554076000918624,0.18081418493967932,3.562979837430611e-23,3.562979837430611e-23,0.0,3.562979837430611e-23,0.2633466614402678,0.4983926435202038,10037,25,train_increment
50026,156.08335856811948,111.80238541620218,143.46606686895404,161.80238541620218,111.80238541620218,50.0,0.5750808530760944,0.7374038562651791,0.48113229239727506,0.7374038562651791,0.7374038562651791,3.1216671713623896,2.2360477083240435,2.869321337379081,3.2360477083240435,2.2360477083240435,0.036539622981507584,5.903477191925049,49.0,281.0,28.0,13.0,1.3440487440799312e-22,1.3440487440799312e-22,1.0,9.295956960521923e-23,9.295956960521923e-23,0.6916383800414524,0.6916383800414524,0.6916383800414524,0.0,1.290552797071704e-23,1.290552797071704e-23,0.0,1.290552797071704e-23,0.09601979115386564,0.13882947205461735,1.8903255998868894e-23,1.8903255998868894e-23,0.0,1.8903255998868894e-23,0.14064412531265091,0.20334922030240948,6.115078563563329e-23,6.115078563563329e-23,0.0,6.115078563563329e-23,0.4549744635749358,0.6578213076429731,10037,26,train_increment
50027,209.93364990351495,110.07682201439196,105.55399099426857,160.07682201439195,110.07682201439196,50.0,0.9760510044937821,0.7156164395756561,0.19883835438770348,0.715616439575656,0.7156164395756561,4.1986729980702995,2.201536440287839,2.1110798198853713,3.201536440287839,2.201536440287839,0.017862302533922306,5.962879180908203,49.0,281.0,28.0,13.0,1.3484897162777563e-22,1.3484897162777563e-22,1.0,1.2962565212653186e-22,1.2962565212653186e-22,0.9612654109394194,0.9612654109394194,0.9612654109394194,0.0,8.188502872161094e-24,8.188502872161094e-24,0.0,8.188502872161094e-24,0.06072350996315986,0.06317038902275321,1.2101074372284838e-22,1.2101074372284838e-22,0.0,1.2101074372284838e-22,0.8973798039548645,0.9335400959427832,4.264055315223748e-25,4.264055315223748e-25,0.0,4.264055315223748e-25,0.003162097021395049,0.003289515034463598,10037,27,train_increment
50028,178.07328919997192,102.69325259044692,104.23203871721853,152.69325259044692,102.69325259044692,50.0,0.7388182367831119,0.6223895529096833,0.18899507607757657,0.6223895529096833,0.6223895529096833,3.5614657839994384,2.0538650518089385,2.0846407743443707,3.0538650518089385,2.0538650518089385,0.05455330790414115,5.936753749847412,49.0,281.0,28.0,13.0,1.3439808733515057e-22,1.3439808733515057e-22,1.0,1.176384658213481e-22,1.176384658213481e-22,0.8752986605232801,0.8752986605232801,0.8752986605232801,0.0,2.2310368193747615e-23,2.2310368193747615e-23,0.0,2.2310368193747615e-23,0.16600212574537543,0.18965198192595695,7.584536434530765e-23,7.584536434530765e-23,0.0,7.584536434530765e-23,0.5643336586790175,0.6447326885450066,1.9482733282292852e-23,1.9482733282292852e-23,0.0,1.9482733282292852e-23,0.1449628760988872,0.1656153295290364,10037,28,train_increment
50029,161.55732417403837,94.26236367262396,84.1383656852756,144.26236367262396,94.26236367262396,50.0,0.6158400906480891,0.5159389352604036,0.03937725752252872,0.5159389352604036,0.5159389352604036,3.2311464834807673,1.8852472734524792,1.6827673137055121,2.8852472734524794,1.8852472734524792,0.008901292192659886,5.875497817993164,49.0,281.0,28.0,13.0,1.3447582586035716e-22,1.3447582586035716e-22,1.0,1.3082599452319881e-22,1.3082599452319881e-22,0.9728588293560776,0.9728588293560776,0.9728588293560776,0.0,4.3937930386107936e-23,4.3937930386107936e-23,0.0,4.3937930386107936e-23,0.32673478749804524,0.3358501538340426,5.877291319284591e-23,5.877291319284591e-23,0.0,5.877291319284591e-23,0.43705188510146853,0.44924491808410416,2.811515094424496e-23,2.811515094424496e-23,0.0,2.811515094424496e-23,0.2090721567565637,0.21490492808185316,10037,29,train_increment
50030,123.47640823934087,62.0025946493337,167.66376830302198,112.0025946493337,62.0025946493337,50.0,0.33228896678585906,0.1086186193097689,0.6613087736636037,0.1086186193097689,0.1086186193097689,2.4695281647868175,1.2400518929866742,3.3532753660604397,2.2400518929866737,1.2400518929866742,0.03324194262329216,5.967511415481567,49.0,281.0,28.0,13.0,1.3464639227196926e-22,1.3464639227196926e-22,1.0,1.2250382809889197e-22,1.2250382809889197e-22,0.9098188672701248,0.9098188672701248,0.9098188672701248,0.0,3.4250398362806444e-24,3.4250398362806444e-24,0.0,3.4250398362806444e-24,0.02543729377733703,0.027958635166206888,1.1658791089667995e-22,1.1658791089667995e-22,0.0,1.1658791089667995e-22,0.8658821742597204,0.9517083074543895,2.4908773659313677e-24,2.4908773659313677e-24,0.0,2.4908773659313677e-24,0.018499399233067454,0.020333057379403618,10037,30,train_increment
50031,87.41267645275278,111.28343810260506,82.98969179161824,161.28343810260506,111.28343810260506,50.0,0.06375782913442131,0.7308514911945084,0.030824212893657832,0.7308514911945084,0.7308514911945084,1.7482535290550556,2.225668762052101,1.6597938358323647,3.225668762052101,2.225668762052101,0.015318538614314639,5.963491678237915,49.0,281.0,28.0,13.0,1.337836178436198e-22,1.337836178436198e-22,1.0,1.207601837958326e-22,1.207601837958326e-22,0.9026529984933557,0.9026529984933557,0.9026529984933557,0.0,1.240127804196108e-24,1.240127804196108e-24,0.0,1.240127804196108e-24,0.009269653670494234,0.010269343464173365,4.405843486383073e-24,4.405843486383073e-24,0.0,4.405843486383073e-24,0.032932608322291605,0.03648423965495088,1.1511421250525342e-22,1.1511421250525342e-22,0.0,1.1511421250525342e-22,0.8604507365005698,0.9532464168808756,10037,31,train_increment
50032,107.20170049656917,74.8829705523452,134.33224297497028,124.8829705523452,74.8829705523452,50.0,0.21110722633335202,0.2712496281861767,0.4131216900593469,0.2712496281861767,0.2712496281861767,2.1440340099313837,1.497659411046904,2.6866448594994057,2.497659411046904,1.497659411046904,0.03194678315178076,5.984726667404175,49.0,281.0,28.0,13.0,1.3439932212894457e-22,1.3439932212894457e-22,1.0,1.1545432739642495e-22,1.1545432739642495e-22,0.8590395068038845,0.8590395068038845,0.8590395068038845,0.0,6.565603592762929e-23,6.565603592762929e-23,0.0,6.565603592762929e-23,0.48851463599375883,0.56867540098512,4.410159920617143e-23,4.410159920617143e-23,0.0,4.410159920617143e-23,0.3281385538824351,0.3819830767775712,5.696692262624218e-24,5.696692262624218e-24,0.0,5.696692262624218e-24,0.04238631692769055,0.04934152223730868,10037,32,train_increment
50033,146.92576852162344,117.80210183755496,120.84601413671284,167.80210183755497,117.80210183755496,50.0,0.5068932875772408,0.8131578514842798,0.31270300920858407,0.81315785148428,0.8131578514842798,2.938515370432469,2.3560420367510995,2.4169202827342566,3.3560420367510995,2.3560420367510995,0.02308484618310201,5.966830015182495,49.0,281.0,28.0,13.0,1.3500850135147728e-22,1.3500850135147728e-22,1.0,1.0494871464944977e-22,1.0494871464944977e-22,0.7773489343180641,0.7773489343180641,0.7773489343180641,0.0,4.820915677526714e-24,4.820915677526714e-24,0.0,4.820915677526714e-24,0.03570823784626777,0.04593591921186992,6.610794823752431e-23,6.610794823752431e-23,0.0,6.610794823752431e-23,0.4896576702634508,0.6299071737880585,3.4019850734398746e-23,3.4019850734398746e-23,0.0,3.4019850734398746e-23,0.2519830262083455,0.32415690700007166,10037,33,train_increment
50034,152.9015522186331,83.15961567341667,97.11576495382734,133.15961567341668,83.15961567341667,50.0,0.551389070875898,0.37575272314920033,0.13600718506200551,0.3757527231492005,0.37575272314920033,3.058031044372662,1.6631923134683333,1.9423152990765469,2.6631923134683335,1.6631923134683333,0.03739389043498419,5.935010194778442,49.0,281.0,28.0,13.0,1.345432822045544e-22,1.345432822045544e-22,1.0,1.192251100696377e-22,1.192251100696377e-22,0.8861468823718188,0.8861468823718188,0.8861468823718188,0.0,4.612654001030417e-23,4.612654001030417e-23,0.0,4.612654001030417e-23,0.3428379273531856,0.38688611806155865,3.694164744333738e-23,3.694164744333738e-23,0.0,3.694164744333738e-23,0.27457073172313967,0.30984787870407743,3.6156922615996144e-23,3.6156922615996144e-23,0.0,3.6156922615996144e-23,0.2687382232954935,0.303266003234364,10037,34,train_increment
50035,203.37426573028307,86.62314792737934,113.79857621329361,136.62314792737934,86.62314792737934,50.0,0.9272097224890772,0.4194841910022643,0.26022767098506044,0.4194841910022643,0.4194841910022643,4.067485314605662,1.7324629585475868,2.2759715242658722,2.7324629585475866,1.7324629585475868,0.01942693449151311,5.94008994102478,49.0,281.0,28.0,13.0,1.350002924196289e-22,1.350002924196289e-22,1.0,1.308051735533767e-22,1.308051735533767e-22,0.9689251127455911,0.9689251127455911,0.9689251127455911,0.0,3.2893237408920703e-23,3.2893237408920703e-23,0.0,3.2893237408920703e-23,0.243653082666494,0.2514674038905518,7.970604972684715e-23,7.970604972684715e-23,0.0,7.970604972684715e-23,0.5904139042832026,0.6093493671664454,1.8205886417608836e-23,1.8205886417608836e-23,0.0,1.8205886417608836e-23,0.13485812579589435,0.13918322894300272,10037,35,train_increment
50036,191.86867631222208,112.48491183832977,164.4130822245913,162.48491183832977,112.48491183832977,50.0,0.841538915206419,0.7460216141203253,0.637104111873353,0.7460216141203253,0.7460216141203253,3.8373735262444417,2.2496982367665956,3.288261644491826,3.249698236766595,2.2496982367665956,0.0686678692314179,5.942308664321899,49.0,281.0,28.0,13.0,1.3425365642400835e-22,1.3425365642400835e-22,1.0,7.24905510002258e-23,7.24905510002258e-23,0.539952154236169,0.539952154236169,0.539952154236169,0.0,1.7921969613061932e-23,1.7921969613061932e-23,0.0,1.7921969613061932e-23,0.13349334454221223,0.24723180284567164,3.468397012526938e-23,3.468397012526938e-23,0.0,3.468397012526938e-23,0.25834655866450507,0.47846194637369144,1.9884611261894487e-23,1.9884611261894487e-23,0.0,1.9884611261894487e-23,0.14811225102945172,0.27430625078063686,10037,36,train_increment
50037,204.33847534084157,114.73272919442559,147.01515087196083,164.7327291944256,114.73272919442559,50.0,0.934389243044241,0.7744031463942626,0.5075588300220464,0.7744031463942626,0.7744031463942626,4.0867695068168315,2.2946545838885117,2.9403030174392164,3.2946545838885117,2.2946545838885117,0.050434759591686945,5.9396209716796875,49.0,281.0,28.0,13.0,1.3441689418363155e-22,1.3441689418363155e-22,1.0,9.612023725033542e-23,9.612023725033542e-23,0.7150904492631875,0.7150904492631875,0.7150904492631875,0.0,7.624501989525332e-24,7.624501989525332e-24,0.0,7.624501989525332e-24,0.05672279541818038,0.07932254650670585,8.000896124189731e-23,8.000896124189731e-23,0.0,8.000896124189731e-23,0.5952299502813561,0.8323841423062874,8.48677401891278e-24,8.48677401891278e-24,0.0,8.48677401891278e-24,0.06313770356365105,0.0882933111870067,10037,37,train_increment
50038,128.58390258457467,90.37582819880606,117.97108150195012,140.37582819880606,90.37582819880606,50.0,0.3703194533475404,0.4668665176616927,0.2912962137151908,0.4668665176616927,0.4668665176616927,2.5716780516914937,1.8075165639761213,2.3594216300390025,2.8075165639761215,1.8075165639761213,0.046821234876406465,5.98065447807312,49.0,281.0,28.0,13.0,1.343602777708027e-22,1.343602777708027e-22,1.0,1.1838929251362895e-22,1.1838929251362895e-22,0.881133133079572,0.881133133079572,0.881133133079572,0.0,6.555042841654703e-23,6.555042841654703e-23,0.0,6.555042841654703e-23,0.4878705931850309,0.5536854476007691,2.2346656128012926e-24,2.2346656128012926e-24,0.0,2.2346656128012926e-24,0.016631891879631846,0.018875571982525687,5.060419848428063e-23,5.060419848428063e-23,0.0,5.060419848428063e-23,0.3766306480149093,0.42743898041670525,10037,38,train_increment
50039,107.17936099267897,114.86491598313862,176.15576180558725,164.86491598313862,114.86491598313862,50.0,0.21094088602143685,0.7760721715042755,0.7245402963930547,0.7760721715042755,0.7760721715042755,2.1435872198535795,2.2972983196627723,3.5231152361117446,3.2972983196627723,2.2972983196627723,0.018116686381569443,5.957385063171387,49.0,281.0,28.0,13.0,1.350470418627955e-22,1.350470418627955e-22,1.0,8.624655825371179e-23,8.624655825371179e-23,0.6386408548018119,0.6386408548018119,0.6386408548018119,0.0,1.6111714277348538e-23,1.6111714277348538e-23,0.0,1.6111714277348538e-23,0.11930445906188487,0.18680993889579517,1.9534055294644396e-23,1.9534055294644396e-23,0.0,1.9534055294644396e-23,0.14464630268977324,0.2264908384770671,5.0600788681718845e-23,5.0600788681718845e-23,0.0,5.0600788681718845e-23,0.3746900930501537,0.5866992226271376,10037,39,train_increment
50040,122.28456251166628,121.36729564996979,209.70155615334988,171.36729564996978,121.36729564996979,50.0,0.3234144639736879,0.858172924873356,0.9743228306280706,0.8581729248733558,0.858172924873356,2.4456912502333257,2.4273459129993955,4.194031123066998,3.4273459129993955,2.4273459129993955,0.0659070893133912,5.949535846710205,49.0,281.0,28.0,13.0,1.3471167088885066e-22,1.3471167088885066e-22,1.0,6.730248748714774e-23,6.730248748714774e-23,0.4996039841468405,0.4996039841468405,0.4996039841468405,0.0,4.0890489579767055e-23,4.0890489579767055e-23,0.0,4.0890489579767055e-23,0.3035408091219165,0.607562827266609,3.04020244013788e-24,3.04020244013788e-24,0.0,3.04020244013788e-24,0.02256821862633062,0.04517221507924867,2.33717954672428e-23,2.33717954672428e-23,0.0,2.33717954672428e-23,0.17349495639859333,0.3472649576541423,10037,40,train_increment
50041,103.01472152432426,111.79640755917632,182.0797440850468,161.79640755917632,111.79640755917632,50.0,0.17993091231812555,0.7373283782724283,0.7686503654880625,0.7373283782724283,0.7373283782724283,2.0602944304864854,2.2359281511835265,3.6415948817009363,3.2359281511835265,2.2359281511835265,0.025868782054377017,5.933847427368164,49.0,281.0,28.0,13.0,1.3506180196768344e-22,1.3506180196768344e-22,1.0,1.0206565954757816e-22,1.0206565954757816e-22,0.7556959707378971,0.7556959707378971,0.7556959707378971,0.0,2.6861105213412314e-23,2.6861105213412314e-23,0.0,2.6861105213412314e-23,0.19888010393819147,0.2631747576263978,1.6813587874338173e-23,1.6813587874338173e-23,0.0,1.6813587874338173e-23,0.12448810566262991,0.1647330546715419,5.839096645982766e-23,5.839096645982766e-23,0.0,5.839096645982766e-23,0.43232776113707566,0.5720921877020603,10037,41,train_increment
50042,126.52346290625698,117.60207538776312,140.5536493734091,167.60207538776314,117.60207538776312,50.0,0.35497738575023813,0.8106322649970091,0.4594463840164489,0.8106322649970094,0.8106322649970091,2.5304692581251396,2.3520415077552626,2.8110729874681817,3.3520415077552626,2.3520415077552626,0.02166835758446384,5.966521978378296,49.0,281.0,28.0,13.0,1.3508080769482117e-22,1.3508080769482117e-22,1.0,8.279570621070804e-23,8.279570621070804e-23,0.6129346398176914,0.6129346398176914,0.6129346398176914,0.0,1.0728251330884756e-23,1.0728251330884756e-23,0.0,1.0728251330884756e-23,0.07942098891740684,0.12957497220426223,1.503442158579623e-23,1.503442158579623e-23,0.0,1.503442158579623e-23,0.11129946468607495,0.1815845564205335,5.703303329402705e-23,5.703303329402705e-23,0.0,5.703303329402705e-23,0.42221418621420953,0.6888404713752042,10037,42,train_increment
50043,208.75535979937143,78.59731762992433,113.36531238583214,128.59731762992433,78.59731762992433,50.0,0.9672774370764812,0.31814794987278194,0.2570015814283853,0.31814794987278194,0.31814794987278194,4.175107195987429,1.5719463525984867,2.267306247716643,2.5719463525984865,1.5719463525984867,0.01829720352099059,5.947892427444458,49.0,281.0,28.0,13.0,1.3512168954569448e-22,1.3512168954569448e-22,1.0,1.34058313135776e-22,1.34058313135776e-22,0.9921302315454035,0.9921302315454035,0.9921302315454035,0.0,2.368614754244715e-23,2.368614754244715e-23,0.0,2.368614754244715e-23,0.17529493319750963,0.176685406435463,1.0099775348908526e-22,1.0099775348908526e-22,0.0,1.0099775348908526e-22,0.7474577458930497,0.7533867249753727,9.374412104243588e-24,9.374412104243588e-24,0.0,9.374412104243588e-24,0.06937755245484417,0.06992786858916435,10037,43,train_increment
50044,79.73259034257924,95.61363871406817,102.06410596002078,145.61363871406817,95.61363871406817,50.0,0.006571782148765815,0.5330004888139921,0.17285261325406392,0.5330004888139921,0.5330004888139921,1.594651806851585,1.9122727742813637,2.0412821192004156,2.912272774281363,1.9122727742813637,0.029886660472041793,5.936781406402588,49.0,281.0,28.0,13.0,1.3463251329621935e-22,1.3463251329621935e-22,1.0,1.0639618145985935e-22,1.0639618145985935e-22,0.7902710783224091,0.7902710783224091,0.7902710783224091,0.0,4.9961614549253914e-23,4.9961614549253914e-23,0.0,4.9961614549253914e-23,0.3710962034804181,0.46958089908614997,1.5906433773659758e-25,1.5906433773659758e-25,0.0,1.5906433773659758e-25,0.0011814704623884066,0.0014950192342815295,5.627550257286884e-23,5.627550257286884e-23,0.0,5.627550257286884e-23,0.41799340437960264,0.5289240816795686,10037,44,train_increment
50045,178.08244230556136,86.7790462968489,123.69127500705224,136.7790462968489,86.7790462968489,50.0,0.7388863909572699,0.42145260475819324,0.33388886825802117,0.421452604758193,0.42145260475819324,3.5616488461112272,1.735580925936978,2.473825500141045,2.735580925936978,1.735580925936978,0.05340048776153345,5.89289402961731,49.0,281.0,28.0,13.0,1.346977677177024e-22,1.346977677177024e-22,1.0,1.197937359685115e-22,1.197937359685115e-22,0.8893520508786268,0.8893520508786268,0.8893520508786268,0.0,4.298969291029279e-23,4.298969291029279e-23,0.0,4.298969291029279e-23,0.31915668417304405,0.35886428086350763,3.0407737581142694e-23,3.0407737581142694e-23,0.0,3.0407737581142694e-23,0.2257478954281617,0.25383412025095825,4.6396305477076005e-23,4.6396305477076005e-23,0.0,4.6396305477076005e-23,0.34444747127742087,0.38730159888553395,10037,45,train_increment
50046,140.6134811065257,120.82678441775116,110.57839021215439,170.82678441775116,120.82678441775116,50.0,0.459891892081353,0.8513482881029187,0.2362501132699508,0.8513482881029187,0.8513482881029187,2.812269622130514,2.4165356883550233,2.2115678042430877,3.4165356883550233,2.4165356883550233,0.01935498014383587,5.909147500991821,49.0,281.0,28.0,13.0,1.349898329950991e-22,1.349898329950991e-22,1.0,1.0693558750152266e-22,1.0693558750152266e-22,0.7921751225916772,0.7921751225916772,0.7921751225916772,0.0,4.6982518910523455e-24,4.6982518910523455e-24,0.0,4.6982518910523455e-24,0.03480448702550005,0.04393534463899071,8.143657953837739e-23,8.143657953837739e-23,0.0,8.143657953837739e-23,0.6032793561670233,0.7615479695869984,2.080075607209293e-23,2.080075607209293e-23,0.0,2.080075607209293e-23,0.15409127939915382,0.19451668577401088,10037,46,train_increment
50047,99.66216203833065,125.2699380875309,106.2615787303213,175.2699380875309,125.2699380875309,50.0,0.15496769946634886,0.9074487132264003,0.20410706426151384,0.9074487132264003,0.9074487132264003,1.993243240766613,2.505398761750618,2.125231574606426,3.505398761750618,2.505398761750618,0.055250845253966424,5.948404550552368,49.0,281.0,28.0,13.0,1.345346542556836e-22,1.345346542556836e-22,1.0,8.03467610689739e-23,8.03467610689739e-23,0.5972198130919829,0.5972198130919829,0.5972198130919829,0.0,2.406290646137207e-23,2.406290646137207e-23,0.0,2.406290646137207e-23,0.178860283950635,0.2994881951833155,4.414062490402146e-24,4.414062490402146e-24,0.0,4.414062490402146e-24,0.03280985493903455,0.05493765313841191,5.1869792117199695e-23,5.1869792117199695e-23,0.0,5.1869792117199695e-23,0.38554967420231345,0.6455741516782727,10037,47,train_increment
50048,135.33915316968188,125.42878995613455,212.17640440340446,175.42878995613455,125.42878995613455,50.0,0.420619159863603,0.9094544186380625,0.9927505912390503,0.9094544186380625,0.9094544186380625,2.7067830633936376,2.508575799122691,4.243528088068089,3.508575799122691,2.508575799122691,0.09765141022129772,5.953393936157227,49.0,281.0,28.0,13.0,1.3309291087066525e-22,1.3309291087066525e-22,1.0,5.0975337659764817e-23,5.0975337659764817e-23,0.3830056561712799,0.3830056561712799,0.3830056561712799,0.0,2.53119921199918e-23,2.53119921199918e-23,0.0,2.53119921199918e-23,0.19018287265945408,0.4965536920802141,9.529357043094841e-24,9.529357043094841e-24,0.0,9.529357043094841e-24,0.07159928339350183,0.18694053792637116,1.6133988496678175e-23,1.6133988496678175e-23,0.0,1.6133988496678175e-23,0.121223500118324,0.31650576999341473,10037,48,train_increment
50049,181.93730920452452,111.78874876654768,163.7057362637043,161.78874876654768,111.78874876654768,50.0,0.7675897930344343,0.7372316763452991,0.6318372022613872,0.7372316763452991,0.7372316763452991,3.6387461840904907,2.235774975330954,3.274114725274086,3.235774975330954,2.235774975330954,0.01737371785062105,5.90962553024292,49.0,281.0,28.0,13.0,1.3481841788062773e-22,1.3481841788062773e-22,1.0,7.764868279812628e-23,7.764868279812628e-23,0.5759501114074692,0.5759501114074692,0.5759501114074692,0.0,1.9083868298849814e-23,1.9083868298849814e-23,0.0,1.9083868298849814e-23,0.14155238281869797,0.2457719514504156,2.989097327874339e-23,2.989097327874339e-23,0.0,2.989097327874339e-23,0.2217128323313344,0.3849514531554254,2.8673841220533064e-23,2.8673841220533064e-23,0.0,2.8673841220533064e-23,0.21268489625743675,0.3692765953941589,10037,49,train_increment
50050,170.3126763538945,124.39981090666099,179.62446034618728,174.399810906661,124.39981090666099,50.0,0.6810325864027884,0.8964622589224873,0.7503682825479321,0.8964622589224874,0.8964622589224873,3.4062535270778898,2.48799621813322,3.5924892069237457,3.48799621813322,2.48799621813322,0.07231015502740772,5.9618542194366455,49.0,281.0,28.0,13.0,1.3377399088360027e-22,1.3377399088360027e-22,1.0,8.656858859774826e-23,8.656858859774826e-23,0.6471257082632268,0.6471257082632268,0.6471257082632268,0.0,1.3495225213638632e-23,1.3495225213638632e-23,0.0,1.3495225213638632e-23,0.1008807850053687,0.15589055374745542,4.6106881025173675e-23,4.6106881025173675e-23,0.0,4.6106881025173675e-23,0.34466252162045685,0.5326052067155103,2.6966482358935964e-23,2.6966482358935964e-23,0.0,2.6966482358935964e-23,0.20158240163740127,0.31150423953703443,10037,50,train_increment
50051,115.26425579690107,93.84456104210894,135.1575071525914,143.84456104210892,93.84456104210894,50.0,0.27114114517424476,0.5106636495215775,0.41926662064476095,0.5106636495215773,0.5106636495215775,2.3052851159380214,1.8768912208421786,2.7031501430518277,2.8768912208421784,1.8768912208421786,0.09398411855706978,5.949842214584351,49.0,281.0,28.0,13.0,1.3388899999341984e-22,1.3388899999341984e-22,1.0,1.2131655332981706e-22,1.2131655332981706e-22,0.9060979866589438,0.9060979866589438,0.9060979866589438,0.0,6.085989616338797e-23,6.085989616338797e-23,0.0,6.085989616338797e-23,0.45455486385273636,0.5016619290026424,5.5076202415334415e-24,5.5076202415334415e-24,0.0,5.5076202415334415e-24,0.04113571870582439,0.0453987530173245,5.494903692489564e-23,5.494903692489564e-23,0.0,5.494903692489564e-23,0.4104074041003831,0.452939317980033,10037,51,train_increment
50052,121.35760928635395,121.63782712924412,182.93811417611397,171.6378271292441,121.63782712924412,50.0,0.31651235507337266,0.8615887263793449,0.7750418032473118,0.8615887263793448,0.8615887263793449,2.427152185727079,2.4327565425848827,3.6587622835222793,3.4327565425848823,2.4327565425848827,0.03349283301962127,5.959518909454346,49.0,281.0,28.0,13.0,1.3498991953128636e-22,1.3498991953128636e-22,1.0,4.4519348180842935e-23,4.4519348180842935e-23,0.32979757551840577,0.32979757551840577,0.32979757551840577,0.0,6.916268824485552e-24,6.916268824485552e-24,0.0,6.916268824485552e-24,0.051235446680021036,0.1553542247831401,1.347088879148995e-23,1.347088879148995e-23,0.0,1.347088879148995e-23,0.09979181288694543,0.30258504093028454,2.4132190564867436e-23,2.4132190564867436e-23,0.0,2.4132190564867436e-23,0.17877031595143933,0.5420607342865754,10037,52,train_increment
50053,142.2204040720873,70.46015749087691,112.05278083347005,120.46015749087691,70.46015749087691,50.0,0.47185706680630896,0.21540602892521346,0.24722844998860802,0.21540602892521346,0.21540602892521346,2.844408081441746,1.4092031498175384,2.241055616669401,2.409203149817538,1.4092031498175384,0.025609549695156813,5.952306270599365,49.0,281.0,28.0,13.0,1.34785155633678e-22,1.34785155633678e-22,1.0,1.1929933298589976e-22,1.1929933298589976e-22,0.8851073578913545,0.8851073578913545,0.8851073578913545,0.0,1.1484080633060448e-23,1.1484080633060448e-23,0.0,1.1484080633060448e-23,0.08520285916553103,0.09626273966190385,9.499349981916463e-23,9.499349981916463e-23,0.0,9.499349981916463e-23,0.7047771646110644,0.796261784886862,1.282175253367469e-23,1.282175253367469e-23,0.0,1.282175253367469e-23,0.09512733411475909,0.10747547545123426,10037,53,train_increment
50054,158.21848344444172,64.65823769829504,154.45841448776682,114.65823769829504,64.65823769829504,50.0,0.5909790278811744,0.14214946588756358,0.5629814928351959,0.14214946588756358,0.14214946588756358,3.1643696688888343,1.2931647539659008,3.089168289755336,2.293164753965901,1.2931647539659008,0.053704167800023524,5.882452726364136,49.0,281.0,28.0,13.0,1.3431076266340634e-22,1.3431076266340634e-22,1.0,1.1220797330223957e-22,1.1220797330223957e-22,0.8354354563784426,0.8354354563784426,0.8354354563784426,0.0,1.2049977298895325e-23,1.2049977298895325e-23,0.0,1.2049977298895325e-23,0.08971713852220127,0.10738967066482805,9.038372450123802e-23,9.038372450123802e-23,0.0,9.038372450123802e-23,0.672944764134405,0.8055018002845796,9.77427150210623e-24,9.77427150210623e-24,0.0,9.77427150210623e-24,0.07277355372183647,0.08710852905059238,10037,54,train_increment
50055,88.57617542602046,130.21087284317014,120.54133547051434,180.21087284317014,130.21087284317014,50.0,0.07242126154892375,0.9698342530703301,0.3104343668690569,0.9698342530703301,0.9698342530703301,1.7715235085204093,2.604217456863403,2.4108267094102867,3.6042174568634024,2.604217456863403,0.12314717102391558,5.885940790176392,49.0,281.0,28.0,13.0,1.3281967821794198e-22,1.3281967821794198e-22,1.0,5.546785203045261e-23,5.546785203045261e-23,0.4176177263389855,0.4176177263389855,0.4176177263389855,0.0,2.2821216629333287e-23,2.2821216629333287e-23,0.0,2.2821216629333287e-23,0.17182105043114368,0.41143141105958325,4.639381740836061e-24,4.639381740836061e-24,0.0,4.639381740836061e-24,0.034929927576118375,0.0836409121861971,2.800725366028326e-23,2.800725366028326e-23,0.0,2.800725366028326e-23,0.21086674833172345,0.5049276767542197,10037,55,train_increment
50056,138.61449449336368,76.78982616080751,135.37776972615393,126.78982616080751,76.78982616080751,50.0,0.445007405013877,0.2953260878889836,0.42090669937568076,0.2953260878889836,0.2953260878889836,2.772289889867274,1.5357965232161503,2.707555394523079,2.5357965232161503,1.5357965232161503,0.03483602165276531,5.9255218505859375,49.0,281.0,28.0,13.0,1.3448213088799008e-22,1.3448213088799008e-22,1.0,1.1598446915403815e-22,1.1598446915403815e-22,0.8624526425049095,0.8624526425049095,0.8624526425049095,0.0,5.079921490377888e-23,5.079921490377888e-23,0.0,5.079921490377888e-23,0.3777395150444891,0.43798290645545657,4.270638454262546e-23,4.270638454262546e-23,0.0,4.270638454262546e-23,0.31756177761784227,0.3682077855260726,2.2478869707633805e-23,2.2478869707633805e-23,0.0,2.2478869707633805e-23,0.16715134984257807,0.1938093080184708,10037,56,train_increment
50057,138.44351515743045,107.44174152805712,85.43194564429756,157.44174152805712,107.44174152805712,50.0,0.44373429007766535,0.6823452213138526,0.049009275087844834,0.6823452213138526,0.6823452213138526,2.768870303148609,2.1488348305611424,1.7086389128859512,3.1488348305611424,2.1488348305611424,0.0468192633303432,5.89850378036499,49.0,281.0,28.0,13.0,1.3370776908024422e-22,1.3370776908024422e-22,1.0,1.1779603308927842e-22,1.1779603308927842e-22,0.8809961747143022,0.8809961747143022,0.8809961747143022,0.0,4.4838239084377336e-24,4.4838239084377336e-24,0.0,4.4838239084377336e-24,0.033534505431369384,0.03806430310806318,3.7563985360026946e-23,3.7563985360026946e-23,0.0,3.7563985360026946e-23,0.2809409327402887,0.3188900710396329,7.574822382081373e-23,7.574822382081373e-23,0.0,7.574822382081373e-23,0.566520736542644,0.6430456258523037,10037,57,train_increment
50058,139.909000706227,99.58131056867414,210.7840581219326,149.58131056867416,99.58131056867414,50.0,0.45464631948046913,0.5830973556650776,0.9823831580188577,0.5830973556650777,0.5830973556650776,2.79818001412454,1.9916262113734826,4.215681162438652,2.9916262113734833,1.9916262113734826,0.025373834672073308,5.943472862243652,49.0,281.0,28.0,13.0,1.3496671223998898e-22,1.3496671223998898e-22,1.0,1.1980725511146317e-22,1.1980725511146317e-22,0.8876800295648437,0.8876800295648437,0.8876800295648437,0.0,5.845119898512801e-23,5.845119898512801e-23,0.0,5.845119898512801e-23,0.43307863113086664,0.48787695645599843,1.7728878596530642e-24,1.7728878596530642e-24,0.0,1.7728878596530642e-24,0.013135741622724208,0.014797833887469091,5.95831682666821e-23,5.95831682666821e-23,0.0,5.95831682666821e-23,0.4414656568112529,0.49732520965653254,10037,58,train_increment
50059,101.03848690743203,94.61426626511086,108.7179458090715,144.61426626511087,94.61426626511086,50.0,0.1652158369875803,0.5203821498120058,0.22239721376821667,0.5203821498120059,0.5203821498120058,2.0207697381486405,1.8922853253022172,2.1743589161814296,2.8922853253022174,1.8922853253022172,0.0738809635625241,5.953964471817017,49.0,281.0,28.0,13.0,1.339406630531039e-22,1.339406630531039e-22,1.0,1.1260805578061264e-22,1.1260805578061264e-22,0.8407309118364342,0.8407309118364342,0.8407309118364342,0.0,4.894622438143718e-23,4.894622438143718e-23,0.0,4.894622438143718e-23,0.36543214932444607,0.43466006088228804,7.48894559146716e-25,7.48894559146716e-25,0.0,7.48894559146716e-25,0.005591241241278605,0.006650452793588243,6.291293684002876e-23,6.291293684002876e-23,0.0,6.291293684002876e-23,0.46970752127070964,0.5586894863241239,10037,59,train_increment
50060,117.26614632151689,76.65722768451275,95.93387369131547,126.65722768451275,76.65722768451275,50.0,0.28604725481397536,0.29365186470344373,0.1272068033605024,0.29365186470344373,0.29365186470344373,2.3453229264303377,1.5331445536902548,1.9186774738263093,2.533144553690255,1.5331445536902548,0.025902386302203397,6.085225582122803,49.0,281.0,28.0,13.0,1.3507399637037653e-22,1.3507399637037653e-22,1.0,1.1063324941257688e-22,1.1063324941257688e-22,0.8190566088621346,0.8190566088621346,0.8190566088621346,0.0,5.451552899732437e-23,5.451552899732437e-23,0.0,5.451552899732437e-23,0.40359751293536417,0.492758996836687,4.09246187518996e-23,4.09246187518996e-23,0.0,4.09246187518996e-23,0.3029792547166754,0.36991247178578535,1.519310166335291e-23,1.519310166335291e-23,0.0,1.519310166335291e-23,0.11247984121009506,0.13732853137752768,10037,60,train_increment
50061,206.02275313513036,71.64278002538522,156.48484942953547,121.64278002538522,71.64278002538522,50.0,0.9469304030910675,0.23033813163365174,0.5780703606071145,0.23033813163365174,0.23033813163365174,4.120455062702607,1.4328556005077044,3.1296969885907098,2.432855600507705,1.4328556005077044,0.037888142731361964,5.945759534835815,49.0,281.0,28.0,13.0,1.3482135911248825e-22,1.3482135911248825e-22,1.0,1.2415581060093972e-22,1.2415581060093972e-22,0.9208912550521782,0.9208912550521782,0.9208912550521782,0.0,3.941079980699664e-24,3.941079980699664e-24,0.0,3.941079980699664e-24,0.029231866572502232,0.03174301679175565,8.804380015203343e-23,8.804380015203343e-23,0.0,8.804380015203343e-23,0.6530404435292337,0.7091395861851595,3.217093046820664e-23,3.217093046820664e-23,0.0,3.217093046820664e-23,0.23861894495044225,0.25911739702308495,10037,61,train_increment
50062,186.33015859957678,79.48660245758218,164.95433361601857,129.4866024575822,79.48660245758218,50.0,0.8002990215902962,0.32937629365634064,0.6411342786002872,0.3293762936563408,0.32937629365634064,3.7266031719915356,1.5897320491516436,3.2990866723203713,2.589732049151644,1.5897320491516436,0.049396398765226085,5.955211162567139,49.0,281.0,28.0,13.0,1.3480388905892766e-22,1.3480388905892766e-22,1.0,1.0543255183496089e-22,1.0543255183496089e-22,0.7821180276844424,0.7821180276844424,0.7821180276844424,0.0,2.961132628727901e-23,2.961132628727901e-23,0.0,2.961132628727901e-23,0.21966225525092103,0.2808556349241283,3.809580508996639e-23,3.809580508996639e-23,0.0,3.809580508996639e-23,0.28260167682041676,0.36132868290620296,3.7725420457715494e-23,3.7725420457715494e-23,0.0,3.7725420457715494e-23,0.27985409561310465,0.3578156821696688,10037,62,train_increment
50063,145.91087123897668,105.03576892140391,80.80301973419465,155.03576892140393,105.03576892140391,50.0,0.4993363457853811,0.6519667793106555,0.014542216933690651,0.6519667793106557,0.6519667793106555,2.9182174247795336,2.1007153784280783,1.6160603946838932,3.1007153784280783,2.1007153784280783,0.03325541300778795,5.948320150375366,49.0,281.0,28.0,13.0,1.3482231758417445e-22,1.3482231758417445e-22,1.0,1.2060205535303932e-22,1.2060205535303932e-22,0.8945259027886321,0.8945259027886321,0.8945259027886321,0.0,1.206095226381577e-23,1.206095226381577e-23,0.0,1.206095226381577e-23,0.08945812889090621,0.10000619167318212,5.483002608935177e-23,5.483002608935177e-23,0.0,5.483002608935177e-23,0.4066836045532254,0.454635917512744,5.371107699987177e-23,5.371107699987177e-23,0.0,5.371107699987177e-23,0.3983841693445004,0.4453578908140738,10037,63,train_increment
50064,184.32909091402746,63.407116470624686,188.67247603967877,113.40711647062469,63.407116470624686,50.0,0.7853990388237339,0.1263524806897056,0.8177399556193504,0.1263524806897056,0.1263524806897056,3.6865818182805494,1.2681423294124938,3.7734495207935757,2.268142329412494,1.2681423294124938,0.013569462222747115,5.936367511749268,49.0,281.0,28.0,13.0,1.3503306987046964e-22,1.3503306987046964e-22,1.0,1.0975545413213422e-22,1.0975545413213422e-22,0.8128042577823125,0.8128042577823125,0.8128042577823125,0.0,1.935174393689207e-24,1.935174393689207e-24,0.0,1.935174393689207e-24,0.014331114559903891,0.017631692283460076,9.301142710295326e-23,9.301142710295326e-23,0.0,9.301142710295326e-23,0.6888048030913789,0.8474424149434716,1.480885263549175e-23,1.480885263549175e-23,0.0,1.480885263549175e-23,0.10966834013102959,0.1349258927730682,10037,64,train_increment
50065,180.5581826671521,62.03157777647942,113.72462478011306,112.03157777647942,62.03157777647942,50.0,0.7573207942453618,0.10898456788484115,0.2596770274021822,0.10898456788484115,0.10898456788484115,3.611163653343042,1.2406315555295886,2.274492495602261,2.2406315555295886,1.2406315555295886,0.011495947555635844,5.936140298843384,49.0,281.0,28.0,13.0,1.349778435919273e-22,1.349778435919273e-22,1.0,9.759841362484282e-23,9.759841362484282e-23,0.7230698833795856,0.7230698833795856,0.7230698833795856,0.0,4.3767851287866236e-24,4.3767851287866236e-24,0.0,4.3767851287866236e-24,0.032425952380886816,0.04484483882709905,7.179148624029304e-23,7.179148624029304e-23,0.0,7.179148624029304e-23,0.5318760792870357,0.7355804625703377,2.1430142255763159e-23,2.1430142255763159e-23,0.0,2.1430142255763159e-23,0.15876785171166302,0.21957469860256318,10037,65,train_increment
50066,85.24170800944053,107.29007382737848,164.77108628112126,157.29007382737848,107.29007382737848,50.0,0.04759276254237181,0.6804302250931626,0.6397698159428239,0.6804302250931626,0.6804302250931626,1.7048341601888106,2.1458014765475695,3.2954217256224254,3.14580147654757,2.1458014765475695,0.019633071930878366,5.928474187850952,49.0,281.0,28.0,13.0,1.3451650449463404e-22,1.3451650449463404e-22,1.0,1.132131388941153e-22,1.132131388941153e-22,0.8416300982503708,0.8416300982503708,0.8416300982503708,0.0,2.3943210719378057e-23,2.3943210719378057e-23,0.0,2.3943210719378057e-23,0.1779945948590507,0.211487915212486,1.8038839928488858e-23,1.8038839928488858e-23,0.0,1.8038839928488858e-23,0.13410131341324322,0.1593352159006917,7.123108824624838e-23,7.123108824624838e-23,0.0,7.123108824624838e-23,0.529534189978077,0.6291768688868223,10037,66,train_increment
50067,206.73687046750365,87.6374187759482,140.9883576924711,137.63741877594822,87.6374187759482,50.0,0.9522477324460435,0.4322906411104571,0.46268322928124433,0.4322906411104573,0.4322906411104571,4.134737409350073,1.7527483755189641,2.8197671538494222,2.7527483755189643,1.7527483755189641,0.029978183844371425,5.9973673820495605,49.0,281.0,28.0,13.0,1.3519329060623617e-22,1.3519329060623617e-22,1.0,1.2317747370932043e-22,1.2317747370932043e-22,0.911121203995892,0.911121203995892,0.911121203995892,0.0,3.481907738383063e-23,3.481907738383063e-23,0.0,3.481907738383063e-23,0.25755033572815855,0.2826740664124855,4.8567530759997686e-23,4.8567530759997686e-23,0.0,4.8567530759997686e-23,0.3592451263092295,0.3942890635556422,3.9790865565492105e-23,3.9790865565492105e-23,0.0,3.9790865565492105e-23,0.294325741958504,0.32303687003187226,10037,67,train_increment
50068,121.55601051956555,91.16486484227713,137.14427525540566,141.16486484227713,91.16486484227713,50.0,0.31798965390592365,0.4768291015439031,0.4340601284840332,0.4768291015439031,0.4768291015439031,2.431120210391311,1.8232972968455425,2.7428855051081134,2.8232972968455425,1.8232972968455425,0.09354528185577411,5.895293235778809,49.0,281.0,28.0,13.0,1.339146454024139e-22,1.339146454024139e-22,1.0,1.2038196125547823e-22,1.2038196125547823e-22,0.8989454506169217,0.8989454506169217,0.8989454506169217,0.0,6.572036185052578e-23,6.572036185052578e-23,0.0,6.572036185052578e-23,0.4907630651825714,0.5459319748998942,4.702590895593828e-24,4.702590895593828e-24,0.0,4.702590895593828e-24,0.03511633011805788,0.03906391660801943,4.995900850935862e-23,4.995900850935862e-23,0.0,4.995900850935862e-23,0.3730660553162924,0.4150041084920863,10037,68,train_increment
50069,102.9088249731842,85.06072646937551,89.45114265081311,135.0607264693755,85.06072646937551,50.0,0.17914240486362024,0.39975664734059985,0.0789362818377745,0.39975664734059985,0.39975664734059985,2.058176499463684,1.70121452938751,1.7890228530162624,2.70121452938751,1.70121452938751,0.02954062134638467,5.948273420333862,49.0,281.0,28.0,13.0,1.3425869036893446e-22,1.3425869036893446e-22,1.0,1.1333755676435807e-22,1.1333755676435807e-22,0.8441729652874876,0.8441729652874876,0.8441729652874876,0.0,8.425097371801936e-23,8.425097371801936e-23,0.0,8.425097371801936e-23,0.6275271528904607,0.743363242717389,4.796643256053228e-24,4.796643256053228e-24,0.0,4.796643256053228e-24,0.03572687356678628,0.042321745703641785,2.4289939790285472e-23,2.4289939790285472e-23,0.0,2.4289939790285472e-23,0.18091893883024063,0.21431501157896915,10037,69,train_increment
50070,81.99095948781282,90.6645763691662,100.80289444950063,140.66457636916618,90.6645763691662,50.0,0.023387635799053026,0.4705123278935126,0.1634616116865274,0.47051232789351244,0.4705123278935126,1.6398191897562564,1.813291527383324,2.0160578889900127,2.8132915273833237,1.813291527383324,0.037501127351173155,5.887655258178711,49.0,281.0,28.0,13.0,1.3429104578387389e-22,1.3429104578387389e-22,1.0,1.0874631697311912e-22,1.0874631697311912e-22,0.8097808482937419,0.8097808482937419,0.8097808482937419,0.0,7.064700175993833e-23,7.064700175993833e-23,0.0,7.064700175993833e-23,0.5260738074349098,0.6496496040174076,1.144274789548291e-24,1.144274789548291e-24,0.0,1.144274789548291e-24,0.008520856940751439,0.010522423392335604,3.6955040423632495e-23,3.6955040423632495e-23,0.0,3.6955040423632495e-23,0.27518618391808053,0.3398279725902567,10037,70,train_increment
50071,208.64000949135414,115.04672824608537,91.64526648245973,165.04672824608537,115.04672824608537,50.0,0.9664185367934038,0.7783677808849163,0.09527376383067562,0.7783677808849163,0.7783677808849163,4.172800189827083,2.3009345649217074,1.8329053296491946,3.3009345649217074,2.3009345649217074,0.017767370313704726,5.885504245758057,49.0,281.0,28.0,13.0,1.352920048933373e-22,1.352920048933373e-22,1.0,1.2388135187114662e-22,1.2388135187114662e-22,0.9156590736371545,0.9156590736371545,0.9156590736371545,0.0,6.222945580415105e-25,6.222945580415105e-25,0.0,6.222945580415105e-25,0.004599640300490191,0.005023311003974037,1.227599230425174e-22,1.227599230425174e-22,0.0,1.227599230425174e-22,0.9073701224200198,0.9909475573870419,4.991342705877236e-25,4.991342705877236e-25,0.0,4.991342705877236e-25,0.0036893109166445974,0.004029131608984142,10037,71,train_increment
50072,205.7907746365001,65.50031870192845,152.5747290523359,115.50031870192845,65.50031870192845,50.0,0.9452030873901719,0.15278180179202583,0.5489555402258816,0.15278180179202583,0.15278180179202583,4.115815492730002,1.310006374038569,3.0514945810467182,2.310006374038569,1.310006374038569,0.043349127694381526,5.942612648010254,49.0,281.0,28.0,13.0,1.3487103118391885e-22,1.3487103118391885e-22,1.0,1.1320421482494238e-22,1.1320421482494238e-22,0.8393515926379312,0.8393515926379312,0.8393515926379312,0.0,2.3590452296367317e-24,2.3590452296367317e-24,0.0,2.3590452296367317e-24,0.01749111880385778,0.020838846268089316,8.442879191779382e-23,8.442879191779382e-23,0.0,8.442879191779382e-23,0.6259964884724671,0.7458096153783097,2.6416377677511828e-23,2.6416377677511828e-23,0.0,2.6416377677511828e-23,0.1958639853616063,0.233351538353601,10037,72,train_increment
50073,155.26867884317554,106.07532948203108,201.9644000104836,156.07532948203107,106.07532948203108,50.0,0.5690147344987009,0.6650925439650389,0.916711839244107,0.6650925439650387,0.6650925439650389,3.105373576863511,2.1215065896406218,4.039288000209672,3.1215065896406213,2.1215065896406218,0.059575590207967016,5.877259731292725,49.0,281.0,28.0,13.0,1.343178458408437e-22,1.343178458408437e-22,1.0,1.0140672255963695e-22,1.0140672255963695e-22,0.7549757958432128,0.7549757958432128,0.7549757958432128,0.0,4.358859060820223e-23,4.358859060820223e-23,0.0,4.358859060820223e-23,0.3245182375828998,0.4298392602380767,6.190107245312791e-24,6.190107245312791e-24,0.0,6.190107245312791e-24,0.046085516087323135,0.06104237558483768,5.162802470612193e-23,5.162802470612193e-23,0.0,5.162802470612193e-23,0.38437204217298987,0.5091183641770857,10037,73,train_increment
50074,140.10147696917173,68.67650668478915,79.56790466016486,118.67650668478915,68.67650668478915,50.0,0.45607950088735466,0.19288518541400432,0.005345529859753255,0.19288518541400432,0.19288518541400432,2.8020295393834345,1.373530133695783,1.5913580932032971,2.373530133695783,1.373530133695783,0.019521229747836998,5.927815198898315,49.0,281.0,28.0,13.0,1.3498448181856518e-22,1.3498448181856518e-22,1.0,1.2364387806836036e-22,1.2364387806836036e-22,0.9159858703947324,0.9159858703947324,0.9159858703947324,0.0,2.0685081831907882e-23,2.0685081831907882e-23,0.0,2.0685081831907882e-23,0.15324044329563033,0.16729564095742364,9.621007035530656e-23,9.621007035530656e-23,0.0,9.621007035530656e-23,0.7127491179661976,0.7781223935900314,6.748725881145906e-24,6.748725881145906e-24,0.0,6.748725881145906e-24,0.04999630913290446,0.054581965452544796,10037,74,train_increment
50075,190.313936095348,120.54419388689985,166.17716936515743,170.54419388689985,120.54419388689985,50.0,0.8299622940830081,0.8477802258446951,0.6502395336199361,0.8477802258446951,0.8477802258446951,3.8062787219069603,2.410883877737997,3.3235433873031486,3.410883877737997,2.410883877737997,0.04901872193804314,5.95311427116394,49.0,281.0,28.0,13.0,1.3471283067636864e-22,1.3471283067636864e-22,1.0,9.596729245487352e-23,9.596729245487352e-23,0.712384202551748,0.712384202551748,0.712384202551748,0.0,4.2142987194356935e-24,4.2142987194356935e-24,0.0,4.2142987194356935e-24,0.03128357334840687,0.043913906619980694,8.292284566232082e-23,8.292284566232082e-23,0.0,8.292284566232082e-23,0.615552692686957,0.8640740354461228,8.830148073117007e-24,8.830148073117007e-24,0.0,8.830148073117007e-24,0.06554793651638406,0.09201205793389645,10037,75,train_increment
50076,87.05575250152856,102.91499926992307,85.73493634015153,152.91499926992307,102.91499926992307,50.0,0.061100167546750295,0.625189384721251,0.05126534877253566,0.625189384721251,0.625189384721251,1.7411150500305712,2.0582999853984614,1.7146987268030307,3.0582999853984614,2.0582999853984614,0.09723890269502314,5.9318296909332275,49.0,281.0,28.0,13.0,1.3222997686262835e-22,1.3222997686262835e-22,1.0,1.1639486565576287e-22,1.1639486565576287e-22,0.8802456781542333,0.8802456781542333,0.8802456781542333,0.0,9.518744433714447e-24,9.518744433714447e-24,0.0,9.518744433714447e-24,0.07198628223011277,0.08177976219214066,9.374540445180373e-24,9.374540445180373e-24,0.0,9.374540445180373e-24,0.07089572778886165,0.08054084166311529,9.750158077686806e-23,9.750158077686806e-23,0.0,9.750158077686806e-23,0.7373636681352589,0.8376793961447441,10037,76,train_increment
50077,85.76430279440099,81.00361501199791,103.29446580030843,131.0036150119979,81.00361501199791,50.0,0.05148401187193593,0.34853049257573115,0.1820138927796607,0.34853049257573115,0.34853049257573115,1.7152860558880199,1.6200723002399582,2.0658893160061687,2.620072300239958,1.6200723002399582,0.0828162355602867,5.940422773361206,49.0,281.0,28.0,13.0,1.330729564287223e-22,1.330729564287223e-22,1.0,1.1976362756859248e-22,1.1976362756859248e-22,0.8999847210333929,0.8999847210333929,0.8999847210333929,0.0,9.721242874328665e-23,9.721242874328665e-23,0.0,9.721242874328665e-23,0.7305197941954226,0.811702440188779,1.5649065553517497e-23,1.5649065553517497e-23,0.0,1.5649065553517497e-23,0.11759763947154497,0.13066626213000082,6.902133271788326e-24,6.902133271788326e-24,0.0,6.902133271788326e-24,0.05186728736642525,0.05763129768122005,10037,77,train_increment
50078,99.28814600831534,123.81783233601757,184.87778082185275,173.81783233601757,123.81783233601757,50.0,0.15218276998000999,0.8891140446466866,0.7894845928656199,0.8891140446466866,0.8891140446466866,1.9857629201663067,2.4763566467203515,3.697555616437055,3.4763566467203515,2.4763566467203515,0.05252653355069356,5.936956167221069,49.0,281.0,28.0,13.0,1.3426328974487158e-22,1.3426328974487158e-22,1.0,4.9767127056229456e-23,4.9767127056229456e-23,0.370668163656629,0.370668163656629,0.370668163656629,0.0,1.725843536462655e-23,1.725843536462655e-23,0.0,1.725843536462655e-23,0.12854172869904498,0.3467838387602138,8.798598350965295e-24,8.798598350965295e-24,0.0,8.798598350965295e-24,0.06553242042321827,0.17679538425081653,2.3710093340637616e-23,2.3710093340637616e-23,0.0,2.3710093340637616e-23,0.1765940145343658,0.47642077698896973,10037,78,train_increment
50079,187.8151393444705,96.7676237345711,98.96553603665039,146.7676237345711,96.7676237345711,50.0,0.8113562125425949,0.5475710067496351,0.1497806108462427,0.547571006749635,0.5475710067496351,3.75630278688941,1.9353524746914224,1.9793107207330076,2.935352474691422,1.9353524746914224,0.02293255918332004,5.963311433792114,49.0,281.0,28.0,13.0,1.349238422244285e-22,1.349238422244285e-22,1.0,1.3003231634531848e-22,1.3003231634531848e-22,0.963746022952907,0.963746022952907,0.963746022952907,0.0,3.7924109693887654e-23,3.7924109693887654e-23,0.0,3.7924109693887654e-23,0.28107789600896305,0.2916514198914601,7.988964028023566e-23,7.988964028023566e-23,0.0,7.988964028023566e-23,0.5921091407058323,0.6143829666778977,1.221856637119516e-23,1.221856637119516e-23,0.0,1.221856637119516e-23,0.09055898623811158,0.0939656134306421,10037,79,train_increment
50080,84.19138999239615,105.82036328797379,202.9374248761237,155.8203632879738,105.82036328797379,50.0,0.03977207738195204,0.661873273838053,0.9239569983330135,0.6618732738380532,0.661873273838053,1.6838277998479232,2.116407265759476,4.058748497522474,3.1164072657594764,2.116407265759476,0.018706836825215067,5.947468042373657,49.0,281.0,28.0,13.0,1.3448323302614496e-22,1.3448323302614496e-22,1.0,1.2544758486140635e-22,1.2544758486140635e-22,0.9328120839942776,0.9328120839942776,0.9328120839942776,0.0,5.707963274685049e-23,5.707963274685049e-23,0.0,5.707963274685049e-23,0.42443679752816177,0.4550078250602567,2.18556152503405e-24,2.18556152503405e-24,0.0,2.18556152503405e-24,0.01625155401052229,0.01742210922154176,6.618239058952179e-23,6.618239058952179e-23,0.0,6.618239058952179e-23,0.4921237324555935,0.5275700657182014,10037,80,train_increment
50081,118.21697031276955,92.63731619705442,127.49047642834147,142.63731619705442,92.63731619705442,50.0,0.29312710582851487,0.4954206590537174,0.362177784276556,0.4954206590537174,0.4954206590537174,2.364339406255391,1.8527463239410884,2.549809528566829,2.8527463239410884,1.8527463239410884,0.025102504352336158,5.967893600463867,49.0,281.0,28.0,13.0,1.3455096785498638e-22,1.3455096785498638e-22,1.0,1.1938967535745697e-22,1.1938967535745697e-22,0.8873193352732353,0.8873193352732353,0.8873193352732353,0.0,5.973884433207126e-23,5.973884433207126e-23,0.0,5.973884433207126e-23,0.44398673071200334,0.5003685968088196,3.0407020940436287e-24,3.0407020940436287e-24,0.0,3.0407020940436287e-24,0.022598886819757216,0.025468719007231216,5.661012893134208e-23,5.661012893134208e-23,0.0,5.661012893134208e-23,0.4207337177414747,0.47416268418394913,10037,81,train_increment
50082,104.22298181246045,128.83784636833707,118.31235490453548,178.83784636833707,128.83784636833707,50.0,0.18892763821638459,0.9524980602062761,0.29383734106132153,0.9524980602062761,0.9524980602062761,2.0844596362492087,2.5767569273667412,2.3662470980907098,3.5767569273667417,2.5767569273667412,0.10467592017632073,5.929664850234985,49.0,281.0,28.0,13.0,1.3324966378064865e-22,1.3324966378064865e-22,1.0,7.050323164411833e-23,7.050323164411833e-23,0.5291062629634736,0.5291062629634736,0.5291062629634736,0.0,3.321214299076338e-23,3.321214299076338e-23,0.0,3.321214299076338e-23,0.2492474806198097,0.471072633356858,1.896465849214828e-24,1.896465849214828e-24,0.0,1.896465849214828e-24,0.014232425023876455,0.026898991790726506,3.539462280414012e-23,3.539462280414012e-23,0.0,3.539462280414012e-23,0.26562635731978745,0.5020283748524155,10037,82,train_increment
50083,89.78122291216587,82.17420180878733,170.12627993736305,132.17420180878733,82.17420180878733,50.0,0.08139406487092984,0.3633106288988299,0.6796446756318917,0.3633106288988299,0.3633106288988299,1.7956244582433174,1.6434840361757466,3.4025255987472613,2.6434840361757463,1.6434840361757466,0.0468544759470049,5.952898025512695,49.0,281.0,28.0,13.0,1.338377466153057e-22,1.338377466153057e-22,1.0,1.0238998954473205e-22,1.0238998954473205e-22,0.7650307341099742,0.7650307341099742,0.7650307341099742,0.0,5.671303253770379e-23,5.671303253770379e-23,0.0,5.671303253770379e-23,0.42374467571331687,0.5538923559800448,3.7596271300143886e-23,3.7596271300143886e-23,0.0,3.7596271300143886e-23,0.28090932678512665,0.36718698250983667,8.080685706884374e-24,8.080685706884374e-24,0.0,8.080685706884374e-24,0.06037673161153077,0.07892066151011853,10037,83,train_increment
50084,82.23774962618366,65.97416714968995,130.06676378012708,115.97416714968995,65.97416714968995,50.0,0.025225239212089814,0.15876473673850938,0.38136086210072284,0.15876473673850938,0.15876473673850938,1.644754992523673,1.3194833429937989,2.601335275602542,2.319483342993799,1.3194833429937989,0.027670083078734517,5.952653884887695,49.0,281.0,28.0,13.0,1.3444089918030474e-22,1.3444089918030474e-22,1.0,1.263514528971151e-22,1.263514528971151e-22,0.9398289781419825,0.9398289781419825,0.9398289781419825,0.0,1.5584332143886166e-23,1.5584332143886166e-23,0.0,1.5584332143886166e-23,0.11591957684681443,0.12334113923150616,1.0768102385579274e-22,1.0768102385579274e-22,0.0,1.0768102385579274e-22,0.8009543562437564,0.8522341562900331,3.0860968974361914e-24,3.0860968974361914e-24,0.0,3.0860968974361914e-24,0.022955045051411684,0.024424704478460766,10037,84,train_increment
50085,162.4724953115273,119.18516072825982,198.17471746012438,169.1851607282598,119.18516072825982,50.0,0.622654469929466,0.8306207162659068,0.8884938008944481,0.8306207162659066,0.8306207162659068,3.249449906230546,2.3837032145651964,3.963494349202487,3.3837032145651964,2.3837032145651964,0.054173392466486156,5.941575765609741,49.0,281.0,28.0,13.0,1.3460932285253933e-22,1.3460932285253933e-22,1.0,6.534686220020139e-23,6.534686220020139e-23,0.4854556936727704,0.4854556936727704,0.4854556936727704,0.0,2.4672268523475036e-23,2.4672268523475036e-23,0.0,2.4672268523475036e-23,0.18328796253215537,0.37755858036285334,1.5984330302875264e-23,1.5984330302875264e-23,0.0,1.5984330302875264e-23,0.11874608655736008,0.24460746491399252,2.469026337385109e-23,2.469026337385109e-23,0.0,2.469026337385109e-23,0.18342164458325497,0.3778339547231543,10037,85,train_increment
50086,151.33101334590987,74.70026545535218,112.61691135367829,124.70026545535218,74.70026545535218,50.0,0.5396948127022329,0.2689427456483861,0.25142897508323375,0.2689427456483861,0.2689427456483861,3.026620266918197,1.4940053091070438,2.252338227073566,2.4940053091070435,1.4940053091070438,0.017861977812864506,5.911426782608032,49.0,281.0,28.0,13.0,1.348246820054221e-22,1.348246820054221e-22,1.0,1.1746048590971358e-22,1.1746048590971358e-22,0.8712090706432357,0.8712090706432357,0.8712090706432357,0.0,2.0302965233578208e-23,2.0302965233578208e-23,0.0,2.0302965233578208e-23,0.15058789630790084,0.17284932099790695,7.516962572316745e-23,7.516962572316745e-23,0.0,7.516962572316745e-23,0.5575360876441335,0.6399567066404513,2.1987894952967935e-23,2.1987894952967935e-23,0.0,2.1987894952967935e-23,0.16308508669120148,0.18719397236164176,10037,86,train_increment
50087,134.3825600116914,131.67440810368066,187.28995606997034,181.67440810368066,131.67440810368066,50.0,0.41349635153902753,0.9883132336323317,0.8074456892775156,0.9883132336323317,0.9883132336323317,2.687651200233828,2.6334881620736135,3.745799121399407,3.633488162073613,2.6334881620736135,0.10403635778688897,5.988450050354004,49.0,281.0,28.0,13.0,1.3239122816060564e-22,1.3239122816060564e-22,1.0,2.896709889112655e-23,2.896709889112655e-23,0.21879923083715305,0.21879923083715305,0.21879923083715305,0.0,2.887596694329026e-24,2.887596694329026e-24,0.0,2.887596694329026e-24,0.02181108774688639,0.09968539497801002,1.372186676567314e-23,1.372186676567314e-23,0.0,1.372186676567314e-23,0.1036463439180952,0.4737052480556326,1.235763543112438e-23,1.235763543112438e-23,0.0,1.235763543112438e-23,0.09334179917217145,0.4266093569663574,10037,87,train_increment
50088,120.72539452373701,55.69564963140911,202.47243236123623,105.69564963140911,55.69564963140911,50.0,0.3118048735944677,0.028985475144054366,0.9204946564500092,0.028985475144054366,0.028985475144054366,2.41450789047474,1.1139129926281823,4.049448647224724,2.1139129926281823,1.1139129926281823,0.09745107091474345,6.016824960708618,49.0,281.0,28.0,13.0,1.3319953911920247e-22,1.3319953911920247e-22,1.0,8.786159236833808e-23,8.786159236833808e-23,0.6596238466689385,0.6596238466689385,0.6596238466689385,0.0,1.7339995845077502e-23,1.7339995845077502e-23,0.0,1.7339995845077502e-23,0.13018059942054044,0.1973558113126819,6.813441773833413e-23,6.813441773833413e-23,0.0,6.813441773833413e-23,0.5115214225881031,0.7754744240543396,2.3871787849264403e-24,2.3871787849264403e-24,0.0,2.3871787849264403e-24,0.017921824660294915,0.02716976463297844,10037,88,train_increment
50089,127.55098698743845,85.47503724959694,188.59155414901727,135.47503724959694,85.47503724959694,50.0,0.36262834689082984,0.40498784406056737,0.8171374098958843,0.40498784406056737,0.40498784406056737,2.551019739748769,1.7095007449919388,3.771831082980346,2.709500744991939,1.7095007449919388,0.05335391617467249,6.1986401081085205,49.0,281.0,28.0,13.0,1.343781829185892e-22,1.343781829185892e-22,1.0,9.737478146429884e-23,9.737478146429884e-23,0.7246323722303326,0.7246323722303326,0.7246323722303326,0.0,4.951234392974427e-23,4.951234392974427e-23,0.0,4.951234392974427e-23,0.36845522728745717,0.5084719388859148,1.703792656892273e-23,1.703792656892273e-23,0.0,1.703792656892273e-23,0.1267908688663016,0.17497268094172266,3.082451096563183e-23,3.082451096563183e-23,0.0,3.082451096563183e-23,0.22938627607657378,0.31655538017236245,10037,89,train_increment
50090,90.0416554668463,57.06040033565726,139.39446638124028,107.06040033565726,57.06040033565726,50.0,0.08333324993928741,0.04621717595526841,0.45081508846790974,0.04621717595526841,0.04621717595526841,1.8008331093369259,1.1412080067131452,2.787889327624806,2.1412080067131454,1.1412080067131452,0.024267872339419207,6.209650754928589,49.0,281.0,28.0,13.0,1.3416601084907865e-22,1.3416601084907865e-22,1.0,1.1916421732786638e-22,1.1916421732786638e-22,0.8881848433424202,0.8881848433424202,0.8881848433424202,0.0,1.0972997948167482e-23,1.0972997948167482e-23,0.0,1.0972997948167482e-23,0.08178671989070946,0.09208299432686713,1.0000641164789214e-22,1.0000641164789214e-22,0.0,1.0000641164789214e-22,0.745393047128664,0.8392318926808056,8.184807731806751e-24,8.184807731806751e-24,0.0,8.184807731806751e-24,0.06100507632304667,0.06868511299232732,10037,90,train_increment
50091,129.72657228475828,69.54757510480914,160.2538627551292,119.54757510480914,69.54757510480914,50.0,0.37882779065344957,0.20388352405062043,0.6061344955705823,0.20388352405062043,0.20388352405062043,2.5945314456951656,1.390951502096183,3.2050772551025846,2.3909515020961827,1.390951502096183,0.02529499202261919,6.195533990859985,49.0,281.0,28.0,13.0,1.3487416802706999e-22,1.3487416802706999e-22,1.0,1.1026501588729553e-22,1.1026501588729553e-22,0.8175399151686684,0.8175399151686684,0.8175399151686684,0.0,2.514902603085097e-23,2.514902603085097e-23,0.0,2.514902603085097e-23,0.1864628816527967,0.2280780157557532,7.608616335747965e-23,7.608616335747965e-23,0.0,7.608616335747965e-23,0.5641270264755868,0.69002994961928,9.029826498964924e-24,9.029826498964924e-24,0.0,9.029826498964924e-24,0.06695000704028505,0.08189203462496683,10037,91,train_increment
50092,158.53453104370112,57.08023604342845,139.1810633585664,107.08023604342844,57.08023604342845,50.0,0.5933323234825102,0.0464676268109652,0.4492260860652748,0.04646762681096512,0.0464676268109652,3.1706906208740224,1.141604720868569,2.7836212671713283,2.141604720868569,1.141604720868569,0.018992586807757207,6.184441089630127,49.0,281.0,28.0,13.0,1.3501912921516986e-22,1.3501912921516986e-22,1.0,9.864757624975549e-23,9.864757624975549e-23,0.7306192598276074,0.7306192598276074,0.7306192598276074,0.0,1.3125563448288871e-23,1.3125563448288871e-23,0.0,1.3125563448288871e-23,0.09721262108994679,0.13305510330084167,8.292614582630794e-23,8.292614582630794e-23,0.0,8.292614582630794e-23,0.6141807187495244,0.8406303426690981,2.595866975158675e-24,2.595866975158675e-24,0.0,2.595866975158675e-24,0.019225919988136175,0.026314554030060208,10037,92,train_increment
50093,97.81111582952815,80.1366503358035,156.29173629485496,130.1366503358035,80.1366503358035,50.0,0.14118477907318058,0.33758396888640774,0.5766324370428515,0.33758396888640774,0.33758396888640774,1.9562223165905628,1.60273300671607,3.125834725897099,2.60273300671607,1.60273300671607,0.0202750927818909,6.27834939956665,49.0,281.0,28.0,13.0,1.34387558713202e-22,1.34387558713202e-22,1.0,1.0674212021672214e-22,1.0674212021672214e-22,0.7942857303072356,0.7942857303072356,0.7942857303072356,0.0,7.389253306485362e-23,7.389253306485362e-23,0.0,7.389253306485362e-23,0.5498465317206075,0.6922528137423831,2.545637459903181e-23,2.545637459903181e-23,0.0,2.545637459903181e-23,0.18942508400914215,0.238484813186649,7.393212552836726e-24,7.393212552836726e-24,0.0,7.393212552836726e-24,0.055014114577486034,0.06926237307096801,10037,93,train_increment
50094,132.93740025225003,92.43690110316882,159.51787314058288,142.43690110316882,92.43690110316882,50.0,0.40273566829672397,0.4928901654440508,0.6006543048442508,0.4928901654440508,0.4928901654440508,2.658748005045001,1.8487380220633765,3.1903574628116576,2.848738022063377,1.8487380220633765,0.012752461556323837,6.199137449264526,49.0,281.0,28.0,13.0,1.3454230025359606e-22,1.3454230025359606e-22,1.0,1.2593447885453614e-22,1.2593447885453614e-22,0.9360214491439851,0.9360214491439851,0.9360214491439851,0.0,6.72897469152084e-23,6.72897469152084e-23,0.0,6.72897469152084e-23,0.5001382226138197,0.5343234634967058,4.725438629532189e-24,4.725438629532189e-24,0.0,4.725438629532189e-24,0.03512232673757848,0.03752299348449624,5.391929330979555e-23,5.391929330979555e-23,0.0,5.391929330979555e-23,0.4007608997925869,0.42815354301879804,10037,94,train_increment
50095,109.910111526501,95.61534541988763,197.6307046992379,145.61534541988763,95.61534541988763,50.0,0.23127409922934475,0.5330220381298943,0.8844430729652859,0.5330220381298943,0.5330220381298943,2.19820223053002,1.9123069083977526,3.9526140939847583,2.9123069083977526,1.9123069083977526,0.036233221542961706,6.223906993865967,49.0,281.0,28.0,13.0,1.348188648977423e-22,1.348188648977423e-22,1.0,1.145976259737588e-22,1.145976259737588e-22,0.8500117996148316,0.8500117996148316,0.8500117996148316,0.0,6.370569402936454e-23,6.370569402936454e-23,0.0,6.370569402936454e-23,0.4725280403279183,0.5559076245083142,4.622726433046939e-24,4.622726433046939e-24,0.0,4.622726433046939e-24,0.03428842422425967,0.040338762638115006,4.62692055113473e-23,4.62692055113473e-23,0.0,4.62692055113473e-23,0.34319533506265365,0.40375361285357064,10037,95,train_increment
50096,152.77451969419087,71.96764350704308,113.7594127950769,121.96764350704308,71.96764350704308,50.0,0.5504431846179514,0.2344399432707459,0.2599360595314736,0.2344399432707459,0.2344399432707459,3.0554903938838174,1.4393528701408616,2.2751882559015377,2.439352870140862,1.4393528701408616,0.012797683361358059,6.227826833724976,49.0,281.0,28.0,13.0,1.3514786956715574e-22,1.3514786956715574e-22,1.0,1.1984835337338133e-22,1.1984835337338133e-22,0.8867942480871147,0.8867942480871147,0.8867942480871147,0.0,1.1790851951102586e-23,1.1790851951102586e-23,0.0,1.1790851951102586e-23,0.08724408300971141,0.0983814263544264,9.126607489809599e-23,9.126607489809599e-23,0.0,9.126607489809599e-23,0.6753053169864832,0.761512964752726,1.679142652418276e-23,1.679142652418276e-23,0.0,1.679142652418276e-23,0.12424484809092018,0.14010560889284762,10037,96,train_increment
50097,147.6641264036449,115.54859088228392,211.13572436782826,165.54859088228392,115.54859088228392,50.0,0.5123911124619873,0.7847044303318677,0.9850016706465246,0.7847044303318677,0.7847044303318677,2.953282528072898,2.3109718176456786,4.222714487356566,3.310971817645678,2.3109718176456786,0.06734207015126452,6.18071436882019,49.0,281.0,28.0,13.0,1.3416259850254477e-22,1.3416259850254477e-22,1.0,6.713122774245978e-23,6.713122774245978e-23,0.5003721491067159,0.5003721491067159,0.5003721491067159,0.0,3.329391854030636e-23,3.329391854030636e-23,0.0,3.329391854030636e-23,0.24816095478111097,0.49595277279948075,8.96751497022997e-24,8.96751497022997e-24,0.0,8.96751497022997e-24,0.06684064761953665,0.1335818704915196,2.486979423192345e-23,2.486979423192345e-23,0.0,2.486979423192345e-23,0.1853705467060682,0.3704653567089995,10037,97,train_increment
50098,153.4532952769806,115.1274552903551,128.54583097802438,165.1274552903551,115.1274552903551,50.0,0.5554973587265868,0.7793870617469079,0.37003597154150697,0.7793870617469079,0.7793870617469079,3.0690659055396123,2.302549105807102,2.570916619560488,3.302549105807102,2.302549105807102,0.011235254520954953,6.211725473403931,49.0,281.0,28.0,13.0,1.3467862365834394e-22,1.3467862365834394e-22,1.0,9.75880131468532e-23,9.75880131468532e-23,0.7245991271370347,0.7245991271370347,0.7245991271370347,0.0,7.551200180298308e-24,7.551200180298308e-24,0.0,7.551200180298308e-24,0.05606829038774839,0.0773783576158585,4.614729674504387e-23,4.614729674504387e-23,0.0,4.614729674504387e-23,0.3426475226099093,0.47287874050268974,4.3889516221511027e-23,4.3889516221511027e-23,0.0,4.3889516221511027e-23,0.325883314139377,0.4497429018814518,10037,98,train_increment
50099,135.27307725061934,65.96511337512007,165.35851747348474,115.96511337512007,65.96511337512007,50.0,0.42012715748785806,0.15865042140303112,0.6441438382240114,0.15865042140303112,0.15865042140303112,2.705461545012387,1.3193022675024013,3.3071703494696947,2.3193022675024015,1.3193022675024013,0.012389004738949964,6.153555631637573,49.0,281.0,28.0,13.0,1.351414518342547e-22,1.351414518342547e-22,1.0,1.1224901367118273e-22,1.1224901367118273e-22,0.8306038757734482,0.8306038757734482,0.8306038757734482,0.0,1.3373539297639885e-23,1.3373539297639885e-23,0.0,1.3373539297639885e-23,0.09895956507883286,0.11914170877987165,9.251086455292814e-23,9.251086455292814e-23,0.0,9.251086455292814e-23,0.6845483994532544,0.8241574827902306,6.3646098206147134e-24,6.3646098206147134e-24,0.0,6.3646098206147134e-24,0.047095911241360935,0.05670080842989782,10037,99,train_increment
50100,133.02225678324828,58.2591313417178,199.84149152801945,108.25913134171779,58.2591313417178,50.0,0.40336751141659183,0.06135266845603273,0.9009046279078141,0.06135266845603264,0.06135266845603273,2.6604451356649657,1.165182626834356,3.996829830560389,2.1651826268343557,1.165182626834356,0.026969555621347997,5.980374336242676,49.0,281.0,28.0,13.0,1.3456314094606356e-22,1.3456314094606356e-22,1.0,1.0349576872813744e-22,1.0349576872813744e-22,0.7691242044477934,0.7691242044477934,0.7691242044477934,0.0,1.035801398818353e-23,1.035801398818353e-23,0.0,1.035801398818353e-23,0.07697512049258194,0.10008152135564062,9.167236511784054e-23,9.167236511784054e-23,0.0,9.167236511784054e-23,0.6812591061216774,0.8857595459641002,1.4653896221133632e-24,1.4653896221133632e-24,0.0,1.4653896221133632e-24,0.010889977833534147,0.014158932680259102,10037,100,train_increment
50101,124.96602977604596,55.61694721050176,80.87780325616947,105.61694721050176,55.61694721050176,50.0,0.3433807131500071,0.02799175770835553,0.015099056263361705,0.02799175770835553,0.02799175770835553,2.4993205955209192,1.1123389442100353,1.6175560651233893,2.1123389442100353,1.1123389442100353,0.016564860093106506,5.8658411502838135,49.0,281.0,28.0,13.0,1.3455213526188644e-22,1.3455213526188644e-22,1.0,1.0500658274301721e-22,1.0500658274301721e-22,0.780415580463565,0.780415580463565,0.780415580463565,0.0,1.3179426733700438e-23,1.3179426733700438e-23,0.0,1.3179426733700438e-23,0.09795033507308207,0.1255104812424424,9.004069624562903e-23,9.004069624562903e-23,0.0,9.004069624562903e-23,0.6691881631635033,0.8574766828284068,1.786459763687739e-24,1.786459763687739e-24,0.0,1.786459763687739e-24,0.013277082226979537,0.0170128359291507,10037,101,train_increment
50102,121.69555357995431,97.59160171110815,87.85448853830772,147.59160171110815,97.59160171110815,50.0,0.3190286938194662,0.5579747690796484,0.06704756916089147,0.5579747690796484,0.5579747690796484,2.4339110715990864,1.9518320342221633,1.7570897707661544,2.951832034222163,1.9518320342221633,0.06774869479852794,5.891538381576538,49.0,281.0,28.0,13.0,1.3443042342165322e-22,1.3443042342165322e-22,1.0,1.1724557507398399e-22,1.1724557507398399e-22,0.8721654822601622,0.8721654822601622,0.8721654822601622,0.0,2.776387385873521e-23,2.776387385873521e-23,0.0,2.776387385873521e-23,0.2065296913604988,0.23680103783205228,1.1639743653672194e-23,1.1639743653672194e-23,0.0,1.1639743653672194e-23,0.08658563558312304,0.09927661360633282,7.784195756157657e-23,7.784195756157657e-23,0.0,7.784195756157657e-23,0.5790501553165404,0.6639223485616148,10037,102,train_increment
50103,98.80936822854108,91.40581922280384,118.50671073351894,141.40581922280384,91.40581922280384,50.0,0.148617782788839,0.47987145483338184,0.29528451774772113,0.47987145483338184,0.47987145483338184,1.9761873645708217,1.8281163844560768,2.370134214670379,2.8281163844560773,1.8281163844560768,0.07840053927011326,5.9193174839019775,49.0,281.0,28.0,13.0,1.3448632187883113e-22,1.3448632187883113e-22,1.0,1.1398323143548133e-22,1.1398323143548133e-22,0.847545161791081,0.847545161791081,0.847545161791081,0.0,6.897173205931437e-23,6.897173205931437e-23,0.0,6.897173205931437e-23,0.5128531370012201,0.6051041998958846,3.742277038476247e-24,3.742277038476247e-24,0.0,3.742277038476247e-24,0.027826450944564807,0.032831820885816106,4.126922233769071e-23,4.126922233769071e-23,0.0,4.126922233769071e-23,0.30686557384529606,0.3620639792182993,10037,103,train_increment
50104,163.22038470577724,54.90385047173223,84.94347390275831,104.90385047173223,54.90385047173223,50.0,0.6282232666104038,0.018988011006719967,0.045372106498572734,0.018988011006719967,0.018988011006719967,3.264407694115545,1.0980770094346446,1.6988694780551663,2.0980770094346446,1.0980770094346446,0.010280239979684235,5.925429582595825,49.0,281.0,28.0,13.0,1.3467312656387537e-22,1.3467312656387537e-22,1.0,8.922904329918352e-23,8.922904329918352e-23,0.6625601229868399,0.6625601229868399,0.6625601229868399,0.0,4.052122903247131e-24,4.052122903247131e-24,0.0,4.052122903247131e-24,0.030088578223697898,0.045412600577375124,7.488946326970332e-23,7.488946326970332e-23,0.0,7.488946326970332e-23,0.5560832007132714,0.839294701598449,1.0287457126233071e-23,1.0287457126233071e-23,0.0,1.0287457126233071e-23,0.07638834404987054,0.11529269782417588,10037,104,train_increment
50105,146.18951616235805,88.78971778508523,147.29111342204425,138.78971778508523,88.78971778508523,50.0,0.501411140449427,0.4468398710238034,0.5096136516905752,0.4468398710238034,0.4468398710238034,2.923790323247161,1.7757943557017046,2.945822268440885,2.775794355701705,1.7757943557017046,0.04714250680739192,5.929088592529297,49.0,281.0,28.0,13.0,1.3470784683924273e-22,1.3470784683924273e-22,1.0,1.2173960559414416e-22,1.2173960559414416e-22,0.9037306174110661,0.9037306174110661,0.9037306174110661,0.0,6.558700540355981e-23,6.558700540355981e-23,0.0,6.558700540355981e-23,0.48688333265269873,0.5387482987435819,7.469120801738765e-24,7.469120801738765e-24,0.0,7.469120801738765e-24,0.055446813062436096,0.06135325283243763,4.8683479388845584e-23,4.8683479388845584e-23,0.0,4.8683479388845584e-23,0.36140047169593126,0.3998984484239805,10037,105,train_increment
50106,139.08620848465222,70.26090330405783,83.20407394111363,120.26090330405783,70.26090330405783,50.0,0.4485197951202697,0.21289019323305342,0.03242050589064512,0.21289019323305342,0.21289019323305342,2.781724169693044,1.4052180660811568,1.6640814788222726,2.4052180660811566,1.4052180660811568,0.012087214890924803,5.90927791595459,49.0,281.0,28.0,13.0,1.35047656714623e-22,1.35047656714623e-22,1.0,1.2470680609545634e-22,1.2470680609545634e-22,0.9234281373647342,0.9234281373647342,0.9234281373647342,0.0,2.2492452399951864e-23,2.2492452399951864e-23,0.0,2.2492452399951864e-23,0.16655196355966373,0.18036266908106927,9.196495684040193e-23,9.196495684040193e-23,0.0,9.196495684040193e-23,0.680981507400298,0.7374493800282859,1.0249396855102555e-23,1.0249396855102555e-23,0.0,1.0249396855102555e-23,0.07589466640477256,0.08218795089064501,10037,106,train_increment
50107,185.4434177200223,131.53504568880663,196.11823030488353,181.53504568880663,131.53504568880663,50.0,0.7936963344752218,0.986553607181902,0.8731811638487231,0.986553607181902,0.986553607181902,3.708868354400446,2.6307009137761326,3.9223646060976702,3.6307009137761326,2.6307009137761326,0.018467709352600316,5.832300662994385,49.0,281.0,28.0,13.0,1.3457933486799255e-22,1.3457933486799255e-22,1.0,8.891217949188043e-23,8.891217949188043e-23,0.6606674017158239,0.6606674017158239,0.6606674017158239,0.0,1.9007492320262277e-23,1.9007492320262277e-23,0.0,1.9007492320262277e-23,0.1412363372051625,0.21377827457258614,5.587250965464181e-23,5.587250965464181e-23,0.0,5.587250965464181e-23,0.41516410903239015,0.6284010804137824,1.4032177516976343e-23,1.4032177516976343e-23,0.0,1.4032177516976343e-23,0.10426695547827129,0.15782064501363144,10037,107,train_increment
50108,118.13969023667227,125.61308416619592,91.05730198050614,175.6130841661959,125.61308416619592,50.0,0.29255167711595137,0.911781365734797,0.09089577051754388,0.9117813657347968,0.911781365734797,2.3627938047334456,2.5122616833239184,1.8211460396101227,3.512261683323918,2.5122616833239184,0.014980484355581686,5.9531168937683105,49.0,281.0,28.0,13.0,1.3436516664996304e-22,1.3436516664996304e-22,1.0,1.0053725966167623e-22,1.0053725966167623e-22,0.7482390128952657,0.7482390128952657,0.7482390128952657,0.0,2.4262843182981952e-23,2.4262843182981952e-23,0.0,2.4262843182981952e-23,0.18057390756779615,0.24133185313216468,6.447546767602029e-23,6.447546767602029e-23,0.0,6.447546767602029e-23,0.4798525487188686,0.6413091812228663,1.1798948802673979e-23,1.1798948802673979e-23,0.0,1.1798948802673979e-23,0.08781255660860095,0.11735896564496891,10037,108,train_increment
50109,100.99165821761476,130.5811186354304,86.68267742087211,180.5811186354304,130.5811186354304,50.0,0.16486714979608905,0.974509073679677,0.05832224438475142,0.974509073679677,0.974509073679677,2.019833164352295,2.611622372708608,1.7336535484174422,3.6116223727086085,2.611622372708608,0.02779020740518496,5.9313414096832275,49.0,281.0,28.0,13.0,1.3455898942613625e-22,1.3455898942613625e-22,1.0,8.475012187265808e-23,8.475012187265808e-23,0.6298361947730006,0.6298361947730006,0.6298361947730006,0.0,4.802577431119962e-23,4.802577431119962e-23,0.0,4.802577431119962e-23,0.3569124182339561,0.5666749881889386,1.374275569875379e-23,1.374275569875379e-23,0.0,1.374275569875379e-23,0.10213182900201274,0.1621561762401129,2.2981591862704672e-23,2.2981591862704672e-23,0.0,2.2981591862704672e-23,0.17079194753703175,0.2711688355709486,10037,109,train_increment
50110,148.33746195561645,68.22247467619573,95.51445504422972,118.22247467619573,68.22247467619573,50.0,0.517404780012036,0.18715245803277433,0.12408380524370606,0.18715245803277433,0.18715245803277433,2.966749239112329,1.3644494935239146,1.9102891008845946,2.3644494935239146,1.3644494935239146,0.031117719880728235,5.940686941146851,49.0,281.0,28.0,13.0,1.3495849780999875e-22,1.3495849780999875e-22,1.0,1.2034655585075252e-22,1.2034655585075252e-22,0.8917301081713458,0.8917301081713458,0.8917301081713458,0.0,1.2148029629465752e-23,1.2148029629465752e-23,0.0,1.2148029629465752e-23,0.09001307680949701,0.10094206305771725,9.781471625707386e-23,9.781471625707386e-23,0.0,9.781471625707386e-23,0.7247762671068128,0.8127753683153055,1.0383809964212912e-23,1.0383809964212912e-23,0.0,1.0383809964212912e-23,0.07694076425503604,0.08628256862697731,10037,110,train_increment
50111,195.20358025279455,66.42420691599317,175.12351293745476,116.42420691599317,66.42420691599317,50.0,0.8663706645777702,0.1644470570201157,0.7168541544114279,0.1644470570201157,0.1644470570201157,3.9040716050558912,1.3284841383198633,3.5024702587490952,2.3284841383198636,1.3284841383198633,0.020749626392281104,5.902004957199097,49.0,281.0,28.0,13.0,1.3499784530237652e-22,1.3499784530237652e-22,1.0,1.1097835643796033e-22,1.1097835643796033e-22,0.8220750204522461,0.8220750204522461,0.8220750204522461,0.0,1.1594866358292036e-24,1.1594866358292036e-24,0.0,1.1594866358292036e-24,0.008588926980516717,0.010447862745898435,8.77513719344036e-23,8.77513719344036e-23,0.0,8.77513719344036e-23,0.6500205372748924,0.79070707794685,2.2067497867727537e-23,2.2067497867727537e-23,0.0,2.2067497867727537e-23,0.163465556196837,0.19884505930725166,10037,111,train_increment
50112,198.23909441800774,106.95353040208151,93.80869864996627,156.95353040208153,106.95353040208151,50.0,0.8889731527774217,0.6761809394202212,0.11138271518962232,0.6761809394202213,0.6761809394202212,3.964781888360155,2.1390706080416306,1.8761739729993256,3.1390706080416306,2.1390706080416306,0.04039902024590968,5.933095693588257,49.0,281.0,28.0,13.0,1.3452778799084022e-22,1.3452778799084022e-22,1.0,1.308535832470423e-22,1.308535832470423e-22,0.9726881353014732,0.9726881353014732,0.9726881353014732,0.0,1.0200021255223515e-23,1.0200021255223515e-23,0.0,1.0200021255223515e-23,0.0758209244912138,0.07794988109700135,1.1976199349806714e-22,1.1976199349806714e-22,0.0,1.1976199349806714e-22,0.890239818008615,0.9152366372112636,8.915684937516586e-25,8.915684937516586e-25,0.0,8.915684937516586e-25,0.0066273928016445495,0.006813481691735108,10037,112,train_increment
50113,171.00687768777448,80.14463147528585,193.2323551764933,130.14463147528585,80.14463147528585,50.0,0.6862016209067348,0.3376847408495688,0.8516928903685278,0.3376847408495688,0.3376847408495688,3.42013755375549,1.6028926295057169,3.8646471035298653,2.602892629505717,1.6028926295057169,0.021536435746264203,5.912430763244629,49.0,281.0,28.0,13.0,1.3487257404955987e-22,1.3487257404955987e-22,1.0,8.789612582441332e-23,8.789612582441332e-23,0.6516975481769576,0.6516975481769576,0.6516975481769576,0.0,3.240986465705221e-23,3.240986465705221e-23,0.0,3.240986465705221e-23,0.24029988962131751,0.3687291601656726,1.909037115040123e-23,1.909037115040123e-23,0.0,1.909037115040123e-23,0.14154375924779442,0.21719240718911004,3.639589001695988e-23,3.639589001695988e-23,0.0,3.639589001695988e-23,0.26985389930784565,0.4140784326452174,10037,113,train_increment
50114,192.6639424216405,102.08983990723041,141.447624631695,152.0898399072304,102.08983990723041,50.0,0.8474604796845905,0.6147707058993739,0.4661029384340655,0.6147707058993739,0.6147707058993739,3.8532788484328107,2.041796798144608,2.8289524926339,3.0417967981446083,2.041796798144608,0.04575924765835873,5.89588737487793,49.0,281.0,28.0,13.0,1.3468921582031464e-22,1.3468921582031464e-22,1.0,9.605296247700299e-23,9.605296247700299e-23,0.7131451608207797,0.7131451608207797,0.7131451608207797,0.0,3.26766745804649e-23,3.26766745804649e-23,0.0,3.26766745804649e-23,0.24260795032067003,0.3401943442222134,3.492566125395331e-23,3.492566125395331e-23,0.0,3.492566125395331e-23,0.25930555049445625,0.3636083713952625,2.845062664258478e-23,2.845062664258478e-23,0.0,2.845062664258478e-23,0.21123166000565344,0.29619728438252424,10037,114,train_increment
50115,176.55153118250604,91.49097636362143,191.02917353922982,141.49097636362143,91.49097636362143,50.0,0.7274872016567836,0.4809466712578463,0.8352879638066255,0.4809466712578463,0.4809466712578463,3.531030623650121,1.8298195272724285,3.8205834707845963,2.8298195272724285,1.8298195272724285,0.03586039267455515,5.883610725402832,49.0,281.0,28.0,13.0,1.3482974961664973e-22,1.3482974961664973e-22,1.0,1.123707814024643e-22,1.123707814024643e-22,0.8334272052121943,0.8334272052121943,0.8334272052121943,0.0,5.2811847425655435e-23,5.2811847425655435e-23,0.0,5.2811847425655435e-23,0.39169283912349456,0.46997846563428153,2.8845392675284787e-24,2.8845392675284787e-24,0.0,2.8845392675284787e-24,0.02139393773058135,0.025669833666078078,5.667439470928039e-23,5.667439470928039e-23,0.0,5.667439470928039e-23,0.42034042835811836,0.5043517006996403,10037,115,train_increment
50116,205.31828271210685,71.7333524580431,206.095404730061,121.7333524580431,71.7333524580431,50.0,0.9416849047811381,0.23148172295508962,0.9474713680570439,0.23148172295508962,0.23148172295508962,4.106365654242137,1.434667049160862,4.12190809460122,2.434667049160862,1.434667049160862,0.020868305880277247,5.9398393630981445,49.0,281.0,28.0,13.0,1.3469585507406382e-22,1.3469585507406382e-22,1.0,9.659556268113464e-23,9.659556268113464e-23,0.7171383457050006,0.7171383457050006,0.7171383457050006,0.0,3.791069954329425e-24,3.791069954329425e-24,0.0,3.791069954329425e-24,0.02814540916826927,0.03924683338554464,5.826497892742812e-23,5.826497892742812e-23,0.0,5.826497892742812e-23,0.4325669776207335,0.6031848390361664,3.4539513799377095e-23,3.4539513799377095e-23,0.0,3.4539513799377095e-23,0.2564259589159979,0.35756832757828894,10037,116,train_increment
50117,158.0705992158684,58.25907698392362,195.9885546939588,108.25907698392362,58.25907698392362,50.0,0.5898778794926911,0.061351982120247665,0.8722155971255309,0.061351982120247665,0.061351982120247665,3.1614119843173683,1.1651815396784724,3.9197710938791763,2.1651815396784726,1.1651815396784724,0.018649718272728433,5.9156084060668945,49.0,281.0,28.0,13.0,1.3503853767299975e-22,1.3503853767299975e-22,1.0,1.1461378820393429e-22,1.1461378820393429e-22,0.8487487363161125,0.8487487363161125,0.8487487363161125,0.0,6.573575080217914e-24,6.573575080217914e-24,0.0,6.573575080217914e-24,0.048679252556303905,0.05735413847870938,1.035188707408935e-22,1.035188707408935e-22,0.0,1.035188707408935e-22,0.7665876165777791,0.903197358390254,4.521342382822855e-24,4.521342382822855e-24,0.0,4.521342382822855e-24,0.03348186718202943,0.03944850313103649,10037,117,train_increment
50118,79.5237368960318,60.548718662287996,111.65967356167792,110.548718662288,60.548718662287996,50.0,0.005016655964495995,0.09026159927131303,0.24430136680326078,0.09026159927131303,0.09026159927131303,1.590474737920636,1.2109743732457598,2.2331934712335584,2.21097437324576,1.2109743732457598,0.022743624584279313,5.94117283821106,49.0,281.0,28.0,13.0,1.3456963033211609e-22,1.3456963033211609e-22,1.0,1.2289922416162928e-22,1.2289922416162928e-22,0.9132760776582027,0.9132760776582027,0.9132760776582027,0.0,1.4736482957200927e-23,1.4736482957200927e-23,0.0,1.4736482957200927e-23,0.10950823689439794,0.1199070462627204,1.0195796600567189e-22,1.0195796600567189e-22,0.0,1.0195796600567189e-22,0.7576595533036761,0.8296062623762639,6.20477519875645e-24,6.20477519875645e-24,0.0,6.20477519875645e-24,0.04610828746012861,0.05048669136101561,10037,118,train_increment
50119,149.0502260355403,91.77562904305665,105.03871413153384,141.77562904305665,91.77562904305665,50.0,0.5227120330271058,0.4845407707456648,0.1950015944269087,0.4845407707456648,0.4845407707456648,2.981004520710806,1.835512580861133,2.100774282630677,2.835512580861133,1.835512580861133,0.024778804581914712,5.900721788406372,49.0,281.0,28.0,13.0,1.3491150635909425e-22,1.3491150635909425e-22,1.0,1.1881520427881333e-22,1.1881520427881333e-22,0.880689923975518,0.880689923975518,0.880689923975518,0.0,4.9853818694044583e-23,4.9853818694044583e-23,0.0,4.9853818694044583e-23,0.36952977577278373,0.4195912383154007,9.423208319423086e-24,9.423208319423086e-24,0.0,9.423208319423086e-24,0.06984732862103928,0.07930978511226948,5.953817726534566e-23,5.953817726534566e-23,0.0,5.953817726534566e-23,0.441312819581695,0.5010989765723298,10037,119,train_increment
50120,98.17380207890079,60.4687675008573,139.39975076221137,110.4687675008573,60.4687675008573,50.0,0.14388534682725834,0.08925211490981429,0.45085443605518516,0.08925211490981429,0.08925211490981429,1.963476041578016,1.209375350017146,2.7879950152442277,2.2093753500171456,1.209375350017146,0.013823869576416403,5.911946535110474,49.0,281.0,28.0,13.0,1.3456169275589488e-22,1.3456169275589488e-22,1.0,1.2172330442022943e-22,1.2172330442022943e-22,0.9045910610016236,0.9045910610016236,0.9045910610016236,0.0,6.156343273643778e-24,6.156343273643778e-24,0.0,6.156343273643778e-24,0.045751083741283276,0.05057653752472927,1.1122732476466892e-22,1.1122732476466892e-22,0.0,1.1122732476466892e-22,0.8265898153231747,0.9137718146450833,4.339636381916726e-24,4.339636381916726e-24,0.0,4.339636381916726e-24,0.032250161937165546,0.03565164783018751,10037,120,train_increment
50121,109.94877223050034,95.14049443154198,204.79385342016315,145.14049443154198,95.14049443154198,50.0,0.23156196746463398,0.5270264448427018,0.9377799956825252,0.5270264448427018,0.5270264448427018,2.198975444610007,1.9028098886308398,4.095877068403263,2.9028098886308396,1.9028098886308398,0.05359622576004828,5.991334676742554,49.0,281.0,28.0,13.0,1.3425394568400598e-22,1.3425394568400598e-22,1.0,1.0761721782930144e-22,1.0761721782930144e-22,0.8015944505839738,0.8015944505839738,0.8015944505839738,0.0,5.800369956608757e-23,5.800369956608757e-23,0.0,5.800369956608757e-23,0.43204465440897427,0.5389815936153539,4.5193700884207345e-24,4.5193700884207345e-24,0.0,4.5193700884207345e-24,0.033662847414987665,0.04199486085571546,4.5094148174793126e-23,4.5094148174793126e-23,0.0,4.5094148174793126e-23,0.33588694876001185,0.41902354552893056,10037,121,train_increment
50122,129.33951055189345,67.3956247286126,155.30911393247843,117.3956247286126,67.3956247286126,50.0,0.3759457226499885,0.17671243344207826,0.569315814836027,0.17671243344207826,0.17671243344207826,2.586790211037869,1.347912494572252,3.1061822786495688,2.3479124945722525,1.347912494572252,0.023896758242779436,5.904258489608765,49.0,281.0,28.0,13.0,1.348807508501672e-22,1.348807508501672e-22,1.0,1.1436240524151084e-22,1.1436240524151084e-22,0.8478778811703884,0.8478778811703884,0.8478778811703884,0.0,1.9085688903809244e-23,1.9085688903809244e-23,0.0,1.9085688903809244e-23,0.14150046454746276,0.1668877885482037,8.824371700318321e-23,8.824371700318321e-23,0.0,8.824371700318321e-23,0.6542350665085567,0.7716147349019976,7.032999334518382e-24,7.032999334518382e-24,0.0,7.032999334518382e-24,0.05214235011436892,0.06149747654979864,10037,122,train_increment
50123,118.05327230447713,112.97487027019918,197.43262652497734,162.97487027019918,112.97487027019918,50.0,0.29190820777719384,0.7522079579570603,0.8829681796349764,0.7522079579570603,0.7522079579570603,2.3610654460895426,2.2594974054039834,3.9486525304995466,3.2594974054039834,2.2594974054039834,0.05032902408000278,5.929534912109375,49.0,281.0,28.0,13.0,1.3485652247977858e-22,1.3485652247977858e-22,1.0,8.953798142293604e-23,8.953798142293604e-23,0.663949950484316,0.663949950484316,0.663949950484316,0.0,3.437885084215992e-23,3.437885084215992e-23,0.0,3.437885084215992e-23,0.25492909211947795,0.3839582967564359,1.1057263966766197e-23,1.1057263966766197e-23,0.0,1.1057263966766197e-23,0.0819928006702398,0.12349244187823258,4.410186661400992e-23,4.410186661400992e-23,0.0,4.410186661400992e-23,0.3270280576945983,0.49254926136533156,10037,123,train_increment
50124,92.07485690007957,103.36737332600703,86.1890183872068,153.36737332600703,103.36737332600703,50.0,0.09847250111749495,0.6309011783586745,0.05464645113333437,0.6309011783586745,0.6309011783586745,1.8414971380015914,2.0673474665201406,1.723780367744136,3.0673474665201406,2.0673474665201406,0.09248954443808026,5.916259050369263,49.0,281.0,28.0,13.0,1.3200567390817978e-22,1.3200567390817978e-22,1.0,1.1891580768634642e-22,1.1891580768634642e-22,0.9008386091726756,0.9008386091726756,0.9008386091726756,0.0,7.904095974137492e-24,7.904095974137492e-24,0.0,7.904095974137492e-24,0.05987694119599288,0.06646800057890888,9.117896868082506e-24,9.117896868082506e-24,0.0,9.117896868082506e-24,0.06907200727163222,0.07667522968966385,1.0189381484412643e-22,1.0189381484412643e-22,0.0,1.0189381484412643e-22,0.7718896607050505,0.8568567697314273,10037,124,train_increment
50125,134.5758097889162,125.30412424318962,114.33656870708558,175.30412424318962,125.30412424318962,50.0,0.41493529254591355,0.9078803566059296,0.2642335719068174,0.9078803566059296,0.9078803566059296,2.691516195778324,2.5060824848637924,2.286731374141712,3.5060824848637924,2.5060824848637924,0.0274661872548753,5.859259843826294,49.0,281.0,28.0,13.0,1.344565000318274e-22,1.344565000318274e-22,1.0,1.023444243612796e-22,1.023444243612796e-22,0.7611712660752994,0.7611712660752994,0.7611712660752994,0.0,1.0892932805743024e-23,1.0892932805743024e-23,0.0,1.0892932805743024e-23,0.08101454971060933,0.10643406197967922,8.112082052092233e-23,8.112082052092233e-23,0.0,8.112082052092233e-23,0.6033239040263587,0.7926256953145082,1.033067103461423e-23,1.033067103461423e-23,0.0,1.033067103461423e-23,0.0768328123383313,0.10094024270581249,10037,125,train_increment
50126,205.5201593849344,89.28120597420383,181.71731720794924,139.28120597420383,89.28120597420383,50.0,0.9431880817940015,0.45304552997732106,0.7659517290241938,0.45304552997732106,0.45304552997732106,4.110403187698688,1.7856241194840765,3.6343463441589847,2.7856241194840767,1.7856241194840765,0.03237990278257085,5.924149990081787,49.0,281.0,28.0,13.0,1.3519466335585012e-22,1.3519466335585012e-22,1.0,1.0882855424941076e-22,1.0882855424941076e-22,0.8049767020977722,0.8049767020977722,0.8049767020977722,0.0,4.2228500440210515e-23,4.2228500440210515e-23,0.0,4.2228500440210515e-23,0.31235330886589474,0.3880277628556217,1.0893850106483447e-23,1.0893850106483447e-23,0.0,1.0893850106483447e-23,0.08057899502888959,0.10010102754390336,5.570620370271678e-23,5.570620370271678e-23,0.0,5.570620370271678e-23,0.4120443982029877,0.5118712096004748,10037,126,train_increment
50127,90.64656560403219,117.2439847982032,150.9798400357268,167.2439847982032,117.2439847982032,50.0,0.08783742072994934,0.8061109191692324,0.5370799704819568,0.8061109191692324,0.8061109191692324,1.8129313120806438,2.344879695964064,3.019596800714536,3.3448796959640643,2.344879695964064,0.008087224816524673,5.930243253707886,49.0,281.0,28.0,13.0,1.3477734608201321e-22,1.3477734608201321e-22,1.0,8.869617324290907e-23,8.869617324290907e-23,0.6580940775383473,0.6580940775383473,0.6580940775383473,0.0,7.462755863791293e-24,7.462755863791293e-24,0.0,7.462755863791293e-24,0.05537099579962155,0.08413841985440915,1.6253867063850895e-23,1.6253867063850895e-23,0.0,1.6253867063850895e-23,0.12059791601743124,0.18325330698695427,6.497955031526688e-23,6.497955031526688e-23,0.0,6.497955031526688e-23,0.4821251657212945,0.7326082731586366,10037,127,train_increment
50128,95.83617827325422,55.086226875895356,163.34434547559061,105.08622687589536,55.086226875895356,50.0,0.12647936167724663,0.021290743382517054,0.6291462805330649,0.021290743382517144,0.021290743382517054,1.9167235654650843,1.1017245375179072,3.2668869095118125,2.1017245375179074,1.1017245375179072,0.01936332941464557,5.916990518569946,49.0,281.0,28.0,13.0,1.3496700744776995e-22,1.3496700744776995e-22,1.0,1.1263299345925122e-22,1.1263299345925122e-22,0.8345224183979805,0.8345224183979805,0.8345224183979805,0.0,9.753741400694307e-24,9.753741400694307e-24,0.0,9.753741400694307e-24,0.07226759772731012,0.08659755104726975,9.625510548522803e-23,9.625510548522803e-23,0.0,9.625510548522803e-23,0.713175073711827,0.8545906712499083,6.624146573328877e-24,6.624146573328877e-24,0.0,6.624146573328877e-24,0.04907974695884336,0.05881177770282191,10037,128,train_increment
50129,133.93283243257878,114.10950898995159,123.79658147514282,164.1095089899516,114.10950898995159,50.0,0.41014767261786134,0.7665342044185808,0.3346729819444737,0.7665342044185808,0.7665342044185808,2.6786566486515757,2.282190179799032,2.4759316295028566,3.2821901797990316,2.282190179799032,0.048246448157671304,5.92950701713562,49.0,281.0,28.0,13.0,1.345874141012626e-22,1.345874141012626e-22,1.0,1.0191229137879155e-22,1.0191229137879155e-22,0.7572200718717538,0.7572200718717538,0.7572200718717538,0.0,5.745301205240164e-24,5.745301205240164e-24,0.0,5.745301205240164e-24,0.042688250187476226,0.05637495857968502,1.974819082967996e-23,1.974819082967996e-23,0.0,1.974819082967996e-23,0.14673133414110745,0.19377634005185027,7.641879934387143e-23,7.641879934387143e-23,0.0,7.641879934387143e-23,0.56780048754317,0.7498487013684647,10037,129,train_increment
50130,181.0959305186037,120.84348567402421,112.00935855507348,170.8434856740242,120.84348567402421,50.0,0.7613248735562449,0.8515591625508108,0.2469051269923565,0.8515591625508108,0.8515591625508108,3.621918610372074,2.416869713480484,2.240187171101469,3.416869713480484,2.416869713480484,0.0323828107046338,5.903356313705444,49.0,281.0,28.0,13.0,1.3482078477835825e-22,1.3482078477835825e-22,1.0,1.192697059633642e-22,1.192697059633642e-22,0.884653699052712,0.884653699052712,0.884653699052712,0.0,2.301984780493245e-24,2.301984780493245e-24,0.0,2.301984780493245e-24,0.017074405732600106,0.01930066618257901,1.1043964958471932e-22,1.1043964958471932e-22,0.0,1.1043964958471932e-22,0.819158928397273,0.9259656397462975,6.528071598151641e-24,6.528071598151641e-24,0.0,6.528071598151641e-24,0.04842036492283898,0.05473369407112359,10037,130,train_increment
50131,186.0528274283655,67.69121560197608,87.12782876425476,117.69121560197608,67.69121560197608,50.0,0.7982340091464296,0.18044464143909192,0.061636848579707845,0.18044464143909192,0.18044464143909192,3.72105654856731,1.3538243120395217,1.742556575285095,2.3538243120395217,1.3538243120395217,0.022297305701748503,5.937786102294922,49.0,281.0,28.0,13.0,1.3487004512534246e-22,1.3487004512534246e-22,1.0,1.2459164506410548e-22,1.2459164506410548e-22,0.9237903416456584,0.9237903416456584,0.9237903416456584,0.0,1.8584364176983256e-23,1.8584364176983256e-23,0.0,1.8584364176983256e-23,0.13779460190520246,0.14916220238862038,9.128088839880013e-23,9.128088839880013e-23,0.0,9.128088839880013e-23,0.676806241993673,0.7326405261912535,1.4726392488322077e-23,1.4726392488322077e-23,0.0,1.4726392488322077e-23,0.10918949774678281,0.118197271420126,10037,131,train_increment
50132,121.8985922243265,72.04006444001305,149.90031006704123,122.04006444001305,72.04006444001305,50.0,0.32054052289148555,0.23535434899006377,0.5290417726510889,0.23535434899006377,0.23535434899006377,2.43797184448653,1.440801288800261,2.9980062013408246,2.440801288800261,1.440801288800261,0.01639149731311758,5.916851282119751,49.0,281.0,28.0,13.0,1.351663723901493e-22,1.351663723901493e-22,1.0,1.1147648018481427e-22,1.1147648018481427e-22,0.8247353111101063,0.8247353111101063,0.8247353111101063,0.0,4.317338151130507e-23,4.317338151130507e-23,0.0,4.317338151130507e-23,0.31940918993289097,0.3872869096667649,5.961292903271628e-23,5.961292903271628e-23,0.0,5.961292903271628e-23,0.44103372738780977,0.5347579052898458,8.690169640792907e-24,8.690169640792907e-24,0.0,8.690169640792907e-24,0.0642923937894055,0.0779551850433892,10037,132,train_increment
50133,172.57372086155402,117.8579177757851,181.69615327571108,167.8579177757851,117.8579177757851,50.0,0.6978683608455251,0.8138625981791048,0.7657941420380572,0.8138625981791048,0.8138625981791048,3.4514744172310805,2.357158355515702,3.6339230655142214,3.3571583555157023,2.357158355515702,0.060470288569353256,5.9381797313690186,49.0,281.0,28.0,13.0,1.3404526822006758e-22,1.3404526822006758e-22,1.0,7.412045518328234e-23,7.412045518328234e-23,0.5529509259632781,0.5529509259632781,0.5529509259632781,0.0,1.398322957711211e-23,1.398322957711211e-23,0.0,1.398322957711211e-23,0.10431721882308648,0.1886554736143335,3.838966819131506e-23,3.838966819131506e-23,0.0,3.838966819131506e-23,0.28639331101407606,0.5179362174231998,2.174755741485516e-23,2.174755741485516e-23,0.0,2.174755741485516e-23,0.16224039612611546,0.29340830896246656,10037,133,train_increment
50134,160.78683715702908,129.9295471694458,123.14252328732488,179.9295471694458,129.9295471694458,50.0,0.6101030316979082,0.9662821612303765,0.3298028539636998,0.9662821612303765,0.9662821612303765,3.2157367431405817,2.5985909433889165,2.462850465746498,3.5985909433889165,2.5985909433889165,0.02985991850614934,5.864588499069214,49.0,281.0,28.0,13.0,1.3491644052842387e-22,1.3491644052842387e-22,1.0,9.655296004803631e-23,9.655296004803631e-23,0.715650069553197,0.715650069553197,0.715650069553197,0.0,8.531743864081298e-24,8.531743864081298e-24,0.0,8.531743864081298e-24,0.06323724396126394,0.08836335892588532,7.779065511617194e-23,7.779065511617194e-23,0.0,7.779065511617194e-23,0.5765839567920056,0.8056786149018126,1.0230561067783076e-23,1.0230561067783076e-23,0.0,1.0230561067783076e-23,0.0758288687999275,0.10595802617230216,10037,134,train_increment
50135,85.90718060752594,78.37996273239062,145.2433415937527,128.37996273239062,78.37996273239062,50.0,0.05254788240897952,0.31540356985341694,0.49436590911208256,0.31540356985341694,0.31540356985341694,1.718143612150519,1.5675992546478126,2.9048668318750535,2.567599254647812,1.5675992546478126,0.026013971678591853,5.87822699546814,49.0,281.0,28.0,13.0,1.337975443444565e-22,1.337975443444565e-22,1.0,1.1080402986039702e-22,1.1080402986039702e-22,0.8281469619138631,0.8281469619138631,0.8281469619138631,0.0,7.742235203139633e-23,7.742235203139633e-23,0.0,7.742235203139633e-23,0.5786530119870925,0.6987322765150459,3.017182187313791e-23,3.017182187313791e-23,0.0,3.017182187313791e-23,0.22550355479964376,0.27229895799955706,3.209855955862762e-24,3.209855955862762e-24,0.0,3.209855955862762e-24,0.023990395127126658,0.02896876548539695,10037,135,train_increment
50136,201.58137290037206,107.48973368675348,184.47829133985044,157.48973368675348,107.48973368675348,50.0,0.9138598131077592,0.6829511829135541,0.7865099876384992,0.6829511829135541,0.6829511829135541,4.031627458007441,2.14979467373507,3.689565826797009,3.1497946737350695,2.14979467373507,0.032422187624308416,5.897773265838623,49.0,281.0,28.0,13.0,1.3438644245454187e-22,1.3438644245454187e-22,1.0,7.384318388412334e-23,7.384318388412334e-23,0.5494838804822283,0.5494838804822283,0.5494838804822283,0.0,3.421001860448387e-23,3.421001860448387e-23,0.0,3.421001860448387e-23,0.2545645079938469,0.46327930087856356,1.560950775812555e-23,1.560950775812555e-23,0.0,1.560950775812555e-23,0.11615388779568064,0.2113872525136565,2.4023657521513918e-23,2.4023657521513918e-23,0.0,2.4023657521513918e-23,0.17876548469270076,0.32533344660777996,10037,136,train_increment
50137,205.20264707994568,99.87215301721037,213.01246496329998,149.87215301721037,99.87215301721037,50.0,0.9408238799698114,0.5867696088031612,0.9989759118637377,0.5867696088031612,0.5867696088031612,4.104052941598914,1.997443060344207,4.2602492992659995,2.9974430603442075,1.997443060344207,0.028366634527617646,5.9236533641815186,49.0,281.0,28.0,13.0,1.344065896096899e-22,1.344065896096899e-22,1.0,8.844336424741527e-23,8.844336424741527e-23,0.658028482861223,0.658028482861223,0.658028482861223,0.0,5.397664686832681e-23,5.397664686832681e-23,0.0,5.397664686832681e-23,0.40159226586339497,0.6102961745929318,4.344646575710221e-24,4.344646575710221e-24,0.0,4.344646575710221e-24,0.032324654530160014,0.04912348837789933,3.0122070803378234e-23,3.0122070803378234e-23,0.0,3.0122070803378234e-23,0.22411156246766797,0.34058033702916884,10037,137,train_increment
50138,154.02137555804137,87.8857695938301,157.63524192553712,137.8857695938301,87.8857695938301,50.0,0.5597272938052225,0.4354263837604811,0.5866362019771937,0.4354263837604811,0.4354263837604811,3.0804275111608277,1.7577153918766022,3.1527048385107426,2.7577153918766024,1.7577153918766022,0.08268129737747117,5.914419651031494,49.0,281.0,28.0,13.0,1.340111148825728e-22,1.340111148825728e-22,1.0,1.210689553575311e-22,1.210689553575311e-22,0.9034247305801295,0.9034247305801295,0.9034247305801295,0.0,6.383978582942583e-23,6.383978582942583e-23,0.0,6.383978582942583e-23,0.4763767981884594,0.5273010379985464,9.136921732189985e-24,9.136921732189985e-24,0.0,9.136921732189985e-24,0.06818032773024991,0.07546874180261622,4.8092247795915294e-23,4.8092247795915294e-23,0.0,4.8092247795915294e-23,0.35886760466142015,0.39723022019883736,10037,138,train_increment
50139,201.5848663190099,89.9526682059907,165.28524835214995,139.9526682059907,89.9526682059907,50.0,0.913885825160163,0.4615235884594786,0.6435982751463138,0.4615235884594786,0.4615235884594786,4.031697326380198,1.799053364119814,3.305704967042999,2.7990533641198145,1.799053364119814,0.012193131153297062,5.952139616012573,49.0,281.0,28.0,13.0,1.3524901064865726e-22,1.3524901064865726e-22,1.0,1.1197684061470534e-22,1.1197684061470534e-22,0.8279309406971772,0.8279309406971772,0.8279309406971772,0.0,4.4586714875559315e-23,4.4586714875559315e-23,0.0,4.4586714875559315e-23,0.3296638893084721,0.39817800386934626,1.5213618821940742e-23,1.5213618821940742e-23,0.0,1.5213618821940742e-23,0.1124859897235173,0.1358639763224648,5.2176506917205283e-23,5.2176506917205283e-23,0.0,5.2176506917205283e-23,0.3857810616651878,0.4659580198081889,10037,139,train_increment
50140,140.90117887591987,125.53203562295894,149.62945660301753,175.53203562295894,125.53203562295894,50.0,0.462034094385107,0.9107580255424109,0.5270249933210538,0.9107580255424109,0.9107580255424109,2.8180235775183977,2.510640712459179,2.9925891320603504,3.5106407124591787,2.510640712459179,0.08182260401478811,5.923170328140259,49.0,281.0,28.0,13.0,1.340251273009057e-22,1.340251273009057e-22,1.0,8.271515926128884e-23,8.271515926128884e-23,0.6171615795266615,0.6171615795266615,0.6171615795266615,0.0,1.77113005296361e-23,1.77113005296361e-23,0.0,1.77113005296361e-23,0.13214910432333843,0.2141239971948538,2.3634530891376306e-23,2.3634530891376306e-23,0.0,2.3634530891376306e-23,0.1763440286709326,0.2857339706826557,4.136932784027644e-23,4.136932784027644e-23,0.0,4.136932784027644e-23,0.3086684465323905,0.5001420321224904,10037,140,train_increment
50141,146.67600907741513,114.23802229138522,157.43556144919413,164.23802229138522,114.23802229138522,50.0,0.5050335746642973,0.7681568471134498,0.5851493778793307,0.7681568471134498,0.7681568471134498,2.9335201815483027,2.2847604458277044,3.1487112289838826,3.2847604458277044,2.2847604458277044,0.029424441698347216,5.928960800170898,49.0,281.0,28.0,13.0,1.3517040890494573e-22,1.3517040890494573e-22,1.0,7.985115168854262e-23,7.985115168854262e-23,0.5907443229286625,0.5907443229286625,0.5907443229286625,0.0,1.0027733355577232e-23,1.0027733355577232e-23,0.0,1.0027733355577232e-23,0.07418586240002362,0.12558032218107698,1.615706053196052e-23,1.615706053196052e-23,0.0,1.615706053196052e-23,0.11953104723773127,0.2023397307402744,5.366635780100487e-23,5.366635780100487e-23,0.0,5.366635780100487e-23,0.3970274132909076,0.6720799470786486,10037,141,train_increment
50142,84.79562310984655,79.80191114141104,174.37343905530523,129.80191114141104,79.80191114141104,50.0,0.044271207072572975,0.333357463906705,0.7112690919978051,0.333357463906705,0.333357463906705,1.695912462196931,1.5960382228282208,3.4874687811061045,2.596038222828221,1.5960382228282208,0.08234101796434526,5.963788270950317,49.0,281.0,28.0,13.0,1.334466878298534e-22,1.334466878298534e-22,1.0,1.0330735054512327e-22,1.0330735054512327e-22,0.7741469812787091,0.7741469812787091,0.7741469812787091,0.0,3.8802966610187504e-23,3.8802966610187504e-23,0.0,3.8802966610187504e-23,0.2907750446355168,0.3756070251093981,6.010533194266117e-23,6.010533194266117e-23,0.0,6.010533194266117e-23,0.45040707206833336,0.581810796864914,4.3990519922745896e-24,4.3990519922745896e-24,0.0,4.3990519922745896e-24,0.03296486457485891,0.04258217802568794,10037,142,train_increment
50143,136.377710097163,73.99021677308232,136.41405565228467,123.99021677308232,73.99021677308232,50.0,0.4283522717584736,0.2599774845086152,0.4286229013572947,0.2599774845086152,0.2599774845086152,2.7275542019432604,1.4798043354616464,2.728281113045693,2.4798043354616466,1.4798043354616464,0.03122160785118293,5.919113397598267,49.0,281.0,28.0,13.0,1.3457180650475747e-22,1.3457180650475747e-22,1.0,1.169401449156768e-22,1.169401449156768e-22,0.868979528126812,0.868979528126812,0.868979528126812,0.0,4.2466443938401246e-23,4.2466443938401246e-23,0.0,4.2466443938401246e-23,0.31556716849825406,0.36314683865855435,5.788977631072229e-23,5.788977631072229e-23,0.0,5.788977631072229e-23,0.430177596736622,0.4950376652300666,1.6583924666553264e-23,1.6583924666553264e-23,0.0,1.6583924666553264e-23,0.1232347628919359,0.14181549611137903,10037,143,train_increment
50144,96.64584563748893,101.61631055336325,182.57484448121318,151.61631055336323,101.61631055336325,50.0,0.13250815813469052,0.6087917999162027,0.7723368911482739,0.6087917999162025,0.6087917999162027,1.932916912749779,2.032326211067265,3.6514968896242634,3.032326211067265,2.032326211067265,0.04533410582015194,5.9153571128845215,49.0,281.0,28.0,13.0,1.3471417524722923e-22,1.3471417524722923e-22,1.0,1.2164685572257368e-22,1.2164685572257368e-22,0.9029996694804074,0.9029996694804074,0.9029996694804074,0.0,5.453574759757369e-23,5.453574759757369e-23,0.0,5.453574759757369e-23,0.4048256057500183,0.4483120198515221,4.9829873127920764e-24,4.9829873127920764e-24,0.0,4.9829873127920764e-24,0.03698933169911208,0.04096273005326349,6.21281208122079e-23,6.21281208122079e-23,0.0,6.21281208122079e-23,0.461184732031277,0.5107252500952144,10037,144,train_increment
50145,165.50502598477388,72.74959602283334,123.04587674153154,122.74959602283334,72.74959602283334,50.0,0.6452347429990609,0.24431308109638059,0.3290832222005327,0.24431308109638059,0.24431308109638059,3.3101005196954776,1.454991920456667,2.4609175348306307,2.454991920456667,1.454991920456667,0.03661679827201884,5.936280727386475,49.0,281.0,28.0,13.0,1.3473234520866234e-22,1.3473234520866234e-22,1.0,1.1985844201428243e-22,1.1985844201428243e-22,0.8896040652202377,0.8896040652202377,0.8896040652202377,0.0,9.966222718093664e-24,9.966222718093664e-24,0.0,9.966222718093664e-24,0.07397052803214255,0.08314994380542742,9.064835084677944e-23,9.064835084677944e-23,0.0,9.064835084677944e-23,0.6728031840193293,0.7562950871326837,1.9243868449409328e-23,1.9243868449409328e-23,0.0,1.9243868449409328e-23,0.1428303531687659,0.16055496906188896,10037,145,train_increment
50146,176.95518566851428,55.50658526205192,90.14412253300159,105.50658526205191,55.50658526205192,50.0,0.7304928195719603,0.02659829876328176,0.08409622139241696,0.026598298763281673,0.02659829876328176,3.5391037133702854,1.1101317052410384,1.8028824506600318,2.1101317052410384,1.1101317052410384,0.01592942179756543,5.903624534606934,49.0,281.0,28.0,13.0,1.348677460761161e-22,1.348677460761161e-22,1.0,8.430368590879101e-23,8.430368590879101e-23,0.6250841165626958,0.6250841165626958,0.6250841165626958,0.0,2.87956312854642e-24,2.87956312854642e-24,0.0,2.87956312854642e-24,0.02135101395496937,0.03415702525346102,6.831899078580088e-23,6.831899078580088e-23,0.0,6.831899078580088e-23,0.5065628571211036,0.8103915036374076,1.3105131994443705e-23,1.3105131994443705e-23,0.0,1.3105131994443705e-23,0.09717024548662277,0.1554514711091313,10037,146,train_increment
50147,135.00696330861302,101.8220193969064,138.35305288375721,151.8220193969064,101.8220193969064,50.0,0.41814566871640374,0.6113891337993232,0.44306070650601054,0.6113891337993232,0.6113891337993232,2.7001392661722603,2.036440387938128,2.767061057675144,3.0364403879381276,2.036440387938128,0.022367159682539578,5.922944068908691,49.0,281.0,28.0,13.0,1.3441434031473017e-22,1.3441434031473017e-22,1.0,1.191841563713972e-22,1.191841563713972e-22,0.8866922687886455,0.8866922687886455,0.8866922687886455,0.0,3.1597997428462264e-23,3.1597997428462264e-23,0.0,3.1597997428462264e-23,0.23507906488605151,0.2651191097078186,4.314807353216668e-24,4.314807353216668e-24,0.0,4.314807353216668e-24,0.03210079626261289,0.03620286021718379,8.327135158971827e-23,8.327135158971827e-23,0.0,8.327135158971827e-23,0.6195124076399812,0.6986780300749976,10037,147,train_increment
50148,110.49277137034228,93.58604614666616,141.67134653621133,143.58604614666615,93.58604614666616,50.0,0.2356125939712754,0.5073995725589162,0.46776877539993544,0.507399572558916,0.5073995725589162,2.2098554274068456,1.8717209229333232,2.833426930724227,2.871720922933323,1.8717209229333232,0.04213274218400799,5.874290704727173,49.0,281.0,28.0,13.0,1.3446516572214496e-22,1.3446516572214496e-22,1.0,1.2500174344311434e-22,1.2500174344311434e-22,0.929621755729766,0.929621755729766,0.929621755729766,0.0,6.865557817731029e-23,6.865557817731029e-23,0.0,6.865557817731029e-23,0.5105826316324799,0.5492369649112454,6.3084300885379984e-24,6.3084300885379984e-24,0.0,6.3084300885379984e-24,0.04691497648969965,0.050466736821225475,5.0037735177266056e-23,5.0037735177266056e-23,0.0,5.0037735177266056e-23,0.37212414760758655,0.40029629826752916,10037,148,train_increment
50149,136.67980460530083,106.50357207450642,190.751301608186,156.50357207450642,106.50357207450642,50.0,0.4306016724147493,0.6704996474053841,0.8332189248561875,0.6704996474053841,0.6704996474053841,2.7335960921060165,2.1300714414901285,3.8150260321637197,3.1300714414901285,2.1300714414901285,0.04419665789507459,5.924832820892334,49.0,281.0,28.0,13.0,1.34656336686334e-22,1.34656336686334e-22,1.0,1.0371494407238228e-22,1.0371494407238228e-22,0.7702195576133485,0.7702195576133485,0.7702195576133485,0.0,3.8690475233223614e-23,3.8690475233223614e-23,0.0,3.8690475233223614e-23,0.2873275494145403,0.3730462912482667,4.977646356765359e-24,4.977646356765359e-24,0.0,4.977646356765359e-24,0.03696555601657423,0.04799353074221857,6.004682248239331e-23,6.004682248239331e-23,0.0,6.004682248239331e-23,0.44592645218223387,0.5789601780095147,10037,149,train_increment
50150,94.75689134571718,78.61955047778102,88.65531905542802,128.61955047778102,78.61955047778102,50.0,0.11844297353475192,0.3184286676487502,0.07301056630996298,0.3184286676487502,0.3184286676487502,1.8951378269143435,1.5723910095556204,1.7731063811085606,2.5723910095556204,1.5723910095556204,0.03785509360534451,5.981155872344971,49.0,281.0,28.0,13.0,1.3469503806240336e-22,1.3469503806240336e-22,1.0,1.1693873073165457e-22,1.1693873073165457e-22,0.8681740056191053,0.8681740056191053,0.8681740056191053,0.0,8.51259656720512e-23,8.51259656720512e-23,0.0,8.51259656720512e-23,0.6319903605700226,0.7279535628567255,2.295631413973124e-23,2.295631413973124e-23,0.0,2.295631413973124e-23,0.17043177291427564,0.19631061493569907,8.856450919872131e-24,8.856450919872131e-24,0.0,8.856450919872131e-24,0.06575187213480717,0.07573582220757547,10037,150,train_increment
50151,100.65543407648872,75.68865806340055,200.50782272325563,125.68865806340055,75.68865806340055,50.0,0.16236361933349755,0.2814224502954615,0.9058661409028713,0.2814224502954615,0.2814224502954615,2.0131086815297747,1.5137731612680112,4.010156454465113,2.5137731612680114,1.5137731612680112,0.01989546826711206,5.948224782943726,49.0,281.0,28.0,13.0,1.3458158551120793e-22,1.3458158551120793e-22,1.0,1.090923906767798e-22,1.090923906767798e-22,0.810604142181804,0.810604142181804,0.810604142181804,0.0,5.622278995788355e-24,5.622278995788355e-24,0.0,5.622278995788355e-24,0.041775990187900805,0.051536857528827175,9.81808032031246e-23,9.81808032031246e-23,0.0,9.81808032031246e-23,0.7295262782808286,0.8999784732375682,5.2893084778668354e-24,5.2893084778668354e-24,0.0,5.2893084778668354e-24,0.03930187371307453,0.04848466923360457,10037,151,train_increment
50152,197.13243302054437,92.74865067829549,152.65615773387952,142.7486506782955,92.74865067829549,50.0,0.8807329338834279,0.4968263974532259,0.5495618595225579,0.4968263974532259,0.4968263974532259,3.9426486604108875,1.8549730135659097,3.0531231546775905,2.85497301356591,1.8549730135659097,0.04430440857987488,5.9223291873931885,49.0,281.0,28.0,13.0,1.3456466988100948e-22,1.3456466988100948e-22,1.0,1.1061829764177416e-22,1.1061829764177416e-22,0.8220456211841474,0.8220456211841474,0.8220456211841474,0.0,4.7159959489065024e-23,4.7159959489065024e-23,0.0,4.7159959489065024e-23,0.35046316043257725,0.4263305483310514,1.5362372221111956e-23,1.5362372221111956e-23,0.0,1.5362372221111956e-23,0.11416348908444043,0.13887731549495907,4.809596593159717e-23,4.809596593159717e-23,0.0,4.809596593159717e-23,0.35741897166712955,0.4347921361739895,10037,152,train_increment
50153,124.71953862484351,74.83546966921517,157.427928798612,124.83546966921517,74.83546966921517,50.0,0.341545336000324,0.2706498695607976,0.585092545038064,0.2706498695607976,0.2706498695607976,2.49439077249687,1.4967093933843034,3.1485585759722396,2.4967093933843034,1.4967093933843034,0.02476785570855171,5.940475702285767,49.0,281.0,28.0,13.0,1.348821362393739e-22,1.348821362393739e-22,1.0,1.0458543882557193e-22,1.0458543882557193e-22,0.7753839147384592,0.7753839147384592,0.7753839147384592,0.0,4.562454103786829e-23,4.562454103786829e-23,0.0,4.562454103786829e-23,0.33825488170575013,0.436241809091236,4.6029109611635487e-23,4.6029109611635487e-23,0.0,4.6029109611635487e-23,0.3412543046467481,0.44011011598280947,1.293178817606816e-23,1.293178817606816e-23,0.0,1.293178817606816e-23,0.09587472838596099,0.1236480749259546,10037,153,train_increment
50154,180.71546349422516,95.6259418400071,94.94909966591989,145.6259418400071,95.6259418400071,50.0,0.7584919098602022,0.533155831313221,0.11987415983559116,0.533155831313221,0.533155831313221,3.6143092698845036,1.912518836800142,1.8989819933183978,2.9125188368001425,1.912518836800142,0.009517778215105197,5.920926094055176,49.0,281.0,28.0,13.0,1.3497454214015726e-22,1.3497454214015726e-22,1.0,1.3047525392292508e-22,1.3047525392292508e-22,0.9666656530491496,0.9666656530491496,0.9666656530491496,0.0,3.940066639689132e-23,3.940066639689132e-23,0.0,3.940066639689132e-23,0.2919118359073799,0.3019780779286029,7.306626204221619e-23,7.306626204221619e-23,0.0,7.306626204221619e-23,0.5413336536185049,0.5600009185295644,1.800832548381757e-23,1.800832548381757e-23,0.0,1.800832548381757e-23,0.13342016352326475,0.13802100354183275,10037,154,train_increment
50155,183.20579003576387,68.66461555533897,127.19100235508836,118.66461555533897,68.66461555533897,50.0,0.7770349220831263,0.1927350448906435,0.35994789542135786,0.1927350448906435,0.1927350448906435,3.6641158007152774,1.3732923111067794,2.543820047101767,2.3732923111067796,1.3732923111067794,0.029773523782198497,5.9198455810546875,49.0,281.0,28.0,13.0,1.3480151913619456e-22,1.3480151913619456e-22,1.0,1.2168830017620636e-22,1.2168830017620636e-22,0.9027220238761592,0.9027220238761592,0.9027220238761592,0.0,4.1609340904372165e-24,4.1609340904372165e-24,0.0,4.1609340904372165e-24,0.030867115720211457,0.03419337836433023,9.764251205682459e-23,9.764251205682459e-23,0.0,9.764251205682459e-23,0.724342816627853,0.8023985207734587,1.988485402894453e-23,1.988485402894453e-23,0.0,1.988485402894453e-23,0.1475120915280946,0.16340810086221094,10037,155,train_increment
50156,211.7872634571585,102.6488804632825,91.59579073441195,152.6488804632825,102.6488804632825,50.0,0.9898530413786932,0.6218292987788194,0.09490536660023793,0.6218292987788194,0.6218292987788194,4.2357452691431705,2.0529776092656498,1.831915814688239,3.05297760926565,2.0529776092656498,0.03638809552536142,5.929497480392456,49.0,281.0,28.0,13.0,1.3455125917280345e-22,1.3455125917280345e-22,1.0,1.259222320459353e-22,1.259222320459353e-22,0.9358681057322107,0.9358681057322107,0.9358681057322107,0.0,1.7498447215439662e-23,1.7498447215439662e-23,0.0,1.7498447215439662e-23,0.1300504159010991,0.13896233358583085,1.0793474108371561e-22,1.0793474108371561e-22,0.0,1.0793474108371561e-22,0.8021830620335972,0.8571539697957545,4.890437467800276e-25,4.890437467800276e-25,0.0,4.890437467800276e-25,0.003634627797514339,0.0038836966184146804,10037,156,train_increment
50157,92.9818021618181,127.03719731214647,197.35722095087658,177.03719731214647,127.03719731214647,50.0,0.10522563039328443,0.9297625923250818,0.8824067084949857,0.9297625923250818,0.9297625923250818,1.859636043236362,2.5407439462429293,3.947144419017532,3.5407439462429298,2.5407439462429293,0.05967316785663819,5.91866135597229,49.0,281.0,28.0,13.0,1.3463118394005697e-22,1.3463118394005697e-22,1.0,4.8364375454205553e-23,4.8364375454205553e-23,0.3592360554129811,0.3592360554129811,0.3592360554129811,0.0,2.217117726218135e-23,2.217117726218135e-23,0.0,2.217117726218135e-23,0.1646808459476433,0.4584195919820038,9.749003657297408e-24,9.749003657297408e-24,0.0,9.749003657297408e-24,0.07241267121024533,0.2015740628456658,1.6444194534726797e-23,1.6444194534726797e-23,0.0,1.6444194534726797e-23,0.12214253825509246,0.3400063451723304,10037,157,train_increment
50158,173.03311780429433,82.22125453509449,193.49463763533709,132.2212545350945,82.22125453509449,50.0,0.7012890380066592,0.36390472897846576,0.8536458498535896,0.36390472897846576,0.36390472897846576,3.4606623560858867,1.6444250907018898,3.8698927527067415,2.64442509070189,1.6444250907018898,0.02323128097323901,5.926707029342651,49.0,281.0,28.0,13.0,1.3488469768037637e-22,1.3488469768037637e-22,1.0,9.146939522300418e-23,9.146939522300418e-23,0.6781302608524996,0.6781302608524996,0.6781302608524996,0.0,3.7654423169064774e-23,3.7654423169064774e-23,0.0,3.7654423169064774e-23,0.27916008128876807,0.41166144235744156,1.2942484837774788e-23,1.2942484837774788e-23,0.0,1.2942484837774788e-23,0.09595221000119214,0.1414952488340035,4.087248721616462e-23,4.087248721616462e-23,0.0,4.087248721616462e-23,0.30301796956253946,0.446843308808555,10037,158,train_increment
50159,190.8803702781393,70.68681705292614,197.445868265605,120.68681705292614,70.68681705292614,50.0,0.8341799722869643,0.21826789208240077,0.883066777852606,0.21826789208240077,0.21826789208240077,3.8176074055627867,1.4137363410585229,3.9489173653121,2.413736341058523,1.4137363410585229,0.062252659430164746,5.869794607162476,49.0,281.0,28.0,13.0,1.3460542355825117e-22,1.3460542355825117e-22,1.0,9.176833806440974e-23,9.176833806440974e-23,0.6817581018546146,0.6817581018546146,0.6817581018546146,0.0,7.3843045233322e-24,7.3843045233322e-24,0.0,7.3843045233322e-24,0.054858892963823305,0.08046680019582958,5.790104465209408e-23,5.790104465209408e-23,0.0,5.790104465209408e-23,0.43015387583574677,0.6309479486427539,2.648298888898346e-23,2.648298888898346e-23,0.0,2.648298888898346e-23,0.1967453330550445,0.2885852511614165,10037,159,train_increment
50160,93.45641929889798,85.49482299355662,130.6602878893329,135.49482299355662,85.49482299355662,50.0,0.10875963737079664,0.4052376640600584,0.3857802523405279,0.4052376640600584,0.4052376640600584,1.8691283859779597,1.7098964598711326,2.613205757786658,2.7098964598711324,1.7098964598711326,0.02821281698665708,5.95382022857666,49.0,281.0,28.0,13.0,1.3390438517593433e-22,1.3390438517593433e-22,1.0,1.1600662522455464e-22,1.1600662522455464e-22,0.8663392544772587,0.8663392544772587,0.8663392544772587,0.0,9.246192389060689e-23,9.246192389060689e-23,0.0,9.246192389060689e-23,0.690507064194522,0.7970400286330876,7.11481788972172e-24,7.11481788972172e-24,0.0,7.11481788972172e-24,0.053133569004283926,0.06133113411367264,1.642988344422602e-23,1.642988344422602e-23,0.0,1.642988344422602e-23,0.12269862127845269,0.14162883725323971,10037,160,train_increment
50161,78.89873762177179,122.4187916074849,79.80225740656844,172.4187916074849,122.4187916074849,50.0,0.0003629011300952517,0.8714493889833953,0.007090524248462021,0.8714493889833953,0.8714493889833953,1.5779747524354357,2.448375832149698,1.5960451481313689,3.448375832149698,2.448375832149698,0.027974064182751727,5.932267904281616,49.0,281.0,28.0,13.0,1.3504040117422403e-22,1.3504040117422403e-22,1.0,9.888835162419762e-23,9.888835162419762e-23,0.7322871582454469,0.7322871582454469,0.7322871582454469,0.0,1.1815764400799636e-23,1.1815764400799636e-23,0.0,1.1815764400799636e-23,0.0874979954003201,0.11948590715418864,1.7674121232355336e-24,1.7674121232355336e-24,0.0,1.7674121232355336e-24,0.013088024827142546,0.017872803967368935,8.530517510016245e-23,8.530517510016245e-23,0.0,8.530517510016245e-23,0.6317011380179842,0.8626412888784425,10037,161,train_increment
50162,167.0091846579482,124.49001855840658,173.18397932617103,174.49001855840658,124.49001855840658,50.0,0.6564347331194951,0.8976012444243255,0.7024123553698512,0.8976012444243255,0.8976012444243255,3.340183693158964,2.4898003711681316,3.4636795865234205,3.4898003711681316,2.4898003711681316,0.07644488132134848,5.89876651763916,49.0,281.0,28.0,13.0,1.3426920398321953e-22,1.3426920398321953e-22,1.0,9.121085145936443e-23,9.121085145936443e-23,0.6793132658384095,0.6793132658384095,0.6793132658384095,0.0,1.1988073994079235e-23,1.1988073994079235e-23,0.0,1.1988073994079235e-23,0.08928386881311563,0.1314325412192876,5.396095762770203e-23,5.396095762770203e-23,0.0,5.396095762770203e-23,0.4018863300511253,0.591606774460847,2.526181983758316e-23,2.526181983758316e-23,0.0,2.526181983758316e-23,0.18814306697416847,0.2769606843198653,10037,162,train_increment
50163,108.36373031572836,59.997569468991486,163.1773231077592,109.99756946899149,59.997569468991486,50.0,0.21975971940229608,0.0833026448104985,0.6279026292461594,0.0833026448104985,0.0833026448104985,2.1672746063145674,1.1999513893798297,3.263546462155184,2.1999513893798297,1.1999513893798297,0.02778136498404491,5.979522705078125,49.0,281.0,28.0,13.0,1.3474574543583357e-22,1.3474574543583357e-22,1.0,1.2541887807027418e-22,1.2541887807027418e-22,0.9307817301734334,0.9307817301734334,0.9307817301734334,0.0,2.270667637312343e-24,2.270667637312343e-24,0.0,2.270667637312343e-24,0.016851497833700758,0.018104671898277164,1.2138845193553481e-22,1.2138845193553481e-22,0.0,1.2138845193553481e-22,0.9008703877284233,0.9678642785141082,1.759758497427022e-24,1.759758497427022e-24,0.0,1.759758497427022e-24,0.013059844611309272,0.014031049587614725,10037,163,train_increment
50164,115.99032604698289,65.85312005707578,95.95198470543502,115.85312005707578,65.85312005707578,50.0,0.27654747615028213,0.15723636435701743,0.12734165826831742,0.15723636435701743,0.15723636435701743,2.319806520939658,1.3170624011415157,1.9190396941087005,2.3170624011415155,1.3170624011415157,0.031064646152148143,5.931674242019653,49.0,281.0,28.0,13.0,1.3497520534509209e-22,1.3497520534509209e-22,1.0,1.2764449709098863e-22,1.2764449709098863e-22,0.9456884823004271,0.9456884823004271,0.9456884823004271,0.0,9.799609835690464e-24,9.799609835690464e-24,0.0,9.799609835690464e-24,0.07260303705881188,0.076772677702706,1.1482626520196365e-22,1.1482626520196365e-22,0.0,1.1482626520196365e-22,0.8507211743696667,0.8995786564939985,3.0186220533344934e-24,3.0186220533344934e-24,0.0,3.0186220533344934e-24,0.022364270871948373,0.023648665803295332,10037,164,train_increment
50165,199.1654306424817,84.05599349715698,195.88835445905357,134.05599349715698,84.05599349715698,50.0,0.8958706674793873,0.3870706249641032,0.8714695045350228,0.3870706249641032,0.3870706249641032,3.9833086128496342,1.6811198699431396,3.9177670891810714,2.6811198699431396,1.6811198699431396,0.017315273417370783,5.926241397857666,49.0,281.0,28.0,13.0,1.3497962620144995e-22,1.3497962620144995e-22,1.0,9.799939043712567e-23,9.799939043712567e-23,0.7260309810820395,0.7260309810820395,0.7260309810820395,0.0,3.5350235424566375e-23,3.5350235424566375e-23,0.0,3.5350235424566375e-23,0.2618931198683868,0.3607189316881143,1.2303235016112994e-23,1.2303235016112994e-23,0.0,1.2303235016112994e-23,0.09114883010381927,0.1255439953374658,5.0345919996446304e-23,5.0345919996446304e-23,0.0,5.0345919996446304e-23,0.37298903110983345,0.51373707297442,10037,165,train_increment
50166,134.31409322458126,78.4205786634327,102.75655545013096,128.4205786634327,78.4205786634327,50.0,0.41298654672063484,0.3159163972655645,0.17800860350060285,0.3159163972655645,0.3159163972655645,2.686281864491625,1.568411573268654,2.055131109002619,2.568411573268654,1.568411573268654,0.06504027536049714,5.9024083614349365,49.0,281.0,28.0,13.0,1.3422826136956527e-22,1.3422826136956527e-22,1.0,1.10405788407935e-22,1.10405788407935e-22,0.8225226735520264,0.8225226735520264,0.8225226735520264,0.0,4.803404747315287e-23,4.803404747315287e-23,0.0,4.803404747315287e-23,0.3578534578564097,0.4350681985592397,3.6866553522645646e-23,3.6866553522645646e-23,0.0,3.6866553522645646e-23,0.2746556734512298,0.3339186654455882,2.5505187412136478e-23,2.5505187412136478e-23,0.0,2.5505187412136478e-23,0.19001354224438677,0.23101313599517206,10037,166,train_increment
50167,182.72407840244608,96.88445327647162,129.41913228369216,146.88445327647162,96.88445327647162,50.0,0.7734480893704101,0.549046127228177,0.3765385873692641,0.549046127228177,0.549046127228177,3.6544815680489218,1.9376890655294325,2.588382645673843,2.9376890655294323,1.9376890655294325,0.03491344077271325,5.91271448135376,49.0,281.0,28.0,13.0,1.3464449479546271e-22,1.3464449479546271e-22,1.0,1.09287013545721e-22,1.09287013545721e-22,0.8116708649079041,0.8116708649079041,0.8116708649079041,0.0,4.347649843193311e-23,4.347649843193311e-23,0.0,4.347649843193311e-23,0.32289844822826125,0.397819439120682,1.8797980772993645e-23,1.8797980772993645e-23,0.0,1.8797980772993645e-23,0.13961195221200462,0.1720056222885931,4.7012534340794253e-23,4.7012534340794253e-23,0.0,4.7012534340794253e-23,0.3491604644676382,0.43017493859072486,10037,167,train_increment
50168,115.74123292861677,57.46952670852625,105.3034108058011,107.46952670852625,57.46952670852625,50.0,0.27469272471047484,0.05138291298644252,0.1969725301995614,0.05138291298644243,0.05138291298644252,2.314824658572335,1.149390534170525,2.106068216116022,2.149390534170525,1.149390534170525,0.029467189188525478,5.927066802978516,49.0,281.0,28.0,13.0,1.3498005689806946e-22,1.3498005689806946e-22,1.0,1.0973098229422236e-22,1.0973098229422236e-22,0.8129421843190212,0.8129421843190212,0.8129421843190212,0.0,2.580336054448339e-23,2.580336054448339e-23,0.0,2.580336054448339e-23,0.19116424409250962,0.2351510941121139,7.909904471088659e-23,7.909904471088659e-23,0.0,7.909904471088659e-23,0.5860054183457519,0.7208451346840024,4.828577038852378e-24,4.828577038852378e-24,0.0,4.828577038852378e-24,0.035772521880759696,0.04400377120388374,10037,168,train_increment
50169,163.0943465657547,90.55316623989032,207.415727752584,140.55316623989032,90.55316623989032,50.0,0.6272847845551356,0.46910563434204944,0.9573025149112732,0.46910563434204944,0.46910563434204944,3.2618869313150944,1.8110633247978065,4.14831455505168,2.8110633247978063,1.8110633247978065,0.06620467224702889,5.910445690155029,49.0,281.0,28.0,13.0,1.3431674396961556e-22,1.3431674396961556e-22,1.0,9.866384576893785e-23,9.866384576893785e-23,0.7345610297942978,0.7345610297942978,0.7345610297942978,0.0,4.83450990963138e-23,4.83450990963138e-23,0.0,4.83450990963138e-23,0.35993352479755003,0.48999812159698114,2.477943077238807e-24,2.477943077238807e-24,0.0,2.477943077238807e-24,0.01844850466148401,0.025115005987521855,4.7840803595385245e-23,4.7840803595385245e-23,0.0,4.7840803595385245e-23,0.3561790003352638,0.48488687241549705,10037,169,train_increment
50170,161.0798175604179,76.88956925088745,198.71737123771794,126.88956925088745,76.88956925088745,50.0,0.6122845685809225,0.29658547033948796,0.8925344098117494,0.29658547033948796,0.29658547033948796,3.221596351208358,1.5377913850177491,3.9743474247543586,2.537791385017749,1.5377913850177491,0.07749069958392142,5.924121856689453,49.0,281.0,28.0,13.0,1.3437355228889362e-22,1.3437355228889362e-22,1.0,7.478325774152043e-23,7.478325774152043e-23,0.5565325651341101,0.5565325651341101,0.5565325651341101,0.0,1.4070142039602816e-23,1.4070142039602816e-23,0.0,1.4070142039602816e-23,0.10470916188442357,0.1881456152690568,3.696515798475656e-23,3.696515798475656e-23,0.0,3.696515798475656e-23,0.2750925115478386,0.4942972411354731,2.3747957717161057e-23,2.3747957717161057e-23,0.0,2.3747957717161057e-23,0.17673089170184791,0.3175571435954701,10037,170,train_increment
50171,160.54766710871672,90.44226304673265,178.65048964304407,140.44226304673265,90.44226304673265,50.0,0.6083221676002735,0.4677053414991496,0.7431160807374837,0.4677053414991496,0.4677053414991496,3.2109533421743346,1.808845260934653,3.5730097928608813,2.808845260934653,1.808845260934653,0.030916746344640974,5.941040277481079,49.0,281.0,28.0,13.0,1.3501977717760626e-22,1.3501977717760626e-22,1.0,1.1620963279077085e-22,1.1620963279077085e-22,0.8606860063019333,0.8606860063019333,0.8606860063019333,0.0,5.723237693820659e-23,5.723237693820659e-23,0.0,5.723237693820659e-23,0.4238814352576111,0.4924925375269913,3.4883452679011845e-24,3.4883452679011845e-24,0.0,3.4883452679011845e-24,0.025835809692624383,0.03001769461040946,5.548891058466308e-23,5.548891058466308e-23,0.0,5.548891058466308e-23,0.4109687613516978,0.4774897678625993,10037,171,train_increment
50172,151.50921028499567,64.78090395395276,135.21143479617547,114.78090395395276,64.78090395395276,50.0,0.5410216700297519,0.14369828224687822,0.4196681667622894,0.14369828224687822,0.14369828224687822,3.0301842056999133,1.2956180790790552,2.704228695923509,2.2956180790790555,1.2956180790790552,0.014984949726713695,5.933977842330933,49.0,281.0,28.0,13.0,1.3511857372717672e-22,1.3511857372717672e-22,1.0,1.1682203008781904e-22,1.1682203008781904e-22,0.8645889818501122,0.8645889818501122,0.8645889818501122,0.0,1.0761183566715252e-23,1.0761183566715252e-23,0.0,1.0761183566715252e-23,0.07964251893632023,0.09211604659348677,9.920017510190497e-23,9.920017510190497e-23,0.0,9.920017510190497e-23,0.7341712716876659,0.8491564050661752,6.860671419198827e-24,6.860671419198827e-24,0.0,6.860671419198827e-24,0.050775191226126185,0.05872754834033812,10037,172,train_increment
50173,101.41810081348046,107.7473207281703,110.50149908891326,157.74732072817028,107.7473207281703,50.0,0.16804244835056192,0.6862035445476048,0.23567758070672573,0.6862035445476046,0.6862035445476048,2.0283620162696097,2.154946414563406,2.210029981778265,3.1549464145634056,2.154946414563406,0.022470120979011,5.95014762878418,49.0,281.0,28.0,13.0,1.3468734829280144e-22,1.3468734829280144e-22,1.0,1.1753598783032958e-22,1.1753598783032958e-22,0.8726579691420909,0.8726579691420909,0.8726579691420909,0.0,1.1495247766039474e-23,1.1495247766039474e-23,0.0,1.1495247766039474e-23,0.0853476433513975,0.09780194116063899,3.0426594108519946e-24,3.0426594108519946e-24,0.0,3.0426594108519946e-24,0.022590536152196368,0.025887045040573108,1.0299808065343812e-22,1.0299808065343812e-22,0.0,1.0299808065343812e-22,0.7647197896384972,0.876311013798788,10037,173,train_increment
50174,96.03665524756497,66.97567979001606,167.33557918675777,116.97567979001606,66.97567979001606,50.0,0.12797211651202509,0.1714100983587886,0.658865072127757,0.1714100983587886,0.1714100983587886,1.9207331049512992,1.339513595800321,3.3467115837351553,2.3395135958003213,1.339513595800321,0.01743017203495768,5.936167240142822,49.0,281.0,28.0,13.0,1.3463088104506581e-22,1.3463088104506581e-22,1.0,1.2762559029354391e-22,1.2762559029354391e-22,0.9479666871586692,0.9479666871586692,0.9479666871586692,0.0,6.182532245014986e-24,6.182532245014986e-24,0.0,6.182532245014986e-24,0.04592209600816227,0.04844273182827141,1.1980476683021344e-22,1.1980476683021344e-22,0.0,1.1980476683021344e-22,0.8898758286377882,0.9387205697122163,1.6382912183154858e-24,1.6382912183154858e-24,0.0,1.6382912183154858e-24,0.012168762512718688,0.012836698459512321,10037,174,train_increment
50175,132.21735253544506,129.96463509524557,185.72317252905694,179.96463509524557,129.96463509524557,50.0,0.3973741812021226,0.9667251905965351,0.7957793933660233,0.9667251905965351,0.9667251905965351,2.6443470507089013,2.5992927019049117,3.7144634505811385,3.5992927019049117,2.5992927019049117,0.1099987686564217,5.939775228500366,49.0,281.0,28.0,13.0,1.3217520811263194e-22,1.3217520811263194e-22,1.0,2.730356080814422e-23,2.730356080814422e-23,0.20657096892843724,0.20657096892843724,0.20657096892843724,0.0,1.881104096985948e-24,1.881104096985948e-24,0.0,1.881104096985948e-24,0.014231898128603525,0.06889592570742072,1.183239519576635e-23,1.183239519576635e-23,0.0,1.183239519576635e-23,0.08952053387866413,0.43336454460683144,1.359006151539192e-23,1.359006151539192e-23,0.0,1.359006151539192e-23,0.10281853692116957,0.4977395296857478,10037,175,train_increment
50176,185.60181732058126,129.8610596259463,152.3598831517672,179.8610596259463,129.8610596259463,50.0,0.7948757804957651,0.965417419519524,0.5473557941308057,0.965417419519524,0.965417419519524,3.712036346411625,2.597221192518926,3.047197663035344,3.597221192518926,2.597221192518926,0.01429387226253228,5.928564071655273,49.0,281.0,28.0,13.0,1.351331237356418e-22,1.351331237356418e-22,1.0,1.0534806720096399e-22,1.0534806720096399e-22,0.7795873009422493,0.7795873009422493,0.7795873009422493,0.0,5.991383584831577e-24,5.991383584831577e-24,0.0,5.991383584831577e-24,0.04433689845394531,0.05687226869955097,8.960263779022047e-23,8.960263779022047e-23,0.0,8.960263779022047e-23,0.6630693890086364,0.850538981596053,9.754045825911937e-24,9.754045825911937e-24,0.0,9.754045825911937e-24,0.0721810134796675,0.09258874970439593,10037,176,train_increment
50177,90.01120185091996,73.18880685179508,94.35552567832877,123.18880685179508,73.18880685179508,50.0,0.08310649181623206,0.24985867237114995,0.11545439820051213,0.24985867237114995,0.24985867237114995,1.8002240370183993,1.4637761370359015,1.8871105135665756,2.4637761370359015,1.4637761370359015,0.026227630374432088,5.932521104812622,49.0,281.0,28.0,13.0,1.3494675820813345e-22,1.3494675820813345e-22,1.0,1.268351584770388e-22,1.268351584770388e-22,0.9398903698110048,0.9398903698110048,0.9398903698110048,0.0,5.788693262851846e-23,5.788693262851846e-23,0.0,5.788693262851846e-23,0.4289612688526928,0.4563950037480959,6.602593884724006e-23,6.602593884724006e-23,0.0,6.602593884724006e-23,0.4892739901569609,0.5205649572251124,2.9222870012802764e-24,2.9222870012802764e-24,0.0,2.9222870012802764e-24,0.021655110801351178,0.02304003902679164,10037,177,train_increment
50178,185.80571219353166,59.29044550439833,108.34745670055749,109.29044550439832,59.29044550439833,50.0,0.7963939850598039,0.07437431192422125,0.21963854579715184,0.07437431192422116,0.07437431192422125,3.7161142438706336,1.1858089100879665,2.1669491340111495,2.1858089100879665,1.1858089100879665,0.03283812223593712,5.931486368179321,49.0,281.0,28.0,13.0,1.3488440702014282e-22,1.3488440702014282e-22,1.0,8.218867824791434e-23,8.218867824791434e-23,0.6093267566179149,0.6093267566179149,0.6093267566179149,0.0,3.0375716713964632e-24,3.0375716713964632e-24,0.0,3.0375716713964632e-24,0.022519813360953208,0.03695851711149213,5.742566731590821e-23,5.742566731590821e-23,0.0,5.742566731590821e-23,0.42573985076964904,0.6987053270608531,2.1725439260609665e-23,2.1725439260609665e-23,0.0,2.1725439260609665e-23,0.16106709248731263,0.2643361558276548,10037,178,train_increment
50179,163.03300221832677,122.45068213434834,138.11575338704196,172.45068213434834,122.45068213434834,50.0,0.626828013539291,0.871852047150863,0.4412937705662097,0.871852047150863,0.871852047150863,3.2606600443665354,2.449013642686967,2.7623150677408397,3.449013642686967,2.449013642686967,0.038346159862618,5.943143367767334,49.0,281.0,28.0,13.0,1.3472854475472464e-22,1.3472854475472464e-22,1.0,9.796129271334397e-23,9.796129271334397e-23,0.727101245631978,0.727101245631978,0.727101245631978,0.0,2.8577275497173255e-24,2.8577275497173255e-24,0.0,2.8577275497173255e-24,0.02121100287188481,0.029172007336404362,8.511103435222095e-23,8.511103435222095e-23,0.0,8.511103435222095e-23,0.6317223607452072,0.8688231034401959,9.992530811405699e-24,9.992530811405699e-24,0.0,9.992530811405699e-24,0.07416788201488596,0.10200488922339986,10037,179,train_increment
50180,209.4067092143876,72.00502191637437,82.12541213142111,122.00502191637437,72.00502191637437,50.0,0.9721273954906001,0.2349118928835148,0.02438877238586091,0.2349118928835148,0.2349118928835148,4.188134184287753,1.4401004383274876,1.6425082426284223,2.4401004383274874,1.4401004383274876,0.0059763980337826875,5.9811179637908936,49.0,281.0,28.0,13.0,1.3495007038103139e-22,1.3495007038103139e-22,1.0,1.3208064249757434e-22,1.3208064249757434e-22,0.9787371145835254,0.9787371145835254,0.9787371145835254,0.0,3.4240376976699915e-23,3.4240376976699915e-23,0.0,3.4240376976699915e-23,0.25372626246153296,0.2592384192659325,9.039762932634567e-23,9.039762932634567e-23,0.0,9.039762932634567e-23,0.6698598160868539,0.6844123984936387,7.442636194528745e-24,7.442636194528745e-24,0.0,7.442636194528745e-24,0.055151036035138545,0.05634918224042883,10037,180,train_increment
50181,153.15531681613678,56.720220311873064,162.54958021133177,106.72022031187306,56.720220311873064,50.0,0.5532786062258881,0.04192197363476084,0.6232284453561562,0.04192197363476084,0.04192197363476084,3.0631063363227358,1.1344044062374612,3.2509916042266354,2.1344044062374614,1.1344044062374612,0.03782345531015724,5.9484381675720215,49.0,281.0,28.0,13.0,1.3497507608915564e-22,1.3497507608915564e-22,1.0,1.103187347336114e-22,1.103187347336114e-22,0.817326708975086,0.817326708975086,0.817326708975086,0.0,9.763518540009338e-24,9.763518540009338e-24,0.0,9.763518540009338e-24,0.07233571428817126,0.08850281471760421,9.714720972071267e-23,9.714720972071267e-23,0.0,9.714720972071267e-23,0.7197418407569085,0.8806048216134436,3.4080064728893834e-24,3.4080064728893834e-24,0.0,3.4080064728893834e-24,0.025249153930006152,0.030892363668952122,10037,181,train_increment
50182,138.9010002715947,87.18597025087004,96.81870093877751,137.18597025087004,87.18597025087004,50.0,0.44714073173190405,0.42659053347058135,0.13379524153966876,0.42659053347058135,0.42659053347058135,2.7780200054318946,1.743719405017401,1.9363740187755503,2.743719405017401,1.743719405017401,0.025327570240474585,5.9308531284332275,49.0,281.0,28.0,13.0,1.3488512510564743e-22,1.3488512510564743e-22,1.0,1.139811170786718e-22,1.139811170786718e-22,0.845023622800492,0.845023622800492,0.845023622800492,0.0,6.062162497120829e-23,6.062162497120829e-23,0.0,6.062162497120829e-23,0.449431506429838,0.5318567366677602,9.274957675492916e-24,9.274957675492916e-24,0.0,9.274957675492916e-24,0.06876190141965911,0.08137275641096915,4.4084534431970585e-23,4.4084534431970585e-23,0.0,4.4084534431970585e-23,0.32683021495099485,0.38677050692127063,10037,182,train_increment
50183,116.1859476213146,113.98653132485947,143.90222316201147,163.98653132485947,113.98653132485947,50.0,0.27800407759727924,0.764981456121963,0.48437991930015983,0.764981456121963,0.764981456121963,2.323718952426292,2.2797306264971895,2.8780444632402293,3.2797306264971895,2.2797306264971895,0.05121483071924809,5.93065619468689,49.0,281.0,28.0,13.0,1.3461822445915316e-22,1.3461822445915316e-22,1.0,9.249212908751135e-23,9.249212908751135e-23,0.687069893092937,0.687069893092937,0.687069893092937,0.0,1.5484617738005374e-23,1.5484617738005374e-23,0.0,1.5484617738005374e-23,0.11502616232101494,0.16741551838810648,1.1725215429340767e-23,1.1725215429340767e-23,0.0,1.1725215429340767e-23,0.0870997628771914,0.12676987269097206,6.528229592016522e-23,6.528229592016522e-23,0.0,6.528229592016522e-23,0.48494396789473065,0.7058146089209215,10037,183,train_increment
50184,161.32558173471074,94.12718330918693,213.13778846512167,144.12718330918693,94.12718330918693,50.0,0.6141145326486279,0.514232112489734,0.999909072711256,0.514232112489734,0.514232112489734,3.226511634694215,1.8825436661837387,4.262755769302433,2.8825436661837385,1.8825436661837387,0.05527126992207693,5.93290901184082,49.0,281.0,28.0,13.0,1.3443848674119947e-22,1.3443848674119947e-22,1.0,1.0446959869395133e-22,1.0446959869395133e-22,0.7770810370326491,0.7770810370326491,0.7770810370326491,0.0,5.284100878909753e-23,5.284100878909753e-23,0.0,5.284100878909753e-23,0.3930497141850384,0.5058027354340451,1.5958859360235189e-24,1.5958859360235189e-24,0.0,1.5958859360235189e-24,0.011870752004934983,0.015276079892857087,5.003270396883028e-23,5.003270396883028e-23,0.0,5.003270396883028e-23,0.3721605708426757,0.4789211846730978,10037,184,train_increment
50185,165.31289287529862,80.16045388771471,108.62601302740529,130.1604538877147,80.16045388771471,50.0,0.6438041167185302,0.3378845187842766,0.22171268076995754,0.3378845187842766,0.3378845187842766,3.3062578575059725,1.6032090777542942,2.1725202605481058,2.603209077754294,1.6032090777542942,0.027121271425324927,5.925342559814453,49.0,281.0,28.0,13.0,1.3526229679300056e-22,1.3526229679300056e-22,1.0,1.2008334839981439e-22,1.2008334839981439e-22,0.8877813791938239,0.8877813791938239,0.8877813791938239,0.0,3.104707004318437e-23,3.104707004318437e-23,0.0,3.104707004318437e-23,0.2295323292543038,0.258546005394636,5.734617735905832e-23,5.734617735905832e-23,0.0,5.734617735905832e-23,0.42396276507723635,0.47755311725757105,3.1690100997571714e-23,3.1690100997571714e-23,0.0,3.1690100997571714e-23,0.23428628486228387,0.263900877347793,10037,185,train_increment
50186,85.98668272707363,64.66783876963146,156.95554108522276,114.66783876963146,64.66783876963146,50.0,0.05313985649347456,0.1422706915357507,0.5815751383858732,0.1422706915357507,0.1422706915357507,1.7197336545414725,1.2933567753926292,3.139110821704455,2.2933567753926294,1.2933567753926292,0.021309525108789834,5.904805660247803,49.0,281.0,28.0,13.0,1.349266325775206e-22,1.349266325775206e-22,1.0,1.2819805721514542e-22,1.2819805721514542e-22,0.9501315994193411,0.9501315994193411,0.9501315994193411,0.0,4.713859820550614e-24,4.713859820550614e-24,0.0,4.713859820550614e-24,0.03493646680793222,0.03677013461007204,1.2247499777359166e-22,1.2247499777359166e-22,0.0,1.2247499777359166e-22,0.9077155149723686,0.9553576741654582,1.0091996210031432e-24,1.0091996210031432e-24,0.0,1.0091996210031432e-24,0.007479617639040379,0.007872191224469785,10037,186,train_increment
50187,91.65402759545654,91.96710937376031,85.54027444993858,141.9671093737603,91.96710937376031,50.0,0.09533899922156772,0.4869584516888928,0.049815893149207625,0.4869584516888928,0.4869584516888928,1.8330805519091307,1.8393421874752063,1.7108054889987716,2.8393421874752063,1.8393421874752063,0.15064240066422757,5.9229137897491455,49.0,281.0,28.0,13.0,1.3119280302595305e-22,1.3119280302595305e-22,1.0,1.1135195282022293e-22,1.1135195282022293e-22,0.848765711623639,0.848765711623639,0.848765711623639,0.0,5.550497409680255e-23,5.550497409680255e-23,0.0,5.550497409680255e-23,0.4230794130210203,0.4984643079085915,7.347192118530298e-24,7.347192118530298e-24,0.0,7.347192118530298e-24,0.05600301197221046,0.06598170873924677,4.849978660489008e-23,4.849978660489008e-23,0.0,4.849978660489008e-23,0.36968328663040817,0.4355539833521617,10037,187,train_increment
50188,179.96850104250592,130.20069918490466,129.06179185069234,180.20069918490466,130.20069918490466,50.0,0.7529300152085325,0.9697057977892004,0.37387782465146946,0.9697057977892004,0.9697057977892004,3.5993700208501185,2.6040139836980933,2.581235837013847,3.6040139836980933,2.6040139836980933,0.011939466200960381,5.92359471321106,49.0,281.0,28.0,13.0,1.3535320224245136e-22,1.3535320224245136e-22,1.0,1.0336803139327699e-22,1.0336803139327699e-22,0.7636910666370423,0.7636910666370423,0.7636910666370423,0.0,4.0595446966234966e-24,4.0595446966234966e-24,0.0,4.0595446966234966e-24,0.02999223239175265,0.039272729120461196,8.122922954841327e-23,8.122922954841327e-23,0.0,8.122922954841327e-23,0.6001278743513688,0.7858254477089363,1.8079257148240226e-23,1.8079257148240226e-23,0.0,1.8079257148240226e-23,0.13357095989392084,0.17490182317060254,10037,188,train_increment
50189,135.2165463317842,127.05752385396332,113.56617758228178,177.05752385396332,127.05752385396332,50.0,0.4197062273401653,0.930019240580345,0.2584972269715695,0.930019240580345,0.930019240580345,2.7043309266356843,2.5411504770792663,2.2713235516456356,3.5411504770792663,2.5411504770792663,0.012124055735188995,5.942747354507446,49.0,281.0,28.0,13.0,1.3462387355185154e-22,1.3462387355185154e-22,1.0,9.923062080668774e-23,9.923062080668774e-23,0.7370952728415455,0.7370952728415455,0.7370952728415455,0.0,1.5740441732518351e-23,1.5740441732518351e-23,0.0,1.5740441732518351e-23,0.11692162257131745,0.15862484386933826,7.88395967567439e-23,7.88395967567439e-23,0.0,7.88395967567439e-23,0.5856286457719414,0.7945087525989802,4.650582317425496e-24,4.650582317425496e-24,0.0,4.650582317425496e-24,0.034545004498286735,0.046866403531681484,10037,189,train_increment
50190,107.23455421929127,58.31766681734909,83.03603533507048,108.31766681734909,58.31766681734909,50.0,0.21135185569092532,0.06209175274430666,0.03116928767736772,0.06209175274430666,0.06209175274430666,2.1446910843858253,1.1663533363469818,1.6607207067014096,2.166353336346982,1.1663533363469818,0.02271148122090522,5.9215004444122314,49.0,281.0,28.0,13.0,1.341310468872678e-22,1.341310468872678e-22,1.0,1.1363156478314688e-22,1.1363156478314688e-22,0.8471682538842034,0.8471682538842034,0.8471682538842034,0.0,1.594813604407419e-23,1.594813604407419e-23,0.0,1.594813604407419e-23,0.11889966129525562,0.14034952413538812,9.162142542231211e-23,9.162142542231211e-23,0.0,9.162142542231211e-23,0.6830739604926557,0.8063025938009508,6.06200331676059e-24,6.06200331676059e-24,0.0,6.06200331676059e-24,0.045194632096292216,0.05334788206366114,10037,190,train_increment
50191,119.78008018155529,112.01440993122533,115.47358586040261,162.01440993122532,112.01440993122533,50.0,0.30476604751716524,0.7400809334750673,0.2726998202561624,0.7400809334750672,0.7400809334750673,2.395601603631106,2.2402881986245067,2.3094717172080523,3.2402881986245062,2.2402881986245067,0.017949489272971048,5.9045915603637695,49.0,281.0,28.0,13.0,1.3499291608824048e-22,1.3499291608824048e-22,1.0,1.1094206641203944e-22,1.1094206641203944e-22,0.8218362090905587,0.8218362090905587,0.8218362090905587,0.0,5.115905904577082e-24,5.115905904577082e-24,0.0,5.115905904577082e-24,0.03789758790922763,0.046113310036759,8.218564120821319e-24,8.218564120821319e-24,0.0,8.218564120821319e-24,0.060881447404611294,0.07407978223785311,9.760759638664103e-23,9.760759638664103e-23,0.0,9.760759638664103e-23,0.7230571737767196,0.8798069077253878,10037,191,train_increment
50192,204.02630079203132,62.406911535498935,208.52259334794425,112.40691153549893,62.406911535498935,50.0,0.9320647862399949,0.11372363049872387,0.9655442542661522,0.11372363049872387,0.11372363049872387,4.0805260158406265,1.2481382307099786,4.170451866958885,2.248138230709979,1.2481382307099786,0.020922919460809406,5.949033975601196,49.0,281.0,28.0,13.0,1.3511414290014865e-22,1.3511414290014865e-22,1.0,1.123611470757492e-22,1.123611470757492e-22,0.8316016714755446,0.8316016714755446,0.8316016714755446,0.0,1.2633237417367807e-24,1.2633237417367807e-24,0.0,1.2633237417367807e-24,0.009350048149070492,0.011243421543971071,9.236993532874296e-23,9.236993532874296e-23,0.0,9.236993532874296e-23,0.6836437203839254,0.822080743501764,1.872788800526947e-23,1.872788800526947e-23,0.0,1.872788800526947e-23,0.13860790294254877,0.166675834954265,10037,192,train_increment
50193,151.40685747058683,120.38512266702581,88.38587259069763,170.38512266702583,120.38512266702581,50.0,0.5402595492969979,0.8457717508462855,0.07100426351971434,0.8457717508462858,0.8457717508462855,3.028137149411737,2.4077024533405162,1.7677174518139527,3.4077024533405162,2.4077024533405162,0.01946124712699616,6.113950252532959,49.0,281.0,28.0,13.0,1.3507880373403664e-22,1.3507880373403664e-22,1.0,1.1847135509281326e-22,1.1847135509281326e-22,0.8770536295692801,0.8770536295692801,0.8770536295692801,0.0,1.2178852178687243e-24,1.2178852178687243e-24,0.0,1.2178852178687243e-24,0.00901610899861594,0.010279997362354843,9.89501243663464e-23,9.89501243663464e-23,0.0,9.89501243663464e-23,0.7325362797939358,0.8352240445703228,1.8303345508598133e-23,1.8303345508598133e-23,0.0,1.8303345508598133e-23,0.13550124077672837,0.15449595806732236,10037,193,train_increment
50194,180.8118156714199,126.01038534075197,100.8577033063417,176.01038534075195,126.01038534075197,50.0,0.759209349749962,0.9167977947064643,0.16386971933240288,0.916797794706464,0.9167977947064643,3.616236313428398,2.5202077068150395,2.0171540661268343,3.520207706815039,2.5202077068150395,0.007545912683223546,6.080500841140747,49.0,281.0,28.0,13.0,1.3446936358436238e-22,1.3446936358436238e-22,1.0,1.109069777209935e-22,1.109069777209935e-22,0.8247750622498745,0.8247750622498745,0.8247750622498745,0.0,2.3917618149766463e-24,2.3917618149766463e-24,0.0,2.3917618149766463e-24,0.017786667172527523,0.021565476439124997,9.697736310285667e-23,9.697736310285667e-23,0.0,9.697736310285667e-23,0.7211855586868732,0.8744027210516971,1.1537852803160175e-23,1.1537852803160175e-23,0.0,1.1537852803160175e-23,0.08580283639047376,0.10403180250917778,10037,194,train_increment
50195,152.09502118365035,112.81944556618268,95.16593548431666,162.81944556618268,112.81944556618268,50.0,0.5453836275774412,0.750245524825539,0.12148872289141226,0.750245524825539,0.750245524825539,3.041900423673007,2.2563889113236537,1.9033187096863333,3.2563889113236537,2.2563889113236537,0.03767232172654263,6.1112658977508545,49.0,281.0,28.0,13.0,1.3523893741339385e-22,1.3523893741339385e-22,1.0,1.1883905983777191e-22,1.1883905983777191e-22,0.8787340547826744,0.8787340547826744,0.8787340547826744,0.0,1.474157241358905e-24,1.474157241358905e-24,0.0,1.474157241358905e-24,0.0109003905942617,0.012404652505424463,7.33631774674816e-23,7.33631774674816e-23,0.0,7.33631774674816e-23,0.5424708214264321,0.6173321933683271,4.400172512893142e-23,4.400172512893142e-23,0.0,4.400172512893142e-23,0.32536284276198074,0.3702631541262486,10037,195,train_increment
50196,124.7299174762662,115.24580322565838,127.93627504522513,165.2458032256584,115.24580322565838,50.0,0.3416226170980357,0.780881353859323,0.3654972080806041,0.7808813538593232,0.780881353859323,2.494598349525324,2.3049160645131677,2.5587255009045027,3.3049160645131677,2.3049160645131677,0.06833616406241123,6.105628252029419,49.0,281.0,28.0,13.0,1.339183419627663e-22,1.339183419627663e-22,1.0,9.647348161461139e-23,9.647348161461139e-23,0.720390352812419,0.720390352812419,0.720390352812419,0.0,4.014271277935298e-24,4.014271277935298e-24,0.0,4.014271277935298e-24,0.02997551507209817,0.041610100628184606,1.6639661749169208e-23,1.6639661749169208e-23,0.0,1.6639661749169208e-23,0.12425229811907006,0.17247912556572487,7.581954858750689e-23,7.581954858750689e-23,0.0,7.581954858750689e-23,0.5661625396212507,0.7859107738060905,10037,196,train_increment
50197,158.772297037543,117.63708329688872,108.96605315824932,167.6370832968887,117.63708329688872,50.0,0.5951027329675578,0.8110742840516253,0.22424462515449983,0.8110742840516251,0.8110742840516253,3.17544594075086,2.3527416659377747,2.179321063164987,3.3527416659377742,2.3527416659377747,0.03405347545133464,6.162344932556152,49.0,281.0,28.0,13.0,1.3459907982465586e-22,1.3459907982465586e-22,1.0,1.138519491755847e-22,1.138519491755847e-22,0.8458597883722627,0.8458597883722627,0.8458597883722627,0.0,2.599331805891034e-24,2.599331805891034e-24,0.0,2.599331805891034e-24,0.01931166104015882,0.022830806364872096,9.066056919373404e-23,9.066056919373404e-23,0.0,9.066056919373404e-23,0.6735600964868322,0.7963023018070208,2.059204817595964e-23,2.059204817595964e-23,0.0,2.059204817595964e-23,0.1529880308452717,0.18086689182810722,10037,197,train_increment
50198,89.24950977084842,118.93670512589982,205.55648209689565,168.93670512589983,118.93670512589982,50.0,0.0774349201105616,0.8274836505795432,0.9434585413022758,0.8274836505795434,0.8274836505795432,1.7849901954169685,2.3787341025179964,4.1111296419379135,3.378734102517997,2.3787341025179964,0.024228298078226646,6.211173057556152,49.0,281.0,28.0,13.0,1.3486784789272515e-22,1.3486784789272515e-22,1.0,1.0084446416570748e-22,1.0084446416570748e-22,0.74772798514528,0.74772798514528,0.74772798514528,0.0,6.179138986883653e-23,6.179138986883653e-23,0.0,6.179138986883653e-23,0.4581624963570698,0.6127395329038687,7.750647218026386e-25,7.750647218026386e-25,0.0,7.750647218026386e-25,0.005746845774681084,0.007685743865216571,3.827800957506832e-23,3.827800957506832e-23,0.0,3.827800957506832e-23,0.2838186430135292,0.3795747232309148,10037,198,train_increment
50199,117.27686436683729,101.48896401597787,148.62664340027123,151.48896401597787,101.48896401597787,50.0,0.2861270615550059,0.6071838890906297,0.5195580297860851,0.6071838890906297,0.6071838890906297,2.3455372873367457,2.0297792803195573,2.972532868005425,3.029779280319558,2.0297792803195573,0.05255642163638756,6.19757866859436,49.0,281.0,28.0,13.0,1.3455728611935878e-22,1.3455728611935878e-22,1.0,1.2183781572734523e-22,1.2183781572734523e-22,0.9054717083047382,0.9054717083047382,0.9054717083047382,0.0,3.936781417192906e-23,3.936781417192906e-23,0.0,3.936781417192906e-23,0.2925728907538156,0.32311654585164534,7.253354361243397e-24,7.253354361243397e-24,0.0,7.253354361243397e-24,0.053905325905646784,0.05953286603130934,7.521664719417278e-23,7.521664719417278e-23,0.0,7.521664719417278e-23,0.5589934916452759,0.6173505881170455,10037,199,train_increment
50200,132.18917473605435,113.194367357356,198.4292380552098,163.194367357356,113.194367357356,50.0,0.3971643688462722,0.7549793858252021,0.890388965414816,0.7549793858252019,0.7549793858252021,2.643783494721087,2.26388734714712,3.9685847611041956,3.2638873471471195,2.26388734714712,0.04852527919701284,6.197521448135376,49.0,281.0,28.0,13.0,1.3468082408132907e-22,1.3468082408132907e-22,1.0,7.982515624734761e-23,7.982515624734761e-23,0.5926987512278955,0.5926987512278955,0.5926987512278955,0.0,2.967368145542958e-23,2.967368145542958e-23,0.0,2.967368145542958e-23,0.22032595700120364,0.37173345910507455,1.1251394058097702e-23,1.1251394058097702e-23,0.0,1.1251394058097702e-23,0.08354117325049464,0.14095047961113832,3.890008073382033e-23,3.890008073382033e-23,0.0,3.890008073382033e-23,0.2888316209761972,0.48731606128378707,10037,200,train_increment
50201,140.8324036055272,55.04696085624877,111.55561091276444,105.04696085624877,55.04696085624877,50.0,0.46152199259513915,0.020794960306171315,0.24352651461477617,0.020794960306171315,0.020794960306171315,2.816648072110544,1.1009392171249754,2.2311122182552885,2.1009392171249752,1.1009392171249754,0.022451270443915854,6.141878128051758,49.0,281.0,28.0,13.0,1.3491513681420646e-22,1.3491513681420646e-22,1.0,8.987148072658177e-23,8.987148072658177e-23,0.6661334142983901,0.6661334142983901,0.6661334142983901,0.0,1.4818042130954382e-23,1.4818042130954382e-23,0.0,1.4818042130954382e-23,0.10983231741713695,0.16488036038969558,7.038998193641948e-23,7.038998193641948e-23,0.0,7.038998193641948e-23,0.5217352448254529,0.7832293556013465,4.663456659207912e-24,4.663456659207912e-24,0.0,4.663456659207912e-24,0.03456585205580026,0.05189028400895787,10037,201,train_increment
50202,146.9952985823785,130.9279172968084,151.6839127362516,180.9279172968084,130.9279172968084,50.0,0.5074110095486113,0.9788878446566718,0.5423225073436456,0.9788878446566718,0.9788878446566718,2.93990597164757,2.6185583459361683,3.0336782547250323,3.6185583459361683,2.6185583459361683,0.09419229457846194,6.348986625671387,49.0,281.0,28.0,13.0,1.3362439446789892e-22,1.3362439446789892e-22,1.0,9.570482560151768e-23,9.570482560151768e-23,0.7162227075574079,0.7162227075574079,0.7162227075574079,0.0,2.779383535582725e-23,2.779383535582725e-23,0.0,2.779383535582725e-23,0.20799971043089938,0.29041205792016506,3.5584867227272074e-23,3.5584867227272074e-23,0.0,3.5584867227272074e-23,0.26630517106530843,0.3718189443804574,3.232612301841837e-23,3.232612301841837e-23,0.0,3.232612301841837e-23,0.24191782606120016,0.3377689976993777,10037,202,train_increment
50203,87.38539244377905,108.41510355520887,205.03189979105775,158.41510355520887,108.41510355520887,50.0,0.06355467195665718,0.6946351458991019,0.9395524928597003,0.6946351458991019,0.6946351458991019,1.747707848875581,2.1683020711041774,4.100637995821155,3.168302071104178,2.1683020711041774,0.043110088994561695,6.381428003311157,49.0,281.0,28.0,13.0,1.346696697435109e-22,1.346696697435109e-22,1.0,1.244238117599478e-22,1.244238117599478e-22,0.923918592782791,0.923918592782791,0.923918592782791,0.0,5.747049500962431e-23,5.747049500962431e-23,0.0,5.747049500962431e-23,0.4267515849640193,0.46189305886643917,2.496920254038442e-24,2.496920254038442e-24,0.0,2.496920254038442e-24,0.018541073567597106,0.020067864974718644,6.445639649628506e-23,6.445639649628506e-23,0.0,6.445639649628506e-23,0.47862593425117467,0.5180390761588423,10037,203,train_increment
50204,196.1030337693654,127.43095432555955,85.35841492388201,177.43095432555955,127.43095432555955,50.0,0.8730680101963172,0.9347342717873681,0.048461764139106585,0.9347342717873681,0.9347342717873681,3.9220606753873084,2.548619086511191,1.7071682984776404,3.5486190865111915,2.548619086511191,0.10268887697984026,6.4214513301849365,49.0,281.0,28.0,13.0,1.3321629946819437e-22,1.3321629946819437e-22,1.0,9.4783154127895e-23,9.4783154127895e-23,0.7114981763213191,0.7114981763213191,0.7114981763213191,0.0,5.3350931309273275e-24,5.3350931309273275e-24,0.0,5.3350931309273275e-24,0.04004835108185159,0.05628735591272323,8.117660386374526e-23,8.117660386374526e-23,0.0,8.117660386374526e-23,0.6093593966189275,0.8564454792695564,8.271457133222407e-24,8.271457133222407e-24,0.0,8.271457133222407e-24,0.06209042862054003,0.08726716481772039,10037,204,train_increment
50205,211.12529565768693,113.83670041412518,126.9093316394352,163.83670041412518,113.83670041412518,50.0,0.9849240182999771,0.7630896516934997,0.3578505706584899,0.7630896516934997,0.7630896516934997,4.222505913153738,2.2767340082825034,2.538186632788704,3.276734008282504,2.2767340082825034,0.02794070604533883,6.332594156265259,49.0,281.0,28.0,13.0,1.346690258180068e-22,1.346690258180068e-22,1.0,1.2053414713956894e-22,1.2053414713956894e-22,0.8950398683544359,0.8950398683544359,0.8950398683544359,0.0,8.346876183880412e-24,8.346876183880412e-24,0.0,8.346876183880412e-24,0.061980668035428364,0.06924905831220919,1.100957360499746e-22,1.100957360499746e-22,0.0,1.100957360499746e-22,0.8175282726018912,0.9133987227909158,2.0915349057139206e-24,2.0915349057139206e-24,0.0,2.0915349057139206e-24,0.015530927717116212,0.01735221889687484,10037,205,train_increment
50206,204.03319590261754,78.22343702879951,99.61383370614404,128.2234370287995,78.22343702879951,50.0,0.9321161273463703,0.31342723521211496,0.15460784591320953,0.31342723521211496,0.31342723521211496,4.08066391805235,1.56446874057599,1.9922766741228806,2.5644687405759905,1.56446874057599,0.024091974924113108,7.1553120613098145,49.0,281.0,28.0,13.0,1.349066236152175e-22,1.349066236152175e-22,1.0,1.3394339534259317e-22,1.3394339534259317e-22,0.9928600372108365,0.9928600372108365,0.9928600372108365,0.0,2.950390849674103e-23,2.950390849674103e-23,0.0,2.950390849674103e-23,0.21869873921752336,0.22027146931192487,9.815301315553243e-23,9.815301315553243e-23,0.0,9.815301315553243e-23,0.72756259496558,0.7327947220128471,6.286473690319702e-24,6.286473690319702e-24,0.0,6.286473690319702e-24,0.046598703027733224,0.04693380867522807,10037,206,train_increment
50207,176.94113416957737,88.76687377494288,160.89322428732703,138.7668737749429,88.76687377494288,50.0,0.7303881918806951,0.44655143655230906,0.6108951920128595,0.4465514365523093,0.44655143655230906,3.5388226833915475,1.7753374754988576,3.2178644857465404,2.775337475498858,1.7753374754988576,0.05115465373817231,5.936546087265015,49.0,281.0,28.0,13.0,1.3473528452417568e-22,1.3473528452417568e-22,1.0,1.1805334028436088e-22,1.1805334028436088e-22,0.8761872637985817,0.8761872637985817,0.8761872637985817,0.0,5.4532878970768e-23,5.4532878970768e-23,0.0,5.4532878970768e-23,0.40474088998552643,0.46193423108072984,1.0532236979236626e-23,1.0532236979236626e-23,0.0,1.0532236979236626e-23,0.07816984998719334,0.08921591675311438,5.298822433435624e-23,5.298822433435624e-23,0.0,5.298822433435624e-23,0.39327652382586176,0.4488498521661556,10037,207,train_increment
50208,193.27387029245799,99.6637794067693,186.4667159144782,149.6637794067693,99.6637794067693,50.0,0.8520020126020699,0.5841386288733497,0.8013158295940297,0.5841386288733497,0.5841386288733497,3.8654774058491594,1.9932755881353859,3.7293343182895637,2.9932755881353863,1.9932755881353859,0.046692633905108055,6.100613117218018,49.0,281.0,28.0,13.0,1.3468765519150723e-22,1.3468765519150723e-22,1.0,1.0375006555163346e-22,1.0375006555163346e-22,0.7703012232569882,0.7703012232569882,0.7703012232569882,0.0,5.0603718234316795e-23,5.0603718234316795e-23,0.0,5.0603718234316795e-23,0.37571162822877346,0.48774637360718354,5.4475003981227045e-24,5.4475003981227045e-24,0.0,5.4475003981227045e-24,0.040445431991351484,0.0525059947592191,4.7698846919193965e-23,4.7698846919193965e-23,0.0,4.7698846919193965e-23,0.3541441630368633,0.4597476316335974,10037,208,train_increment
50209,179.0189596826868,114.24248565154501,205.1975750544433,164.242485651545,114.24248565154501,50.0,0.7458597146886583,0.7682132026710229,0.9407861135848345,0.7682132026710227,0.7682132026710229,3.5803791936537364,2.2848497130309,4.103951501088866,3.2848497130309,2.2848497130309,0.047536856090826,5.943856239318848,49.0,281.0,28.0,13.0,1.3381833621262815e-22,1.3381833621262815e-22,1.0,6.951166065414511e-23,6.951166065414511e-23,0.5194479517642175,0.5194479517642175,0.5194479517642175,0.0,3.0761345146969444e-23,3.0761345146969444e-23,0.0,3.0761345146969444e-23,0.2298739172641616,0.44253503451776743,1.8685004672307282e-23,1.8685004672307282e-23,0.0,1.8685004672307282e-23,0.13962962925064387,0.26880388839038705,2.0065310834868382e-23,2.0065310834868382e-23,0.0,2.0065310834868382e-23,0.14994440524941202,0.28866107709184546,10037,209,train_increment
50210,100.91989856191202,103.08843770202449,94.27532827144809,153.0884377020245,103.08843770202449,50.0,0.16433282622421463,0.6273792639144506,0.11485724699514589,0.6273792639144506,0.6273792639144506,2.0183979712382403,2.06176875404049,1.8855065654289618,3.06176875404049,2.06176875404049,0.11018432185395671,5.999556541442871,49.0,281.0,28.0,13.0,1.3284761332945678e-22,1.3284761332945678e-22,1.0,1.1958534281520223e-22,1.1958534281520223e-22,0.9001692978754187,0.9001692978754187,0.9001692978754187,0.0,9.063025220519194e-24,9.063025220519194e-24,0.0,9.063025220519194e-24,0.06822121220983664,0.07578709068488836,7.609471477135089e-24,7.609471477135089e-24,0.0,7.609471477135089e-24,0.057279700300402865,0.0636321416822308,1.0291284611754795e-22,1.0291284611754795e-22,0.0,1.0291284611754795e-22,0.7746683853651792,0.8605807676328808,10037,210,train_increment
50211,84.81149823016597,124.9847784017732,177.9024432546148,174.9847784017732,124.9847784017732,50.0,0.04438941347852548,0.903848212143601,0.737546115075315,0.9038482121436012,0.903848212143601,1.6962299646033194,2.499695568035464,3.5580488650922963,3.499695568035464,2.499695568035464,0.024690221517882856,5.93062424659729,49.0,281.0,28.0,13.0,1.3508138307318742e-22,1.3508138307318742e-22,1.0,5.0551714312753985e-23,5.0551714312753985e-23,0.37423154222047716,0.37423154222047716,0.37423154222047716,0.0,1.265594198559086e-23,1.265594198559086e-23,0.0,1.265594198559086e-23,0.09369123781279201,0.25035633623205966,1.2363664507774726e-23,1.2363664507774726e-23,0.0,1.2363664507774726e-23,0.09152752382669982,0.2445745841829033,2.55321078193884e-23,2.55321078193884e-23,0.0,2.55321078193884e-23,0.18901278058098533,0.5050690795850371,10037,211,train_increment
50212,136.07196985169142,91.33144415206914,184.26410031385154,141.33144415206914,91.33144415206914,50.0,0.42607572488228906,0.4789323756574386,0.7849151177501976,0.4789323756574386,0.4789323756574386,2.721439397033828,1.8266288830413826,3.685282006277031,2.8266288830413826,1.8266288830413826,0.01696269885766145,5.904935598373413,49.0,281.0,28.0,13.0,1.3500316910029299e-22,1.3500316910029299e-22,1.0,1.2079670015579262e-22,1.2079670015579262e-22,0.8947693669772561,0.8947693669772561,0.8947693669772561,0.0,6.70985022950072e-23,6.70985022950072e-23,0.0,6.70985022950072e-23,0.49701427560682043,0.5554663513860034,4.744653924863785e-24,4.744653924863785e-24,0.0,4.744653924863785e-24,0.03514475961182076,0.039278009405427146,4.895354393592164e-23,4.895354393592164e-23,0.0,4.895354393592164e-23,0.362610331758615,0.4052556392085695,10037,212,train_increment
50213,198.02735441192263,92.07857830328781,155.36731916295196,142.07857830328783,92.07857830328781,50.0,0.887396533223549,0.4883658876677754,0.5697492119356066,0.4883658876677756,0.4883658876677754,3.9605470882384526,1.8415715660657563,3.1073463832590393,2.8415715660657566,1.8415715660657563,0.04567412163549239,5.92871618270874,49.0,281.0,28.0,13.0,1.3458973657793062e-22,1.3458973657793062e-22,1.0,1.1101745841027481e-22,1.1101745841027481e-22,0.8248582784467603,0.8248582784467603,0.8248582784467603,0.0,4.6431087444100996e-23,4.6431087444100996e-23,0.0,4.6431087444100996e-23,0.3449823784833423,0.41823230426074803,1.518593099330502e-23,1.518593099330502e-23,0.0,1.518593099330502e-23,0.11283127064084866,0.1367886745991254,4.9400439972868793e-23,4.9400439972868793e-23,0.0,4.9400439972868793e-23,0.3670446293225693,0.4449790211401265,10037,213,train_increment
50214,195.88666942356957,75.47252710181837,198.64049833517802,125.47252710181837,75.47252710181837,50.0,0.871456957733206,0.2786935240128582,0.891962012920164,0.2786935240128582,0.2786935240128582,3.9177333884713916,1.5094505420363675,3.97280996670356,2.5094505420363675,1.5094505420363675,0.04606122881532785,5.943207025527954,49.0,281.0,28.0,13.0,1.3484827698389882e-22,1.3484827698389882e-22,1.0,8.720242216404946e-23,8.720242216404946e-23,0.646670644330603,0.646670644330603,0.646670644330603,0.0,1.412830405394211e-23,1.412830405394211e-23,0.0,1.412830405394211e-23,0.10477185448672109,0.16201733510754154,3.7107231268057256e-23,3.7107231268057256e-23,0.0,3.7107231268057256e-23,0.27517764481698154,0.425529822993326,3.596688684205009e-23,3.596688684205009e-23,0.0,3.596688684205009e-23,0.2667211450269002,0.41245284189913234,10037,214,train_increment
50215,136.27768323298955,104.2368815961593,117.94875179574237,154.2368815961593,104.2368815961593,50.0,0.42760747008927436,0.6418798181333244,0.2911299463569797,0.6418798181333244,0.6418798181333244,2.725553664659791,2.084737631923186,2.358975035914847,3.084737631923186,2.084737631923186,0.02752186786916391,5.928946495056152,49.0,281.0,28.0,13.0,1.3462209939399886e-22,1.3462209939399886e-22,1.0,1.164562153026017e-22,1.164562153026017e-22,0.8650601634265781,0.8650601634265781,0.8650601634265781,0.0,2.17330393717406e-23,2.17330393717406e-23,0.0,2.17330393717406e-23,0.16143738264053106,0.1866198323143949,2.7124696463684765e-24,2.7124696463684765e-24,0.0,2.7124696463684765e-24,0.020148769470827256,0.023291755097144037,9.201070628449262e-23,9.201070628449262e-23,0.0,9.201070628449262e-23,0.6834740113152198,0.7900884125884611,10037,215,train_increment
50216,98.1539768514744,64.13443673144238,97.10671177807684,114.13443673144238,64.13443673144238,50.0,0.14373772785907968,0.13553581731619158,0.13593977496706514,0.13553581731619158,0.13553581731619158,1.9630795370294878,1.2826887346288476,1.942134235561537,2.282688734628848,1.2826887346288476,0.017502223499734085,5.945566892623901,49.0,281.0,28.0,13.0,1.3477861862630534e-22,1.3477861862630534e-22,1.0,1.3224004600646403e-22,1.3224004600646403e-22,0.9811648713593074,0.9811648713593074,0.9811648713593074,0.0,1.2516587727454907e-23,1.2516587727454907e-23,0.0,1.2516587727454907e-23,0.092867754952728,0.09465050947458899,1.147549975583339e-22,1.147549975583339e-22,0.0,1.147549975583339e-22,0.8514332520094301,0.8677779615467206,4.968460720675221e-24,4.968460720675221e-24,0.0,4.968460720675221e-24,0.0368638643971493,0.03757152897869045,10037,216,train_increment
50217,113.49384451543756,115.0492541954064,142.03621762299178,165.0492541954064,115.0492541954064,50.0,0.25795863377094236,0.7783996741844244,0.4704856114891421,0.7783996741844244,0.7783996741844244,2.269876890308751,2.300985083908128,2.8407243524598353,3.3009850839081283,2.300985083908128,0.034908628301385684,5.871175050735474,49.0,281.0,28.0,13.0,1.3471141778599807e-22,1.3471141778599807e-22,1.0,9.226746924493367e-23,9.226746924493367e-23,0.6849268663440937,0.6849268663440937,0.6849268663440937,0.0,1.5389602196313777e-23,1.5389602196313777e-23,0.0,1.5389602196313777e-23,0.11424126068334925,0.16679337064573066,1.1852203689128733e-23,1.1852203689128733e-23,0.0,1.1852203689128733e-23,0.08798217615048108,0.12845484747897243,6.502566335949116e-23,6.502566335949116e-23,0.0,6.502566335949116e-23,0.4827034295102634,0.704751781875297,10037,217,train_increment
50218,119.54003746700921,64.43691220122834,100.20670335769498,114.43691220122834,64.43691220122834,50.0,0.30297868553245877,0.1393549520357113,0.15902236305059553,0.1393549520357113,0.1393549520357113,2.390800749340184,1.2887382440245667,2.0041340671538994,2.288738244024567,1.2887382440245667,0.02606001857354909,5.947937726974487,49.0,281.0,28.0,13.0,1.3483408529704807e-22,1.3483408529704807e-22,1.0,1.2537633734532319e-22,1.2537633734532319e-22,0.9298564014367074,0.9298564014367074,0.9298564014367074,0.0,8.59405018060236e-24,8.59405018060236e-24,0.0,8.59405018060236e-24,0.06373796478590053,0.06854602999712638,1.1376507286719616e-22,1.1376507286719616e-22,0.0,1.1376507286719616e-22,0.843741199538414,0.9073887088745766,3.0172142975246627e-24,3.0172142975246627e-24,0.0,3.0172142975246627e-24,0.022377237112392968,0.02406526112829704,10037,218,train_increment
50219,136.96732480784715,98.44816987711225,202.38041154671868,148.44816987711226,98.44816987711225,50.0,0.4327425525528455,0.5687900237009123,0.9198094679576967,0.5687900237009125,0.5687900237009123,2.7393464961569434,1.968963397542245,4.047608230934373,2.9689633975422454,1.968963397542245,0.029749222059725723,5.975917816162109,49.0,281.0,28.0,13.0,1.3503417018707234e-22,1.3503417018707234e-22,1.0,1.2169045449462945e-22,1.2169045449462945e-22,0.9011826734377165,0.9011826734377165,0.9011826734377165,0.0,6.011721971490292e-23,6.011721971490292e-23,0.0,6.011721971490292e-23,0.4452000529319231,0.49401754611374277,2.937107771403342e-24,2.937107771403342e-24,0.0,2.937107771403342e-24,0.021750848450687407,0.02413589285701094,5.863612700832317e-23,5.863612700832317e-23,0.0,5.863612700832317e-23,0.4342317720551059,0.48184656102924617,10037,219,train_increment
50220,187.16363146877967,78.57715448296047,150.02507638258894,128.57715448296045,78.57715448296047,50.0,0.8065050742276967,0.31789336468384427,0.5299707846804835,0.31789336468384405,0.31789336468384427,3.7432726293755936,1.5715430896592093,3.0005015276517786,2.571543089659209,1.5715430896592093,0.03920937714966175,5.982915163040161,49.0,281.0,28.0,13.0,1.347136656980103e-22,1.347136656980103e-22,1.0,1.1352868783710627e-22,1.1352868783710627e-22,0.8427406918879728,0.8427406918879728,0.8427406918879728,0.0,2.1619949106352194e-23,2.1619949106352194e-23,0.0,2.1619949106352194e-23,0.16048816572787772,0.19043599920200807,5.949259796892016e-23,5.949259796892016e-23,0.0,5.949259796892016e-23,0.4416225901111297,0.5240314065311984,3.241614076183391e-23,3.241614076183391e-23,0.0,3.241614076183391e-23,0.2406299360489653,0.2855325942667934,10037,220,train_increment
50221,127.35494941865423,75.32289959266474,189.6213214304001,125.32289959266474,75.32289959266474,50.0,0.3611686479423249,0.27680428778617094,0.8248050739419217,0.27680428778617094,0.27680428778617094,2.547098988373085,1.506457991853295,3.792426428608002,2.5064579918532948,1.506457991853295,0.05126031330089578,5.951119422912598,49.0,281.0,28.0,13.0,1.3449213577708525e-22,1.3449213577708525e-22,1.0,9.370211418851115e-23,9.370211418851115e-23,0.6967107306840471,0.6967107306840471,0.6967107306840471,0.0,1.5289695659155735e-23,1.5289695659155735e-23,0.0,1.5289695659155735e-23,0.11368468179059724,0.16317343308173093,6.562306036248675e-23,6.562306036248675e-23,0.0,6.562306036248675e-23,0.48793232394832403,0.700337030074534,1.2789358166868665e-23,1.2789358166868665e-23,0.0,1.2789358166868665e-23,0.09509372494512586,0.1364895368437351,10037,221,train_increment
50222,182.6297854477943,125.93966301721373,86.14165980800352,175.93966301721372,125.93966301721373,50.0,0.7727459824854377,0.915904836075931,0.05429381837679471,0.9159048360759309,0.915904836075931,3.6525957089558863,2.518793260344275,1.7228331961600705,3.5187932603442746,2.518793260344275,0.012974867987286571,5.958746671676636,49.0,281.0,28.0,13.0,1.3433596769059722e-22,1.3433596769059722e-22,1.0,1.079142072752596e-22,1.079142072752596e-22,0.8033158143008114,0.8033158143008114,0.8033158143008114,0.0,4.756519134310328e-24,4.756519134310328e-24,0.0,4.756519134310328e-24,0.035407636659643894,0.044076857481589515,9.724448997553741e-23,9.724448997553741e-23,0.0,9.724448997553741e-23,0.7238901959563879,0.9011277794729413,5.9131981654118674e-24,5.9131981654118674e-24,0.0,5.9131981654118674e-24,0.04401798168477971,0.05479536304546923,10037,222,train_increment
50223,132.17231754166784,102.96981569822955,202.73997888407473,152.96981569822955,102.96981569822955,50.0,0.3970388499007285,0.6258815113412822,0.9224868122418073,0.6258815113412822,0.6258815113412822,2.643446350833357,2.059396313964591,4.054799577681495,3.059396313964591,2.059396313964591,0.04643150429923969,5.91916036605835,49.0,281.0,28.0,13.0,1.3481052243139961e-22,1.3481052243139961e-22,1.0,1.1768213495697397e-22,1.1768213495697397e-22,0.8729447289016947,0.8729447289016947,0.8729447289016947,0.0,5.245537486888057e-23,5.245537486888057e-23,0.0,5.245537486888057e-23,0.3891044550737743,0.44573779094047616,2.1411752832839186e-24,2.1411752832839186e-24,0.0,2.1411752832839186e-24,0.015882849830015963,0.018194565250424448,6.308558480480948e-23,6.308558480480948e-23,0.0,6.308558480480948e-23,0.46795742399790446,0.5360676438090993,10037,223,train_increment
50224,121.7892513400568,92.6977041049345,154.8056796958334,142.6977041049345,92.6977041049345,50.0,0.3197263688760744,0.4961831326380619,0.565567235263093,0.4961831326380619,0.4961831326380619,2.4357850268011356,1.8539540820986902,3.0961135939166677,2.85395408209869,1.8539540820986902,0.07752140658887467,5.9380621910095215,49.0,281.0,28.0,13.0,1.3426970115208202e-22,1.3426970115208202e-22,1.0,1.2628982729971226e-22,1.2628982729971226e-22,0.9405683204483246,0.9405683204483246,0.9405683204483246,0.0,7.095746159863708e-23,7.095746159863708e-23,0.0,7.095746159863708e-23,0.5284696472085415,0.5618620526753919,5.3780603865419075e-24,5.3780603865419075e-24,0.0,5.3780603865419075e-24,0.0400541621854836,0.042585064066788546,4.995430531453327e-23,4.995430531453327e-23,0.0,4.995430531453327e-23,0.3720445110542995,0.39555288325781945,10037,224,train_increment
50225,199.3760648392293,110.44737443409136,114.81300079103664,160.44737443409136,110.44737443409136,50.0,0.8974390531588182,0.7202951317435778,0.2677810930084635,0.7202951317435778,0.7202951317435778,3.987521296784586,2.208947488681827,2.296260015820733,3.208947488681827,2.208947488681827,0.029548667731425494,5.877654314041138,49.0,281.0,28.0,13.0,1.3486531057267598e-22,1.3486531057267598e-22,1.0,1.2499366912804532e-22,1.2499366912804532e-22,0.9268037021327954,0.9268037021327954,0.9268037021327954,0.0,1.1312089373405498e-23,1.1312089373405498e-23,0.0,1.1312089373405498e-23,0.08387693859429968,0.09050129860430955,1.0943105871170234e-22,1.0943105871170234e-22,0.0,1.0943105871170234e-22,0.811409978199934,0.8754928107566758,4.2505210429374834e-24,4.2505210429374834e-24,0.0,4.2505210429374834e-24,0.03151678533856169,0.03400589063901459,10037,225,train_increment
50226,83.50859789635996,98.08384604281792,157.4731302254056,148.08384604281792,98.08384604281792,50.0,0.03468799624988804,0.5641899752881051,0.5854291156024245,0.5641899752881051,0.5641899752881051,1.6701719579271992,1.9616769208563587,3.149462604508112,2.9616769208563585,1.9616769208563587,0.053529185142967665,5.9636390209198,49.0,281.0,28.0,13.0,1.3442916697443786e-22,1.3442916697443786e-22,1.0,1.1474881508998294e-22,1.1474881508998294e-22,0.8536005814259252,0.8536005814259252,0.8536005814259252,0.0,5.21689813198808e-23,5.21689813198808e-23,0.0,5.21689813198808e-23,0.3880778442211198,0.45463634007001535,1.456645138963482e-23,1.456645138963482e-23,0.0,1.456645138963482e-23,0.10835781934440372,0.12694206365627567,4.8013382380467336e-23,4.8013382380467336e-23,0.0,4.8013382380467336e-23,0.3571649178604018,0.41842159627370906,10037,226,train_increment
50227,109.33524454547677,105.6632809119069,130.18862677606006,155.6632809119069,105.6632809119069,50.0,0.22699363027160666,0.6598899105038749,0.38226825596470637,0.6598899105038749,0.6598899105038749,2.1867048909095352,2.113265618238138,2.6037725355212014,3.113265618238138,2.113265618238138,0.03459683961034547,5.97539210319519,49.0,281.0,28.0,13.0,1.3495736880114137e-22,1.3495736880114137e-22,1.0,1.1723285630076582e-22,1.1723285630076582e-22,0.8686658412369281,0.8686658412369281,0.8686658412369281,0.0,2.295080613943769e-23,2.295080613943769e-23,0.0,2.295080613943769e-23,0.17005967397938473,0.19577110772219378,5.465429519609689e-24,5.465429519609689e-24,0.0,5.465429519609689e-24,0.04049745166314673,0.046620287964219694,8.881662064171845e-23,8.881662064171845e-23,0.0,8.881662064171845e-23,0.6581087155943968,0.7576086043135867,10037,227,train_increment
50228,166.696687601108,93.66160205971002,139.5964919017605,143.66160205971002,93.66160205971002,50.0,0.6541078749151751,0.508353561359975,0.452319373803131,0.508353561359975,0.508353561359975,3.33393375202216,1.8732320411942005,2.7919298380352098,2.8732320411942003,1.8732320411942005,0.012883281664810202,5.936648368835449,49.0,281.0,28.0,13.0,1.347997213773737e-22,1.347997213773737e-22,1.0,1.2150959582304967e-22,1.2150959582304967e-22,0.9014083603547062,0.9014083603547062,0.9014083603547062,0.0,5.06811046355452e-23,5.06811046355452e-23,0.0,5.06811046355452e-23,0.37597336342901433,0.41709549186016864,7.789830874621473e-24,7.789830874621473e-24,0.0,7.789830874621473e-24,0.057788182312437666,0.06410877117857869,6.3038660312883e-23,6.3038660312883e-23,0.0,6.3038660312883e-23,0.46764681461325425,0.5187957369612527,10037,228,train_increment
50229,171.30805520445648,118.4355936588801,162.9744251251088,168.4355936588801,118.4355936588801,50.0,0.688444193629609,0.8211564855919204,0.6263918475436248,0.8211564855919204,0.8211564855919204,3.4261611040891298,2.368711873177602,3.259488502502176,3.368711873177602,2.368711873177602,0.02174707923948082,5.8570051193237305,49.0,281.0,28.0,13.0,1.3472648415730084e-22,1.3472648415730084e-22,1.0,9.145813723728486e-23,9.145813723728486e-23,0.6788430486355027,0.6788430486355027,0.6788430486355027,0.0,5.979129582116626e-24,5.979129582116626e-24,0.0,5.979129582116626e-24,0.044379764079166883,0.06537558890581807,7.365230669324426e-23,7.365230669324426e-23,0.0,7.365230669324426e-23,0.5466802399983287,0.8053116859591836,1.182670096192397e-23,1.182670096192397e-23,0.0,1.182670096192397e-23,0.08778304455800703,0.12931272513499828,10037,229,train_increment
50230,88.94979675242622,120.85261369212823,209.42910974616296,170.85261369212822,120.85261369212823,50.0,0.07520325206572025,0.8516744153046494,0.9722941902171479,0.8516744153046493,0.8516744153046494,1.7789959350485245,2.4170522738425646,4.18858219492326,3.417052273842564,2.4170522738425646,0.03688540126010473,5.8517746925354,49.0,281.0,28.0,13.0,1.3485876812234676e-22,1.3485876812234676e-22,1.0,9.654043130218274e-23,9.654043130218274e-23,0.7158632148752775,0.7158632148752775,0.7158632148752775,0.0,6.41366413571689e-23,6.41366413571689e-23,0.0,6.41366413571689e-23,0.47558376997024593,0.6643500603018209,2.408970627637278e-24,2.408970627637278e-24,0.0,2.408970627637278e-24,0.017862914374627895,0.024952971466399614,2.999481931737656e-23,2.999481931737656e-23,0.0,2.999481931737656e-23,0.2224165305304036,0.3106969682317795,10037,230,train_increment
50231,132.61885020823286,83.31583251870815,90.91659873350585,133.31583251870813,83.31583251870815,50.0,0.4003637394507287,0.3777251580644968,0.08984809183548663,0.37772515806449664,0.3777251580644968,2.652377004164657,1.6663166503741629,1.818331974670117,2.6663166503741627,1.6663166503741629,0.05023808661814372,5.969115495681763,49.0,281.0,28.0,13.0,1.3432711556309616e-22,1.3432711556309616e-22,1.0,1.1262954119827274e-22,1.1262954119827274e-22,0.8384721187984444,0.8384721187984444,0.8384721187984444,0.0,6.11865842314846e-23,6.11865842314846e-23,0.0,6.11865842314846e-23,0.4555043408398361,0.5432552026805464,1.920666338340389e-23,1.920666338340389e-23,0.0,1.920666338340389e-23,0.14298426124085223,0.17052953584879238,3.223629358338426e-23,3.223629358338426e-23,0.0,3.223629358338426e-23,0.2399835167177562,0.28621526147066134,10037,231,train_increment
50232,174.58048527928565,89.62897072650263,132.01270414591835,139.62897072650264,89.62897072650263,50.0,0.7128107615732364,0.4574364990720029,0.3958503659413131,0.45743649907200307,0.4574364990720029,3.4916097055857134,1.7925794145300524,2.640254082918367,2.7925794145300533,1.7925794145300524,0.035157385803034534,5.940381288528442,49.0,281.0,28.0,13.0,1.345045658955202e-22,1.345045658955202e-22,1.0,1.1963229275686808e-22,1.1963229275686808e-22,0.8894292320886376,0.8894292320886376,0.8894292320886376,0.0,5.1223264309437626e-23,5.1223264309437626e-23,0.0,5.1223264309437626e-23,0.3808291857484346,0.4281725538232394,1.4247658339557065e-23,1.4247658339557065e-23,0.0,1.4247658339557065e-23,0.1059269493544501,0.11909542157244252,5.41613701078734e-23,5.41613701078734e-23,0.0,5.41613701078734e-23,0.4026730969857529,0.4527320246043182,10037,232,train_increment
50233,138.90816514155483,107.43114442215466,205.66481758647728,157.43114442215466,107.43114442215466,50.0,0.44719408147099654,0.6822114194716498,0.9442652091323699,0.6822114194716498,0.6822114194716498,2.778163302831097,2.1486228884430933,4.113296351729546,3.1486228884430933,2.1486228884430933,0.038981534442034255,5.892668008804321,49.0,281.0,28.0,13.0,1.348507731528431e-22,1.348507731528431e-22,1.0,1.0453181545021884e-22,1.0453181545021884e-22,0.7751666008747312,0.7751666008747312,0.7751666008747312,0.0,4.578097654354736e-23,4.578097654354736e-23,0.0,4.578097654354736e-23,0.33949361559579716,0.4379621299636724,4.5752979691068046e-24,4.5752979691068046e-24,0.0,4.5752979691068046e-24,0.03392860020106116,0.043769429904196945,5.417554093756467e-23,5.417554093756467e-23,0.0,5.417554093756467e-23,0.4017443850778728,0.5182684401321306,10037,233,train_increment
50234,171.94830517174034,91.3152122311908,99.97234625783591,141.3152122311908,91.3152122311908,50.0,0.6932115053740904,0.47872742716149996,0.15727733624598594,0.47872742716149996,0.47872742716149996,3.438966103434807,1.826304244623816,1.9994469251567182,2.8263042446238162,1.826304244623816,0.031547594191697316,5.909169912338257,49.0,281.0,28.0,13.0,1.3512306818359057e-22,1.3512306818359057e-22,1.0,1.2943202915765454e-22,1.2943202915765454e-22,0.9578825503118116,0.9578825503118116,0.9578825503118116,0.0,4.8019240223009184e-23,4.8019240223009184e-23,0.0,4.8019240223009184e-23,0.3553741109383769,0.3709996709123628,4.066319017084591e-23,4.066319017084591e-23,0.0,4.066319017084591e-23,0.30093447934143397,0.3141663654312037,4.074959876379946e-23,4.074959876379946e-23,0.0,4.074959876379946e-23,0.30157396003200077,0.31483396365643357,10037,234,train_increment
50235,131.46770575041378,66.0234914237427,99.60496138097184,116.0234914237427,66.0234914237427,50.0,0.3917922989606388,0.15938751797654915,0.15454178243463773,0.15938751797654915,0.15938751797654915,2.629354115008276,1.320469828474854,1.9920992276194371,2.320469828474854,1.320469828474854,0.01665614945781783,5.9315385818481445,49.0,281.0,28.0,13.0,1.3517807940648043e-22,1.3517807940648043e-22,1.0,1.2306730592392073e-22,1.2306730592392073e-22,0.9104087472189732,0.9104087472189732,0.9104087472189732,0.0,8.558026343621704e-24,8.558026343621704e-24,0.0,8.558026343621704e-24,0.06330927603940667,0.06953939780653207,1.0990578635603552e-22,1.0990578635603552e-22,0.0,1.0990578635603552e-22,0.8130444435857745,0.8930542968412621,4.6034932242635114e-24,4.6034932242635114e-24,0.0,4.6034932242635114e-24,0.03405502759379211,0.037406305352205856,10037,235,train_increment
50236,108.2233109378529,58.540626990817934,199.3469696995179,108.54062699081794,58.540626990817934,50.0,0.21871415441439243,0.06490690644972133,0.8972224102719129,0.06490690644972141,0.06490690644972133,2.164466218757058,1.1708125398163587,3.9869393939903577,2.170812539816359,1.1708125398163587,0.05858238601359239,5.938697338104248,49.0,281.0,28.0,13.0,1.338551224305517e-22,1.338551224305517e-22,1.0,1.0297427553406138e-22,1.0297427553406138e-22,0.7692964876072464,0.7692964876072464,0.7692964876072464,0.0,1.096288219687458e-23,1.096288219687458e-23,0.0,1.096288219687458e-23,0.08190110320628538,0.10646233867650107,9.028155848298724e-23,9.028155848298724e-23,0.0,9.028155848298724e-23,0.6744721968322742,0.8767389526632241,1.7298348541995673e-24,1.7298348541995673e-24,0.0,1.7298348541995673e-24,0.012923187568686888,0.01679870866027487,10037,236,train_increment
50237,118.93131518804903,69.12875491640129,84.25201447607368,119.12875491640129,69.12875491640129,50.0,0.2984461294716979,0.19859539035860213,0.040223488280518895,0.19859539035860213,0.19859539035860213,2.3786263037609805,1.3825750983280258,1.6850402895214736,2.382575098328026,1.3825750983280258,0.021525590010618222,5.9281158447265625,49.0,281.0,28.0,13.0,1.3509319165551838e-22,1.3509319165551838e-22,1.0,1.2467870425898534e-22,1.2467870425898534e-22,0.9229088655845106,0.9229088655845106,0.9229088655845106,0.0,2.1115599757234335e-23,2.1115599757234335e-23,0.0,2.1115599757234335e-23,0.15630395209758738,0.1693601155284109,9.639722062774667e-23,9.639722062774667e-23,0.0,9.639722062774667e-23,0.7135609089283736,0.7731650822060859,7.165883874004336e-24,7.165883874004336e-24,0.0,7.165883874004336e-24,0.053044004558549636,0.057474802265503215,10037,237,train_increment
50238,195.06938233412257,76.26602485718995,100.92790472583353,126.26602485718995,76.26602485718995,50.0,0.8653714246770109,0.2887124350655296,0.16439244025192504,0.2887124350655296,0.2887124350655296,3.9013876466824517,1.525320497143799,2.0185580945166706,2.525320497143799,1.525320497143799,0.022307250409042755,5.943766355514526,49.0,281.0,28.0,13.0,1.3498209441261855e-22,1.3498209441261855e-22,1.0,1.326905805360014e-22,1.326905805360014e-22,0.9830235714848787,0.9830235714848787,0.9830235714848787,0.0,2.4196636607378076e-23,2.4196636607378076e-23,0.0,2.4196636607378076e-23,0.17925812095797572,0.18235383785070625,9.978931858497755e-23,9.978931858497755e-23,0.0,9.978931858497755e-23,0.739278191075756,0.7520452332176125,8.704625343645758e-24,8.704625343645758e-24,0.0,8.704625343645758e-24,0.06448725945114704,0.06560092893168128,10037,238,train_increment
50239,176.6190771375634,86.7764707437851,113.37890408547997,136.7764707437851,86.7764707437851,50.0,0.727990149944627,0.42142008514880175,0.2571027854466119,0.42142008514880175,0.42142008514880175,3.5323815427512684,1.735529414875702,2.2675780817095994,2.7355294148757023,1.735529414875702,0.008670028825062431,5.9411842823028564,49.0,281.0,28.0,13.0,1.347200631463397e-22,1.347200631463397e-22,1.0,1.2366476083101688e-22,1.2366476083101688e-22,0.9179387089262717,0.9179387089262717,0.9179387089262717,0.0,4.2416712047063886e-23,4.2416712047063886e-23,0.0,4.2416712047063886e-23,0.31485074350795633,0.3429975666635112,3.7229381644181175e-23,3.7229381644181175e-23,0.0,3.7229381644181175e-23,0.27634623065564295,0.3010508522719232,4.401866713977181e-23,4.401866713977181e-23,0.0,4.401866713977181e-23,0.32674173476267243,0.35595158106456554,10037,239,train_increment
50240,93.20771404058506,98.92070411947174,169.9033744698142,148.92070411947174,98.92070411947174,50.0,0.10690777394329906,0.5747563651448452,0.6779849178690558,0.5747563651448452,0.5747563651448452,1.8641542808117013,1.978414082389435,3.398067489396284,2.9784140823894347,1.978414082389435,0.05250014573607395,5.951901435852051,49.0,281.0,28.0,13.0,1.344089059391136e-22,1.344089059391136e-22,1.0,1.1994255720370186e-22,1.1994255720370186e-22,0.8923706086710883,0.8923706086710883,0.8923706086710883,0.0,5.69142141697802e-23,5.69142141697802e-23,0.0,5.69142141697802e-23,0.42344079636777926,0.47451226234172383,9.959641338869005e-24,9.959641338869005e-24,0.0,9.959641338869005e-24,0.07409956408231357,0.08303676002133473,5.306870169505268e-23,5.306870169505268e-23,0.0,5.306870169505268e-23,0.3948302482209956,0.4424509776369416,10037,240,train_increment
50241,173.818575798343,84.5852077313608,200.71469005139784,134.5852077313608,84.5852077313608,50.0,0.7071375710971184,0.3937526228707171,0.9074064784169608,0.3937526228707173,0.3937526228707171,3.4763715159668602,1.6917041546272158,4.014293801027957,2.691704154627216,1.6917041546272158,0.04729979186847323,6.0242719650268555,49.0,281.0,28.0,13.0,1.342070980450969e-22,1.342070980450969e-22,1.0,8.408815990881021e-23,8.408815990881021e-23,0.6265552354060626,0.6265552354060626,0.6265552354060626,0.0,3.421187643760395e-23,3.421187643760395e-23,0.0,3.421187643760395e-23,0.25491853214878335,0.40685723738877355,7.112502699184223e-24,7.112502699184223e-24,0.0,7.112502699184223e-24,0.05299647189148108,0.08458387847822343,4.2763780772022043e-23,4.2763780772022043e-23,0.0,4.2763780772022043e-23,0.3186402313657982,0.508558884133003,10037,241,train_increment
50242,183.95855778924224,64.52871496522248,129.5710793206304,114.52871496522248,64.52871496522248,50.0,0.7826400431067925,0.14051407784371808,0.3776699874953864,0.14051407784371808,0.14051407784371808,3.6791711557848448,1.2905742993044496,2.591421586412608,2.2905742993044496,1.2905742993044496,0.021156336688566087,5.959869384765625,49.0,281.0,28.0,13.0,1.3491847083566275e-22,1.3491847083566275e-22,1.0,1.0698763185402946e-22,1.0698763185402946e-22,0.792979872891871,0.792979872891871,0.792979872891871,0.0,3.907707603398401e-24,3.907707603398401e-24,0.0,3.907707603398401e-24,0.028963473860878386,0.036524853720754875,8.410540390822566e-23,8.410540390822566e-23,0.0,8.410540390822566e-23,0.6233794630734447,0.7861226802643544,1.8974520342405408e-23,1.8974520342405408e-23,0.0,1.8974520342405408e-23,0.14063693595754798,0.1773524660148908,10037,242,train_increment
50243,178.73545038619625,130.9253965078834,107.67046456807213,180.9253965078834,130.9253965078834,50.0,0.7437486998227568,0.9788560165136793,0.21459765128869798,0.9788560165136793,0.9788560165136793,3.574709007723925,2.618507930157668,2.153409291361443,3.618507930157668,2.618507930157668,0.06289985072365767,5.937288284301758,49.0,281.0,28.0,13.0,1.343850573117068e-22,1.343850573117068e-22,1.0,9.901832629110263e-23,9.901832629110263e-23,0.736825419967855,0.736825419967855,0.736825419967855,0.0,7.866731297408606e-24,7.866731297408606e-24,0.0,7.866731297408606e-24,0.058538735293773646,0.07944722549926071,6.605790572940622e-23,6.605790572940622e-23,0.0,6.605790572940622e-23,0.4915569264236319,0.6671280782428446,2.5093689264287807e-23,2.5093689264287807e-23,0.0,2.5093689264287807e-23,0.18672975825044946,0.2534246962578949,10037,243,train_increment
50244,130.4213527917267,80.99498010120132,200.83369268410797,130.99498010120132,80.99498010120132,50.0,0.38400113768969985,0.3484214659242591,0.9082925739695307,0.3484214659242591,0.3484214659242591,2.608427055834534,1.6198996020240264,4.01667385368216,2.619899602024027,1.6198996020240264,0.0877919112883413,5.939817190170288,49.0,281.0,28.0,13.0,1.3387083510574027e-22,1.3387083510574027e-22,1.0,8.503059878505924e-23,8.503059878505924e-23,0.6351689575843484,0.6351689575843484,0.6351689575843484,0.0,2.095279461955345e-23,2.095279461955345e-23,0.0,2.095279461955345e-23,0.15651500644635188,0.24641476032078788,4.345471429766119e-23,4.345471429766119e-23,0.0,4.345471429766119e-23,0.32460180190358645,0.511047962951622,2.0623089867844593e-23,2.0623089867844593e-23,0.0,2.0623089867844593e-23,0.15405214923441,0.24253727672759,10037,244,train_increment
50245,148.36105445079693,67.61892525438746,117.08155666025955,117.61892525438746,67.61892525438746,50.0,0.5175804501176242,0.1795318845250942,0.2846727971724464,0.1795318845250942,0.1795318845250942,2.9672210890159385,1.3523785050877493,2.341631133205191,2.3523785050877493,1.3523785050877493,0.021088536355796154,5.906103134155273,49.0,281.0,28.0,13.0,1.350133365773518e-22,1.350133365773518e-22,1.0,1.194829275714012e-22,1.194829275714012e-22,0.8849712969129319,0.8849712969129319,0.8849712969129319,0.0,6.224417527605701e-24,6.224417527605701e-24,0.0,6.224417527605701e-24,0.046102242085096605,0.05209461848753315,1.0398649185557226e-22,1.0398649185557226e-22,0.0,1.0398649185557226e-22,0.7701942229684573,0.870304184616095,9.27201818822324e-24,9.27201818822324e-24,0.0,9.27201818822324e-24,0.06867483185937796,0.07760119689637184,10037,245,train_increment
50246,102.8535538460294,112.29538806557966,192.41510689690745,162.29538806557966,112.29538806557966,50.0,0.17873085514541626,0.7436286371916624,0.8456076462911947,0.7436286371916624,0.7436286371916624,2.0570710769205878,2.245907761311593,3.848302137938149,3.245907761311593,2.245907761311593,0.051495907409945994,5.94219970703125,49.0,281.0,28.0,13.0,1.3424752954679138e-22,1.3424752954679138e-22,1.0,1.0183190868986728e-22,1.0183190868986728e-22,0.7585384180524098,0.7585384180524098,0.7585384180524098,0.0,3.773957397622335e-23,3.773957397622335e-23,0.0,3.773957397622335e-23,0.2811193181999628,0.37060656587671914,1.1699473233982459e-23,1.1699473233982459e-23,0.0,1.1699473233982459e-23,0.08714851791670893,0.11489005150255627,5.239286147966148e-23,5.239286147966148e-23,0.0,5.239286147966148e-23,0.39027058193573816,0.5145033826207246,10037,246,train_increment
50247,173.11263114867924,95.61663270490405,146.83779924654942,145.61663270490405,95.61663270490405,50.0,0.701881095671476,0.5330382917285865,0.5062382669139942,0.5330382917285865,0.5330382917285865,3.462252622973585,1.912332654098081,2.9367559849309886,2.912332654098081,1.912332654098081,0.018777759916151614,5.954284191131592,49.0,281.0,28.0,13.0,1.3482102351092395e-22,1.3482102351092395e-22,1.0,1.19514571801984e-22,1.19514571801984e-22,0.886468361459222,0.886468361459222,0.886468361459222,0.0,4.7793946709837906e-23,4.7793946709837906e-23,0.0,4.7793946709837906e-23,0.3544992128469146,0.39990058106909854,8.403214964019223e-24,8.403214964019223e-24,0.0,8.403214964019223e-24,0.06232866911397055,0.07031121676059693,6.331741012812689e-23,6.331741012812689e-23,0.0,6.331741012812689e-23,0.469640479498337,0.5297882021703046,10037,247,train_increment
50248,195.3588105433946,125.15894765399088,163.90720682215806,175.15894765399088,125.15894765399088,50.0,0.8675265118644423,0.9060473188635213,0.6333373553399706,0.9060473188635213,0.9060473188635213,3.9071762108678922,2.503178953079818,3.2781441364431614,3.5031789530798174,2.503178953079818,0.00793911566417258,5.957584857940674,49.0,281.0,28.0,13.0,1.3506643801186922e-22,1.3506643801186922e-22,1.0,1.0923870498793027e-22,1.0923870498793027e-22,0.8087775660325826,0.8087775660325826,0.8087775660325826,0.0,2.7303588587994283e-24,2.7303588587994283e-24,0.0,2.7303588587994283e-24,0.020214931991909737,0.02499442719593851,1.0027035602938239e-22,1.0027035602938239e-22,0.0,1.0027035602938239e-22,0.7423780289561714,0.9179013614310166,6.237990099748472e-24,6.237990099748472e-24,0.0,6.237990099748472e-24,0.04618460508450142,0.057104211373044965,10037,248,train_increment
50249,80.22066288155058,77.7080574167679,163.6060039639264,127.7080574167679,77.7080574167679,50.0,0.01020597826917786,0.30691991687838255,0.6310945939235026,0.30691991687838255,0.30691991687838255,1.6044132576310115,1.5541611483353581,3.2721200792785283,2.5541611483353583,1.5541611483353581,0.023568137276484408,5.955882787704468,49.0,281.0,28.0,13.0,1.3441810187110574e-22,1.3441810187110574e-22,1.0,1.0982057480050638e-22,1.0982057480050638e-22,0.8170073321360685,0.8170073321360685,0.8170073321360685,0.0,4.310459335424087e-23,4.310459335424087e-23,0.0,4.310459335424087e-23,0.3206755098771898,0.39250016158212747,6.422773770484948e-23,6.422773770484948e-23,0.0,6.422773770484948e-23,0.4778205971576493,0.5848424834920216,2.4882437414160186e-24,2.4882437414160186e-24,0.0,2.4882437414160186e-24,0.018511225101229368,0.022657354925850793,10037,249,train_increment
50250,147.11362110565724,69.03954983920737,126.1785071171484,119.03954983920737,69.03954983920737,50.0,0.5082920409952141,0.1974690636263556,0.35240883929373346,0.1974690636263556,0.1974690636263556,2.942272422113145,1.3807909967841474,2.523570142342968,2.3807909967841474,1.3807909967841474,0.031726448958671084,5.94331431388855,49.0,281.0,28.0,13.0,1.347068966056285e-22,1.347068966056285e-22,1.0,1.171984227779224e-22,1.171984227779224e-22,0.8700254087289653,0.8700254087289653,0.8700254087289653,0.0,1.1419386670954589e-23,1.1419386670954589e-23,0.0,1.1419386670954589e-23,0.08477210119676566,0.09743635110681498,9.501371868918792e-23,9.501371868918792e-23,0.0,9.501371868918792e-23,0.7053367057170993,0.8107081685666371,1.0765317417779905e-23,1.0765317417779905e-23,0.0,1.0765317417779905e-23,0.07991660181510034,0.09185548032654799,10037,250,train_increment
50251,120.90544704214173,69.90405364916786,81.09744999260138,119.90405364916786,69.90405364916786,50.0,0.31314554759599206,0.20838451577232148,0.016734549460918756,0.20838451577232148,0.20838451577232148,2.4181089408428345,1.3980810729833573,1.6219489998520278,2.3980810729833575,1.3980810729833573,0.017978324141276734,5.9330360889434814,49.0,281.0,28.0,13.0,1.3499928317388824e-22,1.3499928317388824e-22,1.0,1.249300437979125e-22,1.249300437979125e-22,0.9254126456137854,0.9254126456137854,0.9254126456137854,0.0,2.422601967650143e-23,2.422601967650143e-23,0.0,2.422601967650143e-23,0.17945295046712711,0.19391668280921737,9.157582834641283e-23,9.157582834641283e-23,0.0,9.157582834641283e-23,0.6783430711143625,0.7330168593756868,9.128195774998235e-24,9.128195774998235e-24,0.0,9.128195774998235e-24,0.06761662403229578,0.07306645781509571,10037,251,train_increment
50252,159.57730054850583,78.82275647049788,196.81462594744195,128.8227564704979,78.82275647049788,50.0,0.6010968022971395,0.3209943998800237,0.8783665372110346,0.3209943998800239,0.3209943998800237,3.1915460109701166,1.5764551294099576,3.936292518948839,2.576455129409958,1.5764551294099576,0.06835792180835179,5.924927234649658,49.0,281.0,28.0,13.0,1.344243094940339e-22,1.344243094940339e-22,1.0,7.360233459110556e-23,7.360233459110556e-23,0.5475373826961873,0.5475373826961873,0.5475373826961873,0.0,1.991927404094007e-23,1.991927404094007e-23,0.0,1.991927404094007e-23,0.14818208191595095,0.27063372584036494,2.6255125380667343e-23,2.6255125380667343e-23,0.0,2.6255125380667343e-23,0.19531530777052358,0.3567159319949089,2.742793516949814e-23,2.742793516949814e-23,0.0,2.742793516949814e-23,0.20403999300971276,0.37265034216472603,10037,252,train_increment
50253,181.70102359704538,95.03891138374104,120.22294533523231,145.03891138374104,95.03891138374104,50.0,0.7658304065304943,0.5257438306027908,0.30806362870612297,0.5257438306027908,0.5257438306027908,3.6340204719409077,1.9007782276748209,2.404458906704646,2.9007782276748206,1.9007782276748209,0.03882777354608541,5.942827939987183,49.0,281.0,28.0,13.0,1.3488872964957862e-22,1.3488872964957862e-22,1.0,1.1598419690415364e-22,1.1598419690415364e-22,0.8598509097495676,0.8598509097495676,0.8598509097495676,0.0,4.528151781489045e-23,4.528151781489045e-23,0.0,4.528151781489045e-23,0.3356953389102653,0.3904110993009671,2.406647413575287e-23,2.406647413575287e-23,0.0,2.406647413575287e-23,0.17841723469613868,0.20749787279762594,4.663620495351031e-23,4.663620495351031e-23,0.0,4.663620495351031e-23,0.34573833614316346,0.4020910279014069,10037,253,train_increment
50254,137.89750472507228,112.10216571590647,123.43532223909034,162.10216571590647,112.10216571590647,50.0,0.4396686874540006,0.7411889610594251,0.33198303975495413,0.7411889610594251,0.7411889610594251,2.757950094501446,2.2420433143181295,2.468706444781807,3.2420433143181295,2.2420433143181295,0.030068955655899333,5.933203458786011,49.0,281.0,28.0,13.0,1.3470439966899276e-22,1.3470439966899276e-22,1.0,1.0412796841531015e-22,1.0412796841531015e-22,0.7730108940107551,0.7730108940107551,0.7730108940107551,0.0,8.369318187570753e-24,8.369318187570753e-24,0.0,8.369318187570753e-24,0.062130993554305285,0.08037531428818498,1.3485305667662277e-23,1.3485305667662277e-23,0.0,1.3485305667662277e-23,0.10011035794524552,0.12950704669351357,8.227334456007712e-23,8.227334456007712e-23,0.0,8.227334456007712e-23,0.6107695425112043,0.7901176390183015,10037,254,train_increment
50255,93.95302353616191,68.75492296923392,163.5365131498172,118.75492296923392,68.75492296923392,50.0,0.11245736065645504,0.1938752900155797,0.6305771641833001,0.1938752900155797,0.1938752900155797,1.8790604707232381,1.3750984593846782,3.270730262996344,2.3750984593846782,1.3750984593846782,0.020885371704748898,5.9272072315216064,49.0,281.0,28.0,13.0,1.3498343720708332e-22,1.3498343720708332e-22,1.0,1.2349952056529175e-22,1.2349952056529175e-22,0.9149235129923855,0.9149235129923855,0.9149235129923855,0.0,1.3992818084169926e-23,1.3992818084169926e-23,0.0,1.3992818084169926e-23,0.10366322249375678,0.11330261056982971,1.076074501994378e-22,1.076074501994378e-22,0.0,1.076074501994378e-22,0.7971900288355602,0.8713187687441092,1.899252281684034e-24,1.899252281684034e-24,0.0,1.899252281684034e-24,0.014070261663068465,0.015378620686061181,10037,255,train_increment
50256,133.13987731435634,119.24693870837288,138.51221853021167,169.24693870837288,119.24693870837288,50.0,0.4042433158179921,0.8314007412673344,0.44424585651684045,0.8314007412673344,0.8314007412673344,2.662797546287127,2.3849387741674577,2.7702443706042335,3.3849387741674577,2.3849387741674577,0.06384022008549382,5.929115056991577,49.0,281.0,28.0,13.0,1.338660810558484e-22,1.338660810558484e-22,1.0,8.483011734949175e-23,8.483011734949175e-23,0.6336938878049396,0.6336938878049396,0.6336938878049396,0.0,6.814574986052884e-24,6.814574986052884e-24,0.0,6.814574986052884e-24,0.050905912328978016,0.0803320235663179,2.3905643968807226e-23,2.3905643968807226e-23,0.0,2.3905643968807226e-23,0.17857879890301626,0.28180609335147233,5.410989839463164e-23,5.410989839463164e-23,0.0,5.410989839463164e-23,0.40420917657294536,0.6378618830822098,10037,256,train_increment
50257,106.68432018423442,125.6766724279771,182.07216548491124,175.6766724279771,125.6766724279771,50.0,0.20725480405237845,0.9125842478279937,0.7685939351073063,0.9125842478279939,0.9125842478279937,2.1336864036846883,2.5135334485595417,3.6414433096982246,3.5135334485595426,2.5135334485595417,0.0823869263597438,5.929206371307373,49.0,281.0,28.0,13.0,1.3391420393246261e-22,1.3391420393246261e-22,1.0,3.987663299513584e-23,3.987663299513584e-23,0.29777747112805864,0.29777747112805864,0.29777747112805864,0.0,1.013759117903576e-23,1.013759117903576e-23,0.0,1.013759117903576e-23,0.07570213525779897,0.25422385035046324,1.119872087795029e-23,1.119872087795029e-23,0.0,1.119872087795029e-23,0.08362608706988377,0.2808341636897055,1.854032093814979e-23,1.854032093814979e-23,0.0,1.854032093814979e-23,0.13844924880037587,0.4649419859598312,10037,257,train_increment
50258,189.95213729253993,58.42541960805179,144.53273925145345,108.42541960805178,58.42541960805179,50.0,0.8272683342705877,0.06345226777843163,0.48907475243077775,0.06345226777843153,0.06345226777843163,3.799042745850799,1.1685083921610357,2.8906547850290694,2.1685083921610357,1.1685083921610357,0.006952179841158907,5.914263486862183,49.0,281.0,28.0,13.0,1.3512953921098358e-22,1.3512953921098358e-22,1.0,8.630660535420878e-23,8.630660535420878e-23,0.6386953278916652,0.6386953278916652,0.6386953278916652,0.0,4.1455047123728004e-24,4.1455047123728004e-24,0.0,4.1455047123728004e-24,0.030678005242808126,0.04803229944404994,6.678207764950375e-23,6.678207764950375e-23,0.0,6.678207764950375e-23,0.49420783967326354,0.7737771329949208,1.5379022992332227e-23,1.5379022992332227e-23,0.0,1.5379022992332227e-23,0.11380948297559348,0.17819056756102924,10037,258,train_increment
50259,139.28024306675542,115.86842587145756,208.98713859085316,165.86842587145756,115.86842587145756,50.0,0.4499645797971364,0.788742750902242,0.9690032657546773,0.788742750902242,0.788742750902242,2.7856048613351083,2.3173685174291516,4.179742771817064,3.317368517429151,2.3173685174291516,0.00938432253348945,5.955841779708862,49.0,281.0,28.0,13.0,1.3522941759405854e-22,1.3522941759405854e-22,1.0,6.617262615680868e-23,6.617262615680868e-23,0.4893360286106567,0.4893360286106567,0.4893360286106567,0.0,3.380067681683868e-23,3.380067681683868e-23,0.0,3.380067681683868e-23,0.2499506203472975,0.5107954569725179,7.141451543196889e-24,7.141451543196889e-24,0.0,7.141451543196889e-24,0.052809896472634496,0.10792153731777028,2.5230497796773107e-23,2.5230497796773107e-23,0.0,2.5230497796773107e-23,0.18657551179072474,0.3812830057097118,10037,259,train_increment
50260,131.10784769981635,91.02576193716723,112.66139124644774,141.02576193716723,91.02576193716723,50.0,0.3891127900209706,0.4750727517319095,0.2517601730934307,0.4750727517319095,0.4750727517319095,2.6221569539963268,1.8205152387433448,2.253227824928955,2.8205152387433445,1.8205152387433448,0.09525816264445824,5.965407609939575,49.0,281.0,28.0,13.0,1.3330196577349235e-22,1.3330196577349235e-22,1.0,1.1644711814053777e-22,1.1644711814053777e-22,0.8735588966362697,0.8735588966362697,0.8735588966362697,0.0,5.869919552059842e-23,5.869919552059842e-23,0.0,5.869919552059842e-23,0.4403475611180447,0.5040845703863234,2.143361801075334e-24,2.143361801075334e-24,0.0,2.143361801075334e-24,0.016078996199631067,0.018406310394805583,5.560456081886402e-23,5.560456081886402e-23,0.0,5.560456081886402e-23,0.417132339318594,0.47750911921887107,10037,260,train_increment
50261,148.92203931741614,93.68798561662055,210.73099010375896,143.68798561662055,93.68798561662055,50.0,0.5217575526240963,0.5086866870785424,0.981988012686217,0.5086866870785424,0.5086866870785424,2.978440786348323,1.873759712332411,4.2146198020751795,2.873759712332411,1.873759712332411,0.0684994104651255,5.970681428909302,49.0,281.0,28.0,13.0,1.3386993465033835e-22,1.3386993465033835e-22,1.0,1.018342184301929e-22,1.018342184301929e-22,0.7606952128286224,0.7606952128286224,0.7606952128286224,0.0,5.191124511260148e-23,5.191124511260148e-23,0.0,5.191124511260148e-23,0.3877737391012484,0.5097622971220278,2.055747851350034e-24,2.055747851350034e-24,0.0,2.055747851350034e-24,0.015356307274815259,0.020187201149476527,4.786722546624139e-23,4.786722546624139e-23,0.0,4.786722546624139e-23,0.3575651664525587,0.4700505017284956,10037,261,train_increment
50262,79.7334979304213,84.25235218412571,191.23935777016692,134.2523521841257,84.25235218412571,50.0,0.006578540062705132,0.38954990131471856,0.8368529990332607,0.3895499013147184,0.38954990131471856,1.5946699586084259,1.6850470436825142,3.824787155403339,2.685047043682514,1.6850470436825142,0.06711029139248235,5.97178840637207,49.0,281.0,28.0,13.0,1.338433185728042e-22,1.338433185728042e-22,1.0,9.195991121277464e-23,9.195991121277464e-23,0.687071362196933,0.687071362196933,0.687071362196933,0.0,3.133867477769694e-23,3.133867477769694e-23,0.0,3.133867477769694e-23,0.23414448410176142,0.3407862661501082,4.648718749948827e-23,4.648718749948827e-23,0.0,4.648718749948827e-23,0.34732542494604635,0.505515793636722,1.413404893558944e-23,1.413404893558944e-23,0.0,1.413404893558944e-23,0.10560145314912535,0.15369794021316982,10037,262,train_increment
50263,203.90145181776757,65.78636950537062,152.39738640468397,115.78636950537062,65.78636950537062,50.0,0.9311351587324465,0.15639355436074004,0.5476350439663735,0.15639355436074004,0.15639355436074004,4.0780290363553515,1.3157273901074122,3.0479477280936793,2.3157273901074125,1.3157273901074122,0.030094560943321743,5.949049234390259,49.0,281.0,28.0,13.0,1.3497685994967578e-22,1.3497685994967578e-22,1.0,1.1330304730451407e-22,1.1330304730451407e-22,0.8394257159838917,0.8394257159838917,0.8394257159838917,0.0,2.662375741401175e-24,2.662375741401175e-24,0.0,2.662375741401175e-24,0.019724682752242158,0.023497829976679756,8.481382162802314e-23,8.481382162802314e-23,0.0,8.481382162802314e-23,0.6283582360683511,0.7485572863726861,2.582684993508976e-23,2.582684993508976e-23,0.0,2.582684993508976e-23,0.1913427971632985,0.22794488365063417,10037,263,train_increment
50264,156.8708730748389,81.91063776827713,186.52143764620763,131.91063776827713,81.91063776827713,50.0,0.5809446989935882,0.35998280010450917,0.8017232885048967,0.35998280010450917,0.35998280010450917,3.137417461496778,1.6382127553655426,3.7304287529241527,2.638212755365543,1.6382127553655426,0.034864145887639385,5.939762353897095,49.0,281.0,28.0,13.0,1.346285021320023e-22,1.346285021320023e-22,1.0,8.742148224860236e-23,8.742148224860236e-23,0.6493534494121179,0.6493534494121179,0.6493534494121179,0.0,3.904222595216552e-23,3.904222595216552e-23,0.0,3.904222595216552e-23,0.2899997053661408,0.4465976204926416,1.2441827505113224e-23,1.2441827505113224e-23,0.0,1.2441827505113224e-23,0.09241599890128838,0.14232002461056575,3.593742879132361e-23,3.593742879132361e-23,0.0,3.593742879132361e-23,0.2669377451446887,0.41108235489679257,10037,264,train_increment
50265,146.51323097967668,101.77559254154892,82.17852450067046,151.77559254154892,101.77559254154892,50.0,0.5038215262820304,0.6108029361306682,0.024784247957337812,0.6108029361306682,0.6108029361306682,2.9302646195935336,2.0355118508309786,1.6435704900134094,3.035511850830978,2.0355118508309786,0.046093887030632066,5.883135795593262,49.0,281.0,28.0,13.0,1.3459097107363632e-22,1.3459097107363632e-22,1.0,1.2161681024555848e-22,1.2161681024555848e-22,0.9036030372276643,0.9036030372276643,0.9036030372276643,0.0,1.9898281324120167e-23,1.9898281324120167e-23,0.0,1.9898281324120167e-23,0.14784261652465217,0.163614563512587,4.745023380210285e-23,4.745023380210285e-23,0.0,4.745023380210285e-23,0.35255138902402494,0.3901618016974406,5.426829511933549e-23,5.426829511933549e-23,0.0,5.426829511933549e-23,0.4032090316789873,0.4462236347899726,10037,265,train_increment
50266,96.96189135947549,130.44165396324658,160.02823053249438,180.44165396324658,130.44165396324658,50.0,0.13486143975782197,0.9727481561015983,0.6044544343447087,0.9727481561015983,0.9727481561015983,1.9392378271895097,2.6088330792649317,3.200564610649888,3.6088330792649317,2.6088330792649317,0.059293619150001246,5.965808391571045,49.0,281.0,28.0,13.0,1.344460456211525e-22,1.344460456211525e-22,1.0,4.0393395485491636e-23,4.0393395485491636e-23,0.3004431651289602,0.3004431651289602,0.3004431651289602,0.0,4.3599568779771606e-24,4.3599568779771606e-24,0.0,4.3599568779771606e-24,0.03242904510752829,0.10793737009663264,1.7204422237213873e-23,1.7204422237213873e-23,0.0,1.7204422237213873e-23,0.12796525295874592,0.42592166443133755,1.8829016370300598e-23,1.8829016370300598e-23,0.0,1.8829016370300598e-23,0.14004886706268596,0.4661409654720297,10037,266,train_increment
50267,104.71118684073343,131.42646666325604,103.98373861000869,181.42646666325604,131.42646666325604,50.0,0.19256282085430704,0.9851826598895965,0.1871462294118294,0.9851826598895965,0.9851826598895965,2.094223736814669,2.6285293332651207,2.079674772200174,3.628529333265121,2.6285293332651207,0.06915903844283242,5.965271234512329,49.0,281.0,28.0,13.0,1.3393104437243375e-22,1.3393104437243375e-22,1.0,7.964322521288557e-23,7.964322521288557e-23,0.5946584347644949,0.5946584347644949,0.5946584347644949,0.0,3.8694326613766175e-23,3.8694326613766175e-23,0.0,3.8694326613766175e-23,0.2889123040522665,0.48584580182855,7.83719283041594e-24,7.83719283041594e-24,0.0,7.83719283041594e-24,0.058516625978233795,0.09840376013737766,3.311170576870346e-23,3.311170576870346e-23,0.0,3.311170576870346e-23,0.2472295047339947,0.4157504380340725,10037,267,train_increment
50268,91.7985624927928,116.31939452854601,109.39341803799495,166.319394528546,116.31939452854601,50.0,0.09641520843479376,0.7944367996028537,0.22742679104985072,0.7944367996028537,0.7944367996028537,1.835971249855856,2.32638789057092,2.1878683607598988,3.3263878905709205,2.32638789057092,0.04236830164730625,5.940162181854248,49.0,281.0,28.0,13.0,1.3448949014875153e-22,1.3448949014875153e-22,1.0,1.0749586282598142e-22,1.0749586282598142e-22,0.7992882024244874,0.7992882024244874,0.7992882024244874,0.0,8.166154890786061e-24,8.166154890786061e-24,0.0,8.166154890786061e-24,0.060719650894310924,0.07596715516396903,2.7795103205175527e-24,2.7795103205175527e-24,0.0,2.7795103205175527e-24,0.02066711917372344,0.025856905070078227,9.655019761467781e-23,9.655019761467781e-23,0.0,9.655019761467781e-23,0.7179014323564531,0.8981759397659528,10037,268,train_increment
50269,171.77300054527308,102.09672294605164,114.75763155505607,152.09672294605164,102.09672294605164,50.0,0.6919061842537086,0.6148576129551975,0.2673688127703356,0.6148576129551975,0.6148576129551975,3.435460010905462,2.0419344589210326,2.295152631101121,3.041934458921033,2.0419344589210326,0.02808202223217912,5.989402770996094,49.0,281.0,28.0,13.0,1.3484993401099699e-22,1.3484993401099699e-22,1.0,1.0460056751897862e-22,1.0460056751897862e-22,0.775681265891079,0.775681265891079,0.775681265891079,0.0,2.4925104909157288e-23,2.4925104909157288e-23,0.0,2.4925104909157288e-23,0.18483587027283715,0.23828842902439226,3.135618945112938e-23,3.135618945112938e-23,0.0,3.135618945112938e-23,0.23252654649851212,0.2997707392499582,4.831927315869196e-23,4.831927315869196e-23,0.0,4.831927315869196e-23,0.3583188491197299,0.46194083172564965,10037,269,train_increment
50270,156.6699355630778,64.46332667661846,180.9875689395867,114.46332667661846,64.46332667661846,50.0,0.5794485149894102,0.13968846813912197,0.7605180114637878,0.13968846813912197,0.13968846813912197,3.1333987112615556,1.2892665335323692,3.619751378791734,2.2892665335323694,1.2892665335323692,0.021997961232494003,5.938645601272583,49.0,281.0,28.0,13.0,1.3500498047854916e-22,1.3500498047854916e-22,1.0,1.0810829952375003e-22,1.0810829952375003e-22,0.8007726762415797,0.8007726762415797,0.8007726762415797,0.0,8.645498756027984e-24,8.645498756027984e-24,0.0,8.645498756027984e-24,0.06403836899485098,0.07997072189752348,9.199098749062647e-23,9.199098749062647e-23,0.0,9.199098749062647e-23,0.6813895840327375,0.85091512766249,7.471813277095567e-24,7.471813277095567e-24,0.0,7.471813277095567e-24,0.055344723213991046,0.06911415043998638,10037,270,train_increment
50271,199.28734722377678,97.24225540973518,144.57441981043618,147.24225540973518,97.24225540973518,50.0,0.8967784603408546,0.5535638309309997,0.48938510655574224,0.5535638309309997,0.5535638309309997,3.985746944475536,1.9448451081947038,2.891488396208724,2.9448451081947034,1.9448451081947038,0.03839779282818015,5.974387168884277,49.0,281.0,28.0,13.0,1.3461123721978361e-22,1.3461123721978361e-22,1.0,9.900528540607876e-23,9.900528540607876e-23,0.7354904943368882,0.7354904943368882,0.7354904943368882,0.0,4.514083324564664e-23,4.514083324564664e-23,0.0,4.514083324564664e-23,0.33534223574473143,0.45594367068886876,2.5040020366239907e-23,2.5040020366239907e-23,0.0,2.5040020366239907e-23,0.18601731091258267,0.25291599598482134,2.882443179419222e-23,2.882443179419222e-23,0.0,2.882443179419222e-23,0.21413094767957408,0.29114033332630995,10037,271,train_increment
50272,118.26185071970977,99.06497440407841,138.45584201195254,149.0649744040784,99.06497440407841,50.0,0.29346128607378835,0.5765779596474547,0.44382607603836594,0.5765779596474547,0.5765779596474547,2.3652370143941956,1.9812994880815682,2.7691168402390507,2.9812994880815684,1.9812994880815682,0.057401777339542416,5.944105386734009,49.0,281.0,28.0,13.0,1.3448189015919796e-22,1.3448189015919796e-22,1.0,1.2435588708348377e-22,1.2435588708348377e-22,0.9247035934449824,0.9247035934449824,0.9247035934449824,0.0,4.562216730989895e-23,4.562216730989895e-23,0.0,4.562216730989895e-23,0.33924394768613086,0.366867772647317,6.767178060029859e-24,6.767178060029859e-24,0.0,6.767178060029859e-24,0.05032036694322901,0.054417834320033866,7.196654171355495e-23,7.196654171355495e-23,0.0,7.196654171355495e-23,0.5351392788156224,0.578714393032649,10037,272,train_increment
50273,95.51824732146453,127.39227397490177,190.29966950856792,177.39227397490177,127.39227397490177,50.0,0.12411204260211864,0.9342458835214871,0.8298560648441393,0.9342458835214871,0.9342458835214871,1.9103649464292907,2.547845479498035,3.8059933901713587,3.5478454794980356,2.547845479498035,0.06456703412307312,5.927781581878662,49.0,281.0,28.0,13.0,1.3431831143796913e-22,1.3431831143796913e-22,1.0,4.328469113075232e-23,4.328469113075232e-23,0.32225458068494295,0.32225458068494295,0.32225458068494295,0.0,1.38062233927581e-23,1.38062233927581e-23,0.0,1.38062233927581e-23,0.10278735077111277,0.3189631953489728,1.0829474743793838e-23,1.0829474743793838e-23,0.0,1.0829474743793838e-23,0.08062545328225858,0.2501917990145911,1.8648992994200384e-23,1.8648992994200384e-23,0.0,1.8648992994200384e-23,0.13884177663157166,0.43084500563643624,10037,273,train_increment
50274,134.84242009802512,129.86583976273602,151.25735831790243,179.86583976273602,129.86583976273602,50.0,0.416920477274945,0.9654777747820205,0.539146376157129,0.9654777747820205,0.9654777747820205,2.6968484019605024,2.5973167952547205,3.0251471663580487,3.5973167952547205,2.5973167952547205,0.18539714486556855,5.960691452026367,49.0,281.0,28.0,13.0,1.2899166254229148e-22,1.2899166254229148e-22,1.0,6.855975622526547e-23,6.855975622526547e-23,0.5315053304533331,0.5315053304533331,0.5315053304533331,0.0,2.52454012009811e-23,2.52454012009811e-23,0.0,2.52454012009811e-23,0.19571343374773612,0.3682247807012728,9.517001033388657e-24,9.517001033388657e-24,0.0,9.517001033388657e-24,0.0737799703160535,0.1388132274292054,3.3797353990895716e-23,3.3797353990895716e-23,0.0,3.3797353990895716e-23,0.2620119263895435,0.49296199186952183,10037,274,train_increment
50275,116.14452818348342,80.73924070959441,185.39078740491473,130.7392407095944,80.73924070959441,50.0,0.2776956677846867,0.34519243320194964,0.7933044482867813,0.34519243320194964,0.34519243320194964,2.3228905636696684,1.6147848141918884,3.7078157480982945,2.6147848141918884,1.6147848141918884,0.07824201014451276,5.9322686195373535,49.0,281.0,28.0,13.0,1.3423823493989104e-22,1.3423823493989104e-22,1.0,9.425871000345659e-23,9.425871000345659e-23,0.7021748315274228,0.7021748315274228,0.7021748315274228,0.0,3.532199439492084e-23,3.532199439492084e-23,0.0,3.532199439492084e-23,0.2631291629447993,0.37473454064484374,4.379215093559947e-23,4.379215093559947e-23,0.0,4.379215093559947e-23,0.32622710627272955,0.46459527118495,1.5144564672936275e-23,1.5144564672936275e-23,0.0,1.5144564672936275e-23,0.11281856230989391,0.16067018817020629,10037,275,train_increment
50276,98.13789131452853,69.60818573259039,104.13366280807104,119.60818573259039,69.60818573259039,50.0,0.1436179546874798,0.20464880975492908,0.18826256744654535,0.20464880975492908,0.20464880975492908,1.9627578262905707,1.3921637146518078,2.0826732561614207,2.3921637146518075,1.3921637146518078,0.04274062964536686,5.916813611984253,49.0,281.0,28.0,13.0,1.3462703294527095e-22,1.3462703294527095e-22,1.0,1.2929309477235256e-22,1.2929309477235256e-22,0.9603798876330673,0.9603798876330673,0.9603798876330673,0.0,3.316343087681871e-23,3.316343087681871e-23,0.0,3.316343087681871e-23,0.2463355995545146,0.25649808240115096,9.315914964009104e-23,9.315914964009104e-23,0.0,9.315914964009104e-23,0.6919795200267277,0.7205268758097031,2.970514255442789e-24,2.970514255442789e-24,0.0,2.970514255442789e-24,0.022064768051824873,0.022975041789145806,10037,276,train_increment
50277,192.50089604118676,125.611088065779,90.75589457277768,175.611088065779,125.611088065779,50.0,0.8462464336648307,0.9117561624467047,0.08865148602217186,0.9117561624467047,0.9117561624467047,3.8500179208237353,2.51222176131558,1.8151178914555537,3.51222176131558,2.51222176131558,0.07381873331943968,5.940653324127197,49.0,281.0,28.0,13.0,1.3380479014344626e-22,1.3380479014344626e-22,1.0,9.863041526443342e-23,9.863041526443342e-23,0.7371217066197411,0.7371217066197411,0.7371217066197411,0.0,3.2677093190487527e-24,3.2677093190487527e-24,0.0,3.2677093190487527e-24,0.02442146738951262,0.0331308482306178,9.17779694878735e-23,9.17779694878735e-23,0.0,9.17779694878735e-23,0.6859094460630472,0.9305240096760401,3.584736457511179e-24,3.584736457511179e-24,0.0,3.584736457511179e-24,0.026790793167181384,0.03634514209334219,10037,277,train_increment
50278,84.21911102037822,112.7548621853947,199.01465994358438,162.7548621853947,112.7548621853947,50.0,0.03997848861041122,0.749430078098418,0.8947480263855873,0.749430078098418,0.749430078098418,1.6843822204075645,2.255097243707894,3.9802931988716876,3.255097243707894,2.255097243707894,0.05933351941537486,5.954110145568848,49.0,281.0,28.0,13.0,1.3437455784982874e-22,1.3437455784982874e-22,1.0,1.1720226190576888e-22,1.1720226190576888e-22,0.8722057492218811,0.8722057492218811,0.8722057492218811,0.0,5.606160859897545e-23,5.606160859897545e-23,0.0,5.606160859897545e-23,0.4172040414200098,0.4783321387094835,4.297483066573442e-24,4.297483066573442e-24,0.0,4.297483066573442e-24,0.031981374564790194,0.03666723659334012,5.684317024021999e-23,5.684317024021999e-23,0.0,5.684317024021999e-23,0.4230203332370811,0.4850006246971764,10037,278,train_increment
50279,157.85031308086843,104.60617503329303,208.32162629169463,154.60617503329303,104.60617503329303,50.0,0.588237625322922,0.6465426140567302,0.9640478502732288,0.6465426140567302,0.6465426140567302,3.1570062616173686,2.0921235006658607,4.166432525833892,3.0921235006658607,2.0921235006658607,0.05182851069843507,5.87475061416626,49.0,281.0,28.0,13.0,1.346857737106153e-22,1.346857737106153e-22,1.0,1.0565945016326274e-22,1.0565945016326274e-22,0.7844885710816181,0.7844885710816181,0.7844885710816181,0.0,4.883085227833304e-23,4.883085227833304e-23,0.0,4.883085227833304e-23,0.36255389810694183,0.46215319313966374,5.2845318875680214e-24,5.2845318875680214e-24,0.0,5.2845318875680214e-24,0.03923600646139749,0.05001475854173455,5.154406599736169e-23,5.154406599736169e-23,0.0,5.154406599736169e-23,0.3826986665132788,0.4878320483186018,10037,279,train_increment
50280,116.24772955918175,78.67745521610668,208.63304569902732,128.6774552161067,78.67745521610668,50.0,0.27846410691870255,0.319159788082155,0.9663666842816628,0.31915978808215517,0.319159788082155,2.324954591183635,1.5735491043221337,4.172660913980546,2.573549104322134,1.5735491043221337,0.08914492330050126,5.9306559562683105,49.0,281.0,28.0,13.0,1.336995011794011e-22,1.336995011794011e-22,1.0,9.822296598654754e-23,9.822296598654754e-23,0.7346546929501979,0.7346546929501979,0.7346546929501979,0.0,7.746520588097324e-24,7.746520588097324e-24,0.0,7.746520588097324e-24,0.05793978675883661,0.07886669385608122,7.812655253268293e-23,7.812655253268293e-23,0.0,7.812655253268293e-23,0.5843443830643086,0.7954000548444344,1.2349892865767288e-23,1.2349892865767288e-23,0.0,1.2349892865767288e-23,0.09237052312705277,0.12573325129948437,10037,280,train_increment
50281,86.84932033047427,78.83794722249338,206.23331607397088,128.83794722249337,78.83794722249338,50.0,0.05956307021946594,0.32118620230420936,0.9484982581829552,0.3211862023042092,0.32118620230420936,1.7369864066094853,1.5767589444498677,4.124666321479418,2.5767589444498675,1.5767589444498677,0.05099212465311236,5.958618879318237,49.0,281.0,28.0,13.0,1.3330297990168586e-22,1.3330297990168586e-22,1.0,1.0085585325869016e-22,1.0085585325869016e-22,0.7565911379706123,0.7565911379706123,0.7565911379706123,0.0,6.862652124583643e-24,6.862652124583643e-24,0.0,6.862652124583643e-24,0.05148161076102735,0.06804416305894798,8.541158794032107e-23,8.541158794032107e-23,0.0,8.541158794032107e-23,0.6407327728405934,0.846867932605207,8.581613193785454e-24,8.581613193785454e-24,0.0,8.581613193785454e-24,0.0643767543689916,0.08508790433584505,10037,281,train_increment
50282,125.99637003712111,87.7119115190342,185.10210641187672,137.7119115190342,87.7119115190342,50.0,0.3510526436122198,0.43323120604841164,0.7911549248836688,0.43323120604841164,0.43323120604841164,2.5199274007424224,1.7542382303806843,3.7020421282375344,2.754238230380684,1.7542382303806843,0.04776407650317967,5.9334776401519775,49.0,281.0,28.0,13.0,1.3462838995561829e-22,1.3462838995561829e-22,1.0,1.0587674295252141e-22,1.0587674295252141e-22,0.7864369691075176,0.7864369691075176,0.7864369691075176,0.0,5.95544672928997e-23,5.95544672928997e-23,0.0,5.95544672928997e-23,0.44236187710877684,0.5624886602301874,1.0338797290584693e-23,1.0338797290584693e-23,0.0,1.0338797290584693e-23,0.0767950749020544,0.09764937041197941,3.5983478369037015e-23,3.5983478369037015e-23,0.0,3.5983478369037015e-23,0.26728001709668636,0.3398619693578332,10037,282,train_increment
50283,176.1929728028876,86.82516162896874,94.70705724287345,136.82516162896874,86.82516162896874,50.0,0.7248173700885152,0.42203486905263565,0.11807190798863329,0.42203486905263565,0.42203486905263565,3.5238594560577523,1.7365032325793748,1.894141144857469,2.7365032325793752,1.7365032325793748,0.017736941169566027,5.851732969284058,49.0,281.0,28.0,13.0,1.349646410413952e-22,1.349646410413952e-22,1.0,1.2713119656075136e-22,1.2713119656075136e-22,0.9419592834078576,0.9419592834078576,0.9419592834078576,0.0,4.1946723849997383e-23,4.1946723849997383e-23,0.0,4.1946723849997383e-23,0.31079787658703767,0.32994831311882267,6.024756294322989e-23,6.024756294322989e-23,0.0,6.024756294322989e-23,0.4463951630468255,0.4739006992232609,2.4936909767524094e-23,2.4936909767524094e-23,0.0,2.4936909767524094e-23,0.18476624377399453,0.19615098765791647,10037,283,train_increment
50284,179.41764902992566,83.34284812586083,107.50775159452256,133.34284812586083,83.34284812586083,50.0,0.748828362099223,0.37806626421541445,0.21338608782220822,0.37806626421541445,0.37806626421541445,3.588352980598513,1.6668569625172165,2.1501550318904514,2.6668569625172167,1.6668569625172165,0.01450234809592053,5.9252214431762695,49.0,281.0,28.0,13.0,1.3536008013233682e-22,1.3536008013233682e-22,1.0,1.2389263919985733e-22,1.2389263919985733e-22,0.9152819581573225,0.9152819581573225,0.9152819581573225,0.0,3.2297331140058293e-23,3.2297331140058293e-23,0.0,3.2297331140058293e-23,0.23860307343555293,0.26068805498571934,6.258825342350113e-23,6.258825342350113e-23,0.0,6.258825342350113e-23,0.46238339518054944,0.5051813717725145,2.90070546362979e-23,2.90070546362979e-23,0.0,2.90070546362979e-23,0.2142954895412201,0.23413057324176614,10037,284,train_increment
50285,104.87333129498418,61.06579367664628,80.76616987133703,111.06579367664628,61.06579367664628,50.0,0.19377015111678472,0.09679032420007923,0.014267832251206498,0.09679032420007923,0.09679032420007923,2.097466625899684,1.2213158735329255,1.6153233974267405,2.2213158735329257,1.2213158735329255,0.03155186152321707,5.945626258850098,49.0,281.0,28.0,13.0,1.3439741673485419e-22,1.3439741673485419e-22,1.0,1.2343601747114042e-22,1.2343601747114042e-22,0.9184404021296112,0.9184404021296112,0.9184404021296112,0.0,1.1951869820561984e-23,1.1951869820561984e-23,0.0,1.1951869820561984e-23,0.08892931211722037,0.09682643741609984,1.0685570147601358e-22,1.0685570147601358e-22,0.0,1.0685570147601358e-22,0.7950725845186724,0.8656768394281406,4.628446174564868e-24,4.628446174564868e-24,0.0,4.628446174564868e-24,0.03443850549371863,0.037496723155759686,10037,285,train_increment
50286,107.41890481389022,70.01560489715173,128.895864815046,120.01560489715173,70.01560489715173,50.0,0.21272453323819973,0.20979299112565314,0.3726423292259568,0.20979299112565314,0.20979299112565314,2.1483780962778045,1.4003120979430348,2.57791729630092,2.4003120979430346,1.4003120979430348,0.036941828001510586,5.878691673278809,49.0,281.0,28.0,13.0,1.3446556698069617e-22,1.3446556698069617e-22,1.0,1.2225204239095448e-22,1.2225204239095448e-22,0.9091698725258411,0.9091698725258411,0.9091698725258411,0.0,4.193460039313208e-23,4.193460039313208e-23,0.0,4.193460039313208e-23,0.31186125440687873,0.3430175854161014,7.64112952745259e-23,7.64112952745259e-23,0.0,7.64112952745259e-23,0.56825919817447,0.6250308279526922,3.906146723296523e-24,3.906146723296523e-24,0.0,3.906146723296523e-24,0.02904941994449247,0.0319515866312066,10037,286,train_increment
50287,122.09024987708918,110.04453020471857,160.28072638892814,160.04453020471857,110.04453020471857,50.0,0.32196760891354564,0.7152087147060425,0.6063345226279088,0.7152087147060425,0.7152087147060425,2.4418049975417837,2.2008906040943716,3.205614527778563,3.200890604094371,2.2008906040943716,0.01749365266422084,5.859222173690796,49.0,281.0,28.0,13.0,1.3522812209216572e-22,1.3522812209216572e-22,1.0,9.475017283068223e-23,9.475017283068223e-23,0.7006691460678908,0.7006691460678908,0.7006691460678908,0.0,2.2337494507753153e-23,2.2337494507753153e-23,0.0,2.2337494507753153e-23,0.16518379581230055,0.23575149089880892,8.692622318870798e-24,8.692622318870798e-24,0.0,8.692622318870798e-24,0.06428117306063215,0.09174254842156797,6.372005600405827e-23,6.372005600405827e-23,0.0,6.372005600405827e-23,0.471204177194958,0.6725059606796231,10037,287,train_increment
50288,175.1802536721162,129.58544631482084,124.18033683452938,179.58544631482084,129.58544631482084,50.0,0.7172766468512003,0.9619374534699602,0.33753043063685323,0.9619374534699602,0.9619374534699602,3.503605073442324,2.5917089262964166,2.4836067366905876,3.591708926296417,2.5917089262964166,0.03485011236871995,5.9636616706848145,49.0,281.0,28.0,13.0,1.351100090932498e-22,1.351100090932498e-22,1.0,1.0431232831654042e-22,1.0431232831654042e-22,0.7720547797798346,0.7720547797798346,0.7720547797798346,0.0,3.870212386114256e-24,3.870212386114256e-24,0.0,3.870212386114256e-24,0.02864489768069755,0.03710215703718091,8.316367016743755e-23,8.316367016743755e-23,0.0,8.316367016743755e-23,0.6155256055829285,0.7972563886703178,1.727844576298862e-23,1.727844576298862e-23,0.0,1.727844576298862e-23,0.12788427651620862,0.1656414542925013,10037,288,train_increment
50289,192.4136527235196,91.34101757744114,209.81343586270268,141.34101757744114,91.34101757744114,50.0,0.8455968184923275,0.4790532522404184,0.9751558887766394,0.4790532522404184,0.4790532522404184,3.848273054470392,1.8268203515488228,4.196268717254054,2.8268203515488226,1.8268203515488228,0.06493599072187231,5.931671857833862,49.0,281.0,28.0,13.0,1.3403121409001757e-22,1.3403121409001757e-22,1.0,1.0286919966045711e-22,1.0286919966045711e-22,0.7675018118642756,0.7675018118642756,0.7675018118642756,0.0,4.6729200765398474e-23,4.6729200765398474e-23,0.0,4.6729200765398474e-23,0.34864416533610126,0.45425842642538966,2.550346246562671e-24,2.550346246562671e-24,0.0,2.550346246562671e-24,0.019028002274528503,0.024792126846331666,5.358965264849596e-23,5.358965264849596e-23,0.0,5.358965264849596e-23,0.39982964425364576,0.5209494467282787,10037,289,train_increment
50290,131.69167017274106,82.17298069736526,116.84779628567952,132.17298069736526,82.17298069736526,50.0,0.39345994171810167,0.36329521082531896,0.28293221359403964,0.36329521082531896,0.36329521082531896,2.633833403454821,1.6434596139473052,2.3369559257135903,2.6434596139473054,1.6434596139473052,0.08010006482390232,5.915338754653931,49.0,281.0,28.0,13.0,1.340263855117877e-22,1.340263855117877e-22,1.0,1.1525530767346733e-22,1.1525530767346733e-22,0.8599449073655019,0.8599449073655019,0.8599449073655019,0.0,6.960979278501386e-23,6.960979278501386e-23,0.0,6.960979278501386e-23,0.5193737973250918,0.6039617106591488,1.5273450509444912e-23,1.5273450509444912e-23,0.0,1.5273450509444912e-23,0.11395853474017324,0.1325184134054503,3.037206437900855e-23,3.037206437900855e-23,0.0,3.037206437900855e-23,0.22661257530023673,0.2635198759354007,10037,290,train_increment
50291,169.9543660227476,73.43301621600042,182.90914645062014,123.43301621600042,73.43301621600042,50.0,0.6783646018075026,0.25294212393939924,0.7748261090887576,0.25294212393939924,0.25294212393939924,3.399087320454952,1.4686603243200085,3.658182929012403,2.4686603243200085,1.4686603243200085,0.02738342621472072,5.985785722732544,49.0,281.0,28.0,13.0,1.3452217922086069e-22,1.3452217922086069e-22,1.0,9.420949931225714e-23,9.420949931225714e-23,0.7003268892751319,0.7003268892751319,0.7003268892751319,0.0,2.5715967723190508e-23,2.5715967723190508e-23,0.0,2.5715967723190508e-23,0.19116526265137004,0.2729657615306393,4.394728048463949e-23,4.394728048463949e-23,0.0,4.394728048463949e-23,0.3266917079337983,0.4664845987449349,2.4546251104427143e-23,2.4546251104427143e-23,0.0,2.4546251104427143e-23,0.18246991868996346,0.26054963972442585,10037,291,train_increment
50292,176.5967223353473,73.28341817587228,210.07488196945886,123.28341817587228,73.28341817587228,50.0,0.7278236957211265,0.2510532597963672,0.9771026207703563,0.2510532597963672,0.2510532597963672,3.531934446706946,1.4656683635174457,4.201497639389177,2.465668363517446,1.4656683635174457,0.030734918996877834,5.936173677444458,49.0,281.0,28.0,13.0,1.3488893286964448e-22,1.3488893286964448e-22,1.0,8.704600382343984e-23,8.704600382343984e-23,0.6453161276586001,0.6453161276586001,0.6453161276586001,0.0,6.988386189687527e-24,6.988386189687527e-24,0.0,6.988386189687527e-24,0.05180844744647097,0.08028382559482514,5.856478279586645e-23,5.856478279586645e-23,0.0,5.856478279586645e-23,0.43417040634803566,0.6728026586338943,2.1492834837885865e-23,2.1492834837885865e-23,0.0,2.1492834837885865e-23,0.1593372738640935,0.24691351577128062,10037,292,train_increment
50293,128.59148674878026,108.33271092565442,189.56891292243677,158.33271092565442,108.33271092565442,50.0,0.37037592515845313,0.6935948349198792,0.8244148393331107,0.6935948349198792,0.6935948349198792,2.571829734975605,2.166654218513089,3.7913782584487357,3.1666542185130884,2.166654218513089,0.0356032203745342,5.885682106018066,49.0,281.0,28.0,13.0,1.3457780171448343e-22,1.3457780171448343e-22,1.0,1.0096737555211287e-22,1.0096737555211287e-22,0.7502528222769048,0.7502528222769048,0.7502528222769048,0.0,3.577952770063227e-23,3.577952770063227e-23,0.0,3.577952770063227e-23,0.265865003327526,0.3543672152017577,6.4793427334465726e-24,6.4793427334465726e-24,0.0,6.4793427334465726e-24,0.04814570197240232,0.0641726369336237,5.870850511803403e-23,5.870850511803403e-23,0.0,5.870850511803403e-23,0.43624211697697646,0.5814601478646185,10037,293,train_increment
50294,85.01042331402186,67.35178488999458,177.34566339161296,117.35178488999458,67.35178488999458,50.0,0.04587061291155524,0.1761589001261941,0.7334003230946609,0.1761589001261941,0.1761589001261941,1.7002084662804373,1.3470356977998916,3.5469132678322595,2.3470356977998916,1.3470356977998916,0.02004286159626392,5.947055816650391,49.0,281.0,28.0,13.0,1.3486287584129591e-22,1.3486287584129591e-22,1.0,1.2983567525264647e-22,1.2983567525264647e-22,0.9627236142097002,0.9627236142097002,0.9627236142097002,0.0,5.671339383828944e-24,5.671339383828944e-24,0.0,5.671339383828944e-24,0.04205263567494193,0.0436809018229629,1.2194785869932873e-22,1.2194785869932873e-22,0.0,1.2194785869932873e-22,0.9042359354907622,0.9392476949192209,2.2164771694887965e-24,2.2164771694887965e-24,0.0,2.2164771694887965e-24,0.016435043043996074,0.01707140325781621,10037,294,train_increment
50295,82.62599345087291,112.02177374787084,94.0538347644182,162.02177374787084,112.02177374787084,50.0,0.02811610909063974,0.7401739109579651,0.1132080027134639,0.7401739109579651,0.7401739109579651,1.6525198690174583,2.240435474957417,1.881076695288364,3.2404354749574167,2.240435474957417,0.01452063640449494,5.9367287158966064,49.0,281.0,28.0,13.0,1.351562707206147e-22,1.351562707206147e-22,1.0,1.1491351620695743e-22,1.1491351620695743e-22,0.8502270415887574,0.8502270415887574,0.8502270415887574,0.0,4.3559696846309675e-24,4.3559696846309675e-24,0.0,4.3559696846309675e-24,0.032229134922162166,0.037906504199087726,3.2118125031472435e-24,3.2118125031472435e-24,0.0,3.2118125031472435e-24,0.023763695802072483,0.02794982356438228,1.0734573401917921e-22,1.0734573401917921e-22,0.0,1.0734573401917921e-22,0.7942342108645227,0.9341436722365299,10037,295,train_increment
50296,130.4522615374922,130.19770952016592,99.39006659182374,180.19770952016592,130.19770952016592,50.0,0.38423128471699336,0.9696680494970444,0.15294167231439867,0.9696680494970444,0.9696680494970444,2.609045230749844,2.6039541904033183,1.987801331836475,3.6039541904033183,2.6039541904033183,0.023342691927501106,5.954885005950928,49.0,281.0,28.0,13.0,1.3496503622255706e-22,1.3496503622255706e-22,1.0,9.080651766140903e-23,9.080651766140903e-23,0.6728151245902626,0.6728151245902626,0.6728151245902626,0.0,3.174187413211727e-23,3.174187413211727e-23,0.0,3.174187413211727e-23,0.23518590459068958,0.349555020383817,5.418183336528148e-23,5.418183336528148e-23,0.0,5.418183336528148e-23,0.4014508859608333,0.5966733970276198,4.882810164010287e-24,4.882810164010287e-24,0.0,4.882810164010287e-24,0.03617833403873981,0.053771582588563294,10037,296,train_increment
50297,191.05571192383374,90.45311639417422,81.51862776533311,140.45311639417423,90.45311639417422,50.0,0.8354855690531179,0.4678423787143209,0.019870646056091682,0.4678423787143211,0.4678423787143209,3.8211142384766745,1.8090623278834843,1.6303725553066621,2.8090623278834848,1.8090623278834843,0.019094814178969216,5.948873281478882,49.0,281.0,28.0,13.0,1.3464223785644016e-22,1.3464223785644016e-22,1.0,1.2606695535427308e-22,1.2606695535427308e-22,0.9363106062503929,0.9363106062503929,0.9363106062503929,0.0,4.6945763107068713e-23,4.6945763107068713e-23,0.0,4.6945763107068713e-23,0.34867040131287613,0.372387537837666,7.101562332304474e-23,7.101562332304474e-23,0.0,7.101562332304474e-23,0.527439416141938,0.5633167162915673,8.105568924159621e-24,8.105568924159621e-24,0.0,8.105568924159621e-24,0.06020078879557867,0.0642957458707666,10037,297,train_increment
50298,141.24619368004517,67.14490720311716,107.44270401742533,117.14490720311716,67.14490720311716,50.0,0.4646030802683929,0.17354680812016607,0.2129017424975825,0.17354680812016607,0.17354680812016607,2.8249238736009032,1.3428981440623433,2.148854080348507,2.342898144062343,1.3428981440623433,0.03006789618269869,6.028583526611328,49.0,281.0,28.0,13.0,1.3485090742672966e-22,1.3485090742672966e-22,1.0,1.2084007629167468e-22,1.2084007629167468e-22,0.8961013210632811,0.8961013210632811,0.8961013210632811,0.0,7.57293543524845e-24,7.57293543524845e-24,0.0,7.57293543524845e-24,0.05615783816184666,0.06266907194736843,1.0577075220981713e-22,1.0577075220981713e-22,0.0,1.0577075220981713e-22,0.7843532848845453,0.8752953114206553,7.496388646609082e-24,7.496388646609082e-24,0.0,7.496388646609082e-24,0.055590198016889095,0.06203561663197616,10037,298,train_increment
50299,182.6013516092005,65.58839371549303,165.26473881524322,115.58839371549303,65.58839371549303,50.0,0.7725342636574869,0.15389386004410383,0.6434455607985348,0.15389386004410383,0.15389386004410383,3.65202703218401,1.3117678743098606,3.3052947763048643,2.3117678743098606,1.3117678743098606,0.028051490694980044,5.9334869384765625,49.0,281.0,28.0,13.0,1.3486584385101853e-22,1.3486584385101853e-22,1.0,1.0960745959853314e-22,1.0960745959853314e-22,0.8127147428048022,0.8127147428048022,0.8127147428048022,0.0,3.419264914505158e-24,3.419264914505158e-24,0.0,3.419264914505158e-24,0.025353082862717247,0.031195549345173563,8.975132097025236e-23,8.975132097025236e-23,0.0,8.975132097025236e-23,0.6654859259205572,0.8188431818326122,1.643687371377563e-23,1.643687371377563e-23,0.0,1.643687371377563e-23,0.12187573402152775,0.14996126882221436,10037,299,train_increment
50300,141.5554102580611,121.67345140298296,111.80221650749348,171.67345140298295,121.67345140298296,50.0,0.4669055119736493,0.8620385278154415,0.2453627439128331,0.8620385278154413,0.8620385278154415,2.831108205161222,2.4334690280596596,2.23604433014987,3.433469028059659,2.4334690280596596,0.006811599970133896,5.8513569831848145,49.0,281.0,28.0,13.0,1.3510405514681122e-22,1.3510405514681122e-22,1.0,1.0564781049815374e-22,1.0564781049815374e-22,0.7819736453014029,0.7819736453014029,0.7819736453014029,0.0,4.899172566078379e-24,4.899172566078379e-24,0.0,4.899172566078379e-24,0.0362622170056604,0.046372684327083094,8.436190060710966e-23,8.436190060710966e-23,0.0,8.436190060710966e-23,0.6244216764288648,0.7985201038178065,1.6386737324965688e-23,1.6386737324965688e-23,0.0,1.6386737324965688e-23,0.12128975186687765,0.1551072118551104,10037,300,train_increment
50301,91.72036103103545,89.67281285469988,135.37569007039565,139.67281285469988,89.67281285469988,50.0,0.09583291906951197,0.4579900612967157,0.42089121422483733,0.4579900612967157,0.4579900612967157,1.834407220620709,1.7934562570939976,2.707513801407913,2.793456257093998,1.7934562570939976,0.06100615168583881,5.938340902328491,49.0,281.0,28.0,13.0,1.3442839776839868e-22,1.3442839776839868e-22,1.0,1.1899705237301028e-22,1.1899705237301028e-22,0.8852076967994928,0.8852076967994928,0.8852076967994928,0.0,8.43730537124667e-23,8.43730537124667e-23,0.0,8.43730537124667e-23,0.6276430807263631,0.7090348208625321,7.296138136237752e-24,7.296138136237752e-24,0.0,7.296138136237752e-24,0.054275274103973016,0.06131360391488646,2.732786052430581e-23,2.732786052430581e-23,0.0,2.732786052430581e-23,0.20328934196915663,0.22965157522258126,10037,301,train_increment
50302,169.838978405089,127.81198903930878,122.48618435777354,177.8119890393088,127.81198903930878,50.0,0.6775054237162248,0.9395453161528887,0.3249157435426176,0.9395453161528889,0.9395453161528887,3.3967795681017803,2.556239780786176,2.449723687155471,3.556239780786176,2.556239780786176,0.030218340220970884,5.944306373596191,49.0,281.0,28.0,13.0,1.350372923655268e-22,1.350372923655268e-22,1.0,1.063941857135622e-22,1.063941857135622e-22,0.7878874335362726,0.7878874335362726,0.7878874335362726,0.0,3.133791473189561e-24,3.133791473189561e-24,0.0,3.133791473189561e-24,0.023206859514828187,0.029454536938949408,9.110775216837489e-23,9.110775216837489e-23,0.0,9.110775216837489e-23,0.6746858632336846,0.8563226604662221,1.2152642071997738e-23,1.2152642071997738e-23,0.0,1.2152642071997738e-23,0.08999471078775972,0.1142228025948285,10037,302,train_increment
50303,175.98924704493865,78.479400906427,199.92764750060016,128.479400906427,78.479400906427,50.0,0.7233004247575476,0.3166591023538763,0.9015461466909914,0.3166591023538763,0.3166591023538763,3.519784940898773,1.5695880181285402,3.9985529500120034,2.56958801812854,1.5695880181285402,0.02589778028991305,5.958092212677002,49.0,281.0,28.0,13.0,1.3499813526194271e-22,1.3499813526194271e-22,1.0,8.302204096286205e-23,8.302204096286205e-23,0.6149865759387773,0.6149865759387773,0.6149865759387773,0.0,2.3628418093102823e-23,2.3628418093102823e-23,0.0,2.3628418093102823e-23,0.17502773684433184,0.28460415835443553,2.700319363364696e-23,2.700319363364696e-23,0.0,2.700319363364696e-23,0.20002641948536173,0.3252533100905842,3.239042923611227e-23,3.239042923611227e-23,0.0,3.239042923611227e-23,0.23993241960908365,0.39014253155498024,10037,303,train_increment
50304,170.26196069467392,79.23250687050486,128.23637746594483,129.23250687050486,79.23250687050486,50.0,0.6806549567734469,0.32616801604172807,0.3677317756213316,0.32616801604172807,0.32616801604172807,3.4052392138934784,1.5846501374100972,2.5647275493188966,2.5846501374100974,1.5846501374100972,0.02568753706490864,5.940938472747803,49.0,281.0,28.0,13.0,1.3479886253971752e-22,1.3479886253971752e-22,1.0,1.1275822149454642e-22,1.1275822149454642e-22,0.8364923810935201,0.8364923810935201,0.8364923810935201,0.0,2.7045334814932105e-23,2.7045334814932105e-23,0.0,2.7045334814932105e-23,0.2006347405710741,0.23985244230053912,5.504153596017033e-23,5.504153596017033e-23,0.0,5.504153596017033e-23,0.4083234451919261,0.48813767395960944,3.0671350719443985e-23,3.0671350719443985e-23,0.0,3.0671350719443985e-23,0.22753419533051988,0.2720098837398514,10037,304,train_increment
50305,192.3392555132186,76.32280226769598,148.58884637615506,126.32280226769598,76.32280226769598,50.0,0.8450428556457081,0.28942932156181783,0.5192765925253542,0.28942932156181783,0.28942932156181783,3.8467851102643724,1.5264560453539195,2.971776927523101,2.5264560453539198,1.5264560453539195,0.019166662471285775,5.875070810317993,49.0,281.0,28.0,13.0,1.3481476166874955e-22,1.3481476166874955e-22,1.0,1.2110222439141503e-22,1.2110222439141503e-22,0.8982860844940163,0.8982860844940163,0.8982860844940163,0.0,1.1324469470908438e-23,1.1324469470908438e-23,0.0,1.1324469470908438e-23,0.08400021875003234,0.09351165536238683,7.928660103780504e-23,7.928660103780504e-23,0.0,7.928660103780504e-23,0.5881151296518882,0.6547080488095948,3.049115388270155e-23,3.049115388270155e-23,0.0,3.049115388270155e-23,0.22617073609209581,0.2517802958280185,10037,305,train_increment
50306,180.90692880463888,93.8177500194745,212.2540727859648,143.8177500194745,93.8177500194745,50.0,0.7599175636979812,0.5103251265085165,0.9933289112878988,0.5103251265085162,0.5103251265085165,3.6181385760927776,1.87635500038949,4.245081455719297,2.87635500038949,1.87635500038949,0.05253066659850188,5.91826605796814,49.0,281.0,28.0,13.0,1.3465100291494376e-22,1.3465100291494376e-22,1.0,1.0192359348327837e-22,1.0192359348327837e-22,0.7569464116629074,0.7569464116629074,0.7569464116629074,0.0,5.375340325695036e-23,5.375340325695036e-23,0.0,5.375340325695036e-23,0.39920536864404393,0.5273892081303939,9.916516669761763e-25,9.916516669761763e-25,0.0,9.916516669761763e-25,0.007364606616428859,0.009729363271899034,4.717853855935183e-23,4.717853855935183e-23,0.0,4.717853855935183e-23,0.3503764364024346,0.4628814285977069,10037,306,train_increment
50307,129.55221228401547,106.0338554864561,106.86136910784884,156.0338554864561,106.0338554864561,50.0,0.37752950323168627,0.6645688824047489,0.20857311323789166,0.6645688824047489,0.6645688824047489,2.5910442456803096,2.1206771097291224,2.137227382156977,3.120677109729122,2.1206771097291224,0.03310886251394579,5.926961421966553,49.0,281.0,28.0,13.0,1.3495383411169734e-22,1.3495383411169734e-22,1.0,1.1785397877360364e-22,1.1785397877360364e-22,0.8732910743095995,0.8732910743095995,0.8732910743095995,0.0,1.3032476596248905e-23,1.3032476596248905e-23,0.0,1.3032476596248905e-23,0.09656988763625868,0.11058155805909758,6.493447340192807e-24,6.493447340192807e-24,0.0,6.493447340192807e-24,0.04811606415582362,0.05509739601296497,9.832805483716194e-23,9.832805483716194e-23,0.0,9.832805483716194e-23,0.7286051225175172,0.8343210459279375,10037,307,train_increment
50308,167.17333255308938,73.49507930381328,84.4259978003902,123.49507930381328,73.49507930381328,50.0,0.6576569810356618,0.25372574878552123,0.041518970963441634,0.25372574878552123,0.25372574878552123,3.343466651061788,1.4699015860762656,1.6885199560078041,2.469901586076266,1.4699015860762656,0.004758605059218212,5.952820301055908,49.0,281.0,28.0,13.0,1.3452512340455686e-22,1.3452512340455686e-22,1.0,1.2509923123341925e-22,1.2509923123341925e-22,0.9299321053749109,0.9299321053749109,0.9299321053749109,0.0,2.7540787384550475e-23,2.7540787384550475e-23,0.0,2.7540787384550475e-23,0.20472597747951643,0.220151531812077,8.96748051388943e-23,8.96748051388943e-23,0.0,8.96748051388943e-23,0.6666026603017164,0.7168293861980056,7.883638709974482e-24,7.883638709974482e-24,0.0,7.883638709974482e-24,0.058603467593677995,0.06301908198991739,10037,308,train_increment
50309,195.7122908389129,111.46303597587874,178.56240859274928,161.46303597587874,111.46303597587874,50.0,0.8701585319353158,0.7331191411095801,0.7424602277941122,0.7331191411095801,0.7331191411095801,3.914245816778258,2.229260719517575,3.5712481718549856,3.229260719517575,2.229260719517575,0.028861147779816423,5.936172008514404,49.0,281.0,28.0,13.0,1.3478576329137622e-22,1.3478576329137622e-22,1.0,7.338944817158118e-23,7.338944817158118e-23,0.5444896135872292,0.5444896135872292,0.5444896135872292,0.0,2.5263882529237977e-23,2.5263882529237977e-23,0.0,2.5263882529237977e-23,0.1874373221051781,0.3442440726652171,2.9504328894003684e-23,2.9504328894003684e-23,0.0,2.9504328894003684e-23,0.2188979620215677,0.4020241278422466,1.8621236748339515e-23,1.8621236748339515e-23,0.0,1.8621236748339515e-23,0.13815432946048337,0.2537317994925362,10037,309,train_increment
50310,191.0662825050182,66.06324287085519,88.5626042419891,116.06324287085519,66.06324287085519,50.0,0.8355642777737765,0.1598894301875655,0.07232021029031356,0.1598894301875655,0.1598894301875655,3.821325650100364,1.3212648574171038,1.7712520848397824,2.321264857417104,1.3212648574171038,0.033739959751674764,5.921575307846069,49.0,281.0,28.0,13.0,1.3489608651381797e-22,1.3489608651381797e-22,1.0,1.1933465159808017e-22,1.1933465159808017e-22,0.884641316750551,0.884641316750551,0.884641316750551,0.0,1.3231672792299803e-23,1.3231672792299803e-23,0.0,1.3231672792299803e-23,0.09808789220096781,0.11087871473295248,8.762649153219316e-23,8.762649153219316e-23,0.0,8.762649153219316e-23,0.6495851273136617,0.7342920967106831,1.847648727358722e-23,1.847648727358722e-23,0.0,1.847648727358722e-23,0.13696829723592163,0.1548291885563645,10037,310,train_increment
50311,143.7158104107018,54.52682736620062,164.1256762928754,104.52682736620062,54.52682736620062,50.0,0.4829918869002368,0.01422761826010878,0.634964082597732,0.01422761826010878,0.01422761826010878,2.874316208214036,1.0905365473240125,3.282513525857508,2.0905365473240125,1.0905365473240125,0.04641162348028252,5.952464818954468,49.0,281.0,28.0,13.0,1.3466269350371688e-22,1.3466269350371688e-22,1.0,1.1000082833739584e-22,1.1000082833739584e-22,0.8168619346260118,0.8168619346260118,0.8168619346260118,0.0,7.745863336664344e-24,7.745863336664344e-24,0.0,7.745863336664344e-24,0.057520484219711135,0.07041640916472139,9.897063774256548e-23,9.897063774256548e-23,0.0,9.897063774256548e-23,0.7349521620836564,0.8997262951420836,3.284327258166021e-24,3.284327258166021e-24,0.0,3.284327258166021e-24,0.02438928832264423,0.029857295693195087,10037,311,train_increment
50312,158.0472758410429,104.61718347225246,176.34284520172105,154.61718347225246,104.61718347225246,50.0,0.5897042132616747,0.6466816094981371,0.7259333224253243,0.6466816094981371,0.6466816094981371,3.160945516820858,2.0923436694450497,3.526856904034421,3.0923436694450492,2.0923436694450497,0.014717938541982306,5.831494569778442,49.0,281.0,28.0,13.0,1.3488308839457158e-22,1.3488308839457158e-22,1.0,9.947083687371786e-23,9.947083687371786e-23,0.737459662717221,0.737459662717221,0.737459662717221,0.0,3.5573717080137146e-23,3.5573717080137146e-23,0.0,3.5573717080137146e-23,0.2637374151463218,0.3576296148518322,8.341428510931199e-24,8.341428510931199e-24,0.0,8.341428510931199e-24,0.06184191517419987,0.0838580308871933,5.555569128264951e-23,5.555569128264951e-23,0.0,5.555569128264951e-23,0.41188033239669924,0.5585123542609745,10037,312,train_increment
50313,94.83598038812171,54.86544099025242,107.14104870165443,104.86544099025241,54.86544099025242,50.0,0.11903187184007234,0.018503042806217312,0.21065561207486544,0.018503042806217222,0.018503042806217312,1.8967196077624344,1.0973088198050482,2.142820974033089,2.0973088198050482,1.0973088198050482,0.02429531030573333,5.930649995803833,49.0,281.0,28.0,13.0,1.344569000018602e-22,1.344569000018602e-22,1.0,1.0719165023693293e-22,1.0719165023693293e-22,0.7972194081185119,0.7972194081185119,0.7972194081185119,0.0,3.996948581151715e-23,3.996948581151715e-23,0.0,3.996948581151715e-23,0.29726615600214024,0.3728787244451401,6.153959641349745e-23,6.153959641349745e-23,0.0,6.153959641349745e-23,0.4576901327685381,0.5741081164201907,5.682568011918336e-24,5.682568011918336e-24,0.0,5.682568011918336e-24,0.04226311934783353,0.05301315913466929,10037,313,train_increment
50314,135.61382728283587,100.83799043505395,162.44085459540906,150.83799043505394,100.83799043505395,50.0,0.4226643878096491,0.5989645256951257,0.6224188726389357,0.5989645256951255,0.5989645256951257,2.7122765456567177,2.0167598087010794,3.2488170919081814,3.016759808701079,2.0167598087010794,0.03660053260484262,5.930198669433594,49.0,281.0,28.0,13.0,1.3467944374195896e-22,1.3467944374195896e-22,1.0,1.185614943841958e-22,1.185614943841958e-22,0.8803236120528938,0.8803236120528938,0.8803236120528938,0.0,4.391593857697019e-23,4.391593857697019e-23,0.0,4.391593857697019e-23,0.32607751678208274,0.3704064190913586,6.510003612264189e-24,6.510003612264189e-24,0.0,6.510003612264189e-24,0.04833702480043744,0.05490824526189482,6.813555219496143e-23,6.813555219496143e-23,0.0,6.813555219496143e-23,0.5059090704703736,0.5746853356467466,10037,314,train_increment
50315,124.86443855384421,106.30869815868813,118.22665905210414,156.30869815868812,106.30869815868813,50.0,0.34262426324530315,0.6680391181652542,0.2931992483403138,0.6680391181652541,0.6680391181652542,2.4972887710768843,2.1261739631737626,2.364533181042083,3.126173963173762,2.1261739631737626,0.05803966475566079,5.846538543701172,49.0,281.0,28.0,13.0,1.3495771699485564e-22,1.3495771699485564e-22,1.0,1.1669440209179306e-22,1.1669440209179306e-22,0.8646738007300557,0.8646738007300557,0.8646738007300557,0.0,1.3819436059972713e-23,1.3819436059972713e-23,0.0,1.3819436059972713e-23,0.10239826493582051,0.11842415584855731,1.87165273455211e-24,1.87165273455211e-24,0.0,1.87165273455211e-24,0.013868438028063665,0.016038924755618078,1.0100331329726823e-22,1.0100331329726823e-22,0.0,1.0100331329726823e-22,0.7484070977661715,0.8655369193958246,10037,315,train_increment
50316,187.36441271803182,56.099901349852445,173.35456932177817,106.09990134985244,56.099901349852445,50.0,0.8080000946986732,0.034089663508237875,0.703682571271617,0.034089663508237875,0.034089663508237875,3.7472882543606363,1.1219980269970489,3.4670913864355635,2.1219980269970486,1.1219980269970489,0.03321508402388591,5.936101198196411,49.0,281.0,28.0,13.0,1.3499887380242995e-22,1.3499887380242995e-22,1.0,8.490142403303175e-23,8.490142403303175e-23,0.6289046837330249,0.6289046837330249,0.6289046837330249,0.0,4.984324832986672e-24,4.984324832986672e-24,0.0,4.984324832986672e-24,0.03692123269325344,0.05870719943457568,7.695822241738674e-23,7.695822241738674e-23,0.0,7.695822241738674e-23,0.5700656623996334,0.9064420684798571,2.958876782658331e-24,2.958876782658331e-24,0.0,2.958876782658331e-24,0.02191778864013806,0.034850732085567264,10037,316,train_increment
50317,175.29483426129377,122.22491163186713,140.37938596161726,172.22491163186714,122.22491163186713,50.0,0.7181298157951882,0.8690014094932719,0.45814881579759686,0.8690014094932721,0.8690014094932719,3.5058966852258755,2.4444982326373426,2.8075877192323455,3.444498232637343,2.4444982326373426,0.01674581642497077,5.952205181121826,49.0,281.0,28.0,13.0,1.3503549213571634e-22,1.3503549213571634e-22,1.0,1.0323247128286434e-22,1.0323247128286434e-22,0.7644839860257729,0.7644839860257729,0.7644839860257729,0.0,2.4996364146638984e-24,2.4996364146638984e-24,0.0,2.4996364146638984e-24,0.01851095867560255,0.02421366439843057,9.172292695557629e-23,9.172292695557629e-23,0.0,9.172292695557629e-23,0.6792505104020423,0.8885084878405063,9.009907912624162e-24,9.009907912624162e-24,0.0,9.009907912624162e-24,0.06672251694812817,0.08727784776106319,10037,317,train_increment
50318,132.8915768719539,81.37494966698226,197.0515798252319,131.37494966698227,81.37494966698226,50.0,0.4023944666563954,0.3532190614517962,0.8801308996666559,0.3532190614517964,0.3532190614517962,2.657831537439078,1.6274989933396453,3.9410315965046383,2.6274989933396458,1.6274989933396453,0.057571458043114,5.947315692901611,49.0,281.0,28.0,13.0,1.3429655167389486e-22,1.3429655167389486e-22,1.0,8.526179889728283e-23,8.526179889728283e-23,0.63487705257183,0.63487705257183,0.63487705257183,0.0,2.690929901407531e-23,2.690929901407531e-23,0.0,2.690929901407531e-23,0.2003722260823027,0.3156079201014004,3.531900978686589e-23,3.531900978686589e-23,0.0,3.531900978686589e-23,0.262992678119012,0.4142419025127026,2.3033490096341645e-23,2.3033490096341645e-23,0.0,2.3033490096341645e-23,0.1715121483705154,0.27015017738589714,10037,318,train_increment
50319,117.54175097015515,117.13574764945554,101.65692429903932,167.13574764945554,117.13574764945554,50.0,0.28809941154248064,0.8047442885032265,0.16982073193625705,0.8047442885032265,0.8047442885032265,2.350835019403103,2.342714952989111,2.0331384859807864,3.3427149529891107,2.342714952989111,0.026753763076308883,5.934214353561401,49.0,281.0,28.0,13.0,1.345001473213052e-22,1.345001473213052e-22,1.0,1.0784931974593346e-22,1.0784931974593346e-22,0.8018528001184563,0.8018528001184563,0.8018528001184563,0.0,2.3977734361299873e-24,2.3977734361299873e-24,0.0,2.3977734361299873e-24,0.01782729226609682,0.02223262457082301,2.2870606654105622e-23,2.2870606654105622e-23,0.0,2.2870606654105622e-23,0.1700414989098146,0.21206074092987476,8.258093965569785e-23,8.258093965569785e-23,0.0,8.258093965569785e-23,0.6139840089425448,0.7657066344993022,10037,319,train_increment
50320,96.40501786090348,106.65549653748482,189.3850743787603,156.65549653748482,106.65549653748482,50.0,0.13071495056517862,0.6724178855743034,0.8230459745253931,0.6724178855743034,0.6724178855743034,1.9281003572180697,2.133109930749696,3.7877014875752057,3.1331099307496966,2.133109930749696,0.047450837291604306,5.952860116958618,49.0,281.0,28.0,13.0,1.345146345728358e-22,1.345146345728358e-22,1.0,1.200896652060962e-22,1.200896652060962e-22,0.892762825304864,0.892762825304864,0.892762825304864,0.0,4.581250104353641e-23,4.581250104353641e-23,0.0,4.581250104353641e-23,0.3405763334897978,0.38148579201144106,8.426134780837057e-24,8.426134780837057e-24,0.0,8.426134780837057e-24,0.0626410264399488,0.0701653615769204,6.585102938172276e-23,6.585102938172276e-23,0.0,6.585102938172276e-23,0.48954546537511745,0.5483488464116387,10037,320,train_increment
50321,161.35362912801259,75.02588491811049,164.0836570676239,125.02588491811049,75.02588491811049,50.0,0.6143233739986045,0.27305410250139506,0.6346512067581824,0.27305410250139506,0.27305410250139506,3.2270725825602518,1.5005176983622097,3.2816731413524782,2.50051769836221,1.5005176983622097,0.02512265955404218,5.9651899337768555,49.0,281.0,28.0,13.0,1.3508875523670998e-22,1.3508875523670998e-22,1.0,1.0590732605237712e-22,1.0590732605237712e-22,0.7839832846694046,0.7839832846694046,0.7839832846694046,0.0,3.8626760898281324e-23,3.8626760898281324e-23,0.0,3.8626760898281324e-23,0.28593616715615877,0.3647222750121953,4.3000045215044744e-23,4.3000045215044744e-23,0.0,4.3000045215044744e-23,0.3183095820203369,0.4060157764136053,2.4280519939051042e-23,2.4280519939051042e-23,0.0,2.4280519939051042e-23,0.17973753549290888,0.22926194857419932,10037,321,train_increment
50322,95.6216226972855,95.96570708454033,173.7435008213639,145.96570708454033,95.96570708454033,50.0,0.12488177734389803,0.5374457965219739,0.7065785615887111,0.5374457965219739,0.5374457965219739,1.91243245394571,1.9193141416908066,3.4748700164272783,2.9193141416908066,1.9193141416908066,0.05930778680117802,5.946632146835327,49.0,281.0,28.0,13.0,1.3443358064387e-22,1.3443358064387e-22,1.0,1.224279973267613e-22,1.224279973267613e-22,0.910695056550544,0.910695056550544,0.910695056550544,0.0,6.778137674417312e-23,6.778137674417312e-23,0.0,6.778137674417312e-23,0.5041997425013455,0.5536427796271476,9.03383956251788e-24,9.03383956251788e-24,0.0,9.03383956251788e-24,0.06719927803194917,0.07378900055357836,4.5612781020070307e-23,4.5612781020070307e-23,0.0,4.5612781020070307e-23,0.33929603601724934,0.37256821981927407,10037,322,train_increment
50323,109.94037383844272,55.83626912663427,134.34573923763696,105.83626912663428,55.83626912663427,50.0,0.23149943289979694,0.030760973821139716,0.4132221834522484,0.030760973821139806,0.030760973821139716,2.1988074767688546,1.1167253825326855,2.6869147847527395,2.1167253825326853,1.1167253825326855,0.0072975365104841075,5.888714551925659,49.0,281.0,28.0,13.0,1.3451692104684076e-22,1.3451692104684076e-22,1.0,1.125364231657052e-22,1.125364231657052e-22,0.8365967812073127,0.8365967812073127,0.8365967812073127,0.0,2.1824389484948707e-23,2.1824389484948707e-23,0.0,2.1824389484948707e-23,0.16224270757244835,0.19393178555900253,8.4105784861989e-23,8.4105784861989e-23,0.0,8.4105784861989e-23,0.6252431605441083,0.7473650085550234,6.606248818767489e-24,6.606248818767489e-24,0.0,6.606248818767489e-24,0.04911091309075605,0.058703205885974025,10037,323,train_increment
50324,194.89427799847,53.80992517425628,183.24867058627547,103.80992517425628,53.80992517425628,50.0,0.8640675949253164,0.005175822907276173,0.7773542113646721,0.005175822907276173,0.005175822907276173,3.8978855599694,1.0761985034851256,3.6649734117255095,2.076198503485126,1.0761985034851256,0.05345198077737988,5.933301687240601,49.0,281.0,28.0,13.0,1.3465400671475014e-22,1.3465400671475014e-22,1.0,7.450144459355827e-23,7.450144459355827e-23,0.5532805626154257,0.5532805626154257,0.5532805626154257,0.0,7.848721188428325e-24,7.848721188428325e-24,0.0,7.848721188428325e-24,0.058288062716581365,0.10534991947131936,6.350545125837183e-23,6.350545125837183e-23,0.0,6.350545125837183e-23,0.47161946983799163,0.8524056359554509,3.1472721467581225e-24,3.1472721467581225e-24,0.0,3.1472721467581225e-24,0.023373030060852746,0.04224444457322979,10037,324,train_increment
50325,198.90025973187898,71.41232093622234,95.70117479450046,121.41232093622234,71.41232093622234,50.0,0.893896200535212,0.22742829464927197,0.12547412356292229,0.22742829464927197,0.22742829464927197,3.9780051946375794,1.428246418724447,1.9140234958900093,2.428246418724447,1.428246418724447,0.014887532924668693,5.944501638412476,49.0,281.0,28.0,13.0,1.3508425660129875e-22,1.3508425660129875e-22,1.0,1.3144784137777987e-22,1.3144784137777987e-22,0.9730803920826114,0.9730803920826114,0.9730803920826114,0.0,2.0632181305146934e-23,2.0632181305146934e-23,0.0,2.0632181305146934e-23,0.15273564680481477,0.1569609747021272,1.0021546450888363e-22,1.0021546450888363e-22,0.0,1.0021546450888363e-22,0.7418737536874458,0.7623971870398792,1.060019556374931e-23,1.060019556374931e-23,0.0,1.060019556374931e-23,0.07847099159035086,0.08064183825799351,10037,325,train_increment
50326,182.51660464064798,84.05292337499769,89.92214660084936,134.0529233749977,84.05292337499769,50.0,0.7719032363413848,0.38703186079542534,0.08244338496537129,0.38703186079542556,0.38703186079542534,3.6503320928129597,1.6810584674999538,1.7984429320169872,2.6810584674999545,1.6810584674999538,0.023153900198370613,5.903885126113892,49.0,281.0,28.0,13.0,1.3476993581258204e-22,1.3476993581258204e-22,1.0,1.2747161078158125e-22,1.2747161078158125e-22,0.9458460450619327,0.9458460450619327,0.9458460450619327,0.0,4.022007370763909e-23,4.022007370763909e-23,0.0,4.022007370763909e-23,0.29843505871792636,0.31552181274742785,7.029967922754866e-23,7.029967922754866e-23,0.0,7.029967922754866e-23,0.5216273110444378,0.5514928288464561,1.6951857846393498e-23,1.6951857846393498e-23,0.0,1.6951857846393498e-23,0.12578367529956844,0.13298535840611594,10037,326,train_increment
50327,141.44312365307889,69.0060299302915,85.61561985438098,119.0060299302915,69.0060299302915,50.0,0.46606942407355834,0.1970458324531755,0.0503769162649366,0.1970458324531755,0.1970458324531755,2.828862473061578,1.38012059860583,1.7123123970876197,2.38012059860583,1.38012059860583,0.02444842821914895,5.985114812850952,49.0,281.0,28.0,13.0,1.3498719657102192e-22,1.3498719657102192e-22,1.0,1.2228435359144276e-22,1.2228435359144276e-22,0.9058959419688688,0.9058959419688688,0.9058959419688688,0.0,1.855868341156184e-23,1.855868341156184e-23,0.0,1.855868341156184e-23,0.13748476805944634,0.15176662317378062,9.53296325401483e-23,9.53296325401483e-23,0.0,9.53296325401483e-23,0.7062124035592645,0.7795734265288646,8.396037639732614e-24,8.396037639732614e-24,0.0,8.396037639732614e-24,0.062198770350157896,0.06865995029735475,10037,327,train_increment
50328,183.49482071656416,124.63412513734468,90.36485112043485,174.63412513734468,124.63412513734468,50.0,0.7791870492670451,0.8994207719361703,0.08573977007025207,0.8994207719361703,0.8994207719361703,3.669896414331283,2.4926825027468937,1.807297022408697,3.4926825027468937,2.4926825027468937,0.0189630579654085,5.974396228790283,49.0,281.0,28.0,13.0,1.3413849269062816e-22,1.3413849269062816e-22,1.0,1.1210624071165278e-22,1.1210624071165278e-22,0.8357499660459902,0.8357499660459902,0.8357499660459902,0.0,2.5238137274776034e-24,2.5238137274776034e-24,0.0,2.5238137274776034e-24,0.018814984996875058,0.02251269609485057,1.0349344187425052e-22,1.0349344187425052e-22,0.0,1.0349344187425052e-22,0.771541708858648,0.9231728868729516,6.08898510992465e-24,6.08898510992465e-24,0.0,6.08898510992465e-24,0.04539327219046698,0.05431441703219771,10037,328,train_increment
50329,161.97540425611396,89.93891544640212,177.06717317554967,139.93891544640212,89.93891544640212,50.0,0.6189531217878925,0.46134994250507727,0.7313266803838396,0.46134994250507727,0.46134994250507727,3.2395080851222793,1.7987783089280425,3.5413434635109935,2.7987783089280427,1.7987783089280425,0.01787643137818884,5.9221930503845215,49.0,281.0,28.0,13.0,1.3495149989123843e-22,1.3495149989123843e-22,1.0,1.1631001175778127e-22,1.1631001175778127e-22,0.8618652764253757,0.8618652764253757,0.8618652764253757,0.0,5.57598624741183e-23,5.57598624741183e-23,0.0,5.57598624741183e-23,0.4131844590023593,0.4794072464736717,4.349762483527732e-24,4.349762483527732e-24,0.0,4.349762483527732e-24,0.03223204252663616,0.03739800570724926,5.620038680013523e-23,5.620038680013523e-23,0.0,5.620038680013523e-23,0.4164487748963802,0.483194747819079,10037,329,train_increment
50330,100.31367056831046,84.2078127342151,192.21160032786796,134.2078127342151,84.2078127342151,50.0,0.1598188426530935,0.38898753452291784,0.8440923330444374,0.38898753452291807,0.38898753452291784,2.0062734113662093,1.684156254684302,3.8442320065573594,2.6841562546843023,1.684156254684302,0.047725336961360235,5.950838088989258,49.0,281.0,28.0,13.0,1.3417666818425813e-22,1.3417666818425813e-22,1.0,9.061829694671072e-23,9.061829694671072e-23,0.6753655324208016,0.6753655324208016,0.6753655324208016,0.0,3.349293170033597e-23,3.349293170033597e-23,0.0,3.349293170033597e-23,0.24961815011192404,0.3696045150796856,4.0571865974808204e-23,4.0571865974808204e-23,0.0,4.0571865974808204e-23,0.3023764602582983,0.4477226712687728,1.6553499271566546e-23,1.6553499271566546e-23,0.0,1.6553499271566546e-23,0.12337092205057924,0.18267281365154156,10037,330,train_increment
50331,201.9877552993128,107.64567692364238,202.7845397608557,157.64567692364238,107.64567692364238,50.0,0.9168857431073179,0.6849201631773029,0.9228186132602806,0.6849201631773029,0.6849201631773029,4.039755105986257,2.1529135384728475,4.055690795217114,3.152913538472848,2.1529135384728475,0.02109263325767541,5.987770080566406,49.0,281.0,28.0,13.0,1.3480124530477112e-22,1.3480124530477112e-22,1.0,8.42316059768672e-23,8.42316059768672e-23,0.6248577732826472,0.6248577732826472,0.6248577732826472,0.0,4.5024634971767176e-23,4.5024634971767176e-23,0.0,4.5024634971767176e-23,0.3340075595738846,0.5345337352837893,2.6078576923240802e-23,2.6078576923240802e-23,0.0,2.6078576923240802e-23,0.1934594659291162,0.30960560018768785,1.3128394081859217e-23,1.3128394081859217e-23,0.0,1.3128394081859217e-23,0.09739074777964647,0.15586066452852285,10037,331,train_increment
50332,124.15565613210705,85.09573525016313,100.55450999957708,135.09573525016313,85.09573525016313,50.0,0.33734665772231615,0.40019867740104964,0.16161213700355237,0.40019867740104964,0.40019867740104964,2.4831131226421412,1.7019147050032626,2.011090199991542,2.7019147050032624,1.7019147050032626,0.040010486623945865,5.936037540435791,49.0,281.0,28.0,13.0,1.3497381154050225e-22,1.3497381154050225e-22,1.0,1.1329658876843173e-22,1.1329658876843173e-22,0.8393968242827184,0.8393968242827184,0.8393968242827184,0.0,7.362566078147187e-23,7.362566078147187e-23,0.0,7.362566078147187e-23,0.5454810821533232,0.6498488752556907,5.467235146703237e-24,5.467235146703237e-24,0.0,5.467235146703237e-24,0.040505895805295955,0.04825595550699047,3.420369284025662e-23,3.420369284025662e-23,0.0,3.420369284025662e-23,0.25340984632409935,0.3018951692373189,10037,332,train_increment
50333,208.87735207178912,94.03871217560629,128.57865691433955,144.0387121756063,94.03871217560629,50.0,0.9681857935352876,0.5131150527223016,0.37028039400103907,0.5131150527223016,0.5131150527223016,4.1775470414357825,1.880774243512126,2.571573138286791,2.8807742435121257,1.880774243512126,0.04789750126980032,5.948375463485718,49.0,281.0,28.0,13.0,1.3428642454873744e-22,1.3428642454873744e-22,1.0,1.1936463902789864e-22,1.1936463902789864e-22,0.8888809083197897,0.8888809083197897,0.8888809083197897,0.0,4.317570951516888e-23,4.317570951516888e-23,0.0,4.317570951516888e-23,0.3215195404915918,0.36171273056066117,5.635529489885053e-23,5.635529489885053e-23,0.0,5.635529489885053e-23,0.41966486998391367,0.47212721755627163,1.9833634613879236e-23,1.9833634613879236e-23,0.0,1.9833634613879236e-23,0.14769649784428424,0.1661600518830673,10037,333,train_increment
50334,183.54922920436888,132.43510166543143,208.47215881568158,182.43510166543143,132.43510166543143,50.0,0.7795921757585174,0.997917950321104,0.9651687179127444,0.997917950321104,0.997917950321104,3.670984584087378,2.6487020333086284,4.1694431763136315,3.648702033308629,2.6487020333086284,0.23285287514003805,5.9161927700042725,49.0,281.0,28.0,13.0,1.259907977197627e-22,1.259907977197627e-22,1.0,5.803613561503507e-23,5.803613561503507e-23,0.46063789312710746,0.46063789312710746,0.46063789312710746,0.0,1.2264976674498517e-23,1.2264976674498517e-23,0.0,1.2264976674498517e-23,0.09734819444336809,0.21133344845450228,2.7855310803400323e-23,2.7855310803400323e-23,0.0,2.7855310803400323e-23,0.22109004234863244,0.47996494784163435,1.7915848137136232e-23,1.7915848137136232e-23,0.0,1.7915848137136232e-23,0.14219965633510692,0.30870160370386346,10037,334,train_increment
50335,175.46124486243428,119.30860692051834,81.11757391716417,169.30860692051834,119.30860692051834,50.0,0.7193689118572918,0.8321793803095751,0.016884392532867987,0.8321793803095751,0.8321793803095751,3.5092248972486857,2.386172138410367,1.6223514783432833,3.386172138410367,2.386172138410367,0.026953585457762923,5.95352029800415,49.0,281.0,28.0,13.0,1.348378084803111e-22,1.348378084803111e-22,1.0,1.2371693772624269e-22,1.2371693772624269e-22,0.9175240915036655,0.9175240915036655,0.9175240915036655,0.0,1.1746594615343125e-24,1.1746594615343125e-24,0.0,1.1746594615343125e-24,0.008711647532493346,0.009494734376092993,1.1791946995238572e-22,1.1791946995238572e-22,0.0,1.1791946995238572e-22,0.8745282297405792,0.9531392557849643,4.622808312322664e-24,4.622808312322664e-24,0.0,4.622808312322664e-24,0.034284214230593066,0.03736600983894285,10037,335,train_increment
50336,180.6071503859495,84.99642068203192,82.55292607580559,134.99642068203192,84.99642068203192,50.0,0.757685408681679,0.39894470558121115,0.027572048218954523,0.39894470558121115,0.39894470558121115,3.61214300771899,1.6999284136406385,1.6510585215161118,2.6999284136406385,1.6999284136406385,0.006713355385414546,5.936908483505249,49.0,281.0,28.0,13.0,1.3479877785789291e-22,1.3479877785789291e-22,1.0,1.2829741401236732e-22,1.2829741401236732e-22,0.9517698606112035,0.9517698606112035,0.9517698606112035,0.0,4.53806375438481e-23,4.53806375438481e-23,0.0,4.53806375438481e-23,0.3366546660511204,0.3537143588839102,6.936541432701502e-23,6.936541432701502e-23,0.0,6.936541432701502e-23,0.5145848903774275,0.5406610480888453,1.35513621415042e-23,1.35513621415042e-23,0.0,1.35513621415042e-23,0.10053030418265564,0.10562459302724456,10037,336,train_increment
50337,174.22560017206666,115.53632765630658,149.77704068918015,165.53632765630658,115.53632765630658,50.0,0.7101682812514271,0.7845495916200327,0.5281239068442305,0.7845495916200327,0.7845495916200327,3.484512003441333,2.3107265531261314,2.995540813783603,3.310726553126132,2.3107265531261314,0.04801313456563068,5.928107023239136,49.0,281.0,28.0,13.0,1.3474623725160122e-22,1.3474623725160122e-22,1.0,8.269866219098035e-23,8.269866219098035e-23,0.6137363378582775,0.6137363378582775,0.6137363378582775,0.0,8.829412950689427e-24,8.829412950689427e-24,0.0,8.829412950689427e-24,0.06552623012546872,0.1067660916968548,5.1562049803443494e-23,5.1562049803443494e-23,0.0,5.1562049803443494e-23,0.3826604056272508,0.6234931549964926,2.2307199436847427e-23,2.2307199436847427e-23,0.0,2.2307199436847427e-23,0.16554970210555803,0.2697407533066526,10037,337,train_increment
50338,206.56244357783274,66.41792371693941,142.8615822295375,116.41792371693941,66.41792371693941,50.0,0.9509489469682259,0.1643677236987299,0.476631289869974,0.1643677236987299,0.1643677236987299,4.131248871556655,1.3283584743387882,2.8572316445907497,2.328358474338788,1.3283584743387882,0.030201319056105406,5.9445641040802,49.0,281.0,28.0,13.0,1.3500968823165982e-22,1.3500968823165982e-22,1.0,1.16520044615471e-22,1.16520044615471e-22,0.8630495051254181,0.8630495051254181,0.8630495051254181,0.0,2.9175967256475368e-24,2.9175967256475368e-24,0.0,2.9175967256475368e-24,0.02161027674281644,0.025039440512367873,8.581358517574169e-23,8.581358517574169e-23,0.0,8.581358517574169e-23,0.6356105720983242,0.7364705828849962,2.7788862714081774e-23,2.7788862714081774e-23,0.0,2.7788862714081774e-23,0.2058286562842775,0.23848997660263593,10037,338,train_increment
50339,86.65167493825129,87.8598250378516,160.8098732953058,137.8598250378516,87.8598250378516,50.0,0.0580913993912978,0.4350988009829748,0.6102745591608771,0.4350988009829748,0.4350988009829748,1.733033498765026,1.7571965007570323,3.216197465906116,2.7571965007570323,1.7571965007570323,0.044598041853615426,5.946084499359131,49.0,281.0,28.0,13.0,1.3447646873729865e-22,1.3447646873729865e-22,1.0,1.1366564623284379e-22,1.1366564623284379e-22,0.8452456202942907,0.8452456202942907,0.8452456202942907,0.0,8.489826838808507e-23,8.489826838808507e-23,0.0,8.489826838808507e-23,0.6313243438443854,0.7469122923400373,9.397878166185332e-24,9.397878166185332e-24,0.0,9.397878166185332e-24,0.0698849267416755,0.08268002230800503,1.936949967857339e-23,1.936949967857339e-23,0.0,1.936949967857339e-23,0.14403634970822987,0.1704076853519578,10037,339,train_increment
50340,207.91680434469552,125.06223917503942,174.25718745116643,175.06223917503942,125.06223917503942,50.0,0.9610335394243895,0.9048262522100938,0.7104034806490427,0.9048262522100938,0.9048262522100938,4.158336086893911,2.5012447835007885,3.4851437490233286,3.5012447835007885,2.5012447835007885,0.013553823284793941,5.920717239379883,49.0,281.0,28.0,13.0,1.3516556099596132e-22,1.3516556099596132e-22,1.0,1.0966905668067448e-22,1.0966905668067448e-22,0.811368338743856,0.811368338743856,0.811368338743856,0.0,3.1531489306975982e-24,3.1531489306975982e-24,0.0,3.1531489306975982e-24,0.023328049744800104,0.02875149131517273,1.0274220513414374e-22,1.0274220513414374e-22,0.0,1.0274220513414374e-22,0.7601211756685095,0.9368385964447584,3.773702615833138e-24,3.773702615833138e-24,0.0,3.773702615833138e-24,0.02791911333054649,0.034409912240068785,10037,340,train_increment
50341,96.0140743262122,123.14919200031323,90.569035019611,173.14919200031323,123.14919200031323,50.0,0.12780397860172896,0.8806716161655712,0.08726012672830229,0.8806716161655712,0.8806716161655712,1.920281486524244,2.462983840006265,1.81138070039222,3.4629838400062645,2.462983840006265,0.03321161555837901,6.005273342132568,49.0,281.0,28.0,13.0,1.3431529380043676e-22,1.3431529380043676e-22,1.0,9.035244654615659e-23,9.035244654615659e-23,0.6726891926425045,0.6726891926425045,0.6726891926425045,0.0,1.7441382959569205e-23,1.7441382959569205e-23,0.0,1.7441382959569205e-23,0.12985403572495102,0.19303719629395166,8.960757765301601e-24,8.960757765301601e-24,0.0,8.960757765301601e-24,0.06671435181920038,0.0991755963212794,6.395030582128578e-23,6.395030582128578e-23,0.0,6.395030582128578e-23,0.4761208050983531,0.707787207384769,10037,341,train_increment
50342,161.32774868518572,80.3833797614586,172.7202799191161,130.3833797614586,80.3833797614586,50.0,0.614130667797362,0.340699239412356,0.6989596419889509,0.340699239412356,0.340699239412356,3.2265549737037147,1.607667595229172,3.4544055983823223,2.607667595229172,1.607667595229172,0.052758653444365006,5.85481333732605,49.0,281.0,28.0,13.0,1.344172093450096e-22,1.344172093450096e-22,1.0,1.063378308186515e-22,1.063378308186515e-22,0.7911028010238886,0.7911028010238886,0.7911028010238886,0.0,5.0893241436756845e-23,5.0893241436756845e-23,0.0,5.0893241436756845e-23,0.3786214703068921,0.4785995825281612,2.066075413327829e-23,2.066075413327829e-23,0.0,2.066075413327829e-23,0.1537061677887404,0.19429354514963854,3.4783835248616375e-23,3.4783835248616375e-23,0.0,3.4783835248616375e-23,0.2587751629282562,0.3271068723222003,10037,342,train_increment
50343,92.3233044176875,66.59153481369027,176.6501681489993,116.59153481369027,66.59153481369027,50.0,0.10032244540348101,0.16655978300113977,0.728221654125088,0.16655978300113977,0.16655978300113977,1.84646608835375,1.3318306962738056,3.5330033629799864,2.3318306962738053,1.3318306962738056,0.011412906734758987,5.942791700363159,49.0,281.0,28.0,13.0,1.3484680649159818e-22,1.3484680649159818e-22,1.0,1.2812983113701347e-22,1.2812983113701347e-22,0.950188102118657,0.950188102118657,0.950188102118657,0.0,5.362422593537661e-24,5.362422593537661e-24,0.0,5.362422593537661e-24,0.03976677485403982,0.041851476318605654,1.208097465809399e-22,1.208097465809399e-22,0.0,1.208097465809399e-22,0.895903653368811,0.9428697869097638,1.9576619625359085e-24,1.9576619625359085e-24,0.0,1.9576619625359085e-24,0.014517673895806226,0.015278736771630611,10037,343,train_increment
50344,183.15218323988586,98.43072475205639,119.87213706476535,148.4307247520564,98.43072475205639,50.0,0.7766357650028731,0.568569756970409,0.30545150457755293,0.568569756970409,0.568569756970409,3.6630436647977174,1.968614495041128,2.397442741295307,2.9686144950411277,1.968614495041128,0.03780488316043893,5.929429769515991,49.0,281.0,28.0,13.0,1.3471180788893265e-22,1.3471180788893265e-22,1.0,1.0909087680890654e-22,1.0909087680890654e-22,0.809809314554296,0.809809314554296,0.809809314554296,0.0,3.8944207273851557e-23,3.8944207273851557e-23,0.0,3.8944207273851557e-23,0.2890927520322519,0.35698867231647385,3.381428961316281e-23,3.381428961316281e-23,0.0,3.381428961316281e-23,0.251012068972024,0.3099644131781522,3.6332379921892155e-23,3.6332379921892155e-23,0.0,3.6332379921892155e-23,0.2697044935500199,0.3330469145053737,10037,344,train_increment
50345,84.17253859278183,77.33622103617937,106.80092827305698,127.33622103617937,77.33622103617937,50.0,0.03963170955161459,0.3022250130830728,0.20812306979193584,0.3022250130830728,0.3022250130830728,1.6834507718556369,1.5467244207235875,2.1360185654611397,2.5467244207235873,1.5467244207235875,0.026196094673504113,5.842580795288086,49.0,281.0,28.0,13.0,1.3379141864968514e-22,1.3379141864968514e-22,1.0,1.2371481651429297e-22,1.2371481651429297e-22,0.9246842418064465,0.9246842418064465,0.9246842418064465,0.0,8.847569161743476e-23,8.847569161743476e-23,0.0,8.847569161743476e-23,0.6612957132108486,0.715158411177153,3.175051274053951e-23,3.175051274053951e-23,0.0,3.175051274053951e-23,0.2373135217563838,0.2566427662839505,3.48861215631867e-24,3.48861215631867e-24,0.0,3.48861215631867e-24,0.026075006839213898,0.028198822538896343,10037,345,train_increment
50346,83.79201707446416,119.92780520795436,96.28267269989755,169.92780520795435,119.92780520795436,50.0,0.03679834009280834,0.8399975405044744,0.12980396649216344,0.8399975405044742,0.8399975405044744,1.675840341489283,2.3985561041590873,1.925653453997951,3.3985561041590873,2.3985561041590873,0.015544233133604356,5.860540151596069,49.0,281.0,28.0,13.0,1.3452349405382546e-22,1.3452349405382546e-22,1.0,1.0413906965666575e-22,1.0413906965666575e-22,0.7741329526796091,0.7741329526796091,0.7741329526796091,0.0,1.0275488778237364e-23,1.0275488778237364e-23,0.0,1.0275488778237364e-23,0.07638434349709904,0.09867083326281328,1.8984191285669092e-24,1.8984191285669092e-24,0.0,1.8984191285669092e-24,0.014112175288929938,0.018229653239900966,9.196516174986147e-23,9.196516174986147e-23,0.0,9.196516174986147e-23,0.6836364338935801,0.8830995134972857,10037,346,train_increment
50347,87.39634847335145,113.05783759147337,133.7677491364939,163.05783759147337,113.05783759147337,50.0,0.06363625073232657,0.7532555251448658,0.4089184596909449,0.7532555251448658,0.7532555251448658,1.7479269694670292,2.2611567518294677,2.6753549827298784,3.2611567518294673,2.2611567518294677,0.054811962159318176,5.922837972640991,49.0,281.0,28.0,13.0,1.3437898355525153e-22,1.3437898355525153e-22,1.0,1.0663228910180651e-22,1.0663228910180651e-22,0.7935190926486162,0.7935190926486162,0.7935190926486162,0.0,1.4365315689589616e-23,1.4365315689589616e-23,0.0,1.4365315689589616e-23,0.10690150579746828,0.13471825289124592,9.027487022503175e-24,9.027487022503175e-24,0.0,9.027487022503175e-24,0.06717930723736584,0.0846599758717009,8.323948638971371e-23,8.323948638971371e-23,0.0,8.323948638971371e-23,0.6194382796137821,0.780621771237053,10037,347,train_increment
50348,143.44535729096424,88.73274932784777,105.43312496991338,138.73274932784778,88.73274932784777,50.0,0.4809780885403145,0.44612057232131025,0.19793838399041983,0.4461205723213104,0.44612057232131025,2.8689071458192847,1.7746549865569554,2.1086624993982674,2.7746549865569556,1.7746549865569554,0.05086645851014267,5.948040723800659,49.0,281.0,28.0,13.0,1.3475686092187413e-22,1.3475686092187413e-22,1.0,1.153821210150141e-22,1.153821210150141e-22,0.8562244640138017,0.8562244640138017,0.8562244640138017,0.0,5.800468794327213e-23,5.800468794327213e-23,0.0,5.800468794327213e-23,0.43043958983951547,0.5027181632041958,5.9823335231090654e-24,5.9823335231090654e-24,0.0,5.9823335231090654e-24,0.044393535751603395,0.051848011377175277,5.139509954863291e-23,5.139509954863291e-23,0.0,5.139509954863291e-23,0.38139133842268286,0.44543382541862897,10037,348,train_increment
50349,92.13610800224784,87.1887533545015,167.19927964800252,137.1887533545015,87.1887533545015,50.0,0.09892857782760865,0.42662567366794824,0.6578501835294305,0.42662567366794824,0.42662567366794824,1.8427221600449568,1.74377506709003,3.3439855929600504,2.74377506709003,1.74377506709003,0.0541914132922303,5.936378240585327,49.0,281.0,28.0,13.0,1.3415963064787117e-22,1.3415963064787117e-22,1.0,1.1030709994415352e-22,1.1030709994415352e-22,0.822207838613365,0.822207838613365,0.822207838613365,0.0,7.870330514861908e-23,7.870330514861908e-23,0.0,7.870330514861908e-23,0.5866392503359797,0.7134926508671258,1.2376399999045476e-23,1.2376399999045476e-23,0.0,1.2376399999045476e-23,0.09225129749745523,0.1121994867539027,1.922739479648896e-23,1.922739479648896e-23,0.0,1.922739479648896e-23,0.14331729077993,0.17430786237897142,10037,349,train_increment
50350,194.38856617466553,95.18766192711706,99.96382539284495,145.18766192711706,95.18766192711706,50.0,0.8603020564010836,0.5276219940292558,0.15721388974568098,0.5276219940292558,0.5276219940292558,3.8877713234933107,1.9037532385423412,1.9992765078568993,2.9037532385423415,1.9037532385423412,0.006390602484577207,5.939756631851196,49.0,281.0,28.0,13.0,1.3508124905643366e-22,1.3508124905643366e-22,1.0,1.292471162557504e-22,1.292471162557504e-22,0.9568101950386474,0.9568101950386474,0.9568101950386474,0.0,4.0699262083466394e-23,4.0699262083466394e-23,0.0,4.0699262083466394e-23,0.30129468277616556,0.3148949335390345,7.735517861885781e-23,7.735517861885781e-23,0.0,7.735517861885781e-23,0.5726566726262703,0.5985060313902064,1.1192675553426195e-23,1.1192675553426195e-23,0.0,1.1192675553426195e-23,0.08285883963621159,0.086599035070759,10037,350,train_increment
50351,104.18726841461265,85.17181068817484,136.89151392457694,135.17181068817484,85.17181068817484,50.0,0.18866171567098025,0.40115922586079344,0.43217806347413956,0.40115922586079344,0.40115922586079344,2.083745368292253,1.7034362137634969,2.737830278491539,2.703436213763497,1.7034362137634969,0.026471282452104547,5.941607236862183,49.0,281.0,28.0,13.0,1.342676699767495e-22,1.342676699767495e-22,1.0,1.1517319009359338e-22,1.1517319009359338e-22,0.8577879553099966,0.8577879553099966,0.8577879553099966,0.0,8.814656347908505e-23,8.814656347908505e-23,0.0,8.814656347908505e-23,0.6564987944927396,0.7653392547992668,7.174144670039453e-24,7.174144670039453e-24,0.0,7.174144670039453e-24,0.05343166133203746,0.062290057818225886,1.9852481944468873e-23,1.9852481944468873e-23,0.0,1.9852481944468873e-23,0.1478574994852196,0.17237068738250733,10037,351,train_increment
50352,149.3242121956265,110.73724888278767,188.00478229737823,160.73724888278767,110.73724888278767,50.0,0.5247521384633396,0.7239551626614605,0.8127682970765319,0.7239551626614605,0.7239551626614605,2.98648424391253,2.2147449776557537,3.7600956459475645,3.2147449776557533,2.2147449776557537,0.019150679044276985,5.9326090812683105,49.0,281.0,28.0,13.0,1.348207435538388e-22,1.348207435538388e-22,1.0,8.709577465917495e-23,8.709577465917495e-23,0.6460116771600096,0.6460116771600096,0.6460116771600096,0.0,3.110133685418062e-23,3.110133685418062e-23,0.0,3.110133685418062e-23,0.23068658452963312,0.3570935211941916,8.553205324162013e-24,8.553205324162013e-24,0.0,8.553205324162013e-24,0.06344131547343387,0.09820459554591023,4.744123248083231e-23,4.744123248083231e-23,0.0,4.744123248083231e-23,0.3518837771569426,0.5447018832598982,10037,352,train_increment
50353,119.8574808823058,81.88629043628744,171.0731889923943,131.88629043628742,81.88629043628744,50.0,0.30534237440287265,0.35967538429655854,0.6866953759671951,0.3596753842965584,0.35967538429655854,2.3971496176461162,1.637725808725749,3.421463779847886,2.6377258087257487,1.637725808725749,0.0416416797607921,5.950470685958862,49.0,281.0,28.0,13.0,1.3445178298789355e-22,1.3445178298789355e-22,1.0,1.0084594724708908e-22,1.0084594724708908e-22,0.7500528814569128,0.7500528814569128,0.7500528814569128,0.0,6.186478657069788e-23,6.186478657069788e-23,0.0,6.186478657069788e-23,0.46012618944791817,0.6134583318367671,1.860000574072688e-23,1.860000574072688e-23,0.0,1.860000574072688e-23,0.13833959898026552,0.1844397940469915,2.0381154935664317e-23,2.0381154935664317e-23,0.0,2.0381154935664317e-23,0.1515870930287291,0.20210187411624136,10037,353,train_increment
50354,125.13812778111665,108.87392614590141,164.42150583393573,158.8739261459014,108.87392614590141,50.0,0.3446621577149416,0.7004283604280481,0.6371668342065206,0.7004283604280481,0.7004283604280481,2.502762555622333,2.177478522918028,3.2884301166787147,3.1774785229180282,2.177478522918028,0.012531854050716728,5.934707880020142,49.0,281.0,28.0,13.0,1.3515958603228224e-22,1.3515958603228224e-22,1.0,9.63975861258777e-23,9.63975861258777e-23,0.7132130909520068,0.7132130909520068,0.7132130909520068,0.0,2.5462754289155246e-23,2.5462754289155246e-23,0.0,2.5462754289155246e-23,0.1883902950329663,0.26414306947380944,7.164766212136336e-24,7.164766212136336e-24,0.0,7.164766212136336e-24,0.05300967857673864,0.07432516207180183,6.377006562458612e-23,6.377006562458612e-23,0.0,6.377006562458612e-23,0.47181311734230186,0.6615317684543887,10037,354,train_increment
50355,141.32123413341176,88.47569976990455,155.54744875152446,138.47569976990457,88.47569976990455,50.0,0.465161832713416,0.4428749970947544,0.5710904598028627,0.4428749970947546,0.4428749970947544,2.8264246826682355,1.7695139953980912,3.110948975030489,2.7695139953980914,1.7695139953980912,0.04326483209410032,5.939434051513672,49.0,281.0,28.0,13.0,1.3459570083147411e-22,1.3459570083147411e-22,1.0,1.21042022724211e-22,1.21042022724211e-22,0.8993008095835576,0.8993008095835576,0.8993008095835576,0.0,6.646811118251645e-23,6.646811118251645e-23,0.0,6.646811118251645e-23,0.49383532142486847,0.5491325218016322,6.710451203802811e-24,6.710451203802811e-24,0.0,6.710451203802811e-24,0.04985635620119024,0.05543902070351455,4.786346033789174e-23,4.786346033789174e-23,0.0,4.786346033789174e-23,0.35560913195749905,0.39542845749485334,10037,355,train_increment
50356,181.48854880083937,84.66866481236497,111.35839816148619,134.66866481236497,84.66866481236497,50.0,0.7642483157173445,0.39480637389349704,0.24205806523816972,0.39480637389349704,0.39480637389349704,3.6297709760167876,1.6933732962472994,2.2271679632297237,2.6933732962472994,1.6933732962472994,0.020337286034479665,5.931159257888794,49.0,281.0,28.0,13.0,1.3527332331063703e-22,1.3527332331063703e-22,1.0,1.2410420608144745e-22,1.2410420608144745e-22,0.917432964934696,0.917432964934696,0.917432964934696,0.0,3.428834928148538e-23,3.428834928148538e-23,0.0,3.428834928148538e-23,0.25347458347531526,0.27628676226317844,5.708987608598188e-23,5.708987608598188e-23,0.0,5.708987608598188e-23,0.4220335147298972,0.46001564240711373,3.2725980713980194e-23,3.2725980713980194e-23,0.0,3.2725980713980194e-23,0.24192486672948346,0.2636975953297078,10037,356,train_increment
50357,106.87622102961959,102.26212232230205,101.13519749822122,152.26212232230205,102.26212232230205,50.0,0.2086837008906894,0.6169459889179552,0.1659359456308356,0.6169459889179552,0.6169459889179552,2.137524420592392,2.045242446446041,2.0227039499644244,3.045242446446041,2.045242446446041,0.12557978036377687,5.966015815734863,49.0,281.0,28.0,13.0,1.3262253330345484e-22,1.3262253330345484e-22,1.0,1.1892234215313329e-22,1.1892234215313329e-22,0.8966978626552546,0.8966978626552546,0.8966978626552546,0.0,1.334144157153744e-23,1.334144157153744e-23,0.0,1.334144157153744e-23,0.10059709492210321,0.11218616561014248,5.4540438488471446e-24,5.4540438488471446e-24,0.0,5.4540438488471446e-24,0.041124563925857886,0.045862230343765936,1.001268567327487e-22,1.001268567327487e-22,0.0,1.001268567327487e-22,0.7549762038072936,0.8419516040460916,10037,357,train_increment
50358,207.80811569503837,105.61616633215908,114.227910040001,155.61616633215908,105.61616633215908,50.0,0.9602242419585879,0.6592950294464531,0.2634244976917424,0.6592950294464531,0.6592950294464531,4.156162313900767,2.1123233266431813,2.2845582008000203,3.112323326643182,2.1123233266431813,0.046234234026681656,5.951295375823975,49.0,281.0,28.0,13.0,1.3435428327456305e-22,1.3435428327456305e-22,1.0,1.2579726899681853e-22,1.2579726899681853e-22,0.9363100746088041,0.9363100746088041,0.9363100746088041,0.0,1.922785910335733e-23,1.922785910335733e-23,0.0,1.922785910335733e-23,0.14311310837827002,0.15284798514857753,1.0412992456687101e-22,1.0412992456687101e-22,0.0,1.0412992456687101e-22,0.7750398575241081,0.8277598186134271,2.4394853265901832e-24,2.4394853265901832e-24,0.0,2.4394853265901832e-24,0.018157108706425923,0.01939219623799527,10037,358,train_increment
50359,102.26545478236146,100.27350546923475,167.02388889315756,150.27350546923475,100.27350546923475,50.0,0.1743518598835552,0.5918371902681155,0.6565442210957376,0.5918371902681155,0.5918371902681155,2.0453090956472293,2.005470109384695,3.340477777863151,3.005470109384695,2.005470109384695,0.038569585378278114,5.9445366859436035,49.0,281.0,28.0,13.0,1.3516675464142946e-22,1.3516675464142946e-22,1.0,1.200590071134943e-22,1.200590071134943e-22,0.8882288209995646,0.8882288209995646,0.8882288209995646,0.0,4.9515857217876005e-23,4.9515857217876005e-23,0.0,4.9515857217876005e-23,0.3663316275457803,0.412429341274392,9.48912095155413e-24,9.48912095155413e-24,0.0,9.48912095155413e-24,0.07020306862236118,0.07903714331556869,6.105402894406419e-23,6.105402894406419e-23,0.0,6.105402894406419e-23,0.45169412483142324,0.5085335154100394,10037,359,train_increment
50360,150.96514441968026,64.22205725268628,156.6998062417011,114.22205725268628,64.22205725268628,50.0,0.5369705466841419,0.13664213702886716,0.5796709325517581,0.13664213702886716,0.13664213702886716,3.019302888393605,1.2844411450537256,3.1339961248340225,2.2844411450537256,1.2844411450537256,0.03561890006887233,6.024506330490112,49.0,281.0,28.0,13.0,1.3495817295552324e-22,1.3495817295552324e-22,1.0,1.1313062497193115e-22,1.1313062497193115e-22,0.8382643488306146,0.8382643488306146,0.8382643488306146,0.0,1.2363173320897002e-23,1.2363173320897002e-23,0.0,1.2363173320897002e-23,0.0916074443670144,0.10928228606501936,9.191797890035569e-23,9.191797890035569e-23,0.0,9.191797890035569e-23,0.6810849382989805,0.8124942200501541,8.84947275067846e-24,8.84947275067846e-24,0.0,8.84947275067846e-24,0.06557196616461967,0.07822349388482654,10037,360,train_increment
50361,131.95358022289568,68.30916041848201,123.21931077642034,118.30916041848201,68.30916041848201,50.0,0.39541012824196337,0.1882469749808334,0.3303746148653786,0.1882469749808334,0.1882469749808334,2.639071604457914,1.3661832083696401,2.464386215528407,2.36618320836964,1.3661832083696401,0.03072051189748678,5.860092878341675,49.0,281.0,28.0,13.0,1.3484552480801606e-22,1.3484552480801606e-22,1.0,1.2248412359968348e-22,1.2248412359968348e-22,0.908329169796833,0.908329169796833,0.908329169796833,0.0,1.7588431607604876e-23,1.7588431607604876e-23,0.0,1.7588431607604876e-23,0.13043392899131132,0.14359764425542518,9.716506209866268e-23,9.716506209866268e-23,0.0,9.716506209866268e-23,0.7205657157477026,0.7932869929839117,7.730629893415929e-24,7.730629893415929e-24,0.0,7.730629893415929e-24,0.05732952505781914,0.06311536276066318,10037,361,train_increment
50362,119.68591707172035,107.56891372043529,103.16251236643922,157.5689137204353,107.56891372043529,50.0,0.3040649074588262,0.6839509308135769,0.1810313653495102,0.6839509308135769,0.6839509308135769,2.393718341434407,2.1513782744087058,2.0632502473287846,3.1513782744087058,2.1513782744087058,0.02988920805960276,5.948099374771118,49.0,281.0,28.0,13.0,1.344670104320011e-22,1.344670104320011e-22,1.0,1.189774803331647e-22,1.189774803331647e-22,0.8848079536454829,0.8848079536454829,0.8848079536454829,0.0,7.005541912950355e-24,7.005541912950355e-24,0.0,7.005541912950355e-24,0.05209859199251703,0.058881242848085234,5.199154668191787e-24,5.199154668191787e-24,0.0,5.199154668191787e-24,0.03866490860091634,0.04369864493375504,1.0677278375202254e-22,1.0677278375202254e-22,0.0,1.0677278375202254e-22,0.7940444530520495,0.8974201122181596,10037,362,train_increment
50363,84.18385848296819,76.35030483852175,92.86216391077187,126.35030483852175,76.35030483852175,50.0,0.03971599763937599,0.28977657624396147,0.1043348020161718,0.28977657624396147,0.28977657624396147,1.6836771696593638,1.5270060967704349,1.8572432782154373,2.5270060967704353,1.5270060967704349,0.049267030336731445,5.948823928833008,49.0,281.0,28.0,13.0,1.3362994679804741e-22,1.3362994679804741e-22,1.0,1.2510954165473191e-22,1.2510954165473191e-22,0.936238804643152,0.936238804643152,0.936238804643152,0.0,8.007505885720185e-23,8.007505885720185e-23,0.0,8.007505885720185e-23,0.5992298940163306,0.6400395828975786,4.0410775720532466e-23,4.0410775720532466e-23,0.0,4.0410775720532466e-23,0.3024080805899336,0.3230031473702873,4.623707076997618e-24,4.623707076997618e-24,0.0,4.623707076997618e-24,0.03460083003688795,0.03695726973213429,10037,363,train_increment
50364,88.67164904317366,110.68164683090092,152.24316207517262,160.68164683090092,110.68164683090092,50.0,0.07313215966622237,0.7232531165517793,0.5464866870824469,0.7232531165517793,0.7232531165517793,1.7734329808634732,2.2136329366180183,3.0448632415034527,3.2136329366180187,2.2136329366180183,0.03601195867439133,5.851644277572632,49.0,281.0,28.0,13.0,1.3449007168563183e-22,1.3449007168563183e-22,1.0,1.0809307061378302e-22,1.0809307061378302e-22,0.8037252806768418,0.8037252806768418,0.8037252806768418,0.0,1.5359386850554656e-23,1.5359386850554656e-23,0.0,1.5359386850554656e-23,0.11420461494330193,0.14209409320449234,1.9025144573492364e-23,1.9025144573492364e-23,0.0,1.9025144573492364e-23,0.1414613311974679,0.1760070693288868,7.370853918973598e-23,7.370853918973598e-23,0.0,7.370853918973598e-23,0.5480593345360719,0.6818988374666207,10037,364,train_increment
50365,202.18979354672203,107.8981630061725,120.70679027067227,157.8981630061725,107.8981630061725,50.0,0.9183901232071633,0.6881081187648043,0.311666346021387,0.6881081187648043,0.6881081187648043,4.04379587093444,2.15796326012345,2.414135805413445,3.15796326012345,2.15796326012345,0.02769527488847138,5.933940887451172,49.0,281.0,28.0,13.0,1.352049286484573e-22,1.352049286484573e-22,1.0,1.239906967463985e-22,1.239906967463985e-22,0.9170575213924589,0.9170575213924589,0.9170575213924589,0.0,1.6511040419831934e-23,1.6511040419831934e-23,0.0,1.6511040419831934e-23,0.12211862825475725,0.13316354253256926,1.0079825305690616e-22,1.0079825305690616e-22,0.0,1.0079825305690616e-22,0.7455220313675768,0.8129501301462281,6.681403269660417e-24,6.681403269660417e-24,0.0,6.681403269660417e-24,0.04941686177012492,0.05388632732120274,10037,365,train_increment
50366,106.71924349995972,65.97547983971155,187.976686869298,115.97547983971155,65.97547983971155,50.0,0.20751484363335607,0.15878131110746907,0.8125590980588085,0.15878131110746907,0.15878131110746907,2.1343848699991943,1.3195095967942312,3.75953373738596,2.319509596794231,1.3195095967942312,0.03230463844138865,5.91922402381897,49.0,281.0,28.0,13.0,1.3491934702681194e-22,1.3491934702681194e-22,1.0,1.2485205423242192e-22,1.2485205423242192e-22,0.9253828823201361,0.9253828823201361,0.9253828823201361,0.0,5.177184641083551e-24,5.177184641083551e-24,0.0,5.177184641083551e-24,0.03837244068528372,0.04146655553977362,1.171438828959682e-22,1.171438828959682e-22,0.0,1.171438828959682e-22,0.8682511847073251,0.938261557778582,2.5309866953701687e-24,2.5309866953701687e-24,0.0,2.5309866953701687e-24,0.018759256927527203,0.020271886681644324,10037,366,train_increment
50367,179.34419448737623,72.14446791096067,181.76388813645173,122.14446791096067,72.14446791096067,50.0,0.7482814183721238,0.23667257463334176,0.7662984969207127,0.23667257463334176,0.23667257463334176,3.586883889747525,1.4428893582192135,3.6352777627290345,2.4428893582192135,1.4428893582192135,0.03668154767344888,5.925913572311401,49.0,281.0,28.0,13.0,1.3506255584424094e-22,1.3506255584424094e-22,1.0,9.557205198619021e-23,9.557205198619021e-23,0.707613234391976,0.707613234391976,0.707613234391976,0.0,1.778043725141676e-23,1.778043725141676e-23,0.0,1.778043725141676e-23,0.13164594095140483,0.18604222554503658,5.2065494930174475e-23,5.2065494930174475e-23,0.0,5.2065494930174475e-23,0.38549170497127494,0.5447774097986066,2.572611980459898e-23,2.572611980459898e-23,0.0,2.572611980459898e-23,0.19047558846929624,0.2691803646563569,10037,367,train_increment
50368,92.69374473814437,94.53915018939426,142.09168103474013,144.53915018939426,94.53915018939426,50.0,0.10308075009787326,0.5194337145125538,0.47089859296157954,0.5194337145125538,0.5194337145125538,1.8538748947628876,1.8907830037878852,2.8418336206948025,2.8907830037878854,1.8907830037878852,0.06458455902109843,5.9425575733184814,49.0,281.0,28.0,13.0,1.3421470929205186e-22,1.3421470929205186e-22,1.0,1.1881489454271842e-22,1.1881489454271842e-22,0.8852598583973135,0.8852598583973135,0.8852598583973135,0.0,6.306267540026446e-23,6.306267540026446e-23,0.0,6.306267540026446e-23,0.4698641135007026,0.5307640565012752,1.1496831291698768e-23,1.1496831291698768e-23,0.0,1.1496831291698768e-23,0.08565999473784655,0.09676254257470408,4.425538785075518e-23,4.425538785075518e-23,0.0,4.425538785075518e-23,0.3297357501587642,0.37247340092402054,10037,368,train_increment
50369,136.03644617279724,121.19892753176114,163.61146168412398,171.19892753176114,121.19892753176114,50.0,0.4258112149873212,0.856047064794964,0.631135232197498,0.856047064794964,0.856047064794964,2.720728923455945,2.423978550635223,3.27222923368248,3.423978550635223,2.423978550635223,0.061665930612676306,5.937886476516724,49.0,281.0,28.0,13.0,1.3426600340744597e-22,1.3426600340744597e-22,1.0,6.598327747551959e-23,6.598327747551959e-23,0.49143696692367894,0.49143696692367894,0.49143696692367894,0.0,1.992764913438622e-23,1.992764913438622e-23,0.0,1.992764913438622e-23,0.14841917260256438,0.3020105986972163,1.0783936205964322e-23,1.0783936205964322e-23,0.0,1.0783936205964322e-23,0.0803176972002302,0.16343438244584413,3.527169213516905e-23,3.527169213516905e-23,0.0,3.527169213516905e-23,0.2627000971208844,0.5345550188569396,10037,369,train_increment
50370,162.40730433853744,69.71769316503546,172.09784145748057,119.71769316503546,69.71769316503546,50.0,0.6221690568766749,0.20603147935650823,0.6943249550073013,0.20603147935650823,0.20603147935650823,3.248146086770749,1.394353863300709,3.441956829149612,2.3943538633007093,1.394353863300709,0.014821254589139913,7.018430233001709,49.0,281.0,28.0,13.0,1.348598887852591e-22,1.348598887852591e-22,1.0,1.0160706365819558e-22,1.0160706365819558e-22,0.7534268682364639,0.7534268682364639,0.7534268682364639,0.0,2.110512115267647e-23,2.110512115267647e-23,0.0,2.110512115267647e-23,0.1564966525093514,0.20771312931228617,6.479149544730797e-23,6.479149544730797e-23,0.0,6.479149544730797e-23,0.480435628643274,0.6376672360621054,1.5710447058211133e-23,1.5710447058211133e-23,0.0,1.5710447058211133e-23,0.11649458708383845,0.15461963462560838,10037,370,train_increment
50371,150.58971563248423,81.40996451007604,92.53571232381225,131.40996451007604,81.40996451007604,50.0,0.5341750977846927,0.3536611680565156,0.10190403815198996,0.3536611680565156,0.3536611680565156,3.011794312649685,1.6281992902015208,1.850714246476245,2.628199290201521,1.6281992902015208,0.027922808582319252,6.086785078048706,49.0,281.0,28.0,13.0,1.347195989143844e-22,1.347195989143844e-22,1.0,1.2185385373095588e-22,1.2185385373095588e-22,0.9044998256593324,0.9044998256593324,0.9044998256593324,0.0,4.36139021913227e-23,4.36139021913227e-23,0.0,4.36139021913227e-23,0.32373836132810757,0.357919760893397,4.7523354017682825e-23,4.7523354017682825e-23,0.0,4.7523354017682825e-23,0.3527575378834402,0.3900028810136018,3.0716597521950355e-23,3.0716597521950355e-23,0.0,3.0716597521950355e-23,0.2280039264477847,0.2520773580930012,10037,371,train_increment
50372,127.92595834126814,55.21647834586452,180.14461622579978,105.21647834586452,55.21647834586452,50.0,0.36542038973394003,0.02293533264980452,0.754241371748323,0.022935332649804428,0.02293533264980452,2.558519166825363,1.1043295669172906,3.6028923245159956,2.1043295669172903,1.1043295669172906,0.01969079358099274,5.982208490371704,49.0,281.0,28.0,13.0,1.3518623038162863e-22,1.3518623038162863e-22,1.0,1.1295270455330547e-22,1.1295270455330547e-22,0.835534094222775,0.835534094222775,0.835534094222775,0.0,6.836004428391973e-24,6.836004428391973e-24,0.0,6.836004428391973e-24,0.05056731302510647,0.06052094507543089,1.0350568075936177e-22,1.0350568075936177e-22,0.0,1.0350568075936177e-22,0.7656525407000909,0.9163630137825927,2.6110193655517164e-24,2.6110193655517164e-24,0.0,2.6110193655517164e-24,0.01931424049757767,0.02311604114197642,10037,372,train_increment
50373,204.09064660303682,103.4309721836675,125.55353321866426,153.4309721836675,103.4309721836675,50.0,0.9325439062028057,0.6317041942382261,0.34775527340777557,0.6317041942382261,0.6317041942382261,4.081812932060736,2.06861944367335,2.511070664373285,3.06861944367335,2.06861944367335,0.03291447135196161,6.0333473682403564,49.0,281.0,28.0,13.0,1.347260694085683e-22,1.347260694085683e-22,1.0,1.216447676018502e-22,1.216447676018502e-22,0.9029044500136946,0.9029044500136946,0.9029044500136946,0.0,2.9019270357850344e-23,2.9019270357850344e-23,0.0,2.9019270357850344e-23,0.21539461876414526,0.2385574894008755,8.370315840085041e-23,8.370315840085041e-23,0.0,8.370315840085041e-23,0.6212840526580897,0.6880950167525108,8.922338843149461e-24,8.922338843149461e-24,0.0,8.922338843149461e-24,0.06622577859145959,0.0733474938466137,10037,373,train_increment
50374,154.32065392730877,132.2808727827994,192.41681131827514,182.2808727827994,132.2808727827994,50.0,0.5619557254453371,0.995970615944437,0.845620337440619,0.995970615944437,0.995970615944437,3.086413078546175,2.645617455655988,3.848336226365503,3.645617455655988,2.645617455655988,0.03445810510695968,5.997843265533447,49.0,281.0,28.0,13.0,1.349023841750407e-22,1.349023841750407e-22,1.0,2.961155997537922e-23,2.961155997537922e-23,0.21950360741554545,0.21950360741554545,0.21950360741554545,0.0,8.097527195698672e-24,8.097527195698672e-24,0.0,8.097527195698672e-24,0.060025085881297985,0.27345831163341033,1.4213088393624106e-23,1.4213088393624106e-23,0.0,1.4213088393624106e-23,0.10535831876167669,0.47998445220183256,7.300944386056443e-24,7.300944386056443e-24,0.0,7.300944386056443e-24,0.054120202772570764,0.24655723616475708,10037,374,train_increment
50375,135.43242912547248,78.608492272989,97.78467279612933,128.608492272989,78.608492272989,50.0,0.42131369415839526,0.31828904385087115,0.1409878838133234,0.31828904385087115,0.31828904385087115,2.7086485825094497,1.5721698454597801,1.9556934559225865,2.57216984545978,1.5721698454597801,0.05611678959755833,5.9808971881866455,49.0,281.0,28.0,13.0,1.3435754276707262e-22,1.3435754276707262e-22,1.0,1.110828387753441e-22,1.110828387753441e-22,0.8267703955253302,0.8267703955253302,0.8267703955253302,0.0,4.593069971775303e-23,4.593069971775303e-23,0.0,4.593069971775303e-23,0.3418542701199906,0.4134815082520901,3.901565728526141e-23,3.901565728526141e-23,0.0,3.901565728526141e-23,0.29038680286748353,0.35123028647266896,2.6136481772329644e-23,2.6136481772329644e-23,0.0,2.6136481772329644e-23,0.19452932253785593,0.23528820527524086,10037,375,train_increment
50376,133.4197456225761,57.39746811276583,208.28255925847697,107.39746811276584,57.39746811276583,50.0,0.4063272198255853,0.05047308223189171,0.9637569565039238,0.0504730822318918,0.05047308223189171,2.668394912451522,1.1479493622553167,4.16565118516954,2.147949362255317,1.1479493622553167,0.10773695853788508,5.984314918518066,49.0,281.0,28.0,13.0,1.3336172030609492e-22,1.3336172030609492e-22,1.0,9.139353361696447e-23,9.139353361696447e-23,0.685305598991944,0.685305598991944,0.685305598991944,0.0,1.2693437038246558e-23,1.2693437038246558e-23,0.0,1.2693437038246558e-23,0.09518051363698883,0.1388876929898069,7.514740873686407e-23,7.514740873686407e-23,0.0,7.514740873686407e-23,0.563485598149034,0.8222398868153097,3.552687841853847e-24,3.552687841853847e-24,0.0,3.552687841853847e-24,0.026639487205921124,0.03887242019488343,10037,376,train_increment
50377,188.5260925219472,90.85005018863345,155.44058989374324,140.85005018863345,90.85005018863345,50.0,0.8166499815483782,0.4728541690484021,0.5702947869973435,0.4728541690484021,0.4728541690484021,3.7705218504389437,1.817001003772669,3.108811797874865,2.8170010037726687,1.817001003772669,0.04950251405242602,5.964332103729248,49.0,281.0,28.0,13.0,1.3473787832842804e-22,1.3473787832842804e-22,1.0,1.1570552060206115e-22,1.1570552060206115e-22,0.858745306349749,0.858745306349749,0.858745306349749,0.0,4.839411310021172e-23,4.839411310021172e-23,0.0,4.839411310021172e-23,0.35917229587250493,0.41825241223061954,1.259626813654636e-23,1.259626813654636e-23,0.0,1.259626813654636e-23,0.09348720859209717,0.10886488450164732,5.471513936530306e-23,5.471513936530306e-23,0.0,5.471513936530306e-23,0.4060858018851469,0.4728827032677331,10037,377,train_increment
50378,97.87546586698369,98.03003290551456,154.8658701521067,148.03003290551456,98.03003290551456,50.0,0.14166393050620768,0.5635105164837697,0.5660154143864982,0.5635105164837697,0.5635105164837697,1.9575093173396738,1.9606006581102913,3.097317403042134,2.9606006581102915,1.9606006581102913,0.05334009439578259,6.040562629699707,49.0,281.0,28.0,13.0,1.3459083489707943e-22,1.3459083489707943e-22,1.0,1.194528145751516e-22,1.194528145751516e-22,0.8875256228739218,0.8875256228739218,0.8875256228739218,0.0,5.355452197995805e-23,5.355452197995805e-23,0.0,5.355452197995805e-23,0.39790615773288557,0.4483320227357655,1.1981870541650721e-23,1.1981870541650721e-23,0.0,1.1981870541650721e-23,0.08902441649026968,0.10030630575148602,5.391642205354282e-23,5.391642205354282e-23,0.0,5.391642205354282e-23,0.4005950486507665,0.4513616715127484,10037,378,train_increment
50379,173.0563891288302,68.4780403428568,134.1104755200196,118.4780403428568,68.4780403428568,50.0,0.7014623166703664,0.1903792972582929,0.4114704059569591,0.1903792972582929,0.1903792972582929,3.4611277825766043,1.369560806857136,2.6822095104003925,2.369560806857136,1.369560806857136,0.009163832601282007,6.031505346298218,49.0,281.0,28.0,13.0,1.3513766982001164e-22,1.3513766982001164e-22,1.0,1.197619121816662e-22,1.197619121816662e-22,0.8862215275812861,0.8862215275812861,0.8862215275812861,0.0,3.2825632620215317e-24,3.2825632620215317e-24,0.0,3.2825632620215317e-24,0.02429051252987817,0.02740907524123554,9.95986487354581e-23,9.95986487354581e-23,0.0,9.95986487354581e-23,0.73701617667459,0.8316387649554012,1.688070018418655e-23,1.688070018418655e-23,0.0,1.688070018418655e-23,0.12491483837681801,0.1409521598033631,10037,379,train_increment
50380,170.84372348395516,120.2689783522107,145.2566897045599,170.2689783522107,120.2689783522107,50.0,0.6849867720324285,0.8443052822248825,0.4944652993638116,0.8443052822248825,0.8443052822248825,3.4168744696791036,2.4053795670442137,2.9051337940911983,3.405379567044214,2.4053795670442137,0.05009033364278934,6.02159309387207,49.0,281.0,28.0,13.0,1.3456302048120317e-22,1.3456302048120317e-22,1.0,9.440031022983164e-23,9.440031022983164e-23,0.701532336984203,0.701532336984203,0.701532336984203,0.0,3.0423277406448046e-24,3.0423277406448046e-24,0.0,3.0423277406448046e-24,0.022608943599551415,0.032227942188302175,7.908834036646835e-23,7.908834036646835e-23,0.0,7.908834036646835e-23,0.5877420117625558,0.8377974624650701,1.2269642122718491e-23,1.2269642122718491e-23,0.0,1.2269642122718491e-23,0.09118138162209588,0.12997459534662775,10037,380,train_increment
50381,206.2153499128712,128.41288265851676,142.24463603288015,178.41288265851676,128.41288265851676,50.0,0.9483644818530991,0.9471323567994542,0.47203749838332204,0.9471323567994542,0.9471323567994542,4.124306998257424,2.5682576531703356,2.844892720657603,3.568257653170335,2.5682576531703356,0.10237370640583662,6.008843421936035,49.0,281.0,28.0,13.0,1.3304005554581251e-22,1.3304005554581251e-22,1.0,9.007453594362526e-23,9.007453594362526e-23,0.6770482436592788,0.6770482436592788,0.6770482436592788,0.0,2.7645060455005246e-24,2.7645060455005246e-24,0.0,2.7645060455005246e-24,0.020779501588140598,0.030691315992243794,7.669740586852824e-23,7.669740586852824e-23,0.0,7.669740586852824e-23,0.5764986007700319,0.8514882154544838,1.0612624029596501e-23,1.0612624029596501e-23,0.0,1.0612624029596501e-23,0.07977014130110634,0.11782046855327236,10037,381,train_increment
50382,151.87567537537797,60.43892723023327,154.03282990674631,110.43892723023328,60.43892723023327,50.0,0.5437503750958895,0.08887534381607656,0.5598125830733158,0.08887534381607666,0.08887534381607656,3.037513507507559,1.2087785446046653,3.0806565981349263,2.2087785446046655,1.2087785446046653,0.020658960302541805,6.034162282943726,49.0,281.0,28.0,13.0,1.3513034272008025e-22,1.3513034272008025e-22,1.0,1.1279365113866692e-22,1.1279365113866692e-22,0.8347026202125208,0.8347026202125208,0.8347026202125208,0.0,1.3039524388920275e-23,1.3039524388920275e-23,0.0,1.3039524388920275e-23,0.09649590259629094,0.1156051272149145,9.404491018276809e-23,9.404491018276809e-23,0.0,9.404491018276809e-23,0.6959570166826277,0.8337784018282253,5.70921656697856e-24,5.70921656697856e-24,0.0,5.70921656697856e-24,0.042249700933602204,0.05061647095686024,10037,382,train_increment
50383,155.56787571394574,76.29653296235433,114.95828433504145,126.29653296235433,76.29653296235433,50.0,0.5712425592996704,0.2890976384135648,0.26886287665704733,0.2890976384135648,0.2890976384135648,3.111357514278915,1.5259306592470867,2.2991656867008294,2.525930659247087,1.5259306592470867,0.00709680369235134,5.977343320846558,49.0,281.0,28.0,13.0,1.35040869622543e-22,1.35040869622543e-22,1.0,1.1668842918650253e-22,1.1668842918650253e-22,0.8640971397226783,0.8640971397226783,0.8640971397226783,0.0,2.4107852455444563e-23,2.4107852455444563e-23,0.0,2.4107852455444563e-23,0.17852263927823614,0.20660019698193985,6.644262601075918e-23,6.644262601075918e-23,0.0,6.644262601075918e-23,0.4920186473656091,0.5694020090420813,2.6137950720298794e-23,2.6137950720298794e-23,0.0,2.6137950720298794e-23,0.19355585307883313,0.22399779397597888,10037,383,train_increment
50384,165.34241494544887,101.55607895220137,90.93618532463336,151.55607895220137,101.55607895220137,50.0,0.644023938536477,0.6080312999015325,0.08999393391387461,0.6080312999015325,0.6080312999015325,3.306848298908977,2.0311215790440276,1.8187237064926673,3.0311215790440276,2.0311215790440276,0.01380289197102886,5.997661828994751,49.0,281.0,28.0,13.0,1.3447327631899892e-22,1.3447327631899892e-22,1.0,1.1923969102641464e-22,1.1923969102641464e-22,0.8867166346386399,0.8867166346386399,0.8867166346386399,0.0,2.211822874853026e-23,2.211822874853026e-23,0.0,2.211822874853026e-23,0.16448047786134967,0.18549384486102455,6.895290759462429e-23,6.895290759462429e-23,0.0,6.895290759462429e-23,0.512762903396906,0.5782714379840976,2.8168554683260086e-23,2.8168554683260086e-23,0.0,2.8168554683260086e-23,0.20947325338038425,0.23623471715487782,10037,384,train_increment
50385,166.8040717159979,109.4857304013297,96.24837110410121,159.4857304013297,109.4857304013297,50.0,0.6549074587937298,0.7081531616329508,0.12954855624796138,0.7081531616329508,0.7081531616329508,3.3360814343199583,2.1897146080265943,1.924967422082024,3.189714608026594,2.1897146080265943,0.04608872489741164,5.969303131103516,49.0,281.0,28.0,13.0,1.3459837787825143e-22,1.3459837787825143e-22,1.0,1.2416394311868223e-22,1.2416394311868223e-22,0.9224772621776506,0.9224772621776506,0.9224772621776506,0.0,5.7702578005920314e-24,5.7702578005920314e-24,0.0,5.7702578005920314e-24,0.04287018827085283,0.046472894269123884,9.754390091154715e-23,9.754390091154715e-23,0.0,9.754390091154715e-23,0.724703391297767,0.7856056956753517,2.0849784406543043e-23,2.0849784406543043e-23,0.0,2.0849784406543043e-23,0.15490368260903073,0.16792141005552438,10037,385,train_increment
50386,170.59481296654405,112.31729476837498,175.07178950930933,162.31729476837498,112.31729476837498,50.0,0.6831333802423235,0.7439052369744316,0.7164690209181632,0.7439052369744316,0.7439052369744316,3.4118962593308813,2.2463458953675,3.5014357901861866,3.2463458953674995,2.2463458953675,0.031041144794605933,6.029927730560303,49.0,281.0,28.0,13.0,1.346882542550165e-22,1.346882542550165e-22,1.0,7.800573170904137e-23,7.800573170904137e-23,0.5791576417743645,0.5791576417743645,0.5791576417743645,0.0,2.0209917601857234e-23,2.0209917601857234e-23,0.0,2.0209917601857234e-23,0.15004959202746895,0.259082469442624,2.5359326835343576e-23,2.5359326835343576e-23,0.0,2.5359326835343576e-23,0.18828165065773775,0.3250956856597791,3.243648727184056e-23,3.243648727184056e-23,0.0,3.243648727184056e-23,0.24082639908915782,0.41582184489759694,10037,386,train_increment
50387,210.958922144739,101.9699541424948,83.85881684315355,151.9699541424948,101.9699541424948,50.0,0.9836851983971631,0.6132569967486717,0.03729573226473234,0.6132569967486717,0.6132569967486717,4.21917844289478,2.0393990828498962,1.677176336863071,3.0393990828498962,2.0393990828498962,0.02054724987691067,5.8511803150177,49.0,281.0,28.0,13.0,1.351010191052876e-22,1.351010191052876e-22,1.0,1.2378798908885579e-22,1.2378798908885579e-22,0.9162624376088881,0.9162624376088881,0.9162624376088881,0.0,1.8141451511479365e-23,1.8141451511479365e-23,0.0,1.8141451511479365e-23,0.13428064149050778,0.14655259888305738,1.0426613253057997e-22,1.0426613253057997e-22,0.0,1.0426613253057997e-22,0.7717642192567236,0.8422960361343061,1.3804050467964406e-24,1.3804050467964406e-24,0.0,1.3804050467964406e-24,0.010217576861656806,0.011151364982636379,10037,387,train_increment
50388,183.13531868097522,90.61933924748436,85.47048900722037,140.61933924748436,90.61933924748436,50.0,0.7765101912209621,0.46994115211470155,0.049296269599556,0.46994115211470155,0.46994115211470155,3.6627063736195047,1.8123867849496873,1.7094097801444073,2.812386784949687,1.8123867849496873,0.007054149901502121,5.953261137008667,49.0,281.0,28.0,13.0,1.3435779917316895e-22,1.3435779917316895e-22,1.0,1.2972045435071753e-22,1.2972045435071753e-22,0.9654851087842358,0.9654851087842358,0.9654851087842358,0.0,4.608297344719863e-23,4.608297344719863e-23,0.0,4.608297344719863e-23,0.34298696265338446,0.35524831976464416,7.008538811043661e-23,7.008538811043661e-23,0.0,7.008538811043661e-23,0.5216324511248213,0.5402801621473733,1.3552092793082318e-23,1.3552092793082318e-23,0.0,1.3552092793082318e-23,0.10086569500603021,0.10447151808798268,10037,388,train_increment
50389,100.73252089120783,66.30410185537242,149.4434711505998,116.30410185537242,66.30410185537242,50.0,0.16293760901867335,0.162930578981975,0.5256401425956798,0.162930578981975,0.162930578981975,2.0146504178241567,1.3260820371074484,2.9888694230119963,2.3260820371074487,1.3260820371074484,0.015025743347075916,5.929652452468872,49.0,281.0,28.0,13.0,1.3434738942295908e-22,1.3434738942295908e-22,1.0,1.2316527375442472e-22,1.2316527375442472e-22,0.9167671532988984,0.9167671532988984,0.9167671532988984,0.0,1.1175943696218874e-23,1.1175943696218874e-23,0.0,1.1175943696218874e-23,0.08318690630477542,0.09073940531729933,1.1032634868266714e-22,1.1032634868266714e-22,0.0,1.1032634868266714e-22,0.8212020282383924,0.8957585634295208,1.662981375538709e-24,1.662981375538709e-24,0.0,1.662981375538709e-24,0.012378218755730554,0.013502031253179966,10037,389,train_increment
50390,116.97576740804661,109.21517133533293,165.44863456848907,159.2151713353329,109.21517133533293,50.0,0.2838850886675101,0.7047370118097592,0.6448148515896431,0.704737011809759,0.7047370118097592,2.339515348160932,2.184303426706659,3.3089726913697812,3.1843034267066583,2.184303426706659,0.04514780584678465,5.9299750328063965,49.0,281.0,28.0,13.0,1.3482209246783078e-22,1.3482209246783078e-22,1.0,1.0027355309642403e-22,1.0027355309642403e-22,0.7437471949958779,0.7437471949958779,0.7437471949958779,0.0,2.5218716535211716e-23,2.5218716535211716e-23,0.0,2.5218716535211716e-23,0.18705181082417205,0.2514991815534965,8.999104518314478e-24,8.999104518314478e-24,0.0,8.999104518314478e-24,0.06674799621925248,0.0897455434700798,6.605573204289784e-23,6.605573204289784e-23,0.0,6.605573204289784e-23,0.48994738795245346,0.6587552749764237,10037,390,train_increment
50391,161.33324477791194,97.63332022089475,198.31618268364764,147.63332022089475,97.63332022089475,50.0,0.6141715917938343,0.5585015179405902,0.8895471532661775,0.5585015179405902,0.5585015179405902,3.226664895558239,1.9526664044178947,3.966323653672953,2.952666404417895,1.9526664044178947,0.03940294520992934,5.9740378856658936,49.0,281.0,28.0,13.0,1.3505607013796761e-22,1.3505607013796761e-22,1.0,1.1617990298981561e-22,1.1617990298981561e-22,0.8602345890201832,0.8602345890201832,0.8602345890201832,0.0,5.953286533033745e-23,5.953286533033745e-23,0.0,5.953286533033745e-23,0.4408011077882036,0.5124196508888127,4.3396625258233316e-24,4.3396625258233316e-24,0.0,4.3396625258233316e-24,0.03213230269020944,0.03735295360165474,5.230737513365485e-23,5.230737513365485e-23,0.0,5.230737513365485e-23,0.3873011785417703,0.45022739550953267,10037,391,train_increment
50392,156.23435051053514,79.15693761373288,95.31601403739904,129.15693761373288,79.15693761373288,50.0,0.576205141552756,0.3252138587592535,0.12260621025613587,0.3252138587592535,0.3252138587592535,3.1246870102107027,1.5831387522746576,1.9063202807479809,2.5831387522746576,1.5831387522746576,0.018822675140753954,5.926353216171265,49.0,281.0,28.0,13.0,1.35006121298608e-22,1.35006121298608e-22,1.0,1.238448885827903e-22,1.238448885827903e-22,0.917327950699871,0.917327950699871,0.917327950699871,0.0,3.416125944230937e-23,3.416125944230937e-23,0.0,3.416125944230937e-23,0.25303489289016107,0.27583907445217304,6.251380676336328e-23,6.251380676336328e-23,0.0,6.251380676336328e-23,0.4630442394911454,0.5047750252653569,2.716982237711764e-23,2.716982237711764e-23,0.0,2.716982237711764e-23,0.20124881831856448,0.21938590028247001,10037,392,train_increment
50393,185.40113763639107,53.60787505936936,154.789731786349,103.60787505936936,53.60787505936936,50.0,0.7933815162799037,0.0026246850930474377,0.5654484868678257,0.0026246850930474377,0.0026246850930474377,3.7080227527278216,1.0721575011873874,3.0957946357269797,2.072157501187387,1.0721575011873874,0.018873594876521117,5.910707473754883,49.0,281.0,28.0,13.0,1.3511892306229462e-22,1.3511892306229462e-22,1.0,7.934091957411798e-23,7.934091957411798e-23,0.5871932500345566,0.5871932500345566,0.5871932500345566,0.0,9.621930230718372e-24,9.621930230718372e-24,0.0,9.621930230718372e-24,0.07121082682314098,0.12127323810168149,5.590310963695227e-23,5.590310963695227e-23,0.0,5.590310963695227e-23,0.4137326465455838,0.7045936691561686,1.381587970644734e-23,1.381587970644734e-23,0.0,1.381587970644734e-23,0.10224977666583183,0.17413309274214986,10037,393,train_increment
50394,153.5652704545637,76.87595804136973,109.23955993455353,126.87595804136973,76.87595804136973,50.0,0.5563311277331622,0.29641361163345614,0.22628116109123997,0.29641361163345614,0.29641361163345614,3.071305409091274,1.5375191608273946,2.184791198691071,2.5375191608273946,1.5375191608273946,0.03032226345987972,5.935516357421875,49.0,281.0,28.0,13.0,1.3473709982015286e-22,1.3473709982015286e-22,1.0,1.1764767826921678e-22,1.1764767826921678e-22,0.8731646920280528,0.8731646920280528,0.8731646920280528,0.0,2.651122087754578e-23,2.651122087754578e-23,0.0,2.651122087754578e-23,0.19676259109727737,0.22534419095699743,6.415314167564943e-23,6.415314167564943e-23,0.0,6.415314167564943e-23,0.4761356876560433,0.545298833087431,2.698331571602158e-23,2.698331571602158e-23,0.0,2.698331571602158e-23,0.20026641327473219,0.2293569759555716,10037,394,train_increment
50395,187.81455221317407,118.96241190654486,86.92696731494357,168.96241190654484,118.96241190654486,50.0,0.8113518407533438,0.8278082311432432,0.0601412309377779,0.827808231143243,0.8278082311432432,3.7562910442634814,2.3792482381308973,1.7385393462988712,3.3792482381308973,2.3792482381308973,0.010039663662948135,5.936070203781128,49.0,281.0,28.0,13.0,1.349326929026979e-22,1.349326929026979e-22,1.0,1.2275311061430056e-22,1.2275311061430056e-22,0.9097358688514411,0.9097358688514411,0.9097358688514411,0.0,4.360947772849697e-25,4.360947772849697e-25,0.0,4.360947772849697e-25,0.0032319430369587634,0.00355261691620355,1.2101532101172711e-22,1.2101532101172711e-22,0.0,1.2101532101172711e-22,0.8968569322113298,0.9858432133094068,1.301694825288474e-24,1.301694825288474e-24,0.0,1.301694825288474e-24,0.009646993603152548,0.01060416977438964,10037,395,train_increment
50396,184.99857603542574,58.28716574473928,191.1141818901184,108.28716574473928,58.28716574473928,50.0,0.7903840360046592,0.061706638191152505,0.8359209373798838,0.061706638191152505,0.061706638191152505,3.6999715207085146,1.1657433148947856,3.8222836378023684,2.1657433148947858,1.1657433148947856,0.02024945139176452,5.9208619594573975,49.0,281.0,28.0,13.0,1.3491150672236051e-22,1.3491150672236051e-22,1.0,1.0961815521053094e-22,1.0961815521053094e-22,0.8125189457421025,0.8125189457421025,0.8125189457421025,0.0,1.9241972666884415e-24,1.9241972666884415e-24,0.0,1.9241972666884415e-24,0.014262662343904584,0.01755363664890052,9.890914600616556e-23,9.890914600616556e-23,0.0,9.890914600616556e-23,0.7331409188818447,0.9023062449482221,8.784811937676949e-24,8.784811937676949e-24,0.0,8.784811937676949e-24,0.06511536451635327,0.08014011840287746,10037,396,train_increment
50397,164.21399681874414,71.47632503539728,194.90408053481804,121.47632503539728,71.47632503539728,50.0,0.6356217186801499,0.2282364272146121,0.8641405847715415,0.2282364272146121,0.2282364272146121,3.284279936374883,1.4295265007079456,3.898081610696361,2.429526500707946,1.4295265007079456,0.02411016607253534,5.926881313323975,49.0,281.0,28.0,13.0,1.347473285191976e-22,1.347473285191976e-22,1.0,8.927232099955485e-23,8.927232099955485e-23,0.6625164445233223,0.6625164445233223,0.6625164445233223,0.0,1.1942395353156162e-23,1.1942395353156162e-23,0.0,1.1942395353156162e-23,0.08862806769081671,0.13377489483236032,5.957695564621449e-23,5.957695564621449e-23,0.0,5.957695564621449e-23,0.442138306569295,0.6673620107458791,1.7752970000184194e-23,1.7752970000184194e-23,0.0,1.7752970000184194e-23,0.13175007026321053,0.19886309442176056,10037,397,train_increment
50398,181.75607378576055,95.98312793289753,141.56919074011012,145.98312793289753,95.98312793289753,50.0,0.7662403111374575,0.5376657567285041,0.46700812166872757,0.5376657567285041,0.5376657567285041,3.635121475715211,1.9196625586579505,2.8313838148022024,2.9196625586579508,1.9196625586579505,0.059667367373864445,5.916349649429321,49.0,281.0,28.0,13.0,1.3450569598432423e-22,1.3450569598432423e-22,1.0,1.1268885934562723e-22,1.1268885934562723e-22,0.8377999052081809,0.8377999052081809,0.8377999052081809,0.0,4.5423542818797446e-23,4.5423542818797446e-23,0.0,4.5423542818797446e-23,0.3377072062739355,0.4030881409446093,1.077548760709686e-23,1.077548760709686e-23,0.0,1.077548760709686e-23,0.08011175681625166,0.09562158734828823,5.648982891973292e-23,5.648982891973292e-23,0.0,5.648982891973292e-23,0.41998094211799364,0.5012902717071024,10037,398,train_increment
50399,206.512768426463,110.58086783743694,154.34256299590757,160.58086783743693,110.58086783743694,50.0,0.9505790649773864,0.7219806545130927,0.5621188607290214,0.7219806545130926,0.7219806545130927,4.1302553685292605,2.211617356748739,3.0868512599181517,3.211617356748739,2.211617356748739,0.057307696040864886,5.938262701034546,49.0,281.0,28.0,13.0,1.3441714201961874e-22,1.3441714201961874e-22,1.0,9.042163907352272e-23,9.042163907352272e-23,0.6726942539838059,0.6726942539838059,0.6726942539838059,0.0,1.5062232155751715e-23,1.5062232155751715e-23,0.0,1.5062232155751715e-23,0.11205588758577623,0.16657773858207178,6.456487499735401e-23,6.456487499735401e-23,0.0,6.456487499735401e-23,0.48033215129607876,0.7140422984906929,1.0794531920416984e-23,1.0794531920416984e-23,0.0,1.0794531920416984e-23,0.08030621510195088,0.1193799629272352,10037,399,train_increment
50400,133.63149256696317,87.01976468556795,205.82061589910063,137.01976468556796,87.01976468556795,50.0,0.4079038910421681,0.4244919783531307,0.9454252859203323,0.42449197835313085,0.4244919783531307,2.6726298513392632,1.7403952937113591,4.116412317982013,2.740395293711359,1.7403952937113591,0.10598708899572828,5.847887992858887,49.0,281.0,28.0,13.0,1.3300710268083575e-22,1.3300710268083575e-22,1.0,8.425789661940624e-23,8.425789661940624e-23,0.6334841893488331,0.6334841893488331,0.6334841893488331,0.0,3.496286335598128e-23,3.496286335598128e-23,0.0,3.496286335598128e-23,0.2628646339276954,0.4149505833727239,1.5353636481221133e-23,1.5353636481221133e-23,0.0,1.5353636481221133e-23,0.11543471116774692,0.18222192930561346,3.3941396782203825e-23,3.3941396782203825e-23,0.0,3.3941396782203825e-23,0.2551848442533908,0.40282748732166257,10037,400,train_increment
50401,211.26351614183702,79.32955998412648,189.55929418541558,129.3295599841265,79.32955998412648,50.0,0.985953210289181,0.32739343414301103,0.8243432180596841,0.3273934341430112,0.32739343414301103,4.2252703228367405,1.5865911996825295,3.791185883708312,2.58659119968253,1.5865911996825295,0.050534456996633725,5.947404623031616,49.0,281.0,28.0,13.0,1.3442490181414235e-22,1.3442490181414235e-22,1.0,1.0038019965841466e-22,1.0038019965841466e-22,0.746738128901159,0.746738128901159,0.746738128901159,0.0,1.3476795035495674e-23,1.3476795035495674e-23,0.0,1.3476795035495674e-23,0.10025519716673381,0.13425750378417325,3.477060283387307e-23,3.477060283387307e-23,0.0,3.477060283387307e-23,0.25866191728335697,0.3463890583222039,5.213280178904591e-23,5.213280178904591e-23,0.0,5.213280178904591e-23,0.3878210144510681,0.5193534378936228,10037,401,train_increment
50402,137.85761652105396,104.52180190343557,93.94387215375971,154.52180190343557,104.52180190343557,50.0,0.4393716792334621,0.6454772967605502,0.11238921931317734,0.6454772967605502,0.6454772967605502,2.7571523304210794,2.0904360380687113,1.8788774430751942,3.0904360380687113,2.0904360380687113,0.036062490052956066,5.946960687637329,49.0,281.0,28.0,13.0,1.3437315276348418e-22,1.3437315276348418e-22,1.0,1.201031021083101e-22,1.201031021083101e-22,0.893802814314468,0.893802814314468,0.893802814314468,0.0,1.0766531447642258e-23,1.0766531447642258e-23,0.0,1.0766531447642258e-23,0.0801241261830991,0.08964407462126082,2.2886625654150848e-23,2.2886625654150848e-23,0.0,2.2886625654150848e-23,0.170321416022995,0.19055815588769287,8.644994500651697e-23,8.644994500651697e-23,0.0,8.644994500651697e-23,0.6433572721083738,0.7197977694910462,10037,402,train_increment
50403,188.33528482251654,63.486369326380306,191.59873855452275,113.4863693263803,63.486369326380306,50.0,0.8152292242927516,0.12735314806035733,0.8395289542406758,0.12735314806035725,0.12735314806035733,3.7667056964503307,1.2697273865276062,3.8319747710904553,2.269727386527606,1.2697273865276062,0.016789062017046046,5.933990240097046,49.0,281.0,28.0,13.0,1.349172627091641e-22,1.349172627091641e-22,1.0,1.1026634381765631e-22,1.1026634381765631e-22,0.817288622697254,0.817288622697254,0.817288622697254,0.0,1.6250023069307274e-24,1.6250023069307274e-24,0.0,1.6250023069307274e-24,0.012044435784571777,0.01473706527912033,9.254706991877518e-23,9.254706991877518e-23,0.0,9.254706991877518e-23,0.6859542512233984,0.8393047843484963,1.6094271591950396e-23,1.6094271591950396e-23,0.0,1.6094271591950396e-23,0.11928993568928382,0.14595815037238327,10037,403,train_increment
50404,132.89397773841546,70.63692176277127,138.1292707284317,120.63692176277127,70.63692176277127,50.0,0.4024123435473973,0.2176379010450917,0.4413944209116284,0.2176379010450917,0.2176379010450917,2.657879554768309,1.4127384352554253,2.7625854145686337,2.412738435255425,1.4127384352554253,0.02822500559327516,5.9106364250183105,49.0,281.0,28.0,13.0,1.3496737839048874e-22,1.3496737839048874e-22,1.0,1.18326132048192e-22,1.18326132048192e-22,0.8767017145865414,0.8767017145865414,0.8767017145865414,0.0,3.193802325357843e-23,3.193802325357843e-23,0.0,3.193802325357843e-23,0.2366351309067816,0.2699152139999867,7.501243122821117e-23,7.501243122821117e-23,0.0,7.501243122821117e-23,0.5557819387377043,0.6339464489353883,1.1375677566402406e-23,1.1375677566402406e-23,0.0,1.1375677566402406e-23,0.08428464494205556,0.09613833706462498,10037,404,train_increment
50405,130.31474858499212,92.64802170094418,190.10410648236927,142.64802170094418,92.64802170094418,50.0,0.38320736102004554,0.4955558295573761,0.8283998993475001,0.4955558295573761,0.4955558295573761,2.6062949716998425,1.8529604340188837,3.8020821296473852,2.8529604340188834,1.8529604340188837,0.04292591200615226,5.949673652648926,49.0,281.0,28.0,13.0,1.3461763519522996e-22,1.3461763519522996e-22,1.0,1.1713365895940447e-22,1.1713365895940447e-22,0.8701212050674546,0.8701212050674546,0.8701212050674546,0.0,6.393350800532262e-23,6.393350800532262e-23,0.0,6.393350800532262e-23,0.47492669079056915,0.5458167069422832,5.046803035207702e-24,5.046803035207702e-24,0.0,5.046803035207702e-24,0.03748991005441857,0.0430858480819488,4.815334791887417e-23,4.815334791887417e-23,0.0,4.815334791887417e-23,0.3577046042224669,0.4110974449757681,10037,405,train_increment
50406,84.92729025084644,69.81163725300593,196.97893560990104,119.81163725300593,69.81163725300593,50.0,0.0452516027613287,0.20721764208340812,0.8795899896493004,0.20721764208340812,0.20721764208340812,1.6985458050169286,1.3962327450601186,3.9395787121980215,2.396232745060119,1.3962327450601186,0.009135841363562276,5.95111083984375,49.0,281.0,28.0,13.0,1.346350455746612e-22,1.346350455746612e-22,1.0,1.2625499005062367e-22,1.2625499005062367e-22,0.9377572496947653,0.9377572496947653,0.9377572496947653,0.0,2.4734958169936212e-24,2.4734958169936212e-24,0.0,2.4734958169936212e-24,0.018371857092899013,0.01959127172717561,1.2056883896780675e-22,1.2056883896780675e-22,0.0,1.2056883896780675e-22,0.8955234385904812,0.9549629596379756,3.2126552658233073e-24,3.2126552658233073e-24,0.0,3.2126552658233073e-24,0.023861954011385134,0.025445768634848803,10037,406,train_increment
50407,180.92487133204918,76.03375109556856,170.1984218101756,126.03375109556856,76.03375109556856,50.0,0.760051164050999,0.2857796855501081,0.680181845198627,0.2857796855501081,0.2857796855501081,3.6184974266409835,1.5206750219113712,3.4039684362035123,2.520675021911371,1.5206750219113712,0.03479734050630747,5.950006723403931,49.0,281.0,28.0,13.0,1.3476376246831427e-22,1.3476376246831427e-22,1.0,1.0309698216012571e-22,1.0309698216012571e-22,0.7650200637902635,0.7650200637902635,0.7650200637902635,0.0,2.593026718135163e-23,2.593026718135163e-23,0.0,2.593026718135163e-23,0.19241275775042543,0.2515133482867411,4.3158926671037836e-23,4.3158926671037836e-23,0.0,4.3158926671037836e-23,0.3202561718413389,0.4186245394070341,3.400778830773624e-23,3.400778830773624e-23,0.0,3.400778830773624e-23,0.2523511341984992,0.32986211230622475,10037,407,train_increment
50408,183.12808467513548,67.35316245249794,114.07192964382122,117.35316245249794,67.35316245249794,50.0,0.7764563266949775,0.17617629359214568,0.26226306510663605,0.17617629359214568,0.17617629359214568,3.6625616935027097,1.3470632490499588,2.2814385928764245,2.3470632490499588,1.3470632490499588,0.01116710298487971,5.949882507324219,49.0,281.0,28.0,13.0,1.350196361802787e-22,1.350196361802787e-22,1.0,1.188659924328287e-22,1.188659924328287e-22,0.8803607815541615,0.8803607815541615,0.8803607815541615,0.0,6.691457792604612e-24,6.691457792604612e-24,0.0,6.691457792604612e-24,0.04955914548362546,0.05629413136297971,9.475803093754754e-23,9.475803093754754e-23,0.0,9.475803093754754e-23,0.7018092598844384,0.7971836939913273,1.7416503702676558e-23,1.7416503702676558e-23,0.0,1.7416503702676558e-23,0.1289923761860977,0.14652217464569306,10037,408,train_increment
50409,159.0320250058051,100.46165921594475,107.55562659713361,150.46165921594474,100.46165921594475,50.0,0.5970366716739025,0.5942128688881912,0.21374256587590182,0.5942128688881911,0.5942128688881912,3.180640500116102,2.009233184318895,2.151112531942672,3.009233184318895,2.009233184318895,0.016816524156454207,5.935934782028198,49.0,281.0,28.0,13.0,1.34755996115073e-22,1.34755996115073e-22,1.0,1.1304591428343668e-22,1.1304591428343668e-22,0.8388933891068023,0.8388933891068023,0.8388933891068023,0.0,2.5253636192980274e-23,2.5253636192980274e-23,0.0,2.5253636192980274e-23,0.1874026902032269,0.22339273695166528,1.9855182418181355e-23,1.9855182418181355e-23,0.0,1.9855182418181355e-23,0.14734173610520676,0.17563821341122549,6.793709567227506e-23,6.793709567227506e-23,0.0,6.793709567227506e-23,0.5041489627983687,0.6009690496371093,10037,409,train_increment
50410,82.15840793092197,128.48381501669627,131.23867669329303,178.48381501669627,128.48381501669627,50.0,0.02463445964945624,0.9480279673825287,0.3900869448495386,0.9480279673825287,0.9480279673825287,1.6431681586184395,2.5696763003339256,2.6247735338658607,3.569676300333925,2.5696763003339256,0.10378142252044106,5.945082426071167,49.0,281.0,28.0,13.0,1.3235213011775692e-22,1.3235213011775692e-22,1.0,5.537987646650096e-23,5.537987646650096e-23,0.418428297430711,0.418428297430711,0.418428297430711,0.0,9.120501853491619e-24,9.120501853491619e-24,0.0,9.120501853491619e-24,0.06891088073442328,0.16468981939691704,9.501344772039256e-24,9.501344772039256e-24,0.0,9.501344772039256e-24,0.07178837819675193,0.17156673828600136,3.675802984097008e-23,3.675802984097008e-23,0.0,3.675802984097008e-23,0.2777290384995358,0.6637434423170815,10037,410,train_increment
50411,170.12781148185402,107.82398466387308,147.11914776468473,157.8239846638731,107.82398466387308,50.0,0.67965607953726,0.687171523533751,0.5083331925888661,0.6871715235337512,0.687171523533751,3.4025562296370806,2.1564796932774617,2.9423829552936946,3.1564796932774617,2.1564796932774617,0.02440205009419764,5.89688777923584,49.0,281.0,28.0,13.0,1.3503965931378439e-22,1.3503965931378439e-22,1.0,9.378999699086848e-23,9.378999699086848e-23,0.694536682538081,0.694536682538081,0.694536682538081,0.0,2.3148369472603344e-23,2.3148369472603344e-23,0.0,2.3148369472603344e-23,0.17141904526591498,0.24681064308869846,1.3156862562728294e-23,1.3156862562728294e-23,0.0,1.3156862562728294e-23,0.0974296190436648,0.14028001903027315,5.748476495553685e-23,5.748476495553685e-23,0.0,5.748476495553685e-23,0.4256880182285013,0.6129093378810284,10037,411,train_increment
50412,105.7129351672294,101.18923528013306,153.01280791987108,151.18923528013306,101.18923528013306,50.0,0.20002185530327182,0.6033994353552155,0.5522174826498218,0.6033994353552155,0.6033994353552155,2.1142587033445883,2.023784705602661,3.0602561583974217,3.0237847056026617,2.023784705602661,0.04560591250756261,5.949678659439087,49.0,281.0,28.0,13.0,1.3467667908951886e-22,1.3467667908951886e-22,1.0,1.1782498128241089e-22,1.1782498128241089e-22,0.8748729333019362,0.8748729333019362,0.8748729333019362,0.0,4.0915370853829914e-23,4.0915370853829914e-23,0.0,4.0915370853829914e-23,0.303804423530771,0.34725548358680564,1.0624714422769205e-23,1.0624714422769205e-23,0.0,1.0624714422769205e-23,0.07889052874333956,0.09017369922005904,6.628489600581177e-23,6.628489600581177e-23,0.0,6.628489600581177e-23,0.49217798102782556,0.5625708171931353,10037,412,train_increment
50413,101.40476567022341,111.9837797550122,173.21380757833992,161.9837797550122,111.9837797550122,50.0,0.1679431546554238,0.7396941888259115,0.7026344570241245,0.7396941888259115,0.7396941888259115,2.028095313404468,2.239675595100244,3.4642761515667986,3.239675595100244,2.239675595100244,0.022129365535345936,5.928927183151245,49.0,281.0,28.0,13.0,1.349868164912234e-22,1.349868164912234e-22,1.0,1.0231211284372142e-22,1.0231211284372142e-22,0.7579415197955539,0.7579415197955539,0.7579415197955539,0.0,2.1656724636262575e-23,2.1656724636262575e-23,0.0,2.1656724636262575e-23,0.16043584995332233,0.21167312485612091,1.8755685811225077e-23,1.8755685811225077e-23,0.0,1.8755685811225077e-23,0.13894457472774416,0.18331833142644416,6.189970239623377e-23,6.189970239623377e-23,0.0,6.189970239623377e-23,0.4585610951144875,0.605008543717435,10037,413,train_increment
50414,185.7961429739648,96.2012980233884,186.3075576961002,146.2012980233884,96.2012980233884,50.0,0.7963227324941534,0.5404204295882374,0.8001307348927787,0.5404204295882374,0.5404204295882374,3.715922859479296,1.9240259604677683,3.726151153922004,2.924025960467768,1.9240259604677683,0.045782875025363205,5.88009238243103,49.0,281.0,28.0,13.0,1.3501082894106784e-22,1.3501082894106784e-22,1.0,1.1472033312150091e-22,1.1472033312150091e-22,0.849712086217738,0.849712086217738,0.849712086217738,0.0,5.397593736460392e-23,5.397593736460392e-23,0.0,5.397593736460392e-23,0.39978968937494924,0.4705001798368012,5.193078159992444e-24,5.193078159992444e-24,0.0,5.193078159992444e-24,0.03846416025087306,0.0452672862664409,5.555131759690455e-23,5.555131759690455e-23,0.0,5.555131759690455e-23,0.4114582365919157,0.4842325338967579,10037,414,train_increment
50415,159.70121356545815,95.1350659567795,151.4433063102717,145.1350659567795,95.1350659567795,50.0,0.6020194606512148,0.5269579034946906,0.5405309479543686,0.5269579034946906,0.5269579034946906,3.194024271309163,1.9027013191355902,3.0288661262054344,2.90270131913559,1.9027013191355902,0.0590820644388768,5.905612945556641,49.0,281.0,28.0,13.0,1.3437146371902727e-22,1.3437146371902727e-22,1.0,1.2322540704015485e-22,1.2322540704015485e-22,0.9170504185160996,0.9170504185160996,0.9170504185160996,0.0,5.333643844654537e-23,5.333643844654537e-23,0.0,5.333643844654537e-23,0.39693277851071607,0.43283637463794206,5.216301594102723e-24,5.216301594102723e-24,0.0,5.216301594102723e-24,0.03882001021444618,0.04233138051151182,6.467266699950675e-23,6.467266699950675e-23,0.0,6.467266699950675e-23,0.4812976297909373,0.524832244850546,10037,415,train_increment
50416,92.38430234550842,92.42807525756078,161.63569072528605,142.42807525756078,92.42807525756078,50.0,0.10077663697325705,0.4927787279995048,0.6164236092724203,0.4927787279995048,0.4927787279995048,1.8476860469101684,1.8485615051512156,3.2327138145057215,2.8485615051512156,1.8485615051512156,0.0802131643797061,5.975971460342407,49.0,281.0,28.0,13.0,1.3392176896803877e-22,1.3392176896803877e-22,1.0,1.2172988383047567e-22,1.2172988383047567e-22,0.9089626336964473,0.9089626336964473,0.9089626336964473,0.0,7.868538342866102e-23,7.868538342866102e-23,0.0,7.868538342866102e-23,0.5875473721336503,0.6463933173405506,9.056519766533364e-24,9.056519766533364e-24,0.0,9.056519766533364e-24,0.06762544906866304,0.07439849182100361,3.398798063528127e-23,3.398798063528127e-23,0.0,3.398798063528127e-23,0.2537898124941338,0.27920819083844567,10037,416,train_increment
50417,152.93368772969924,110.89985675623856,182.23469166703444,160.89985675623856,110.89985675623856,50.0,0.5516283524177159,0.7260082923767496,0.7698041077217754,0.7260082923767496,0.7260082923767496,3.0586737545939853,2.2179971351247714,3.644693833340689,3.2179971351247714,2.2179971351247714,0.038718900737020036,5.934256076812744,49.0,281.0,28.0,13.0,1.347123764308058e-22,1.347123764308058e-22,1.0,8.145629024091877e-23,8.145629024091877e-23,0.6046682004957303,0.6046682004957303,0.6046682004957303,0.0,2.7716190426066205e-23,2.7716190426066205e-23,0.0,2.7716190426066205e-23,0.20574345995820556,0.34025844221596097,7.086604498049666e-24,7.086604498049666e-24,0.0,7.086604498049666e-24,0.05260544491759937,0.08699886131678729,4.66534953168029e-23,4.66534953168029e-23,0.0,4.66534953168029e-23,0.34631929561992536,0.5727426964672517,10037,417,train_increment
50418,158.51341368277383,115.45768236763308,148.7661747569647,165.45768236763308,115.45768236763308,50.0,0.5931750832671171,0.7835565955509228,0.5205969825537207,0.7835565955509228,0.7835565955509228,3.170268273655477,2.3091536473526615,2.9753234951392935,3.309153647352662,2.3091536473526615,0.037696008214200764,5.947218894958496,49.0,281.0,28.0,13.0,1.34677199164142e-22,1.34677199164142e-22,1.0,8.989447981171469e-23,8.989447981171469e-23,0.6674810611568557,0.6674810611568557,0.6674810611568557,0.0,7.18489493920832e-24,7.18489493920832e-24,0.0,7.18489493920832e-24,0.053349007729597255,0.07992587480629722,4.0674485174990044e-23,4.0674485174990044e-23,0.0,4.0674485174990044e-23,0.30201463519757904,0.4524692201365796,4.203509969751632e-23,4.203509969751632e-23,0.0,4.203509969751632e-23,0.3121174182296793,0.46760490505712315,10037,418,train_increment
50419,123.10942409563314,86.66255515836072,79.95973087839668,136.6625551583607,86.66255515836072,50.0,0.3295563968401575,0.41998175705000906,0.008263074299305208,0.4199817570500089,0.41998175705000906,2.462188481912663,1.7332511031672144,1.5991946175679337,2.733251103167214,1.7332511031672144,0.05698103985386225,5.925486326217651,49.0,281.0,28.0,13.0,1.3496587144453484e-22,1.3496587144453484e-22,1.0,1.152079907384367e-22,1.152079907384367e-22,0.853608319683856,0.853608319683856,0.853608319683856,0.0,6.911075349425652e-23,6.911075349425652e-23,0.0,6.911075349425652e-23,0.5120609584820712,0.5998781252175694,1.6640057336195876e-23,1.6640057336195876e-23,0.0,1.6640057336195876e-23,0.1232908524065969,0.14443492356337287,2.9457179907984294e-23,2.9457179907984294e-23,0.0,2.9457179907984294e-23,0.21825650879518774,0.2556869512190575,10037,419,train_increment
50420,154.60202640678648,80.95329565985895,107.10593252172005,130.95329565985895,80.95329565985895,50.0,0.5640508295367571,0.3478951472204413,0.21039413642382765,0.3478951472204413,0.3478951472204413,3.0920405281357297,1.6190659131971792,2.142118650434401,2.619065913197179,1.6190659131971792,0.028015211207204932,5.920892715454102,49.0,281.0,28.0,13.0,1.346748099945318e-22,1.346748099945318e-22,1.0,1.1579227218135605e-22,1.1579227218135605e-22,0.8597916134877603,0.8597916134877603,0.8597916134877603,0.0,3.995113344314382e-23,3.995113344314382e-23,0.0,3.995113344314382e-23,0.29664889406390066,0.34502417726609247,3.8841741228618513e-23,3.8841741228618513e-23,0.0,3.8841741228618513e-23,0.2884113311924895,0.33544329424492025,3.699939750959372e-23,3.699939750959372e-23,0.0,3.699939750959372e-23,0.2747313882313701,0.3195325284889873,10037,420,train_increment
50421,141.74405876993663,67.98186348160748,138.4965995627029,117.98186348160748,67.98186348160748,50.0,0.4683101918833703,0.18411443789908424,0.44412955742891214,0.18411443789908424,0.18411443789908424,2.8348811753987326,1.3596372696321497,2.7699319912540576,2.3596372696321493,1.3596372696321497,0.041584795568919565,5.926686525344849,49.0,281.0,28.0,13.0,1.3469350367196649e-22,1.3469350367196649e-22,1.0,1.185992993345663e-22,1.185992993345663e-22,0.8805123937038856,0.8805123937038856,0.8805123937038856,0.0,2.005534876830977e-23,2.005534876830977e-23,0.0,2.005534876830977e-23,0.14889618446003683,0.16910174748785,8.840834274261254e-23,8.840834274261254e-23,0.0,8.840834274261254e-23,0.6563667907690846,0.7454373106641577,1.0135607823643986e-23,1.0135607823643986e-23,0.0,1.0135607823643986e-23,0.07524941847476414,0.08546094184799216,10037,421,train_increment
50422,79.71596326187574,132.57256746839136,159.79478774522536,182.57256746839136,132.57256746839136,50.0,0.0064479766334754164,0.999653629651406,0.6027162155266222,0.999653629651406,0.999653629651406,1.5943192652375149,2.651451349367827,3.1958957549045075,3.6514513493678273,2.651451349367827,0.06274899205301201,5.950832366943359,49.0,281.0,28.0,13.0,1.3413259647349821e-22,1.3413259647349821e-22,1.0,4.7019683055727593e-23,4.7019683055727593e-23,0.3505462824990322,0.3505462824990322,0.3505462824990322,0.0,7.827378464611447e-24,7.827378464611447e-24,0.0,7.827378464611447e-24,0.058355527816521265,0.16647025151859193,2.0783822437379686e-23,2.0783822437379686e-23,0.0,2.0783822437379686e-23,0.1549498256487276,0.4420238735498655,1.840848215373646e-23,1.840848215373646e-23,0.0,1.840848215373646e-23,0.1372409290337833,0.39150587493154265,10037,422,train_increment
50423,89.05899237150821,97.82223304383237,212.72679380066492,147.82223304383237,97.82223304383237,50.0,0.07601632443416392,0.5608867808564694,0.9968487997071103,0.5608867808564694,0.5608867808564694,1.7811798474301643,1.9564446608766475,4.254535876013298,2.9564446608766475,1.9564446608766475,0.08619709361143729,5.939568281173706,49.0,281.0,28.0,13.0,1.3428846546022529e-22,1.3428846546022529e-22,1.0,1.0626446389563496e-22,1.0626446389563496e-22,0.7913149020763014,0.7913149020763014,0.7913149020763014,0.0,5.652669326936962e-23,5.652669326936962e-23,0.0,5.652669326936962e-23,0.4209348366268448,0.5319435227649192,1.785650982866312e-24,1.785650982866312e-24,0.0,1.785650982866312e-24,0.013297128511720177,0.016803839377762687,4.795211964339903e-23,4.795211964339903e-23,0.0,4.795211964339903e-23,0.3570829369377365,0.45125263785731823,10037,423,train_increment
50424,129.22304527090157,76.93471038764964,148.56408534195774,126.93471038764964,76.93471038764964,50.0,0.37507852025987765,0.29715543418749546,0.5190922214591045,0.29715543418749546,0.29715543418749546,2.5844609054180316,1.5386942077529928,2.971281706839155,2.538694207752993,1.5386942077529928,0.04464969993938336,5.926054000854492,49.0,281.0,28.0,13.0,1.3461583370601086e-22,1.3461583370601086e-22,1.0,1.1067476490341713e-22,1.1067476490341713e-22,0.8221526536404409,0.8221526536404409,0.8221526536404409,0.0,6.046048389593651e-23,6.046048389593651e-23,0.0,6.046048389593651e-23,0.4491335248717985,0.5462896980056722,3.38883037396346e-23,3.38883037396346e-23,0.0,3.38883037396346e-23,0.25174084508991473,0.3061972055617918,1.632597726784602e-23,1.632597726784602e-23,0.0,1.632597726784602e-23,0.12127828367872771,0.147513096432536,10037,424,train_increment
50425,174.83785461332315,116.0604184478797,181.8541310357408,166.0604184478797,116.0604184478797,50.0,0.7147271378505073,0.7911668995944406,0.7669704470271095,0.7911668995944406,0.7911668995944406,3.496757092266463,2.3212083689575937,3.637082620714816,3.3212083689575937,2.3212083689575937,0.02114366321524699,5.933008193969727,49.0,281.0,28.0,13.0,1.346737145403276e-22,1.346737145403276e-22,1.0,7.759688597359778e-23,7.759688597359778e-23,0.5761843447955217,0.5761843447955217,0.5761843447955217,0.0,1.730762229950789e-23,1.730762229950789e-23,0.0,1.730762229950789e-23,0.12851522183510564,0.2230453204706795,4.071526722838907e-23,4.071526722838907e-23,0.0,4.071526722838907e-23,0.30232527087679767,0.5247023346045403,1.9573996445700827e-23,1.9573996445700827e-23,0.0,1.9573996445700827e-23,0.14534385208361844,0.2522523449247802,10037,425,train_increment
50426,197.6972581839433,116.08321977496627,167.43368592787567,166.08321977496627,116.08321977496627,50.0,0.8849386313026306,0.791454795138463,0.6595955765292306,0.791454795138463,0.791454795138463,3.9539451636788656,2.3216643954993255,3.3486737185575137,3.3216643954993255,2.3216643954993255,0.05422892846659809,5.912119626998901,49.0,281.0,28.0,13.0,1.3452216632575734e-22,1.3452216632575734e-22,1.0,7.818487989900213e-23,7.818487989900213e-23,0.5812044366700914,0.5812044366700914,0.5812044366700914,0.0,1.0336947039147205e-23,1.0336947039147205e-23,0.0,1.0336947039147205e-23,0.07684196085658754,0.13221158685030013,6.045618572835895e-23,6.045618572835895e-23,0.0,6.045618572835895e-23,0.4494143038252814,0.7732465127075108,7.391747131495971e-24,7.391747131495971e-24,0.0,7.391747131495971e-24,0.054948171988222376,0.0945419004421891,10037,426,train_increment
50427,83.61847086663228,74.78097863606905,126.00462317820791,124.78097863606905,74.78097863606905,50.0,0.0355061121863908,0.26996185146551827,0.35111409663594867,0.26996185146551827,0.26996185146551827,1.6723694173326458,1.495619572721381,2.520092463564158,2.4956195727213815,1.495619572721381,0.024959219862774065,5.916347026824951,49.0,281.0,28.0,13.0,1.3365903880033055e-22,1.3365903880033055e-22,1.0,1.170458685602652e-22,1.170458685602652e-22,0.8757048502729149,0.8757048502729149,0.8757048502729149,0.0,7.767807769536003e-23,7.767807769536003e-23,0.0,7.767807769536003e-23,0.5811659158450264,0.6636550153443881,3.7002510357687565e-23,3.7002510357687565e-23,0.0,3.7002510357687565e-23,0.27684255917001294,0.31613683432692474,2.3652805072176e-24,2.3652805072176e-24,0.0,2.3652805072176e-24,0.017696375257875565,0.020208150328687183,10037,427,train_increment
50428,101.42647864690676,73.10556422522183,147.06742544394237,123.10556422522183,73.10556422522183,50.0,0.16810482983549338,0.24880762910633616,0.507948067341343,0.24880762910633616,0.24880762910633616,2.0285295729381354,1.4621112845044364,2.9413485088788476,2.4621112845044366,1.4621112845044364,0.01746151659482097,5.93328070640564,49.0,281.0,28.0,13.0,1.3501382389874003e-22,1.3501382389874003e-22,1.0,1.1316868311478666e-22,1.1316868311478666e-22,0.838200710466973,0.838200710466973,0.838200710466973,0.0,4.707365914022094e-23,4.707365914022094e-23,0.0,4.707365914022094e-23,0.3486580690842891,0.4159601211624444,6.19175131249434e-23,6.19175131249434e-23,0.0,6.19175131249434e-23,0.45860128494235786,0.5471258604479885,4.17751084962232e-24,4.17751084962232e-24,0.0,4.17751084962232e-24,0.030941356440326,0.036914018389567045,10037,428,train_increment
50429,185.25951947024794,57.42698824620358,208.7128235566292,107.42698824620358,57.42698824620358,50.0,0.7923270250949214,0.05084581118943905,0.9669607115162262,0.05084581118943905,0.05084581118943905,3.7051903894049585,1.1485397649240716,4.174256471132583,2.1485397649240716,1.1485397649240716,0.04107938727174247,5.866325616836548,49.0,281.0,28.0,13.0,1.3472478327202236e-22,1.3472478327202236e-22,1.0,1.0824682085412676e-22,1.0824682085412676e-22,0.8034662830784888,0.8034662830784888,0.8034662830784888,0.0,2.7739786619220576e-24,2.7739786619220576e-24,0.0,2.7739786619220576e-24,0.02058996566593933,0.025626421543227276,9.491275519054208e-23,9.491275519054208e-23,0.0,9.491275519054208e-23,0.7044936565153277,0.876817946630011,1.0560087001662615e-23,1.0560087001662615e-23,0.0,1.0560087001662615e-23,0.0783826608972217,0.09755563182676165,10037,429,train_increment
50430,203.49172418405158,71.98544742049724,102.55133258936517,121.98544742049724,71.98544742049724,50.0,0.9280843200599521,0.23466474015779337,0.1764805107175367,0.23466474015779337,0.23466474015779337,4.069834483681031,1.4397089484099448,2.051026651787304,2.439708948409945,1.4397089484099448,0.0072905839449471715,5.924703359603882,49.0,281.0,28.0,13.0,1.3489629507785041e-22,1.3489629507785041e-22,1.0,1.3171795339128154e-22,1.3171795339128154e-22,0.9764386287648996,0.9764386287648996,0.9764386287648996,0.0,1.754505854886599e-23,1.754505854886599e-23,0.0,1.754505854886599e-23,0.1300633092905962,0.13320172457240217,1.02739803420467e-22,1.02739803420467e-22,0.0,1.02739803420467e-22,0.7616206461502484,0.7799984798979376,1.1433091421948537e-23,1.1433091421948537e-23,0.0,1.1433091421948537e-23,0.08475467332405497,0.08679979552966009,10037,430,train_increment
50431,92.07371803182505,104.47148279223049,147.25164818470518,154.4714827922305,104.47148279223049,50.0,0.09846402108581576,0.6448419544473547,0.5093197928868591,0.6448419544473547,0.6448419544473547,1.841474360636501,2.08942965584461,2.9450329636941035,3.0894296558446097,2.08942965584461,0.03266606104703083,5.914675235748291,49.0,281.0,28.0,13.0,1.3485431550571533e-22,1.3485431550571533e-22,1.0,1.1308990963300811e-22,1.1308990963300811e-22,0.8386080134618695,0.8386080134618695,0.8386080134618695,0.0,2.94847730469717e-23,2.94847730469717e-23,0.0,2.94847730469717e-23,0.21864167221049807,0.26071975070679365,1.514743204193492e-23,1.514743204193492e-23,0.0,1.514743204193492e-23,0.11232441457383653,0.13394149921147133,6.845770454410148e-23,6.845770454410148e-23,0.0,6.845770454410148e-23,0.5076419266775347,0.6053387500817349,10037,431,train_increment
50432,158.22605770845973,91.89121171924293,200.42972360099802,141.89121171924293,91.89121171924293,50.0,0.5910354259751284,0.48600014797023905,0.905284613559181,0.48600014797023905,0.48600014797023905,3.1645211541691944,1.8378242343848588,4.00859447201996,2.8378242343848585,1.8378242343848588,0.039326458513550266,5.949280023574829,49.0,281.0,28.0,13.0,1.3472030517647289e-22,1.3472030517647289e-22,1.0,1.0998501833875127e-22,1.0998501833875127e-22,0.8163952582699366,0.8163952582699366,0.8163952582699366,0.0,5.673248411602174e-23,5.673248411602174e-23,0.0,5.673248411602174e-23,0.42111309087154086,0.5158201087105067,3.3911971346752946e-24,3.3911971346752946e-24,0.0,3.3911971346752946e-24,0.02517213073584636,0.030833264256323413,4.986133708805424e-23,4.986133708805424e-23,0.0,4.986133708805424e-23,0.3701100366625495,0.4533466270331701,10037,432,train_increment
50433,175.0882142347111,76.22414858080805,85.87350588848926,126.22414858080805,76.22414858080805,50.0,0.7165913196925622,0.2881836942021218,0.05229713989939887,0.2881836942021218,0.2881836942021218,3.501764284694222,1.524482971616161,1.7174701177697853,2.5244829716161608,1.524482971616161,0.009745025805114308,5.934559106826782,49.0,281.0,28.0,13.0,1.3501978753986084e-22,1.3501978753986084e-22,1.0,1.2692476459703673e-22,1.2692476459703673e-22,0.9400456548605198,0.9400456548605198,0.9400456548605198,0.0,3.1897617490075613e-23,3.1897617490075613e-23,0.0,3.1897617490075613e-23,0.2362440207562816,0.25131122040166715,8.698903646292954e-23,8.698903646292954e-23,0.0,8.698903646292954e-23,0.6442687997657265,0.685359052972082,8.038110644031594e-24,8.038110644031594e-24,0.0,8.038110644031594e-24,0.059532834338511795,0.06332972662625098,10037,433,train_increment
50434,190.5444501079118,131.7418345603489,85.81755211059883,181.7418345603489,131.7418345603489,50.0,0.8316787051966628,0.9891645777821833,0.051880507152634626,0.9891645777821833,0.9891645777821833,3.8108890021582362,2.634836691206978,1.7163510422119765,3.6348366912069783,2.634836691206978,0.13672132046681099,5.920526742935181,49.0,281.0,28.0,13.0,1.3301081547028778e-22,1.3301081547028778e-22,1.0,8.521626072272248e-23,8.521626072272248e-23,0.6406716658447843,0.6406716658447843,0.6406716658447843,0.0,1.473338696688552e-23,1.473338696688552e-23,0.0,1.473338696688552e-23,0.11076833800915004,0.17289407962671774,5.364716273652992e-23,5.364716273652992e-23,0.0,5.364716273652992e-23,0.40332932736972604,0.6295413842563169,1.683571101930704e-23,1.683571101930704e-23,0.0,1.683571101930704e-23,0.12657400046590825,0.19756453611696534,10037,434,train_increment
50435,107.42391896870276,97.80009683797675,101.70222774755449,147.80009683797675,97.80009683797675,50.0,0.21276186871707198,0.5606072833077873,0.1701580621560275,0.5606072833077873,0.5606072833077873,2.1484783793740556,1.9560019367595352,2.0340445549510897,2.9560019367595354,1.9560019367595352,0.14848499502168272,5.944474697113037,49.0,281.0,28.0,13.0,1.3161927541787658e-22,1.3161927541787658e-22,1.0,1.1486458868427804e-22,1.1486458868427804e-22,0.8727033963649756,0.8727033963649756,0.8727033963649756,0.0,2.9001198213101695e-23,2.9001198213101695e-23,0.0,2.9001198213101695e-23,0.22034157323101888,0.2524816268033283,5.026599581670642e-24,5.026599581670642e-24,0.0,5.026599581670642e-24,0.03819045170786533,0.04376108981234399,8.083679088950569e-23,8.083679088950569e-23,0.0,8.083679088950569e-23,0.6141713714260914,0.7037572833843276,10037,435,train_increment
50436,135.48152990766613,71.81405712542568,112.99781328605603,121.81405712542568,71.81405712542568,50.0,0.42167929938694065,0.2325007212806272,0.2542651771113629,0.2325007212806272,0.2325007212806272,2.7096305981533226,1.4362811425085136,2.2599562657211205,2.4362811425085136,1.4362811425085136,0.03738190055473144,5.933862209320068,49.0,281.0,28.0,13.0,1.3474603099251401e-22,1.3474603099251401e-22,1.0,1.1737072640787405e-22,1.1737072640787405e-22,0.8710514554183398,0.8710514554183398,0.8710514554183398,0.0,1.9307869216656724e-23,1.9307869216656724e-23,0.0,1.9307869216656724e-23,0.14329081958435863,0.16450327784084853,8.442063667620268e-23,8.442063667620268e-23,0.0,8.442063667620268e-23,0.6265166851622722,0.719264839367469,1.3642220515014638e-23,1.3642220515014638e-23,0.0,1.3642220515014638e-23,0.10124395067170883,0.11623188279168238,10037,436,train_increment
50437,192.19825264341642,75.05422326601061,116.0490422337704,125.05422326601061,75.05422326601061,50.0,0.8439929459673597,0.27341190992437636,0.2769846778389456,0.27341190992437636,0.27341190992437636,3.8439650528683287,1.5010844653202122,2.320980844675408,2.5010844653202122,1.5010844653202122,0.018926182558254047,5.911977052688599,49.0,281.0,28.0,13.0,1.3511709951040247e-22,1.3511709951040247e-22,1.0,1.3171038918073637e-22,1.3171038918073637e-22,0.9747869785392793,0.9747869785392793,0.9747869785392793,0.0,1.3035299488186214e-23,1.3035299488186214e-23,0.0,1.3035299488186214e-23,0.09647409199442329,0.09896940984889842,1.0337001454889493e-22,1.0337001454889493e-22,0.0,1.0337001454889493e-22,0.7650402127003668,0.7848281004397303,1.530507514365524e-23,1.530507514365524e-23,0.0,1.530507514365524e-23,0.11327267384448941,0.11620248971137138,10037,437,train_increment
50438,211.0699324236769,102.02941558422393,174.01376747919545,152.02941558422393,102.02941558422393,50.0,0.9845117827526202,0.6140077725280799,0.7085909715502268,0.6140077725280799,0.6140077725280799,4.221398648473538,2.0405883116844783,3.480275349583909,3.0405883116844787,2.0405883116844783,0.13452481801649058,5.90964412689209,49.0,281.0,28.0,13.0,1.3224364725524283e-22,1.3224364725524283e-22,1.0,8.476572694813668e-23,8.476572694813668e-23,0.6409814664634194,0.6409814664634194,0.6409814664634194,0.0,3.795848805307363e-23,3.795848805307363e-23,0.0,3.795848805307363e-23,0.28703449156850713,0.44780466610400527,2.205657594375973e-23,2.205657594375973e-23,0.0,2.205657594375973e-23,0.16678741400097988,0.2602062972603879,2.475066295130333e-23,2.475066295130333e-23,0.0,2.475066295130333e-23,0.18715956089393235,0.2919890366356068,10037,438,train_increment
50439,98.0438570109149,117.35846079364532,202.36828462358906,167.35846079364532,117.35846079364532,50.0,0.1429177737223746,0.8075563231520875,0.9197191706894197,0.8075563231520875,0.8075563231520875,1.960877140218298,2.3471692158729063,4.047365692471781,3.3471692158729067,2.3471692158729063,0.07836972915649502,5.935811281204224,49.0,281.0,28.0,13.0,1.341507924276726e-22,1.341507924276726e-22,1.0,9.515955257270726e-23,9.515955257270726e-23,0.7093476739916578,0.7093476739916578,0.7093476739916578,0.0,5.389610892706926e-23,5.389610892706926e-23,0.0,5.389610892706926e-23,0.40175766353469244,0.566376233073286,1.934279563872676e-24,1.934279563872676e-24,0.0,1.934279563872676e-24,0.014418696519556845,0.020326698808243948,3.9329164081765324e-23,3.9329164081765324e-23,0.0,3.9329164081765324e-23,0.2931713139374085,0.41329706811847006,10037,439,train_increment
50440,152.0520144764061,75.69574738786582,147.4346093810824,125.69574738786582,75.69574738786582,50.0,0.5450633989307975,0.28151196196800277,0.5106821249522144,0.28151196196800277,0.28151196196800277,3.041040289528122,1.5139149477573164,2.948692187621648,2.5139149477573164,1.5139149477573164,0.0401710360435714,5.9447150230407715,49.0,281.0,28.0,13.0,1.34544064459983e-22,1.34544064459983e-22,1.0,1.1194604717562946e-22,1.1194604717562946e-22,0.8320400281123157,0.8320400281123157,0.8320400281123157,0.0,4.1443585643027585e-23,4.1443585643027585e-23,0.0,4.1443585643027585e-23,0.3080298325263841,0.3702103530105689,4.6447268571440784e-23,4.6447268571440784e-23,0.0,4.6447268571440784e-23,0.34521975204083005,0.41490762508631307,2.4055192961161095e-23,2.4055192961161095e-23,0.0,2.4055192961161095e-23,0.17879044354510157,0.21488202190311803,10037,440,train_increment
50441,169.25940379275934,101.36497720272536,212.9069073527406,151.36497720272536,101.36497720272536,50.0,0.6731899016586697,0.60561839902431,0.9981899281663484,0.60561839902431,0.60561839902431,3.385188075855187,2.027299544054507,4.258138147054812,3.0272995440545074,2.027299544054507,0.016013568159661654,5.953842401504517,49.0,281.0,28.0,13.0,1.3489912394449015e-22,1.3489912394449015e-22,1.0,1.0572581641319255e-22,1.0572581641319255e-22,0.783739829598136,0.783739829598136,0.783739829598136,0.0,5.716029106221948e-23,5.716029106221948e-23,0.0,5.716029106221948e-23,0.42372618435787957,0.5406464854225232,4.1849758140259964e-24,4.1849758140259964e-24,0.0,4.1849758140259964e-24,0.03102300216381004,0.039583291536576796,4.438054953694707e-23,4.438054953694707e-23,0.0,4.438054953694707e-23,0.32899064307644643,0.4197702230408999,10037,441,train_increment
50442,120.39268637744237,95.0635230660751,143.75822569906956,145.0635230660751,95.0635230660751,50.0,0.30932752328698715,0.526054584167615,0.4833077118322379,0.526054584167615,0.526054584167615,2.4078537275488476,1.9012704613215021,2.8751645139813915,2.901270461321502,1.9012704613215021,0.052320033599472605,5.926266193389893,49.0,281.0,28.0,13.0,1.3463087096703592e-22,1.3463087096703592e-22,1.0,1.2573378325359097e-22,1.2573378325359097e-22,0.9339149509355593,0.9339149509355593,0.9339149509355593,0.0,5.994834220174156e-23,5.994834220174156e-23,0.0,5.994834220174156e-23,0.4452793164832141,0.4767878660012358,6.159169521726327e-24,6.159169521726327e-24,0.0,6.159169521726327e-24,0.04574856775036675,0.04898579651662888,5.962627153012308e-23,5.962627153012308e-23,0.0,5.962627153012308e-23,0.4428870667019783,0.4742263374821352,10037,442,train_increment
50443,131.30552465441264,126.47895644391541,153.71980322283372,176.47895644391542,126.47895644391541,50.0,0.3905846958630874,0.9227140965140835,0.5574817812571387,0.9227140965140836,0.9227140965140835,2.6261104930882526,2.5295791288783085,3.0743960644566743,3.5295791288783085,2.5295791288783085,0.14461249414985763,5.8551836013793945,49.0,281.0,28.0,13.0,1.3162629808888781e-22,1.3162629808888781e-22,1.0,6.282169727228631e-23,6.282169727228631e-23,0.4772731451420334,0.4772731451420334,0.4772731451420334,0.0,2.1158315073297233e-23,2.1158315073297233e-23,0.0,2.1158315073297233e-23,0.16074534785601075,0.3367994815802468,8.435210461493636e-24,8.435210461493636e-24,0.0,8.435210461493636e-24,0.06408453769471889,0.1342722471335523,3.3228171737495444e-23,3.3228171737495444e-23,0.0,3.3228171737495444e-23,0.2524432595913038,0.528928271286201,10037,443,train_increment
50444,175.73414023470644,76.20867824096734,90.37018782637902,126.20867824096734,76.20867824096734,50.0,0.7214008952695937,0.28798836162837554,0.08577950727013424,0.28798836162837554,0.28798836162837554,3.514682804694129,1.524173564819347,1.8074037565275805,2.524173564819347,1.524173564819347,0.01060466426806187,5.859607934951782,49.0,281.0,28.0,13.0,1.3534168570554565e-22,1.3534168570554565e-22,1.0,1.2651018169151067e-22,1.2651018169151067e-22,0.9347466084230018,0.9347466084230018,0.9347466084230018,0.0,2.8496476099908495e-23,2.8496476099908495e-23,0.0,2.8496476099908495e-23,0.21055209968277236,0.22525045588343126,8.802319475130442e-23,8.802319475130442e-23,0.0,8.802319475130442e-23,0.6503775558316225,0.6957795299507591,9.990510840297761e-24,9.990510840297761e-24,0.0,9.990510840297761e-24,0.07381695290860707,0.07897001416580973,10037,444,train_increment
50445,99.1417715720284,112.0864396445894,192.1722740863784,162.0864396445894,112.0864396445894,50.0,0.15109286352962328,0.7409903995528966,0.8437995092060937,0.7409903995528966,0.7409903995528966,1.9828354314405683,2.241728792891788,3.843445481727568,3.241728792891788,2.241728792891788,0.03756654002722047,5.980095148086548,49.0,281.0,28.0,13.0,1.348913999328733e-22,1.348913999328733e-22,1.0,1.0598025066885514e-22,1.0598025066885514e-22,0.785670922843077,0.785670922843077,0.785670922843077,0.0,3.963049906957176e-23,3.963049906957176e-23,0.0,3.963049906957176e-23,0.2937955947472803,0.3739423035844747,1.1630152496791831e-23,1.1630152496791831e-23,0.0,1.1630152496791831e-23,0.08621863589954143,0.10973886571688996,5.471959910249156e-23,5.471959910249156e-23,0.0,5.471959910249156e-23,0.40565669219625533,0.5163188306986354,10037,445,train_increment
50446,180.91466713858,87.63589022820968,144.76870526949494,137.6358902282097,87.63589022820968,50.0,0.7599751834592703,0.43227134126527367,0.4908317592665297,0.43227134126527383,0.43227134126527367,3.6182933427716,1.7527178045641936,2.895374105389899,2.752717804564194,1.7527178045641936,0.06575782013382288,5.928307294845581,49.0,281.0,28.0,13.0,1.3458059256808747e-22,1.3458059256808747e-22,1.0,1.1434806524470543e-22,1.1434806524470543e-22,0.8496623700542414,0.8496623700542414,0.8496623700542414,0.0,4.749274739748254e-23,4.749274739748254e-23,0.0,4.749274739748254e-23,0.3528944737960999,0.41533494507185426,1.6890442018805368e-23,1.6890442018805368e-23,0.0,1.6890442018805368e-23,0.1255042922348562,0.14771078096214166,4.9964875828417515e-23,4.9964875828417515e-23,0.0,4.9964875828417515e-23,0.3712636040232853,0.436954273966004,10037,446,train_increment
50447,141.8324680719316,76.69771477762606,103.92693144274642,126.69771477762606,76.69771477762606,50.0,0.4689684889942785,0.2941630653740664,0.18672324231382298,0.2941630653740664,0.2941630653740664,2.836649361438632,1.5339542955525212,2.0785386288549286,2.5339542955525216,1.5339542955525212,0.016333196963978308,5.929056644439697,49.0,281.0,28.0,13.0,1.3477426304912225e-22,1.3477426304912225e-22,1.0,1.1485060532300562e-22,1.1485060532300562e-22,0.8521701601228204,0.8521701601228204,0.8521701601228204,0.0,3.357349293553101e-23,3.357349293553101e-23,0.0,3.357349293553101e-23,0.24910908192682316,0.29232316922587376,5.769003585071505e-23,5.769003585071505e-23,0.0,5.769003585071505e-23,0.4280493511560757,0.5023050221500157,2.3587076536759583e-23,2.3587076536759583e-23,0.0,2.3587076536759583e-23,0.17501172703992166,0.20537180862411072,10037,447,train_increment
50448,150.50166504334152,64.10372204834061,156.6138436474813,114.10372204834061,64.10372204834061,50.0,0.5335194716555586,0.1351480056608663,0.5790308536670239,0.1351480056608663,0.1351480056608663,3.0100333008668305,1.2820744409668123,3.132276872949626,2.2820744409668126,1.2820744409668123,0.0370702783076342,5.915111303329468,49.0,281.0,28.0,13.0,1.3494180972778804e-22,1.3494180972778804e-22,1.0,1.1301950911538184e-22,1.1301950911538184e-22,0.8375425625561932,0.8375425625561932,0.8375425625561932,0.0,1.2616562923031853e-23,1.2616562923031853e-23,0.0,1.2616562923031853e-23,0.09349632221831522,0.11163172643186389,9.173088933087985e-23,9.173088933087985e-23,0.0,9.173088933087985e-23,0.6797810813114511,0.8116376548515319,8.672056861470132e-24,8.672056861470132e-24,0.0,8.672056861470132e-24,0.06426515902642685,0.07673061871660417,10037,448,train_increment
50449,108.0298709895345,105.8858923587522,149.44491884876993,155.8858923587522,105.8858923587522,50.0,0.21727379739042818,0.6627006610953561,0.5256509221799697,0.662700661095356,0.6627006610953561,2.1605974197906903,2.117717847175044,2.9888983769753987,3.1177178471750437,2.117717847175044,0.01042795551776664,5.873455762863159,49.0,281.0,28.0,13.0,1.3498373860038684e-22,1.3498373860038684e-22,1.0,1.1204222937421405e-22,1.1204222937421405e-22,0.8300424224128947,0.8300424224128947,0.8300424224128947,0.0,2.6375364523653298e-23,2.6375364523653298e-23,0.0,2.6375364523653298e-23,0.19539660700713257,0.23540556690960893,9.884678237450226e-24,9.884678237450226e-24,0.0,9.884678237450226e-24,0.07322865954034183,0.08822279146585005,7.578218661311054e-23,7.578218661311054e-23,0.0,7.578218661311054e-23,0.5614171558654204,0.6763716416245411,10037,449,train_increment
50450,192.9143116038004,126.73995242525307,142.41803817871627,176.73995242525308,126.73995242525307,50.0,0.8493247327163097,0.9260095003188519,0.4733286536017593,0.9260095003188521,0.9260095003188519,3.858286232076008,2.5347990485050613,2.8483607635743255,3.5347990485050618,2.5347990485050613,0.018608570206105235,5.970250844955444,49.0,281.0,28.0,13.0,1.34809358916826e-22,1.34809358916826e-22,1.0,1.0942592628298177e-22,1.0942592628298177e-22,0.8117086763278418,0.8117086763278418,0.8117086763278418,0.0,2.0184925804789725e-24,2.0184925804789725e-24,0.0,2.0184925804789725e-24,0.014972941023511075,0.018446200539888817,9.645457500422464e-23,9.645457500422464e-23,0.0,9.645457500422464e-23,0.7154887151695061,0.8814599819314074,1.0952858698278162e-23,1.0952858698278162e-23,0.0,1.0952858698278162e-23,0.08124702013482463,0.10009381752870372,10487,450,train_increment
50451,205.81180053646932,58.351975883028324,142.36635870879667,108.35197588302833,58.351975883028324,50.0,0.945359646585773,0.06252494801803432,0.47294384742216433,0.06252494801803442,0.06252494801803432,4.116236010729386,1.1670395176605666,2.847327174175933,2.1670395176605664,1.1670395176605666,0.059042275465233954,5.981909275054932,49.0,281.0,28.0,13.0,1.3453124548589392e-22,1.3453124548589392e-22,1.0,7.818726675025065e-23,7.818726675025065e-23,0.5811829546947059,0.5811829546947059,0.5811829546947059,0.0,2.1269751399423645e-24,2.1269751399423645e-24,0.0,2.1269751399423645e-24,0.01581026870196772,0.027203600130139425,5.728782050464112e-23,5.728782050464112e-23,0.0,5.728782050464112e-23,0.425832826402012,0.7327001299026413,1.877247110566716e-23,1.877247110566716e-23,0.0,1.877247110566716e-23,0.13953985959072623,0.24009626996721917,10487,451,train_increment
50452,97.75022415553038,76.41637150259663,136.73533417185962,126.41637150259663,76.41637150259663,50.0,0.1407313786711123,0.290610751295412,0.43101514647698896,0.290610751295412,0.290610751295412,1.9550044831106075,1.5283274300519327,2.7347066834371923,2.5283274300519327,1.5283274300519327,0.005456058577538004,5.981024265289307,49.0,281.0,28.0,13.0,1.345892255814608e-22,1.345892255814608e-22,1.0,1.1273433044714782e-22,1.1273433044714782e-22,0.8376177956304148,0.8376177956304148,0.8376177956304148,0.0,7.57010673280642e-23,7.57010673280642e-23,0.0,7.57010673280642e-23,0.5624600855010177,0.6714996845043083,3.260778060885582e-23,3.260778060885582e-23,0.0,3.260778060885582e-23,0.2422763075423136,0.2892444606671347,4.425482510227809e-24,4.425482510227809e-24,0.0,4.425482510227809e-24,0.03288140258708349,0.039255854828557,10487,452,train_increment
50453,122.750117877207,83.7628655644183,174.83566374459895,133.7628655644183,83.7628655644183,50.0,0.32688099685187644,0.38336951470225133,0.7147108246060979,0.3833695147022511,0.38336951470225133,2.45500235754414,1.6752573112883662,3.496713274891979,2.675257311288366,1.6752573112883662,0.029783242836556815,5.944772958755493,49.0,281.0,28.0,13.0,1.345109301787442e-22,1.345109301787442e-22,1.0,1.02111954677916e-22,1.02111954677916e-22,0.759134997744979,0.759134997744979,0.759134997744979,0.0,6.199861230089074e-23,6.199861230089074e-23,0.0,6.199861230089074e-23,0.46091876859749753,0.6071631132363322,1.4090565896426437e-23,1.4090565896426437e-23,0.0,1.4090565896426437e-23,0.10475405885382144,0.1379913443129283,2.6022776480598825e-23,2.6022776480598825e-23,0.0,2.6022776480598825e-23,0.19346217029366003,0.2548455424507394,10487,453,train_increment
50454,183.43482388967453,112.96054577260752,126.02168742652546,162.96054577260753,112.96054577260752,50.0,0.7787403119112027,0.7520270930884788,0.3512411573084547,0.7520270930884789,0.7520270930884788,3.6686964777934907,2.25921091545215,2.5204337485305093,3.259210915452151,2.25921091545215,0.05424815718811098,5.974283933639526,49.0,281.0,28.0,13.0,1.3466197615915925e-22,1.3466197615915925e-22,1.0,1.083639915825073e-22,1.083639915825073e-22,0.8047111343029014,0.8047111343029014,0.8047111343029014,0.0,8.589617591712695e-24,8.589617591712695e-24,0.0,8.589617591712695e-24,0.0637865107635171,0.07926634545547025,8.211833912590185e-23,8.211833912590185e-23,0.0,8.211833912590185e-23,0.6098108869934065,0.7578009809963279,1.7656034864892765e-23,1.7656034864892765e-23,0.0,1.7656034864892765e-23,0.1311137365459779,0.16293267354820193,10487,454,train_increment
50455,131.9154218330757,120.5461732652951,121.13748697254377,170.5461732652951,120.5461732652951,50.0,0.3951260002462822,0.8478052179961503,0.3148733207188665,0.8478052179961503,0.8478052179961503,2.638308436661514,2.410923465305902,2.4227497394508752,3.4109234653059017,2.410923465305902,0.04331730354791619,5.9590065479278564,49.0,281.0,28.0,13.0,1.3460883976777904e-22,1.3460883976777904e-22,1.0,9.901898219752616e-23,9.901898219752616e-23,0.7356053463379459,0.7356053463379459,0.7356053463379459,0.0,4.629307862935031e-24,4.629307862935031e-24,0.0,4.629307862935031e-24,0.03439081616720937,0.04675172133864538,4.9346142033417505e-23,4.9346142033417505e-23,0.0,4.9346142033417505e-23,0.36658916396981944,0.4983503257484537,4.504353230117363e-23,4.504353230117363e-23,0.0,4.504353230117363e-23,0.33462536620091704,0.45489795291290086,10487,455,train_increment
50456,147.540562809942,113.50789815291208,152.61120042622187,163.50789815291208,113.50789815291208,50.0,0.5114710559191512,0.7589381079913141,0.5492271066732827,0.7589381079913141,0.7589381079913141,2.95081125619884,2.2701579630582414,3.0522240085244374,3.270157963058242,2.2701579630582414,0.016643346297916348,6.0206756591796875,49.0,281.0,28.0,13.0,1.3492545895452464e-22,1.3492545895452464e-22,1.0,8.569252701847246e-23,8.569252701847246e-23,0.6351101392017819,0.6351101392017819,0.6351101392017819,0.0,9.262570165694915e-24,9.262570165694915e-24,0.0,9.262570165694915e-24,0.0686495361028698,0.10809075759544602,1.8766821871918602e-23,1.8766821871918602e-23,0.0,1.8766821871918602e-23,0.13909029487343663,0.2190018491095857,5.766313498085894e-23,5.766313498085894e-23,0.0,5.766313498085894e-23,0.4273703082254755,0.6729073932949682,10487,456,train_increment
50457,102.43702960203821,83.21449358904042,108.99222952246478,133.21449358904042,83.21449358904042,50.0,0.1756294088014759,0.37644562612424765,0.22443953479124934,0.37644562612424765,0.37644562612424765,2.048740592040764,1.6642898717808083,2.1798445904492953,2.6642898717808086,1.6642898717808083,0.11006396818032788,5.984667062759399,49.0,281.0,28.0,13.0,1.3308216794113244e-22,1.3308216794113244e-22,1.0,1.169203328567441e-22,1.169203328567441e-22,0.878557470663257,0.878557470663257,0.878557470663257,0.0,9.316525536615606e-23,9.316525536615606e-23,0.0,9.316525536615606e-23,0.7000581430816996,0.7968268058243231,8.483093291588879e-24,8.483093291588879e-24,0.0,8.483093291588879e-24,0.0637432754727988,0.07255447435291461,1.5271984198999173e-23,1.5271984198999173e-23,0.0,1.5271984198999173e-23,0.11475605210875871,0.13061871982276235,10487,457,train_increment
50458,143.48087897382985,64.86123997099821,124.1588022288573,114.86123997099821,64.86123997099821,50.0,0.4812425835728209,0.14471262589644204,0.3373700836102554,0.14471262589644204,0.14471262589644204,2.869617579476597,1.2972247994199644,2.483176044577146,2.2972247994199644,1.2972247994199644,0.03865698539118536,5.95115852355957,49.0,281.0,28.0,13.0,1.3467612106645255e-22,1.3467612106645255e-22,1.0,1.1775875513894378e-22,1.1775875513894378e-22,0.8743848145198561,0.8743848145198561,0.8743848145198561,0.0,8.564108565770975e-24,8.564108565770975e-24,0.0,8.564108565770975e-24,0.0635904011635829,0.07272587550425585,1.0333075197431617e-22,1.0333075197431617e-22,0.0,1.0333075197431617e-22,0.7672536983993636,0.8774782974938552,5.863894598856649e-24,5.863894598856649e-24,0.0,5.863894598856649e-24,0.04354071495690953,0.049795827001888976,10487,458,train_increment
50459,146.79615097935158,63.46292841644398,185.94919475251464,113.46292841644399,63.46292841644398,50.0,0.5059281532341889,0.12705717697530272,0.7974623585444128,0.1270571769753028,0.12705717697530272,2.935923019587032,1.2692585683288795,3.718983895050293,2.2692585683288797,1.2692585683288795,0.035767315046967015,5.972900152206421,49.0,281.0,28.0,13.0,1.3484538409349688e-22,1.3484538409349688e-22,1.0,1.1409383102703296e-22,1.1409383102703296e-22,0.8461085397474521,0.8461085397474521,0.8461085397474521,0.0,6.004184051039993e-24,6.004184051039993e-24,0.0,6.004184051039993e-24,0.04452643367367258,0.052624966634851486,1.0388000160546262e-22,1.0388000160546262e-22,0.0,1.0388000160546262e-22,0.7703637933459851,0.9104786882022542,4.2096453705303514e-24,4.2096453705303514e-24,0.0,4.2096453705303514e-24,0.0312183127277945,0.036896345162894334,10487,459,train_increment
50460,114.30277636356688,99.4168316767549,144.6733277348764,149.4168316767549,99.4168316767549,50.0,0.2639819535634168,0.5810206019792284,0.49012157658135824,0.5810206019792284,0.5810206019792284,2.2860555272713374,1.988336633535098,2.893466554697528,2.988336633535098,1.988336633535098,0.04437621396692572,5.974880933761597,49.0,281.0,28.0,13.0,1.3457876064576512e-22,1.3457876064576512e-22,1.0,1.2499934991435428e-22,1.2499934991435428e-22,0.9288192974474959,0.9288192974474959,0.9288192974474959,0.0,4.7632656608205264e-23,4.7632656608205264e-23,0.0,4.7632656608205264e-23,0.35393888589584177,0.3810632346555538,7.468361404940053e-24,7.468361404940053e-24,0.0,7.468361404940053e-24,0.055494354154427744,0.05974720196590738,6.989833190120896e-23,6.989833190120896e-23,0.0,6.989833190120896e-23,0.5193860573972264,0.5591895633785388,10487,460,train_increment
50461,165.3318997130633,71.75352992061576,173.27237525976014,121.75352992061576,71.75352992061576,50.0,0.6439456419438817,0.23173648889666362,0.7030705529393905,0.23173648889666362,0.23173648889666362,3.306637994261266,1.435070598412315,3.4654475051952027,2.4350705984123153,1.435070598412315,0.03175498161907829,5.954050779342651,49.0,281.0,28.0,13.0,1.3457884838262777e-22,1.3457884838262777e-22,1.0,1.0054664280042307e-22,1.0054664280042307e-22,0.7471206954792328,0.7471206954792328,0.7471206954792328,0.0,2.512365812219222e-23,2.512365812219222e-23,0.0,2.512365812219222e-23,0.186683557068061,0.2498706811331398,5.553681223000382e-23,5.553681223000382e-23,0.0,5.553681223000382e-23,0.4126711804822729,0.5523487476378489,1.9886172448227035e-23,1.9886172448227035e-23,0.0,1.9886172448227035e-23,0.14776595792889888,0.19778057122901133,10487,461,train_increment
50462,189.10627508291412,126.8780613852182,130.4038022016443,176.8780613852182,126.8780613852182,50.0,0.8209700304014454,0.9277533003184117,0.3838704557084461,0.9277533003184115,0.9277533003184117,3.7821255016582827,2.537561227704364,2.6080760440328863,3.5375612277043635,2.537561227704364,0.02351520573810468,5.978399991989136,49.0,281.0,28.0,13.0,1.3504928541564756e-22,1.3504928541564756e-22,1.0,1.0865434255800948e-22,1.0865434255800948e-22,0.8045532578983952,0.8045532578983952,0.8045532578983952,0.0,1.7594030243731112e-24,1.7594030243731112e-24,0.0,1.7594030243731112e-24,0.013027858821748768,0.016192661820523035,9.480009974572595e-23,9.480009974572595e-23,0.0,9.480009974572595e-23,0.7019666890791403,0.8724925070998715,1.2094839787910417e-23,1.2094839787910417e-23,0.0,1.2094839787910417e-23,0.08955870999750615,0.1113148310796055,10487,462,train_increment
50463,99.06847869888877,129.02947927808458,90.87276999105018,179.02947927808458,129.02947927808458,50.0,0.15054712359559771,0.9549176676525831,0.08952174230119271,0.9549176676525831,0.9549176676525831,1.9813695739777752,2.580589585561692,1.8174553998210035,3.5805895855616914,2.580589585561692,0.057931867406348286,5.995477914810181,49.0,281.0,28.0,13.0,1.3448086544809706e-22,1.3448086544809706e-22,1.0,7.970438450103925e-23,7.970438450103925e-23,0.5926819717843145,0.5926819717843145,0.5926819717843145,0.0,3.615256715374949e-23,3.615256715374949e-23,0.0,3.615256715374949e-23,0.2688305658450911,0.45358316710014995,8.923038956800169e-24,8.923038956800169e-24,0.0,8.923038956800169e-24,0.06635173656168965,0.11195167007009285,3.46287783904896e-23,3.46287783904896e-23,0.0,3.46287783904896e-23,0.25749966937753377,0.4344651628297572,10487,463,train_increment
50464,144.1322520096448,130.20479922076868,94.58162749130369,180.20479922076868,130.20479922076868,50.0,0.4860927178677944,0.9697575659187965,0.11713795600375053,0.9697575659187965,0.9697575659187965,2.882645040192896,2.6040959844153737,1.8916325498260738,3.6040959844153737,2.6040959844153737,0.028395724575944473,6.002941131591797,49.0,281.0,28.0,13.0,1.345858279552301e-22,1.345858279552301e-22,1.0,9.8141728192695e-23,9.8141728192695e-23,0.7292129467401411,0.7292129467401411,0.7292129467401411,0.0,1.738259637082906e-23,1.738259637082906e-23,0.0,1.738259637082906e-23,0.1291562167794619,0.17711728426770157,6.268538570787247e-23,6.268538570787247e-23,0.0,6.268538570787247e-23,0.46576513040232387,0.6387230677739211,1.807374611399347e-23,1.807374611399347e-23,0.0,1.807374611399347e-23,0.13429159955835537,0.18415964795837736,10487,464,train_increment
50465,193.58917383517587,80.09389148012198,131.5100762339527,130.09389148012198,80.09389148012198,50.0,0.854349767946209,0.3370440843449745,0.3921077902751504,0.3370440843449745,0.3370440843449745,3.8717834767035173,1.6018778296024396,2.6302015246790544,2.60187782960244,1.6018778296024396,0.0076335897799859435,6.047135829925537,49.0,281.0,28.0,13.0,1.3499060537620895e-22,1.3499060537620895e-22,1.0,1.2713625281905352e-22,1.2713625281905352e-22,0.9418155616439683,0.9418155616439683,0.9418155616439683,0.0,1.7944084115048435e-23,1.7944084115048435e-23,0.0,1.7944084115048435e-23,0.13292839205394763,0.14114057727175053,7.848881418798372e-23,7.848881418798372e-23,0.0,7.848881418798372e-23,0.5814390858477976,0.6173598202527866,3.070335451602136e-23,3.070335451602136e-23,0.0,3.070335451602136e-23,0.22744808374222306,0.2414996024754628,10487,465,train_increment
50466,149.19630184420424,101.40258707785952,194.36559391440073,151.40258707785952,101.40258707785952,50.0,0.5237997158913198,0.606093271185095,0.8601310045748379,0.606093271185095,0.606093271185095,2.983926036884085,2.0280517415571904,3.887311878288015,3.0280517415571904,2.0280517415571904,0.012904669835672062,6.009298324584961,49.0,281.0,28.0,13.0,1.3481768291552235e-22,1.3481768291552235e-22,1.0,1.154836113880895e-22,1.154836113880895e-22,0.8565909819148301,0.8565909819148301,0.8565909819148301,0.0,5.205438534646041e-23,5.205438534646041e-23,0.0,5.205438534646041e-23,0.3861094792667371,0.45075127735249443,4.723370092296609e-24,4.723370092296609e-24,0.0,4.723370092296609e-24,0.035035241595542804,0.040900782678361565,5.870585594933248e-23,5.870585594933248e-23,0.0,5.870585594933248e-23,0.4354462610525502,0.5083479399691441,10487,466,train_increment
50467,175.3411818235304,53.40830635350015,126.54802879470478,103.40830635350015,53.40830635350015,50.0,0.7184749205028325,0.000104878200759416,0.35516030375804003,0.000104878200759416,0.000104878200759416,3.5068236364706085,1.0681661270700031,2.5309605758940954,2.068166127070003,1.0681661270700031,0.04527172092338687,5.978626012802124,49.0,281.0,28.0,13.0,1.3480293674432815e-22,1.3480293674432815e-22,1.0,6.861053122773579e-23,6.861053122773579e-23,0.5089691136170488,0.5089691136170488,0.5089691136170488,0.0,3.906127657622045e-24,3.906127657622045e-24,0.0,3.906127657622045e-24,0.028976576860714393,0.05693189642646279,4.4042916107612583e-23,4.4042916107612583e-23,0.0,4.4042916107612583e-23,0.32672074638214954,0.6419264698800095,2.0661487462501158e-23,2.0661487462501158e-23,0.0,2.0661487462501158e-23,0.1532717903741848,0.30114163369352775,10487,467,train_increment
50468,114.9934893820792,132.53590495097694,142.69905511202347,182.53590495097694,132.53590495097694,50.0,0.2691250140139926,0.9991907190779917,0.47542111029056944,0.9991907190779917,0.9991907190779917,2.299869787641584,2.650718099019539,2.8539811022404695,3.650718099019539,2.650718099019539,0.042554175038377745,5.961813688278198,49.0,281.0,28.0,13.0,1.3464934621832288e-22,1.3464934621832288e-22,1.0,5.77539323702773e-23,5.77539323702773e-23,0.42892100104692693,0.42892100104692693,0.42892100104692693,0.0,2.65294632878934e-23,2.65294632878934e-23,0.0,2.65294632878934e-23,0.19702630597907284,0.4593533669327532,6.3151669280863e-24,6.3151669280863e-24,0.0,6.3151669280863e-24,0.046900836175221935,0.10934609417758646,2.4909302154297598e-23,2.4909302154297598e-23,0.0,2.4909302154297598e-23,0.18499385889263217,0.43130053888966036,10487,468,train_increment
50469,154.60201897373975,59.84547413648473,107.43942731450164,109.84547413648474,59.84547413648473,50.0,0.5640507741901694,0.08138224919803949,0.2128773441139363,0.08138224919803957,0.08138224919803949,3.092040379474795,1.1969094827296947,2.148788546290033,2.1969094827296947,1.1969094827296947,0.04920289086809824,5.957075119018555,49.0,281.0,28.0,13.0,1.3478442301938564e-22,1.3478442301938564e-22,1.0,9.880536678050068e-23,9.880536678050068e-23,0.733062208281218,0.733062208281218,0.733062208281218,0.0,7.697807845908514e-24,7.697807845908514e-24,0.0,7.697807845908514e-24,0.05711199909800676,0.07790880289943605,8.406275638265992e-23,8.406275638265992e-23,0.0,8.406275638265992e-23,0.6236830228562051,0.8507914005259254,7.044802551932241e-24,7.044802551932241e-24,0.0,7.044802551932241e-24,0.05226718632700612,0.07129979657463849,10487,469,train_increment
50470,182.4840072516804,55.154610910589405,191.55358822124236,105.15461091058941,55.154610910589405,50.0,0.7716605156491466,0.022154178164007568,0.8391927641194517,0.022154178164007655,0.022154178164007568,3.649680145033608,1.1030922182117882,3.831071764424847,2.1030922182117884,1.1030922182117882,0.033944227232834266,5.966880798339844,49.0,281.0,28.0,13.0,1.348849444405684e-22,1.348849444405684e-22,1.0,1.0403426195112648e-22,1.0403426195112648e-22,0.7712814975949001,0.7712814975949001,0.7712814975949001,0.0,5.297715484341542e-24,5.297715484341542e-24,0.0,5.297715484341542e-24,0.039275810256761204,0.050922795865369026,9.401116749263698e-23,9.401116749263698e-23,0.0,9.401116749263698e-23,0.6969730230645511,0.903655831545206,4.725378974147955e-24,4.725378974147955e-24,0.0,4.725378974147955e-24,0.035032664273587644,0.04542137258942499,10487,470,train_increment
50471,130.91130503240768,107.54306813953825,138.5334709343326,157.54306813953826,107.54306813953825,50.0,0.3876493300998338,0.6836245977214426,0.4444041022660655,0.6836245977214428,0.6836245977214426,2.6182261006481538,2.1508613627907653,2.7706694186866523,3.1508613627907653,2.1508613627907653,0.04690340447533046,6.020024061203003,49.0,281.0,28.0,13.0,1.343893744836153e-22,1.343893744836153e-22,1.0,1.0926813421682193e-22,1.0926813421682193e-22,0.8130712315365667,0.8130712315365667,0.8130712315365667,0.0,1.792092567237598e-23,1.792092567237598e-23,0.0,1.792092567237598e-23,0.13335076334149387,0.16400870940850235,5.874856402287005e-24,5.874856402287005e-24,0.0,5.874856402287005e-24,0.04371518525821597,0.05376550486923721,8.547235214215895e-23,8.547235214215895e-23,0.0,8.547235214215895e-23,0.6360052829368568,0.7822257857222604,10487,471,train_increment
50472,208.54440745020958,65.3436241700688,167.5286335618396,115.3436241700688,65.3436241700688,50.0,0.9657066824289618,0.15080333548066652,0.6603025581670856,0.15080333548066652,0.15080333548066652,4.170888149004192,1.3068724834013759,3.350572671236792,2.306872483401376,1.3068724834013759,0.026595282477555115,5.9869349002838135,49.0,281.0,28.0,13.0,1.3483303165075213e-22,1.3483303165075213e-22,1.0,1.1239094789400136e-22,1.1239094789400136e-22,0.8335564847723604,0.8335564847723604,0.8335564847723604,0.0,2.1378800783543115e-24,2.1378800783543115e-24,0.0,2.1378800783543115e-24,0.01585575917251421,0.019021817311929767,8.534972489264487e-23,8.534972489264487e-23,0.0,8.534972489264487e-23,0.6330030842421451,0.7594003475541489,2.490334292300217e-23,2.490334292300217e-23,0.0,2.490334292300217e-23,0.18469764135770106,0.2215778351339213,10487,472,train_increment
50473,150.5326135500395,126.20640652366059,185.73116856733452,176.20640652366058,126.20640652366059,50.0,0.5337499147434066,0.9192728096421793,0.7958389319980232,0.9192728096421791,0.9192728096421793,3.01065227100079,2.524128130473212,3.7146233713466903,3.5241281304732115,2.524128130473212,0.05740606463730796,5.946900129318237,49.0,281.0,28.0,13.0,1.3427885800592994e-22,1.3427885800592994e-22,1.0,4.035192967418718e-23,4.035192967418718e-23,0.300508436498657,0.300508436498657,0.300508436498657,0.0,1.0514888303039648e-23,1.0514888303039648e-23,0.0,1.0514888303039648e-23,0.0783063578227281,0.260579565536018,1.0534454799897305e-23,1.0534454799897305e-23,0.0,1.0534454799897305e-23,0.07845207321790068,0.2610644617235273,1.9302586571250223e-23,1.9302586571250223e-23,0.0,1.9302586571250223e-23,0.1437500054580282,0.4783559727404546,10487,473,train_increment
50474,91.47682140252016,60.47911173049452,205.47981315321374,110.47911173049452,60.47911173049452,50.0,0.09401951900610694,0.08938272386988029,0.9428876630916883,0.08938272386988029,0.08938272386988029,1.8295364280504032,1.2095822346098906,4.109596263064275,2.2095822346098903,1.2095822346098906,0.05578442817454716,5.957831621170044,49.0,281.0,28.0,13.0,1.3373077183372431e-22,1.3373077183372431e-22,1.0,1.0831194816612124e-22,1.0831194816612124e-22,0.8099253947385583,0.8099253947385583,0.8099253947385583,0.0,7.719535120233882e-24,7.719535120233882e-24,0.0,7.719535120233882e-24,0.057724449013365854,0.07127131633154822,9.599812065193407e-23,9.599812065193407e-23,0.0,9.599812065193407e-23,0.717846157137973,0.886311457575289,4.5942923939532924e-24,4.5942923939532924e-24,0.0,4.5942923939532924e-24,0.03435478858721954,0.04241722609316278,10487,474,train_increment
50475,160.1714654044389,55.111590661606066,175.78465855222476,105.11159066160607,55.111590661606066,50.0,0.6055209635475718,0.02161099320209672,0.7217770554893875,0.02161099320209681,0.02161099320209672,3.203429308088778,1.1022318132321212,3.515693171044495,2.1022318132321214,1.1022318132321212,0.02221622053441281,6.009576797485352,49.0,281.0,28.0,13.0,1.3511510138932522e-22,1.3511510138932522e-22,1.0,1.089644772203266e-22,1.089644772203266e-22,0.8064566884078536,0.8064566884078536,0.8064566884078536,0.0,2.8782577400856245e-24,2.8782577400856245e-24,0.0,2.8782577400856245e-24,0.021302265331482936,0.026414642767163248,1.0329476482447402e-22,1.0329476482447402e-22,0.0,1.0329476482447402e-22,0.7644945958101085,0.9479673326529305,2.791454655766958e-24,2.791454655766958e-24,0.0,2.791454655766958e-24,0.020659827266262164,0.02561802457990622,10487,475,train_increment
50476,85.65792190446939,116.62361806150562,148.1390792583997,166.62361806150562,116.62361806150562,50.0,0.050691898022854766,0.7982780058270913,0.5159276191988065,0.7982780058270913,0.7982780058270913,1.7131584380893878,2.3324723612301126,2.962781585167994,3.3324723612301126,2.3324723612301126,0.028213787077356226,5.981222867965698,49.0,281.0,28.0,13.0,1.344104627032929e-22,1.344104627032929e-22,1.0,9.18703875343928e-23,9.18703875343928e-23,0.6835062218124637,0.6835062218124637,0.6835062218124637,0.0,7.257176226814684e-24,7.257176226814684e-24,0.0,7.257176226814684e-24,0.0539926437336555,0.07899363899056017,1.5987115975546708e-23,1.5987115975546708e-23,0.0,1.5987115975546708e-23,0.11894249639507447,0.17401816194104697,6.86260953320314e-23,6.86260953320314e-23,0.0,6.86260953320314e-23,0.5105710816837337,0.7469881990683929,10487,476,train_increment
50477,143.11050271871858,78.95541597647954,107.40799304134978,128.95541597647954,78.95541597647954,50.0,0.4784847559100415,0.3226693936424184,0.21264328400111532,0.3226693936424184,0.3226693936424184,2.862210054374372,1.579108319529591,2.1481598608269956,2.579108319529591,1.579108319529591,0.03362283816551808,5.980940103530884,49.0,281.0,28.0,13.0,1.3499326786124757e-22,1.3499326786124757e-22,1.0,1.1219134235330537e-22,1.1219134235330537e-22,0.8310884248584967,0.8310884248584967,0.8310884248584967,0.0,4.300180214695403e-23,4.300180214695403e-23,0.0,4.300180214695403e-23,0.3185477529972332,0.3832898443405345,4.027237213525795e-23,4.027237213525795e-23,0.0,4.027237213525795e-23,0.29832874463526426,0.35896149640883096,2.891716807109338e-23,2.891716807109338e-23,0.0,2.891716807109338e-23,0.2142119272259992,0.25774865925063445,10487,477,train_increment
50478,182.20429179301004,128.37240883752833,149.90874974536337,178.37240883752833,128.37240883752833,50.0,0.7695777497618023,0.9466213237061658,0.5291046146341278,0.9466213237061658,0.9466213237061658,3.644085835860201,2.5674481767505664,2.9981749949072674,3.567448176750567,2.5674481767505664,0.012740881395756994,5.9771058559417725,49.0,281.0,28.0,13.0,1.3511114465204723e-22,1.3511114465204723e-22,1.0,1.0733023712433813e-22,1.0733023712433813e-22,0.7943847815126318,0.7943847815126318,0.7943847815126318,0.0,4.694572759314653e-24,4.694572759314653e-24,0.0,4.694572759314653e-24,0.03474600686275453,0.043739517260882994,9.383622377486297e-23,9.383622377486297e-23,0.0,9.383622377486297e-23,0.6945113522390779,0.8742757520059996,8.799440590160504e-24,8.799440590160504e-24,0.0,8.799440590160504e-24,0.06512742241079943,0.08198473073311742,10487,478,train_increment
50479,211.7529382963489,113.7056311879384,110.59567867999792,163.7056311879384,113.7056311879384,50.0,0.9895974556690164,0.7614347372214444,0.23637884348472019,0.7614347372214444,0.7614347372214444,4.235058765926978,2.274112623758768,2.2119135735999587,3.274112623758768,2.274112623758768,0.01223681130515795,5.983037710189819,49.0,281.0,28.0,13.0,1.3498402811385643e-22,1.3498402811385643e-22,1.0,1.2690364835717743e-22,1.2690364835717743e-22,0.9401382528763821,0.9401382528763821,0.9401382528763821,0.0,6.153694794250247e-24,6.153694794250247e-24,0.0,6.153694794250247e-24,0.045588317967957835,0.04849107865622845,1.2019940068207697e-22,1.2019940068207697e-22,0.0,1.2019940068207697e-22,0.8904712828742307,0.9471705678923353,5.505528808502238e-25,5.505528808502238e-25,0.0,5.505528808502238e-25,0.004078652034193579,0.004338353451436336,10487,479,train_increment
50480,190.7552344083572,126.87094714278554,206.63753122071833,176.87094714278555,126.87094714278554,50.0,0.8332482085506866,0.92766347402507,0.9515080507871804,0.9276634740250702,0.92766347402507,3.8151046881671444,2.5374189428557106,4.132750624414367,3.5374189428557115,2.5374189428557106,0.034820599127881255,5.974573612213135,49.0,281.0,28.0,13.0,1.3368807034137385e-22,1.3368807034137385e-22,1.0,9.674324225193782e-23,9.674324225193782e-23,0.7236490287046777,0.7236490287046777,0.7236490287046777,0.0,1.6215704239209243e-23,1.6215704239209243e-23,0.0,1.6215704239209243e-23,0.1212950729096641,0.16761588573784267,6.633373039132661e-23,6.633373039132661e-23,0.0,6.633373039132661e-23,0.49618286973506875,0.6856678445671786,1.419380762140198e-23,1.419380762140198e-23,0.0,1.419380762140198e-23,0.10617108605994496,0.1467162696949788,10487,480,train_increment
50481,101.89788073228615,128.69678850358392,146.35660068168264,178.69678850358392,128.69678850358392,50.0,0.1716148974853772,0.950717026560403,0.5026552545173688,0.950717026560403,0.950717026560403,2.0379576146457232,2.5739357700716785,2.9271320136336527,3.5739357700716785,2.5739357700716785,0.11088287083451653,6.013775587081909,49.0,281.0,28.0,13.0,1.3354527972869757e-22,1.3354527972869757e-22,1.0,4.671777878548055e-23,4.671777878548055e-23,0.3498272561964716,0.3498272561964716,0.3498272561964716,0.0,6.793873249638536e-24,6.793873249638536e-24,0.0,6.793873249638536e-24,0.05087318146654494,0.14542372146661237,1.2230210308586353e-23,1.2230210308586353e-23,0.0,1.2230210308586353e-23,0.09158100034259917,0.2617892080174708,2.7693695227255664e-23,2.7693695227255664e-23,0.0,2.7693695227255664e-23,0.20737307438732752,0.5927870705159168,10487,481,train_increment
50482,101.19052043109576,62.92552506041727,205.88723549926397,112.92552506041727,62.92552506041727,50.0,0.16634788109527748,0.12027178106587459,0.9459213365544599,0.12027178106587459,0.12027178106587459,2.0238104086219155,1.2585105012083455,4.1177447099852795,2.2585105012083453,1.2585105012083455,0.016244736462313333,6.0569679737091064,49.0,281.0,28.0,13.0,1.345962119043423e-22,1.345962119043423e-22,1.0,1.1662737571863742e-22,1.1662737571863742e-22,0.8664982027987879,0.8664982027987879,0.8664982027987879,0.0,4.303219132947273e-24,4.303219132947273e-24,0.0,4.303219132947273e-24,0.031971324245035786,0.03689716163492141,1.0880450575344562e-22,1.0880450575344562e-22,0.0,1.0880450575344562e-22,0.8083771765491671,0.932924239124917,3.51965083224452e-24,3.51965083224452e-24,0.0,3.51965083224452e-24,0.026149702004584947,0.030178599240161665,10487,482,train_increment
50483,209.6548574628209,105.16539128667861,206.34263067273972,155.1653912866786,105.16539128667861,50.0,0.9739751114134095,0.6536034253368512,0.9493122164760961,0.6536034253368512,0.6536034253368512,4.193097149256419,2.1033078257335722,4.126852613454794,3.1033078257335722,2.1033078257335722,0.06952613578799582,6.025638103485107,49.0,281.0,28.0,13.0,1.3438715562289928e-22,1.3438715562289928e-22,1.0,8.346226900328552e-23,8.346226900328552e-23,0.6210583788043486,0.6210583788043486,0.6210583788043486,0.0,4.9340460067469545e-23,4.9340460067469545e-23,0.0,4.9340460067469545e-23,0.3671516064074061,0.5911708447026194,1.6171154672364235e-23,1.6171154672364235e-23,0.0,1.6171154672364235e-23,0.12033259129125214,0.19375407433181158,1.795065426345173e-23,1.795065426345173e-23,0.0,1.795065426345173e-23,0.13357418110569025,0.21507508096556896,10487,483,train_increment
50484,151.20698800913266,64.11300653670503,97.51067289424998,114.11300653670503,64.11300653670503,50.0,0.5387713180129013,0.13526523404930588,0.1389476760554727,0.13526523404930588,0.13526523404930588,3.024139760182653,1.2822601307341006,1.9502134578849994,2.282260130734101,1.2822601307341006,0.016585042419792983,6.058071136474609,49.0,281.0,28.0,13.0,1.3504364357119295e-22,1.3504364357119295e-22,1.0,1.1274714957388885e-22,1.1274714957388885e-22,0.8348941615637783,0.8348941615637783,0.8348941615637783,0.0,8.11408191261718e-24,8.11408191261718e-24,0.0,8.11408191261718e-24,0.06008488587868677,0.0719670691745481,9.711074397406322e-23,9.711074397406322e-23,0.0,9.711074397406322e-23,0.7191063674379307,0.8613144043204541,7.522323687208438e-24,7.522323687208438e-24,0.0,7.522323687208438e-24,0.05570290824716073,0.06671852650499766,10487,484,train_increment
50485,183.65551599697716,68.83165441770754,87.79856422770807,118.83165441770754,68.83165441770754,50.0,0.7803835889573876,0.1948441214357012,0.06663115582805715,0.1948441214357012,0.1948441214357012,3.673110319939543,1.3766330883541509,1.7559712845541613,2.3766330883541507,1.3766330883541509,0.006604142138604118,5.964862108230591,49.0,281.0,28.0,13.0,1.3487428512662723e-22,1.3487428512662723e-22,1.0,1.27149687576643e-22,1.27149687576643e-22,0.9427274254485801,0.9427274254485801,0.9427274254485801,0.0,2.093503329977259e-23,2.093503329977259e-23,0.0,2.093503329977259e-23,0.1552188638487882,0.16464871993612581,9.399123307642163e-23,9.399123307642163e-23,0.0,9.399123307642163e-23,0.6968803058950608,0.7392171767607828,1.2223421200448801e-23,1.2223421200448801e-23,0.0,1.2223421200448801e-23,0.09062825570473124,0.09613410330309144,10487,485,train_increment
50486,126.6257193453238,121.0551444201665,173.23230229765852,171.0551444201665,121.0551444201665,50.0,0.35573878887061655,0.8542316214667488,0.7027721690071371,0.8542316214667488,0.8542316214667488,2.532514386906476,2.42110288840333,3.4646460459531703,3.42110288840333,2.42110288840333,0.06824253040232375,6.0102949142456055,49.0,281.0,28.0,13.0,1.3483432930205797e-22,1.3483432930205797e-22,1.0,5.0809290729025047e-23,5.0809290729025047e-23,0.3768275556531399,0.3768275556531399,0.3768275556531399,0.0,7.355184598883377e-24,7.355184598883377e-24,0.0,7.355184598883377e-24,0.05454979185906119,0.14476062336925505,1.6516991385105252e-23,1.6516991385105252e-23,0.0,1.6516991385105252e-23,0.12249841320531679,0.3250781726750191,2.693711474503642e-23,2.693711474503642e-23,0.0,2.693711474503642e-23,0.19977935058876195,0.5301612039557259,10487,486,train_increment
50487,198.16267712418443,55.98906290469317,185.2282583355455,105.98906290469317,55.98906290469317,50.0,0.8884041483558036,0.03269018819057027,0.7920942541738308,0.03269018819057027,0.03269018819057027,3.963253542483689,1.1197812580938633,3.7045651667109096,2.1197812580938638,1.1197812580938633,0.043457517393186,5.971259117126465,49.0,281.0,28.0,13.0,1.3478748397370136e-22,1.3478748397370136e-22,1.0,8.117575741909859e-23,8.117575741909859e-23,0.6022499643582407,0.6022499643582407,0.6022499643582407,0.0,4.63449429577297e-24,4.63449429577297e-24,0.0,4.63449429577297e-24,0.03438371397063258,0.057092097975085736,7.334148252291343e-23,7.334148252291343e-23,0.0,7.334148252291343e-23,0.544126801396658,0.9034899686154089,3.199780600412186e-24,3.199780600412186e-24,0.0,3.199780600412186e-24,0.02373944899095009,0.03941793340950532,10487,487,train_increment
50488,193.1478337380167,63.47078378842346,102.7650585191466,113.47078378842346,63.47078378842346,50.0,0.8510635423530654,0.12715636096494262,0.17807191749178414,0.12715636096494262,0.12715636096494262,3.8629566747603334,1.2694156757684691,2.055301170382932,2.2694156757684696,1.2694156757684691,0.0072857699125035025,5.935417413711548,49.0,281.0,28.0,13.0,1.3505882423307412e-22,1.3505882423307412e-22,1.0,1.0475252723215693e-22,1.0475252723215693e-22,0.7756066871379177,0.7756066871379177,0.7756066871379177,0.0,5.0477347621141295e-24,5.0477347621141295e-24,0.0,5.0477347621141295e-24,0.03737434255612308,0.04818723610292598,7.666306402839047e-23,7.666306402839047e-23,0.0,7.666306402839047e-23,0.5676272132807202,0.7318493028668089,2.3041728441652334e-23,2.3041728441652334e-23,0.0,2.3041728441652334e-23,0.17060513130107435,0.2199634610302651,10487,488,train_increment
50489,83.91697018311119,119.8393704710061,120.65621871703775,169.8393704710061,119.8393704710061,50.0,0.037728742986680525,0.8388809402904812,0.3112897894045998,0.8388809402904812,0.8388809402904812,1.678339403662224,2.396787409420122,2.413124374340755,3.396787409420122,2.396787409420122,0.052759725904953446,5.982386589050293,49.0,281.0,28.0,13.0,1.3400626414162104e-22,1.3400626414162104e-22,1.0,9.688434160273196e-23,9.688434160273196e-23,0.7229836770939474,0.7229836770939474,0.7229836770939474,0.0,1.2802768320628517e-23,1.2802768320628517e-23,0.0,1.2802768320628517e-23,0.09553858099572303,0.13214486581459622,6.962746871328757e-25,6.962746871328757e-25,0.0,6.962746871328757e-25,0.0051958368632457055,0.00718665860359464,8.338529859497056e-23,8.338529859497056e-23,0.0,8.338529859497056e-23,0.6222492592349786,0.8606684755818091,10487,489,train_increment
50490,203.48322763273433,63.56058796909875,210.91310292163246,113.56058796909875,63.56058796909875,50.0,0.9280210545996599,0.12829025213508516,0.9833440277113362,0.12829025213508516,0.12829025213508516,4.069664552654687,1.271211759381975,4.218262058432649,2.271211759381975,1.271211759381975,0.031831604396802965,5.968284606933594,49.0,281.0,28.0,13.0,1.3489485775189134e-22,1.3489485775189134e-22,1.0,1.1143441748757056e-22,1.1143441748757056e-22,0.826083509369416,0.826083509369416,0.826083509369416,0.0,4.254084216707778e-25,4.254084216707778e-25,0.0,4.254084216707778e-25,0.0031536296398578852,0.0038175675995096216,9.21486288382321e-23,9.21486288382321e-23,0.0,9.21486288382321e-23,0.6831144668814486,0.8269314895329389,1.8860380227667685e-23,1.8860380227667685e-23,0.0,1.8860380227667685e-23,0.13981541284810944,0.1692509428675515,10487,490,train_increment
50491,204.47716657696856,71.63708270197196,81.31290342096327,121.63708270197196,71.63708270197196,50.0,0.9354219402603764,0.2302661957319692,0.018338819217894802,0.2302661957319692,0.2302661957319692,4.089543331539371,1.4327416540394393,1.6262580684192653,2.432741654039439,1.4327416540394393,0.010016801102202866,5.91834568977356,49.0,281.0,28.0,13.0,1.349337509780256e-22,1.349337509780256e-22,1.0,1.3220143518606309e-22,1.3220143518606309e-22,0.9797506867469542,0.9797506867469542,0.9797506867469542,0.0,3.409211395841787e-23,3.409211395841787e-23,0.0,3.409211395841787e-23,0.2526581652945369,0.25788005939902175,9.02483379520809e-23,9.02483379520809e-23,0.0,9.02483379520809e-23,0.6688344265088882,0.682657777694043,7.860983275564312e-24,7.860983275564312e-24,0.0,7.860983275564312e-24,0.05825809494352898,0.05946216290693515,10487,491,train_increment
50492,115.65748014535613,60.87739124946471,147.43082424588493,110.87739124946471,60.87739124946471,50.0,0.27406910011434205,0.09441150567505939,0.5106539407735289,0.09441150567505939,0.09441150567505939,2.313149602907123,1.2175478249892941,2.948616484917699,2.217547824989294,1.2175478249892941,0.038368940073500446,5.989042520523071,49.0,281.0,28.0,13.0,1.3458364309677483e-22,1.3458364309677483e-22,1.0,1.1847078651198242e-22,1.1847078651198242e-22,0.8802762637863342,0.8802762637863342,0.8802762637863342,0.0,5.898100465707155e-24,5.898100465707155e-24,0.0,5.898100465707155e-24,0.04382479423198567,0.049785273140822844,1.0868309117355092e-22,1.0868309117355092e-22,0.0,1.0868309117355092e-22,0.8075505215399791,0.9173830475292613,3.889594872724345e-24,3.889594872724345e-24,0.0,3.889594872724345e-24,0.028900948014369477,0.03283167932991601,10487,492,train_increment
50493,159.47356792793337,70.73770317938397,79.43352876339779,120.73770317938397,70.73770317938397,50.0,0.6003244075050884,0.2189103936790905,0.0043449647311823835,0.2189103936790905,0.2189103936790905,3.1894713585586674,1.4147540635876794,1.5886705752679557,2.4147540635876794,1.4147540635876794,0.009092814967449642,5.97550630569458,49.0,281.0,28.0,13.0,1.35126713653571e-22,1.35126713653571e-22,1.0,1.240182216259441e-22,1.240182216259441e-22,0.9177920358804394,0.9177920358804394,0.9177920358804394,0.0,2.5519796463582932e-23,2.5519796463582932e-23,0.0,2.5519796463582932e-23,0.1888582632817439,0.20577457190568435,9.157232065569592e-23,9.157232065569592e-23,0.0,9.157232065569592e-23,0.6776774050056678,0.7383779532969804,6.926104506665248e-24,6.926104506665248e-24,0.0,6.926104506665248e-24,0.05125636759302783,0.055847474797335234,10487,493,train_increment
50494,206.22076490470522,124.94193933815625,86.04679615816788,174.94193933815626,124.94193933815625,50.0,0.9484048019709994,0.9033073148757103,0.05358746208613466,0.9033073148757104,0.9033073148757103,4.124415298094105,2.498838786763125,1.7209359231633576,3.498838786763125,2.498838786763125,0.07722337563597322,5.980702877044678,49.0,281.0,28.0,13.0,1.333070732625903e-22,1.333070732625903e-22,1.0,1.0261386644102952e-22,1.0261386644102952e-22,0.7697556020819628,0.7697556020819628,0.7697556020819628,0.0,2.7474267799667666e-24,2.7474267799667666e-24,0.0,2.7474267799667666e-24,0.020609759952908452,0.02677442021489042,9.376808162678113e-23,9.376808162678113e-23,0.0,9.376808162678113e-23,0.7033991470360716,0.9137954243315457,6.098358034281619e-24,6.098358034281619e-24,0.0,6.098358034281619e-24,0.04574669509298266,0.05943015545356382,10487,494,train_increment
50495,125.41514075314277,65.09553928776779,185.88384417849863,115.09553928776779,65.09553928776779,50.0,0.3467248008424629,0.14767095060312865,0.7969757570997664,0.14767095060312865,0.14767095060312865,2.5083028150628555,1.3019107857553558,3.7176768835699727,2.3019107857553562,1.3019107857553558,0.042292073856187266,5.978127479553223,49.0,281.0,28.0,13.0,1.3471333051675925e-22,1.3471333051675925e-22,1.0,1.1998997828130062e-22,1.1998997828130062e-22,0.8907060483251363,0.8907060483251363,0.8907060483251363,0.0,3.2092971451079372e-24,3.2092971451079372e-24,0.0,3.2092971451079372e-24,0.023823159391851565,0.026746376581418863,1.1367869116878975e-22,1.1367869116878975e-22,0.0,1.1367869116878975e-22,0.8438562890006446,0.9474015480049934,3.101989967402955e-24,3.101989967402955e-24,0.0,3.101989967402955e-24,0.02302659993264027,0.025852075413587874,10487,495,train_increment
50496,83.95151654257737,132.2752999692844,182.8065079404751,182.2752999692844,132.2752999692844,50.0,0.037985975745177744,0.9959002521374293,0.7740618610608718,0.9959002521374293,0.9959002521374293,1.6790303308515473,2.6455059993856875,3.6561301588095017,3.645505999385688,2.6455059993856875,0.0673794085009946,6.053570508956909,49.0,281.0,28.0,13.0,1.3405103921191768e-22,1.3405103921191768e-22,1.0,4.533694168432209e-23,4.533694168432209e-23,0.3382065663262046,0.3382065663262046,0.3382065663262046,0.0,1.0250102221333277e-23,1.0250102221333277e-23,0.0,1.0250102221333277e-23,0.07646417574674051,0.22608720042706038,1.754289443519217e-23,1.754289443519217e-23,0.0,1.754289443519217e-23,0.1308672766606388,0.38694481329027663,1.7543945027796648e-23,1.7543945027796648e-23,0.0,1.7543945027796648e-23,0.13087511391882534,0.3869679862826631,10487,496,train_increment
50497,104.72969613879734,65.63472441073756,138.69667363808898,115.63472441073756,65.63472441073756,50.0,0.19270064139089604,0.15447884356991864,0.44561931227169754,0.15447884356991864,0.15447884356991864,2.094593922775947,1.3126944882147513,2.7739334727617795,2.3126944882147513,1.3126944882147513,0.0394277930833903,5.956993103027344,49.0,281.0,28.0,13.0,1.3486182521371035e-22,1.3486182521371035e-22,1.0,1.2120249428358079e-22,1.2120249428358079e-22,0.8987161051062141,0.8987161051062141,0.8987161051062141,0.0,1.7972501020997275e-23,1.7972501020997275e-23,0.0,1.7972501020997275e-23,0.13326603723861027,0.1482849105311853,1.0024621184715391e-22,1.0024621184715391e-22,0.0,1.0024621184715391e-22,0.7433253382734335,0.8270969375647098,2.9837814154295853e-24,2.9837814154295853e-24,0.0,2.9837814154295853e-24,0.02212472959417019,0.0246181519041048,10487,497,train_increment
50498,197.69541633266073,55.90135849996144,82.46063230341163,105.90135849996145,55.90135849996144,50.0,0.8849249168478088,0.0315828093429474,0.02688482727782304,0.03158280934294749,0.0315828093429474,3.9539083266532145,1.1180271699992288,1.6492126460682326,2.118027169999229,1.1180271699992288,0.01976729008980994,5.965209007263184,49.0,281.0,28.0,13.0,1.3459758643465304e-22,1.3459758643465304e-22,1.0,9.706206775565512e-23,9.706206775565512e-23,0.7211278472870584,0.7211278472870584,0.7211278472870584,0.0,4.737121411269485e-24,4.737121411269485e-24,0.0,4.737121411269485e-24,0.03519469803843289,0.04880507412220761,8.364338182862695e-23,8.364338182862695e-23,0.0,8.364338182862695e-23,0.62143299924056,0.8617514932732684,8.68156451575868e-24,8.68156451575868e-24,0.0,8.68156451575868e-24,0.06450015000806547,0.08944343260452399,10487,498,train_increment
50499,131.45451507361378,63.41955580777532,135.99764621340498,113.41955580777531,63.41955580777532,50.0,0.39169408096510633,0.1265095430274661,0.4255223098540951,0.12650954302746598,0.1265095430274661,2.6290903014722757,1.2683911161555064,2.7199529242680995,2.268391116155506,1.2683911161555064,0.016921901865469418,5.954513072967529,49.0,281.0,28.0,13.0,1.3521743951260034e-22,1.3521743951260034e-22,1.0,1.211223414891583e-22,1.211223414891583e-22,0.8957597623927158,0.8957597623927158,0.8957597623927158,0.0,1.7778240020002873e-23,1.7778240020002873e-23,0.0,1.7778240020002873e-23,0.13147889861016185,0.14677919697906605,9.71068577365138e-23,9.71068577365138e-23,0.0,9.71068577365138e-23,0.7181533542310925,0.8017254004720992,6.2372437326416404e-24,6.2372437326416404e-24,0.0,6.2372437326416404e-24,0.046127509551461505,0.051495402548834786,10487,499,train_increment
50500,144.53924143079382,73.34674868210878,153.79731188866913,123.34674868210878,73.34674868210878,50.0,0.48912316776465986,0.2518528874003634,0.5580589120526368,0.2518528874003634,0.2518528874003634,2.8907848286158764,1.4669349736421757,3.0759462377733824,2.4669349736421755,1.4669349736421757,0.0422856727243929,5.965420246124268,49.0,281.0,28.0,13.0,1.345137115549183e-22,1.345137115549183e-22,1.0,1.116234781599286e-22,1.116234781599286e-22,0.8298297390623688,0.8298297390623688,0.8298297390623688,0.0,4.0093384892352517e-23,4.0093384892352517e-23,0.0,4.0093384892352517e-23,0.2980616951899619,0.3591841568931287,5.471190098007327e-23,5.471190098007327e-23,0.0,5.471190098007327e-23,0.4067384681281051,0.49014689276824686,1.6818192287502817e-23,1.6818192287502817e-23,0.0,1.6818192287502817e-23,0.12502957574430176,0.15066895033862449,10487,500,train_increment
50501,133.73364490197798,72.73157075658122,122.24544504952334,122.73157075658122,72.73157075658122,50.0,0.40866451900206985,0.24408548935077296,0.3231231947097792,0.24408548935077296,0.24408548935077296,2.6746728980395598,1.4546314151316244,2.4449089009904665,2.4546314151316246,1.4546314151316244,0.05760270783637662,5.972166299819946,49.0,281.0,28.0,13.0,1.3441919449247765e-22,1.3441919449247765e-22,1.0,1.1750823067922317e-22,1.1750823067922317e-22,0.8741923437563759,0.8741923437563759,0.8741923437563759,0.0,3.10736512846175e-23,3.10736512846175e-23,0.0,3.10736512846175e-23,0.23116974775768676,0.2644380832304684,7.39376280636123e-23,7.39376280636123e-23,0.0,7.39376280636123e-23,0.5500526047844304,0.6292123337764232,1.2496951330993393e-23,1.2496951330993393e-23,0.0,1.2496951330993393e-23,0.09296999121425881,0.10634958299310858,10487,501,train_increment
50502,153.52038261752693,90.09776457907051,179.6017798006519,140.0977645790705,90.09776457907051,50.0,0.5559968921632683,0.46335561337210246,0.7501994028343404,0.46335561337210246,0.46335561337210246,3.070407652350539,1.8019552915814103,3.5920355960130386,2.8019552915814105,1.8019552915814103,0.025442226033445408,5.972914934158325,49.0,281.0,28.0,13.0,1.3488065323992513e-22,1.3488065323992513e-22,1.0,1.1487784088734816e-22,1.1487784088734816e-22,0.851699914909249,0.851699914909249,0.851699914909249,0.0,6.076258155204615e-23,6.076258155204615e-23,0.0,6.076258155204615e-23,0.4504914536850732,0.5289321341931499,2.3810924256093494e-24,2.3810924256093494e-24,0.0,2.3810924256093494e-24,0.01765332809720214,0.020727169027700505,5.173416690969265e-23,5.173416690969265e-23,0.0,5.173416690969265e-23,0.38355513312697365,0.4503406967791496,10487,502,train_increment
50503,178.60004647207663,103.78047981808052,100.17583976862532,153.78047981808052,103.78047981808052,50.0,0.7427404800601387,0.6361171694202087,0.15879255226079916,0.6361171694202087,0.6361171694202087,3.5720009294415327,2.0756095963616104,2.0035167953725064,3.0756095963616104,2.0756095963616104,0.03379229237598555,5.949059009552002,49.0,281.0,28.0,13.0,1.3468367941652456e-22,1.3468367941652456e-22,1.0,1.2298656020028254e-22,1.2298656020028254e-22,0.9131511756515996,0.9131511756515996,0.9131511756515996,0.0,1.9529480575337072e-23,1.9529480575337072e-23,0.0,1.9529480575337072e-23,0.1450025768522401,0.1587936156888483,9.12934181335052e-23,9.12934181335052e-23,0.0,9.12934181335052e-23,0.6778357892285519,0.742304020738808,1.2163661491440282e-23,1.2163661491440282e-23,0.0,1.2163661491440282e-23,0.0903128095708076,0.09890236357234372,10487,503,train_increment
50504,212.3826718471916,58.72155569812192,139.5678669152877,108.72155569812192,58.72155569812192,50.0,0.9942864620044051,0.06719135982477163,0.452106231684942,0.06719135982477163,0.06719135982477163,4.247653436943832,1.1744311139624384,2.7913573383057546,2.1744311139624384,1.1744311139624384,0.043679441288555436,6.035067081451416,49.0,281.0,28.0,13.0,1.3468560206235413e-22,1.3468560206235413e-22,1.0,7.442013158440977e-23,7.442013158440977e-23,0.5525470461939664,0.5525470461939664,0.5525470461939664,0.0,2.0032536903295255e-24,2.0032536903295255e-24,0.0,2.0032536903295255e-24,0.014873554854082309,0.0269181691523532,5.2933068138756933e-23,5.2933068138756933e-23,0.0,5.2933068138756933e-23,0.39301207648202074,0.7112735090869666,1.948380975532332e-23,1.948380975532332e-23,0.0,1.948380975532332e-23,0.14466141485786344,0.2618083217606803,10487,504,train_increment
50505,190.10139821441143,57.37935251322571,191.0693965950402,107.37935251322571,57.37935251322571,50.0,0.8283797335399213,0.05024434991446599,0.835587465339093,0.05024434991446599,0.05024434991446599,3.8020279642882286,1.1475870502645142,3.821387931900804,2.147587050264514,1.1475870502645142,0.025971146232060812,5.995962381362915,49.0,281.0,28.0,13.0,1.3486702805651807e-22,1.3486702805651807e-22,1.0,1.0349920134366392e-22,1.0349920134366392e-22,0.7674166387079503,0.7674166387079503,0.7674166387079503,0.0,5.1164127307453995e-24,5.1164127307453995e-24,0.0,5.1164127307453995e-24,0.03793672037172265,0.049434320886753584,9.139031505621149e-23,9.139031505621149e-23,0.0,9.139031505621149e-23,0.677632749628864,0.8830050267997192,6.992473556707025e-24,6.992473556707025e-24,0.0,6.992473556707025e-24,0.05184716870736355,0.0675606523135272,10487,505,train_increment
50506,80.91545633770434,57.186487048026564,187.65149119041982,107.18648704802656,57.186487048026564,50.0,0.015379421725274364,0.04780917989932523,0.8101376857067745,0.04780917989932523,0.04780917989932523,1.6183091267540868,1.1437297409605314,3.753029823808397,2.143729740960531,1.1437297409605314,0.0444342812484805,5.960719347000122,49.0,281.0,28.0,13.0,1.340429388336774e-22,1.340429388336774e-22,1.0,1.0481622346177239e-22,1.0481622346177239e-22,0.7819600523070448,0.7819600523070448,0.7819600523070448,0.0,1.1417514907809934e-23,1.1417514907809934e-23,0.0,1.1417514907809934e-23,0.08517804076182608,0.10892889030650894,8.846603473394992e-23,8.846603473394992e-23,0.0,8.846603473394992e-23,0.65998280479153,0.8440108965213237,4.93267382001255e-24,4.93267382001255e-24,0.0,4.93267382001255e-24,0.03679920675368875,0.04706021317216747,10487,506,train_increment
50507,156.6765171325776,53.90397369774046,203.04622635804353,103.90397369774047,53.90397369774046,50.0,0.57949752146372,0.006363304264399696,0.9247671359496912,0.006363304264399786,0.006363304264399696,3.133530342651552,1.0780794739548092,4.0609245271608705,2.0780794739548094,1.0780794739548092,0.06141253473407945,5.979326486587524,49.0,281.0,28.0,13.0,1.340642787111949e-22,1.340642787111949e-22,1.0,9.804091559155075e-23,9.804091559155075e-23,0.7312978261924139,0.7312978261924139,0.7312978261924139,0.0,1.2142856135580694e-23,1.2142856135580694e-23,0.0,1.2142856135580694e-23,0.09057488133538674,0.12385498505714869,7.874807527733648e-23,7.874807527733648e-23,0.0,7.874807527733648e-23,0.5873904371423042,0.8032164408318017,7.149984178633562e-24,7.149984178633562e-24,0.0,7.149984178633562e-24,0.053332507714722886,0.07292857411104955,10487,507,train_increment
50508,172.52816240740574,122.05732975675716,113.72773691007866,172.05732975675716,122.05732975675716,50.0,0.6975291318496333,0.8668854767267318,0.25970020037288655,0.8668854767267318,0.8668854767267318,3.4505632481481148,2.441146595135143,2.2745547382015734,3.441146595135143,2.441146595135143,0.009381486391517478,5.9774205684661865,49.0,281.0,28.0,13.0,1.3521821146812084e-22,1.3521821146812084e-22,1.0,1.170379020308e-22,1.170379020308e-22,0.8655483663041421,0.8655483663041421,0.8655483663041421,0.0,1.974458279622198e-24,1.974458279622198e-24,0.0,1.974458279622198e-24,0.014602014463766947,0.016870246692414177,1.0662158802537323e-22,1.0662158802537323e-22,0.0,1.0662158802537323e-22,0.788515000070907,0.911000506462551,8.441855725804576e-24,8.441855725804576e-24,0.0,8.441855725804576e-24,0.06243135176946809,0.07212924684503483,10487,508,train_increment
50509,112.55641089958371,69.96530610334199,108.24955006279698,119.96530610334199,69.96530610334199,50.0,0.2509784877109733,0.20915790534522707,0.21890953136855537,0.20915790534522707,0.20915790534522707,2.251128217991674,1.39930612206684,2.16499100125594,2.39930612206684,1.39930612206684,0.027921686667387032,5.971499919891357,49.0,281.0,28.0,13.0,1.348538149991515e-22,1.348538149991515e-22,1.0,1.2569405856385135e-22,1.2569405856385135e-22,0.9320764011358686,0.9320764011358686,0.9320764011358686,0.0,2.7593871323278493e-23,2.7593871323278493e-23,0.0,2.7593871323278493e-23,0.20462062065839304,0.21953202592516396,9.327985736736448e-23,9.327985736736448e-23,0.0,9.327985736736448e-23,0.6917109268873958,0.7421182706100561,4.8203298732083815e-24,4.8203298732083815e-24,0.0,4.8203298732083815e-24,0.03574485359007983,0.03834970346477993,10487,509,train_increment
50510,205.91058453133343,57.352527631796306,199.9159154528001,107.3525276317963,57.352527631796306,50.0,0.9460951938297351,0.04990565191661996,0.9014587896708869,0.04990565191661996,0.04990565191661996,4.118211690626668,1.147050552635926,3.998318309056002,2.147050552635926,1.147050552635926,0.06001774392790675,5.966874122619629,49.0,281.0,28.0,13.0,1.344923333107324e-22,1.344923333107324e-22,1.0,9.325201221897366e-23,9.325201221897366e-23,0.6933630335903482,0.6933630335903482,0.6933630335903482,0.0,1.0556782227912841e-23,1.0556782227912841e-23,0.0,1.0556782227912841e-23,0.07849356143983574,0.11320701802255469,7.541075937024349e-23,7.541075937024349e-23,0.0,7.541075937024349e-23,0.5607067519307121,0.8086770202144755,7.28447062081733e-24,7.28447062081733e-24,0.0,7.28447062081733e-24,0.054162720219800314,0.0781159617629697,10487,510,train_increment
50511,90.66865540444448,84.03465012461302,106.54258887497352,134.03465012461302,84.03465012461302,50.0,0.08800190174567747,0.3868011379370331,0.2061994704018877,0.3868011379370331,0.3868011379370331,1.8133731080888897,1.6806930024922604,2.1308517774994704,2.680693002492261,1.6806930024922604,0.08961566425010557,6.029361009597778,49.0,281.0,28.0,13.0,1.3324219593370988e-22,1.3324219593370988e-22,1.0,1.1488494994573973e-22,1.1488494994573973e-22,0.8622264826894389,0.8622264826894389,0.8622264826894389,0.0,9.311763437317449e-23,9.311763437317449e-23,0.0,9.311763437317449e-23,0.6988599498878117,0.810529441995266,8.052901046152253e-24,8.052901046152253e-24,0.0,8.052901046152253e-24,0.06043806910956871,0.07009535234994353,1.3714414526412985e-23,1.3714414526412985e-23,0.0,1.3714414526412985e-23,0.10292846369205838,0.11937520565479043,10487,511,train_increment
50512,209.05605598428252,101.11977624094871,193.22834342666286,151.1197762409487,101.11977624094871,50.0,0.9695164257951043,0.602522427284706,0.851663018813573,0.602522427284706,0.602522427284706,4.181121119685651,2.0223955248189744,3.8645668685332573,3.022395524818974,2.0223955248189744,0.07934323287236242,5.965805768966675,49.0,281.0,28.0,13.0,1.3392841775018638e-22,1.3392841775018638e-22,1.0,9.277651494452728e-23,9.277651494452728e-23,0.6927321064718408,0.6927321064718408,0.6927321064718408,0.0,4.885522599016252e-23,4.885522599016252e-23,0.0,4.885522599016252e-23,0.3647861059726029,0.5265904417661509,8.323099994697461e-24,8.323099994697461e-24,0.0,8.323099994697461e-24,0.06214588460398562,0.08971128091709404,3.55981889596673e-23,3.55981889596673e-23,0.0,3.55981889596673e-23,0.26580011589525226,0.38369827731675504,10487,512,train_increment
50513,184.35283176605645,130.18652881923703,142.27808480369492,180.18652881923703,130.18652881923703,50.0,0.7855758135968463,0.9695268790307706,0.47228655847874107,0.9695268790307706,0.9695268790307706,3.687056635321129,2.6037305763847405,2.8455616960738985,3.6037305763847405,2.6037305763847405,0.02045813388658675,6.012128114700317,49.0,281.0,28.0,13.0,1.3499835963758945e-22,1.3499835963758945e-22,1.0,1.0432546615259251e-22,1.0432546615259251e-22,0.7727906208094675,0.7727906208094675,0.7727906208094675,0.0,4.5576081799482766e-24,4.5576081799482766e-24,0.0,4.5576081799482766e-24,0.03376047081004115,0.043686439639599145,8.661861362131522e-23,8.661861362131522e-23,0.0,8.661861362131522e-23,0.6416271564621057,0.8302729603395377,1.3149244351329007e-23,1.3149244351329007e-23,0.0,1.3149244351329007e-23,0.0974029935373206,0.12604060002086312,10487,513,train_increment
50514,128.07828400494824,102.87391992053948,92.45039403551611,152.8739199205395,102.87391992053948,50.0,0.3665546091209847,0.6246707060674177,0.10126875677971792,0.6246707060674178,0.6246707060674177,2.561565680098965,2.05747839841079,1.8490078807103223,3.05747839841079,2.05747839841079,0.059545148710594575,5.9490461349487305,49.0,281.0,28.0,13.0,1.33756881669429e-22,1.33756881669429e-22,1.0,1.1930853936181297e-22,1.1930853936181297e-22,0.8919805685712373,0.8919805685712373,0.8919805685712373,0.0,1.2641426048450827e-23,1.2641426048450827e-23,0.0,1.2641426048450827e-23,0.09451047221400727,0.10595575233818479,1.3914307185910308e-23,1.3914307185910308e-23,0.0,1.3914307185910308e-23,0.10402685089727622,0.11662457071671982,9.275280612745184e-23,9.275280612745184e-23,0.0,9.275280612745184e-23,0.6934432454599537,0.7774196769450954,10487,514,train_increment
50515,109.93310820924725,66.25367967706083,172.63943553149872,116.25367967706083,66.25367967706083,50.0,0.23144533290578745,0.16229393531642458,0.6983576733544208,0.16229393531642458,0.16229393531642458,2.1986621641849453,1.3250735935412166,3.4527887106299744,2.325073593541217,1.3250735935412166,0.026948123259383026,5.955555438995361,49.0,281.0,28.0,13.0,1.3512918548008963e-22,1.3512918548008963e-22,1.0,1.2355117180166955e-22,1.2355117180166955e-22,0.9143189264607384,0.9143189264607384,0.9143189264607384,0.0,5.283307581059017e-24,5.283307581059017e-24,0.0,5.283307581059017e-24,0.039098197493667844,0.04276210014049922,1.159979602461765e-22,1.159979602461765e-22,0.0,1.159979602461765e-22,0.8584226999819222,0.9388657230413173,2.269903974434037e-24,2.269903974434037e-24,0.0,2.269903974434037e-24,0.01679802898514838,0.018372176818183473,10487,515,train_increment
50516,135.872689063444,119.35471555152803,182.87889382719567,169.35471555152805,119.35471555152803,50.0,0.4245918768685331,0.8327615599940409,0.7746008475591636,0.832761559994041,0.8327615599940409,2.71745378126888,2.3870943110305607,3.6575778765439133,3.3870943110305607,2.3870943110305607,0.05771969697474532,6.00436806678772,49.0,281.0,28.0,13.0,1.3421725825551277e-22,1.3421725825551277e-22,1.0,5.670445859895725e-23,5.670445859895725e-23,0.4224826176303464,0.4224826176303464,0.4224826176303464,0.0,1.2282367198616718e-23,1.2282367198616718e-23,0.0,1.2282367198616718e-23,0.09151108701113882,0.2166032002083621,1.64633294082266e-23,1.64633294082266e-23,0.0,1.64633294082266e-23,0.12266179194992158,0.2903357128345697,2.7958761992113934e-23,2.7958761992113934e-23,0.0,2.7958761992113934e-23,0.208309738669286,0.4930610869570682,10487,516,train_increment
50517,146.0134052808503,122.92050935514976,193.7639349184928,172.92050935514976,122.92050935514976,50.0,0.5000998159408063,0.8777842090296688,0.8556510418353893,0.8777842090296688,0.8777842090296688,2.920268105617006,2.458410187102995,3.8752786983698555,3.4584101871029955,2.458410187102995,0.07582125740286984,5.976168870925903,49.0,281.0,28.0,13.0,1.3418872233785142e-22,1.3418872233785142e-22,1.0,3.6609183760268896e-23,3.6609183760268896e-23,0.2728186327618258,0.2728186327618258,0.2728186327618258,0.0,7.104480896490388e-24,7.104480896490388e-24,0.0,7.104480896490388e-24,0.05294394918377119,0.19406280519700408,1.3209553479500622e-23,1.3209553479500622e-23,0.0,1.3209553479500622e-23,0.0984401166458869,0.3608262223490666,1.6295149384277886e-23,1.6295149384277886e-23,0.0,1.6295149384277886e-23,0.1214345669321677,0.44511097245392933,10487,517,train_increment
50518,163.1720655210575,70.37538320547564,155.82492696124515,120.37538320547564,70.37538320547564,50.0,0.6278634811694528,0.21433564653378334,0.573156567097879,0.21433564653378334,0.21433564653378334,3.26344131042115,1.4075076641095128,3.116498539224903,2.407507664109513,1.4075076641095128,0.019776259628080255,5.968077182769775,49.0,281.0,28.0,13.0,1.3487250501304083e-22,1.3487250501304083e-22,1.0,1.1109357648811807e-22,1.1109357648811807e-22,0.823693283352129,0.823693283352129,0.823693283352129,0.0,1.8854123688283775e-23,1.8854123688283775e-23,0.0,1.8854123688283775e-23,0.1397921962408926,0.16971389601720405,7.394813769825763e-23,7.394813769825763e-23,0.0,7.394813769825763e-23,0.5482817842755096,0.6656382847316712,1.8291315101576684e-23,1.8291315101576684e-23,0.0,1.8291315101576684e-23,0.13561930283572693,0.1646478192511249,10487,518,train_increment
50519,165.3506625376236,87.08276867205642,110.98545499326156,137.08276867205643,87.08276867205642,50.0,0.6440853502429159,0.42528748323303556,0.239281124298299,0.4252874832330357,0.42528748323303556,3.307013250752472,1.7416553734411284,2.219709099865231,2.7416553734411284,1.7416553734411284,0.03622662211383771,5.980315446853638,49.0,281.0,28.0,13.0,1.3494509475734968e-22,1.3494509475734968e-22,1.0,1.2059169148657437e-22,1.2059169148657437e-22,0.8936352351555664,0.8936352351555664,0.8936352351555664,0.0,4.899170256182028e-23,4.899170256182028e-23,0.0,4.899170256182028e-23,0.3630491545462566,0.4062610114999058,2.401325846640851e-23,2.401325846640851e-23,0.0,2.401325846640851e-23,0.17794836121748434,0.19912863125468255,4.7586730458345583e-23,4.7586730458345583e-23,0.0,4.7586730458345583e-23,0.35263771939182553,0.39461035724541166,10487,519,train_increment
50520,114.289487935613,113.71150910656658,163.75579365745665,163.71150910656658,113.71150910656658,50.0,0.26388300771119133,0.7615089533657396,0.6322099304352692,0.7615089533657396,0.7615089533657396,2.28578975871226,2.274230182131332,3.275115873149133,3.2742301821313315,2.274230182131332,0.025943831265412307,5.999767303466797,49.0,281.0,28.0,13.0,1.3493785334161333e-22,1.3493785334161333e-22,1.0,8.889265025262517e-23,8.889265025262517e-23,0.6587673366018464,0.6587673366018464,0.6587673366018464,0.0,1.8468478332838332e-23,1.8468478332838332e-23,0.0,1.8468478332838332e-23,0.13686654912230517,0.20776158974169995,1.42705944017572e-23,1.42705944017572e-23,0.0,1.42705944017572e-23,0.1057567913551231,0.16053739382503968,5.615357751802964e-23,5.615357751802964e-23,0.0,5.615357751802964e-23,0.41614399612441816,0.6317010164332604,10487,520,train_increment
50521,181.27837523075115,83.11274585887134,161.00110537478406,133.11274585887134,83.11274585887134,50.0,0.7626833598715648,0.37516093256150673,0.6116984763572901,0.37516093256150673,0.37516093256150673,3.625567504615023,1.6622549171774268,3.2200221074956814,2.662254917177427,1.6622549171774268,0.03396952682446659,5.972480297088623,49.0,281.0,28.0,13.0,1.3515974570071717e-22,1.3515974570071717e-22,1.0,1.084690807164491e-22,1.084690807164491e-22,0.8025250428972475,0.8025250428972475,0.8025250428972475,0.0,4.348103374629821e-23,4.348103374629821e-23,0.0,4.348103374629821e-23,0.32170106210896415,0.4008610883313627,2.2049204981853938e-23,2.2049204981853938e-23,0.0,2.2049204981853938e-23,0.16313440712353267,0.2032764068453124,4.293884198829695e-23,4.293884198829695e-23,0.0,4.293884198829695e-23,0.31768957366475065,0.3958625048233249,10487,521,train_increment
50522,152.60908151755658,119.54705007440391,150.94539433980808,169.5470500744039,119.54705007440391,50.0,0.5492113292446505,0.8351900261919687,0.5368234872658829,0.8351900261919685,0.8351900261919687,3.0521816303511313,2.3909410014880783,3.0189078867961614,3.3909410014880783,2.3909410014880783,0.041854115270066355,5.997934818267822,49.0,281.0,28.0,13.0,1.3458231116940873e-22,1.3458231116940873e-22,1.0,9.088993293036456e-23,9.088993293036456e-23,0.6753482841883631,0.6753482841883631,0.6753482841883631,0.0,4.660251106123074e-24,4.660251106123074e-24,0.0,4.660251106123074e-24,0.03462751579779954,0.05127356744441138,5.013576796244227e-23,5.013576796244227e-23,0.0,5.013576796244227e-23,0.3725286594263689,0.5516096925811779,3.609391386179921e-23,3.609391386179921e-23,0.0,3.609391386179921e-23,0.2681921089641946,0.3971167399744107,10487,522,train_increment
50523,208.16431202254904,78.07107944202347,141.20532552054826,128.07107944202346,78.07107944202347,50.0,0.9628764856481685,0.3115035283083772,0.46429877528330793,0.311503528308377,0.3115035283083772,4.163286240450981,1.5614215888404694,2.824106510410965,2.5614215888404694,1.5614215888404694,0.01864598514025407,5.976432800292969,49.0,281.0,28.0,13.0,1.349633767593621e-22,1.349633767593621e-22,1.0,1.3225121161402694e-22,1.3225121161402694e-22,0.9799044362221989,0.9799044362221989,0.9799044362221989,0.0,1.1857380384382369e-23,1.1857380384382369e-23,0.0,1.1857380384382369e-23,0.08785628123045498,0.0896580094781131,9.251916196411493e-23,9.251916196411493e-23,0.0,9.251916196411493e-23,0.6855130938897251,0.699571375074662,2.787466926552964e-23,2.787466926552964e-23,0.0,2.787466926552964e-23,0.20653506110201886,0.21077061544722495,10487,523,train_increment
50524,136.189961760991,107.27807206996292,169.21263071467104,157.27807206996292,107.27807206996292,50.0,0.426954294571787,0.680278687752057,0.6728416285530233,0.680278687752057,0.680278687752057,2.7237992352198197,2.1455614413992583,3.384252614293421,3.1455614413992583,2.1455614413992583,0.06429079578160345,5.97516131401062,49.0,281.0,28.0,13.0,1.3429488678883203e-22,1.3429488678883203e-22,1.0,9.736647452108929e-23,9.736647452108929e-23,0.7250199679917098,0.7250199679917098,0.7250199679917098,0.0,2.7699548458230764e-23,2.7699548458230764e-23,0.0,2.7699548458230764e-23,0.20625914448839805,0.2844875363360427,5.4878731141008364e-24,5.4878731141008364e-24,0.0,5.4878731141008364e-24,0.040864348936308185,0.05636306686766377,6.41790529487577e-23,6.41790529487577e-23,0.0,6.41790529487577e-23,0.4778964745670036,0.6591493967962936,10487,524,train_increment
50525,159.02057368188233,109.73825415930123,145.52117974293702,159.73825415930122,109.73825415930123,50.0,0.5969514049283866,0.7113415929204702,0.4964346965222414,0.71134159292047,0.7113415929204702,3.1804114736376463,2.1947650831860246,2.9104235948587407,3.1947650831860246,2.1947650831860246,0.036184600243080546,5.9953835010528564,49.0,281.0,28.0,13.0,1.346635460453726e-22,1.346635460453726e-22,1.0,9.510061031289286e-23,9.510061031289286e-23,0.7062090157706847,0.7062090157706847,0.7062090157706847,0.0,1.7164904059066827e-23,1.7164904059066827e-23,0.0,1.7164904059066827e-23,0.1274651125946394,0.18049204944733954,1.2297917009930561e-23,1.2297917009930561e-23,0.0,1.2297917009930561e-23,0.0913232821433871,0.12931480638735,6.563778924389547e-23,6.563778924389547e-23,0.0,6.563778924389547e-23,0.4874206210326582,0.6901931441653105,10487,525,train_increment
50526,150.74321262924914,68.6273579834273,131.5180858338881,118.6273579834273,68.6273579834273,50.0,0.5353180389370747,0.19226462100286992,0.3921674298874766,0.19226462100286992,0.19226462100286992,3.014864252584983,1.3725471596685461,2.630361716677762,2.372547159668546,1.3725471596685461,0.010999436459346982,5.97091007232666,49.0,281.0,28.0,13.0,1.3491468469633732e-22,1.3491468469633732e-22,1.0,1.1718618021929575e-22,1.1718618021929575e-22,0.8685947010368482,0.8685947010368482,0.8685947010368482,0.0,1.1066352646498623e-23,1.1066352646498623e-23,0.0,1.1066352646498623e-23,0.0820248193990632,0.09443393944396568,9.527815364441688e-23,9.527815364441688e-23,0.0,9.527815364441688e-23,0.7062104014760634,0.8130494010993328,1.0841673928380231e-23,1.0841673928380231e-23,0.0,1.0841673928380231e-23,0.08035948016172151,0.09251665945670147,10487,526,train_increment
50527,192.1638482900356,114.92573766805745,207.36105546814136,164.92573766805745,114.92573766805745,50.0,0.8437367705885003,0.7768401220714325,0.9568954241857137,0.7768401220714325,0.7768401220714325,3.8432769658007118,2.298514753361149,4.147221109362827,3.298514753361149,2.298514753361149,0.04249367508966667,5.98284912109375,49.0,281.0,28.0,13.0,1.3473544963758003e-22,1.3473544963758003e-22,1.0,9.464059387073406e-23,9.464059387073406e-23,0.7024179169276115,0.7024179169276115,0.7024179169276115,0.0,3.15133730198452e-23,3.15133730198452e-23,0.0,3.15133730198452e-23,0.2338907325771493,0.33297945132178797,5.232088664550903e-23,5.232088664550903e-23,0.0,5.232088664550903e-23,0.3883230937830027,0.5528376831296316,1.0806334205379838e-23,1.0806334205379838e-23,0.0,1.0806334205379838e-23,0.08020409056745943,0.11418286554858048,10487,527,train_increment
50528,177.0002214956368,69.09824461032203,208.10489444723603,119.09824461032203,69.09824461032203,50.0,0.7308281570784572,0.19821015922123766,0.9624340614090545,0.19821015922123766,0.19821015922123766,3.540004429912736,1.3819648922064405,4.162097888944721,2.3819648922064407,1.3819648922064405,0.021163388152612865,5.993696212768555,49.0,281.0,28.0,13.0,1.3505472045350293e-22,1.3505472045350293e-22,1.0,9.334859692241665e-23,9.334859692241665e-23,0.6911909232713935,0.6911909232713935,0.6911909232713935,0.0,5.304069368459572e-24,5.304069368459572e-24,0.0,5.304069368459572e-24,0.03927348374532139,0.05682002240342038,7.352988621129412e-23,7.352988621129412e-23,0.0,7.352988621129412e-23,0.5444451401949273,0.7876913915739501,1.451464134266295e-23,1.451464134266295e-23,0.0,1.451464134266295e-23,0.1074722993311448,0.15548858602262952,10487,528,train_increment
50529,186.05840472948367,121.60118967788135,105.41714644759539,171.60118967788134,121.60118967788135,50.0,0.7982755378219186,0.8611261322964817,0.19781940765149209,0.8611261322964816,0.8611261322964817,3.7211680945896735,2.432023793557627,2.108342928951908,3.4320237935576268,2.432023793557627,0.025429139963314036,5.943530797958374,49.0,281.0,28.0,13.0,1.3486394359204856e-22,1.3486394359204856e-22,1.0,1.2002243061403016e-22,1.2002243061403016e-22,0.8899519576343351,0.8899519576343351,0.8899519576343351,0.0,1.4820697081535458e-24,1.4820697081535458e-24,0.0,1.4820697081535458e-24,0.01098936949846784,0.012348272740114777,1.1449223432802884e-22,1.1449223432802884e-22,0.0,1.1449223432802884e-22,0.8489462140774829,0.9539236436247037,4.0481265778477705e-24,4.0481265778477705e-24,0.0,4.0481265778477705e-24,0.030016374058384303,0.03372808363518144,10487,529,train_increment
50530,122.88090765130855,95.51335142230744,121.77524130613386,145.51335142230744,95.51335142230744,50.0,0.3278548596523347,0.5317342351301444,0.31962204993398263,0.5317342351301444,0.5317342351301444,2.457618153026171,1.9102670284461487,2.4355048261226773,2.9102670284461487,1.9102670284461487,0.10617591102572278,5.994703531265259,49.0,281.0,28.0,13.0,1.338758462898466e-22,1.338758462898466e-22,1.0,1.2063728366605444e-22,1.2063728366605444e-22,0.9011131358592488,0.9011131358592488,0.9011131358592488,0.0,4.868098510444297e-23,4.868098510444297e-23,0.0,4.868098510444297e-23,0.3636278421653946,0.40353184044827,1.7763859821108246e-24,1.7763859821108246e-24,0.0,1.7763859821108246e-24,0.013268905716307313,0.014725016413898862,7.017991257950065e-23,7.017991257950065e-23,0.0,7.017991257950065e-23,0.5242163879775469,0.5817431431378312,10487,530,train_increment
50531,192.11123461293835,58.91106733776084,129.06208459350472,108.91106733776084,58.91106733776084,50.0,0.8433450082869571,0.0695841835575863,0.3738800044192459,0.0695841835575863,0.0695841835575863,3.8422246922587675,1.1782213467552167,2.5812416918700944,2.178221346755217,1.1782213467552167,0.03556567887050267,5.971597909927368,49.0,281.0,28.0,13.0,1.3486632969760054e-22,1.3486632969760054e-22,1.0,8.243239342550558e-23,8.243239342550558e-23,0.6112155169517611,0.6112155169517611,0.6112155169517611,0.0,2.68264400097139e-24,2.68264400097139e-24,0.0,2.68264400097139e-24,0.019891132256556972,0.032543565575294184,5.797339836193027e-23,5.797339836193027e-23,0.0,5.797339836193027e-23,0.4298582047270001,0.7032841817740136,2.1776351062603925e-23,2.1776351062603925e-23,0.0,2.1776351062603925e-23,0.16146617996820414,0.2641722526506923,10487,531,train_increment
50532,119.54288358295196,81.3243055517144,89.3204151796977,131.32430555171442,81.3243055517144,50.0,0.3029998777583914,0.3525796155519495,0.07796288294637163,0.35257961555194967,0.3525796155519495,2.390857671659039,1.626486111034288,1.7864083035939542,2.6264861110342883,1.626486111034288,0.04544977252494423,6.0023486614227295,49.0,281.0,28.0,13.0,1.3444203788919374e-22,1.3444203788919374e-22,1.0,1.1003077478743367e-22,1.1003077478743367e-22,0.8184253713717158,0.8184253713717158,0.8184253713717158,0.0,6.785311801160012e-23,6.785311801160012e-23,0.0,6.785311801160012e-23,0.5047016474677677,0.6166740000030378,1.726375459956622e-23,1.726375459956622e-23,0.0,1.726375459956622e-23,0.12841039060858997,0.15689932778277474,2.4913902176267322e-23,2.4913902176267322e-23,0.0,2.4913902176267322e-23,0.1853133332953581,0.22642667221418744,10487,532,train_increment
50533,180.40739453279528,100.26791709211514,149.06179843797995,150.26791709211514,100.26791709211514,50.0,0.7561980233268449,0.5917666299509488,0.5227982013252416,0.5917666299509488,0.5917666299509488,3.6081478906559057,2.005358341842303,2.9812359687595986,3.0053583418423027,2.005358341842303,0.015099224360567537,5.9548890590667725,49.0,281.0,28.0,13.0,1.3492588656517718e-22,1.3492588656517718e-22,1.0,1.0735358216968995e-22,1.0735358216968995e-22,0.7956485215891601,0.7956485215891601,0.7956485215891601,0.0,3.863959442176918e-23,3.863959442176918e-23,0.0,3.863959442176918e-23,0.2863764352817795,0.3599283194918728,1.0649515290615785e-23,1.0649515290615785e-23,0.0,1.0649515290615785e-23,0.0789286293514287,0.09920037203586256,5.806447245730498e-23,5.806447245730498e-23,0.0,5.806447245730498e-23,0.43034345695595194,0.5408713084722647,10487,533,train_increment
50534,118.52936378721989,97.09896874375204,92.02224839557144,147.09896874375204,97.09896874375204,50.0,0.29545319275666343,0.551754655855455,0.09808077733113509,0.551754655855455,0.551754655855455,2.370587275744398,1.9419793748750407,1.8404449679114288,2.9419793748750407,1.9419793748750407,0.09405597027891842,5.9523375034332275,49.0,281.0,28.0,13.0,1.3387895675338975e-22,1.3387895675338975e-22,1.0,1.152983835956625e-22,1.152983835956625e-22,0.8612136394821674,0.8612136394821674,0.8612136394821674,0.0,2.957055662757207e-23,2.957055662757207e-23,0.0,2.957055662757207e-23,0.22087531412455047,0.25646982815710967,8.01886147342449e-24,8.01886147342449e-24,0.0,8.01886147342449e-24,0.059896354646649545,0.06954877616971343,7.770896549466593e-23,7.770896549466593e-23,0.0,7.770896549466593e-23,0.5804419707109675,0.6739813956731769,10487,534,train_increment
50535,168.2714152367837,85.58069724088728,94.18795407422098,135.58069724088728,85.58069724088728,50.0,0.6658333226864013,0.4063219348596878,0.1142066572912955,0.4063219348596878,0.4063219348596878,3.365428304735674,1.7116139448177456,1.8837590814844196,2.7116139448177456,1.7116139448177456,0.035827563980180735,5.971555471420288,49.0,281.0,28.0,13.0,1.3467597865233503e-22,1.3467597865233503e-22,1.0,1.2628648440001673e-22,1.2628648440001673e-22,0.9377060828792957,0.9377060828792957,0.9377060828792957,0.0,4.3156227743806095e-23,4.3156227743806095e-23,0.0,4.3156227743806095e-23,0.32044487944812755,0.3417327511240813,5.346979838749174e-23,5.346979838749174e-23,0.0,5.346979838749174e-23,0.397025504641207,0.4234007989178346,2.966045826871888e-23,2.966045826871888e-23,0.0,2.966045826871888e-23,0.22023569878996105,0.23486644995808398,10487,535,train_increment
50536,149.5247534068778,125.96326170021172,124.80196457866055,175.96326170021172,125.96326170021172,50.0,0.5262453716074297,0.9162027992450975,0.34215908100268466,0.9162027992450975,0.9162027992450975,2.990495068137556,2.5192652340042345,2.496039291573211,3.5192652340042345,2.5192652340042345,0.027911528902730926,5.981523752212524,49.0,281.0,28.0,13.0,1.349482146801872e-22,1.349482146801872e-22,1.0,9.735403610477026e-23,9.735403610477026e-23,0.7214177403938903,0.7214177403938903,0.7214177403938903,0.0,7.558684692605186e-24,7.558684692605186e-24,0.0,7.558684692605186e-24,0.05601174280458959,0.0776412051830157,8.382962537173939e-23,8.382962537173939e-23,0.0,8.382962537173939e-23,0.6211984765445517,0.8610801228777387,5.965726040425679e-24,5.965726040425679e-24,0.0,5.965726040425679e-24,0.04420752104474898,0.0612786719392455,10487,536,train_increment
50537,138.50956107824453,68.01956271641595,127.66812964182822,118.01956271641595,68.01956271641595,50.0,0.4442260690859608,0.18459043833858516,0.36350059301435755,0.18459043833858516,0.18459043833858516,2.7701912215648905,1.360391254328319,2.553362592836564,2.360391254328319,1.360391254328319,0.020225931985091417,5.955090522766113,49.0,281.0,28.0,13.0,1.3479945823255848e-22,1.3479945823255848e-22,1.0,1.206020674719151e-22,1.206020674719151e-22,0.8946776867889945,0.8946776867889945,0.8946776867889945,0.0,1.6781098109191663e-23,1.6781098109191663e-23,0.0,1.6781098109191663e-23,0.1244893587052895,0.139144365108828,9.524632053737224e-23,9.524632053737224e-23,0.0,9.524632053737224e-23,0.7065779179397854,0.789756946410164,8.574648825351207e-24,8.574648825351207e-24,0.0,8.574648825351207e-24,0.06361041014391962,0.07109868848100806,10487,537,train_increment
50538,92.81097629619883,90.66084447554422,82.90622297507599,140.66084447554422,90.66084447554422,50.0,0.10395365819954457,0.4704652080245483,0.03020270271836185,0.4704652080245483,0.4704652080245483,1.8562195259239767,1.8132168895108847,1.6581244595015199,2.8132168895108847,1.8132168895108847,0.11365788805723066,5.965803146362305,49.0,281.0,28.0,13.0,1.3273408754835906e-22,1.3273408754835906e-22,1.0,1.1094618181696863e-22,1.1094618181696863e-22,0.835852973913333,0.835852973913333,0.835852973913333,0.0,6.34235503459835e-23,6.34235503459835e-23,0.0,6.34235503459835e-23,0.47782413332879825,0.5716605051863372,5.329627812661091e-24,5.329627812661091e-24,0.0,5.329627812661091e-24,0.040152668475001534,0.04803795610968878,4.219300365832404e-23,4.219300365832404e-23,0.0,4.219300365832404e-23,0.31787617210953323,0.38030153870397404,10487,538,train_increment
50539,155.0166769824657,72.02038080095812,104.32795017227284,122.02038080095812,72.02038080095812,50.0,0.5671383245157535,0.23510581819391566,0.1897092343430591,0.23510581819391566,0.23510581819391566,3.1003335396493137,1.4404076160191626,2.0865590034454566,2.4404076160191623,1.4404076160191626,0.011726153377881795,5.945152044296265,49.0,281.0,28.0,13.0,1.3490249889078377e-22,1.3490249889078377e-22,1.0,1.2220112786568724e-22,1.2220112786568724e-22,0.9058477705785163,0.9058477705785163,0.9058477705785163,0.0,1.4014465546666684e-23,1.4014465546666684e-23,0.0,1.4014465546666684e-23,0.10388588544985151,0.11468360228287054,9.144902709827893e-23,9.144902709827893e-23,0.0,9.144902709827893e-23,0.677889793370807,0.7483484702268188,1.6737635220741626e-23,1.6737635220741626e-23,0.0,1.6737635220741626e-23,0.12407209175785774,0.13696792749031061,10487,539,train_increment
50540,98.11383363092051,79.15165389956655,124.00234199327012,129.15165389956655,79.15165389956655,50.0,0.14343882078123987,0.32514714519654736,0.3362050781330612,0.32514714519654736,0.32514714519654736,1.9622766726184102,1.583033077991331,2.4800468398654023,2.583033077991331,1.583033077991331,0.06449868564978048,6.00276255607605,49.0,281.0,28.0,13.0,1.3487545651204846e-22,1.3487545651204846e-22,1.0,1.1680107202061803e-22,1.1680107202061803e-22,0.8659920421487817,0.8659920421487817,0.8659920421487817,0.0,8.639047935763668e-23,8.639047935763668e-23,0.0,8.639047935763668e-23,0.6405203851889791,0.7396377264618497,2.276244477607092e-23,2.276244477607092e-23,0.0,2.276244477607092e-23,0.16876639653143674,0.19488215632175734,7.64814788691044e-24,7.64814788691044e-24,0.0,7.64814788691044e-24,0.05670526042836584,0.06548011721639309,10487,540,train_increment
50541,209.3309703942334,97.72135136085501,182.7987063811729,147.721351360855,97.72135136085501,50.0,0.9715634429950364,0.5596130222330178,0.7740037705225086,0.5596130222330178,0.5596130222330178,4.186619407884668,1.9544270272171003,3.655974127623458,2.9544270272171005,1.9544270272171003,0.038549628843109536,5.967033863067627,49.0,281.0,28.0,13.0,1.3431796108440377e-22,1.3431796108440377e-22,1.0,9.949564679205034e-23,9.949564679205034e-23,0.7407471494413803,0.7407471494413803,0.7407471494413803,0.0,4.70577088017831e-23,4.70577088017831e-23,0.0,4.70577088017831e-23,0.35034561589430774,0.47296248950605335,9.538985032016407e-24,9.538985032016407e-24,0.0,9.538985032016407e-24,0.07101794097382275,0.09587339084244807,4.289895295825083e-23,4.289895295825083e-23,0.0,4.289895295825083e-23,0.3193835925732498,0.43116411965149853,10487,541,train_increment
50542,166.47456342870126,89.38389235459567,87.2896147360302,139.38389235459567,89.38389235459567,50.0,0.6524539346887659,0.4543420751842888,0.062841509575802,0.4543420751842888,0.4543420751842888,3.329491268574025,1.7876778470919135,1.745792294720604,2.7876778470919135,1.7876778470919135,0.011931823692767986,5.953260660171509,49.0,281.0,28.0,13.0,1.3444399761798292e-22,1.3444399761798292e-22,1.0,1.2910596757228652e-22,1.2910596757228652e-22,0.9602955123302404,0.9602955123302404,0.9602955123302404,0.0,4.727199215612308e-23,4.727199215612308e-23,0.0,4.727199215612308e-23,0.35161102759265234,0.36614877720238187,5.626620020348064e-23,5.626620020348064e-23,0.0,5.626620020348064e-23,0.4185103180534599,0.43581409334914867,2.5567775212682823e-23,2.5567775212682823e-23,0.0,2.5567775212682823e-23,0.19017416668412823,0.1980371294484696,10487,542,train_increment
50543,118.95938498429524,89.0155719803507,151.75311383260805,139.0155719803507,89.0155719803507,50.0,0.2986551376343652,0.44969156540846844,0.5428377798407152,0.44969156540846844,0.44969156540846844,2.3791876996859047,1.780311439607014,3.035062276652161,2.7803114396070137,1.780311439607014,0.03588983450341845,5.956603527069092,49.0,281.0,28.0,13.0,1.34490361961353e-22,1.34490361961353e-22,1.0,1.21574378364104e-22,1.21574378364104e-22,0.9039635003662158,0.9039635003662158,0.9039635003662158,0.0,7.82658176478075e-23,7.82658176478075e-23,0.0,7.82658176478075e-23,0.581943691030424,0.6437690136766204,4.407758507812052e-24,4.407758507812052e-24,0.0,4.407758507812052e-24,0.03277378723301125,0.03625565326446683,3.890080220848445e-23,3.890080220848445e-23,0.0,3.890080220848445e-23,0.28924602210278044,0.3199753330589127,10487,543,train_increment
50544,170.61635415626833,108.88695584355881,146.23193307892927,158.8869558435588,108.88695584355881,50.0,0.6832937762938818,0.7005928768126113,0.5017269775050579,0.7005928768126113,0.7005928768126113,3.412327083125367,2.177739116871176,2.9246386615785855,3.1777391168711766,2.177739116871176,0.027512338783821255,5.942728757858276,49.0,281.0,28.0,13.0,1.3502773439180297e-22,1.3502773439180297e-22,1.0,9.141367361505537e-23,9.141367361505537e-23,0.6769992403916447,0.6769992403916447,0.6769992403916447,0.0,2.0696461323587117e-23,2.0696461323587117e-23,0.0,2.0696461323587117e-23,0.15327563197893307,0.2264044371604656,1.590916463062652e-23,1.590916463062652e-23,0.0,1.590916463062652e-23,0.11782145869724603,0.174034846226838,5.480804766084174e-23,5.480804766084174e-23,0.0,5.480804766084174e-23,0.4059021497154657,0.5995607166126964,10487,544,train_increment
50545,184.72381120957775,62.28375209167853,191.20414579108677,112.28375209167854,62.28375209167853,50.0,0.7883381326104076,0.11216858701614299,0.8365908100602142,0.11216858701614309,0.11216858701614299,3.694476224191555,1.2456750418335707,3.824082915821736,2.245675041833571,1.2456750418335707,0.015644857608768353,5.969244003295898,49.0,281.0,28.0,13.0,1.3507592367180497e-22,1.3507592367180497e-22,1.0,1.1193530733776371e-22,1.1193530733776371e-22,0.8286843746464678,0.8286843746464678,0.8286843746464678,0.0,1.116740916602855e-24,1.116740916602855e-24,0.0,1.116740916602855e-24,0.008267505312909866,0.009976663692297731,9.712853818539665e-23,9.712853818539665e-23,0.0,9.712853818539665e-23,0.7190662521130754,0.8677202975135648,1.3690028235764214e-23,1.3690028235764214e-23,0.0,1.3690028235764214e-23,0.10135061722048248,0.12230303879413745,10487,545,train_increment
50546,194.27798222959416,125.06921035337747,137.0232426806118,175.06921035337746,125.06921035337747,50.0,0.8594786465345805,0.9049142721386045,0.4331589179494549,0.9049142721386043,0.9049142721386045,3.885559644591883,2.5013842070675496,2.740464853612236,3.501384207067549,2.5013842070675496,0.012400193406009766,5.987408399581909,49.0,281.0,28.0,13.0,1.347085939453002e-22,1.347085939453002e-22,1.0,1.1082358967610829e-22,1.1082358967610829e-22,0.8226913104082234,0.8226913104082234,0.8226913104082234,0.0,1.7825155710204844e-24,1.7825155710204844e-24,0.0,1.7825155710204844e-24,0.013232381979610693,0.01608426126811127,9.910599628536018e-23,9.910599628536018e-23,0.0,9.910599628536018e-23,0.7357065602332927,0.8942680576852472,9.935077819727631e-24,9.935077819727631e-24,0.0,9.935077819727631e-24,0.07375236819531997,0.08964768104664153,10487,546,train_increment
50547,107.59394624078118,94.39623516972779,114.18648807199952,144.3962351697278,94.39623516972779,50.0,0.21402789457022472,0.5176292319410074,0.26311606903946033,0.5176292319410074,0.5176292319410074,2.1518789248156236,1.8879247033945559,2.2837297614399907,2.887924703394556,1.8879247033945559,0.0667218036059356,5.9553961753845215,49.0,281.0,28.0,13.0,1.3324933461459749e-22,1.3324933461459749e-22,1.0,1.1515201622211962e-22,1.1515201622211962e-22,0.8641845496277976,0.8641845496277976,0.8641845496277976,0.0,5.0328944159187666e-23,5.0328944159187666e-23,0.0,5.0328944159187666e-23,0.37770503173435077,0.4370652447987267,1.0072894864348078e-24,1.0072894864348078e-24,0.0,1.0072894864348078e-24,0.007559433518735628,0.008747475897354865,6.381578257649714e-23,6.381578257649714e-23,0.0,6.381578257649714e-23,0.4789200843747111,0.5541872793039183,10487,547,train_increment
50548,201.38724950637567,83.92018602684345,152.88775667980718,133.92018602684345,83.92018602684345,50.0,0.9124143671360809,0.3853558841773163,0.5512863490678123,0.3853558841773163,0.3853558841773163,4.0277449901275135,1.678403720536869,3.0577551335961437,2.678403720536869,1.678403720536869,0.02891104274258903,5.952889919281006,49.0,281.0,28.0,13.0,1.3486733596984195e-22,1.3486733596984195e-22,1.0,1.199160589900207e-22,1.199160589900207e-22,0.889140859257689,0.889140859257689,0.889140859257689,0.0,3.0058170937639725e-23,3.0058170937639725e-23,0.0,3.0058170937639725e-23,0.22287213372673956,0.25066009666095795,4.382135393564273e-23,4.382135393564273e-23,0.0,4.382135393564273e-23,0.3249219213868193,0.365433573323899,4.603653411673825e-23,4.603653411673825e-23,0.0,4.603653411673825e-23,0.3413468041441302,0.383906330015143,10487,548,train_increment
50549,210.75415874980575,67.87414496899599,179.27224783340034,117.87414496899599,67.87414496899599,50.0,0.9821605268042126,0.18275435566914128,0.7477457024080443,0.18275435566914128,0.18275435566914128,4.215083174996114,1.35748289937992,3.585444956668007,2.35748289937992,1.35748289937992,0.04554060139189525,5.914174556732178,49.0,281.0,28.0,13.0,1.348507634458513e-22,1.348507634458513e-22,1.0,1.1853106778896283e-22,1.1853106778896283e-22,0.8789795827634186,0.8789795827634186,0.8789795827634186,0.0,1.4297849199384213e-24,1.4297849199384213e-24,0.0,1.4297849199384213e-24,0.01060272024720531,0.012062533027071554,8.761392170864063e-23,8.761392170864063e-23,0.0,8.761392170864063e-23,0.6497102387100804,0.7391641984077267,2.9487361160383776e-23,2.9487361160383776e-23,0.0,2.9487361160383776e-23,0.21866662380613283,0.24877326856520168,10487,549,train_increment
50550,141.16198682562697,120.14465275587898,128.72788811798168,170.14465275587898,120.14465275587898,50.0,0.4639760746509826,0.8427355145944316,0.37139157198795,0.8427355145944316,0.8427355145944316,2.8232397365125395,2.40289305511758,2.5745577623596336,3.4028930551175796,2.40289305511758,0.05178594106071899,6.020254373550415,49.0,281.0,28.0,13.0,1.3473267516710414e-22,1.3473267516710414e-22,1.0,1.0262024105156322e-22,1.0262024105156322e-22,0.7616581569711058,0.7616581569711058,0.7616581569711058,0.0,3.269592826520578e-24,3.269592826520578e-24,0.0,3.269592826520578e-24,0.024267259760599413,0.03186109088242852,6.180273212307838e-23,6.180273212307838e-23,0.0,6.180273212307838e-23,0.45870633865487087,0.6022469981533622,3.754791610196426e-23,3.754791610196426e-23,0.0,3.754791610196426e-23,0.27868455855563556,0.36589191096420925,10587,550,train_increment
50551,165.89080974695827,115.45977725023636,163.49697267317214,165.45977725023636,115.45977725023636,50.0,0.6481072952119007,0.7835830460888429,0.6302827451464791,0.7835830460888429,0.7835830460888429,3.3178161949391654,2.3091955450047275,3.2699394534634427,3.309195545004727,2.3091955450047275,0.04966784460014688,6.007233619689941,49.0,281.0,28.0,13.0,1.3479677779537366e-22,1.3479677779537366e-22,1.0,8.274314894645702e-23,8.274314894645702e-23,0.6138362526147627,0.6138362526147627,0.6138362526147627,0.0,1.0817792684279359e-23,1.0817792684279359e-23,0.0,1.0817792684279359e-23,0.08025260589463908,0.13073943670284457,3.99934640250733e-23,3.99934640250733e-23,0.0,3.99934640250733e-23,0.29669451064909586,0.48334471837605575,3.193189223710437e-23,3.193189223710437e-23,0.0,3.193189223710437e-23,0.2368891360710278,0.3859158449210998,10587,551,train_increment
50552,144.13804428667544,96.27315774839678,118.9284264017295,146.27315774839678,96.27315774839678,50.0,0.4861358472574493,0.5413277493484443,0.2984246195214408,0.5413277493484443,0.5413277493484443,2.882760885733509,1.925463154967936,2.37856852803459,2.9254631549679355,1.925463154967936,0.09332650489421813,5.954296350479126,49.0,281.0,28.0,13.0,1.3388541121068582e-22,1.3388541121068582e-22,1.0,1.172433470108119e-22,1.172433470108119e-22,0.8756991964293592,0.8756991964293592,0.8756991964293592,0.0,4.1295284505285696e-23,4.1295284505285696e-23,0.0,4.1295284505285696e-23,0.3084375222951086,0.3522185740865752,4.0305169944814e-24,4.0305169944814e-24,0.0,4.0305169944814e-24,0.030104228369877174,0.03437736210404941,7.19175455110448e-23,7.19175455110448e-23,0.0,7.19175455110448e-23,0.5371574457643734,0.6134040638093753,10587,552,train_increment
50553,179.7797168098141,110.69580108061521,94.25923044868729,160.6958010806152,110.69580108061521,50.0,0.7515243247193901,0.7234318318259497,0.11473738234316676,0.7234318318259497,0.7234318318259497,3.5955943361962817,2.213916021612304,1.8851846089737458,3.213916021612304,2.213916021612304,0.018476675292999376,5.988887786865234,49.0,281.0,28.0,13.0,1.3505450247654543e-22,1.3505450247654543e-22,1.0,1.3173299048280076e-22,1.3173299048280076e-22,0.97540613653868,0.97540613653868,0.97540613653868,0.0,4.0279143201632656e-24,4.0279143201632656e-24,0.0,4.0279143201632656e-24,0.02982436161921209,0.030576352251634003,1.2158831053469788e-22,1.2158831053469788e-22,0.0,1.2158831053469788e-22,0.90029068490933,0.9229905894421535,6.116765627939632e-24,6.116765627939632e-24,0.0,6.116765627939632e-24,0.045291090010138056,0.04643305830621256,10587,553,train_increment
50554,186.62631900266834,113.5717771517194,136.54309532123668,163.5717771517194,113.5717771517194,50.0,0.8025042368031894,0.7597446610065581,0.42958373284614054,0.7597446610065581,0.7597446610065581,3.7325263800533666,2.271435543034388,2.730861906424734,3.2714355430343884,2.271435543034388,0.025651916666060585,5.975669860839844,49.0,281.0,28.0,13.0,1.3510881619870613e-22,1.3510881619870613e-22,1.0,9.693613061324464e-23,9.693613061324464e-23,0.7174671005234738,0.7174671005234738,0.7174671005234738,0.0,9.07053723322328e-24,9.07053723322328e-24,0.0,9.07053723322328e-24,0.06713505075703671,0.09357230555666463,6.96068743314882e-23,6.96068743314882e-23,0.0,6.96068743314882e-23,0.5151912087595865,0.7180694534755612,1.8258719048533162e-23,1.8258719048533162e-23,0.0,1.8258719048533162e-23,0.13514084100685073,0.18835824096777415,10587,554,train_increment
50555,140.98310474070013,116.73761405371508,155.00063261633437,166.73761405371508,116.73761405371508,50.0,0.46264411571630776,0.7997173491630692,0.5670188579027131,0.7997173491630692,0.7997173491630692,2.8196620948140025,2.3347522810743015,3.1000126523266878,3.3347522810743015,2.3347522810743015,0.0415261392015462,5.956727743148804,49.0,281.0,28.0,13.0,1.3524511795602715e-22,1.3524511795602715e-22,1.0,7.853423591713181e-23,7.853423591713181e-23,0.5806807454792269,0.5806807454792269,0.5806807454792269,0.0,1.058085433994105e-23,1.058085433994105e-23,0.0,1.058085433994105e-23,0.07823464905684249,0.13472919442554726,1.66004209621911e-23,1.66004209621911e-23,0.0,1.66004209621911e-23,0.12274321774475046,0.21137814315412226,5.135296061499967e-23,5.135296061499967e-23,0.0,5.135296061499967e-23,0.37970287867763397,0.6538926624203305,10587,555,train_increment
50556,113.15598462531095,109.07022068771636,147.78012202648762,159.07022068771636,109.07022068771636,50.0,0.25544292349449704,0.7029068268651055,0.5132548177698258,0.7029068268651055,0.7029068268651055,2.263119692506219,2.181404413754327,2.955602440529752,3.1814044137543274,2.181404413754327,0.030549197050737224,5.961753845214844,49.0,281.0,28.0,13.0,1.3469786818181371e-22,1.3469786818181371e-22,1.0,1.0543073113916288e-22,1.0543073113916288e-22,0.7827201169721085,0.7827201169721085,0.7827201169721085,0.0,2.0109706004266122e-23,2.0109706004266122e-23,0.0,2.0109706004266122e-23,0.1492949092343634,0.19073856158431068,9.702659319685472e-24,9.702659319685472e-24,0.0,9.702659319685472e-24,0.07203276080501088,0.09202875873902919,7.561836581521128e-23,7.561836581521128e-23,0.0,7.561836581521128e-23,0.5613924469327343,0.71723267967666,10587,556,train_increment
50557,145.994113784951,107.12182181885214,136.63843502260414,157.12182181885214,107.12182181885214,50.0,0.4999561711463216,0.6783058310461129,0.43029363382430486,0.6783058310461129,0.6783058310461129,2.91988227569902,2.142436436377043,2.732768700452083,3.142436436377043,2.142436436377043,0.04839762186099567,5.953181505203247,49.0,281.0,28.0,13.0,1.345818225390113e-22,1.345818225390113e-22,1.0,1.065271533840233e-22,1.065271533840233e-22,0.7915419138654051,0.7915419138654051,0.7915419138654051,0.0,1.9444342026011032e-23,1.9444342026011032e-23,0.0,1.9444342026011032e-23,0.14447970505359065,0.1825294435111344,3.5916241974625365e-24,3.5916241974625365e-24,0.0,3.5916241974625365e-24,0.02668729052485101,0.03371557469967277,8.349118716054975e-23,8.349118716054975e-23,0.0,8.349118716054975e-23,0.6203749182869635,0.7837549817891929,10587,557,train_increment
50558,143.42152630697262,89.68365111569825,110.20759181791632,139.68365111569824,89.68365111569825,50.0,0.480800642643132,0.4581269080264931,0.23348914235231816,0.4581269080264929,0.4581269080264931,2.8684305261394525,1.7936730223139652,2.2041518363583266,2.793673022313965,1.7936730223139652,0.06409648770000537,5.962026596069336,49.0,281.0,28.0,13.0,1.341758547574123e-22,1.341758547574123e-22,1.0,1.175120093661223e-22,1.175120093661223e-22,0.8758059307956862,0.8758059307956862,0.8758059307956862,0.0,5.719431292221232e-23,5.719431292221232e-23,0.0,5.719431292221232e-23,0.42626382388708217,0.4867103645893485,4.9223280948079674e-24,4.9223280948079674e-24,0.0,4.9223280948079674e-24,0.03668564738199324,0.0418878727490046,5.5395368349102e-23,5.5395368349102e-23,0.0,5.5395368349102e-23,0.41285645952661076,0.4714017626616468,10587,558,train_increment
50559,173.4746814296537,68.67762373548413,185.89215022303495,118.67762373548413,68.67762373548413,50.0,0.7045769279944432,0.19289928958944608,0.797037604043447,0.19289928958944608,0.19289928958944608,3.4694936285930744,1.3735524747096828,3.717843004460699,2.3735524747096823,1.3735524747096828,0.034947189089358656,6.010948657989502,49.0,281.0,28.0,13.0,1.3490357260373228e-22,1.3490357260373228e-22,1.0,9.383155214239892e-23,9.383155214239892e-23,0.6955453464380895,0.6955453464380895,0.6955453464380895,0.0,1.297441374511629e-23,1.297441374511629e-23,0.0,1.297441374511629e-23,0.09617546440543516,0.13827346397751472,6.421354878230728e-23,6.421354878230728e-23,0.0,6.421354878230728e-23,0.4759959098409432,0.6843492121376901,1.6643589614975353e-23,1.6643589614975353e-23,0.0,1.6643589614975353e-23,0.12337397219171116,0.1773773238847953,10587,559,train_increment
50560,140.22525732950538,120.93100940769193,105.00901433200676,170.93100940769193,120.93100940769193,50.0,0.45700117147807434,0.8526642601981305,0.19478044923311064,0.8526642601981305,0.8526642601981305,2.804505146590108,2.4186201881538385,2.100180286640135,3.4186201881538385,2.4186201881538385,0.021575371962790326,5.98659086227417,49.0,281.0,28.0,13.0,1.3455313178493089e-22,1.3455313178493089e-22,1.0,1.0719299224033599e-22,1.0719299224033599e-22,0.7966592142327299,0.7966592142327299,0.7966592142327299,0.0,3.6832388352457256e-24,3.6832388352457256e-24,0.0,3.6832388352457256e-24,0.027373861807490275,0.034360817421605176,8.227609335330597e-23,8.227609335330597e-23,0.0,8.227609335330597e-23,0.6114766134527118,0.7675510463299301,2.1233660051784302e-23,2.1233660051784302e-23,0.0,2.1233660051784302e-23,0.15780873897252787,0.19808813624846477,10587,560,train_increment
50561,79.49773489618586,128.46218359363903,147.9566831629204,178.46218359363903,128.46218359363903,50.0,0.004823044647698188,0.9477548433540282,0.5145694948839941,0.9477548433540282,0.9477548433540282,1.5899546979237174,2.5692436718727807,2.959133663258408,3.5692436718727802,2.5692436718727807,0.06678299842178353,5.967717170715332,49.0,281.0,28.0,13.0,1.3422809316530948e-22,1.3422809316530948e-22,1.0,4.978490907365777e-23,4.978490907365777e-23,0.3708978344223727,0.3708978344223727,0.3708978344223727,0.0,3.820114365393692e-24,3.820114365393692e-24,0.0,3.820114365393692e-24,0.028459872112531655,0.07673237606483836,1.4371594031859774e-23,1.4371594031859774e-23,0.0,1.4371594031859774e-23,0.10706845111894978,0.2886737025189041,3.159320067640431e-23,3.159320067640431e-23,0.0,3.159320067640431e-23,0.23536951119089128,0.6345939214162576,10587,561,train_increment
50562,164.31753101287566,103.40131740393502,96.5254516801007,153.40131740393502,103.40131740393502,50.0,0.6363926359856713,0.6313297652011999,0.1316117027557759,0.6313297652011999,0.6313297652011999,3.2863506202575135,2.0680263480787007,1.9305090336020139,3.0680263480787007,2.0680263480787007,0.02327694325337537,5.974137783050537,49.0,281.0,28.0,13.0,1.3439311913302538e-22,1.3439311913302538e-22,1.0,1.1377188900887399e-22,1.1377188900887399e-22,0.8465603726055347,0.8465603726055347,0.8465603726055347,0.0,1.7803992592769472e-23,1.7803992592769472e-23,0.0,1.7803992592769472e-23,0.13247696539542828,0.15648850298495787,5.778689250360852e-23,5.778689250360852e-23,0.0,5.778689250360852e-23,0.4299840116547168,0.5079188981304622,3.8181003912495986e-23,3.8181003912495986e-23,0.0,3.8181003912495986e-23,0.2840993955553897,0.3355925988845798,10587,562,train_increment
50563,192.471237947536,92.86522897867343,155.12470702937165,142.86522897867343,92.86522897867343,50.0,0.8460255990136708,0.49829834569032105,0.5679427180146809,0.49829834569032105,0.49829834569032105,3.84942475895072,1.8573045795734686,3.102494140587433,2.857304579573469,1.8573045795734686,0.047983781243492334,5.9737114906311035,49.0,281.0,28.0,13.0,1.346278933964089e-22,1.346278933964089e-22,1.0,1.1303611130679972e-22,1.1303611130679972e-22,0.8396188074782346,0.8396188074782346,0.8396188074782346,0.0,4.779931668825645e-23,4.779931668825645e-23,0.0,4.779931668825645e-23,0.3550476463856744,0.4228676671167568,1.194352793940567e-23,1.194352793940567e-23,0.0,1.194352793940567e-23,0.08871510678874112,0.10566117147279468,5.32932666791376e-23,5.32932666791376e-23,0.0,5.32932666791376e-23,0.39585605430381904,0.47147116141044854,10587,563,train_increment
50564,98.4806998513244,125.09099471269171,166.62866702337755,175.09099471269172,125.09099471269171,50.0,0.1461705126680894,0.905189327180451,0.6536013925791329,0.9051893271804511,0.905189327180451,1.969613997026488,2.5018198942538343,3.332573340467551,3.5018198942538348,2.5018198942538343,0.04209550799928535,5.988340139389038,49.0,281.0,28.0,13.0,1.3482054682945416e-22,1.3482054682945416e-22,1.0,4.650047785843665e-23,4.650047785843665e-23,0.34490646234552813,0.34490646234552813,0.34490646234552813,0.0,3.532111781034309e-24,3.532111781034309e-24,0.0,3.532111781034309e-24,0.02619861633926151,0.0759586125499025,1.5191333208514052e-23,1.5191333208514052e-23,0.0,1.5191333208514052e-23,0.11267817529126956,0.3266919805590313,2.7777032868888287e-23,2.7777032868888287e-23,0.0,2.7777032868888287e-23,0.2060296707149971,0.5973494068910662,10587,564,train_increment
50565,186.5955273839603,125.46922671155325,152.03381123178679,175.46922671155323,125.46922671155325,50.0,0.8022749619058845,0.909964983731733,0.5449278572731704,0.9099649837317328,0.909964983731733,3.731910547679206,2.509384534231065,3.0406762246357357,3.509384534231065,2.509384534231065,0.027287864706324823,5.966636657714844,49.0,281.0,28.0,13.0,1.3497929086908468e-22,1.3497929086908468e-22,1.0,1.0964377530557283e-22,1.0964377530557283e-22,0.8123007210929523,0.8123007210929523,0.8123007210929523,0.0,2.2841123590169956e-24,2.2841123590169956e-24,0.0,2.2841123590169956e-24,0.016921946650559436,0.020832120680369364,9.942062100132588e-23,9.942062100132588e-23,0.0,9.942062100132588e-23,0.7365620337845242,0.9067602855177558,7.939041945229949e-24,7.939041945229949e-24,0.0,7.939041945229949e-24,0.05881674065786848,0.07240759380187481,10587,565,train_increment
50566,158.86353518252008,60.89463713415009,110.30466552809622,110.89463713415009,60.89463713415009,50.0,0.5957820936896506,0.09462925674431923,0.23421195478850504,0.09462925674431923,0.09462925674431923,3.1772707036504015,1.2178927426830017,2.2060933105619247,2.2178927426830017,1.2178927426830017,0.04151300184965799,6.028585910797119,49.0,281.0,28.0,13.0,1.3472319359772432e-22,1.3472319359772432e-22,1.0,1.0082676411231222e-22,1.0082676411231222e-22,0.7483994509020853,0.7483994509020853,0.7483994509020853,0.0,6.709197543248885e-24,6.709197543248885e-24,0.0,6.709197543248885e-24,0.049799870119484856,0.06654183145038181,8.514369288432067e-23,8.514369288432067e-23,0.0,8.514369288432067e-23,0.631989864629804,0.8444552756793625,8.973873684742654e-24,8.973873684742654e-24,0.0,8.973873684742654e-24,0.0666097161527964,0.08900289287025558,10587,566,train_increment
50567,152.97957655844317,73.30390251954407,157.9083567664389,123.30390251954407,73.30390251954407,50.0,0.5519700413882589,0.25131190049929375,0.5886698195565072,0.25131190049929375,0.25131190049929375,3.0595915311688633,1.4660780503908815,3.1581671353287786,2.4660780503908812,1.4660780503908815,0.023579400082207876,6.023244380950928,49.0,281.0,28.0,13.0,1.348483115700747e-22,1.348483115700747e-22,1.0,1.095103942014529e-22,1.095103942014529e-22,0.8121005960430226,0.8121005960430226,0.8121005960430226,0.0,3.601085744430856e-23,3.601085744430856e-23,0.0,3.601085744430856e-23,0.2670471511658143,0.3288350636202056,5.408849172596473e-23,5.408849172596473e-23,0.0,5.408849172596473e-23,0.4011061843948809,0.49391194434443125,1.941104503117961e-23,1.941104503117961e-23,0.0,1.941104503117961e-23,0.14394726048232756,0.17725299203536313,10587,567,train_increment
50568,134.65271797439163,84.35896425010748,195.8219873269656,134.35896425010748,84.35896425010748,50.0,0.41550795215481484,0.39089601325893275,0.8709753337823202,0.39089601325893275,0.39089601325893275,2.693054359487833,1.6871792850021496,3.916439746539312,2.68717928500215,1.6871792850021496,0.054745630588408235,5.976959705352783,49.0,281.0,28.0,13.0,1.342645085902252e-22,1.342645085902252e-22,1.0,8.858249794404649e-23,8.858249794404649e-23,0.6597610855926189,0.6597610855926189,0.6597610855926189,0.0,3.7670305896433065e-23,3.7670305896433065e-23,0.0,3.7670305896433065e-23,0.2805678603524533,0.4252567580587722,2.0848541993858362e-23,2.0848541993858362e-23,0.0,2.0848541993858362e-23,0.15527962089734404,0.23535735024121165,3.0063650053755064e-23,3.0063650053755064e-23,0.0,3.0063650053755064e-23,0.22391360434282165,0.33938589170001615,10587,568,train_increment
50569,85.56919807242664,99.44225118421842,143.3265409874814,149.44225118421843,99.44225118421842,50.0,0.050031258916058446,0.5813415553562932,0.48009338039822336,0.5813415553562934,0.5813415553562932,1.7113839614485329,1.9888450236843687,2.866530819749628,2.9888450236843687,1.9888450236843687,0.04456976568596741,6.006547927856445,49.0,281.0,28.0,13.0,1.3479204819375916e-22,1.3479204819375916e-22,1.0,1.1206224328694779e-22,1.1206224328694779e-22,0.8313713218888252,0.8313713218888252,0.8313713218888252,0.0,4.0280740714053724e-23,4.0280740714053724e-23,0.0,4.0280740714053724e-23,0.29883617953598773,0.3594497087739929,1.7019105303776104e-23,1.7019105303776104e-23,0.0,1.7019105303776104e-23,0.12626193853298895,0.15187189551610883,5.476239726911796e-23,5.476239726911796e-23,0.0,5.476239726911796e-23,0.4062732038198485,0.48867839570989824,10587,569,train_increment
50570,200.61766286614542,111.96688923706054,154.2047308705002,161.96688923706054,111.96688923706054,50.0,0.906684012406146,0.7394809247103604,0.5610925604653776,0.7394809247103604,0.7394809247103604,4.012353257322909,2.2393377847412106,3.0840946174100043,3.239337784741211,2.2393377847412106,0.011344682432699524,5.967196464538574,49.0,281.0,28.0,13.0,1.3485658598380177e-22,1.3485658598380177e-22,1.0,8.47282993068681e-23,8.47282993068681e-23,0.628284474864618,0.628284474864618,0.628284474864618,0.0,1.3465037754838477e-23,1.3465037754838477e-23,0.0,1.3465037754838477e-23,0.09984709057113327,0.1589201939020508,5.91784139032162e-23,5.91784139032162e-23,0.0,5.91784139032162e-23,0.43882479651623674,0.6984492122152058,1.208484764881343e-23,1.208484764881343e-23,0.0,1.208484764881343e-23,0.08961258777724801,0.14263059388274335,10587,570,train_increment
50571,86.83088448809752,119.04915315913712,101.85594336476821,169.04915315913712,119.04915315913712,50.0,0.0594257966351268,0.828903448979004,0.17130263115985267,0.828903448979004,0.828903448979004,1.7366176897619505,2.3809830631827427,2.037118867295364,3.3809830631827427,2.3809830631827427,0.0167522927274559,5.983341217041016,49.0,281.0,28.0,13.0,1.3443247813812643e-22,1.3443247813812643e-22,1.0,1.049245109284311e-22,1.049245109284311e-22,0.7804997154082324,0.7804997154082324,0.7804997154082324,0.0,1.0426104110966986e-23,1.0426104110966986e-23,0.0,1.0426104110966986e-23,0.07755643766571343,0.09936766937211289,1.555719046448131e-24,1.555719046448131e-24,0.0,1.555719046448131e-24,0.011572493998434394,0.014827031669552269,9.294268777101598e-23,9.294268777101598e-23,0.0,9.294268777101598e-23,0.6913707837440846,0.8858052989583348,10587,571,train_increment
50572,157.78048513019826,84.66158589331832,140.64539536385755,134.66158589331832,84.66158589331832,50.0,0.5877176852583638,0.394716993602504,0.46012952616424085,0.394716993602504,0.394716993602504,3.1556097026039653,1.6932317178663663,2.8129079072771512,2.6932317178663667,1.6932317178663663,0.06431542741748875,6.002652645111084,49.0,281.0,28.0,13.0,1.3439562060345806e-22,1.3439562060345806e-22,1.0,1.1736486516540668e-22,1.1736486516540668e-22,0.8732789404775205,0.8732789404775205,0.8732789404775205,0.0,5.760324097747958e-23,5.760324097747958e-23,0.0,5.760324097747958e-23,0.42860950914048923,0.4908048153618818,1.4873108172247758e-23,1.4873108172247758e-23,0.0,1.4873108172247758e-23,0.11066661328297081,0.1267253888230224,4.4888516015679346e-23,4.4888516015679346e-23,0.0,4.4888516015679346e-23,0.3340028180540605,0.3824697958150958,10587,572,train_increment
50573,195.58029620186997,77.63277173593389,172.58215501408614,127.63277173593389,77.63277173593389,50.0,0.8691756977056587,0.3059693401001753,0.697931161683441,0.3059693401001753,0.3059693401001753,3.9116059240373997,1.5526554347186776,3.4516431002817227,2.552655434718678,1.5526554347186776,0.032656337008785126,5.969849109649658,49.0,281.0,28.0,13.0,1.3452340249382827e-22,1.3452340249382827e-22,1.0,1.0540933080906465e-22,1.0540933080906465e-22,0.7835761574191574,0.7835761574191574,0.7835761574191574,0.0,1.8258423892509632e-23,1.8258423892509632e-23,0.0,1.8258423892509632e-23,0.13572674756979403,0.17321449393870456,4.6665024298785857e-23,4.6665024298785857e-23,0.0,4.6665024298785857e-23,0.34689149570779537,0.4427029745906793,4.048588261776915e-23,4.048588261776915e-23,0.0,4.048588261776915e-23,0.30095791414156786,0.38408253147061605,10587,573,train_increment
50574,154.938470984162,82.93723869005312,133.80105636426862,132.9372386900531,82.93723869005312,50.0,0.5665560013712733,0.37294493295521614,0.409166465854569,0.37294493295521597,0.37294493295521614,3.09876941968324,1.6587447738010626,2.6760211272853724,2.658744773801062,1.6587447738010626,0.013208702320178229,6.011960029602051,49.0,281.0,28.0,13.0,1.3452707028381524e-22,1.3452707028381524e-22,1.0,1.1499918180866202e-22,1.1499918180866202e-22,0.8548404537915325,0.8548404537915325,0.8548404537915325,0.0,5.60286328287431e-23,5.60286328287431e-23,0.0,5.60286328287431e-23,0.41648593632893394,0.487208969207839,1.8827774125447172e-23,1.8827774125447172e-23,0.0,1.8827774125447172e-23,0.13995528249983985,0.16372093983045208,4.014277485447174e-23,4.014277485447174e-23,0.0,4.014277485447174e-23,0.2983992349627587,0.3490700909617088,10587,574,train_increment
50575,92.1306254681781,123.417252611684,188.64732227916988,173.417252611684,123.417252611684,50.0,0.09888775478911467,0.8840562198444951,0.8175526603065516,0.8840562198444951,0.8840562198444951,1.842612509363562,2.46834505223368,3.772946445583398,3.4683450522336803,2.46834505223368,0.06820010892895337,5.932871341705322,49.0,281.0,28.0,13.0,1.3439574054825132e-22,1.3439574054825132e-22,1.0,5.467899023896342e-23,5.467899023896342e-23,0.40685061904422737,0.40685061904422737,0.40685061904422737,0.0,2.2825334724385228e-23,2.2825334724385228e-23,0.0,2.2825334724385228e-23,0.16983674208179522,0.41744250624658097,7.059601726210389e-24,7.059601726210389e-24,0.0,7.059601726210389e-24,0.052528463308521456,0.12910995055610633,2.4794053788367806e-23,2.4794053788367806e-23,0.0,2.4794053788367806e-23,0.18448541365391072,0.4534475431973127,10587,575,train_increment
50576,147.8368515592382,118.69220731532965,161.0986591536119,168.69220731532965,118.69220731532965,50.0,0.5136772267999866,0.8243965570117381,0.6124248633924936,0.8243965570117381,0.8243965570117381,2.956737031184764,2.373844146306593,3.221973183072238,3.373844146306593,2.373844146306593,0.08561468692815892,5.952923774719238,49.0,281.0,28.0,13.0,1.3394326685703006e-22,1.3394326685703006e-22,1.0,7.459612997145888e-23,7.459612997145888e-23,0.5569233282258389,0.5569233282258389,0.5569233282258389,0.0,1.1800297635871243e-23,1.1800297635871243e-23,0.0,1.1800297635871243e-23,0.08809922225106533,0.1581891398439321,1.8452034934020837e-23,1.8452034934020837e-23,0.0,1.8452034934020837e-23,0.13776007833015141,0.24735914505324533,4.4343797401566796e-23,4.4343797401566796e-23,0.0,4.4343797401566796e-23,0.3310640276446221,0.5944517151028226,10587,576,train_increment
50577,213.11655321045788,131.846410124704,211.67918094316147,181.846410124704,131.846410124704,50.0,0.9997509546571696,0.9904849763220201,0.9890482572089461,0.9904849763220201,0.9904849763220201,4.262331064209158,2.63692820249408,4.233583618863229,3.6369282024940803,2.63692820249408,0.13540988501758525,6.005178451538086,49.0,281.0,28.0,13.0,1.3160456327071195e-22,1.3160456327071195e-22,1.0,7.423200857397976e-23,7.423200857397976e-23,0.5640534547520496,0.5640534547520496,0.5640534547520496,0.0,1.982871093963231e-23,1.982871093963231e-23,0.0,1.982871093963231e-23,0.15066887079625382,0.26711807103900437,4.50682650292025e-23,4.50682650292025e-23,0.0,4.50682650292025e-23,0.3424521453446611,0.6071271126159462,9.335032605144956e-24,9.335032605144956e-24,0.0,9.335032605144956e-24,0.07093243861113462,0.12575481634504937,10587,577,train_increment
50578,183.65149271415873,130.63900100701858,138.1469789432645,180.63900100701858,130.63900100701858,50.0,0.7803536315276153,0.9752399117047801,0.44152627656935584,0.9752399117047801,0.9752399117047801,3.673029854283175,2.612780020140372,2.7629395788652897,3.6127800201403715,2.612780020140372,0.02577563433931643,5.988193035125732,49.0,281.0,28.0,13.0,1.3492809339062029e-22,1.3492809339062029e-22,1.0,1.0257435530097873e-22,1.0257435530097873e-22,0.7602149613425823,0.7602149613425823,0.7602149613425823,0.0,4.569998065586176e-24,4.569998065586176e-24,0.0,4.569998065586176e-24,0.03386987802722384,0.044553027432409034,8.24061776655797e-23,8.24061776655797e-23,0.0,8.24061776655797e-23,0.6107414371224509,0.8033799230205194,1.559817956981284e-23,1.559817956981284e-23,0.0,1.559817956981284e-23,0.11560364619290744,0.15206704954707143,10587,578,train_increment
50579,89.21277656701389,123.51116682066771,111.41978342670748,173.5111668206677,123.51116682066771,50.0,0.07716140407307442,0.885242005311461,0.24251514092857399,0.885242005311461,0.885242005311461,1.784255531340278,2.4702233364133543,2.2283956685341497,3.4702233364133543,2.4702233364133543,0.011144987427563351,6.013300180435181,49.0,281.0,28.0,13.0,1.3498796867249079e-22,1.3498796867249079e-22,1.0,8.868571748746889e-23,8.868571748746889e-23,0.6569897921987337,0.6569897921987337,0.6569897921987337,0.0,1.9625802844278746e-23,1.9625802844278746e-23,0.0,1.9625802844278746e-23,0.14538927459450163,0.2212960936697821,6.187645782682035e-25,6.187645782682035e-25,0.0,6.187645782682035e-25,0.004583849837532236,0.006977048794307084,6.844115006492193e-23,6.844115006492193e-23,0.0,6.844115006492193e-23,0.5070166677666997,0.7717268575359107,10587,579,train_increment
50580,192.9133710657054,68.07013986885713,198.61239836170253,118.07013986885713,68.07013986885713,50.0,0.8493177294542472,0.185229038748196,0.8917527800573531,0.185229038748196,0.185229038748196,3.858267421314108,1.3614027973771425,3.9722479672340505,2.3614027973771425,1.3614027973771425,0.060314558256499964,5.963901042938232,49.0,281.0,28.0,13.0,1.3462623101983918e-22,1.3462623101983918e-22,1.0,9.89708743596988e-23,9.89708743596988e-23,0.7351529758351028,0.7351529758351028,0.7351529758351028,0.0,3.73252531327582e-24,3.73252531327582e-24,0.0,3.73252531327582e-24,0.027725096996333326,0.03771337110461776,7.266927122686444e-23,7.266927122686444e-23,0.0,7.266927122686444e-23,0.5397853796869314,0.7342490575839103,2.2569077819558543e-23,2.2569077819558543e-23,0.0,2.2569077819558543e-23,0.16764249915183804,0.22803757131147193,10587,580,train_increment
50581,120.25594837245666,82.13098855914214,163.9160416016664,132.13098855914214,82.13098855914214,50.0,0.308309369861926,0.36276500705987547,0.6334031392529144,0.36276500705987547,0.36276500705987547,2.405118967449133,1.6426197711828427,3.278320832033328,2.6426197711828427,1.6426197711828427,0.07382382994357782,5.97966742515564,49.0,281.0,28.0,13.0,1.343771703492852e-22,1.343771703492852e-22,1.0,1.0298694935028109e-22,1.0298694935028109e-22,0.7664021282974494,0.7664021282974494,0.7664021282974494,0.0,6.896783212111769e-23,6.896783212111769e-23,0.0,6.896783212111769e-23,0.5132406936524285,0.6696754545718511,1.4747611063151547e-23,1.4747611063151547e-23,0.0,1.4747611063151547e-23,0.1097478911396797,0.14319883399003988,1.9271506166011858e-23,1.9271506166011858e-23,0.0,1.9271506166011858e-23,0.1434135435053412,0.1871257114381091,10587,581,train_increment
50582,100.68375369110808,85.38861474387146,123.83823707333309,135.38861474387147,85.38861474387146,50.0,0.1625744876478636,0.40389665080645776,0.3349831502109687,0.403896650806458,0.40389665080645776,2.0136750738221614,1.7077722948774292,2.476764741466662,2.7077722948774294,1.7077722948774292,0.08897793272070635,5.942014217376709,49.0,281.0,28.0,13.0,1.3405294347679877e-22,1.3405294347679877e-22,1.0,1.1431679847034829e-22,1.1431679847034829e-22,0.8527735050452934,0.8527735050452934,0.8527735050452934,0.0,8.600176574721914e-23,8.600176574721914e-23,0.0,8.600176574721914e-23,0.641550744927163,0.7523108318111834,8.560671383614048e-24,8.560671383614048e-24,0.0,8.560671383614048e-24,0.0638603760692184,0.07488550675108814,1.9754361339515116e-23,1.9754361339515116e-23,0.0,1.9754361339515116e-23,0.14736238404891203,0.1728036614377286,10587,582,train_increment
50583,85.18213299325419,90.00278200902596,136.2476645981837,140.00278200902596,90.00278200902596,50.0,0.047149165995935896,0.4621563384978026,0.4273839508427676,0.4621563384978026,0.4621563384978026,1.7036426598650838,1.8000556401805194,2.724953291963674,2.8000556401805192,1.8000556401805194,0.05538530571104822,5.979499101638794,49.0,281.0,28.0,13.0,1.3424108363094435e-22,1.3424108363094435e-22,1.0,1.1779273685591005e-22,1.1779273685591005e-22,0.8774715882042929,0.8774715882042929,0.8774715882042929,0.0,8.301552020398166e-23,8.301552020398166e-23,0.0,8.301552020398166e-23,0.618406213348277,0.7047592442438143,7.904762763873402e-24,7.904762763873402e-24,0.0,7.904762763873402e-24,0.0588848253460556,0.06710738688025308,2.687245388805498e-23,2.687245388805498e-23,0.0,2.687245388805498e-23,0.2001805495099603,0.22813336887593252,10587,583,train_increment
50584,195.01521149998624,101.4958407918003,186.4798468038204,151.4958407918003,101.4958407918003,50.0,0.8649680677586465,0.6072707170681857,0.801413602411172,0.6072707170681857,0.6072707170681857,3.900304229999725,2.0299168158360064,3.729596936076408,3.029916815836006,2.0299168158360064,0.04863912782546966,5.932394981384277,49.0,281.0,28.0,13.0,1.346401600272554e-22,1.346401600272554e-22,1.0,9.644661884312423e-23,9.644661884312423e-23,0.7163287597370681,0.7163287597370681,0.7163287597370681,0.0,4.822600774747703e-23,4.822600774747703e-23,0.0,4.822600774747703e-23,0.358184420886863,0.5000279774029125,5.3698617399193565e-24,5.3698617399193565e-24,0.0,5.3698617399193565e-24,0.039883061181985584,0.055677034657417426,4.285074935572784e-23,4.285074935572784e-23,0.0,4.285074935572784e-23,0.3182612776682195,0.4442949879396701,10587,584,train_increment
50585,180.67820737374547,122.96415784131415,92.29269507146178,172.96415784131415,122.96415784131415,50.0,0.7582145001768091,0.8783353262792191,0.1000945277100654,0.8783353262792191,0.8783353262792191,3.6135641474749094,2.459283156826283,1.8458539014292357,3.459283156826283,2.459283156826283,0.0213985474570849,5.986961841583252,49.0,281.0,28.0,13.0,1.3430738779781958e-22,1.3430738779781958e-22,1.0,1.1692007655133764e-22,1.1692007655133764e-22,0.8705409171336425,0.8705409171336425,0.8705409171336425,0.0,1.4648672599233467e-24,1.4648672599233467e-24,0.0,1.4648672599233467e-24,0.010906825632916733,0.01252879148843311,1.0873841447849765e-22,1.0873841447849765e-22,0.0,1.0873841447849765e-22,0.8096234783613516,0.9300234629144503,6.716794812916658e-24,6.716794812916658e-24,0.0,6.716794812916658e-24,0.050010613139374174,0.05744774559711673,10587,585,train_increment
50586,137.76901782240174,92.43957775353661,105.92946231682144,142.4395777535366,92.43957775353661,50.0,0.43871197187194144,0.49292396153455315,0.2016341200061165,0.49292396153455315,0.49292396153455315,2.755380356448035,1.8487915550707323,2.118589246336429,2.8487915550707323,1.8487915550707323,0.03764842573326415,5.953112840652466,49.0,281.0,28.0,13.0,1.3461222888184617e-22,1.3461222888184617e-22,1.0,1.181086186353436e-22,1.181086186353436e-22,0.8773988783664792,0.8773988783664792,0.8773988783664792,0.0,5.0954334075530813e-23,5.0954334075530813e-23,0.0,5.0954334075530813e-23,0.3785267839243283,0.4314192703654473,5.4023141233704e-24,5.4023141233704e-24,0.0,5.4023141233704e-24,0.04013241715291854,0.04574021934885094,6.175197043644238e-23,6.175197043644238e-23,0.0,6.175197043644238e-23,0.45873967728923226,0.5228405102857017,10587,586,train_increment
50587,176.25332194700047,105.54748015769405,184.9705545419107,155.54748015769405,105.54748015769405,50.0,0.7252667308041733,0.6584277797688644,0.7901753875049196,0.6584277797688644,0.6584277797688644,3.5250664389400095,2.110949603153881,3.699411090838214,3.1109496031538812,2.110949603153881,0.025220551392855457,5.982264995574951,49.0,281.0,28.0,13.0,1.3495762226698322e-22,1.3495762226698322e-22,1.0,8.683781810245552e-23,8.683781810245552e-23,0.643445080342824,0.643445080342824,0.643445080342824,0.0,3.7169000294232443e-23,3.7169000294232443e-23,0.0,3.7169000294232443e-23,0.27541238256778083,0.4280278006338049,1.0700009361487797e-23,1.0700009361487797e-23,0.0,1.0700009361487797e-23,0.07928421664335669,0.12321831196706717,3.896880844673528e-23,3.896880844673528e-23,0.0,3.896880844673528e-23,0.2887484811316865,0.44875388739912797,10587,587,train_increment
50588,104.24540247924821,60.750379276847205,154.28629448788544,110.75037927684721,60.750379276847205,50.0,0.18909458286856454,0.09280781915211112,0.5616998844965408,0.09280781915211121,0.09280781915211112,2.0849080495849646,1.215007585536944,3.085725889757709,2.215007585536944,1.215007585536944,0.038765994778280556,5.968103885650635,49.0,281.0,28.0,13.0,1.3520778136619591e-22,1.3520778136619591e-22,1.0,1.2456510700152196e-22,1.2456510700152196e-22,0.9212865246575609,0.9212865246575609,0.9212865246575609,0.0,2.5784035422809568e-24,2.5784035422809568e-24,0.0,2.5784035422809568e-24,0.01906993455722511,0.020699243988522832,1.1972539422525442e-22,1.1972539422525442e-22,0.0,1.1972539422525442e-22,0.8854918926669679,0.9611471230365627,2.2613092339865776e-24,2.2613092339865776e-24,0.0,2.2613092339865776e-24,0.016724697433367845,0.018153632974914465,10587,588,train_increment
50589,201.7118631969115,76.30107241413631,85.09045035880196,126.30107241413631,76.30107241413631,50.0,0.9148314459933843,0.2891549547239433,0.046466495597929744,0.2891549547239433,0.2891549547239433,4.0342372639382305,1.5260214482827261,1.7018090071760392,2.5260214482827266,1.5260214482827261,0.012249626019285718,5.96118426322937,49.0,281.0,28.0,13.0,1.3476315711473376e-22,1.3476315711473376e-22,1.0,1.3395740224320414e-22,1.3395740224320414e-22,0.9940209558103212,0.9940209558103212,0.9940209558103212,0.0,3.8555637705802205e-23,3.8555637705802205e-23,0.0,3.8555637705802205e-23,0.2860992464949227,0.2878201358055836,9.122344367601069e-23,9.122344367601069e-23,0.0,9.122344367601069e-23,0.6769167896411441,0.6809884496744083,4.178320861391257e-24,4.178320861391257e-24,0.0,4.178320861391257e-24,0.031004919674254488,0.031191414520008207,10587,589,train_increment
50590,126.44769203222262,117.45717579853708,175.49707096659534,167.4571757985371,117.45717579853708,50.0,0.3544131945809577,0.8088027247290036,0.7196356736157509,0.8088027247290037,0.8088027247290036,2.5289538406444523,2.349143515970742,3.509941419331907,3.349143515970742,2.349143515970742,0.02110427363953397,5.980686187744141,49.0,281.0,28.0,13.0,1.353702017320968e-22,1.353702017320968e-22,1.0,6.657262541640204e-23,6.657262541640204e-23,0.4917819768648347,0.4917819768648347,0.4917819768648347,0.0,1.5025535537495632e-23,1.5025535537495632e-23,0.0,1.5025535537495632e-23,0.1109958864302484,0.22570141170658517,1.6325686698604353e-23,1.6325686698604353e-23,0.0,1.6325686698604353e-23,0.12060029821713318,0.24523122824869187,3.5221403180302047e-23,3.5221403180302047e-23,0.0,3.5221403180302047e-23,0.2601857922174531,0.5290673600447229,10587,590,train_increment
50591,110.74512513640519,81.92429316234258,202.14051169652612,131.92429316234256,81.92429316234258,50.0,0.23749162424724643,0.3601552166962447,0.9180231697433069,0.3601552166962445,0.3601552166962447,2.2149025027281035,1.6384858632468515,4.042810233930522,2.6384858632468515,1.6384858632468515,0.10198831656332778,5.965808391571045,49.0,281.0,28.0,13.0,1.334329398964877e-22,1.334329398964877e-22,1.0,8.723372194924209e-23,8.723372194924209e-23,0.6537645203419392,0.6537645203419392,0.6537645203419392,0.0,1.6870330438888746e-23,1.6870330438888746e-23,0.0,1.6870330438888746e-23,0.12643302659730138,0.1933923035945312,5.450833846899296e-23,5.450833846899296e-23,0.0,5.450833846899296e-23,0.4085073634087542,0.6248539813618091,1.5855053041360385e-23,1.5855053041360385e-23,0.0,1.5855053041360385e-23,0.11882413033588365,0.18175371504365964,10587,591,train_increment
50592,156.7970858351193,120.76189092981461,201.9067536699053,170.76189092981463,120.76189092981461,50.0,0.5803952779979099,0.8505289258814976,0.9162826036478429,0.8505289258814979,0.8505289258814976,3.135941716702386,2.4152378185962924,4.038135073398107,3.415237818596293,2.4152378185962924,0.04709673182601937,5.9300315380096436,49.0,281.0,28.0,13.0,1.3461428352051275e-22,1.3461428352051275e-22,1.0,5.194028776710519e-23,5.194028776710519e-23,0.38584529374396176,0.38584529374396176,0.38584529374396176,0.0,1.8283383577721226e-23,1.8283383577721226e-23,0.0,1.8283383577721226e-23,0.13582053181551995,0.35200774511881805,1.646729905370024e-23,1.646729905370024e-23,0.0,1.646729905370024e-23,0.12232950785784129,0.31704289216759607,1.7189605135683723e-23,1.7189605135683723e-23,0.0,1.7189605135683723e-23,0.12769525407060048,0.3309493627135859,10587,592,train_increment
50593,102.34780227539115,58.80878531355,153.92408593830646,108.80878531355,58.80878531355,50.0,0.17496502066560796,0.06829274385795445,0.5590028737029521,0.06829274385795453,0.06829274385795445,2.046956045507823,1.1761757062709999,3.0784817187661293,2.176175706271,1.1761757062709999,0.04293701243383148,6.014910936355591,49.0,281.0,28.0,13.0,1.3518405925003263e-22,1.3518405925003263e-22,1.0,1.2256938414583899e-22,1.2256938414583899e-22,0.9066851877789681,0.9066851877789681,0.9066851877789681,0.0,3.863825574203507e-24,3.863825574203507e-24,0.0,3.863825574203507e-24,0.028581961480066847,0.03152357826654444,1.1530407065407742e-22,1.1530407065407742e-22,0.0,1.1530407065407742e-22,0.85294132528462,0.9407248919263806,3.4014879175580595e-24,3.4014879175580595e-24,0.0,3.4014879175580595e-24,0.025161901014281302,0.027751529807074862,10587,593,train_increment
50594,198.4481172352825,67.16586583969848,138.62998488168523,117.16586583969848,67.16586583969848,50.0,0.8905295400989016,0.1738114373699303,0.445122746699071,0.1738114373699303,0.1738114373699303,3.9689623447056497,1.3433173167939698,2.7725996976337046,2.3433173167939696,1.3433173167939698,0.008429557703127163,5.946966171264648,49.0,281.0,28.0,13.0,1.3508410708033923e-22,1.3508410708033923e-22,1.0,1.165422456741453e-22,1.165422456741453e-22,0.862738394568012,0.862738394568012,0.862738394568012,0.0,3.564019978712196e-24,3.564019978712196e-24,0.0,3.564019978712196e-24,0.02638371053222826,0.030581356641069667,8.84085982838115e-23,8.84085982838115e-23,0.0,8.84085982838115e-23,0.6544707604369167,0.7585970029357758,2.4569627411621586e-23,2.4569627411621586e-23,0.0,2.4569627411621586e-23,0.18188392359886696,0.21082164042315443,10587,594,train_increment
50595,115.1185364013464,111.5170187548575,180.380259542607,161.5170187548575,111.5170187548575,50.0,0.2700561161678809,0.7338007418542615,0.7559959757453983,0.7338007418542615,0.7338007418542615,2.3023707280269283,2.23034037509715,3.6076051908521403,3.23034037509715,2.23034037509715,0.04477385268722228,6.163682222366333,49.0,281.0,28.0,13.0,1.348872985095316e-22,1.348872985095316e-22,1.0,9.585513194753687e-23,9.585513194753687e-23,0.7106312677821435,0.7106312677821435,0.7106312677821435,0.0,2.4853824964488573e-23,2.4853824964488573e-23,0.0,2.4853824964488573e-23,0.18425622900834002,0.2592852824832737,1.4291526021490182e-23,1.4291526021490182e-23,0.0,1.4291526021490182e-23,0.10595160685555798,0.14909505345329008,5.670978096155811e-23,5.670978096155811e-23,0.0,5.670978096155811e-23,0.4204234319182455,0.5916196640634361,10587,595,train_increment
50596,197.05502864865437,99.32844664171733,130.78346815301694,149.32844664171733,99.32844664171733,50.0,0.8801565796623557,0.5799046293146128,0.38669745460176425,0.5799046293146128,0.5799046293146128,3.9411005729730877,1.9865689328343465,2.615669363060339,2.9865689328343468,1.9865689328343465,0.07644387045979435,5.976818323135376,49.0,281.0,28.0,13.0,1.337713405804362e-22,1.337713405804362e-22,1.0,1.0699954585869746e-22,1.0699954585869746e-22,0.7998689808626015,0.7998689808626015,0.7998689808626015,0.0,4.0812451700166565e-23,4.0812451700166565e-23,0.0,4.0812451700166565e-23,0.30509114675146876,0.3814264011369084,4.689560890194471e-23,4.689560890194471e-23,0.0,4.689560890194471e-23,0.3505654402390216,0.43827857890046173,1.9291485256586182e-23,1.9291485256586182e-23,0.0,1.9291485256586182e-23,0.14421239387211107,0.1802950199626298,10587,596,train_increment
50597,117.74280940778218,121.28988708040823,209.66699443133228,171.28988708040822,121.28988708040823,50.0,0.2895964959626372,0.8571955439445484,0.9740654834797638,0.8571955439445483,0.8571955439445484,2.3548561881556433,2.425797741608165,4.193339888626646,3.4257977416081644,2.425797741608165,0.019542342904007002,6.046561241149902,49.0,281.0,28.0,13.0,1.3501795015870282e-22,1.3501795015870282e-22,1.0,7.253210812136347e-23,7.253210812136347e-23,0.537203446179621,0.537203446179621,0.537203446179621,0.0,4.413790463379144e-23,4.413790463379144e-23,0.0,4.413790463379144e-23,0.32690397522633735,0.6085291848947535,3.106153161105436e-24,3.106153161105436e-24,0.0,3.106153161105436e-24,0.02300548302988159,0.04282452615203329,2.5288050326466602e-23,2.5288050326466602e-23,0.0,2.5288050326466602e-23,0.18729398792340216,0.34864628895321337,10587,597,train_increment
50598,138.91066224495512,68.83025558356692,143.63922556936438,118.83025558356692,68.83025558356692,50.0,0.4472126749438207,0.1948264593884712,0.482421634917084,0.1948264593884712,0.1948264593884712,2.7782132448991024,1.3766051116713385,2.872784511387288,2.3766051116713385,1.3766051116713385,0.008003678208082569,6.034381866455078,49.0,281.0,28.0,13.0,1.3516111708430366e-22,1.3516111708430366e-22,1.0,1.1700341394722744e-22,1.1700341394722744e-22,0.8656588260827204,0.8656588260827204,0.8656588260827204,0.0,2.5766338111046534e-23,2.5766338111046534e-23,0.0,2.5766338111046534e-23,0.1906342494563386,0.22021868629122257,8.066999878419157e-23,8.066999878419157e-23,0.0,8.066999878419157e-23,0.5968432380880331,0.6894670511116583,1.0567077051989327e-23,1.0567077051989327e-23,0.0,1.0567077051989327e-23,0.07818133853834867,0.09031426259711911,10587,598,train_increment
50599,105.4119221116212,73.70708693648682,186.11664800613718,123.70708693648682,73.70708693648682,50.0,0.1977805071602472,0.2564026128344295,0.7987092182139776,0.2564026128344295,0.2564026128344295,2.108238442232424,1.4741417387297364,3.7223329601227437,2.4741417387297364,1.4741417387297364,0.022152668625339295,5.97482967376709,49.0,281.0,28.0,13.0,1.3444609539538832e-22,1.3444609539538832e-22,1.0,1.1180781592344883e-22,1.1180781592344883e-22,0.8316181707965317,0.8316181707965317,0.8316181707965317,0.0,1.1910513218015678e-23,1.1910513218015678e-23,0.0,1.1910513218015678e-23,0.08858950632213172,0.10652666023071607,9.563320414896455e-23,9.563320414896455e-23,0.0,9.563320414896455e-23,0.7113126183971341,0.8553355895480642,4.264098556468611e-24,4.264098556468611e-24,0.0,4.264098556468611e-24,0.031716046077265816,0.038137750221219784,10587,599,train_increment
50600,126.58085670542874,132.43088573675107,198.45261928193253,182.43088573675107,132.43088573675107,50.0,0.35540474091905244,0.9978647188983721,0.8905630624120069,0.9978647188983721,0.9978647188983721,2.531617134108575,2.648617714735021,3.9690523856386504,3.6486177147350216,2.648617714735021,0.06760114843474978,5.936037540435791,49.0,281.0,28.0,13.0,1.3394282650142623e-22,1.3394282650142623e-22,1.0,3.608586396662871e-23,3.608586396662871e-23,0.26941244192905295,0.26941244192905295,0.26941244192905295,0.0,6.50167360416877e-24,6.50167360416877e-24,0.0,6.50167360416877e-24,0.04854066301265891,0.1801723137398443,1.8329281686688488e-23,1.8329281686688488e-23,0.0,1.8329281686688488e-23,0.13684407120147876,0.5079352320243445,1.1254908675771448e-23,1.1254908675771448e-23,0.0,1.1254908675771448e-23,0.08402770771491526,0.3118924542358111,10587,600,train_increment
50601,117.33669120249813,108.88653988193036,199.1109821115612,158.88653988193036,108.88653988193036,50.0,0.28657253315337405,0.700587624771848,0.895465242826219,0.700587624771848,0.700587624771848,2.3467338240499624,2.177730797638607,3.9822196422312244,3.177730797638607,2.177730797638607,0.05987807349328623,5.9828104972839355,49.0,281.0,28.0,13.0,1.3469152642281384e-22,1.3469152642281384e-22,1.0,1.0743056649796463e-22,1.0743056649796463e-22,0.7976044919167848,0.7976044919167848,0.7976044919167848,0.0,4.1803737155846767e-23,4.1803737155846767e-23,0.0,4.1803737155846767e-23,0.3103664964388296,0.3891233055783875,7.744791211033136e-24,7.744791211033136e-24,0.0,7.744791211033136e-24,0.0575002111619201,0.07209113256588727,5.788203813108473e-23,5.788203813108473e-23,0.0,5.788203813108473e-23,0.42973778431603515,0.5387855618557252,10587,601,train_increment
50602,166.92203965603372,124.5675938684209,163.4113402427597,174.5675938684209,124.5675938684209,50.0,0.6557858500076971,0.8985807306618802,0.6296451246668631,0.8985807306618799,0.8985807306618802,3.3384407931206743,2.4913518773684182,3.2682268048551943,3.491351877368418,2.4913518773684182,0.018538189885675474,5.982174873352051,49.0,281.0,28.0,13.0,1.3490221317513342e-22,1.3490221317513342e-22,1.0,1.0720359737395957e-22,1.0720359737395957e-22,0.7946763425948037,0.7946763425948037,0.7946763425948037,0.0,8.197399907566624e-24,8.197399907566624e-24,0.0,8.197399907566624e-24,0.060765496092525594,0.07646571671444512,9.058828708366647e-23,9.058828708366647e-23,0.0,9.058828708366647e-23,0.6715107554689447,0.8450116348956676,8.417910382726475e-24,8.417910382726475e-24,0.0,8.417910382726475e-24,0.06240009103333341,0.07852264838988733,10587,602,train_increment
50603,99.7721861585786,68.86678033572832,139.29887127942212,118.86678033572832,68.86678033572832,50.0,0.15578694086804623,0.19528763050162018,0.45010328577380576,0.19528763050162018,0.19528763050162018,1.9954437231715723,1.3773356067145663,2.7859774255884426,2.3773356067145666,1.3773356067145663,0.03025048595056941,5.977775812149048,49.0,281.0,28.0,13.0,1.347146544714688e-22,1.347146544714688e-22,1.0,1.202067707920402e-22,1.202067707920402e-22,0.8923065665250159,0.8923065665250159,0.8923065665250159,0.0,3.215812384188452e-23,3.215812384188452e-23,0.0,3.215812384188452e-23,0.23871288515753336,0.26752339847410617,8.548931332117468e-23,8.548931332117468e-23,0.0,8.548931332117468e-23,0.6345954985860908,0.711185507753741,2.559333628981029e-24,2.559333628981029e-24,0.0,2.559333628981029e-24,0.01899818278139198,0.021291093772152988,10587,603,train_increment
50604,198.8205538771647,88.86695437565106,104.71977673654608,138.86695437565106,88.86695437565106,50.0,0.8933027094353292,0.4478150805006447,0.19262678135924113,0.4478150805006447,0.4478150805006447,3.9764110775432946,1.7773390875130213,2.0943955347309218,2.7773390875130213,1.7773390875130213,0.0060867596380914475,5.990493535995483,49.0,281.0,28.0,13.0,1.353116030476297e-22,1.353116030476297e-22,1.0,1.2964554264568863e-22,1.2964554264568863e-22,0.9581258349297168,0.9581258349297168,0.9581258349297168,0.0,3.907547065305156e-23,3.907547065305156e-23,0.0,3.907547065305156e-23,0.2887813740503613,0.3014023456235733,7.365409637310607e-23,7.365409637310607e-23,0.0,7.365409637310607e-23,0.5443294936590163,0.568119002551419,1.6915975619531006e-23,1.6915975619531006e-23,0.0,1.6915975619531006e-23,0.12501496722033942,0.13047865182500779,10587,604,train_increment
50605,207.41725692814708,98.68358412353405,202.1932914762734,148.68358412353405,98.68358412353405,50.0,0.9573139011775658,0.5717624258021976,0.9184161688479032,0.5717624258021976,0.5717624258021976,4.148345138562942,1.9736716824706808,4.043865829525468,2.973671682470681,1.9736716824706808,0.03467186159998067,5.966213226318359,49.0,281.0,28.0,13.0,1.345159176300519e-22,1.345159176300519e-22,1.0,9.772620805476727e-23,9.772620805476727e-23,0.7265029282522211,0.7265029282522211,0.7265029282522211,0.0,5.478537420402239e-23,5.478537420402239e-23,0.0,5.478537420402239e-23,0.40727800225616506,0.5606006341033904,4.381330824273098e-24,4.381330824273098e-24,0.0,4.381330824273098e-24,0.03257109568491896,0.044832710809957266,3.855950302647179e-23,3.855950302647179e-23,0.0,3.855950302647179e-23,0.28665383031113706,0.3945666550866524,10587,605,train_increment
50606,187.44889285185673,102.7779506290622,184.39404764071907,152.77795062906222,102.7779506290622,50.0,0.8086291351590225,0.6234589725891693,0.785882707674751,0.6234589725891695,0.6234589725891693,3.7489778570371346,2.055559012581244,3.6878809528143814,3.0555590125812446,2.055559012581244,0.0513138817977436,5.964832782745361,49.0,281.0,28.0,13.0,1.3485800404097497e-22,1.3485800404097497e-22,1.0,9.377298354143206e-23,9.377298354143206e-23,0.6953460731403104,0.6953460731403104,0.6953460731403104,0.0,4.3751706467196607e-23,4.3751706467196607e-23,0.0,4.3751706467196607e-23,0.32442795500594224,0.46657048560117137,6.4545923120036844e-24,6.4545923120036844e-24,0.0,6.4545923120036844e-24,0.047862137348870556,0.0688321099344336,4.356668476223177e-23,4.356668476223177e-23,0.0,4.356668476223177e-23,0.32305598078549763,0.464597404464395,10587,606,train_increment
50607,173.79646321514355,54.494191138901286,189.26541014956734,104.49419113890129,54.494191138901286,50.0,0.7069729204403838,0.013815544683096974,0.8221549527145744,0.013815544683096974,0.013815544683096974,3.475929264302871,1.0898838227780256,3.785308202991347,2.0898838227780256,1.0898838227780256,0.02148344358363526,5.994065999984741,49.0,281.0,28.0,13.0,1.3478475192050525e-22,1.3478475192050525e-22,1.0,1.0669076102459127e-22,1.0669076102459127e-22,0.7915640271201928,0.7915640271201928,0.7915640271201928,0.0,3.87173014905038e-24,3.87173014905038e-24,0.0,3.87173014905038e-24,0.02872528304487951,0.03628927295923947,9.889187424888471e-23,9.889187424888471e-23,0.0,9.889187424888471e-23,0.7337022388646023,0.9269019482023473,3.927156626656182e-24,3.927156626656182e-24,0.0,3.927156626656182e-24,0.029136505210710935,0.03680877883841326,10587,607,train_increment
50608,97.14888073564796,105.9269144838326,148.78078700310715,155.9269144838326,105.9269144838326,50.0,0.13625376571591935,0.6632186172201087,0.5207057855778641,0.6632186172201087,0.6632186172201087,1.9429776147129592,2.1185382896766525,2.9756157400621435,3.118538289676652,2.1185382896766525,0.025192147857902955,6.033507347106934,49.0,281.0,28.0,13.0,1.3468332972712766e-22,1.3468332972712766e-22,1.0,1.122377084778129e-22,1.122377084778129e-22,0.833345215812601,0.833345215812601,0.833345215812601,0.0,2.710773335241997e-23,2.710773335241997e-23,0.0,2.710773335241997e-23,0.2012701453649908,0.2415207305999001,1.3416048468690182e-23,1.3416048468690182e-23,0.0,1.3416048468690182e-23,0.09961179676706454,0.11953245171022232,7.171392665670275e-23,7.171392665670275e-23,0.0,7.171392665670275e-23,0.5324632736805457,0.6389468176898776,10587,608,train_increment
50609,177.84569019221078,73.45873359469145,178.39028988188682,123.45873359469145,73.45873359469145,50.0,0.7371235308429693,0.25326683831681124,0.7411786290535132,0.25326683831681124,0.25326683831681124,3.556913803844216,1.4691746718938292,3.567805797637736,2.469174671893829,1.4691746718938292,0.034819823215821534,5.955370664596558,49.0,281.0,28.0,13.0,1.3507126298244093e-22,1.3507126298244093e-22,1.0,9.729449485172434e-23,9.729449485172434e-23,0.7203197238510496,0.7203197238510496,0.7203197238510496,0.0,2.1608991884619014e-23,2.1608991884619014e-23,0.0,2.1608991884619014e-23,0.15998215614100056,0.22209881368468856,4.8397336509270084e-23,4.8397336509270084e-23,0.0,4.8397336509270084e-23,0.3583096466312133,0.49743139715178186,2.728816645783524e-23,2.728816645783524e-23,0.0,2.728816645783524e-23,0.20202792107883571,0.28046978916352955,10587,609,train_increment
50610,174.78011165979518,88.46149592434247,211.40624541032898,138.46149592434247,88.46149592434247,50.0,0.7142971828726372,0.44269565561038476,0.987015974760454,0.44269565561038476,0.44269565561038476,3.495602233195904,1.7692299184868494,4.2281249082065795,2.7692299184868494,1.7692299184868494,0.11318438767814178,5.970451354980469,49.0,281.0,28.0,13.0,1.3286468063314182e-22,1.3286468063314182e-22,1.0,8.527018610906066e-23,8.527018610906066e-23,0.641782193000589,0.641782193000589,0.641782193000589,0.0,3.746061068808537e-23,3.746061068808537e-23,0.0,3.746061068808537e-23,0.28194558937389397,0.43931662867691185,2.0252723900694233e-24,2.0252723900694233e-24,0.0,2.0252723900694233e-24,0.015243120898784884,0.02375123689162702,4.5784303030905863e-23,4.5784303030905863e-23,0.0,4.5784303030905863e-23,0.34459348272791024,0.5369321344314611,10587,610,train_increment
50611,211.53708166427165,79.30871877504696,121.64232317189803,129.30871877504694,79.30871877504696,50.0,0.9879901836505707,0.32713028756372414,0.31863233932909923,0.327130287563724,0.32713028756372414,4.230741633285433,1.5861743755009392,2.4328464634379605,2.586174375500939,1.5861743755009392,0.023944525269769864,5.942863702774048,49.0,281.0,28.0,13.0,1.3483205221815085e-22,1.3483205221815085e-22,1.0,1.3367286363533814e-22,1.3367286363533814e-22,0.9914027223961761,0.9914027223961761,0.9914027223961761,0.0,2.0773796043159137e-23,2.0773796043159137e-23,0.0,2.0773796043159137e-23,0.15407164469727327,0.1554077280773337,1.0082756164398296e-22,1.0082756164398296e-22,0.0,1.0082756164398296e-22,0.7478011347097907,0.7542859403314818,1.207150594819603e-23,1.207150594819603e-23,0.0,1.207150594819603e-23,0.08952994298911209,0.09030633159118447,10587,611,train_increment
50612,96.74024093809868,124.23964135642366,86.38331395277542,174.23964135642365,124.23964135642366,50.0,0.1332110270893424,0.8944399161164605,0.05609317909735986,0.8944399161164602,0.8944399161164605,1.9348048187619735,2.484792827128473,1.7276662790555086,3.484792827128473,2.484792827128473,0.034541473589199095,5.9634788036346436,49.0,281.0,28.0,13.0,1.3462179048516078e-22,1.3462179048516078e-22,1.0,8.959397466176718e-23,8.959397466176718e-23,0.6655235704329978,0.6655235704329978,0.6655235704329978,0.0,2.1447807089184308e-23,2.1447807089184308e-23,0.0,2.1447807089184308e-23,0.15931898552150425,0.23938894518469023,1.1926202385716579e-23,1.1926202385716579e-23,0.0,1.1926202385716579e-23,0.08859043058880718,0.13311388886071931,5.62199651868663e-23,5.62199651868663e-23,0.0,5.62199651868663e-23,0.41761415432268645,0.6274971659545905,10587,612,train_increment
50613,82.60733134580634,85.66041612938423,135.9126539708529,135.66041612938423,85.66041612938423,50.0,0.027977150750605726,0.4073284864821241,0.4248894562237743,0.4073284864821241,0.4073284864821241,1.652146626916127,1.7132083225876846,2.718253079417058,2.7132083225876844,1.7132083225876846,0.05246962637250653,5.982963800430298,49.0,281.0,28.0,13.0,1.3412440792587911e-22,1.3412440792587911e-22,1.0,1.1730447907816029e-22,1.1730447907816029e-22,0.8745945715039877,0.8745945715039877,0.8745945715039877,0.0,9.63074846379851e-23,9.63074846379851e-23,0.0,9.63074846379851e-23,0.7180459256245687,0.821004324769348,6.3802767909480775e-24,6.3802767909480775e-24,0.0,6.3802767909480775e-24,0.047569841236309474,0.05439073461719123,1.4616717649227105e-23,1.4616717649227105e-23,0.0,1.4616717649227105e-23,0.10897880464310948,0.1246049406134607,10587,613,train_increment
50614,167.60325051049688,81.47242572603753,153.01336977377179,131.47242572603753,81.47242572603753,50.0,0.6608581571891056,0.3544498197732011,0.5522216662231704,0.3544498197732011,0.3544498197732011,3.3520650102099374,1.6294485145207507,3.060267395475436,2.6294485145207505,1.6294485145207507,0.01757849745621514,5.979198455810547,49.0,281.0,28.0,13.0,1.346290526479493e-22,1.346290526479493e-22,1.0,1.1082623368117764e-22,1.1082623368117764e-22,0.8231970106109617,0.8231970106109617,0.8231970106109617,0.0,4.842459308998915e-23,4.842459308998915e-23,0.0,4.842459308998915e-23,0.3596890280184763,0.4369416110385552,2.36400182627619e-23,2.36400182627619e-23,0.0,2.36400182627619e-23,0.17559373551101037,0.21330706167250038,3.8761622328426584e-23,3.8761622328426584e-23,0.0,3.8761622328426584e-23,0.28791424708147506,0.3497513272889443,10587,614,train_increment
50615,188.4581612190754,110.4676470923913,106.02866635805887,160.4676470923913,110.4676470923913,50.0,0.8161441639543962,0.7205510996514054,0.2023727949222552,0.7205510996514054,0.7205510996514054,3.7691632243815083,2.209352941847826,2.1205733271611775,3.2093529418478264,2.209352941847826,0.02697857981298415,5.975228309631348,49.0,281.0,28.0,13.0,1.3481551128324143e-22,1.3481551128324143e-22,1.0,1.2816010533196172e-22,1.2816010533196172e-22,0.9506332328681601,0.9506332328681601,0.9506332328681601,0.0,8.943447643430188e-24,8.943447643430188e-24,0.0,8.943447643430188e-24,0.06633841728078603,0.06978339804157285,1.1387903490314286e-22,1.1387903490314286e-22,0.0,1.1387903490314286e-22,0.844702763199763,0.8885685183245763,5.3376227853886774e-24,5.3376227853886774e-24,0.0,5.3376227853886774e-24,0.039592052387611154,0.04164808363385086,10587,615,train_increment
50616,210.99999859987489,85.76948432166101,171.01195671301392,135.76948432166103,85.76948432166101,50.0,0.9839910543549879,0.4087056101219825,0.6862394394118683,0.40870561012198264,0.4087056101219825,4.219999971997497,1.7153896864332203,3.4202391342602785,2.7153896864332205,1.7153896864332203,0.017171088156886,5.975057363510132,49.0,281.0,28.0,13.0,1.3490054648034249e-22,1.3490054648034249e-22,1.0,1.1109214128132065e-22,1.1109214128132065e-22,0.8235114251187177,0.8235114251187177,0.8235114251187177,0.0,3.189609026935811e-23,3.189609026935811e-23,0.0,3.189609026935811e-23,0.23644152007943098,0.28711383092875187,2.6460733634243558e-23,2.6460733634243558e-23,0.0,2.6460733634243558e-23,0.19614993656159413,0.23818726805559146,5.273531737771898e-23,5.273531737771898e-23,0.0,5.273531737771898e-23,0.3909199684776925,0.4746989010156567,10587,616,train_increment
50617,131.0254416108832,82.05450958670784,125.96279059987424,132.05450958670784,82.05450958670784,50.0,0.38849919293286084,0.36179936346853325,0.35080261057240686,0.36179936346853325,0.36179936346853325,2.620508832217664,1.641090191734157,2.5192558119974846,2.6410901917341567,1.641090191734157,0.07627244194865926,5.9363110065460205,49.0,281.0,28.0,13.0,1.342630235970111e-22,1.342630235970111e-22,1.0,1.1735751388393805e-22,1.1735751388393805e-22,0.874086630405295,0.874086630405295,0.874086630405295,0.0,7.234207358469804e-23,7.234207358469804e-23,0.0,7.234207358469804e-23,0.5388086134707641,0.6164247280855105,1.7257670982747813e-23,1.7257670982747813e-23,0.0,1.7257670982747813e-23,0.1285362903381836,0.14705211802471352,2.7757769316492194e-23,2.7757769316492194e-23,0.0,2.7757769316492194e-23,0.2067417265963473,0.23652315388977593,10587,617,train_increment
50618,86.34101726468198,122.24101942587328,201.99875484531373,172.24101942587328,122.24101942587328,50.0,0.05577823726494405,0.8692047907307232,0.916967645907027,0.8692047907307232,0.8692047907307232,1.7268203452936395,2.4448203885174657,4.039975096906275,3.4448203885174653,2.4448203885174657,0.059064100487322094,5.971482038497925,49.0,281.0,28.0,13.0,1.3461461731768913e-22,1.3461461731768913e-22,1.0,7.905406567609907e-23,7.905406567609907e-23,0.5872621209443569,0.5872621209443569,0.5872621209443569,0.0,5.146435731739784e-23,5.146435731739784e-23,0.0,5.146435731739784e-23,0.38230883348977235,0.6510020310436404,3.0969971307272633e-24,3.0969971307272633e-24,0.0,3.0969971307272633e-24,0.023006395534434284,0.0391756844412823,2.4492711227973974e-23,2.4492711227973974e-23,0.0,2.4492711227973974e-23,0.1819468919201503,0.3098222845150773,10587,618,train_increment
50619,115.61389329795655,77.54834660287949,143.35887320107923,127.54834660287949,77.54834660287949,50.0,0.27374455173459833,0.3049033661979733,0.4803341265903145,0.3049033661979733,0.3049033661979733,2.312277865959131,1.5509669320575898,2.8671774640215846,2.55096693205759,1.5509669320575898,0.045944616382470035,6.047338008880615,49.0,281.0,28.0,13.0,1.3494016590105765e-22,1.3494016590105765e-22,1.0,1.0933234873025991e-22,1.0933234873025991e-22,0.8102283556582094,0.8102283556582094,0.8102283556582094,0.0,6.913444178453274e-23,6.913444178453274e-23,0.0,6.913444178453274e-23,0.5123340505985762,0.6323329059279451,2.9016408644424963e-23,2.9016408644424963e-23,0.0,2.9016408644424963e-23,0.21503166570656732,0.2653963715351346,1.1181498301302217e-23,1.1181498301302217e-23,0.0,1.1181498301302217e-23,0.08286263935306587,0.10227072253692025,10587,619,train_increment
50620,184.99546824604278,106.43752472391628,101.10966344158854,156.43752472391628,106.43752472391628,50.0,0.7903608953540042,0.6696657162110642,0.16574581862686927,0.6696657162110642,0.6696657162110642,3.6999093649208556,2.128750494478326,2.0221932688317708,3.1287504944783255,2.128750494478326,0.030478897543348392,5.99483847618103,49.0,281.0,28.0,13.0,1.3498982846996721e-22,1.3498982846996721e-22,1.0,1.2841101004241992e-22,1.2841101004241992e-22,0.9512643396757041,0.9512643396757041,0.9512643396757041,0.0,1.5051157163305898e-23,1.5051157163305898e-23,0.0,1.5051157163305898e-23,0.11149845387539334,0.11721079959057892,1.0684882216026558e-22,1.0684882216026558e-22,0.0,1.0684882216026558e-22,0.7915323944873187,0.8320845862435676,6.511030718848454e-24,6.511030718848454e-24,0.0,6.511030718848454e-24,0.04823349131299207,0.0507046141658536,10587,620,train_increment
50621,210.42902878337753,102.75075934000625,134.88155203816615,152.75075934000625,102.75075934000625,50.0,0.9797396037481573,0.6231156482324022,0.4172118543422647,0.6231156482324022,0.6231156482324022,4.208580575667551,2.055015186800125,2.697631040763323,3.055015186800125,2.055015186800125,0.035101012856868806,5.962268829345703,49.0,281.0,28.0,13.0,1.3431135797081098e-22,1.3431135797081098e-22,1.0,1.1879803719297804e-22,1.1879803719297804e-22,0.8844973276109356,0.8844973276109356,0.8844973276109356,0.0,3.1084237686413935e-23,3.1084237686413935e-23,0.0,3.1084237686413935e-23,0.23143417024470314,0.26165615544573384,7.849835400881761e-23,7.849835400881761e-23,0.0,7.849835400881761e-23,0.5844506019057387,0.6607714728594651,9.215445497746489e-24,9.215445497746489e-24,0.0,9.215445497746489e-24,0.06861255546049368,0.07757237169480102,10587,621,train_increment
50622,156.59881739284543,67.47456244344588,128.82643770398084,117.47456244344588,67.47456244344588,50.0,0.5789189679288566,0.1777091217606802,0.37212537381966376,0.1777091217606802,0.1777091217606802,3.1319763478569085,1.3494912488689175,2.576528754079617,2.3494912488689175,1.3494912488689175,0.016093337139144608,5.986300230026245,49.0,281.0,28.0,13.0,1.347828826843305e-22,1.347828826843305e-22,1.0,1.1714988670590695e-22,1.1714988670590695e-22,0.8691748119104926,0.8691748119104926,0.8691748119104926,0.0,6.3642990326011295e-24,6.3642990326011295e-24,0.0,6.3642990326011295e-24,0.047218896835043184,0.05432612195842804,1.0052774428663739e-22,1.0052774428663739e-22,0.0,1.0052774428663739e-22,0.7458494898204495,0.8581121767450123,1.025784338666843e-23,1.025784338666843e-23,0.0,1.025784338666843e-23,0.07610642525499997,0.08756170129655966,10587,622,train_increment
50623,134.36767719949853,97.43941865889958,204.47318390469025,147.43941865889957,97.43941865889958,50.0,0.4133855338756406,0.5560532658951968,0.935392285217351,0.5560532658951965,0.5560532658951968,2.6873535439899707,1.9487883731779916,4.0894636780938045,2.9487883731779916,1.9487883731779916,0.02861599361951931,5.982465982437134,49.0,281.0,28.0,13.0,1.3491528877581196e-22,1.3491528877581196e-22,1.0,1.2055959917903577e-22,1.2055959917903577e-22,0.8935947902788767,0.8935947902788767,0.8935947902788767,0.0,6.140311684103252e-23,6.140311684103252e-23,0.0,6.140311684103252e-23,0.4551234882138952,0.5093175264281234,2.7406422572293054e-24,2.7406422572293054e-24,0.0,2.7406422572293054e-24,0.020313800475077488,0.022732675588605294,5.641584008077395e-23,5.641584008077395e-23,0.0,5.641584008077395e-23,0.418157501589904,0.46794979798327135,10587,623,train_increment
50624,104.89700639812602,56.93876055840506,94.79435419812893,106.93876055840505,56.93876055840506,50.0,0.1939464363226063,0.04468132018188197,0.11872192254749764,0.04468132018188189,0.04468132018188197,2.0979401279625205,1.138775211168101,1.8958870839625785,2.138775211168101,1.138775211168101,0.05168821526647108,5.970130920410156,49.0,281.0,28.0,13.0,1.3418231853287938e-22,1.3418231853287938e-22,1.0,1.1230731974692337e-22,1.1230731974692337e-22,0.8369755491995328,0.8369755491995328,0.8369755491995328,0.0,2.64647100727575e-23,2.64647100727575e-23,0.0,2.64647100727575e-23,0.19722948866972154,0.23564546044188267,7.99176087444973e-23,7.99176087444973e-23,0.0,7.99176087444973e-23,0.595589714191104,0.7115975069531176,5.9250009296685616e-24,5.9250009296685616e-24,0.0,5.9250009296685616e-24,0.04415634633870727,0.05275703260499969,10587,624,train_increment
50625,192.36550897307075,87.68820747799555,181.69372796824348,137.68820747799555,87.68820747799555,50.0,0.8452383393378313,0.43293191260095387,0.7657760831589239,0.43293191260095387,0.43293191260095387,3.8473101794614144,1.753764149559911,3.63387455936487,2.753764149559911,1.753764149559911,0.017171634277608813,5.991088151931763,49.0,281.0,28.0,13.0,1.3498235717905355e-22,1.3498235717905355e-22,1.0,1.109209759220784e-22,1.109209759220784e-22,0.8217442504352045,0.8217442504352045,0.8217442504352045,0.0,4.7455118428825325e-23,4.7455118428825325e-23,0.0,4.7455118428825325e-23,0.3515653409865728,0.42782817257362016,1.0493261750051737e-23,1.0493261750051737e-23,0.0,1.0493261750051737e-23,0.07773802420810053,0.09460123897055518,5.297259574320136e-23,5.297259574320136e-23,0.0,5.297259574320136e-23,0.3924408852405313,0.47757058845582484,10587,625,train_increment
50626,202.65167261337194,99.99649202122993,176.32728315759647,149.99649202122993,99.99649202122993,50.0,0.9218292823035885,0.5883395457226,0.7258174471898471,0.5883395457226,0.5883395457226,4.053033452267439,1.9999298404245984,3.5265456631519294,2.9999298404245986,1.9999298404245984,0.04172007671729551,5.974452257156372,49.0,281.0,28.0,13.0,1.3423621493438842e-22,1.3423621493438842e-22,1.0,9.537094600889645e-23,9.537094600889645e-23,0.710471060700807,0.710471060700807,0.710471060700807,0.0,4.334867492218947e-23,4.334867492218947e-23,0.0,4.334867492218947e-23,0.32292831664970073,0.4545270518565035,9.80733205266146e-24,9.80733205266146e-24,0.0,9.80733205266146e-24,0.07306025469695386,0.10283354064398824,4.2214939034045517e-23,4.2214939034045517e-23,0.0,4.2214939034045517e-23,0.31448248935415235,0.44263940749950825,10587,626,train_increment
50627,193.46214645101392,123.9220787456196,101.51172568311236,173.92207874561961,123.9220787456196,50.0,0.8534039199628736,0.8904302871921668,0.16873958066353212,0.8904302871921669,0.8904302871921668,3.8692429290202783,2.478441574912392,2.0302345136622475,3.4784415749123925,2.478441574912392,0.023498888956989965,5.946608304977417,49.0,281.0,28.0,13.0,1.3463991158709477e-22,1.3463991158709477e-22,1.0,1.0863896889164814e-22,1.0863896889164814e-22,0.8068853255401364,0.8068853255401364,0.8068853255401364,0.0,1.1403463500003652e-24,1.1403463500003652e-24,0.0,1.1403463500003652e-24,0.008469601149899057,0.010496660283454069,1.0570807573758507e-22,1.0570807573758507e-22,0.0,1.0570807573758507e-22,0.7851169426029034,0.9730217141789498,1.7905468040626908e-24,1.7905468040626908e-24,0.0,1.7905468040626908e-24,0.013298781787333814,0.01648162553759605,10587,627,train_increment
50628,117.26153078602263,91.60264853063383,193.94400911654935,141.60264853063381,91.60264853063383,50.0,0.28601288746107695,0.4823566733665887,0.8569918772639564,0.48235667336658855,0.4823566733665887,2.3452306157204528,1.8320529706126767,3.8788801823309873,2.8320529706126765,1.8320529706126767,0.031450579589885105,6.03459095954895,49.0,281.0,28.0,13.0,1.3506917932985362e-22,1.3506917932985362e-22,1.0,1.0974076522643684e-22,1.0974076522643684e-22,0.8124782113204223,0.8124782113204223,0.8124782113204223,0.0,6.208876411590077e-23,6.208876411590077e-23,0.0,6.208876411590077e-23,0.45968121242725,0.5657766645584081,5.9213346077937365e-24,5.9213346077937365e-24,0.0,5.9213346077937365e-24,0.043839272861303125,0.0539574751057711,4.173066650274234e-23,4.173066650274234e-23,0.0,4.173066650274234e-23,0.3089577260318693,0.3802658603358209,10587,628,train_increment
50629,199.08058272417128,72.93101862642713,175.62734331208776,122.93101862642713,72.93101862642713,50.0,0.895238888489734,0.24660377053569607,0.7206056836343094,0.24660377053569607,0.24660377053569607,3.9816116544834257,1.4586203725285427,3.512546866241755,2.458620372528543,1.4586203725285427,0.03405165612234508,6.043238162994385,49.0,281.0,28.0,13.0,1.3461746548901576e-22,1.3461746548901576e-22,1.0,1.1038001328055113e-22,1.1038001328055113e-22,0.819953138172533,0.819953138172533,0.819953138172533,0.0,6.833290645294735e-24,6.833290645294735e-24,0.0,6.833290645294735e-24,0.050760802994410145,0.061906956179889824,6.885214392087127e-23,6.885214392087127e-23,0.0,6.885214392087127e-23,0.5114651629397177,0.6237736513572513,3.4694578714385123e-23,3.4694578714385123e-23,0.0,3.4694578714385123e-23,0.25772717223840513,0.31431939246285884,10587,629,train_increment
50630,154.60967629076464,129.8761812532694,212.36391312026808,179.8761812532694,129.8761812532694,50.0,0.5641077906981731,0.9656083491574421,0.9941467842164413,0.9656083491574421,0.9656083491574421,3.092193525815293,2.597523625065388,4.247278262405361,3.597523625065388,2.597523625065388,0.14732420649685296,5.956881046295166,49.0,281.0,28.0,13.0,1.2917078814825508e-22,1.2917078814825508e-22,1.0,2.574775191030829e-23,2.574775191030829e-23,0.19933107383967066,0.19933107383967066,0.19933107383967066,0.0,5.977155165001318e-24,5.977155165001318e-24,0.0,5.977155165001318e-24,0.046273273165609786,0.23214279777988395,1.142719423302499e-23,1.142719423302499e-23,0.0,1.142719423302499e-23,0.08846577772607138,0.4438132801974852,8.343402512281984e-24,8.343402512281984e-24,0.0,8.343402512281984e-24,0.06459202294798952,0.3240439220226309,10587,630,train_increment
50631,107.24835656916254,55.202513384643225,171.3864223869924,105.20251338464323,55.202513384643225,50.0,0.21145462821416636,0.022759007381858837,0.6890277169545227,0.022759007381858837,0.022759007381858837,2.144967131383251,1.1040502676928645,3.427728447739848,2.1040502676928643,1.1040502676928645,0.008489570524783828,5.944533109664917,49.0,281.0,28.0,13.0,1.3477393103515068e-22,1.3477393103515068e-22,1.0,1.1205858718151062e-22,1.1205858718151062e-22,0.8314559523553882,0.8314559523553882,0.8314559523553882,0.0,8.325023552440677e-24,8.325023552440677e-24,0.0,8.325023552440677e-24,0.06177028071006855,0.07429170545364759,9.94374963080994e-23,9.94374963080994e-23,0.0,9.94374963080994e-23,0.7378095715124974,0.887370605048163,4.2960673209705366e-24,4.2960673209705366e-24,0.0,4.2960673209705366e-24,0.0318761001328222,0.03833768949818936,10587,631,train_increment
50632,179.24841789076453,63.35070692125719,186.72969754390292,113.3507069212572,63.35070692125719,50.0,0.747568264264814,0.12564023890476247,0.8032739951146903,0.12564023890476256,0.12564023890476247,3.5849683578152907,1.2670141384251439,3.734593950878059,2.267014138425144,1.2670141384251439,0.01538445870472468,5.966176986694336,49.0,281.0,28.0,13.0,1.3512560748692184e-22,1.3512560748692184e-22,1.0,1.0975341755522692e-22,1.0975341755522692e-22,0.8122325560375329,0.8122325560375329,0.8122325560375329,0.0,2.4641932801523893e-24,2.4641932801523893e-24,0.0,2.4641932801523893e-24,0.0182363160172352,0.0224520870059689,9.44923363080349e-23,9.44923363080349e-23,0.0,9.44923363080349e-23,0.6992925920216888,0.8609511978111043,1.2796887967039628e-23,1.2796887967039628e-23,0.0,1.2796887967039628e-23,0.09470364799860884,0.11659671518292677,10587,632,train_increment
50633,84.21011997197863,123.21827764884999,127.03077014498287,173.21827764885,123.21827764884999,50.0,0.03991154111674336,0.8815439097077019,0.3587548037601107,0.8815439097077021,0.8815439097077019,1.6842023994395727,2.464365552977,2.5406154028996575,3.464365552977,2.464365552977,0.07995998713809206,5.988661050796509,49.0,281.0,28.0,13.0,1.3372317039256577e-22,1.3372317039256577e-22,1.0,7.686503716836177e-23,7.686503716836177e-23,0.5748071702361838,0.5748071702361838,0.5748071702361838,0.0,9.340657124018206e-24,9.340657124018206e-24,0.0,9.340657124018206e-24,0.0698507004926462,0.12152023166994436,3.006912209359228e-24,3.006912209359228e-24,0.0,3.006912209359228e-24,0.022486097215104577,0.039119374947715446,6.451746783498433e-23,6.451746783498433e-23,0.0,6.451746783498433e-23,0.482470372528433,0.8393603933823401,10587,633,train_increment
50634,100.11996656507826,61.57516162389963,195.5983113028067,111.57516162389963,61.57516162389963,50.0,0.15837651947191558,0.10322173767550034,0.8693098384423433,0.10322173767550034,0.10322173767550034,2.0023993313015653,1.2315032324779926,3.911966226056134,2.2315032324779924,1.2315032324779926,0.0496542023552799,5.9452831745147705,49.0,281.0,28.0,13.0,1.3402469530826015e-22,1.3402469530826015e-22,1.0,1.1851087185768397e-22,1.1851087185768397e-22,0.8842465307241028,0.8842465307241028,0.8842465307241028,0.0,5.476145121984519e-24,5.476145121984519e-24,0.0,5.476145121984519e-24,0.04085922455849833,0.04620795574401522,1.1052792569488792e-22,1.1052792569488792e-22,0.0,1.1052792569488792e-22,0.8246832827388335,0.9326395457424149,2.5068010408115524e-24,2.5068010408115524e-24,0.0,2.5068010408115524e-24,0.01870402342677107,0.021152498513570064,10587,634,train_increment
50635,130.62561292878237,97.45649049432748,178.29663542616908,147.45649049432748,97.45649049432748,50.0,0.38552206201625,0.5562688193728218,0.7404812764420631,0.5562688193728218,0.5562688193728218,2.6125122585756477,1.9491298098865497,3.565932708523382,2.94912980988655,1.9491298098865497,0.04091503929452415,5.982490301132202,49.0,281.0,28.0,13.0,1.3443086121932758e-22,1.3443086121932758e-22,1.0,1.2524649201517305e-22,1.2524649201517305e-22,0.9316796074885663,0.9316796074885663,0.9316796074885663,0.0,5.933643077782506e-23,5.933643077782506e-23,0.0,5.933643077782506e-23,0.441389947513734,0.4737572272334519,5.900181813183714e-24,5.900181813183714e-24,0.0,5.900181813183714e-24,0.04389008416421143,0.047108559435492484,6.000987942416429e-23,6.000987942416429e-23,0.0,6.000987942416429e-23,0.44639957581062095,0.4791342133310557,10587,635,train_increment
50636,100.91066905947014,64.375300367978,159.3208071337276,114.375300367978,64.375300367978,50.0,0.1642641031978417,0.138577024848207,0.5991869481290216,0.138577024848207,0.138577024848207,2.0182133811894025,1.2875060073595601,3.1864161426745525,2.28750600735956,1.2875060073595601,0.032029173913371414,5.942496061325073,49.0,281.0,28.0,13.0,1.3457038336836291e-22,1.3457038336836291e-22,1.0,1.267756626597685e-22,1.267756626597685e-22,0.9420769970814624,0.9420769970814624,0.9420769970814624,0.0,3.87259448627689e-24,3.87259448627689e-24,0.0,3.87259448627689e-24,0.028777464917197564,0.03054682898144168,1.214612424532179e-22,1.214612424532179e-22,0.0,1.214612424532179e-22,0.9025852450812967,0.9580801228323051,1.4418257202737083e-24,1.4418257202737083e-24,0.0,1.4418257202737083e-24,0.010714287082968042,0.011373048186253046,10587,636,train_increment
50637,198.36839258444797,90.47191614144865,142.78868997315067,140.47191614144865,90.47191614144865,50.0,0.8899359090427995,0.4680797492607152,0.4760885329348523,0.4680797492607152,0.4680797492607152,3.9673678516889597,1.809438322828973,2.8557737994630132,2.809438322828973,1.809438322828973,0.03301024155852534,5.986956357955933,49.0,281.0,28.0,13.0,1.3490902235372567e-22,1.3490902235372567e-22,1.0,1.1827463473458622e-22,1.1827463473458622e-22,0.8766992204900514,0.8766992204900514,0.8766992204900514,0.0,4.52221471434332e-23,4.52221471434332e-23,0.0,4.52221471434332e-23,0.3352047650665103,0.3823486518890023,2.6861235709454356e-23,2.6861235709454356e-23,0.0,2.6861235709454356e-23,0.19910629578965702,0.22710901428469613,4.619125188169866e-23,4.619125188169866e-23,0.0,4.619125188169866e-23,0.3423881596338841,0.3905423338263016,10587,637,train_increment
50638,128.66726709159565,83.81768504763541,94.02730594366251,133.8176850476354,83.81768504763541,50.0,0.37094018683243224,0.38406167989438644,0.11301046867954219,0.3840616798943863,0.38406167989438644,2.573345341831913,1.6763537009527083,1.8805461188732504,2.676353700952708,1.6763537009527083,0.04875656487821645,6.043704032897949,49.0,281.0,28.0,13.0,1.3430114815236006e-22,1.3430114815236006e-22,1.0,1.1068269587060374e-22,1.1068269587060374e-22,0.8241381208821685,0.8241381208821685,0.8241381208821685,0.0,6.689110860516349e-23,6.689110860516349e-23,0.0,6.689110860516349e-23,0.4980680323691486,0.6043501929458255,1.0424531302132069e-23,1.0424531302132069e-23,0.0,1.0424531302132069e-23,0.07762056725163506,0.09418393019916245,3.33670559633082e-23,3.33670559633082e-23,0.0,3.33670559633082e-23,0.248449521261385,0.3014658768550122,10587,638,train_increment
50639,159.54403525449618,55.28229215785524,182.65367294159157,105.28229215785524,55.28229215785524,50.0,0.600849108373017,0.023766315124434757,0.7729238491555589,0.023766315124434757,0.023766315124434757,3.1908807050899237,1.1056458431571048,3.6530734588318317,2.105645843157105,1.1056458431571048,0.024393296271991508,5.99344277381897,49.0,281.0,28.0,13.0,1.3496291873559829e-22,1.3496291873559829e-22,1.0,1.1216421627873753e-22,1.1216421627873753e-22,0.8310743227069282,0.8310743227069282,0.8310743227069282,0.0,1.6800991748857526e-24,1.6800991748857526e-24,0.0,1.6800991748857526e-24,0.012448598404849137,0.014978923141677952,1.066866184178194e-22,1.066866184178194e-22,0.0,1.066866184178194e-22,0.7904883757502748,0.9511644797008537,3.7974986860323564e-24,3.7974986860323564e-24,0.0,3.7974986860323564e-24,0.028137348551804216,0.03385659715746823,10587,639,train_increment
50640,171.82904385379248,76.87895701417432,91.2903499541469,126.87895701417432,76.87895701417432,50.0,0.6923234836470028,0.2964514774516959,0.09263104954688689,0.2964514774516959,0.2964514774516959,3.43658087707585,1.5375791402834862,1.8258069990829382,2.5375791402834866,1.5375791402834862,0.012379415234464187,5.967312574386597,49.0,281.0,28.0,13.0,1.3509025992420763e-22,1.3509025992420763e-22,1.0,1.2568929437626134e-22,1.2568929437626134e-22,0.9304097456528643,0.9304097456528643,0.9304097456528643,0.0,2.903571375609142e-23,2.903571375609142e-23,0.0,2.903571375609142e-23,0.21493565688882307,0.23101182881312546,8.424062432652456e-23,8.424062432652456e-23,0.0,8.424062432652456e-23,0.6235876988747209,0.6702291133431242,1.2412956293645347e-23,1.2412956293645347e-23,0.0,1.2412956293645347e-23,0.09188638988932019,0.09875905784375026,10587,640,train_increment
50641,206.74025970480704,124.45678645923007,213.04410648651287,174.45678645923007,124.45678645923007,50.0,0.9522729687625245,0.8971816472125009,0.9992115151639082,0.8971816472125009,0.8971816472125009,4.134805194096141,2.4891357291846012,4.260882129730257,3.4891357291846017,2.4891357291846012,0.0134705782830596,5.965594530105591,49.0,281.0,28.0,13.0,1.3356044836691466e-22,1.3356044836691466e-22,1.0,9.947422439970455e-23,9.947422439970455e-23,0.7447880387944708,0.7447880387944708,0.7447880387944708,0.0,1.782999333151025e-23,1.782999333151025e-23,0.0,1.782999333151025e-23,0.13349755522329515,0.1792423458348996,7.770977029913398e-23,7.770977029913398e-23,0.0,7.770977029913398e-23,0.5818322059360809,0.7812050887361811,3.93446076906031e-24,3.93446076906031e-24,0.0,3.93446076906031e-24,0.029458277635094756,0.03955256542891926,10587,641,train_increment
50642,95.30397923988664,59.80985812632555,144.0503543289184,109.80985812632555,59.80985812632555,50.0,0.12251659895671368,0.08093255210007003,0.4854829063955204,0.08093255210007003,0.08093255210007003,1.906079584797733,1.1961971625265109,2.881007086578368,2.196197162526511,1.1961971625265109,0.028298485314477626,5.941141366958618,49.0,281.0,28.0,13.0,1.342065057101606e-22,1.342065057101606e-22,1.0,1.2344406478458798e-22,1.2344406478458798e-22,0.9198068613095719,0.9198068613095719,0.9198068613095719,0.0,4.247647539649093e-24,4.247647539649093e-24,0.0,4.247647539649093e-24,0.03165008668672542,0.03440949183795358,1.154638398818293e-22,1.154638398818293e-22,0.0,1.154638398818293e-22,0.8603445806955965,0.9353535148353685,3.73257736310956e-24,3.73257736310956e-24,0.0,3.73257736310956e-24,0.027812193927249915,0.03023699332667773,10587,642,train_increment
50643,86.22039539523593,57.20572040424332,140.043990067084,107.20572040424332,57.20572040424332,50.0,0.05488008484911341,0.048052025306102496,0.4556514524727029,0.048052025306102496,0.048052025306102496,1.7244079079047185,1.1441144080848664,2.80087980134168,2.1441144080848664,1.1441144080848664,0.013515571451805538,5.9346723556518555,49.0,281.0,28.0,13.0,1.3417399032682874e-22,1.3417399032682874e-22,1.0,1.1958779650900297e-22,1.1958779650900297e-22,0.8912889615767119,0.8912889615767119,0.8912889615767119,0.0,1.0113512684229096e-23,1.0113512684229096e-23,0.0,1.0113512684229096e-23,0.0753761042627861,0.0845697719956544,1.0029183420764679e-22,1.0029183420764679e-22,0.0,1.0029183420764679e-22,0.7474759747649314,0.8386460586728554,9.182449617127088e-24,9.182449617127088e-24,0.0,9.182449617127088e-24,0.0684368825489944,0.07678416933149029,10587,643,train_increment
50644,112.92550568914606,89.37976479292114,166.38301211021354,139.37976479292115,89.37976479292114,50.0,0.25372677356028345,0.45428995950658,0.6517722420715826,0.4542899595065802,0.45428995950658,2.258510113782921,1.787595295858423,3.3276602422042707,2.787595295858423,1.787595295858423,0.048007887306466435,5.989430904388428,49.0,281.0,28.0,13.0,1.3464084293354367e-22,1.3464084293354367e-22,1.0,1.2056713141687088e-22,1.2056713141687088e-22,0.8954721969200733,0.8954721969200733,0.8954721969200733,0.0,7.866380182209984e-23,7.866380182209984e-23,0.0,7.866380182209984e-23,0.5842491780961806,0.652448149820478,6.12813750333835e-24,6.12813750333835e-24,0.0,6.12813750333835e-24,0.045514699476169276,0.05082759647112948,3.5775192091432694e-23,3.5775192091432694e-23,0.0,3.5775192091432694e-23,0.26570831934772343,0.2967242537083925,10587,644,train_increment
50645,174.01057666055635,111.19638493089809,129.53323405157658,161.1963849308981,111.19638493089809,50.0,0.7085672126623704,0.729752334986087,0.37738819100205945,0.729752334986087,0.729752334986087,3.480211533211127,2.2239276986179615,2.590664681031532,3.223927698617962,2.2239276986179615,0.037078440661096314,6.053159952163696,49.0,281.0,28.0,13.0,1.3484011471445358e-22,1.3484011471445358e-22,1.0,9.465228858953965e-23,9.465228858953965e-23,0.7019594190496029,0.7019594190496029,0.7019594190496029,0.0,1.1235467291963898e-23,1.1235467291963898e-23,0.0,1.1235467291963898e-23,0.08332436764650396,0.1187025423197804,4.3482488765504245e-23,4.3482488765504245e-23,0.0,4.3482488765504245e-23,0.322474427269553,0.45939183736028166,3.9934332532071507e-23,3.9934332532071507e-23,0.0,3.9934332532071507e-23,0.29616062413354594,0.4219056203199379,10587,645,train_increment
50646,122.53203007869696,128.02746072278757,185.04203586815055,178.02746072278757,128.02746072278757,50.0,0.32525711153162296,0.9422659182170148,0.790707638631054,0.9422659182170148,0.9422659182170148,2.4506406015739395,2.5605492144557513,3.700840717363011,3.5605492144557513,2.5605492144557513,0.038426290540501624,5.953094244003296,49.0,281.0,28.0,13.0,1.3481822714636972e-22,1.3481822714636972e-22,1.0,3.1207549607023866e-23,3.1207549607023866e-23,0.2314787122452099,0.2314787122452099,0.2314787122452099,0.0,4.3787762472948526e-24,4.3787762472948526e-24,0.0,4.3787762472948526e-24,0.03247911161553025,0.14031144073898463,1.1421544779682233e-23,1.1421544779682233e-23,0.0,1.1421544779682233e-23,0.08471810541820927,0.36598659374113734,1.540722858004678e-23,1.540722858004678e-23,0.0,1.540722858004678e-23,0.1142814952114704,0.49370196551987805,10587,646,train_increment
50647,121.8668865907675,126.27682466364817,82.58046919816492,176.27682466364817,126.27682466364817,50.0,0.3203044422246278,0.9201619275713153,0.027777134759232505,0.9201619275713153,0.9201619275713153,2.4373377318153504,2.5255364932729636,1.6516093839632984,3.5255364932729636,2.5255364932729636,0.018409369165454603,5.969003200531006,49.0,281.0,28.0,13.0,1.349631109791034e-22,1.349631109791034e-22,1.0,9.92790421334371e-23,9.92790421334371e-23,0.7356013166353929,0.7356013166353929,0.7356013166353929,0.0,2.2222478585019215e-23,2.2222478585019215e-23,0.0,2.2222478585019215e-23,0.1646559450490139,0.22383856761179108,6.599627799973995e-23,6.599627799973995e-23,0.0,6.599627799973995e-23,0.4889949373644646,0.6647553862479547,1.1060285548677931e-23,1.1060285548677931e-23,0.0,1.1060285548677931e-23,0.0819504342219143,0.11140604614025418,10587,647,train_increment
50648,95.54298322937532,96.67519099866513,82.2103525934993,146.67519099866513,96.67519099866513,50.0,0.12429622657762716,0.5464039267508224,0.025021240457924795,0.5464039267508224,0.5464039267508224,1.9108596645875067,1.9335038199733026,1.644207051869986,2.9335038199733026,1.9335038199733026,0.12657199066743902,5.986926317214966,49.0,281.0,28.0,13.0,1.3229596679321024e-22,1.3229596679321024e-22,1.0,1.098271304294658e-22,1.098271304294658e-22,0.8301623480414553,0.8301623480414553,0.8301623480414553,0.0,3.167141629542525e-23,3.167141629542525e-23,0.0,3.167141629542525e-23,0.2393981998327307,0.2883751598678576,7.689397516488552e-24,7.689397516488552e-24,0.0,7.689397516488552e-24,0.05812269038033283,0.0700136431355357,7.046631661755201e-23,7.046631661755201e-23,0.0,7.046631661755201e-23,0.5326414578283918,0.6416111969966067,10587,648,train_increment
50649,97.56426421840267,128.11911052185548,92.53926981210014,178.11911052185548,128.11911052185548,50.0,0.13934671793300576,0.9434231126496904,0.1019305272680577,0.9434231126496904,0.9434231126496904,1.9512852843680535,2.5623822104371095,1.850785396242003,3.56238221043711,2.5623822104371095,0.058321797915660785,5.968102693557739,49.0,281.0,28.0,13.0,1.344123945776345e-22,1.344123945776345e-22,1.0,7.849154896229161e-23,7.849154896229161e-23,0.5839606474457689,0.5839606474457689,0.5839606474457689,0.0,3.2631848788985913e-23,3.2631848788985913e-23,0.0,3.2631848788985913e-23,0.24277410495903534,0.4157370980748856,6.811953603930456e-24,6.811953603930456e-24,0.0,6.811953603930456e-24,0.05067950485768615,0.0867858220915351,3.904774656937525e-23,3.904774656937525e-23,0.0,3.904774656937525e-23,0.2905070376290475,0.49747707983357936,10587,649,train_increment
50650,145.87610519374266,54.112496784028224,148.69459707450142,104.11249678402822,54.112496784028224,50.0,0.4990774772430578,0.008996171515507806,0.5200640139575683,0.008996171515507806,0.008996171515507806,2.917522103874853,1.0822499356805644,2.9738919414900282,2.0822499356805646,1.0822499356805644,0.034818375551372606,5.992591142654419,49.0,281.0,28.0,13.0,1.3479307129124046e-22,1.3479307129124046e-22,1.0,1.0733501618471048e-22,1.0733501618471048e-22,0.7962947587476304,0.7962947587476304,0.7962947587476304,0.0,3.203063503277257e-23,3.203063503277257e-23,0.0,3.203063503277257e-23,0.23762820095971865,0.2984173867142457,7.360673481653304e-23,7.360673481653304e-23,0.0,7.360673481653304e-23,0.5460720948890225,0.6857662805012749,1.697646335404872e-24,1.697646335404872e-24,0.0,1.697646335404872e-24,0.012594462898889327,0.01581633278447948,10687,650,train_increment
50651,156.29500583218973,97.26144563333244,175.1271097477891,147.26144563333244,97.26144563333244,50.0,0.5766567820714052,0.5538061317339955,0.7168809363200974,0.5538061317339955,0.5538061317339955,3.1259001166437947,1.9452289126666487,3.5025421949557822,2.9452289126666487,1.9452289126666487,0.0491576199069203,6.026363849639893,49.0,281.0,28.0,13.0,1.3442419643528583e-22,1.3442419643528583e-22,1.0,1.1963067229966668e-22,1.1963067229966668e-22,0.8899489487166768,0.8899489487166768,0.8899489487166768,0.0,5.287032122942038e-23,5.287032122942038e-23,0.0,5.287032122942038e-23,0.39330955759049735,0.441946201698038,6.790157185348184e-24,6.790157185348184e-24,0.0,6.790157185348184e-24,0.05051290887661795,0.05675933316114201,5.997019388489811e-23,5.997019388489811e-23,0.0,5.997019388489811e-23,0.44612648224956153,0.5012944651408199,10687,651,train_increment
50652,156.14601229659553,57.000163260431314,103.32437891394018,107.00016326043132,57.000163260431314,50.0,0.5755473737646726,0.04545660682362764,0.1822366263137765,0.04545660682362773,0.04545660682362764,3.1229202459319105,1.1400032652086263,2.0664875782788035,2.1400032652086263,1.1400032652086263,0.024573293519499308,6.049129247665405,49.0,281.0,28.0,13.0,1.3480168805881056e-22,1.3480168805881056e-22,1.0,8.838202028599583e-23,8.838202028599583e-23,0.6556447590436478,0.6556447590436478,0.6556447590436478,0.0,6.4977643962223775e-24,6.4977643962223775e-24,0.0,6.4977643962223775e-24,0.04820239634823836,0.07351907520552516,7.055357258858647e-23,7.055357258858647e-23,0.0,7.055357258858647e-23,0.523387901179737,0.7982796994262159,1.1330683301186987e-23,1.1330683301186987e-23,0.0,1.1330683301186987e-23,0.08405446151567254,0.12820122536825895,10687,652,train_increment
50653,154.6523794993464,131.81720485239742,93.28800810097773,181.81720485239742,131.81720485239742,50.0,0.5644257594888042,0.990116222883806,0.10750564483229888,0.990116222883806,0.990116222883806,3.093047589986928,2.6363440970479486,1.8657601620195547,3.6363440970479486,2.6363440970479486,0.0198755026201248,5.968557119369507,49.0,281.0,28.0,13.0,1.3503132772291426e-22,1.3503132772291426e-22,1.0,1.0441539191474257e-22,1.0441539191474257e-22,0.7732679051264614,0.7732679051264614,0.7732679051264614,0.0,1.7520530108674876e-23,1.7520530108674876e-23,0.0,1.7520530108674876e-23,0.12975159471605874,0.1677964310374927,5.824606230914332e-23,5.824606230914332e-23,0.0,5.824606230914332e-23,0.43135221501091114,0.5578302321242302,2.864879949692437e-23,2.864879949692437e-23,0.0,2.864879949692437e-23,0.2121640953994914,0.274373336838277,10687,653,train_increment
50654,87.13971440285616,70.79726829865791,141.735926462968,120.79726829865791,70.79726829865791,50.0,0.06172534923943531,0.21966247851840792,0.4682496385924646,0.21966247851840792,0.21966247851840792,1.7427942880571232,1.4159453659731582,2.83471852925936,2.4159453659731582,1.4159453659731582,0.01916084392228395,5.9799041748046875,49.0,281.0,28.0,13.0,1.3487581261930717e-22,1.3487581261930717e-22,1.0,1.2048729075980341e-22,1.2048729075980341e-22,0.8933202211717828,0.8933202211717828,0.8933202211717828,0.0,3.690968626443056e-23,3.690968626443056e-23,0.0,3.690968626443056e-23,0.2736568221361509,0.30633675993272685,8.16656213140562e-23,8.16656213140562e-23,0.0,8.16656213140562e-23,0.6054875201720634,0.6777944860330549,1.9119831813166507e-24,1.9119831813166507e-24,0.0,1.9119831813166507e-24,0.014175878863568416,0.015868754034218193,10687,654,train_increment
50655,101.76480103380737,122.8094657953638,174.32835708421845,172.8094657953638,122.8094657953638,50.0,0.17062398387049424,0.8763821438808562,0.7109334109025945,0.876382143880856,0.8763821438808562,2.0352960206761477,2.456189315907276,3.486567141684369,3.456189315907276,2.456189315907276,0.05261540302091324,6.044373273849487,49.0,281.0,28.0,13.0,1.348219792160023e-22,1.348219792160023e-22,1.0,5.279656806156845e-23,5.279656806156845e-23,0.3916020842342145,0.3916020842342145,0.3916020842342145,0.0,8.404516394075751e-24,8.404516394075751e-24,0.0,8.404516394075751e-24,0.06233788023991716,0.15918679381347037,1.3633935908652334e-23,1.3633935908652334e-23,0.0,1.3633935908652334e-23,0.10112546921454847,0.25823526810972236,3.0758115758840363e-23,3.0758115758840363e-23,0.0,3.0758115758840363e-23,0.2281387347797489,0.5825779380768072,10687,655,train_increment
50656,156.76907960264467,127.57622707652922,193.7931648253329,177.57622707652922,127.57622707652922,50.0,0.580186743132127,0.9365685236935508,0.8558686882005427,0.9365685236935508,0.9365685236935508,3.135381592052893,2.5515245415305845,3.875863296506658,3.5515245415305845,2.5515245415305845,0.08285600595017856,5.940054178237915,49.0,281.0,28.0,13.0,1.3418233524483459e-22,1.3418233524483459e-22,1.0,3.207173713605514e-23,3.207173713605514e-23,0.2390160901398514,0.2390160901398514,0.2390160901398514,0.0,8.144566734403296e-24,8.144566734403296e-24,0.0,8.144566734403296e-24,0.060697756672235474,0.2539484125805942,1.0333229733395658e-23,1.0333229733395658e-23,0.0,1.0333229733395658e-23,0.07700886792990466,0.3221911457293347,1.359394066825619e-23,1.359394066825619e-23,0.0,1.359394066825619e-23,0.10130946553771127,0.42386044169007114,10687,656,train_increment
50657,131.76806440660957,65.97693829698905,205.3699781980122,115.97693829698905,65.97693829698905,50.0,0.3940287744349186,0.1587997259720839,0.9420698302160253,0.1587997259720839,0.1587997259720839,2.6353612881321915,1.3195387659397808,4.107399563960244,2.319538765939781,1.3195387659397808,0.014989037507474929,5.991171360015869,49.0,281.0,28.0,13.0,1.3478981220749934e-22,1.3478981220749934e-22,1.0,1.140165824929528e-22,1.140165824929528e-22,0.8458842743799686,0.8458842743799686,0.8458842743799686,0.0,3.600042503191562e-24,3.600042503191562e-24,0.0,3.600042503191562e-24,0.026708565315378234,0.03157472732893108,1.0599448216679626e-22,1.0599448216679626e-22,0.0,1.0599448216679626e-22,0.7863686463456547,0.9296409333558793,4.422057822964992e-24,4.422057822964992e-24,0.0,4.422057822964992e-24,0.03280706271893567,0.03878433931518964,10687,657,train_increment
50658,87.61826385245988,94.2727999809756,132.15170049398841,144.2727999809756,94.2727999809756,50.0,0.06528863628041609,0.5160707068305,0.3968853350259748,0.5160707068305,0.5160707068305,1.7523652770491975,1.8854559996195122,2.643034009879768,2.8854559996195124,1.8854559996195122,0.035087106629009,5.995434522628784,49.0,281.0,28.0,13.0,1.3429004081502236e-22,1.3429004081502236e-22,1.0,1.14347769731513e-22,1.14347769731513e-22,0.8514985105188939,0.8514985105188939,0.8514985105188939,0.0,6.070964766218546e-23,6.070964766218546e-23,0.0,6.070964766218546e-23,0.4520785554441069,0.5309211347517393,1.1606659144765758e-23,1.1606659144765758e-23,0.0,1.1606659144765758e-23,0.08642978343236439,0.10150315281197031,4.203146292456178e-23,4.203146292456178e-23,0.0,4.203146292456178e-23,0.31299017164242254,0.36757571243629045,10687,658,train_increment
50659,204.59247508620751,66.07217986414057,180.2285838056036,116.07217986414057,66.07217986414057,50.0,0.9362805293090656,0.16000227101187578,0.7548665957230349,0.16000227101187578,0.16000227101187578,4.091849501724151,1.3214435972828114,3.6045716761120716,2.321443597282811,1.3214435972828114,0.03268072972138353,5.966864824295044,49.0,281.0,28.0,13.0,1.3502730637474933e-22,1.3502730637474933e-22,1.0,1.1395283891728624e-22,1.1395283891728624e-22,0.8439244029724339,0.8439244029724339,0.8439244029724339,0.0,6.3541643009805e-25,6.3541643009805e-25,0.0,6.3541643009805e-25,0.004705836524166015,0.005576135146218455,8.847555646766612e-23,8.847555646766612e-23,0.0,8.847555646766612e-23,0.6552419569276946,0.77642257365687,2.4841866019522087e-23,2.4841866019522087e-23,0.0,2.4841866019522087e-23,0.1839766095205734,0.2180012911969117,10687,659,train_increment
50660,123.37466136120491,100.41842230548292,111.38420136301846,150.41842230548292,100.41842230548292,50.0,0.3315313578645191,0.5936669483015521,0.24225019629946734,0.5936669483015521,0.5936669483015521,2.4674932272240984,2.0083684461096585,2.227684027260369,3.0083684461096585,2.0083684461096585,0.049853101237072615,5.986050844192505,49.0,281.0,28.0,13.0,1.345703001744647e-22,1.345703001744647e-22,1.0,1.1936198604603494e-22,1.1936198604603494e-22,0.8869861023664746,0.8869861023664746,0.8869861023664746,0.0,2.846874621513894e-23,2.846874621513894e-23,0.0,2.846874621513894e-23,0.21155296657754655,0.23850764517406112,2.3457778340772457e-24,2.3457778340772457e-24,0.0,2.3457778340772457e-24,0.017431616270722768,0.019652637424887834,8.854746199681877e-23,8.854746199681877e-23,0.0,8.854746199681877e-23,0.6580015195182053,0.7418397174010511,10687,660,train_increment
50661,131.25687874260942,69.7324536403939,207.79967157585736,119.7324536403939,69.7324536403939,50.0,0.39022247760692047,0.20621784899487242,0.960161366908841,0.20621784899487242,0.20621784899487242,2.625137574852188,1.3946490728078782,4.155993431517148,2.394649072807878,1.3946490728078782,0.026730047985160828,6.008936405181885,49.0,281.0,28.0,13.0,1.3473394609760652e-22,1.3473394609760652e-22,1.0,1.1225170831512346e-22,1.1225170831512346e-22,0.8331360549167316,0.8331360549167316,0.8331360549167316,0.0,4.1480023126049136e-24,4.1480023126049136e-24,0.0,4.1480023126049136e-24,0.030786616385450025,0.03695268762378435,1.0007576510110753e-22,1.0007576510110753e-22,0.0,1.0007576510110753e-22,0.7427657839740606,0.8915299963201051,8.02794090141102e-24,8.02794090141102e-24,0.0,8.02794090141102e-24,0.059583654557220984,0.07151731605611057,10687,661,train_increment
50662,189.5979534941916,71.88627015945275,203.50135392390442,121.88627015945275,71.88627015945275,50.0,0.8246310759061175,0.23341250201329225,0.9281560232606434,0.23341250201329225,0.23341250201329225,3.791959069883832,1.437725403189055,4.0700270784780885,2.437725403189055,1.437725403189055,0.04031052224059978,5.952779769897461,49.0,281.0,28.0,13.0,1.3452247438723467e-22,1.3452247438723467e-22,1.0,8.716387705081856e-23,8.716387705081856e-23,0.6479502956502996,0.6479502956502996,0.6479502956502996,0.0,8.93711713153866e-24,8.93711713153866e-24,0.0,8.93711713153866e-24,0.06643586636544009,0.10253234979816368,5.2855725830326115e-23,5.2855725830326115e-23,0.0,5.2855725830326115e-23,0.3929137199645637,0.6063948463365163,2.537103408895378e-23,2.537103408895378e-23,0.0,2.537103408895378e-23,0.18860070932029577,0.29107280386532003,10687,662,train_increment
50663,206.1587409737339,87.64238723455819,111.7442693126123,137.64238723455819,87.64238723455819,50.0,0.9479429707649583,0.43235337417371444,0.24493126815050117,0.43235337417371444,0.43235337417371444,4.123174819474678,1.752847744691164,2.234885386252246,2.752847744691164,1.752847744691164,0.012577458786336617,5.95100474357605,49.0,281.0,28.0,13.0,1.349370313664001e-22,1.349370313664001e-22,1.0,1.3013829083722053e-22,1.3013829083722053e-22,0.9644371861409241,0.9644371861409241,0.9644371861409241,0.0,3.552039170954202e-23,3.552039170954202e-23,0.0,3.552039170954202e-23,0.2632367953396872,0.27294343179880554,7.919651005264488e-23,7.919651005264488e-23,0.0,7.919651005264488e-23,0.586914572305947,0.6085565558234155,1.542138907503363e-23,1.542138907503363e-23,0.0,1.542138907503363e-23,0.11428581849528982,0.11850001237777896,10687,663,train_increment
50664,173.53756462190256,109.88634986091839,194.48508592621556,159.8863498609184,109.88634986091839,50.0,0.7050451572740325,0.7132114881429089,0.8610207440522379,0.7132114881429089,0.7132114881429089,3.4707512924380515,2.1977269972183677,3.8897017185243117,3.1977269972183677,2.1977269972183677,0.03405779124283618,5.9633471965789795,49.0,281.0,28.0,13.0,1.3464679587398457e-22,1.3464679587398457e-22,1.0,7.611311106625263e-23,7.611311106625263e-23,0.5652797793828426,0.5652797793828426,0.5652797793828426,0.0,3.3672120821401855e-23,3.3672120821401855e-23,0.0,3.3672120821401855e-23,0.2500774014178211,0.4423958021120956,1.3002300183561195e-23,1.3002300183561195e-23,0.0,1.3002300183561195e-23,0.09656598286772453,0.1708286522704787,2.943869006128959e-23,2.943869006128959e-23,0.0,2.943869006128959e-23,0.218636395097297,0.3867755456174258,10687,664,train_increment
50665,144.6144337589052,82.93006537206443,94.33436704959439,132.93006537206443,82.93006537206443,50.0,0.48968305107152044,0.3728543607583893,0.11529685070435142,0.3728543607583893,0.3728543607583893,2.892288675178104,1.6586013074412889,1.8866873409918878,2.6586013074412884,1.6586013074412889,0.011031950377834906,5.998685598373413,49.0,281.0,28.0,13.0,1.3499579451105301e-22,1.3499579451105301e-22,1.0,1.1549101887379226e-22,1.1549101887379226e-22,0.8555156795224182,0.8555156795224182,0.8555156795224182,0.0,5.102676733632748e-23,5.102676733632748e-23,0.0,5.102676733632748e-23,0.3779878293330803,0.4418245490767482,2.8956053661049055e-23,2.8956053661049055e-23,0.0,2.8956053661049055e-23,0.214495968307207,0.2507212590503857,3.550819787641572e-23,3.550819787641572e-23,0.0,3.550819787641572e-23,0.26303188188213095,0.30745419187286605,10687,665,train_increment
50666,139.15998005475132,121.59522959479115,114.79889978323143,171.59522959479114,121.59522959479115,50.0,0.4490690994396971,0.8610508787221105,0.26767609667335396,0.8610508787221104,0.8610508787221105,2.7831996010950264,2.4319045918958233,2.2959779956646287,3.431904591895823,2.4319045918958233,0.024586109973225318,5.968636512756348,49.0,281.0,28.0,13.0,1.3507412358077502e-22,1.3507412358077502e-22,1.0,1.0647708759080958e-22,1.0647708759080958e-22,0.7882863480297596,0.7882863480297596,0.7882863480297596,0.0,5.374369856479076e-24,5.374369856479076e-24,0.0,5.374369856479076e-24,0.03978830077890659,0.050474425795084925,8.147448680499498e-23,8.147448680499498e-23,0.0,8.147448680499498e-23,0.6031835309764036,0.7651832769703529,1.9628230929335513e-23,1.9628230929335513e-23,0.0,1.9628230929335513e-23,0.14531451627444933,0.184342297234562,10687,666,train_increment
50667,206.47911067088978,88.38104375777068,96.10482549032442,138.38104375777067,88.38104375777068,50.0,0.9503284487780326,0.4416798454263975,0.1284797132563248,0.4416798454263973,0.4416798454263975,4.1295822134177955,1.7676208751554137,1.9220965098064882,2.7676208751554134,1.7676208751554137,0.010979093849522566,5.9429333209991455,49.0,281.0,28.0,13.0,1.3507917693112238e-22,1.3507917693112238e-22,1.0,1.2370582323151814e-22,1.2370582323151814e-22,0.9158023171446804,0.9158023171446804,0.9158023171446804,0.0,4.196165686579678e-23,4.196165686579678e-23,0.0,4.196165686579678e-23,0.3106448959723323,0.33920518670543603,7.417600801621554e-23,7.417600801621554e-23,0.0,7.417600801621554e-23,0.5491298488888358,0.5996161383396926,7.56815834950582e-24,7.56815834950582e-24,0.0,7.56815834950582e-24,0.0560275722835124,0.061178674954871344,10687,667,train_increment
50668,208.78785549034512,131.78168731234877,187.76708486780782,181.78168731234877,131.78168731234877,50.0,0.9675194005237909,0.9896677690953127,0.8109983981221729,0.9896677690953127,0.9896677690953127,4.175757109806902,2.635633746246975,3.7553416973561564,3.6356337462469757,2.635633746246975,0.0813200053100631,5.9690282344818115,49.0,281.0,28.0,13.0,1.3375402451920788e-22,1.3375402451920788e-22,1.0,8.957304839169373e-23,8.957304839169373e-23,0.6696848839776818,0.6696848839776818,0.6696848839776818,0.0,1.116256471832842e-23,1.116256471832842e-23,0.0,1.116256471832842e-23,0.08345591662346884,0.12461968101739344,6.749482611743005e-23,6.749482611743005e-23,0.0,6.749482611743005e-23,0.5046190300444933,0.7535171274095989,1.091565755593527e-23,1.091565755593527e-23,0.0,1.091565755593527e-23,0.08160993730971973,0.12186319157300779,10687,668,train_increment
50669,132.252650091355,59.57121477282828,174.90088496941362,109.57121477282828,59.57121477282828,50.0,0.39763700738164565,0.07791937844480142,0.7151964629144723,0.07791937844480151,0.07791937844480142,2.6450530018271,1.1914242954565657,3.4980176993882726,2.1914242954565655,1.1914242954565657,0.019707104728872642,5.972314357757568,49.0,281.0,28.0,13.0,1.3519123020983388e-22,1.3519123020983388e-22,1.0,1.218013209918184e-22,1.218013209918184e-22,0.9009557853920506,0.9009557853920506,0.9009557853920506,0.0,3.50644394938975e-24,3.50644394938975e-24,0.0,3.50644394938975e-24,0.025936918718376226,0.02878822594728085,1.1576337616557841e-22,1.1576337616557841e-22,0.0,1.1576337616557841e-22,0.8562935331374604,0.9504279200170123,2.5315008768502376e-24,2.5315008768502376e-24,0.0,2.5315008768502376e-24,0.01872533353621406,0.02078385403570691,10687,669,train_increment
50670,184.92117821165317,68.91801630334051,153.52589068063492,118.91801630334051,68.91801630334051,50.0,0.7898077305409766,0.19593454928460233,0.5560379052913992,0.19593454928460233,0.19593454928460233,3.6984235642330634,1.3783603260668102,3.0705178136126987,2.3783603260668102,1.3783603260668102,0.014467676162559036,5.9842774868011475,49.0,281.0,28.0,13.0,1.3486585861781888e-22,1.3486585861781888e-22,1.0,1.1752369737103392e-22,1.1752369737103392e-22,0.8714117759341231,0.8714117759341231,0.8714117759341231,0.0,3.998764842365607e-24,3.998764842365607e-24,0.0,3.998764842365607e-24,0.02964994167795465,0.03402517902190493,9.249759936349845e-23,9.249759936349845e-23,0.0,9.249759936349845e-23,0.6858488894926101,0.7870548785703567,2.1027333165169855e-23,2.1027333165169855e-23,0.0,2.1027333165169855e-23,0.15591294476355827,0.1789199424077383,10687,670,train_increment
50671,137.8855640881867,90.56177234812424,97.6386022556858,140.56177234812424,90.56177234812424,50.0,0.43957977727614816,0.46921429732480097,0.13990024017636485,0.46921429732480097,0.46921429732480097,2.757711281763734,1.8112354469624847,1.9527720451137163,2.8112354469624847,1.8112354469624847,0.044679554869510044,5.998698472976685,49.0,281.0,28.0,13.0,1.3473825636793588e-22,1.3473825636793588e-22,1.0,1.1675630511830939e-22,1.1675630511830939e-22,0.8665416064126408,0.8665416064126408,0.8665416064126408,0.0,5.45800957878887e-23,5.45800957878887e-23,0.0,5.45800957878887e-23,0.4050823964861498,0.46747022126627413,7.923081794506252e-24,7.923081794506252e-24,0.0,7.923081794506252e-24,0.058803505463736534,0.06785999082857049,5.425312753591443e-23,5.425312753591443e-23,0.0,5.425312753591443e-23,0.4026557044627544,0.4646697879051554,10687,671,train_increment
50672,197.65303892894968,77.27550551987723,107.260786299467,127.27550551987723,77.27550551987723,50.0,0.8846093740055821,0.3014584030287529,0.21154718018962773,0.3014584030287529,0.3014584030287529,3.9530607785789935,1.5455101103975446,2.14521572598934,2.5455101103975446,1.5455101103975446,0.008696956750118692,6.001548767089844,49.0,281.0,28.0,13.0,1.3517087922506741e-22,1.3517087922506741e-22,1.0,1.329510372005555e-22,1.329510372005555e-22,0.983577512869353,0.983577512869353,0.983577512869353,0.0,2.2504869778755872e-23,2.2504869778755872e-23,0.0,2.2504869778755872e-23,0.1664919981861178,0.16927186318078488,9.957494155774384e-23,9.957494155774384e-23,0.0,9.957494155774384e-23,0.7366597164167715,0.7489594940695038,1.0871225864055801e-23,1.0871225864055801e-23,0.0,1.0871225864055801e-23,0.0804257982664637,0.08176864274971131,10687,672,train_increment
50673,201.05604974321466,82.63943636910886,86.43960972200087,132.63943636910886,82.63943636910886,50.0,0.9099482482741225,0.36918480264026343,0.056512358317206794,0.36918480264026343,0.36918480264026343,4.021120994864293,1.6527887273821773,1.7287921944400175,2.6527887273821773,1.6527887273821773,0.01253969705570299,6.044426679611206,49.0,281.0,28.0,13.0,1.3472348503546942e-22,1.3472348503546942e-22,1.0,1.3120189594969368e-22,1.3120189594969368e-22,0.9738606146890529,0.9738606146890529,0.9738606146890529,0.0,4.4039710070850533e-23,4.4039710070850533e-23,0.0,4.4039710070850533e-23,0.3268896292228185,0.33566367126079133,8.119415366330495e-23,8.119415366330495e-23,0.0,8.119415366330495e-23,0.6026726048686204,0.6188489356467605,5.968032215538207e-24,5.968032215538207e-24,0.0,5.968032215538207e-24,0.04429838059761421,0.045487393092448224,10687,673,train_increment
50674,95.61062732421507,122.72330173385532,140.70866736243983,172.72330173385532,122.72330173385532,50.0,0.12479990561589782,0.8752942138113047,0.46060065050215804,0.8752942138113047,0.8752942138113047,1.9122125464843014,2.4544660346771066,2.8141733472487966,3.4544660346771066,2.4544660346771066,0.07584923124907014,5.956704139709473,49.0,281.0,28.0,13.0,1.3346748496028124e-22,1.3346748496028124e-22,1.0,6.816046992026638e-23,6.816046992026638e-23,0.5106897004955951,0.5106897004955951,0.5106897004955951,0.0,7.054079286388433e-24,7.054079286388433e-24,0.0,7.054079286388433e-24,0.05285241786407877,0.10349223376306302,6.115771087099305e-24,6.115771087099305e-24,0.0,6.115771087099305e-24,0.04582217975351304,0.08972606987970433,5.499061954677864e-23,5.499061954677864e-23,0.0,5.499061954677864e-23,0.41201510287800336,0.8067816963572327,10687,674,train_increment
50675,120.71908988262041,54.401307312660066,191.34830238889566,104.40130731266007,54.401307312660066,50.0,0.3117579291334357,0.012642769099243186,0.8376642024489624,0.012642769099243186,0.012642769099243186,2.4143817976524082,1.0880261462532015,3.8269660477779137,2.0880261462532013,1.0880261462532015,0.035666732688158655,6.018611192703247,49.0,281.0,28.0,13.0,1.3524172118168743e-22,1.3524172118168743e-22,1.0,9.685030349821402e-23,9.685030349821402e-23,0.7161274098848732,0.7161274098848732,0.7161274098848732,0.0,1.7093540857600787e-23,1.7093540857600787e-23,0.0,1.7093540857600787e-23,0.1263925119278603,0.17649444803150258,7.618434195857697e-23,7.618434195857697e-23,0.0,7.618434195857697e-23,0.5633198194529693,0.7866195479705632,3.572420682036265e-24,3.572420682036265e-24,0.0,3.572420682036265e-24,0.026415078504043715,0.03688600399793422,10687,675,train_increment
50676,133.1085215445202,56.43956684860883,125.3228312642375,106.43956684860882,56.43956684860883,50.0,0.40400984024214587,0.03837836930061644,0.34603746287593073,0.03837836930061635,0.03837836930061644,2.662170430890404,1.1287913369721765,2.5064566252847498,2.1287913369721765,1.1287913369721765,0.030495540672449684,5.987273216247559,49.0,281.0,28.0,13.0,1.3484043206777873e-22,1.3484043206777873e-22,1.0,1.0540451016380284e-22,1.0540451016380284e-22,0.7816981045479025,0.7816981045479025,0.7816981045479025,0.0,2.803515471597454e-23,2.803515471597454e-23,0.0,2.803515471597454e-23,0.20791356335822492,0.2659768037668102,7.419257957382387e-23,7.419257957382387e-23,0.0,7.419257957382387e-23,0.5502250210569655,0.703884297346723,3.1767758740044335e-24,3.1767758740044335e-24,0.0,3.1767758740044335e-24,0.023559520132712116,0.03013889888646697,10687,676,train_increment
50677,135.97383980676105,57.544335841574885,169.26438504953524,107.54433584157488,57.544335841574885,50.0,0.4253450469602461,0.05232747274715757,0.6732269921782221,0.05232747274715748,0.05232747274715757,2.7194767961352206,1.1508867168314976,3.385287700990705,2.1508867168314976,1.1508867168314976,0.019262851942351222,5.957643508911133,49.0,281.0,28.0,13.0,1.346069398878428e-22,1.346069398878428e-22,1.0,1.1706067367182972e-22,1.1706067367182972e-22,0.8696481308420428,0.8696481308420428,0.8696481308420428,0.0,2.601004228449189e-24,2.601004228449189e-24,0.0,2.601004228449189e-24,0.019322957869901788,0.022219282931353165,1.1083348537887701e-22,1.1083348537887701e-22,0.0,1.1083348537887701e-22,0.8233861156878367,0.9468037548595515,3.626184064503524e-24,3.626184064503524e-24,0.0,3.626184064503524e-24,0.02693905728430446,0.030976962209095453,10687,677,train_increment
50678,93.1860785967342,97.81999072093984,97.41099454025168,147.81999072093984,97.81999072093984,50.0,0.10674667607397029,0.5608584686987353,0.1382054693987467,0.5608584686987353,0.5608584686987353,1.8637215719346842,1.9563998144187968,1.9482198908050334,2.956399814418797,1.9563998144187968,0.09981743355455631,5.966161012649536,49.0,281.0,28.0,13.0,1.3372250999651405e-22,1.3372250999651405e-22,1.0,1.115314716346505e-22,1.115314716346505e-22,0.834051586659254,0.834051586659254,0.834051586659254,0.0,2.961156963514392e-23,2.961156963514392e-23,0.0,2.961156963514392e-23,0.22144042641673306,0.26549967646929373,4.173337157467696e-24,4.173337157467696e-24,0.0,4.173337157467696e-24,0.031208935261359424,0.0374184711839768,7.774656484203888e-23,7.774656484203888e-23,0.0,7.774656484203888e-23,0.5814022249811615,0.6970818523467294,10687,678,train_increment
50679,134.14711881605314,116.99849597254592,97.56336733084856,166.99849597254592,116.99849597254592,50.0,0.41174325253948724,0.8030113127846709,0.13934003969358577,0.8030113127846709,0.8030113127846709,2.682942376321063,2.339969919450919,1.9512673466169714,3.3399699194509185,2.339969919450919,0.014228703601276578,5.961416244506836,49.0,281.0,28.0,13.0,1.348610728383206e-22,1.348610728383206e-22,1.0,1.1262341982905703e-22,1.1262341982905703e-22,0.835106954577446,0.835106954577446,0.835106954577446,0.0,2.697744291549703e-24,2.697744291549703e-24,0.0,2.697744291549703e-24,0.020003876839864074,0.023953670521143958,5.859449944420388e-23,5.859449944420388e-23,0.0,5.859449944420388e-23,0.4344804487389064,0.5202692258247906,5.133117609330345e-23,5.133117609330345e-23,0.0,5.133117609330345e-23,0.3806226289986755,0.45577710365406543,10687,679,train_increment
50680,199.95310507974753,129.29756090137607,168.33459904466545,179.29756090137607,129.29756090137607,50.0,0.9017357042423494,0.9583025366335364,0.6663037903549177,0.9583025366335364,0.9583025366335364,3.999062101594951,2.5859512180275215,3.366691980893309,3.585951218027522,2.5859512180275215,0.014495623913650817,5.965597867965698,49.0,281.0,28.0,13.0,1.3507451645841984e-22,1.3507451645841984e-22,1.0,1.0284858117651312e-22,1.0284858117651312e-22,0.761421057599515,0.761421057599515,0.761421057599515,0.0,5.7120266700913446e-24,5.7120266700913446e-24,0.0,5.7120266700913446e-24,0.042287966819038625,0.05553821554706837,9.051712278654247e-23,9.051712278654247e-23,0.0,9.051712278654247e-23,0.6701273131294642,0.880100840975075,6.619431719879311e-24,6.619431719879311e-24,0.0,6.619431719879311e-24,0.0490057776510122,0.06436094347785663,10687,680,train_increment
50681,94.22238827383195,105.70282711978425,187.83777309938512,155.70282711978425,105.70282711978425,50.0,0.11446305490567354,0.6603892313104072,0.811524743852458,0.6603892313104072,0.6603892313104072,1.884447765476639,2.114056542395685,3.7567554619877024,3.114056542395685,2.114056542395685,0.044110887752909646,6.005507707595825,49.0,281.0,28.0,13.0,1.3468435092361414e-22,1.3468435092361414e-22,1.0,1.2131135002949845e-22,1.2131135002949845e-22,0.900708576739549,0.900708576739549,0.900708576739549,0.0,4.774561545004832e-23,4.774561545004832e-23,0.0,4.774561545004832e-23,0.3545000968755985,0.39357912873311807,7.661089118093216e-24,7.661089118093216e-24,0.0,7.661089118093216e-24,0.0568818059823311,0.06315228637905951,6.59046454613569e-23,6.59046454613569e-23,0.0,6.59046454613569e-23,0.48932667388161927,0.5432685848878223,10687,681,train_increment
50682,173.26938737404495,120.91348077388677,98.96016400987978,170.91348077388676,120.91348077388677,50.0,0.7030483050934099,0.852442939064227,0.14974061064690827,0.8524429390642269,0.852442939064227,3.465387747480899,2.418269615477736,1.9792032801975954,3.4182696154777354,2.418269615477736,0.031018637754506112,5.982102870941162,49.0,281.0,28.0,13.0,1.3453481549104737e-22,1.3453481549104737e-22,1.0,1.1986080727926662e-22,1.1986080727926662e-22,0.8909278006721076,0.8909278006721076,0.8909278006721076,0.0,1.1333850525677958e-24,1.1333850525677958e-24,0.0,1.1333850525677958e-24,0.008424473980441272,0.00945584364309423,1.102376222610434e-22,1.102376222610434e-22,0.0,1.102376222610434e-22,0.819398472125449,0.9197136642355334,8.489799965655428e-24,8.489799965655428e-24,0.0,8.489799965655428e-24,0.06310485456621734,0.07083049212137238,10687,682,train_increment
50683,188.01900103176592,95.57730402012243,147.7655931328569,145.57730402012243,95.57730402012243,50.0,0.8128741700057031,0.5325417174257883,0.5131466353898504,0.5325417174257883,0.5325417174257883,3.760380020635319,1.9115460804024487,2.955311862657138,2.9115460804024487,1.9115460804024487,0.03711834936255402,5.961942911148071,49.0,281.0,28.0,13.0,1.3496130193396578e-22,1.3496130193396578e-22,1.0,1.100942431432602e-22,1.100942431432602e-22,0.8157467478872381,0.8157467478872381,0.8157467478872381,0.0,4.685401028716428e-23,4.685401028716428e-23,0.0,4.685401028716428e-23,0.3471662588887082,0.42558092911538953,1.1301060018934064e-23,1.1301060018934064e-23,0.0,1.1301060018934064e-23,0.08373555868973076,0.10264896416271788,5.193917283716185e-23,5.193917283716185e-23,0.0,5.193917283716185e-23,0.3848449303087991,0.47177010672189257,10687,683,train_increment
50684,126.3494027899197,121.6494037661882,161.16194880822002,171.6494037661882,121.6494037661882,50.0,0.3536813312726709,0.8617348960377299,0.6128961191974684,0.8617348960377297,0.8617348960377299,2.5269880557983937,2.432988075323764,3.2232389761644002,3.432988075323764,2.432988075323764,0.020920264229088444,5.965225696563721,49.0,281.0,28.0,13.0,1.3478690784664204e-22,1.3478690784664204e-22,1.0,5.895760576502354e-23,5.895760576502354e-23,0.43741344546685773,0.43741344546685773,0.43741344546685773,0.0,1.5832887820919544e-23,1.5832887820919544e-23,0.0,1.5832887820919544e-23,0.11746606605838825,0.26854699432710627,1.1916676030537149e-23,1.1916676030537149e-23,0.0,1.1916676030537149e-23,0.08841122792204502,0.20212279443692555,3.1208041913566846e-23,3.1208041913566846e-23,0.0,3.1208041913566846e-23,0.23153615148642445,0.5293302112359682,10687,684,train_increment
50685,85.49292264315034,96.50914641202418,139.18637972374563,146.50914641202417,96.50914641202418,50.0,0.049463310820181246,0.5443074041922245,0.44926567180748794,0.5443074041922243,0.5443074041922245,1.7098584528630068,1.9301829282404837,2.7837275944749127,2.9301829282404834,1.9301829282404837,0.05057781953155331,6.015875339508057,49.0,281.0,28.0,13.0,1.3414118467111453e-22,1.3414118467111453e-22,1.0,1.1345694388176845e-22,1.1345694388176845e-22,0.8458024592517249,0.8458024592517249,0.8458024592517249,0.0,5.096848182421383e-23,5.096848182421383e-23,0.0,5.096848182421383e-23,0.37996147081284276,0.4492319295796229,1.6017339439117486e-23,1.6017339439117486e-23,0.0,1.6017339439117486e-23,0.11940657508272776,0.14117548817293088,4.647112261843714e-23,4.647112261843714e-23,0.0,4.647112261843714e-23,0.3464344133561545,0.40959258224744627,10687,685,train_increment
50686,143.65964769952933,53.90741766676402,150.2173033709788,103.90741766676402,53.90741766676402,50.0,0.48257369843283193,0.0064067887217678435,0.5314021099849502,0.0064067887217678435,0.0064067887217678435,2.873192953990587,1.0781483533352805,3.004346067419576,2.0781483533352803,1.0781483533352805,0.04660895479692464,5.998324155807495,49.0,281.0,28.0,13.0,1.3466709591318075e-22,1.3466709591318075e-22,1.0,1.0890679172907315e-22,1.0890679172907315e-22,0.8087112222222781,0.8087112222222781,0.8087112222222781,0.0,3.0704484861481e-23,3.0704484861481e-23,0.0,3.0704484861481e-23,0.22800287370328412,0.2819336092267265,7.57892803115026e-23,7.57892803115026e-23,0.0,7.57892803115026e-23,0.5627898916032436,0.6959095856945561,2.4130265560895404e-24,2.4130265560895404e-24,0.0,2.4130265560895404e-24,0.017918456915750284,0.022156805078717347,10687,686,train_increment
50687,99.59852496049827,118.5803329219424,112.04801313783986,168.5803329219424,118.5803329219424,50.0,0.15449385674235497,0.8229840015396768,0.24719294964884483,0.8229840015396767,0.8229840015396768,1.9919704992099654,2.3716066584388478,2.240960262756797,3.3716066584388478,2.3716066584388478,0.031131196093765374,5.966874361038208,49.0,281.0,28.0,13.0,1.3517506189911384e-22,1.3517506189911384e-22,1.0,9.75577013421555e-23,9.75577013421555e-23,0.7217137537911129,0.7217137537911129,0.7217137537911129,0.0,1.0151133913039181e-23,1.0151133913039181e-23,0.0,1.0151133913039181e-23,0.07509620317847791,0.10405261474373004,4.514810463367892e-24,4.514810463367892e-24,0.0,4.514810463367892e-24,0.03339972920994453,0.046278360408815875,8.289175696574842e-23,8.289175696574842e-23,0.0,8.289175696574842e-23,0.6132178214026904,0.849669024847454,10687,687,train_increment
50688,212.24325162690283,126.57621285823387,154.67947394799342,176.57621285823387,126.57621285823387,50.0,0.9932483367602594,0.923942081543357,0.5646275051972705,0.923942081543357,0.923942081543357,4.244865032538057,2.5315242571646777,3.0935894789598684,3.531524257164677,2.5315242571646777,0.08829225326414167,5.967365026473999,49.0,281.0,28.0,13.0,1.3406141196755406e-22,1.3406141196755406e-22,1.0,9.557209717386485e-23,9.557209717386485e-23,0.7128978859106414,0.7128978859106414,0.7128978859106414,0.0,1.6960412911399634e-24,1.6960412911399634e-24,0.0,1.6960412911399634e-24,0.012651226525575043,0.017746197282398474,8.650676500440388e-23,8.650676500440388e-23,0.0,8.650676500440388e-23,0.6452771437715463,0.9051466647951724,7.369290878320999e-24,7.369290878320999e-24,0.0,7.369290878320999e-24,0.054969515613519995,0.07710713792242915,10687,688,train_increment
50689,82.67282826590625,67.40989775976907,118.60742656095013,117.40989775976907,67.40989775976907,50.0,0.028464841890590117,0.17689264848193262,0.2960344494486235,0.17689264848193262,0.17689264848193262,1.653456565318125,1.3481979551953815,2.3721485312190027,2.3481979551953813,1.3481979551953815,0.021255349543222807,5.94789719581604,49.0,281.0,28.0,13.0,1.34838960260338e-22,1.34838960260338e-22,1.0,1.2427340374976578e-22,1.2427340374976578e-22,0.9216431475726826,0.9216431475726826,0.9216431475726826,0.0,3.1000258227052024e-23,3.1000258227052024e-23,0.0,3.1000258227052024e-23,0.22990579404645964,0.24945207334526276,9.038889257005313e-23,9.038889257005313e-23,0.0,9.038889257005313e-23,0.6703470005667229,0.7273389948508873,2.884252952660621e-24,2.884252952660621e-24,0.0,2.884252952660621e-24,0.02139035295949998,0.023208931803849923,10687,689,train_increment
50690,119.90512515935481,124.3467308769457,168.05943348927462,174.34673087694568,124.3467308769457,50.0,0.30569713447025176,0.8957920565270923,0.6642549031219257,0.895792056527092,0.8957920565270923,2.398102503187096,2.486934617538914,3.3611886697854927,3.486934617538914,2.486934617538914,0.08182432553155773,5.94599461555481,49.0,281.0,28.0,13.0,1.3394805847120743e-22,1.3394805847120743e-22,1.0,4.1967989437094593e-23,4.1967989437094593e-23,0.31331539938756,0.31331539938756,0.31331539938756,0.0,2.1904415739909058e-24,2.1904415739909058e-24,0.0,2.1904415739909058e-24,0.01635291768310138,0.05219315014540158,1.4523011009495195e-23,1.4523011009495195e-23,0.0,1.4523011009495195e-23,0.108422706347901,0.3460497203770887,2.525453685360849e-23,2.525453685360849e-23,0.0,2.525453685360849e-23,0.18853977535655758,0.6017571294775097,10687,690,train_increment
50691,172.81215375806536,59.10140824434186,131.40435060161573,109.10140824434185,59.10140824434186,50.0,0.6996437360987741,0.0719874778325992,0.39132055548485284,0.07198747783259911,0.0719874778325992,3.4562430751613076,1.1820281648868374,2.6280870120323145,2.1820281648868374,1.1820281648868374,0.015165639851872047,6.003443479537964,49.0,281.0,28.0,13.0,1.3511532975872262e-22,1.3511532975872262e-22,1.0,9.259424695883367e-23,9.259424695883367e-23,0.6852978646033765,0.6852978646033765,0.6852978646033765,0.0,6.2956769325067486e-24,6.2956769325067486e-24,0.0,6.2956769325067486e-24,0.04659483823004413,0.06799209604572662,7.547211700044814e-23,7.547211700044814e-23,0.0,7.547211700044814e-23,0.5585755305132273,0.8150843003669782,1.082645302587878e-23,1.082645302587878e-23,0.0,1.082645302587878e-23,0.08012749586010508,0.11692360358729519,10687,691,train_increment
50692,122.28010784607906,116.83072302432839,159.16399677055512,166.8307230243284,116.83072302432839,50.0,0.32338129446075253,0.8008929674788939,0.5980193355960917,0.8008929674788939,0.8008929674788939,2.445602156921581,2.336614460486568,3.183279935411102,3.336614460486568,2.336614460486568,0.034916895839813035,5.919583797454834,49.0,281.0,28.0,13.0,1.3502523460310134e-22,1.3502523460310134e-22,1.0,7.597741439560524e-23,7.597741439560524e-23,0.5626904824045397,0.5626904824045397,0.5626904824045397,0.0,1.867026153277967e-23,1.867026153277967e-23,0.0,1.867026153277967e-23,0.13827238728864125,0.24573436305118082,1.2591464458109262e-23,1.2591464458109262e-23,0.0,1.2591464458109262e-23,0.0932526760284559,0.1657264143334363,4.4715688404716313e-23,4.4715688404716313e-23,0.0,4.4715688404716313e-23,0.3311654190874426,0.5885392226153829,10687,692,train_increment
50693,147.57555896874214,90.41293044888964,208.93907371159167,140.41293044888965,90.41293044888964,50.0,0.5117316378908574,0.4673349804152732,0.9686453738763341,0.4673349804152734,0.4673349804152732,2.951511179374843,1.808258608977793,4.178781474231834,2.8082586089777934,1.808258608977793,0.07911282331354373,5.961474895477295,49.0,281.0,28.0,13.0,1.3329573823713389e-22,1.3329573823713389e-22,1.0,9.27152141795548e-23,9.27152141795548e-23,0.6955602287495036,0.6955602287495036,0.6955602287495036,0.0,4.454397667672892e-23,4.454397667672892e-23,0.0,4.454397667672892e-23,0.33417404986710775,0.4804386968298843,4.791101083154996e-24,4.791101083154996e-24,0.0,4.791101083154996e-24,0.035943392838498706,0.05167545721111553,4.3380136419670885e-23,4.3380136419670885e-23,0.0,4.3380136419670885e-23,0.32544278604389715,0.4678858459590002,10687,693,train_increment
50694,116.27752890293473,83.40769302727958,101.62484987398368,133.40769302727958,83.40769302727958,50.0,0.27868599332043736,0.3788850129707017,0.16958190524187403,0.3788850129707017,0.3788850129707017,2.3255505780586945,1.6681538605455917,2.0324969974796736,2.668153860545592,1.6681538605455917,0.04298154185522401,5.993065357208252,49.0,281.0,28.0,13.0,1.3459030195966917e-22,1.3459030195966917e-22,1.0,1.1414407266632257e-22,1.1414407266632257e-22,0.8480854192639122,0.8480854192639122,0.8480854192639122,0.0,8.132501115935194e-23,8.132501115935194e-23,0.0,8.132501115935194e-23,0.6042412415697046,0.7124768659437042,7.473920442331676e-24,7.473920442331676e-24,0.0,7.473920442331676e-24,0.05553089883527628,0.06547795490161099,2.5345141064638944e-23,2.5345141064638944e-23,0.0,2.5345141064638944e-23,0.18831327885893126,0.2220451791546847,10687,694,train_increment
50695,111.10649510165194,80.38036985230136,196.51382661269793,130.38036985230136,80.38036985230136,50.0,0.24018239092816043,0.34066123550885546,0.8761267804370657,0.34066123550885546,0.34066123550885546,2.222129902033039,1.6076073970460272,3.9302765322539583,2.6076073970460274,1.6076073970460272,0.06817375774819774,5.983273983001709,49.0,281.0,28.0,13.0,1.3417871533459526e-22,1.3417871533459526e-22,1.0,9.312293638703573e-23,9.312293638703573e-23,0.6940216721766889,0.6940216721766889,0.6940216721766889,0.0,1.842468802230098e-23,1.842468802230098e-23,0.0,1.842468802230098e-23,0.1373145358886183,0.19785338324947843,6.13819482737724e-23,6.13819482737724e-23,0.0,6.13819482737724e-23,0.45746412253766977,0.6591496215138443,1.3316300090962342e-23,1.3316300090962342e-23,0.0,1.3316300090962342e-23,0.09924301375040073,0.1429969952366772,10687,695,train_increment
50696,168.106503127714,101.50667372211771,100.37441189783668,151.5066737221177,101.50667372211771,50.0,0.6646053844208042,0.6074074964913853,0.16027112358776385,0.6074074964913853,0.6074074964913853,3.36213006255428,2.0301334744423545,2.007488237956734,3.030133474442354,2.0301334744423545,0.030595343237714293,6.032397270202637,49.0,281.0,28.0,13.0,1.3457752964269376e-22,1.3457752964269376e-22,1.0,1.1295872689726718e-22,1.1295872689726718e-22,0.8393580057322721,0.8393580057322721,0.8393580057322721,0.0,2.3572795623330166e-23,2.3572795623330166e-23,0.0,2.3572795623330166e-23,0.17516145292543597,0.20868503276217842,5.030619525085577e-23,5.030619525085577e-23,0.0,5.030619525085577e-23,0.37380828273798605,0.44535023218354663,3.9079736023081237e-23,3.9079736023081237e-23,0.0,3.9079736023081237e-23,0.2903882700688501,0.3459647350542749,10687,696,train_increment
50697,82.59908090420717,110.24516288616198,204.5834301543663,160.24516288616198,110.24516288616198,50.0,0.02791571782730585,0.7177419556333583,0.9362131805984089,0.7177419556333583,0.7177419556333583,1.6519816180841433,2.2049032577232395,4.091668603087326,3.20490325772324,2.2049032577232395,0.032164965150320725,6.101593255996704,49.0,281.0,28.0,13.0,1.3428101017273648e-22,1.3428101017273648e-22,1.0,1.2327112480294406e-22,1.2327112480294406e-22,0.91800861971749,0.91800861971749,0.91800861971749,0.0,5.934578759927808e-23,5.934578759927808e-23,0.0,5.934578759927808e-23,0.44195219802812635,0.4814248891956305,2.479068329271568e-24,2.479068329271568e-24,0.0,2.479068329271568e-24,0.018461793861116644,0.020110697726126055,6.144626887439441e-23,6.144626887439441e-23,0.0,6.144626887439441e-23,0.4575946278282471,0.49846441307824346,10687,697,train_increment
50698,110.74550112542573,56.34379833098703,151.69009636677825,106.34379833098703,56.34379833098703,50.0,0.23749442386765254,0.03716917084579573,0.5423685507578425,0.03716917084579573,0.03716917084579573,2.2149100225085148,1.1268759666197405,3.033801927335565,2.1268759666197408,1.1268759666197405,0.011979057036868086,5.985004186630249,49.0,281.0,28.0,13.0,1.3454637179580866e-22,1.3454637179580866e-22,1.0,1.1709659773404657e-22,1.1709659773404657e-22,0.8703066174965732,0.8703066174965732,0.8703066174965732,0.0,8.818172026918056e-24,8.818172026918056e-24,0.0,8.818172026918056e-24,0.06554002095501141,0.07530681674412233,1.0362612371225242e-22,1.0362612371225242e-22,0.0,1.0362612371225242e-22,0.7701889120393252,0.8849627206728182,4.652301994876082e-24,4.652301994876082e-24,0.0,4.652301994876082e-24,0.03457768450223649,0.03973046258305929,10687,698,train_increment
50699,103.96082956326586,123.53630728114375,185.21550828587607,173.53630728114376,123.53630728114375,50.0,0.18697564827450383,0.8855594353679767,0.7919993170951308,0.8855594353679769,0.8855594353679767,2.079216591265317,2.470726145622875,3.7043101657175215,3.4707261456228755,2.470726145622875,0.08472535011215644,5.9646992683410645,49.0,281.0,28.0,13.0,1.3390139595614087e-22,1.3390139595614087e-22,1.0,4.864061104972837e-23,4.864061104972837e-23,0.363256937707061,0.363256937707061,0.363256937707061,0.0,1.7404440234194144e-23,1.7404440234194144e-23,0.0,1.7404440234194144e-23,0.12997952791989512,0.3578170557191497,8.400380586404003e-24,8.400380586404003e-24,0.0,8.400380586404003e-24,0.06273557139878908,0.17270302336078308,2.283579022913023e-23,2.283579022913023e-23,0.0,2.283579022913023e-23,0.17054183838837683,0.4694799209200673,10687,699,train_increment
50700,136.52370901469038,102.1072239528679,115.33684328722465,152.1072239528679,102.1072239528679,50.0,0.4294393820900252,0.6149902014250997,0.271681632816267,0.6149902014251,0.6149902014250997,2.7304741802938075,2.042144479057358,2.306736865744493,3.042144479057358,2.042144479057358,0.05904748665048498,5.966663837432861,49.0,281.0,28.0,13.0,1.341812031962296e-22,1.341812031962296e-22,1.0,1.176230499120161e-22,1.176230499120161e-22,0.8765985630640196,0.8765985630640196,0.8765985630640196,0.0,2.5205451276101717e-23,2.5205451276101717e-23,0.0,2.5205451276101717e-23,0.18784636503252025,0.2142900672525988,3.368837664305602e-24,3.368837664305602e-24,0.0,3.368837664305602e-24,0.02510662882772737,0.028640965072964406,8.904876097160878e-23,8.904876097160878e-23,0.0,8.904876097160878e-23,0.663645569203772,0.7570689676744368,10687,700,train_increment
50701,148.89493672947395,105.12676306659432,206.30667595832392,155.12676306659432,105.12676306659432,50.0,0.521555746310305,0.6531156952852819,0.9490444970835734,0.6531156952852819,0.6531156952852819,2.977898734589479,2.102535261331887,4.126133519166479,3.1025352613318864,2.102535261331887,0.03874509862678694,6.0205910205841064,49.0,281.0,28.0,13.0,1.3470927928286483e-22,1.3470927928286483e-22,1.0,1.0772112774055175e-22,1.0772112774055175e-22,0.7996563289033497,0.7996563289033497,0.7996563289033497,0.0,4.821633045373443e-23,4.821633045373443e-23,0.0,4.821633045373443e-23,0.3579287983011843,0.4476032832655105,3.841336853394761e-24,3.841336853394761e-24,0.0,3.841336853394761e-24,0.0285157553647708,0.03566001335083206,5.566346043342256e-23,5.566346043342256e-23,0.0,5.566346043342256e-23,0.4132117752373946,0.5167367033836574,10687,701,train_increment
50702,112.4562839263307,102.15106015070144,172.10706448568325,152.15106015070143,102.15106015070144,50.0,0.2502329406279278,0.6155436887714828,0.6943936298263831,0.6155436887714827,0.6155436887714828,2.249125678526614,2.0430212030140287,3.4421412897136654,3.0430212030140282,2.0430212030140287,0.04284105800863989,5.977161407470703,49.0,281.0,28.0,13.0,1.34549832992173e-22,1.34549832992173e-22,1.0,1.1758118820319191e-22,1.1758118820319191e-22,0.8738857982085478,0.8738857982085478,0.8738857982085478,0.0,4.429263188239142e-23,4.429263188239142e-23,0.0,4.429263188239142e-23,0.32919128101012207,0.37669828447259246,7.130090847294923e-24,7.130090847294923e-24,0.0,7.130090847294923e-24,0.05299219396065465,0.060639724400245225,6.615846547350557e-23,6.615846547350557e-23,0.0,6.615846547350557e-23,0.4917023232377711,0.5626619911271623,10687,702,train_increment
50703,168.3898175116628,94.97929106269015,119.18468484864673,144.97929106269015,94.97929106269015,50.0,0.6667149479647269,0.5249910487713403,0.3003327241150166,0.5249910487713403,0.5249910487713403,3.3677963502332564,1.8995858212538033,2.3836936969729345,2.8995858212538033,1.8995858212538033,0.022476665997576303,5.983126401901245,49.0,281.0,28.0,13.0,1.3495017009816262e-22,1.3495017009816262e-22,1.0,1.1924915684334481e-22,1.1924915684334481e-22,0.8836532533201188,0.8836532533201188,0.8836532533201188,0.0,4.319982776343597e-23,4.319982776343597e-23,0.0,4.319982776343597e-23,0.32011688263906934,0.3622652680067726,1.4543770415238595e-23,1.4543770415238595e-23,0.0,1.4543770415238595e-23,0.10777141225282984,0.1219612012380469,6.150555866467025e-23,6.150555866467025e-23,0.0,6.150555866467025e-23,0.45576495842821957,0.5157735307551805,10687,703,train_increment
50704,105.81403860654703,88.50543276141974,189.05848209656216,138.50543276141974,88.50543276141974,50.0,0.20077467316863018,0.44325041365428963,0.8206141630421605,0.44325041365428963,0.44325041365428963,2.1162807721309407,1.7701086552283947,3.781169641931243,2.770108655228395,1.7701086552283947,0.050236518509939786,5.90961766242981,49.0,281.0,28.0,13.0,1.3451951777554772e-22,1.3451951777554772e-22,1.0,1.0052153640657461e-22,1.0052153640657461e-22,0.7472635798048253,0.7472635798048253,0.7472635798048253,0.0,5.695479637407379e-23,5.695479637407379e-23,0.0,5.695479637407379e-23,0.423394294864375,0.5665929750985049,1.500309519497904e-23,1.500309519497904e-23,0.0,1.500309519497904e-23,0.11153099151018683,0.14925254558681578,2.856364483752179e-23,2.856364483752179e-23,0.0,2.856364483752179e-23,0.21233829343026345,0.28415447931467935,10687,704,train_increment
50705,80.52944112273694,53.70858693525715,158.95475033107112,103.70858693525716,53.70858693525715,50.0,0.012505146111220748,0.0038962996875902332,0.5964612831799786,0.003896299687590323,0.0038962996875902332,1.6105888224547389,1.074171738705143,3.1790950066214223,2.074171738705143,1.074171738705143,0.008257728114733005,5.977866172790527,49.0,281.0,28.0,13.0,1.3435719398500443e-22,1.3435719398500443e-22,1.0,1.0757615854812438e-22,1.0757615854812438e-22,0.8006728583519758,0.8006728583519758,0.8006728583519758,0.0,1.3689563761604444e-23,1.3689563761604444e-23,0.0,1.3689563761604444e-23,0.10188932468426166,0.12725462543338906,8.011075319075506e-23,8.011075319075506e-23,0.0,8.011075319075506e-23,0.5962520562888222,0.7446887328191532,1.3775841595764876e-23,1.3775841595764876e-23,0.0,1.3775841595764876e-23,0.10253147737889193,0.12805664174745773,10687,705,train_increment
50706,168.2007083409522,79.2626714702463,169.7634940677799,129.2626714702463,79.2626714702463,50.0,0.6653068379817736,0.32654888220007955,0.6769433661040946,0.3265488822000794,0.32654888220007955,3.364014166819044,1.585253429404926,3.395269881355598,2.5852534294049256,1.585253429404926,0.04564260233481187,5.9747326374053955,49.0,281.0,28.0,13.0,1.346214019984098e-22,1.346214019984098e-22,1.0,1.0536308654689111e-22,1.0536308654689111e-22,0.7826622289087117,0.7826622289087117,0.7826622289087117,0.0,4.732774850111708e-23,4.732774850111708e-23,0.0,4.732774850111708e-23,0.35156184528278894,0.44918718739370067,2.5463771463614116e-23,2.5463771463614116e-23,0.0,2.5463771463614116e-23,0.18915099000317132,0.2416764001335671,3.257156658215991e-23,3.257156658215991e-23,0.0,3.257156658215991e-23,0.24194939362275145,0.3091364124727322,10687,706,train_increment
50707,163.2355416040969,86.63414115919332,157.06400790156044,136.63414115919332,86.63414115919332,50.0,0.6283361251235808,0.4196229944342591,0.5823827840771441,0.4196229944342591,0.4196229944342591,3.2647108320819385,1.7326828231838665,3.141280158031209,2.7326828231838665,1.7326828231838665,0.021842473202830438,5.9557013511657715,49.0,281.0,28.0,13.0,1.3485008480185713e-22,1.3485008480185713e-22,1.0,1.1783409168327907e-22,1.1783409168327907e-22,0.8738154807719949,0.8738154807719949,0.8738154807719949,0.0,5.86575698516451e-23,5.86575698516451e-23,0.0,5.86575698516451e-23,0.4349835592453204,0.4977979548508604,1.1869842575432176e-23,1.1869842575432176e-23,0.0,1.1869842575432176e-23,0.08802250731153198,0.10073351782891991,4.73066792562018e-23,4.73066792562018e-23,0.0,4.73066792562018e-23,0.3508094142151426,0.40146852732021976,10687,707,train_increment
50708,158.21721333678832,73.92749718396774,162.54267603497277,123.92749718396774,73.92749718396774,50.0,0.5909695706387812,0.2591855705046432,0.6231770367458881,0.2591855705046432,0.2591855705046432,3.1643442667357666,1.4785499436793548,3.2508535206994558,2.4785499436793548,1.4785499436793548,0.015033769146936117,5.980159759521484,49.0,281.0,28.0,13.0,1.3521998523202828e-22,1.3521998523202828e-22,1.0,1.0685472624063373e-22,1.0685472624063373e-22,0.790228796854831,0.790228796854831,0.790228796854831,0.0,3.6888796615066854e-23,3.6888796615066854e-23,0.0,3.6888796615066854e-23,0.2728058027204203,0.345223818476633,4.902001887503776e-23,4.902001887503776e-23,0.0,4.902001887503776e-23,0.36252051640830124,0.45875386704605003,2.0945910750529118e-23,2.0945910750529118e-23,0.0,2.0945910750529118e-23,0.15490247772610952,0.19602231447731697,10687,708,train_increment
50709,179.74462038953203,91.53435863056869,183.6918047184534,141.5343586305687,91.53435863056869,50.0,0.7512629961990471,0.48149442715364504,0.7806537953719538,0.48149442715364527,0.48149442715364504,3.5948924077906406,1.830687172611374,3.673836094369068,2.8306871726113743,1.830687172611374,0.05140350346495042,5.945931434631348,49.0,281.0,28.0,13.0,1.3501480846922685e-22,1.3501480846922685e-22,1.0,1.1934092305758608e-22,1.1934092305758608e-22,0.8839098792988087,0.8839098792988087,0.8839098792988087,0.0,5.679279977562046e-23,5.679279977562046e-23,0.0,5.679279977562046e-23,0.42064126461035506,0.4758870496436163,5.200755594135161e-24,5.200755594135161e-24,0.0,5.200755594135161e-24,0.03851989017427329,0.043578979120394594,5.734736768783047e-23,5.734736768783047e-23,0.0,5.734736768783047e-23,0.4247487245141805,0.48053397123598923,10687,709,train_increment
50710,136.4752746255968,99.70053011188816,181.6760467940444,149.70053011188816,99.70053011188816,50.0,0.4290787388354192,0.5846026529278807,0.765644428846198,0.5846026529278807,0.5846026529278807,2.729505492511936,1.994010602237763,3.6335209358808878,2.994010602237763,1.994010602237763,0.02533171424911042,5.945528507232666,49.0,281.0,28.0,13.0,1.348868977146738e-22,1.348868977146738e-22,1.0,1.2104429280390312e-22,1.2104429280390312e-22,0.8973762081766314,0.8973762081766314,0.8973762081766314,0.0,5.297167847032928e-23,5.297167847032928e-23,0.0,5.297167847032928e-23,0.3927118153638632,0.43762227233749584,5.739960553027205e-24,5.739960553027205e-24,0.0,5.739960553027205e-24,0.04255387773220896,0.04742033201289535,6.233265378054663e-23,6.233265378054663e-23,0.0,6.233265378054663e-23,0.46211051508055934,0.5149573956496089,10687,710,train_increment
50711,136.9943785636654,70.38745336329538,197.47193681715262,120.38745336329538,70.38745336329538,50.0,0.4329439952618422,0.21448804751635575,0.8832608847144647,0.21448804751635575,0.21448804751635575,2.739887571273308,1.4077490672659076,3.9494387363430525,2.4077490672659074,1.4077490672659076,0.043600961231013195,6.006141901016235,49.0,281.0,28.0,13.0,1.3495946339253962e-22,1.3495946339253962e-22,1.0,1.0168106195908739e-22,1.0168106195908739e-22,0.7534192816352602,0.7534192816352602,0.7534192816352602,0.0,3.40511812710189e-24,3.40511812710189e-24,0.0,3.40511812710189e-24,0.02523067328148639,0.033488223485234454,8.861609160299803e-23,8.861609160299803e-23,0.0,8.861609160299803e-23,0.6566126552033743,0.8715102881070793,9.659852228987476e-24,9.659852228987476e-24,0.0,9.659852228987476e-24,0.07157595315039952,0.09500148840768632,10687,711,train_increment
50712,178.69118365842638,67.2897766762352,139.92192180088458,117.2897766762352,67.2897766762352,50.0,0.7434190890426388,0.17537596813428286,0.4547425301629529,0.17537596813428286,0.17537596813428286,3.5738236731685276,1.3457955335247043,2.7984384360176913,2.3457955335247043,1.3457955335247043,0.008329265348942615,5.975023984909058,49.0,281.0,28.0,13.0,1.3527825644583998e-22,1.3527825644583998e-22,1.0,1.1552139288130513e-22,1.1552139288130513e-22,0.8539538867249911,0.8539538867249911,0.8539538867249911,0.0,3.352468376320007e-24,3.352468376320007e-24,0.0,3.352468376320007e-24,0.02478201940503426,0.029020325090475415,9.605792499302475e-23,9.605792499302475e-23,0.0,9.605792499302475e-23,0.7100766044503428,0.8315163330113364,1.6110999511960364e-23,1.6110999511960364e-23,0.0,1.6110999511960364e-23,0.11909526286961399,0.13946334189818804,10687,712,train_increment
50713,152.09210683159534,108.64907185921685,137.80290776893554,158.64907185921686,108.64907185921685,50.0,0.5453619272642989,0.6975892911517279,0.43896431696899135,0.6975892911517281,0.6975892911517279,3.041842136631907,2.172981437184337,2.7560581553787107,3.1729814371843372,2.172981437184337,0.03905458726839603,5.960525274276733,49.0,281.0,28.0,13.0,1.3439497510527318e-22,1.3439497510527318e-22,1.0,1.0204318874366032e-22,1.0204318874366032e-22,0.7592783038482553,0.7592783038482553,0.7592783038482553,0.0,1.777930415000054e-23,1.777930415000054e-23,0.0,1.777930415000054e-23,0.13229143527184556,0.17423312980412053,7.005400658990741e-24,7.005400658990741e-24,0.0,7.005400658990741e-24,0.0521254656545256,0.06865133033610701,7.725848393466904e-23,7.725848393466904e-23,0.0,7.725848393466904e-23,0.5748614029218841,0.7571155398597724,10687,713,train_increment
50714,125.1713614105115,66.637141339515,147.2565946769878,116.637141339515,66.637141339515,50.0,0.3449096158638235,0.16713562297367415,0.5093566245494251,0.16713562297367415,0.16713562297367415,2.5034272282102297,1.3327428267903,2.945131893539756,2.3327428267903,1.3327428267903,0.010620983945328193,5.962186336517334,49.0,281.0,28.0,13.0,1.346332273034539e-22,1.346332273034539e-22,1.0,1.16519231986993e-22,1.16519231986993e-22,0.8654567250651044,0.8654567250651044,0.8654567250651044,0.0,2.2084998905523947e-23,2.2084998905523947e-23,0.0,2.2084998905523947e-23,0.16403824930784658,0.18953951660091,8.860443287432578e-23,8.860443287432578e-23,0.0,8.860443287432578e-23,0.6581171279109099,0.7604275394144089,5.8298002071432825e-24,5.8298002071432825e-24,0.0,5.8298002071432825e-24,0.04330134784634791,0.05003294398468109,10687,714,train_increment
50715,144.56552576732958,84.78651322682526,150.91206906216587,134.78651322682526,84.78651322682526,50.0,0.489318881365075,0.3962943589245614,0.5365753467026498,0.3962943589245614,0.3962943589245614,2.8913105153465914,1.6957302645365053,3.0182413812433175,2.6957302645365053,1.6957302645365053,0.04349835768711966,5.949259519577026,49.0,281.0,28.0,13.0,1.3471244297514629e-22,1.3471244297514629e-22,1.0,1.187385048884021e-22,1.187385048884021e-22,0.8814219552852197,0.8814219552852197,0.8814219552852197,0.0,6.693708955478191e-23,6.693708955478191e-23,0.0,6.693708955478191e-23,0.49688869176792705,0.5637353242547023,1.2965214397981301e-23,1.2965214397981301e-23,0.0,1.2965214397981301e-23,0.09624362910836168,0.10919132264775293,3.883620093563889e-23,3.883620093563889e-23,0.0,3.883620093563889e-23,0.288289634408931,0.3270733530975448,10687,715,train_increment
50716,175.19302960195785,108.59588872061867,146.48851070609993,158.5958887206187,108.59588872061867,50.0,0.7173717766340867,0.6969177868764984,0.5036374587200293,0.6969177868764986,0.6969177868764984,3.503860592039157,2.1719177744123734,2.929770214121999,3.171917774412374,2.1719177744123734,0.048839975693729866,5.985650062561035,49.0,281.0,28.0,13.0,1.3474405644090783e-22,1.3474405644090783e-22,1.0,8.808543496235058e-23,8.808543496235058e-23,0.6537240846759022,0.6537240846759022,0.6537240846759022,0.0,2.0429044669919196e-23,2.0429044669919196e-23,0.0,2.0429044669919196e-23,0.15161369792127624,0.23192307194317616,1.7208679388110812e-23,1.7208679388110812e-23,0.0,1.7208679388110812e-23,0.12771382903748113,0.1953635058448214,5.044771090432056e-23,5.044771090432056e-23,0.0,5.044771090432056e-23,0.3743965577171448,0.5727134222120024,10687,716,train_increment
50717,151.324202489379,126.97409385477744,175.29911587073073,176.97409385477744,126.97409385477744,50.0,0.5396440989529336,0.9289658314997151,0.7181616967291938,0.9289658314997151,0.9289658314997151,3.02648404978758,2.539481877095549,3.5059823174146145,3.5394818770955485,2.539481877095549,0.16174663401535672,5.993972063064575,49.0,281.0,28.0,13.0,1.2976561851876792e-22,1.2976561851876792e-22,1.0,5.495661570116027e-23,5.495661570116027e-23,0.4235067526242472,0.4235067526242472,0.4235067526242472,0.0,1.5429073923348833e-23,1.5429073923348833e-23,0.0,1.5429073923348833e-23,0.11889955212687817,0.280750073971951,1.0777395957574845e-23,1.0777395957574845e-23,0.0,1.0777395957574845e-23,0.08305278455568813,0.19610734431282142,2.8750145820236594e-23,2.8750145820236594e-23,0.0,2.8750145820236594e-23,0.22155441594168088,0.5231425817152275,10687,717,train_increment
50718,89.4461916807368,54.03797952045962,185.129362087013,104.03797952045963,54.03797952045962,50.0,0.0788994168334833,0.008055296975500208,0.7913578710872151,0.008055296975500297,0.008055296975500208,1.7889238336147362,1.0807595904091924,3.70258724174026,2.0807595904091927,1.0807595904091924,0.02969455999341959,5.983844518661499,49.0,281.0,28.0,13.0,1.3452719526531287e-22,1.3452719526531287e-22,1.0,9.697212396477078e-23,9.697212396477078e-23,0.7208365845546959,0.7208365845546959,0.7208365845546959,0.0,1.7933017298115268e-23,1.7933017298115268e-23,0.0,1.7933017298115268e-23,0.13330403018325027,0.1849296123969626,7.004075700243137e-23,7.004075700243137e-23,0.0,7.004075700243137e-23,0.5206438509648391,0.7222772291537786,8.998349664224141e-24,8.998349664224141e-24,0.0,8.998349664224141e-24,0.06688870340660642,0.0927931584492588,10687,718,train_increment
50719,132.0838466060182,66.71048010988375,166.74946916498607,116.71048010988375,66.71048010988375,50.0,0.39638009386461803,0.16806161754903717,0.6545008873044383,0.16806161754903717,0.16806161754903717,2.641676932120364,1.334209602197675,3.3349893832997215,2.334209602197675,1.334209602197675,0.02256532855433746,5.942785739898682,49.0,281.0,28.0,13.0,1.3502358219414037e-22,1.3502358219414037e-22,1.0,1.121061067228335e-22,1.121061067228335e-22,0.8302705712669098,0.8302705712669098,0.8302705712669098,0.0,1.2700377696223883e-23,1.2700377696223883e-23,0.0,1.2700377696223883e-23,0.09406044107141931,0.11328890162624033,9.248487225360906e-23,9.248487225360906e-23,0.0,9.248487225360906e-23,0.68495347813119,0.8249762208071755,6.92085677300053e-24,6.92085677300053e-24,0.0,6.92085677300053e-24,0.051256652064300474,0.061734877566584044,10687,719,train_increment
50720,147.501768077995,117.25686674439868,112.46086481384214,167.25686674439868,117.25686674439868,50.0,0.5111821897095681,0.8062735700050339,0.25026704999137855,0.8062735700050339,0.8062735700050339,2.9500353615599,2.3451373348879736,2.2492172962768424,3.3451373348879736,2.3451373348879736,0.013332438541223506,5.992919683456421,49.0,281.0,28.0,13.0,1.3522016955919163e-22,1.3522016955919163e-22,1.0,1.070307367575404e-22,1.070307367575404e-22,0.7915293783941639,0.7915293783941639,0.7915293783941639,0.0,4.144064149067531e-24,4.144064149067531e-24,0.0,4.144064149067531e-24,0.030646790065246128,0.03871844924748291,6.717931062780665e-23,6.717931062780665e-23,0.0,6.717931062780665e-23,0.4968142759087386,0.6276637222444778,3.570736198066622e-23,3.570736198066622e-23,0.0,3.570736198066622e-23,0.2640683124201792,0.3336178285080394,10687,720,train_increment
50721,156.63363087659343,79.38179100624276,147.65363550794405,129.38179100624276,79.38179100624276,50.0,0.579178189699132,0.3280529167454894,0.512312997080745,0.3280529167454894,0.3280529167454894,3.1326726175318687,1.5876358201248555,2.953072710158881,2.5876358201248557,1.5876358201248555,0.06156154697394957,5.9873199462890625,49.0,281.0,28.0,13.0,1.3446496458913852e-22,1.3446496458913852e-22,1.0,1.1263578290077045e-22,1.1263578290077045e-22,0.8376589637674933,0.8376589637674933,0.8376589637674933,0.0,4.9234270634041314e-23,4.9234270634041314e-23,0.0,4.9234270634041314e-23,0.366149433679457,0.4371103868245456,3.086083993052555e-23,3.086083993052555e-23,0.0,3.086083993052555e-23,0.22950840782074136,0.27398788498423493,3.2540672336203585e-23,3.2540672336203585e-23,0.0,3.2540672336203585e-23,0.24200112226729487,0.2889017281912194,10687,721,train_increment
50722,88.57477998651521,67.91173174560417,105.25640065527563,117.91173174560417,67.91173174560417,50.0,0.07241087108350867,0.1832289361818708,0.1966224918486644,0.1832289361818708,0.1832289361818708,1.7714955997303043,1.3582346349120835,2.105128013105513,2.3582346349120837,1.3582346349120835,0.006775748679588337,5.981457948684692,49.0,281.0,28.0,13.0,1.3503365226695948e-22,1.3503365226695948e-22,1.0,1.3033735633489802e-22,1.3033735633489802e-22,0.965221292224423,0.965221292224423,0.965221292224423,0.0,3.0699461264700173e-23,3.0699461264700173e-23,0.0,3.0699461264700173e-23,0.2273467446767107,0.2355384682333038,9.645546284943174e-23,9.645546284943174e-23,0.0,9.645546284943174e-23,0.7143068504045255,0.7400446469206591,3.182432220766109e-24,3.182432220766109e-24,0.0,3.182432220766109e-24,0.02356769714318686,0.024416884846037098,10687,722,train_increment
50723,105.73510662276698,83.29665543860135,200.35619227365086,133.29665543860136,83.29665543860135,50.0,0.20018694432440046,0.3774830232146635,0.90473709809122,0.37748302321466365,0.3774830232146635,2.1147021324553394,1.665933108772027,4.007123845473017,2.6659331087720273,1.665933108772027,0.05947850233211824,5.9763383865356445,49.0,281.0,28.0,13.0,1.3418281077652286e-22,1.3418281077652286e-22,1.0,8.63220433393319e-23,8.63220433393319e-23,0.6433167023390087,0.6433167023390087,0.6433167023390087,0.0,2.180906380045551e-23,2.180906380045551e-23,0.0,2.180906380045551e-23,0.16253247099420062,0.2526476778906182,4.7234801334307293e-23,4.7234801334307293e-23,0.0,4.7234801334307293e-23,0.3520182731376475,0.5471928085463329,1.7278178204569088e-23,1.7278178204569088e-23,0.0,1.7278178204569088e-23,0.12876595820716064,0.20015951356304879,10687,723,train_increment
50724,185.6075949390214,86.18092546605283,156.92955611440303,136.18092546605283,86.18092546605283,50.0,0.7949188007373149,0.4139005740663236,0.5813816538674834,0.4139005740663236,0.4139005740663236,3.7121518987804283,1.7236185093210565,3.138591122288061,2.7236185093210565,1.7236185093210565,0.05145757244530931,5.990733623504639,49.0,281.0,28.0,13.0,1.347828843577683e-22,1.347828843577683e-22,1.0,1.112704599970738e-22,1.112704599970738e-22,0.8255533373341157,0.8255533373341157,0.8255533373341157,0.0,4.5137211877853346e-23,4.5137211877853346e-23,0.0,4.5137211877853346e-23,0.3348883064265113,0.40565314351212683,1.8308893476898914e-23,1.8308893476898914e-23,0.0,1.8308893476898914e-23,0.1358398995847255,0.16454406207523906,4.782435464232155e-23,4.782435464232155e-23,0.0,4.782435464232155e-23,0.354825131322879,0.4298027944126342,10687,724,train_increment
50725,129.73157230110274,113.73607111287134,156.09331366216838,163.73607111287134,113.73607111287134,50.0,0.3788650208570569,0.7618190797079716,0.5751549788694593,0.7618190797079716,0.7618190797079716,2.594631446022055,2.274721422257427,3.1218662732433677,3.2747214222574272,2.274721422257427,0.02093676990433985,6.032341957092285,49.0,281.0,28.0,13.0,1.3478696482005776e-22,1.3478696482005776e-22,1.0,8.207441851492091e-23,8.207441851492091e-23,0.6089195540866379,0.6089195540866379,0.6089195540866379,0.0,1.7183493593721086e-23,1.7183493593721086e-23,0.0,1.7183493593721086e-23,0.12748631602960464,0.2093647923999263,1.0474777312363965e-23,1.0474777312363965e-23,0.0,1.0474777312363965e-23,0.07771357806259618,0.12762536125016444,5.441614760883586e-23,5.441614760883586e-23,0.0,5.441614760883586e-23,0.403719659994437,0.6630098463499092,10687,725,train_increment
50726,132.6447378817922,110.12638548813825,85.7515760885409,160.12638548813825,110.12638548813825,50.0,0.4005564994921236,0.7162422410118466,0.05138924861162253,0.7162422410118466,0.7162422410118466,2.6528947576358437,2.2025277097627654,1.7150315217708179,3.2025277097627654,2.2025277097627654,0.014359195949316292,6.001324892044067,49.0,281.0,28.0,13.0,1.3402536825168898e-22,1.3402536825168898e-22,1.0,1.186224975667668e-22,1.186224975667668e-22,0.8850749609133935,0.8850749609133935,0.8850749609133935,0.0,2.0543473240008855e-24,2.0543473240008855e-24,0.0,2.0543473240008855e-24,0.01532804834486994,0.01731836174537291,3.3794035306945365e-23,3.3794035306945365e-23,0.0,3.3794035306945365e-23,0.25214655813131476,0.2848872347163687,8.277411493582056e-23,8.277411493582056e-23,0.0,8.277411493582056e-23,0.6176003544372088,0.6977944035382585,10687,726,train_increment
50727,91.78384962675749,98.09801529195936,118.4377181320526,148.09801529195937,98.09801529195936,50.0,0.09630565619327991,0.5643688799489818,0.2947707977070186,0.564368879948982,0.5643688799489818,1.8356769925351497,1.9619603058391872,2.368754362641052,2.9619603058391872,1.9619603058391872,0.07205946698887908,5.9913036823272705,49.0,281.0,28.0,13.0,1.3406916943768818e-22,1.3406916943768818e-22,1.0,1.111712652994625e-22,1.111712652994625e-22,0.8292082793213095,0.8292082793213095,0.8292082793213095,0.0,4.520281171761308e-23,4.520281171761308e-23,0.0,4.520281171761308e-23,0.3371603770441955,0.4066051744202971,3.89476807040829e-24,3.89476807040829e-24,0.0,3.89476807040829e-24,0.029050437820594358,0.03503394568656691,6.207368551144114e-23,6.207368551144114e-23,0.0,6.207368551144114e-23,0.4629974644565196,0.558360879893136,10687,727,train_increment
50728,97.42575084310623,76.16660368031427,189.09424478090057,126.16660368031427,76.16660368031427,50.0,0.13831534507152818,0.2874571171756852,0.8208804525755813,0.2874571171756852,0.2874571171756852,1.9485150168621244,1.5233320736062852,3.7818848956180116,2.5233320736062854,1.5233320736062852,0.06607848178843273,5.9964470863342285,49.0,281.0,28.0,13.0,1.3445643831589413e-22,1.3445643831589413e-22,1.0,1.0666783212395318e-22,1.0666783212395318e-22,0.7933263253139731,0.7933263253139731,0.7933263253139731,0.0,1.3096849049247758e-23,1.3096849049247758e-23,0.0,1.3096849049247758e-23,0.09740589006587999,0.12278161830483801,8.872527488364572e-23,8.872527488364572e-23,0.0,8.872527488364572e-23,0.6598811927115987,0.8317903637578634,4.8457081910597086e-24,4.8457081910597086e-24,0.0,4.8457081910597086e-24,0.03603924253649441,0.04542801793729867,10687,728,train_increment
50729,100.96689147800888,98.58555451044931,139.59715316804133,148.5855545104493,98.58555451044931,50.0,0.16468273624727386,0.5705246781622388,0.4523242976026905,0.5705246781622386,0.5705246781622388,2.0193378295601776,1.9717110902089863,2.7919430633608266,2.971711090208986,1.9717110902089863,0.03715032526686294,6.043107032775879,49.0,281.0,28.0,13.0,1.348487284543934e-22,1.348487284543934e-22,1.0,1.1977511588217595e-22,1.1977511588217595e-22,0.8882183558941349,0.8882183558941349,0.8882183558941349,0.0,4.71491514972957e-23,4.71491514972957e-23,0.0,4.71491514972957e-23,0.3496447614872528,0.3936473043672679,1.0574515287417574e-23,1.0574515287417574e-23,0.0,1.0574515287417574e-23,0.07841761215415491,0.08828641249506147,6.205144909746267e-23,6.205144909746267e-23,0.0,6.205144909746267e-23,0.46015598225272714,0.5180662831376706,10687,729,train_increment
50730,150.62957038728354,61.433357972275296,178.77221590409982,111.4333579722753,61.433357972275296,50.0,0.5344718569417984,0.10143128752872843,0.7440224564713315,0.10143128752872851,0.10143128752872843,3.0125914077456706,1.2286671594455059,3.575444318081997,2.2286671594455063,1.2286671594455059,0.012114895346358144,5.944749593734741,49.0,281.0,28.0,13.0,1.3513288761097176e-22,1.3513288761097176e-22,1.0,1.1550556799352178e-22,1.1550556799352178e-22,0.854755419169653,0.854755419169653,0.854755419169653,0.0,5.1340342568821055e-24,5.1340342568821055e-24,0.0,5.1340342568821055e-24,0.03799248537974157,0.04444837029129238,1.0545400273850488e-22,1.0545400273850488e-22,0.0,1.0545400273850488e-22,0.7803725991713569,0.9129776561457137,4.9175309981347955e-24,4.9175309981347955e-24,0.0,4.9175309981347955e-24,0.036390334618554614,0.042573973562993944,10687,730,train_increment
50731,195.27568120070396,59.480604611534055,181.08628597780177,109.48060461153406,59.480604611534055,50.0,0.8669075294170063,0.07677531075169255,0.7612530601474442,0.07677531075169264,0.07677531075169255,3.905513624014079,1.1896120922306812,3.6217257195560353,2.189612092230681,1.1896120922306812,0.02701216057216275,6.03566312789917,49.0,281.0,28.0,13.0,1.3513980180968717e-22,1.3513980180968717e-22,1.0,9.640289754453159e-23,9.640289754453159e-23,0.7133568071994996,0.7133568071994996,0.7133568071994996,0.0,1.4867995107971651e-24,1.4867995107971651e-24,0.0,1.4867995107971651e-24,0.011001936445718449,0.01542276786971434,8.699266095165557e-23,8.699266095165557e-23,0.0,8.699266095165557e-23,0.6437234610878326,0.9023863718564151,7.923437082078858e-24,7.923437082078858e-24,0.0,7.923437082078858e-24,0.05863140966594851,0.08219086027387058,10687,731,train_increment
50732,188.62626525509305,83.98944778671759,79.21669108980187,133.9894477867176,83.98944778671759,50.0,0.8173958693603354,0.3862304013474443,0.002730387861518061,0.3862304013474443,0.3862304013474443,3.772525305101861,1.6797889557343517,1.5843338217960374,2.679788955734352,1.6797889557343517,0.016523889549656993,5.965334415435791,49.0,281.0,28.0,13.0,1.3519563839907299e-22,1.3519563839907299e-22,1.0,1.308985341493147e-22,1.308985341493147e-22,0.9682156591688703,0.9682156591688703,0.9682156591688703,0.0,4.820061381365365e-23,4.820061381365365e-23,0.0,4.820061381365365e-23,0.3565249174043188,0.36822882797657364,7.515732982386786e-23,7.515732982386786e-23,0.0,7.515732982386786e-23,0.5559153439700256,0.5741647934585472,7.540590511793167e-24,7.540590511793167e-24,0.0,7.540590511793167e-24,0.055775397794525824,0.057606378564879025,10687,732,train_increment
50733,82.68283843683564,105.47811545145589,150.51183518192147,155.4781154514559,105.47811545145589,50.0,0.028539377787309334,0.6575519627709078,0.5335951986740244,0.6575519627709078,0.6575519627709078,1.653656768736713,2.1095623090291182,3.010236703638429,3.109562309029118,2.1095623090291182,0.05797146233043149,5.9761693477630615,49.0,281.0,28.0,13.0,1.3416824917835697e-22,1.3416824917835697e-22,1.0,1.115293626695207e-22,1.115293626695207e-22,0.8312649479479962,0.8312649479479962,0.8312649479479962,0.0,2.3182931239926403e-23,2.3182931239926403e-23,0.0,2.3182931239926403e-23,0.17278999600798325,0.20786392645873114,1.77447396752357e-23,1.77447396752357e-23,0.0,1.77447396752357e-23,0.13225736926511336,0.15910374856006482,7.060169175435859e-23,7.060169175435859e-23,0.0,7.060169175435859e-23,0.5262175826748996,0.633032324981204,10687,733,train_increment
50734,112.16980842153271,129.91131692578,209.6460535011393,179.91131692578,129.91131692578,50.0,0.24809983932637908,0.9660519813861111,0.9739095569705085,0.9660519813861111,0.9660519813861111,2.243396168430654,2.5982263385156,4.192921070022787,3.5982263385156,2.5982263385156,0.07903822382891938,5.962617635726929,49.0,281.0,28.0,13.0,1.3369211811684978e-22,1.3369211811684978e-22,1.0,4.249976800417796e-23,4.249976800417796e-23,0.31789284666005707,0.31789284666005707,0.31789284666005707,0.0,1.8128831369831627e-23,1.8128831369831627e-23,0.0,1.8128831369831627e-23,0.13560134752287073,0.4265630666042568,1.388809568080661e-23,1.388809568080661e-23,0.0,1.388809568080661e-23,0.10388118519199552,0.3267805057063214,1.0482840953539729e-23,1.0482840953539729e-23,0.0,1.0482840953539729e-23,0.07841031394519085,0.24665642768942192,10687,734,train_increment
50735,145.24288928703135,106.68644526737286,112.04278939869351,156.68644526737285,106.68644526737286,50.0,0.4943625412288261,0.672808652365819,0.24715405360158985,0.6728086523658188,0.672808652365819,2.904857785740627,2.133728905347457,2.2408557879738704,3.133728905347457,2.133728905347457,0.03649779058702462,5.970801115036011,49.0,281.0,28.0,13.0,1.347202059747147e-22,1.347202059747147e-22,1.0,1.1346015596993096e-22,1.1346015596993096e-22,0.84219108150136,0.84219108150136,0.84219108150136,0.0,1.4010908483397948e-23,1.4010908483397948e-23,0.0,1.4010908483397948e-23,0.1040000524199586,0.12348747772840273,1.1067253241070608e-23,1.1067253241070608e-23,0.0,1.1067253241070608e-23,0.0821499133036346,0.0975430815025817,8.83819942454624e-23,8.83819942454624e-23,0.0,8.83819942454624e-23,0.6560411157777668,0.7789694407690155,10687,735,train_increment
50736,80.44016778116988,66.24446299853315,156.43879895498802,116.24446299853315,66.24446299853315,50.0,0.011840415347504704,0.16217756311279227,0.5777274680192704,0.16217756311279227,0.16217756311279227,1.6088033556233976,1.324889259970663,3.1287759790997605,2.324889259970663,1.324889259970663,0.026488179697747787,6.069772958755493,49.0,281.0,28.0,13.0,1.3481136378209792e-22,1.3481136378209792e-22,1.0,1.283368396866346e-22,1.283368396866346e-22,0.9519734545084166,0.9519734545084166,0.9519734545084166,0.0,7.645113815793133e-24,7.645113815793133e-24,0.0,7.645113815793133e-24,0.0567097134938142,0.05957068784349471,1.193945812511181e-22,1.193945812511181e-22,0.0,1.193945812511181e-22,0.8856418175852095,0.9303219678982964,1.2971446197233783e-24,1.2971446197233783e-24,0.0,1.2971446197233783e-24,0.009621923429392906,0.010107344258208868,10687,736,train_increment
50737,183.18873059404268,126.3636942642974,170.85876688854196,176.3636942642974,126.3636942642974,50.0,0.7769078972006156,0.921258765963351,0.6850987854694115,0.9212587659633512,0.921258765963351,3.6637746118808536,2.527273885285948,3.417175337770839,3.527273885285948,2.527273885285948,0.04391678657381554,5.94366192817688,49.0,281.0,28.0,13.0,1.348611303620655e-22,1.348611303620655e-22,1.0,1.0250138932181273e-22,1.0250138932181273e-22,0.7600513880213249,0.7600513880213249,0.7600513880213249,0.0,7.259681679996499e-24,7.259681679996499e-24,0.0,7.259681679996499e-24,0.05383079365052203,0.07082520274143843,8.585518013680034e-23,8.585518013680034e-23,0.0,8.585518013680034e-23,0.6366191645161396,0.8376001603963624,9.386527505015894e-24,9.386527505015894e-24,0.0,9.386527505015894e-24,0.06960142985466322,0.0915746368621991,10687,737,train_increment
50738,206.28741595887152,78.18497191974856,176.17621138155747,128.18497191974856,78.18497191974856,50.0,0.9489010868121482,0.3129415646432899,0.7246925642707183,0.3129415646432899,0.3129415646432899,4.12574831917743,1.5636994383949714,3.5235242276311496,2.5636994383949716,1.5636994383949714,0.0193299872425175,6.0034403800964355,49.0,281.0,28.0,13.0,1.3481598468659374e-22,1.3481598468659374e-22,1.0,1.0837908213572795e-22,1.0837908213572795e-22,0.8039037981117478,0.8039037981117478,0.8039037981117478,0.0,1.3842587353695048e-23,1.3842587353695048e-23,0.0,1.3842587353695048e-23,0.10267764157102634,0.12772379209079626,4.949986278084071e-23,4.949986278084071e-23,0.0,4.949986278084071e-23,0.36716612570766644,0.45672893519110846,4.503663200119219e-23,4.503663200119219e-23,0.0,4.503663200119219e-23,0.33406003083305513,0.4155472727180953,10687,738,train_increment
50739,173.72446319828083,56.97154591380049,178.98677332300434,106.9715459138005,56.97154591380049,50.0,0.7064368071353747,0.04509527668940006,0.7456200545272103,0.04509527668940015,0.04509527668940006,3.4744892639656166,1.1394309182760098,3.579735466460087,2.13943091827601,1.1394309182760098,0.029560937512808846,5.972031116485596,49.0,281.0,28.0,13.0,1.3520318588609036e-22,1.3520318588609036e-22,1.0,1.0632015798290166e-22,1.0632015798290166e-22,0.78637317076594,0.78637317076594,0.78637317076594,0.0,3.625570932824774e-24,3.625570932824774e-24,0.0,3.625570932824774e-24,0.026815721161181392,0.03410050362611233,9.859507713899446e-23,9.859507713899446e-23,0.0,9.859507713899446e-23,0.7292363452297752,0.9273413340379955,4.099509911082441e-24,4.099509911082441e-24,0.0,4.099509911082441e-24,0.030321104374983494,0.03855816233589233,10687,739,train_increment
50740,202.1073426490945,72.54478935805878,127.34201196247527,122.54478935805878,72.54478935805878,50.0,0.9177761924727811,0.241727138359328,0.36107231543168483,0.241727138359328,0.241727138359328,4.04214685298189,1.4508957871611756,2.546840239249505,2.450895787161176,1.4508957871611756,0.03345242569275066,5.92572808265686,49.0,281.0,28.0,13.0,1.3481956182470597e-22,1.3481956182470597e-22,1.0,1.2975863995538314e-22,1.2975863995538314e-22,0.9624615167055424,0.9624615167055424,0.9624615167055424,0.0,8.219550724486192e-24,8.219550724486192e-24,0.0,8.219550724486192e-24,0.06096704820308904,0.06334492044084651,1.019153203736698e-22,1.019153203736698e-22,0.0,1.019153203736698e-22,0.7559386708746416,0.7854222301398418,1.9623768857227152e-23,1.9623768857227152e-23,0.0,1.9623768857227152e-23,0.1455557976278117,0.15123284941931178,10687,740,train_increment
50741,108.9290589768735,109.5925329082972,210.62949322175174,159.5925329082972,109.5925329082972,50.0,0.22396916587396506,0.7095016781350657,0.981232265240147,0.7095016781350655,0.7095016781350657,2.17858117953747,2.191850658165944,4.212589864435035,3.1918506581659436,2.191850658165944,0.01660745970210563,5.997776031494141,49.0,281.0,28.0,13.0,1.3502268142595916e-22,1.3502268142595916e-22,1.0,1.1530380188119893e-22,1.1530380188119893e-22,0.8539587620649258,0.8539587620649258,0.8539587620649258,0.0,5.729788870816218e-23,5.729788870816218e-23,0.0,5.729788870816218e-23,0.42435750870183964,0.4969297436280372,3.4600286513062626e-24,3.4600286513062626e-24,0.0,3.4600286513062626e-24,0.02562553650072191,0.03000793204435043,5.454588452173049e-23,5.454588452173049e-23,0.0,5.454588452173049e-23,0.4039757168623643,0.47306232432761236,10687,741,train_increment
50742,136.90024629929212,127.6061692921082,80.76938289013603,177.6061692921082,127.6061692921082,50.0,0.4322430848793159,0.9369465819710633,0.014291756441817086,0.9369465819710633,0.9369465819710633,2.7380049259858423,2.5521233858421644,1.6153876578027206,3.552123385842164,2.5521233858421644,0.019376310849136637,5.988563537597656,49.0,281.0,28.0,13.0,1.3481523283839338e-22,1.3481523283839338e-22,1.0,1.0617093894272512e-22,1.0617093894272512e-22,0.7875292480486612,0.7875292480486612,0.7875292480486612,0.0,1.6041914716809127e-23,1.6041914716809127e-23,0.0,1.6041914716809127e-23,0.11899185558681635,0.15109515726768777,7.644687513729454e-23,7.644687513729454e-23,0.0,7.644687513729454e-23,0.5670492386341346,0.7200357828476444,1.368214908862146e-23,1.368214908862146e-23,0.0,1.368214908862146e-23,0.10148815382771037,0.12886905988466787,10687,742,train_increment
50743,168.5941363072823,75.46998434933913,147.7724328125418,125.46998434933913,75.46998434933913,50.0,0.668236309063904,0.2786614185522617,0.5131975637568266,0.2786614185522617,0.2786614185522617,3.371882726145646,1.5093996869867825,2.955448656250836,2.5093996869867827,1.5093996869867825,0.02359773882375278,5.969101190567017,49.0,281.0,28.0,13.0,1.3473018051775014e-22,1.3473018051775014e-22,1.0,1.1047087916010646e-22,1.1047087916010646e-22,0.8199415953840601,0.8199415953840601,0.8199415953840601,0.0,2.6122857536586952e-23,2.6122857536586952e-23,0.0,2.6122857536586952e-23,0.19389016949432036,0.23646826869845813,5.950634814524534e-23,5.950634814524534e-23,0.0,5.950634814524534e-23,0.4416705144799062,0.5386609448359893,2.484167347827416e-23,2.484167347827416e-23,0.0,2.484167347827416e-23,0.18438091140983345,0.22487078646555256,10687,743,train_increment
50744,173.12374474060272,108.02238527865882,164.1103525970269,158.02238527865882,108.02238527865882,50.0,0.7019638476589927,0.6896765818012477,0.6348499821074228,0.6896765818012477,0.6896765818012477,3.4624748948120545,2.1604477055731763,3.2822070519405377,3.160447705573177,2.1604477055731763,0.0488076167401391,5.989099979400635,49.0,281.0,28.0,13.0,1.3451262606547464e-22,1.3451262606547464e-22,1.0,8.6777221035077e-23,8.6777221035077e-23,0.6451232391585143,0.6451232391585143,0.6451232391585143,0.0,2.508614121356e-23,2.508614121356e-23,0.0,2.508614121356e-23,0.1864965538725651,0.28908670863543445,1.1913194641328515e-23,1.1913194641328515e-23,0.0,1.1913194641328515e-23,0.0885656238361573,0.1372848139088595,4.977788518018849e-23,4.977788518018849e-23,0.0,4.977788518018849e-23,0.3700610614497919,0.573628477455706,10687,744,train_increment
50745,109.78921524068419,78.05683551043016,176.593761382401,128.05683551043018,78.05683551043016,50.0,0.23037390350472217,0.31132368068724947,0.7278016484169844,0.3113236806872497,0.31132368068724947,2.195784304813684,1.5611367102086031,3.53187522764802,2.561136710208604,1.5611367102086031,0.06471097352710803,5.992914199829102,49.0,281.0,28.0,13.0,1.3415867094453711e-22,1.3415867094453711e-22,1.0,1.0068171957228238e-22,1.0068171957228238e-22,0.7504674790189706,0.7504674790189706,0.7504674790189706,0.0,3.6186963245479784e-23,3.6186963245479784e-23,0.0,3.6186963245479784e-23,0.2697325710720549,0.3594194000580224,5.598295919860137e-23,5.598295919860137e-23,0.0,5.598295919860137e-23,0.4172891606964818,0.5560389655284895,8.511797128201225e-24,8.511797128201225e-24,0.0,8.511797128201225e-24,0.06344574725043385,0.08454163441348808,10687,745,train_increment
50746,198.21749992960912,58.283641314858976,170.19453952241312,108.28364131485898,58.283641314858976,50.0,0.8888123598630612,0.06166213781387589,0.6801529376203509,0.06166213781387598,0.06166213781387589,3.9643499985921826,1.1656728262971796,3.4038907904482625,2.1656728262971794,1.1656728262971796,0.030084358168160043,5.952908515930176,49.0,281.0,28.0,13.0,1.3485132646784078e-22,1.3485132646784078e-22,1.0,8.62519616582497e-23,8.62519616582497e-23,0.6396078104490799,0.6396078104490799,0.6396078104490799,0.0,5.098403538788168e-24,5.098403538788168e-24,0.0,5.098403538788168e-24,0.0378075890859259,0.05911058068440492,7.308154400067601e-23,7.308154400067601e-23,0.0,7.308154400067601e-23,0.5419416027628355,0.8473029783396935,8.072014118785511e-24,8.072014118785511e-24,0.0,8.072014118785511e-24,0.05985861860031846,0.09358644097590157,10687,746,train_increment
50747,121.9478070973638,132.15746020185009,199.5600947905124,182.15746020185009,132.15746020185009,50.0,0.32090697764232173,0.994412376285986,0.8988093431907104,0.994412376285986,0.994412376285986,2.4389561419472763,2.6431492040370017,3.9912018958102484,3.6431492040370017,2.6431492040370017,0.061730907867345704,5.970356702804565,49.0,281.0,28.0,13.0,1.3352427931474205e-22,1.3352427931474205e-22,1.0,3.663989536795609e-23,3.663989536795609e-23,0.2744062394943837,0.2744062394943837,0.2744062394943837,0.0,7.37329072605479e-24,7.37329072605479e-24,0.0,7.37329072605479e-24,0.05522059930894325,0.20123667526908934,1.948043508316914e-23,1.948043508316914e-23,0.0,1.948043508316914e-23,0.14589432860558685,0.5316727814732248,9.786169558732159e-24,9.786169558732159e-24,0.0,9.786169558732159e-24,0.0732913115798536,0.26709054325768583,10687,747,train_increment
50748,197.86424072212657,81.10934891874652,87.58176773395127,131.10934891874652,81.10934891874652,50.0,0.8861819860173237,0.34986551665083987,0.06501688558414946,0.34986551665083987,0.34986551665083987,3.957284814442531,1.6221869783749303,1.7516353546790255,2.62218697837493,1.6221869783749303,0.01244511018835104,6.031165838241577,49.0,281.0,28.0,13.0,1.3500500713401263e-22,1.3500500713401263e-22,1.0,1.328739886004509e-22,1.328739886004509e-22,0.984215262983199,0.984215262983199,0.984215262983199,0.0,4.130326002254155e-23,4.130326002254155e-23,0.0,4.130326002254155e-23,0.3059387270098945,0.3108453389379281,8.475698540817688e-23,8.475698540817688e-23,0.0,8.475698540817688e-23,0.6278062362830952,0.6378749242113837,6.813743169732475e-24,6.813743169732475e-24,0.0,6.813743169732475e-24,0.0504702996902094,0.051279736850688276,10687,748,train_increment
50749,129.6437397125731,55.55364121153911,144.17480751587135,105.55364121153912,55.55364121153911,50.0,0.37821101796405887,0.027192439539635144,0.48640958686426916,0.027192439539635235,0.027192439539635144,2.592874794251462,1.1110728242307821,2.883496150317427,2.1110728242307824,1.1110728242307821,0.04278138700512041,5.961045026779175,49.0,281.0,28.0,13.0,1.3462853480202938e-22,1.3462853480202938e-22,1.0,1.1277791018610822e-22,1.1277791018610822e-22,0.8376969291981644,0.8376969291981644,0.8376969291981644,0.0,2.3233973870109425e-23,2.3233973870109425e-23,0.0,2.3233973870109425e-23,0.17257837578248084,0.20601528997804877,8.510303011921366e-23,8.510303011921366e-23,0.0,8.510303011921366e-23,0.6321321868677934,0.7546072628830863,4.4409061967851206e-24,4.4409061967851206e-24,0.0,4.4409061967851206e-24,0.032986366547890104,0.03937744713886482,10687,749,train_increment
50750,105.50337025723773,120.97057320584382,114.68915377187031,170.97057320584383,120.97057320584382,50.0,0.1984614315505416,0.8531638031040887,0.2668589260749837,0.8531638031040889,0.8531638031040887,2.1100674051447545,2.4194114641168762,2.293783075437406,3.4194114641168767,2.4194114641168762,0.03897094315388912,5.966785669326782,49,281,28,13,1.3483458510849476e-22,1.3483458510849476e-22,1.0,8.616800202643276e-23,8.616800202643276e-23,0.6390645393917117,0.6390645393917117,0.6390645393917117,0.0,1.3879702383038395e-23,1.3879702383038395e-23,0.0,1.3879702383038395e-23,0.10293874061962723,0.16107722189938534,6.654796021568104e-24,6.654796021568104e-24,0.0,6.654796021568104e-24,0.049355260122714927,0.0772304784266286,6.563350362182626e-23,6.563350362182626e-23,0.0,6.563350362182626e-23,0.4867705386493696,0.7616922996739861,10787,750,train_increment
50751,212.77145814046955,65.46172456587337,79.2739619445217,115.46172456587337,65.46172456587337,50.0,0.9971813711129527,0.15229450209436066,0.0031568275839293173,0.15229450209436066,0.15229450209436066,4.255429162809391,1.3092344913174674,1.585479238890434,2.309234491317467,1.3092344913174674,0.026154553088185758,5.989643335342407,49,281,28,13,1.3494169565162462e-22,1.3494169565162462e-22,1.0,1.2663203505836383e-22,1.2663203505836383e-22,0.9384203633048037,0.9384203633048037,0.9384203633048037,0.0,1.4906698697806282e-23,1.4906698697806282e-23,0.0,1.4906698697806282e-23,0.11046769959294502,0.11771664801040185,1.0010756640873004e-22,1.0010756640873004e-22,0.0,1.0010756640873004e-22,0.7418579255679065,0.7905390319486784,1.161776995182752e-23,1.161776995182752e-23,0.0,1.161776995182752e-23,0.08609473814395223,0.0917443200409199,10787,751,train_increment
50752,140.08563297863444,83.86936377457103,177.7960176633964,133.869363774571,83.86936377457103,50.0,0.45596152627426983,0.3847141890728665,0.7367536683797201,0.3847141890728663,0.3847141890728665,2.8017126595726887,1.6773872754914205,3.555920353267928,2.6773872754914203,1.6773872754914205,0.021052199313134883,5.9767279624938965,49,281,28,13,1.347935934517461e-22,1.347935934517461e-22,1.0,9.815931534633354e-23,9.815931534633354e-23,0.7282194415380207,0.7282194415380207,0.7282194415380207,0.0,5.727332753972733e-23,5.727332753972733e-23,0.0,5.727332753972733e-23,0.42489651082883434,0.5834731766175324,7.607533026679627e-24,7.607533026679627e-24,0.0,7.607533026679627e-24,0.056438387254680616,0.07750189576850777,3.327845477992658e-23,3.327845477992658e-23,0.0,3.327845477992658e-23,0.24688454345450567,0.33902492761395975,10787,752,train_increment
50753,105.44067995363557,126.84401064685916,200.48496842789717,176.84401064685915,126.84401064685916,50.0,0.1979946385229752,0.9273233667532723,0.9056959674452507,0.9273233667532721,0.9273233667532723,2.1088135990727115,2.536880212937183,4.009699368557944,3.536880212937183,2.536880212937183,0.03442374483200928,5.961317300796509,49,281,28,13,1.351286256534452e-22,1.351286256534452e-22,1.0,4.486016814980531e-23,4.486016814980531e-23,0.33198123589930534,0.33198123589930534,0.33198123589930534,0.0,1.8732500573038274e-23,1.8732500573038274e-23,0.0,1.8732500573038274e-23,0.13862718193464196,0.4175753534958511,1.0322548710220743e-23,1.0322548710220743e-23,0.0,1.0322548710220743e-23,0.07639054020052162,0.23010499371624718,1.5805118866546288e-23,1.5805118866546288e-23,0.0,1.5805118866546288e-23,0.1169635137641417,0.35231965278790156,10787,753,train_increment
50754,202.39942096584628,131.14698274423404,116.45943002657988,181.14698274423404,131.14698274423404,50.0,0.9199510124039186,0.9816538225282077,0.28004043206686435,0.9816538225282077,0.9816538225282077,4.047988419316925,2.622939654884681,2.3291886005315976,3.622939654884681,2.622939654884681,0.21541124512217763,6.1367692947387695,49,281,28,13,1.2744634619807e-22,1.2744634619807e-22,1.0,7.402437131883299e-23,7.402437131883299e-23,0.5808277249768183,0.5808277249768183,0.5808277249768183,0.0,6.5091243532765595e-24,6.5091243532765595e-24,0.0,6.5091243532765595e-24,0.051073448140760674,0.08793218013619973,5.2820049674369975e-23,5.2820049674369975e-23,0.0,5.2820049674369975e-23,0.4144493055319138,0.7135494531505965,1.4695197291186448e-23,1.4695197291186448e-23,0.0,1.4695197291186448e-23,0.11530497130414388,0.19851836671320375,10787,754,train_increment
50755,165.67937622277788,114.37173507291394,98.59038409653199,164.37173507291394,114.37173507291394,50.0,0.646532957727311,0.7698451398095194,0.14698722335466863,0.7698451398095194,0.7698451398095194,3.3135875244555577,2.2874347014582788,1.9718076819306398,3.2874347014582788,2.2874347014582788,0.025849220702282977,5.979185104370117,49,281,28,13,1.3511047607990378e-22,1.3511047607990378e-22,1.0,1.2545446805059893e-22,1.2545446805059893e-22,0.9285324994074159,0.9285324994074159,0.9285324994074159,0.0,1.8980771582701533e-24,1.8980771582701533e-24,0.0,1.8980771582701533e-24,0.01404833446925047,0.015129609871723432,1.0515056030248617e-22,1.0515056030248617e-22,0.0,1.0515056030248617e-22,0.7782561600945034,0.838157157225172,1.8405830589842618e-23,1.8405830589842618e-23,0.0,1.8405830589842618e-23,0.13622800484366207,0.14671323290310462,10787,755,train_increment
50756,185.03726702916032,72.95833504455567,106.80653747985725,122.95833504455567,72.95833504455567,50.0,0.7906721297778132,0.24694867480499577,0.20816483603765643,0.24694867480499577,0.24694867480499577,3.7007453405832065,1.4591667008911136,2.1361307495971453,2.4591667008911133,1.4591667008911136,0.02656841021342341,5.94668436050415,49,281,28,13,1.3482692480891224e-22,1.3482692480891224e-22,1.0,1.2932379687971702e-22,1.2932379687971702e-22,0.9591837614260305,0.9591837614260305,0.9591837614260305,0.0,1.4366939651760952e-23,1.4366939651760952e-23,0.0,1.4366939651760952e-23,0.10655838714798958,0.11109277641394585,1.0265457732041678e-22,1.0265457732041678e-22,0.0,1.0265457732041678e-22,0.7613803953914047,0.7937794883635758,1.2302279907539299e-23,1.2302279907539299e-23,0.0,1.2302279907539299e-23,0.09124497888663631,0.0951277352224784,10787,756,train_increment
50757,95.10421303613771,125.64247681082563,111.59857561605787,175.64247681082563,125.64247681082563,50.0,0.12102913653118177,0.9121524849851721,0.24384643049931404,0.9121524849851721,0.9121524849851721,1.9020842607227542,2.5128495362165126,2.2319715123211576,3.5128495362165126,2.5128495362165126,0.04650308633942638,5.961212396621704,49,281,28,13,1.3430314492621765e-22,1.3430314492621765e-22,1.0,7.970764613076288e-23,7.970764613076288e-23,0.5934905409292687,0.5934905409292687,0.5934905409292687,0.0,2.4885338241640555e-23,2.4885338241640555e-23,0.0,2.4885338241640555e-23,0.18529229717823703,0.3122076670137189,1.1112024069474901e-24,1.1112024069474901e-24,0.0,1.1112024069474901e-24,0.008273837575121217,0.013940976316431774,5.371110548217484e-23,5.371110548217484e-23,0.0,5.371110548217484e-23,0.3999244061759105,0.6738513566698494,10787,757,train_increment
50758,82.09790556635605,54.414684539737024,177.48525682884204,104.41468453973702,54.414684539737024,50.0,0.024183958051794883,0.012811673481528014,0.7344397381149816,0.012811673481528014,0.012811673481528014,1.641958111327121,1.0882936907947405,3.549705136576841,2.0882936907947407,1.0882936907947405,0.018757073268950507,5.953567743301392,49,281,28,13,1.3432341254207725e-22,1.3432341254207725e-22,1.0,1.0090327374831391e-22,1.0090327374831391e-22,0.7511964730400639,0.7511964730400639,0.7511964730400639,0.0,1.6396455305347212e-23,1.6396455305347212e-23,0.0,1.6396455305347212e-23,0.12206699483763464,0.16249676245634395,7.536687049669521e-23,7.536687049669521e-23,0.0,7.536687049669521e-23,0.5610851382523229,0.746921955026802,9.139947946271485e-24,9.139947946271485e-24,0.0,9.139947946271485e-24,0.06804433995010636,0.09058128251685406,10787,758,train_increment
50759,184.7231166536488,94.18310748912504,207.6352672814983,144.18310748912504,94.18310748912504,50.0,0.7883329609355829,0.5149382258727908,0.9589372098398979,0.5149382258727908,0.5149382258727908,3.6944623330729756,1.8836621497825008,4.152705345629966,2.883662149782501,1.8836621497825008,0.013917318465431233,5.988579988479614,49,281,28,13,1.349900156242931e-22,1.349900156242931e-22,1.0,1.0456663036664241e-22,1.0456663036664241e-22,0.7746249223177686,0.7746249223177686,0.7746249223177686,0.0,5.377311827600601e-23,5.377311827600601e-23,0.0,5.377311827600601e-23,0.3983488558566319,0.5142474046209685,1.6491394843399557e-24,1.6491394843399557e-24,0.0,1.6491394843399557e-24,0.012216751562796122,0.015771183202113057,4.9144372606296446e-23,4.9144372606296446e-23,0.0,4.9144372606296446e-23,0.36405931489834065,0.46998141217691847,10787,759,train_increment
50760,91.61167481270138,100.32432832726275,168.61370394716874,150.32432832726275,100.32432832726275,50.0,0.09502363970738187,0.5924788930209943,0.6683820100310405,0.5924788930209943,0.5924788930209943,1.8322334962540276,2.006486566545255,3.372274078943375,3.006486566545255,2.006486566545255,0.05245346745245458,5.96588659286499,49,281,28,13,1.3436594647731257e-22,1.3436594647731257e-22,1.0,1.1866939871867023e-22,1.1866939871867023e-22,0.8831806110836821,0.8831806110836821,0.8831806110836821,0.0,5.1839544563430535e-23,5.1839544563430535e-23,0.0,5.1839544563430535e-23,0.3858086510943719,0.43684003730672505,9.972041870438694e-24,9.972041870438694e-24,0.0,9.972041870438694e-24,0.07421554442830836,0.08403212604185711,5.6857812284801e-23,5.6857812284801e-23,0.0,5.6857812284801e-23,0.42315641556100175,0.4791278366514178,10787,760,train_increment
50761,88.33078612410984,93.39947303174077,158.22425142180123,143.39947303174077,93.39947303174077,50.0,0.0705940887871172,0.5050438514108683,0.5910219763350799,0.5050438514108683,0.5050438514108683,1.7666157224821968,1.8679894606348155,3.1644850284360246,2.8679894606348153,1.8679894606348155,0.09126987174893526,5.971984148025513,49,281,28,13,1.33328053073673e-22,1.33328053073673e-22,1.0,1.200053945617439e-22,1.200053945617439e-22,0.9000761039796522,0.9000761039796522,0.9000761039796522,0.0,7.322180235974671e-23,7.322180235974671e-23,0.0,7.322180235974671e-23,0.5491852665041661,0.610154257041115,1.1087341958220463e-23,1.1087341958220463e-23,0.0,1.1087341958220463e-23,0.08315835791957404,0.09239036293919206,3.5696250243776706e-23,3.5696250243776706e-23,0.0,3.5696250243776706e-23,0.267732479555912,0.2974553800196928,10787,761,train_increment
50762,158.41515520502705,75.46252659157393,159.13570325649144,125.46252659157393,75.46252659157393,50.0,0.5924434490322192,0.2785672549441153,0.5978086616268908,0.2785672549441153,0.2785672549441153,3.1683031041005414,1.5092505318314788,3.1827140651298285,2.5092505318314786,1.5092505318314788,0.018988154361086328,5.970393180847168,49,281,28,13,1.349992442728727e-22,1.349992442728727e-22,1.0,1.0846558881900513e-22,1.0846558881900513e-22,0.8034533037812023,0.8034533037812023,0.8034533037812023,0.0,3.9538299774649084e-23,3.9538299774649084e-23,0.0,3.9538299774649084e-23,0.2928779341514734,0.36452390297374443,4.387718240719213e-23,4.387718240719213e-23,0.0,4.387718240719213e-23,0.32501798542296717,0.4045262915633945,2.5050106637163908e-23,2.5050106637163908e-23,0.0,2.5050106637163908e-23,0.18555738420676166,0.23094980546286104,10787,762,train_increment
50763,141.4203414979322,127.18328640173928,155.78008842323572,177.18328640173928,127.18328640173928,50.0,0.46589978777313634,0.9316071515371122,0.5728226986093501,0.9316071515371122,0.9316071515371122,2.8284068299586442,2.5436657280347856,3.1156017684647144,3.5436657280347856,2.5436657280347856,0.11493498013087705,5.953632354736328,49,281,28,13,1.3223511854001345e-22,1.3223511854001345e-22,1.0,7.330552571530671e-23,7.330552571530671e-23,0.5543574696696397,0.5543574696696397,0.5543574696696397,0.0,2.0083103602828844e-23,2.0083103602828844e-23,0.0,2.0083103602828844e-23,0.15187420576744773,0.2739643895444481,1.4906470771080064e-23,1.4906470771080064e-23,0.0,1.4906470771080064e-23,0.1127270193853191,0.20334716415474105,3.83159513413978e-23,3.83159513413978e-23,0.0,3.83159513413978e-23,0.2897562445168728,0.5226884463008108,10787,763,train_increment
50764,117.22999069496976,128.00653973983003,115.86797227554841,178.00653973983003,128.00653973983003,50.0,0.2857780394264316,0.9420017643917934,0.275636427963875,0.9420017643917934,0.9420017643917934,2.344599813899395,2.5601307947966006,2.3173594455109683,3.5601307947966006,2.5601307947966006,0.08230773911710235,6.078780651092529,49,281,28,13,1.3405538969428396e-22,1.3405538969428396e-22,1.0,8.691190681787742e-23,8.691190681787742e-23,0.6483283291785715,0.6483283291785715,0.6483283291785715,0.0,2.931698007816155e-23,2.931698007816155e-23,0.0,2.931698007816155e-23,0.2186930353566501,0.3373183393570554,2.0152161989363286e-23,2.0152161989363286e-23,0.0,2.0152161989363286e-23,0.15032712996710315,0.23186882818704962,3.7442764750352576e-23,3.7442764750352576e-23,0.0,3.7442764750352576e-23,0.2793081638548182,0.4308128324558949,10787,764,train_increment
50765,204.10528576837382,94.22184168590121,197.3247396311704,144.2218416859012,94.22184168590121,50.0,0.9326529096677126,0.5154272940139042,0.8821648520563692,0.5154272940139042,0.5154272940139042,4.082105715367477,1.8844368337180244,3.9464947926234077,2.8844368337180244,1.8844368337180244,0.01631494467283299,5.955461025238037,49,281,28,13,1.3487803092542541e-22,1.3487803092542541e-22,1.0,1.0936797244328866e-22,1.0936797244328866e-22,0.8108657258183035,0.8108657258183035,0.8108657258183035,0.0,5.420882332555528e-23,5.420882332555528e-23,0.0,5.420882332555528e-23,0.40190995489493425,0.49565537437081547,4.164804292188222e-24,4.164804292188222e-24,0.0,4.164804292188222e-24,0.030878299924848092,0.03808065742782081,5.0994344825545155e-23,5.0994344825545155e-23,0.0,5.0994344825545155e-23,0.37807747099852107,0.46626396820136357,10787,765,train_increment
50766,97.39809554827569,100.26559858045376,147.74724508237426,150.26559858045374,100.26559858045376,50.0,0.13810942329319206,0.59173735581381,0.5130100155053928,0.5917373558138098,0.59173735581381,1.9479619109655137,2.0053119716090753,2.954944901647485,3.005311971609075,2.0053119716090753,0.035314120414033735,5.96252179145813,49,281,28,13,1.3491551110415325e-22,1.3491551110415325e-22,1.0,1.1705556940357602e-22,1.1705556940357602e-22,0.8676212871714242,0.8676212871714242,0.8676212871714242,0.0,4.2180294083175273e-23,4.2180294083175273e-23,0.0,4.2180294083175273e-23,0.3126422880361959,0.36034418779126176,1.3111473030609106e-23,1.3111473030609106e-23,0.0,1.3111473030609106e-23,0.09718284371681472,0.11201067234489531,6.176380228979163e-23,6.176380228979163e-23,0.0,6.176380228979163e-23,0.4577961554184135,0.5276451398638429,10787,766,train_increment
50767,202.10124208891403,79.28598898045553,153.12905492268948,129.28598898045553,79.28598898045553,50.0,0.9177307676017425,0.3268432952077718,0.5530830597370773,0.3268432952077718,0.3268432952077718,4.0420248417782805,1.5857197796091107,3.06258109845379,2.5857197796091107,1.5857197796091107,0.03019510602982871,5.95798921585083,49,281,28,13,1.349189087131807e-22,1.349189087131807e-22,1.0,1.2306988860733657e-22,1.2306988860733657e-22,0.9121767273478801,0.9121767273478801,0.9121767273478801,0.0,1.5771494878354204e-23,1.5771494878354204e-23,0.0,1.5771494878354204e-23,0.1168961046956158,0.1281507203494293,6.982109151559347e-23,6.982109151559347e-23,0.0,6.982109151559347e-23,0.5175041228952099,0.5673287942785318,3.747730221338889e-23,3.747730221338889e-23,0.0,3.747730221338889e-23,0.27777649975705443,0.3045204853720389,10787,767,train_increment
50768,79.9394554958982,120.85283842395823,172.11921886491933,170.85283842395825,120.85283842395823,50.0,0.00811210346908568,0.8516772528277555,0.6944841315332787,0.8516772528277556,0.8516772528277555,1.598789109917964,2.417056768479165,3.442384377298387,3.417056768479165,2.417056768479165,0.016007499600000533,5.953522205352783,49,281,28,13,1.3500272882532494e-22,1.3500272882532494e-22,1.0,6.845644122627947e-23,6.845644122627947e-23,0.5070745000632746,0.5070745000632746,0.5070745000632746,0.0,1.4243196122217817e-23,1.4243196122217817e-23,0.0,1.4243196122217817e-23,0.10550302387329195,0.20806217599214102,1.5208712206537285e-23,1.5208712206537285e-23,0.0,1.5208712206537285e-23,0.11265485030465776,0.22216627002659428,3.900453289752437e-23,3.900453289752437e-23,0.0,3.900453289752437e-23,0.28891662588532485,0.5697715539812648,10787,768,train_increment
50769,153.65263520564827,104.45041242357857,148.38550561586135,154.45041242357857,104.45041242357857,50.0,0.5569816471008806,0.6445759144391233,0.5177625138932341,0.6445759144391233,0.6445759144391233,3.0730527041129654,2.089008248471571,2.9677101123172274,3.0890082484715715,2.089008248471571,0.05281939909962239,5.9676172733306885,49,281,28,13,1.3436346377431733e-22,1.3436346377431733e-22,1.0,1.0901342983257758e-22,1.0901342983257758e-22,0.8113323873198242,0.8113323873198242,0.8113323873198242,0.0,2.780548515558689e-23,2.780548515558689e-23,0.0,2.780548515558689e-23,0.20694230689296744,0.25506476769229675,5.1721057060302845e-24,5.1721057060302845e-24,0.0,5.1721057060302845e-24,0.038493393670749484,0.04744466543226449,7.603583897096041e-23,7.603583897096041e-23,0.0,7.603583897096041e-23,0.5658966867561073,0.6974905668754389,10787,769,train_increment
50770,111.56788493060452,99.50826198475153,160.12732796169428,149.50826198475153,99.50826198475153,50.0,0.24361790715267703,0.5821750250599941,0.6051923154258695,0.5821750250599941,0.5821750250599941,2.2313576986120904,1.9901652396950307,3.2025465592338858,2.9901652396950307,1.9901652396950307,0.05987059511817431,5.960063934326172,49,281,28,13,1.3407963800303015e-22,1.3407963800303015e-22,1.0,1.203461783236768e-22,1.203461783236768e-22,0.8975723690494825,0.8975723690494825,0.8975723690494825,0.0,4.820592918545921e-23,4.820592918545921e-23,0.0,4.820592918545921e-23,0.3595320654458343,0.4005605317670085,8.931371116948067e-24,8.931371116948067e-24,0.0,8.931371116948067e-24,0.06661243459462667,0.07421399866081926,6.320887802126954e-23,6.320887802126954e-23,0.0,6.320887802126954e-23,0.4714278690090216,0.5252254695721724,10787,770,train_increment
50771,193.6530005148972,120.97944088860154,205.95835433794576,170.97944088860154,120.97944088860154,50.0,0.854825022448974,0.8532757687954741,0.946450888592299,0.8532757687954741,0.8532757687954741,3.8730600102979444,2.4195888177720306,4.119167086758915,3.419588817772031,2.4195888177720306,0.018782932897707404,6.007533073425293,49,281,28,13,1.3498267998067478e-22,1.3498267998067478e-22,1.0,1.0772745950078748e-22,1.0772745950078748e-22,0.7980835727680812,0.7980835727680812,0.7980835727680812,0.0,1.8494594461348513e-23,1.8494594461348513e-23,0.0,1.8494594461348513e-23,0.13701457449204854,0.17167948215852355,8.163492021667593e-23,8.163492021667593e-23,0.0,8.163492021667593e-23,0.6047807039270775,0.757791194510432,7.597944822763046e-24,7.597944822763046e-24,0.0,7.597944822763046e-24,0.05628829434895521,0.07052932333104453,10787,771,train_increment
50772,173.7994833618787,102.16171060131067,167.58502520392614,152.1617106013107,102.16171060131067,50.0,0.7069954085024476,0.6156781641579631,0.6607224512578268,0.6156781641579633,0.6156781641579631,3.4759896672375743,2.0432342120262135,3.3517005040785226,3.043234212026214,2.0432342120262135,0.06476669895443123,5.982144832611084,49,281,28,13,1.3411666346354283e-22,1.3411666346354283e-22,1.0,1.048919507789124e-22,1.048919507789124e-22,0.7820948424311597,0.7820948424311597,0.7820948424311597,0.0,3.9070031900536177e-23,3.9070031900536177e-23,0.0,3.9070031900536177e-23,0.2913137778077565,0.3724788376077267,6.937416020334833e-24,6.937416020334833e-24,0.0,6.937416020334833e-24,0.05172672687477528,0.066138688134014,5.88845028580414e-23,5.88845028580414e-23,0.0,5.88845028580414e-23,0.4390543377486279,0.5613824742582593,10787,772,train_increment
50773,97.25705884823303,92.0318155361964,178.62368994617617,142.0318155361964,92.0318155361964,50.0,0.13705926171431893,0.4877754486893485,0.7429165297555932,0.4877754486893485,0.4877754486893485,1.9451411769646605,1.840636310723928,3.5724737989235233,2.8406363107239283,1.840636310723928,0.03382398885002653,5.950686454772949,49,281,28,13,1.3490434501090257e-22,1.3490434501090257e-22,1.0,1.1778649899898433e-22,1.1778649899898433e-22,0.8731112329218541,0.8731112329218541,0.8731112329218541,0.0,7.427463429462231e-23,7.427463429462231e-23,0.0,7.427463429462231e-23,0.5505725874775913,0.6305869936355166,9.224601721828919e-24,9.224601721828919e-24,0.0,9.224601721828919e-24,0.06837883332136867,0.07831629091809973,3.42872629825331e-23,3.42872629825331e-23,0.0,3.42872629825331e-23,0.25415981212289424,0.2910967154463837,10787,773,train_increment
50774,80.58737317086077,129.20636923381892,132.30149102284773,179.20636923381892,129.20636923381892,50.0,0.01293650909054935,0.9571511266896329,0.3980006777576153,0.9571511266896329,0.9571511266896329,1.6117474634172155,2.5841273846763784,2.646029820456955,3.584127384676379,2.5841273846763784,0.08505534724290659,5.9276955127716064,49,281,28,13,1.327794704006699e-22,1.327794704006699e-22,1.0,5.511574598176603e-23,5.511574598176603e-23,0.415092376972517,0.415092376972517,0.415092376972517,0.0,9.854505672547985e-24,9.854505672547985e-24,0.0,9.854505672547985e-24,0.07421708825025007,0.17879655798922064,1.006907630633399e-23,1.006907630633399e-23,0.0,1.006907630633399e-23,0.07583308079140516,0.1826896493366006,3.5192164002884054e-23,3.5192164002884054e-23,0.0,3.5192164002884054e-23,0.26504220793086175,0.6385137926741787,10787,774,train_increment
50775,211.55728499100744,99.6383960032656,188.46012530222677,149.6383960032656,99.6383960032656,50.0,0.9881406179524008,0.5838181313543637,0.8161587885497154,0.5838181313543637,0.5838181313543637,4.231145699820149,1.9927679200653121,3.7692025060445355,2.992767920065312,1.9927679200653121,0.04156324244519081,5.954000234603882,49,281,28,13,1.3402582991827537e-22,1.3402582991827537e-22,1.0,9.473624769375777e-23,9.473624769375777e-23,0.7068506701396654,0.7068506701396654,0.7068506701396654,0.0,4.652385899033548e-23,4.652385899033548e-23,0.0,4.652385899033548e-23,0.34712606531669477,0.4910882594878303,1.0177150986324196e-23,1.0177150986324196e-23,0.0,1.0177150986324196e-23,0.07593425082709725,0.1074261566620479,3.803523771709809e-23,3.803523771709809e-23,0.0,3.803523771709809e-23,0.28379035399587343,0.4014855838501218,10787,775,train_increment
50776,129.04419535219276,105.680648727847,170.21584836595468,155.680648727847,105.680648727847,50.0,0.37374680083538914,0.6601092011091794,0.6803116036184266,0.6601092011091794,0.6601092011091794,2.580883907043855,2.11361297455694,3.404316967319094,3.1136129745569403,2.11361297455694,0.023602452548362726,5.948205471038818,49,281,28,13,1.3482783033786288e-22,1.3482783033786288e-22,1.0,1.0425494605405711e-22,1.0425494605405711e-22,0.7732450028514612,0.7732450028514612,0.7732450028514612,0.0,3.217277273605172e-23,3.217277273605172e-23,0.0,3.217277273605172e-23,0.23862115599895428,0.3085970877522669,5.689242895154778e-24,5.689242895154778e-24,0.0,5.689242895154778e-24,0.04219635427565805,0.05457048428383297,6.639293042285062e-23,6.639293042285062e-23,0.0,6.639293042285062e-23,0.4924274925768489,0.6368324279639002,10787,776,train_increment
50777,117.45740080143793,71.76575604788098,173.08937449373144,121.76575604788098,71.76575604788098,50.0,0.2874713388044522,0.23189085919041644,0.701707926237762,0.23189085919041644,0.23189085919041644,2.349148016028759,1.4353151209576198,3.4617874898746286,2.43531512095762,1.4353151209576198,0.018337118523148527,5.975134611129761,49,281,28,13,1.3526300722859562e-22,1.3526300722859562e-22,1.0,1.0874360884475685e-22,1.0874360884475685e-22,0.8039419725526229,0.8039419725526229,0.8039419725526229,0.0,1.717990227607777e-23,1.717990227607777e-23,0.0,1.717990227607777e-23,0.1270110921535523,0.15798539756579094,8.427753570554635e-23,8.427753570554635e-23,0.0,8.427753570554635e-23,0.6230641875580705,0.7750113924015669,7.28617086313274e-24,7.28617086313274e-24,0.0,7.28617086313274e-24,0.053866692841000124,0.06700321003264229,10787,777,train_increment
50778,95.35052051174199,95.019438139758,81.29475634678892,145.019438139758,95.019438139758,50.0,0.12286314602935215,0.5254979563100757,0.018203695806321078,0.5254979563100757,0.5254979563100757,1.90701041023484,1.90038876279516,1.6258951269357784,2.9003887627951603,1.90038876279516,0.10409694624967643,5.933159828186035,49,281,28,13,1.3303150385978622e-22,1.3303150385978622e-22,1.0,1.087673284803228e-22,1.087673284803228e-22,0.8176057950525943,0.8176057950525943,0.8176057950525943,0.0,3.9551290484292875e-23,3.9551290484292875e-23,0.0,3.9551290484292875e-23,0.29730770033224246,0.36363208545154385,6.4608955455598125e-24,6.4608955455598125e-24,0.0,6.4608955455598125e-24,0.04856665795772351,0.05940106864653442,6.275514245047011e-23,6.275514245047011e-23,0.0,6.275514245047011e-23,0.4717314367626285,0.5769668459019218,10787,778,train_increment
50779,95.90711647375741,60.72155213079248,121.54501316371861,110.72155213079247,60.72155213079248,50.0,0.12700756868024882,0.09244384003525855,0.31790776741413707,0.09244384003525846,0.09244384003525855,1.9181423294751483,1.2144310426158496,2.4309002632743724,2.2144310426158493,1.2144310426158496,0.019079563822093856,5.956028938293457,49,281,28,13,1.3399757441469951e-22,1.3399757441469951e-22,1.0,1.2086293865524264e-22,1.2086293865524264e-22,0.9019785558296195,0.9019785558296195,0.9019785558296195,0.0,1.405094040730871e-23,1.405094040730871e-23,0.0,1.405094040730871e-23,0.1048596623385395,0.1162551611241932,1.0140344328813456e-22,1.0140344328813456e-22,0.0,1.0140344328813456e-22,0.756755812417233,0.8389953480891639,5.408554959799369e-24,5.408554959799369e-24,0.0,5.408554959799369e-24,0.04036308107384705,0.04474949078664292,10787,779,train_increment
50780,123.49925329881708,123.92249348111447,208.79634943450662,173.9224934811145,123.92249348111447,50.0,0.33245907147294923,0.8904355237514454,0.9675826465711588,0.8904355237514456,0.8904355237514454,2.469985065976342,2.4784498696222896,4.175926988690133,3.4784498696222896,2.4784498696222896,0.09220830674625809,5.9572594165802,49,281,28,13,1.33849499017379e-22,1.33849499017379e-22,1.0,5.55861939792858e-23,5.55861939792858e-23,0.41528877124948,0.41528877124948,0.41528877124948,0.0,2.9945252761613774e-23,2.9945252761613774e-23,0.0,2.9945252761613774e-23,0.2237233085028259,0.5387174515451242,6.68444870240571e-24,6.68444870240571e-24,0.0,6.68444870240571e-24,0.04994003527452727,0.12025375770279705,1.8956492515266312e-23,1.8956492515266312e-23,0.0,1.8956492515266312e-23,0.14162542747212678,0.34102879075207865,10787,780,train_increment
50781,126.65212314312365,118.88438253835662,166.50094175140032,168.88438253835662,118.88438253835662,50.0,0.35593539198156104,0.8268230118479372,0.6526503481116926,0.8268230118479372,0.8268230118479372,2.533042462862473,2.3776876507671325,3.330018835028006,3.3776876507671325,2.3776876507671325,0.0417158894306445,5.948776721954346,49,281,28,13,1.3448350965651004e-22,1.3448350965651004e-22,1.0,6.460564498602185e-23,6.460564498602185e-23,0.4803982670517287,0.4803982670517287,0.4803982670517287,0.0,1.5698521746619628e-23,1.5698521746619628e-23,0.0,1.5698521746619628e-23,0.11673194569888813,0.24298993919209658,1.4579282185192307e-23,1.4579282185192307e-23,0.0,1.4579282185192307e-23,0.108409441591983,0.2256657632370468,3.4327841054209917e-23,3.4327841054209917e-23,0.0,3.4327841054209917e-23,0.2552568797608576,0.5313442975708567,10787,781,train_increment
50782,172.65627572892873,126.27840466168207,195.36451819593665,176.2784046616821,126.27840466168207,50.0,0.6984830657403479,0.9201818770414404,0.8675690111387688,0.9201818770414406,0.9201818770414404,3.453125514578575,2.5255680932336415,3.907290363918733,3.5255680932336415,2.5255680932336415,0.1577546665003475,5.982200384140015,49,281,28,13,1.2967360862157333e-22,1.2967360862157333e-22,1.0,6.46904104812012e-23,6.46904104812012e-23,0.4988710591835793,0.4988710591835793,0.4988710591835793,0.0,1.649681996428941e-23,1.649681996428941e-23,0.0,1.649681996428941e-23,0.1272180217674986,0.25501183006225203,1.833476600357578e-23,1.833476600357578e-23,0.0,1.833476600357578e-23,0.141391654003261,0.2834232441437946,2.985882451333601e-23,2.985882451333601e-23,0.0,2.985882451333601e-23,0.23026138341281963,0.46156492579395325,10787,782,train_increment
50783,137.84482122857736,74.01561032720065,138.5750987488149,124.01561032720065,74.01561032720065,50.0,0.43927640527607864,0.26029811019192733,0.44471406365461574,0.26029811019192733,0.26029811019192733,2.7568964245715475,1.4803122065440129,2.771501974976298,2.480312206544013,1.4803122065440129,0.022232440771089868,5.9905314445495605,49,281,28,13,1.3488132719406607e-22,1.3488132719406607e-22,1.0,1.1677619344259883e-22,1.1677619344259883e-22,0.8657699021198262,0.8657699021198262,0.8657699021198262,0.0,4.264802538984715e-23,4.264802538984715e-23,0.0,4.264802538984715e-23,0.316189247815493,0.36521164230970354,5.716446105317725e-23,5.716446105317725e-23,0.0,5.716446105317725e-23,0.423813008385731,0.4895215314693089,1.6963706999574435e-23,1.6963706999574435e-23,0.0,1.6963706999574435e-23,0.12576764591860223,0.14526682622098758,10787,783,train_increment
50784,78.9154521808269,70.09181847927273,169.14587880014295,120.09181847927273,70.09181847927273,50.0,0.00048735801062479154,0.2107552838292011,0.6723445927039684,0.2107552838292011,0.2107552838292011,1.5783090436165381,1.4018363695854548,3.382917576002859,2.4018363695854545,1.4018363695854548,0.0292424792161459,5.989151239395142,49,281,28,13,1.344994149790147e-22,1.344994149790147e-22,1.0,1.252177251816751e-22,1.252177251816751e-22,0.9309908537610533,0.9309908537610533,0.9309908537610533,0.0,1.0486686854536364e-23,1.0486686854536364e-23,0.0,1.0486686854536364e-23,0.0779682711346555,0.08374762310464838,1.1278830225805502e-22,1.1278830225805502e-22,0.0,1.1278830225805502e-22,0.838578385457311,0.9007375121566332,1.942736069083706e-24,1.942736069083706e-24,0.0,1.942736069083706e-24,0.014444197169086733,0.015514864738718432,10787,784,train_increment
50785,101.21485697674645,94.01507835064263,208.26293917759435,144.01507835064263,94.01507835064263,50.0,0.16652909141285518,0.5128166458414473,0.9636108650602706,0.5128166458414473,0.5128166458414473,2.024297139534929,1.8803015670128524,4.165258783551887,2.8803015670128524,1.8803015670128524,0.09911711006485698,5.9878990650177,49,281,28,13,1.333945637423582e-22,1.333945637423582e-22,1.0,9.397842098804805e-23,9.397842098804805e-23,0.7045146245206849,0.7045146245206849,0.7045146245206849,0.0,4.9235539701232904e-23,4.9235539701232904e-23,0.0,4.9235539701232904e-23,0.3690970480350888,0.5239026064025332,5.86235258804666e-24,5.86235258804666e-24,0.0,5.86235258804666e-24,0.0439474625020654,0.06237977321189744,3.8880528698768486e-23,3.8880528698768486e-23,0.0,3.8880528698768486e-23,0.2914701139835306,0.4137176203855693,10787,785,train_increment
50786,86.08824932873226,96.44087145515451,99.60999223995316,146.4408714551545,96.44087145515451,50.0,0.05389612307321121,0.5434453466559913,0.15457924229302428,0.5434453466559913,0.5434453466559913,1.7217649865746452,1.9288174291030904,1.9921998447990634,2.92881742910309,1.9288174291030904,0.0627846199694483,5.982312440872192,49,281,28,13,1.339210624970013e-22,1.339210624970013e-22,1.0,1.0825105065565532e-22,1.0825105065565532e-22,0.8083198313788709,0.8083198313788709,0.8083198313788709,0.0,4.227419926908462e-23,4.227419926908462e-23,0.0,4.227419926908462e-23,0.3156650528368621,0.39051999045771946,1.0215712824399348e-24,1.0215712824399348e-24,0.0,1.0215712824399348e-24,0.007628159927888934,0.00943705651125304,6.495528010413076e-23,6.495528010413076e-23,0.0,6.495528010413076e-23,0.48502661861411983,0.6000429530310274,10787,786,train_increment
50787,111.74267579147178,101.38738439582659,142.98140921637827,151.3873843958266,101.38738439582659,50.0,0.244919402765985,0.6059013181291236,0.4775235235769045,0.6059013181291236,0.6059013181291236,2.234853515829436,2.027747687916532,2.8596281843275655,3.0277476879165315,2.027747687916532,0.05265449526530977,6.071376800537109,49,281,28,13,1.34411243587336e-22,1.34411243587336e-22,1.0,1.2178953965594468e-22,1.2178953965594468e-22,0.9060963681718327,0.9060963681718327,0.9060963681718327,0.0,3.922509000935484e-23,3.922509000935484e-23,0.0,3.922509000935484e-23,0.2918289345628119,0.32207273399805664,7.895397390898323e-24,7.895397390898323e-24,0.0,7.895397390898323e-24,0.058740602200947234,0.06482820620886501,7.466905225569152e-23,7.466905225569152e-23,0.0,7.466905225569152e-23,0.5555268314080736,0.6130990597930783,10787,787,train_increment
50788,173.02122245004136,82.0285539222981,112.30087607538401,132.0285539222981,82.0285539222981,50.0,0.701200465004031,0.3614716404330568,0.24907577122400607,0.3614716404330568,0.3614716404330568,3.4604244490008274,1.6405710784459622,2.2460175215076803,2.640571078445962,1.6405710784459622,0.026127552534896195,5.949392557144165,49,281,28,13,1.3476652080717224e-22,1.3476652080717224e-22,1.0,1.2037862664634444e-22,1.2037862664634444e-22,0.8932383645830376,0.8932383645830376,0.8932383645830376,0.0,3.1736148753543843e-23,3.1736148753543843e-23,0.0,3.1736148753543843e-23,0.23548985729885263,0.2636360759188606,5.51797160434079e-23,5.51797160434079e-23,0.0,5.51797160434079e-23,0.4094467655090733,0.4583846616353099,3.346276184939271e-23,3.346276184939271e-23,0.0,3.346276184939271e-23,0.2483017417751118,0.27797926244582954,10787,788,train_increment
50789,96.58092919034826,121.2515051240135,99.84575338946645,171.2515051240135,121.2515051240135,50.0,0.1320247892058694,0.8567109232829988,0.15633472367435933,0.8567109232829988,0.8567109232829988,1.9316185838069653,2.42503010248027,1.9969150677893293,3.42503010248027,2.42503010248027,0.0316371613112058,5.958720445632935,49,281,28,13,1.3440567149743537e-22,1.3440567149743537e-22,1.0,9.389865276646872e-23,9.389865276646872e-23,0.6986212093606513,0.6986212093606513,0.6986212093606513,0.0,1.2325911446378368e-23,1.2325911446378368e-23,0.0,1.2325911446378368e-23,0.09170678074112044,0.13126824595698522,5.449756841413085e-24,5.449756841413085e-24,0.0,5.449756841413085e-24,0.040547074990932006,0.058038711747728046,7.612298447867727e-23,7.612298447867727e-23,0.0,7.612298447867727e-23,0.5663673536285989,0.8106930422952867,10787,789,train_increment
50790,169.63652125932657,105.67825647128521,166.1479884980281,155.6782564712852,105.67825647128521,50.0,0.6759979244923795,0.6600789958495608,0.6500222524052724,0.6600789958495608,0.6600789958495608,3.3927304251865316,2.1135651294257043,3.322959769960562,3.1135651294257043,2.1135651294257043,0.04359341234325946,5.947340488433838,49,281,28,13,1.3469911956966717e-22,1.3469911956966717e-22,1.0,9.495324673686088e-23,9.495324673686088e-23,0.7049284883243093,0.7049284883243093,0.7049284883243093,0.0,2.923098648907499e-23,2.923098648907499e-23,0.0,2.923098648907499e-23,0.21700948441579496,0.30784609788100603,8.529960260324311e-24,8.529960260324311e-24,0.0,8.529960260324311e-24,0.06332602831834076,0.08983326588044913,5.719229998746158e-23,5.719229998746158e-23,0.0,5.719229998746158e-23,0.4245929755901736,0.6023206362385448,10787,790,train_increment
50791,152.44483608795787,123.20140739094741,89.72840554056637,173.2014073909474,123.20140739094741,50.0,0.5479883550853155,0.8813309014008511,0.08100078585678612,0.881330901400851,0.8813309014008511,3.0488967217591574,2.464028147818948,1.7945681108113274,3.4640281478189476,2.464028147818948,0.02147516037132764,5.950030088424683,49,281,28,13,1.347086652363853e-22,1.347086652363853e-22,1.0,1.1475136518853923e-22,1.1475136518853923e-22,0.8518484314811878,0.8518484314811878,0.8518484314811878,0.0,3.001079328938221e-24,3.001079328938221e-24,0.0,3.001079328938221e-24,0.02227829459724777,0.026152885623690628,9.524642089484545e-23,9.524642089484545e-23,0.0,9.524642089484545e-23,0.707054893073939,0.8300242941628913,1.6503864964755564e-23,1.6503864964755564e-23,0.0,1.6503864964755564e-23,0.1225152438100011,0.1438228202134181,10787,791,train_increment
50792,180.6392308305032,62.097353966883354,118.85649996095418,112.09735396688336,62.097353966883354,50.0,0.7579242801973433,0.10981507533943623,0.2978890540651838,0.10981507533943632,0.10981507533943623,3.612784616610064,1.241947079337667,2.3771299992190835,2.2419470793376672,1.241947079337667,0.023223783454270185,5.9891862869262695,49,281,28,13,1.3495671096478265e-22,1.3495671096478265e-22,1.0,9.827282661938343e-23,9.827282661938343e-23,0.7281803618126705,0.7281803618126705,0.7281803618126705,0.0,4.029691526496172e-24,4.029691526496172e-24,0.0,4.029691526496172e-24,0.029859141480913325,0.04100514521784755,7.395955723604575e-23,7.395955723604575e-23,0.0,7.395955723604575e-23,0.5480243013283401,0.7525941786786653,2.028357785684151e-23,2.028357785684151e-23,0.0,2.028357785684151e-23,0.1502969190034171,0.20640067610348714,10787,792,train_increment
50793,147.5868706344351,102.50225930724041,159.2132763972238,152.50225930724042,102.50225930724041,50.0,0.5118158647389061,0.6199780215560657,0.5983862725035279,0.619978021556066,0.6199780215560657,2.951737412688702,2.0500451861448084,3.184265527944476,3.0500451861448084,2.0500451861448084,0.04609843093216252,5.981153964996338,49,281,28,13,1.3481536154297626e-22,1.3481536154297626e-22,1.0,1.134388302108871e-22,1.134388302108871e-22,0.8414384600728546,0.8414384600728546,0.8414384600728546,0.0,3.52416688433946e-23,3.52416688433946e-23,0.0,3.52416688433946e-23,0.26140692306907704,0.31066671595501294,7.76828303860923e-24,7.76828303860923e-24,0.0,7.76828303860923e-24,0.05762164600309934,0.06847992899933557,7.042887832888326e-23,7.042887832888326e-23,0.0,7.042887832888326e-23,0.5224098910006783,0.6208533550456514,10787,793,train_increment
50794,182.85947462646195,127.67098552989951,103.50182547949306,177.6709855298995,127.67098552989951,50.0,0.7744562518723898,0.9377649688118626,0.18355789634767736,0.9377649688118624,0.9377649688118626,3.657189492529239,2.55341971059799,2.0700365095898614,3.5534197105979897,2.55341971059799,0.040956537651589346,5.973515033721924,49,281,28,13,1.3423810288906909e-22,1.3423810288906909e-22,1.0,1.0376636752893649e-22,1.0376636752893649e-22,0.7730023390950805,0.7730023390950805,0.7730023390950805,0.0,3.4245410774677034e-24,3.4245410774677034e-24,0.0,3.4245410774677034e-24,0.025510946622194566,0.033002418404139755,8.739059165020237e-23,8.739059165020237e-23,0.0,8.739059165020237e-23,0.6510118198140785,0.8421860929634302,1.2951234801266405e-23,1.2951234801266405e-23,0.0,1.2951234801266405e-23,0.09647957265880741,0.12481148863242995,10787,794,train_increment
50795,193.50831368104116,79.9255111732003,202.06730299328342,129.9255111732003,79.9255111732003,50.0,0.8537476819139327,0.3349180703686907,0.9174780565397127,0.3349180703686907,0.3349180703686907,3.870166273620823,1.598510223464006,4.041346059865669,2.598510223464006,1.598510223464006,0.019988500965550087,6.038044214248657,49,281,28,13,1.3465911408844316e-22,1.3465911408844316e-22,1.0,8.860620968357651e-23,8.860620968357651e-23,0.6580038067485026,0.6580038067485026,0.6580038067485026,0.0,2.625499927734122e-23,2.625499927734122e-23,0.0,2.625499927734122e-23,0.19497380073432774,0.2963110528156096,2.137622947525998e-23,2.137622947525998e-23,0.0,2.137622947525998e-23,0.15874328017055142,0.24124978995938412,4.0974980930975307e-23,4.0974980930975307e-23,0.0,4.0974980930975307e-23,0.3042867258436234,0.4624391572250062,10787,795,train_increment
50796,112.60868059095074,121.83846445883142,179.71157116392226,171.83846445883142,121.83846445883142,50.0,0.25136768868913434,0.8641220259953464,0.7510169111237696,0.8641220259953464,0.8641220259953464,2.2521736118190145,2.4367692891766284,3.594231423278445,3.4367692891766284,2.4367692891766284,0.056414896746295295,5.953606843948364,49,281,28,13,1.3460501586626918e-22,1.3460501586626918e-22,1.0,4.8851596271953787e-23,4.8851596271953787e-23,0.36292552664224725,0.36292552664224725,0.36292552664224725,0.0,8.144761288254548e-24,8.144761288254548e-24,0.0,8.144761288254548e-24,0.06050860167310862,0.16672456807579367,1.345293077016674e-23,1.345293077016674e-23,0.0,1.345293077016674e-23,0.09994375531690662,0.2753836475531959,2.72539042135325e-23,2.72539042135325e-23,0.0,2.72539042135325e-23,0.20247316965223197,0.5578917843710104,10787,796,train_increment
50797,150.3912389486685,111.7870393436059,93.71722392719931,161.7870393436059,111.7870393436059,50.0,0.5326972371457074,0.7372100927222968,0.11070159290543051,0.7372100927222968,0.7372100927222968,3.00782477897337,2.235740786872118,1.8743444785439864,3.235740786872118,2.235740786872118,0.04157206183235763,5.919051170349121,49,281,28,13,1.349629347367398e-22,1.349629347367398e-22,1.0,1.1789343353864218e-22,1.1789343353864218e-22,0.8735245255936855,0.8735245255936855,0.8735245255936855,0.0,1.8150548767279334e-24,1.8150548767279334e-24,0.0,1.8150548767279334e-24,0.013448543337238475,0.015395724954715218,6.633417678857663e-23,6.633417678857663e-23,0.0,6.633417678857663e-23,0.49149921730709845,0.562662183953054,4.974420187333763e-23,4.974420187333763e-23,0.0,4.974420187333763e-23,0.36857676494934866,0.4219420910922309,10787,797,train_increment
50798,147.42508774265235,128.4772163644314,149.87969347049994,178.4772163644314,128.4772163644314,50.0,0.5106112266764881,0.9479446510660531,0.5288882611355171,0.9479446510660531,0.9479446510660531,2.948501754853047,2.569544327288628,2.9975938694099993,3.569544327288628,2.569544327288628,0.12488813863639586,5.9666008949279785,49,281,28,13,1.330107307708099e-22,1.330107307708099e-22,1.0,9.593652865058332e-23,9.593652865058332e-23,0.7212690893029605,0.7212690893029605,0.7212690893029605,0.0,2.0348868252172896e-23,2.0348868252172896e-23,0.0,2.0348868252172896e-23,0.15298666607009268,0.21210761467393544,4.436014815858238e-23,4.436014815858238e-23,0.0,4.436014815858238e-23,0.3335080403025461,0.462390590763914,3.122751223982805e-23,3.122751223982805e-23,0.0,3.122751223982805e-23,0.23477438293032174,0.3255017945621506,10787,798,train_increment
50799,188.93106787426723,56.02137409935675,125.7079433267071,106.02137409935675,56.02137409935675,50.0,0.81966543465575,0.0330981578201609,0.34890501360169096,0.0330981578201609,0.0330981578201609,3.7786213574853447,1.120427481987135,2.514158866534142,2.120427481987135,1.120427481987135,0.03352781555695748,5.974891185760498,49,281,28,13,1.3492331653465308e-22,1.3492331653465308e-22,1.0,6.733064811309751e-23,6.733064811309751e-23,0.49902900286181906,0.49902900286181906,0.49902900286181906,0.0,2.3183093850922846e-24,2.3183093850922846e-24,0.0,2.3183093850922846e-24,0.01718242216864615,0.03443171052205147,4.435706285436854e-23,4.435706285436854e-23,0.0,4.435706285436854e-23,0.3287575787019442,0.6587945326155263,2.065527587363669e-23,2.065527587363669e-23,0.0,2.065527587363669e-23,0.15308900199122874,0.3067737568624223,10787,799,train_increment
50800,152.33350974324793,121.72199534384337,97.40749294446948,171.7219953438434,121.72199534384337,50.0,0.5471594172989421,0.8626514563616589,0.138179396459192,0.862651456361659,0.8626514563616589,3.0466701948649586,2.4344399068768676,1.9481498588893895,3.4344399068768676,2.4344399068768676,0.04480492460598667,5.988892555236816,49,281,28,13,1.3429488447616903e-22,1.3429488447616903e-22,1.0,1.1401930480481746e-22,1.1401930480481746e-22,0.8490219508327622,0.8490219508327622,0.8490219508327622,0.0,1.1022547763101233e-24,1.1022547763101233e-24,0.0,1.1022547763101233e-24,0.008207719754997228,0.00966726448821105,9.744273911975403e-23,9.744273911975403e-23,0.0,9.744273911975403e-23,0.7255878695591379,0.8546161484369702,1.5474310908753303e-23,1.5474310908753303e-23,0.0,1.5474310908753303e-23,0.115226361518627,0.1357165870748187,10787,800,train_increment
50801,196.4711722080683,129.2250230838535,89.55087472133908,179.2250230838535,129.2250230838535,50.0,0.8758091750414617,0.9573866550991604,0.07967888846864549,0.9573866550991604,0.9573866550991604,3.9294234441613667,2.58450046167707,1.7910174944267818,3.5845004616770697,2.58450046167707,0.14103105772837896,5.973713636398315,49,281,28,13,1.3163598280392688e-22,1.3163598280392688e-22,1.0,8.71208760282185e-23,8.71208760282185e-23,0.6618317740521292,0.6618317740521292,0.6618317740521292,0.0,7.018612804564824e-24,7.018612804564824e-24,0.0,7.018612804564824e-24,0.05331834544828916,0.08056177950152259,6.752152000543351e-23,6.752152000543351e-23,0.0,6.752152000543351e-23,0.5129412077699719,0.7750326108241066,1.2580743218220164e-23,1.2580743218220164e-23,0.0,1.2580743218220164e-23,0.0955722208338681,0.14440560967437074,10787,801,train_increment
50802,92.66956634143813,66.1552400099966,107.44355745519594,116.1552400099966,66.1552400099966,50.0,0.10290071735992652,0.16105101022722978,0.21290809720920287,0.16105101022722978,0.16105101022722978,1.8533913268287627,1.3231048001999322,2.1488711491039187,2.3231048001999324,1.3231048001999322,0.008615288276829065,5.977035045623779,49,281,28,13,1.3482586249557683e-22,1.3482586249557683e-22,1.0,1.302588254059655e-22,1.302588254059655e-22,0.9661264018261989,0.9661264018261989,0.9661264018261989,0.0,2.178235027505635e-23,2.178235027505635e-23,0.0,2.178235027505635e-23,0.16155913911376577,0.16722360429068306,1.0535189529990206e-22,1.0535189529990206e-22,0.0,1.0535189529990206e-22,0.7813923334134673,0.8087889244476268,3.124579831007105e-24,3.124579831007105e-24,0.0,3.124579831007105e-24,0.023174929298966,0.023987471261690093,10787,802,train_increment
50803,89.77457258218598,54.052958453947674,176.9444582685972,104.05295845394767,54.052958453947674,50.0,0.08134454640495895,0.008244424923581677,0.7304129431764498,0.008244424923581586,0.008244424923581677,1.7954914516437197,1.0810591690789535,3.5388891653719443,2.0810591690789537,1.0810591690789535,0.03477545381144297,5.898055791854858,49,281,28,13,1.3465818811809576e-22,1.3465818811809576e-22,1.0,1.0162423092285904e-22,1.0162423092285904e-22,0.7546828926120274,0.7546828926120274,0.7546828926120274,0.0,1.542034615836935e-23,1.542034615836935e-23,0.0,1.542034615836935e-23,0.11451473077036835,0.15173887190422758,7.769173774357114e-23,7.769173774357114e-23,0.0,7.769173774357114e-23,0.5769551694504844,0.7645001299202493,8.512147020918539e-24,8.512147020918539e-24,0.0,8.512147020918539e-24,0.06321299239117456,0.08376099817552314,10787,803,train_increment
50804,175.16535745200912,67.3583438659137,95.84673298506821,117.3583438659137,67.3583438659137,50.0,0.7171657293522644,0.17624171547870823,0.12655795223431288,0.17624171547870823,0.17624171547870823,3.5033071490401824,1.347166877318274,1.9169346597013643,2.347166877318274,1.347166877318274,0.023917676740450203,5.970648288726807,49,281,28,13,1.3506456049937e-22,1.3506456049937e-22,1.0,1.208579123484979e-22,1.208579123484979e-22,0.894815871029778,0.894815871029778,0.894815871029778,0.0,1.2025336873810157e-23,1.2025336873810157e-23,0.0,1.2025336873810157e-23,0.08903399107322642,0.09949978979559641,9.691228490978425e-23,9.691228490978425e-23,0.0,9.691228490978425e-23,0.7175256377503727,0.8018695923716965,1.1920290564903503e-23,1.1920290564903503e-23,0.0,1.1920290564903503e-23,0.0882562422061789,0.09863061783270705,10787,804,train_increment
50805,78.85679781994429,80.95412331489041,127.71739077027078,130.9541233148904,80.95412331489041,50.0,5.061667866192241e-05,0.3479055974102324,0.36386739218369907,0.3479055974102324,0.3479055974102324,1.5771359563988858,1.6190824662978083,2.5543478154054156,2.619082466297808,1.6190824662978083,0.08146194071178131,5.964358568191528,49,281,28,13,1.3422309870919546e-22,1.3422309870919546e-22,1.0,1.1667279819047085e-22,1.1667279819047085e-22,0.8692453036213337,0.8692453036213337,0.8692453036213337,0.0,1.0021508060083718e-22,1.0021508060083718e-22,0.0,1.0021508060083718e-22,0.7466306586913238,0.8589412627031873,9.757314090555037e-24,9.757314090555037e-24,0.0,9.757314090555037e-24,0.0726947461680571,0.08362972553916133,6.700403499078635e-24,6.700403499078635e-24,0.0,6.700403499078635e-24,0.0499198987619528,0.05742901175765136,10787,805,train_increment
50806,138.20285283441046,95.81889197887506,207.00044235589922,145.81889197887506,95.81889197887506,50.0,0.44194231447811216,0.5355920704403416,0.9542102930446703,0.5355920704403416,0.5355920704403416,2.764057056688209,1.9163778395775013,4.140008847117985,2.916377839577501,1.9163778395775013,0.03578171167974772,5.95645809173584,49,281,28,13,1.3492857306898177e-22,1.3492857306898177e-22,1.0,1.1417962355899207e-22,1.1417962355899207e-22,0.8462227159299915,0.8462227159299915,0.8462227159299915,0.0,5.941226407853296e-23,5.941226407853296e-23,0.0,5.941226407853296e-23,0.4403238152393314,0.5203403394287511,2.6031036009201422e-24,2.6031036009201422e-24,0.0,2.6031036009201422e-24,0.019292456310119832,0.022798320048543708,5.216425587953898e-23,5.216425587953898e-23,0.0,5.216425587953898e-23,0.38660644438054037,0.4568613405227053,10787,806,train_increment
50807,104.47942248388418,57.84613734125392,121.55102735793673,107.84613734125392,57.84613734125392,50.0,0.19083709965662085,0.056138097743105006,0.3179525492028052,0.056138097743105006,0.056138097743105006,2.0895884496776835,1.1569227468250785,2.4310205471587345,2.1569227468250785,1.1569227468250785,0.044009927795105264,5.96369743347168,49,281,28,13,1.3497070407451193e-22,1.3497070407451193e-22,1.0,1.1612426410226019e-22,1.1612426410226019e-22,0.860366439506403,0.860366439506403,0.860366439506403,0.0,2.6169961231518803e-23,2.6169961231518803e-23,0.0,2.6169961231518803e-23,0.19389364092722977,0.22536169709091353,8.34124018063949e-23,8.34124018063949e-23,0.0,8.34124018063949e-23,0.6180037540616684,0.7183029528862384,6.541901064346505e-24,6.541901064346505e-24,0.0,6.541901064346505e-24,0.048469044517504944,0.05633535002284829,10787,807,train_increment
50808,111.55860119447078,105.04094746402735,168.09610855195473,155.04094746402734,105.04094746402735,50.0,0.24354878030134613,0.6520321649498404,0.6645279862394247,0.6520321649498402,0.6520321649498404,2.2311720238894157,2.100818949280547,3.3619221710390947,3.1008189492805465,2.100818949280547,0.0441323425615309,5.962737798690796,49,281,28,13,1.348555711213342e-22,1.348555711213342e-22,1.0,1.1169702979389211e-22,1.1169702979389211e-22,0.8282715268277233,0.8282715268277233,0.8282715268277233,0.0,3.4513028829233027e-23,3.4513028829233027e-23,0.0,3.4513028829233027e-23,0.2559258660376772,0.3089878834998376,7.711228141976549e-24,7.711228141976549e-24,0.0,7.711228141976549e-24,0.05718138359325541,0.06903700265088177,6.947277282268255e-23,6.947277282268255e-23,0.0,6.947277282268255e-23,0.5151642771967908,0.6219751138492807,10787,808,train_increment
50809,133.2011046380818,104.9609286371957,178.51267443608137,154.9609286371957,104.9609286371957,50.0,0.40469921547343113,0.6510218262272185,0.7420899064488561,0.6510218262272185,0.6510218262272185,2.6640220927616363,2.099218572743914,3.5702534887216273,3.099218572743914,2.099218572743914,0.027530254218279288,5.93730092048645,49,281,28,13,1.3471553846800924e-22,1.3471553846800924e-22,1.0,1.0645634210463315e-22,1.0645634210463315e-22,0.7902306097370737,0.7902306097370737,0.7902306097370737,0.0,3.7295797310733286e-23,3.7295797310733286e-23,0.0,3.7295797310733286e-23,0.276848518996863,0.3503388954889717,5.204043989234301e-24,5.204043989234301e-24,0.0,5.204043989234301e-24,0.038629871864930415,0.048884302112497745,6.395650080466555e-23,6.395650080466555e-23,0.0,6.395650080466555e-23,0.47475221887528024,0.6007768023985305,10787,809,train_increment
50810,165.89208921749463,100.51226153217902,202.7077194458731,150.51226153217902,100.51226153217902,50.0,0.6481168221704737,0.5948517870224624,0.9222466079365085,0.5948517870224624,0.5948517870224624,3.3178417843498926,2.0102452306435805,4.054154388917462,3.0102452306435805,2.0102452306435805,0.01796312185031384,5.973613500595093,49,281,28,13,1.3521783390700597e-22,1.3521783390700597e-22,1.0,1.0942467749393055e-22,1.0942467749393055e-22,0.8092473775995089,0.8092473775995089,0.8092473775995089,0.0,5.627090062931737e-23,5.627090062931737e-23,0.0,5.627090062931737e-23,0.416149992966289,0.5142432394414738,4.489033468143681e-24,4.489033468143681e-24,0.0,4.489033468143681e-24,0.033198531128896404,0.04102395886332563,4.866474339646951e-23,4.866474339646951e-23,0.0,4.866474339646951e-23,0.35989885350432366,0.44473280169520074,10787,810,train_increment
50811,99.89124506968568,59.23350123751315,193.33816296416,109.23350123751315,59.23350123751315,50.0,0.15667345547048164,0.07365531865546904,0.8524807368887565,0.07365531865546904,0.07365531865546904,1.9978249013937137,1.184670024750263,3.8667632592832,2.184670024750263,1.184670024750263,0.03127404075088565,6.005458354949951,49,281,28,13,1.3496539518654474e-22,1.3496539518654474e-22,1.0,1.114917902827055e-22,1.114917902827055e-22,0.8260768630996501,0.8260768630996501,0.8260768630996501,0.0,8.82539821770991e-24,8.82539821770991e-24,0.0,8.82539821770991e-24,0.06539008169843635,0.07915738186041935,9.989162283200774e-23,9.989162283200774e-23,0.0,9.989162283200774e-23,0.7401276652725746,0.8959549629503334,2.7747692329878586e-24,2.7747692329878586e-24,0.0,2.7747692329878586e-24,0.020559116128639223,0.024887655189247404,10787,811,train_increment
50812,144.14610354507502,53.80972025769243,157.33306912476303,103.80972025769243,53.80972025769243,50.0,0.4861958566275132,0.0051732355769245906,0.5843862183526659,0.0051732355769245906,0.0051732355769245906,2.8829220709015004,1.0761944051538486,3.1466613824952607,2.076194405153849,1.0761944051538486,0.03609525355455586,5.980616092681885,49,281,28,13,1.35117745051619e-22,1.35117745051619e-22,1.0,1.097346496619348e-22,1.097346496619348e-22,0.8121409191665603,0.8121409191665603,0.8121409191665603,0.0,1.9877099390535423e-23,1.9877099390535423e-23,0.0,1.9877099390535423e-23,0.1471094665096859,0.1811378580217992,8.701380008012968e-23,8.701380008012968e-23,0.0,8.701380008012968e-23,0.643984992843744,0.7929473538959443,2.843750191269716e-24,2.843750191269716e-24,0.0,2.843750191269716e-24,0.02104645981313053,0.02591478808225664,10787,812,train_increment
50813,88.46568999064931,132.40113046770261,134.29298758026843,182.40113046770261,132.40113046770261,50.0,0.07159858518726221,0.9974890210568512,0.412829393747345,0.9974890210568512,0.9974890210568512,1.7693137998129862,2.648022609354052,2.685859751605369,3.648022609354052,2.648022609354052,0.1376112153946455,5.923610687255859,49,281,28,13,1.3076068251119012e-22,1.3076068251119012e-22,1.0,4.658579417891415e-23,4.658579417891415e-23,0.35626759729498564,0.35626759729498564,0.35626759729498564,0.0,1.292662354030543e-23,1.292662354030543e-23,0.0,1.292662354030543e-23,0.09885711279611291,0.2774799435780861,1.2033881500507372e-23,1.2033881500507372e-23,0.0,1.2033881500507372e-23,0.09202981560973075,0.2583165471922811,2.162528913810135e-23,2.162528913810135e-23,0.0,2.162528913810135e-23,0.165380668889142,0.4642035092296328,10787,813,train_increment
50814,116.5594597788166,65.33028012588872,133.94181048207838,115.33028012588872,65.33028012588872,50.0,0.28078525524062997,0.15063485007435248,0.41021452332150693,0.15063485007435248,0.15063485007435248,2.3311891955763318,1.3066056025177744,2.6788362096415677,2.3066056025177746,1.3066056025177744,0.037086761300072074,5.986754894256592,49,281,28,13,1.3483696776466912e-22,1.3483696776466912e-22,1.0,1.2219364289771404e-22,1.2219364289771404e-22,0.9062325037669087,0.9062325037669087,0.9062325037669087,0.0,1.8148779825794357e-23,1.8148779825794357e-23,0.0,1.8148779825794357e-23,0.13459795282158385,0.14852474642225336,9.9414358414538e-23,9.9414358414538e-23,0.0,9.9414358414538e-23,0.737293044056329,0.813580445406279,4.630504657381704e-24,4.630504657381704e-24,0.0,4.630504657381704e-24,0.03434150688899591,0.03789480817146773,10787,814,train_increment
50815,126.69045583305353,122.29859323142219,89.6660879316561,172.2985932314222,122.29859323142219,50.0,0.35622081781871584,0.8699317327199771,0.08053676792000074,0.8699317327199771,0.8699317327199771,2.533809116661071,2.4459718646284436,1.793321758633122,3.445971864628444,2.4459718646284436,0.009415222631712534,5.956148386001587,49,281,28,13,1.3463702982511134e-22,1.3463702982511134e-22,1.0,1.0565427734392527e-22,1.0565427734392527e-22,0.7847341662332152,0.7847341662332152,0.7847341662332152,0.0,8.708377983169505e-24,8.708377983169505e-24,0.0,8.708377983169505e-24,0.06468040771904561,0.08242333582787223,7.24048482168783e-23,7.24048482168783e-23,0.0,7.24048482168783e-23,0.5377781158046163,0.6852997345406698,2.454105114387747e-23,2.454105114387747e-23,0.0,2.454105114387747e-23,0.18227564270955335,0.23227692963145793,10787,815,train_increment
50816,125.4475737639954,61.52170506660506,210.97005671278984,111.52170506660505,61.52170506660506,50.0,0.34696629757256436,0.1025467811440032,0.9837681065732676,0.10254678114400312,0.1025467811440032,2.508951475279908,1.2304341013321012,4.219401134255797,2.230434101332101,1.2304341013321012,0.07037014871171708,5.9516282081604,49,281,28,13,1.3454792157559e-22,1.3454792157559e-22,1.0,1.0429470928003018e-22,1.0429470928003018e-22,0.7751491666219211,0.7751491666219211,0.7751491666219211,0.0,6.646218984546411e-24,6.646218984546411e-24,0.0,6.646218984546411e-24,0.04939666779477168,0.0637253704471373,9.532003575409734e-23,9.532003575409734e-23,0.0,9.532003575409734e-23,0.7084467350953901,0.91394890893424,2.3284545413864387e-24,2.3284545413864387e-24,0.0,2.3284545413864387e-24,0.01730576373175929,0.022325720618622782,10787,816,train_increment
50817,209.1603786687058,87.76015173542721,120.66175873413411,137.7601517354272,87.76015173542721,50.0,0.9702932142122546,0.43384029968973753,0.31133104046265164,0.43384029968973736,0.43384029968973753,4.1832075733741165,1.7552030347085443,2.4132351746826823,2.755203034708544,1.7552030347085443,0.028414925921721557,5.941650867462158,49,281,28,13,1.350386044451146e-22,1.350386044451146e-22,1.0,1.3066827853810076e-22,1.3066827853810076e-22,0.9676364701414688,0.9676364701414688,0.9676364701414688,0.0,3.3156189841161524e-23,3.3156189841161524e-23,0.0,3.3156189841161524e-23,0.24553119441216975,0.25374322071208516,8.057837590019225e-23,8.057837590019225e-23,0.0,8.057837590019225e-23,0.5967062250924158,0.6166636371251871,1.6933712796746983e-23,1.6933712796746983e-23,0.0,1.6933712796746983e-23,0.1253990506368833,0.12959314216272763,10787,817,train_increment
50818,180.3781742677713,102.49991406196173,205.0271111110571,152.49991406196173,102.49991406196173,50.0,0.7559804487548123,0.6199484098732542,0.939516836269971,0.6199484098732542,0.6199484098732542,3.607563485355426,2.0499982812392346,4.100542222221143,3.0499982812392346,2.0499982812392346,0.037053914307891164,5.916818618774414,49,281,28,13,1.3507784818563848e-22,1.3507784818563848e-22,1.0,9.434505122635612e-23,9.434505122635612e-23,0.6984494681666606,0.6984494681666606,0.6984494681666606,0.0,5.535631062636652e-23,5.535631062636652e-23,0.0,5.535631062636652e-23,0.40981042687539654,0.5867431296799407,4.976107779426391e-24,4.976107779426391e-24,0.0,4.976107779426391e-24,0.03683881440417743,0.052743707430796025,3.4012632820563215e-23,3.4012632820563215e-23,0.0,3.4012632820563215e-23,0.25180022688708664,0.36051316288926333,10787,818,train_increment
50819,199.86239382200552,113.47484973381924,208.0550149097389,163.47484973381924,113.47484973381924,50.0,0.9010602667312398,0.7585208299724652,0.9620626575557625,0.7585208299724652,0.7585208299724652,3.997247876440111,2.269496994676385,4.1611002981947784,3.2694969946763845,2.269496994676385,0.051891371129229286,5.934144735336304,49,281,28,13,1.3479767602159852e-22,1.3479767602159852e-22,1.0,1.0230085100765472e-22,1.0230085100765472e-22,0.7589214742193563,0.7589214742193563,0.7589214742193563,0.0,3.627588844516288e-23,3.627588844516288e-23,0.0,3.627588844516288e-23,0.26911360429797343,0.3546000652765686,6.21593102619249e-23,6.21593102619249e-23,0.0,6.21593102619249e-23,0.4611304296667931,0.6076128365469198,3.8656523005669404e-24,3.8656523005669404e-24,0.0,3.8656523005669404e-24,0.028677440254589775,0.03778709817651166,10787,819,train_increment
50820,183.26598458115618,97.86438012058302,128.8650655200223,147.864380120583,97.86438012058302,50.0,0.7774831316541785,0.5614189409164523,0.37241299717067994,0.5614189409164522,0.5614189409164523,3.6653196916231234,1.9572876024116606,2.5773013104004465,2.95728760241166,1.9572876024116606,0.02895886357734838,5.959253787994385,49,281,28,13,1.3470193593962733e-22,1.3470193593962733e-22,1.0,1.0650653995959393e-22,1.0650653995959393e-22,0.7906830678909439,0.7906830678909439,0.7906830678909439,0.0,4.1412338169826863e-23,4.1412338169826863e-23,0.0,4.1412338169826863e-23,0.30743684477101835,0.3888243687715114,2.125989577174336e-23,2.125989577174336e-23,0.0,2.125989577174336e-23,0.1578291776093844,0.1996111767390891,4.383430601802371e-23,4.383430601802371e-23,0.0,4.383430601802371e-23,0.3254170455105412,0.41156445448939954,10787,820,train_increment
50821,167.64163343114035,97.24795568585085,153.0795968143126,147.24795568585085,97.24795568585085,50.0,0.6611439570449765,0.5536358041142785,0.552714793851918,0.5536358041142785,0.5536358041142785,3.352832668622807,1.944959113717017,3.061591936286252,2.944959113717017,1.944959113717017,0.006257244034090336,5.984568357467651,49,281,28,13,1.350348312796997e-22,1.350348312796997e-22,1.0,1.202780389244362e-22,1.202780389244362e-22,0.8907186226293161,0.8907186226293161,0.8907186226293161,0.0,4.81954077657032e-23,4.81954077657032e-23,0.0,4.81954077657032e-23,0.3569109340824466,0.4006999797858495,6.749298847944528e-24,6.749298847944528e-24,0.0,6.749298847944528e-24,0.049981910474376806,0.056114141104218744,6.533333231078846e-23,6.533333231078846e-23,0.0,6.533333231078846e-23,0.48382577807249255,0.5431858791099317,10787,821,train_increment
50822,159.03042745468784,96.70006532755664,185.40842492225983,146.70006532755664,96.70006532755664,50.0,0.5970247762821135,0.5467179965600586,0.7934357775298572,0.5467179965600586,0.5467179965600586,3.180608549093757,1.934001306551133,3.7081684984451964,2.9340013065511332,1.934001306551133,0.028023569156952262,5.989505767822266,49,281,28,13,1.3497391149304268e-22,1.3497391149304268e-22,1.0,1.1814319649108015e-22,1.1814319649108015e-22,0.8753039397333455,0.8753039397333455,0.8753039397333455,0.0,5.76458257327456e-23,5.76458257327456e-23,0.0,5.76458257327456e-23,0.42708865065170015,0.48793182717972156,5.8433240049763324e-24,5.8433240049763324e-24,0.0,5.8433240049763324e-24,0.043292247667265166,0.04945967417952422,5.465404675335821e-23,5.465404675335821e-23,0.0,5.465404675335821e-23,0.4049230414143802,0.4626084986407542,10787,822,train_increment
50823,175.03312445198867,98.04653925890231,152.8464143712749,148.04653925890233,98.04653925890231,50.0,0.7161811202679722,0.5637189300366454,0.5509785135612427,0.5637189300366455,0.5637189300366454,3.5006624890397733,1.9609307851780462,3.056928287425498,2.960930785178047,1.9609307851780462,0.03711269690185382,5.962436199188232,49,281,28,13,1.346374776548294e-22,1.346374776548294e-22,1.0,1.1608923054464245e-22,1.1608923054464245e-22,0.8622356313170159,0.8622356313170159,0.8622356313170159,0.0,4.486597063037899e-23,4.486597063037899e-23,0.0,4.486597063037899e-23,0.3332353770426541,0.38647831861652016,8.516225662113632e-24,8.516225662113632e-24,0.0,8.516225662113632e-24,0.06325300956652434,0.07335930837131953,6.270703425214983e-23,6.270703425214983e-23,0.0,6.270703425214983e-23,0.46574724470783746,0.5401623730121603,10787,823,train_increment
50824,79.84623056226297,114.24314530169603,98.28634581755703,164.24314530169602,114.24314530169603,50.0,0.007417949086098137,0.7682215315870712,0.14472334934889827,0.768221531587071,0.7682215315870712,1.5969246112452595,2.2848629060339207,1.9657269163511408,3.2848629060339203,2.2848629060339207,0.008762903574669929,5.937755107879639,49,281,28,13,1.3505415092314697e-22,1.3505415092314697e-22,1.0,1.1304237027233397e-22,1.1304237027233397e-22,0.837015149106088,0.837015149106088,0.837015149106088,0.0,6.536443075598464e-24,6.536443075598464e-24,0.0,6.536443075598464e-24,0.048398683275703604,0.05782294780135369,2.058401967072041e-24,2.058401967072041e-24,0.0,2.058401967072041e-24,0.01524130841593593,0.018209118953478057,1.0444752522966346e-22,1.0444752522966346e-22,0.0,1.0444752522966346e-22,0.7733751574144484,0.9239679332451682,10787,824,train_increment
50825,168.56368139724287,114.03132224795934,141.58692733961718,164.03132224795934,114.03132224795934,50.0,0.6680095413048613,0.7655469980802947,0.4671401886792046,0.7655469980802947,0.7655469980802947,3.3712736279448574,2.280626444959187,2.8317385467923435,3.2806264449591866,2.280626444959187,0.04219743655056362,5.940825939178467,49,281,28,13,1.3494106129634978e-22,1.3494106129634978e-22,1.0,8.599514419656336e-23,8.599514419656336e-23,0.6372792934220799,0.6372792934220799,0.6372792934220799,0.0,1.0204947017091108e-23,1.0204947017091108e-23,0.0,1.0204947017091108e-23,0.07562521680987518,0.11866887499793193,4.075614124542308e-23,4.075614124542308e-23,0.0,4.075614124542308e-23,0.30202920337136513,0.47393537886586656,3.5034055934049167e-23,3.5034055934049167e-23,0.0,3.5034055934049167e-23,0.2596248732408395,0.4073957461362015,10787,825,train_increment
50826,185.98816255970468,76.79028324043004,110.96582425868733,126.79028324043004,76.79028324043004,50.0,0.7977525134750907,0.2953318590963389,0.23913495352708367,0.2953318590963389,0.2953318590963389,3.7197632511940935,1.535805664808601,2.219316485173747,2.535805664808601,1.535805664808601,0.01315129781737785,6.005337715148926,49,281,28,13,1.3511022546532616e-22,1.3511022546532616e-22,1.0,1.2943233152210116e-22,1.2943233152210116e-22,0.9579758384410206,0.9579758384410206,0.9579758384410206,0.0,1.7422633508029986e-23,1.7422633508029986e-23,0.0,1.7422633508029986e-23,0.1289512577454859,0.13460804810624147,9.504253790530061e-23,9.504253790530061e-23,0.0,9.504253790530061e-23,0.703444447509206,0.7343029117038787,1.6967160108770557e-23,1.6967160108770557e-23,0.0,1.6967160108770557e-23,0.12558013318632869,0.13108904018987974,10787,826,train_increment
50827,128.19489299707735,119.26309899680268,202.2703423335852,169.26309899680268,119.26309899680268,50.0,0.36742288158657743,0.8316047853131653,0.9189898907936351,0.8316047853131653,0.8316047853131653,2.563897859941547,2.3852619799360535,4.045406846671704,3.385261979936054,2.3852619799360535,0.043764851120758994,5.967135190963745,49,281,28,13,1.3496087436121075e-22,1.3496087436121075e-22,1.0,5.475675138070134e-23,5.475675138070134e-23,0.40572315228300737,0.40572315228300737,0.40572315228300737,0.0,2.701854710341076e-23,2.701854710341076e-23,0.0,2.701854710341076e-23,0.20019540649312947,0.4934285987048763,4.7345693803323295e-24,4.7345693803323295e-24,0.0,4.7345693803323295e-24,0.03508105147318975,0.08646549075592161,2.300363489695825e-23,2.300363489695825e-23,0.0,2.300363489695825e-23,0.1704466943166882,0.42010591053920215,10787,827,train_increment
50828,167.27376564793317,86.19400774081855,168.17611514974965,136.19400774081856,86.19400774081855,50.0,0.6584048075050869,0.4140657543032645,0.6651237166772126,0.4140657543032647,0.4140657543032645,3.345475312958664,1.723880154816371,3.3635223029949928,2.723880154816371,1.723880154816371,0.06378848332008699,5.93523645401001,49,281,28,13,1.344112095728802e-22,1.344112095728802e-22,1.0,1.1700393185477358e-22,1.1700393185477358e-22,0.8704923661246566,0.8704923661246566,0.8704923661246566,0.0,5.962175058000714e-23,5.962175058000714e-23,0.0,5.962175058000714e-23,0.44357721926220106,0.5095704873748195,1.1167808120390061e-23,1.1167808120390061e-23,0.0,1.1167808120390061e-23,0.08308688059484111,0.09544814386452972,4.6214373154376375e-23,4.6214373154376375e-23,0.0,4.6214373154376375e-23,0.3438282662676144,0.39498136876065076,10787,828,train_increment
50829,155.53746002187933,110.27588367541017,170.35727404560407,160.27588367541017,110.27588367541017,50.0,0.5710160835582972,0.7181298443864921,0.6813646615458233,0.7181298443864921,0.7181298443864921,3.1107492004375863,2.205517673508204,3.4071454809120816,3.2055176735082034,2.205517673508204,0.024404810939177457,6.012552738189697,49,281,28,13,1.3459732238745582e-22,1.3459732238745582e-22,1.0,8.401226336195254e-23,8.401226336195254e-23,0.6241748488882443,0.6241748488882443,0.6241748488882443,0.0,2.037842118412092e-23,2.037842118412092e-23,0.0,2.037842118412092e-23,0.15140287208284126,0.24256483956781358,1.0874413160751889e-23,1.0874413160751889e-23,0.0,1.0874413160751889e-23,0.08079219532650496,0.12943840250918287,5.275942901707972e-23,5.275942901707972e-23,0.0,5.275942901707972e-23,0.391979781478898,0.6279967579230035,10787,829,train_increment
50830,184.37812863139544,85.74911984526977,99.00654068529944,135.74911984526977,85.74911984526977,50.0,0.7857641744705542,0.4084484828948204,0.15008593213179036,0.4084484828948204,0.4084484828948204,3.687562572627909,1.7149823969053957,1.980130813705989,2.7149823969053957,1.7149823969053957,0.02817039157938627,5.925967454910278,49,281,28,13,1.3513956761443286e-22,1.3513956761443286e-22,1.0,1.2726749554788086e-22,1.2726749554788086e-22,0.941748577374379,0.941748577374379,0.941748577374379,0.0,3.7606715987828563e-23,3.7606715987828563e-23,0.0,3.7606715987828563e-23,0.27828057061070677,0.29549348658063346,6.611825030914961e-23,6.611825030914961e-23,0.0,6.611825030914961e-23,0.48925900442268544,0.5195218938230339,2.354252925090269e-23,2.354252925090269e-23,0.0,2.354252925090269e-23,0.17420900234098688,0.18498461959633258,10787,830,train_increment
50831,185.48965916050543,79.25197163273688,91.14559666651824,129.25197163273688,79.25197163273688,50.0,0.7940406489985512,0.3264137832416273,0.09155321419596611,0.3264137832416273,0.3264137832416273,3.7097931832101088,1.5850394326547377,1.822911933330365,2.5850394326547375,1.5850394326547377,0.010618862564169653,5.969370365142822,49,281,28,13,1.3507477674565962e-22,1.3507477674565962e-22,1.0,1.2903098790790397e-22,1.2903098790790397e-22,0.9552559775898364,0.9552559775898364,0.9552559775898364,0.0,3.367216489411689e-23,3.367216489411689e-23,0.0,3.367216489411689e-23,0.2492853640433567,0.2609618467631236,8.452826794087838e-23,8.452826794087838e-23,0.0,8.452826794087838e-23,0.6257886925850095,0.6551005251638509,1.0830555072908713e-23,1.0830555072908713e-23,0.0,1.0830555072908713e-23,0.0801819209614702,0.08393762807302564,10787,831,train_increment
50832,89.8719519683996,125.43640911049643,170.95407957292122,175.4364091104964,125.43640911049643,50.0,0.08206963490990025,0.9095506200820257,0.685808485278639,0.9095506200820255,0.9095506200820257,1.797439039367992,2.5087281822099285,3.4190815914584243,3.508728182209928,2.5087281822099285,0.0772214128110938,5.982574224472046,49,281,28,13,1.3425040691417514e-22,1.3425040691417514e-22,1.0,4.547066525681369e-23,4.547066525681369e-23,0.3387003905759675,0.3387003905759675,0.3387003905759675,0.0,7.094455835507031e-24,7.094455835507031e-24,0.0,7.094455835507031e-24,0.052844948470379245,0.15602269717054426,1.5967854308097363e-23,1.5967854308097363e-23,0.0,1.5967854308097363e-23,0.1189408261407017,0.3511682579947434,2.240835511320929e-23,2.240835511320929e-23,0.0,2.240835511320929e-23,0.16691461596488652,0.4928090448347123,10787,832,train_increment
50833,88.96291850108747,106.73690997441443,159.32883914502554,156.73690997441443,106.73690997441443,50.0,0.07530095682120236,0.6734458330102833,0.5992467546167203,0.6734458330102833,0.6734458330102833,1.7792583700217495,2.1347381994882886,3.1865767829005107,3.1347381994882886,2.1347381994882886,0.03924307202584663,5.9852614402771,49,281,28,13,1.3491340423786143e-22,1.3491340423786143e-22,1.0,1.1299965157566683e-22,1.1299965157566683e-22,0.8375717165689543,0.8375717165689543,0.8375717165689543,0.0,2.5698816448805136e-23,2.5698816448805136e-23,0.0,2.5698816448805136e-23,0.19048378916817182,0.22742385565318926,1.713943546185215e-23,1.713943546185215e-23,0.0,1.713943546185215e-23,0.12704027119228398,0.15167688769708498,7.016139966500956e-23,7.016139966500956e-23,0.0,7.016139966500956e-23,0.5200476562084986,0.6208992566497259,10787,833,train_increment
50834,161.13164664226724,82.9484015252934,150.2526336191546,132.9484015252934,82.9484015252934,50.0,0.6126704887733971,0.37308587784461367,0.5316651795916203,0.37308587784461367,0.37308587784461367,3.222632932845345,1.6589680305058683,3.0050526723830924,2.6589680305058683,1.6589680305058683,0.04340931003876838,5.9654541015625,49,281,28,13,1.3476795137606401e-22,1.3476795137606401e-22,1.0,1.149986315709539e-22,1.149986315709539e-22,0.8533084490544439,0.8533084490544439,0.8533084490544439,0.0,5.51143127264647e-23,5.51143127264647e-23,0.0,5.51143127264647e-23,0.40895711601841184,0.4792605961790014,1.84784044898159e-23,1.84784044898159e-23,0.0,1.84784044898159e-23,0.13711275048065938,0.16068369020908538,4.140591435467331e-23,4.140591435467331e-23,0.0,4.140591435467331e-23,0.3072385825553728,0.3600557136119133,10787,834,train_increment
50835,83.75108670085848,129.46761583786844,168.81737294928996,179.46761583786844,129.46761583786844,50.0,0.03649357186045037,0.9604496949225814,0.6698985327571851,0.9604496949225814,0.9604496949225814,1.6750217340171696,2.589352316757369,3.376347458985799,3.5893523167573687,2.589352316757369,0.06569629974333396,5.978726148605347,49,281,28,13,1.340539538971671e-22,1.340539538971671e-22,1.0,4.4536347814300986e-23,4.4536347814300986e-23,0.33222703635034034,0.33222703635034034,0.33222703635034034,0.0,6.921513197330708e-24,6.921513197330708e-24,0.0,6.921513197330708e-24,0.051632294282346995,0.1554126805859944,1.916101500152041e-23,1.916101500152041e-23,0.0,1.916101500152041e-23,0.14293509773101387,0.43023319023405976,1.8453819615449866e-23,1.8453819615449866e-23,0.0,1.8453819615449866e-23,0.13765964433697947,0.4143541291799458,10787,835,train_increment
50836,101.09984624389529,110.55945879043787,169.98948973162965,160.55945879043787,110.55945879043787,50.0,0.16567271961202748,0.7217103382631045,0.6786261335192081,0.7217103382631045,0.7217103382631045,2.021996924877906,2.2111891758087574,3.3997897946325932,3.211189175808758,2.2111891758087574,0.040264152835911234,5.945649862289429,49,281,28,13,1.3461006760346095e-22,1.3461006760346095e-22,1.0,1.061587295955286e-22,1.061587295955286e-22,0.7886388550688103,0.7886388550688103,0.7886388550688103,0.0,2.2920281464817496e-23,2.2920281464817496e-23,0.0,2.2920281464817496e-23,0.17027167338134666,0.21590576255146612,1.7118630144529597e-23,1.7118630144529597e-23,0.0,1.7118630144529597e-23,0.12717198980211686,0.16125503959733362,6.61198179861815e-23,6.61198179861815e-23,0.0,6.61198179861815e-23,0.49119519188534677,0.6228391978512002,10787,836,train_increment
50837,183.087780392102,75.72652840121677,175.29872359215344,125.72652840121677,75.72652840121677,50.0,0.7761562203432761,0.2819006111264743,0.7181587758164812,0.2819006111264743,0.2819006111264743,3.66175560784204,1.5145305680243355,3.5059744718430688,2.5145305680243353,1.5145305680243355,0.027240759340599382,5.978811740875244,49,281,28,13,1.3461514128554398e-22,1.3461514128554398e-22,1.0,1.0009509963861314e-22,1.0009509963861314e-22,0.7435649413782708,0.7435649413782708,0.7435649413782708,0.0,2.3418322355920492e-23,2.3418322355920492e-23,0.0,2.3418322355920492e-23,0.1739649948161911,0.2339607277526155,4.1797096760554245e-23,4.1797096760554245e-23,0.0,4.1797096760554245e-23,0.31049328003819987,0.4175738563771848,3.487968052213841e-23,3.487968052213841e-23,0.0,3.487968052213841e-23,0.2591066665238798,0.34846541587019975,10787,837,train_increment
50838,121.32909384840667,92.17367898814344,153.49341013577686,142.17367898814342,92.17367898814344,50.0,0.31630002865529916,0.4895666538907,0.5557960546223146,0.48956665389069975,0.4895666538907,2.4265818769681333,1.8434735797628687,3.0698682027155373,2.8434735797628683,1.8434735797628687,0.0664815941515355,5.934096813201904,49,281,28,13,1.344021363003591e-22,1.344021363003591e-22,1.0,1.2618082597761853e-22,1.2618082597761853e-22,0.9388305085838238,0.9388305085838238,0.9388305085838238,0.0,7.24210797328815e-23,7.24210797328815e-23,0.0,7.24210797328815e-23,0.5388387545495288,0.5739467876500292,5.034890176584702e-24,5.034890176584702e-24,0.0,5.034890176584702e-24,0.037461385028381054,0.03990218115609555,4.872485606815231e-23,4.872485606815231e-23,0.0,4.872485606815231e-23,0.36253036900591384,0.3861510311938752,10787,838,train_increment
50839,182.45250405414708,93.11985491879207,111.1040192728868,143.11985491879207,93.11985491879207,50.0,0.7714259423242523,0.5015133196817181,0.24016395586661807,0.5015133196817181,0.5015133196817181,3.649050081082942,1.8623970983758416,2.222080385457736,2.8623970983758413,1.8623970983758416,0.013368034276672236,5.934737682342529,49,281,28,13,1.3499356709610954e-22,1.3499356709610954e-22,1.0,1.253415263941197e-22,1.253415263941197e-22,0.9284999951507468,0.9284999951507468,0.9284999951507468,0.0,4.667423389414403e-23,4.667423389414403e-23,0.0,4.667423389414403e-23,0.3457515413376254,0.37237646003594316,3.597150730538947e-23,3.597150730538947e-23,0.0,3.597150730538947e-23,0.2664683071881442,0.28698794677417494,4.2695785194586214e-23,4.2695785194586214e-23,0.0,4.2695785194586214e-23,0.3162801466249771,0.34063559318988196,10787,839,train_increment
50840,89.18699641964503,107.38302854250675,108.37400685368141,157.38302854250674,107.38302854250675,50.0,0.07696944467345519,0.6816038957387216,0.21983623867223687,0.6816038957387215,0.6816038957387216,1.7837399283929007,2.147660570850135,2.1674801370736283,3.147660570850135,2.147660570850135,0.03638784049470405,5.921100854873657,49,281,28,13,1.3470640710971996e-22,1.3470640710971996e-22,1.0,1.1291922641626303e-22,1.1291922641626303e-22,0.8382617340858107,0.8382617340858107,0.8382617340858107,0.0,1.6027895062043726e-23,1.6027895062043726e-23,0.0,1.6027895062043726e-23,0.1189839103123641,0.14194124039566863,1.879694440908684e-24,1.879694440908684e-24,0.0,1.879694440908684e-24,0.013954009176249877,0.016646363073542662,9.501163691331062e-23,9.501163691331062e-23,0.0,9.501163691331062e-23,0.7053238145971967,0.8414123965307887,10787,840,train_increment
50841,130.2979085123656,113.32803906332865,160.5301362308647,163.32803906332865,113.32803906332865,50.0,0.3830819695634074,0.7566671598905133,0.6081916323966099,0.7566671598905133,0.7566671598905133,2.605958170247312,2.266560781266573,3.2106027246172943,3.266560781266573,2.266560781266573,0.04780045965822342,5.959500074386597,49,281,28,13,1.347025292038304e-22,1.347025292038304e-22,1.0,8.220290888368505e-23,8.220290888368505e-23,0.6102551256427895,0.6102551256427895,0.6102551256427895,0.0,1.94779072319188e-23,1.94779072319188e-23,0.0,1.94779072319188e-23,0.14459941730154927,0.2369491237771102,9.807487377386264e-24,9.807487377386264e-24,0.0,9.807487377386264e-24,0.07280848723000352,0.11930827644145293,5.291751427437998e-23,5.291751427437998e-23,0.0,5.291751427437998e-23,0.3928472211112367,0.6437425997814368,10787,841,train_increment
50842,157.81063597150268,57.53963595135458,186.0487220307927,107.53963595135458,57.53963595135458,50.0,0.5879421889166245,0.05226813069892144,0.798203440288851,0.05226813069892144,0.05226813069892144,3.1562127194300533,1.1507927190270917,3.720974440615854,2.1507927190270917,1.1507927190270917,0.0066783447212270105,5.995524644851685,49,281,28,13,1.3499069196725195e-22,1.3499069196725195e-22,1.0,1.1697483981598655e-22,1.1697483981598655e-22,0.8665400414745933,0.8665400414745933,0.8665400414745933,0.0,3.0235396786292403e-24,3.0235396786292403e-24,0.0,3.0235396786292403e-24,0.02239813452739938,0.02584777789296894,1.0906446646289752e-22,1.0906446646289752e-22,0.0,1.0906446646289752e-22,0.807940642969339,0.9323754290620713,4.886833674459796e-24,4.886833674459796e-24,0.0,4.886833674459796e-24,0.03620126397785498,0.04177679304495982,10787,842,train_increment
50843,93.58086613794246,101.63936602165819,118.0858347985189,151.6393660216582,101.63936602165819,50.0,0.10968627057291488,0.609082904313866,0.2921506686412428,0.609082904313866,0.609082904313866,1.8716173227588493,2.032787320433164,2.361716695970378,3.032787320433164,2.032787320433164,0.060473144743423746,5.945303678512573,49,281,28,13,1.3419070071452118e-22,1.3419070071452118e-22,1.0,1.1292341882670504e-22,1.1292341882670504e-22,0.841514488153241,0.841514488153241,0.841514488153241,0.0,3.405245402826259e-23,3.405245402826259e-23,0.0,3.405245402826259e-23,0.25376165298298997,0.3015535163748478,3.128578055945692e-24,3.128578055945692e-24,0.0,3.128578055945692e-24,0.023314417759852556,0.027705307618669267,7.574238674249676e-23,7.574238674249676e-23,0.0,7.574238674249676e-23,0.5644384174103985,0.670741176006483,10787,843,train_increment
50844,211.33977677521216,66.58480727252606,151.1747613666793,116.58480727252606,66.58480727252606,50.0,0.9865210482145358,0.16647483929957146,0.5385313579052814,0.16647483929957146,0.16647483929957146,4.226795535504244,1.3316961454505214,3.0234952273335858,2.3316961454505214,1.3316961454505214,0.038298731137747996,5.977670431137085,49,281,28,13,1.347953392121695e-22,1.347953392121695e-22,1.0,1.1783090478712716e-22,1.1783090478712716e-22,0.8741467284833928,0.8741467284833928,0.8741467284833928,0.0,2.3639762546499705e-24,2.3639762546499705e-24,0.0,2.3639762546499705e-24,0.01753752220563831,0.020062446765733665,8.66467147626346e-23,8.66467147626346e-23,0.0,8.66467147626346e-23,0.6428020083561764,0.7353479540802154,2.882021376984258e-23,2.882021376984258e-23,0.0,2.882021376984258e-23,0.2138071979215781,0.24458959915405099,10787,844,train_increment
50845,197.2516477386389,68.49301611448394,153.49297259791487,118.49301611448394,68.49301611448394,50.0,0.8816206086272441,0.19056838528388803,0.5557927967082269,0.19056838528388803,0.19056838528388803,3.945032954772778,1.3698603222896788,3.0698594519582976,2.3698603222896786,1.3698603222896788,0.025056724264008564,5.940486669540405,49,281,28,13,1.3495972265608115e-22,1.3495972265608115e-22,1.0,1.1804177126238813e-22,1.1804177126238813e-22,0.874644441610145,0.874644441610145,0.874644441610145,0.0,2.3839320494755958e-24,2.3839320494755958e-24,0.0,2.3839320494755958e-24,0.01766402599648628,0.020195664839495614,8.831707743476281e-23,8.831707743476281e-23,0.0,8.831707743476281e-23,0.6543958130369152,0.7481849559716276,2.7340761778149735e-23,2.7340761778149735e-23,0.0,2.7340761778149735e-23,0.20258460257674357,0.2316193791888768,10787,845,train_increment
50846,184.00558672649385,86.36206090946371,188.66446529275657,136.3620609094637,86.36206090946371,50.0,0.7829902213439601,0.41618763774575385,0.8176803074665419,0.41618763774575385,0.41618763774575385,3.680111734529877,1.7272412181892742,3.7732893058551316,2.7272412181892745,1.7272412181892742,0.05131242013985124,5.953100204467773,49,281,28,13,1.3479796804346562e-22,1.3479796804346562e-22,1.0,1.0982361721180925e-22,1.0982361721180925e-22,0.8147275423053604,0.8147275423053604,0.8147275423053604,0.0,5.140106192841483e-23,5.140106192841483e-23,0.0,5.140106192841483e-23,0.3813192637432083,0.46803286245144465,8.118194135618523e-24,8.118194135618523e-24,0.0,8.118194135618523e-24,0.06022489992579718,0.073920294575269,5.03043611477759e-23,5.03043611477759e-23,0.0,5.03043611477759e-23,0.3731833786363549,0.45804684297328635,10787,846,train_increment
50847,182.83609749733102,113.00444642188646,197.13705639810308,163.00444642188646,113.00444642188646,50.0,0.7742821853859346,0.7525813942157381,0.8807673596284668,0.7525813942157381,0.7525813942157381,3.6567219499466206,2.260088928437729,3.942741127962062,3.2600889284377295,2.260088928437729,0.06892802818038596,5.9425859451293945,49,281,28,13,1.3448145861365284e-22,1.3448145861365284e-22,1.0,7.694809890940141e-23,7.694809890940141e-23,0.5721837025166641,0.5721837025166641,0.5721837025166641,0.0,2.9645394441298283e-23,2.9645394441298283e-23,0.0,2.9645394441298283e-23,0.22044224346543947,0.38526480655750484,3.0150247161302786e-23,3.0150247161302786e-23,0.0,3.0150247161302786e-23,0.22419631280116015,0.39182575773316564,1.7152457306800333e-23,1.7152457306800333e-23,0.0,1.7152457306800333e-23,0.12754514625006438,0.2229094357093294,10787,847,train_increment
50848,199.04318087719818,85.14367816775673,96.6958568090382,135.14367816775672,85.14367816775673,50.0,0.8949603937244838,0.4008040172696557,0.1328805421372912,0.40080401726965553,0.4008040172696557,3.980863617543964,1.7028735633551346,1.933917136180764,2.7028735633551344,1.7028735633551346,0.019886390231844776,5.956012725830078,49,281,28,13,1.350111330800972e-22,1.350111330800972e-22,1.0,1.3100953923994509e-22,1.3100953923994509e-22,0.9703610083934477,0.9703610083934477,0.9703610083934477,0.0,3.9647115109520694e-23,3.9647115109520694e-23,0.0,3.9647115109520694e-23,0.29365811696432104,0.30262769672753875,7.805119990472025e-23,7.805119990472025e-23,0.0,7.805119990472025e-23,0.5781093612362715,0.5957673033394065,1.3311224225704137e-23,1.3311224225704137e-23,0.0,1.3311224225704137e-23,0.09859353019285506,0.10160499993305462,10787,848,train_increment
50849,158.82521452592218,58.31693806955447,206.42212194808167,108.31693806955447,58.31693806955447,50.0,0.5954967574528829,0.062082551383263414,0.9499041098144576,0.062082551383263414,0.062082551383263414,3.1765042905184435,1.1663387613910894,4.128442438961633,2.1663387613910894,1.1663387613910894,0.033410968554493936,5.950442790985107,49,281,28,13,1.3461536091416057e-22,1.3461536091416057e-22,1.0,1.0461024979733557e-22,1.0461024979733557e-22,0.7771048496021328,0.7771048496021328,0.7771048496021328,0.0,6.654049598446356e-24,6.654049598446356e-24,0.0,6.654049598446356e-24,0.049430091434285915,0.06360800792787931,9.377404406075585e-23,9.377404406075585e-23,0.0,9.377404406075585e-23,0.6966073071003556,0.8964135373199756,4.182156138133377e-24,4.182156138133377e-24,0.0,4.182156138133377e-24,0.031067451067491394,0.03997845475214511,10787,849,train_increment
