rank_parameterization,x1_px,y1_px,x2_px,y2_px,x1_norm,y1_norm,x2_norm,y2_norm,y_center_norm,T_total_pred,target_name,loss_pred,target_mse_loss_pred,total_power_loss_pred,ratio_mse_diagnostic_pred,total_power_weight,initial_train_rank,initial_train_sample,initial_train_loss_fdfd,T_1_pred,target_1,T_2_pred,target_2,T_3_pred,target_3,search_strategy,candidate_count,inverse_candidate_count,batch_size,batch_count,mlp_inference_time_sec,mlp_screening_time_sec,average_inference_time_per_candidate_sec
0,212.21063232421875,84.54998779296875,135.18426513671875,134.54998779296875,0.9930054545402527,0.3933079242706299,0.41946589946746826,0.3933079242706299,0.3933079242706299,0.9879841804504395,T020_060_020,7.398858997476054e-06,1.7986248224133305e-07,0.00014437992649618536,1.7986248224133305e-07,0.05,188,50549,0.019754296181719973,0.1970054805278778,0.20000000298023224,0.5930531024932861,0.6000000238418579,0.19792553782463074,0.20000000298023224,frozen_mlp_surrogate_adjoint,450,450,450,500,18.05563235282898,18.05563235282898,0.040123627450731066
1,212.17532348632812,84.55042266845703,135.145263671875,134.5504150390625,0.9927425384521484,0.39331337809562683,0.4191754460334778,0.39331337809562683,0.39331337809562683,0.9879484176635742,T020_060_020,7.443284630426206e-06,1.8125216172393266e-07,0.0001452406431781128,1.8125216172393266e-07,0.05,85,50006,0.012112588112937047,0.19699612259864807,0.20000000298023224,0.5930322408676147,0.6000000238418579,0.1979200839996338,0.20000000298023224,frozen_mlp_surrogate_adjoint,450,450,450,500,18.05563235282898,18.05563235282898,0.040123627450731066
2,211.12158203125,84.5642318725586,133.9783477783203,134.56423950195312,0.9848963022232056,0.3934877812862396,0.4104865491390228,0.3934877812862396,0.3934877812862396,0.9868735074996948,T020_060_020,8.82865242601838e-06,2.134117949026404e-07,0.00017230480443686247,2.134117949026404e-07,0.05,197,50472,0.02092756431414435,0.19673117995262146,0.20000000298023224,0.5924112796783447,0.6000000238418579,0.19773098826408386,0.20000000298023224,frozen_mlp_surrogate_adjoint,450,450,450,500,18.05563235282898,18.05563235282898,0.040123627450731066
3,211.08441162109375,84.56478881835938,133.9369659423828,134.56478881835938,0.9846195578575134,0.3934948444366455,0.4101784825325012,0.3934948444366455,0.3934948444366455,0.9868350028991699,T020_060_020,8.879590495780576e-06,2.1373273284552852e-07,0.0001733171520754695,2.1373273284552852e-07,0.05,97,50611,0.012612136655102175,0.19672295451164246,0.20000000298023224,0.5923895835876465,0.6000000238418579,0.19772246479988098,0.20000000298023224,frozen_mlp_surrogate_adjoint,450,450,450,500,18.05563235282898,18.05563235282898,0.040123627450731066
4,209.8165283203125,84.54853057861328,132.50015258789062,134.54852294921875,0.9751790165901184,0.3932895362377167,0.3994799852371216,0.3932895362377167,0.3932895362377167,0.986047625541687,T020_060_020,9.912815585266799e-06,1.793782047343484e-07,0.00019466875528451055,1.793782047343484e-07,0.05,262,50738,0.02599304435887654,0.1966191828250885,0.20000000298023224,0.5919397473335266,0.6000000238418579,0.19748863577842712,0.20000000298023224,frozen_mlp_surrogate_adjoint,450,450,450,500,18.05563235282898,18.05563235282898,0.040123627450731066
5,209.46392822265625,84.53974151611328,132.102783203125,134.53973388671875,0.9725534319877625,0.3931785821914673,0.39652109146118164,0.3931785821914673,0.3931785821914673,0.9858825206756592,T020_060_020,1.015020279737655e-05,1.850415145554507e-07,0.00019930322014261037,1.850415145554507e-07,0.05,39,50523,0.00742213150536958,0.19657692313194275,0.20000000298023224,0.5918428897857666,0.6000000238418579,0.19746264815330505,0.20000000298023224,frozen_mlp_surrogate_adjoint,450,450,450,500,18.05563235282898,18.05563235282898,0.040123627450731066
6,208.52322387695312,84.51666259765625,131.0413360595703,134.51666259765625,0.9655490517616272,0.3928871154785156,0.38861754536628723,0.3928871154785156,0.3928871154785156,0.9854393005371094,T020_060_020,1.0797065442602616e-05,1.9636702575098752e-07,0.00021201396884862334,1.9636702575098752e-07,0.05,210,50067,0.02182499269138033,0.19647051393985748,0.20000000298023224,0.5915865898132324,0.6000000238418579,0.19738218188285828,0.20000000298023224,frozen_mlp_surrogate_adjoint,450,450,450,500,18.05563235282898,18.05563235282898,0.040123627450731066
7,208.4019775390625,84.5136947631836,130.90447998046875,134.51370239257812,0.9646462202072144,0.3928496539592743,0.38759851455688477,0.3928496539592743,0.3928496539592743,0.985382080078125,T020_060_020,1.0881974048970733e-05,1.9779525928242947e-07,0.00021368358284235,1.9779525928242947e-07,0.05,126,50333,0.015166571894744968,0.1964568793773651,0.20000000298023224,0.5915536880493164,0.6000000238418579,0.19737151265144348,0.20000000298023224,frozen_mlp_surrogate_adjoint,450,450,450,500,18.05563235282898,18.05563235282898,0.040123627450731066
8,208.33685302734375,84.51213073730469,130.83091735839844,134.5121307373047,0.9641612768173218,0.392829954624176,0.3870507478713989,0.392829954624176,0.392829954624176,0.9853510856628418,T020_060_020,1.0927637049462646e-05,1.9810291007615888e-07,0.00021459069103002548,1.9810291007615888e-07,0.05,8,50817,0.0027600819716569166,0.19645023345947266,0.20000000298023224,0.5915355682373047,0.6000000238418579,0.19736531376838684,0.20000000298023224,frozen_mlp_surrogate_adjoint,450,450,450,500,18.05563235282898,18.05563235282898,0.040123627450731066
9,207.80563354492188,84.49930572509766,130.2305908203125,134.49929809570312,0.9602057337760925,0.3926680088043213,0.38258078694343567,0.3926680088043213,0.3926680088043213,0.9850990176200867,T020_060_020,1.1304150575597305e-05,2.0218625707002502e-07,0.00022203927801456302,2.0218625707002502e-07,0.05,123,50061,0.014885152443561835,0.19639381766319275,0.20000000298023224,0.5913928747177124,0.6000000238418579,0.19731231033802032,0.20000000298023224,frozen_mlp_surrogate_adjoint,450,450,450,500,18.05563235282898,18.05563235282898,0.040123627450731066
10,206.0387725830078,84.42517852783203,128.40367126464844,134.4251708984375,0.9470496773719788,0.39173203706741333,0.36897745728492737,0.39173203706741333,0.39173203706741333,0.9825479388237,T020_060_020,1.5428495316882618e-05,1.997735097347686e-07,0.00030457443790510297,1.997735097347686e-07,0.05,108,50043,0.013666369009876972,0.19657853245735168,0.20000000298023224,0.5900288224220276,0.6000000238418579,0.1959405541419983,0.20000000298023224,frozen_mlp_surrogate_adjoint,450,450,450,500,18.05563235282898,18.05563235282898,0.040123627450731066
11,205.76947021484375,84.40385437011719,128.15771484375,134.4038543701172,0.9450443983078003,0.3914628028869629,0.36714601516723633,0.3914628028869629,0.3914628028869629,0.9825195074081421,T020_060_020,1.5478935893042944e-05,2.0055391303230863e-07,0.00030556763522326946,2.0055391303230863e-07,0.05,299,50548,0.031084284833284972,0.19657287001609802,0.20000000298023224,0.590012788772583,0.6000000238418579,0.19593381881713867,0.20000000298023224,frozen_mlp_surrogate_adjoint,450,450,450,500,18.05563235282898,18.05563235282898,0.040123627450731066
12,203.90077209472656,84.25604248046875,126.45069885253906,134.25604248046875,0.9311301112174988,0.38959643244743347,0.35443562269210815,0.38959643244743347,0.38959643244743347,0.9823225736618042,T020_060_020,1.5830648408154957e-05,2.060773596213039e-07,0.00031249140738509595,2.060773596213039e-07,0.05,347,50156,0.036310766777988716,0.1965358853340149,0.20000000298023224,0.5899004936218262,0.6000000238418579,0.19588616490364075,0.20000000298023224,frozen_mlp_surrogate_adjoint,450,450,450,500,18.05563235282898,18.05563235282898,0.040123627450731066
13,202.60711669921875,84.180908203125,125.08060455322266,134.180908203125,0.9214975833892822,0.3886478543281555,0.34423384070396423,0.3886478543281555,0.3886478543281555,0.9821349382400513,T020_060_020,1.6172354662558064e-05,2.1433315566810052e-07,0.00031916043371893466,2.1433315566810052e-07,0.05,25,50767,0.0061037325382991125,0.19650787115097046,0.20000000298023224,0.5897929668426514,0.6000000238418579,0.19583407044410706,0.20000000298023224,frozen_mlp_surrogate_adjoint,450,450,450,500,18.05563235282898,18.05563235282898,0.040123627450731066
14,202.26185607910156,84.16122436523438,124.71089935302734,134.16122436523438,0.9189267158508301,0.38839924335479736,0.3414810001850128,0.38839924335479736,0.38839924335479736,0.982081413269043,T020_060_020,1.6266745660686865e-05,2.1295905128226877e-07,0.0003210757568012923,2.1295905128226877e-07,0.05,4,50465,0.001998608779575967,0.19649317860603333,0.20000000298023224,0.5897614359855652,0.6000000238418579,0.19582673907279968,0.20000000298023224,frozen_mlp_surrogate_adjoint,450,450,450,500,18.05563235282898,18.05563235282898,0.040123627450731066
15,202.25489807128906,84.16082763671875,124.703369140625,134.16082763671875,0.9188748598098755,0.38839423656463623,0.34142497181892395,0.38839423656463623,0.38839423656463623,0.9820805191993713,T020_060_020,1.62688156706281e-05,2.1342650313727063e-07,0.00032110780011862516,2.1342650313727063e-07,0.05,11,50663,0.0040753046439908755,0.19649295508861542,0.20000000298023224,0.5897615551948547,0.6000000238418579,0.19582600891590118,0.20000000298023224,frozen_mlp_surrogate_adjoint,450,450,450,500,18.05563235282898,18.05563235282898,0.040123627450731066
16,201.7661895751953,84.13325500488281,124.17903900146484,134.1332550048828,0.9152359366416931,0.38804614543914795,0.3375207781791687,0.38804614543914795,0.38804614543914795,0.982006311416626,T020_060_020,1.640299342398066e-05,2.1435236874367547e-07,0.00032377283787354827,2.1435236874367547e-07,0.05,5,50035,0.0021932770880351837,0.19647730886936188,0.20000000298023224,0.5897186994552612,0.6000000238418579,0.19581031799316406,0.20000000298023224,frozen_mlp_surrogate_adjoint,450,450,450,500,18.05563235282898,18.05563235282898,0.040123627450731066
17,201.54148864746094,84.12066650390625,123.93757629394531,134.12066650390625,0.9135628342628479,0.38788723945617676,0.3357228636741638,0.38788723945617676,0.38788723945617676,0.9819728136062622,T020_060_020,1.6465088265249506e-05,2.1611526790366042e-07,0.000324979453580454,2.1611526790366042e-07,0.05,171,50740,0.01854853994468282,0.196471706032753,0.20000000298023224,0.5897002220153809,0.6000000238418579,0.19580091536045074,0.20000000298023224,frozen_mlp_surrogate_adjoint,450,450,450,500,18.05563235282898,18.05563235282898,0.040123627450731066
18,201.468505859375,84.11735534667969,123.85626220703125,134.1173553466797,0.9130194187164307,0.38784536719322205,0.3351173400878906,0.38784536719322205,0.38784536719322205,0.9819668531417847,T020_060_020,1.648543002374936e-05,2.257105080616384e-07,0.00032519438536837697,2.257105080616384e-07,0.05,21,50604,0.005465022801130163,0.196483314037323,0.20000000298023224,0.5897011756896973,0.6000000238418579,0.19578233361244202,0.20000000298023224,frozen_mlp_surrogate_adjoint,450,450,450,500,18.05563235282898,18.05563235282898,0.040123627450731066
19,200.80564880371094,84.07913970947266,123.12297058105469,134.07913208007812,0.9080837368965149,0.38736286759376526,0.3296572268009186,0.38736286759376526,0.38736286759376526,0.9815383553504944,T020_060_020,1.7243341062567197e-05,2.0172588222067134e-07,0.00034083231003023684,2.0172588222067134e-07,0.05,110,50206,0.013827425483103135,0.19635000824928284,0.20000000298023224,0.5894405245780945,0.6000000238418579,0.19574779272079468,0.20000000298023224,frozen_mlp_surrogate_adjoint,450,450,450,500,18.05563235282898,18.05563235282898,0.040123627450731066
20,200.67300415039062,84.0726318359375,122.97151184082031,134.0726318359375,0.9070960283279419,0.3872807025909424,0.3285295367240906,0.3872807025909424,0.3872807025909424,0.9814531803131104,T020_060_020,1.7408046915079467e-05,2.0881941509287572e-07,0.0003439845168031752,2.0881941509287572e-07,0.05,103,50667,0.013237659704133835,0.1963411271572113,0.20000000298023224,0.589394211769104,0.6000000238418579,0.19571782648563385,0.20000000298023224,frozen_mlp_surrogate_adjoint,450,450,450,500,18.05563235282898,18.05563235282898,0.040123627450731066
21,200.60455322265625,84.06907653808594,122.8944091796875,134.06907653808594,0.9065864086151123,0.38723576068878174,0.32795536518096924,0.38723576068878174,0.38723576068878174,0.9814074039459229,T020_060_020,1.7492988263256848e-05,2.0875559414434974e-07,0.0003456846170593053,2.0875559414434974e-07,0.05,315,110,0.03217521076398133,0.19633275270462036,0.20000000298023224,0.5893661975860596,0.6000000238418579,0.19570845365524292,0.20000000298023224,frozen_mlp_surrogate_adjoint,450,450,450,500,18.05563235282898,18.05563235282898,0.040123627450731066
22,200.35360717773438,84.06376647949219,122.59319305419922,134.0637664794922,0.9047178626060486,0.3871687948703766,0.32571253180503845,0.3871687948703766,0.3871687948703766,0.9812120795249939,T020_060_020,1.7893800759338774e-05,2.4450324076497054e-07,0.000352985953213647,2.4450324076497054e-07,0.05,32,50848,0.006787902122758082,0.19641685485839844,0.20000000298023224,0.5892147421836853,0.6000000238418579,0.19558048248291016,0.20000000298023224,frozen_mlp_surrogate_adjoint,450,450,450,500,18.05563235282898,18.05563235282898,0.040123627450731066
23,200.22317504882812,84.05462646484375,122.45449829101562,134.05462646484375,0.9037467241287231,0.38705331087112427,0.32467979192733765,0.38705331087112427,0.38705331087112427,0.9810831546783447,T020_060_020,1.812280788726639e-05,2.3045554087275377e-07,0.0003578470495995134,2.3045554087275377e-07,0.05,20,50830,0.005443392479181519,0.19635939598083496,0.20000000298023224,0.5891419649124146,0.6000000238418579,0.1955818235874176,0.20000000298023224,frozen_mlp_surrogate_adjoint,450,450,450,500,18.05563235282898,18.05563235282898,0.040123627450731066
24,199.70706176757812,84.035888671875,121.87268829345703,134.035888671875,0.8999035954475403,0.38681676983833313,0.3203476369380951,0.38681676983833313,0.38681676983833313,0.98052978515625,T020_060_020,1.921277907968033e-05,2.5831408834164904e-07,0.00037908926606178284,2.5831408834164904e-07,0.05,317,50387,0.032759865887776955,0.19642382860183716,0.20000000298023224,0.5887036919593811,0.6000000238418579,0.19540226459503174,0.20000000298023224,frozen_mlp_surrogate_adjoint,450,450,450,500,18.05563235282898,18.05563235282898,0.040123627450731066
25,199.44107055664062,84.01099395751953,121.628662109375,134.010986328125,0.8979230523109436,0.3865024745464325,0.3185305893421173,0.3865024745464325,0.3865024745464325,0.980056643486023,T020_060_020,2.0129180484218523e-05,2.4230737949437753e-07,0.0003977374581154436,2.4230737949437753e-07,0.05,91,50672,0.012384085938468395,0.19629649817943573,0.20000000298023224,0.5884281396865845,0.6000000238418579,0.19533196091651917,0.20000000298023224,frozen_mlp_surrogate_adjoint,450,450,450,500,18.05563235282898,18.05563235282898,0.040123627450731066
26,199.00054931640625,83.97291564941406,121.21332550048828,133.97291564941406,0.8946429491043091,0.38602161407470703,0.31543803215026855,0.38602161407470703,0.38602161407470703,0.9792903661727905,T020_060_020,2.1699966964661144e-05,2.555196658704517e-07,0.0004288889467716217,2.555196658704517e-07,0.05,33,50831,0.006841064314181912,0.19613748788833618,0.20000000298023224,0.587990403175354,0.6000000238418579,0.19516247510910034,0.20000000298023224,frozen_mlp_surrogate_adjoint,450,450,450,500,18.05563235282898,18.05563235282898,0.040123627450731066
27,197.77169799804688,83.90263366699219,120.03614044189453,133.9026336669922,0.8854929804801941,0.3851342797279358,0.30667269229888916,0.3851342797279358,0.3851342797279358,0.9767866730690002,T020_060_020,2.7761396268033423e-05,8.184691182577808e-07,0.0005388585268519819,8.184691182577808e-07,0.05,112,50238,0.01384516005179517,0.19627678394317627,0.20000000298023224,0.5863453149795532,0.6000000238418579,0.19416457414627075,0.20000000298023224,frozen_mlp_surrogate_adjoint,450,450,450,500,18.05563235282898,18.05563235282898,0.040123627450731066
28,197.69818115234375,83.90567779541016,119.94210052490234,133.90567016601562,0.8849455118179321,0.38517266511917114,0.30597245693206787,0.38517266511917114,0.38517266511917114,0.9766795039176941,T020_060_020,2.819933979480993e-05,1.0070633607028867e-06,0.0005438455264084041,1.0070633607028867e-06,0.05,151,50437,0.017161994685477137,0.19639520347118378,0.20000000298023224,0.5862522125244141,0.6000000238418579,0.19403205811977386,0.20000000298023224,frozen_mlp_surrogate_adjoint,450,450,450,500,18.05563235282898,18.05563235282898,0.040123627450731066
29,197.4515838623047,83.89462280273438,119.70448303222656,133.89462280273438,0.8831093311309814,0.38503313064575195,0.30420318245887756,0.38503313064575195,0.38503313064575195,0.9761555194854736,T020_060_020,2.966372630908154e-05,1.235761715179251e-06,0.0005685592768713832,1.235761715179251e-06,0.05,116,50673,0.014245516629300492,0.1964654177427292,0.20000000298023224,0.58586585521698,0.6000000238418579,0.19382423162460327,0.20000000298023224,frozen_mlp_surrogate_adjoint,450,450,450,500,18.05563235282898,18.05563235282898,0.040123627450731066
30,197.238037109375,83.86616516113281,119.5584716796875,133.8661651611328,0.8815192580223083,0.3846737742424011,0.30311593413352966,0.3846737742424011,0.3846737742424011,0.9755867123603821,T020_060_020,3.0882445571478456e-05,1.082014705389156e-06,0.0005960086127743125,1.082014705389156e-06,0.05,83,50748,0.011958763135927515,0.19624833762645721,0.20000000298023224,0.5855516195297241,0.6000000238418579,0.19378674030303955,0.20000000298023224,frozen_mlp_surrogate_adjoint,450,450,450,500,18.05563235282898,18.05563235282898,0.040123627450731066
31,197.20245361328125,83.85395812988281,119.55792999267578,133.8539581298828,0.8812543153762817,0.38451963663101196,0.3031119108200073,0.38451963663101196,0.38451963663101196,0.9754457473754883,T020_060_020,3.10732502839528e-05,9.276832315663341e-07,0.0006029113428667188,9.276832315663341e-07,0.05,15,50284,0.004971693432934876,0.1961020529270172,0.20000000298023224,0.5855057239532471,0.6000000238418579,0.19383803009986877,0.20000000298023224,frozen_mlp_surrogate_adjoint,450,450,450,500,18.05563235282898,18.05563235282898,0.040123627450731066
32,196.74049377441406,83.7796401977539,119.2353744506836,133.77963256835938,0.877814531326294,0.383581280708313,0.30071017146110535,0.383581280708313,0.383581280708313,0.9742003679275513,T020_060_020,3.412560181459412e-05,8.44549106204795e-07,0.0006656210171058774,8.44549106204795e-07,0.05,292,50712,0.029899322912436514,0.19566796720027924,0.20000000298023224,0.5849359035491943,0.6000000238418579,0.1935965120792389,0.20000000298023224,frozen_mlp_surrogate_adjoint,450,450,450,500,18.05563235282898,18.05563235282898,0.040123627450731066
33,196.61517333984375,83.75794982910156,119.14364624023438,133.75794982910156,0.87688148021698,0.38330739736557007,0.30002716183662415,0.38330739736557007,0.38330739736557007,0.9738616943359375,T020_060_020,3.5038614441873506e-05,8.780627922533313e-07,0.0006832110229879618,8.780627922533313e-07,0.05,74,50283,0.011102573784078818,0.1955769956111908,0.20000000298023224,0.5847885012626648,0.6000000238418579,0.1934961974620819,0.20000000298023224,frozen_mlp_surrogate_adjoint,450,450,450,500,18.05563235282898,18.05563235282898,0.040123627450731066
34,195.6586456298828,83.59308624267578,118.4244155883789,133.59307861328125,0.8697590827941895,0.3812258541584015,0.2946717441082001,0.3812258541584015,0.3812258541584015,0.9714863896369934,T020_060_020,4.1975850763265043e-05,1.3245526133687235e-06,0.0008130259811878204,1.3245526133687235e-06,0.05,54,50826,0.009109001456536384,0.19492857158184052,0.20000000298023224,0.5838316679000854,0.6000000238418579,0.19272612035274506,0.20000000298023224,frozen_mlp_surrogate_adjoint,450,450,450,500,18.05563235282898,18.05563235282898,0.040123627450731066
35,194.830810546875,83.42634582519531,117.82846069335938,133.4263458251953,0.8635950088500977,0.37912046909332275,0.290234237909317,0.37912046909332275,0.37912046909332275,0.9699400067329407,T020_060_020,4.6763896534685045e-05,1.5837343880775734e-06,0.0009036032133735716,1.5837343880775734e-06,0.05,66,50356,0.010165090470019351,0.19468949735164642,0.20000000298023224,0.5829792022705078,0.6000000238418579,0.19227127730846405,0.20000000298023224,frozen_mlp_surrogate_adjoint,450,450,450,500,18.05563235282898,18.05563235282898,0.040123627450731066
36,193.75311279296875,83.19741821289062,117.16389465332031,133.19741821289062,0.8555704951286316,0.37623000144958496,0.2852858603000641,0.37623000144958496,0.37623000144958496,0.9680451154708862,T020_060_020,5.2851642976747826e-05,1.7959091564989649e-06,0.001021114643663168,1.7959091564989649e-06,0.05,43,50304,0.007765677238947404,0.19432377815246582,0.20000000298023224,0.5819330215454102,0.6000000238418579,0.19178833067417145,0.20000000298023224,frozen_mlp_surrogate_adjoint,450,450,450,500,18.05563235282898,18.05563235282898,0.040123627450731066
37,192.37832641601562,82.90046691894531,116.40696716308594,132.9004669189453,0.8453337550163269,0.37248069047927856,0.2796498239040375,0.37248069047927856,0.37248069047927856,0.9657644629478455,T020_060_020,6.064910121494904e-05,2.045501560132834e-06,0.00117207202129066,2.045501560132834e-06,0.05,69,50788,0.010631642203229041,0.19392426311969757,0.20000000298023224,0.5806272029876709,0.6000000238418579,0.19121301174163818,0.20000000298023224,frozen_mlp_surrogate_adjoint,450,450,450,500,18.05563235282898,18.05563235282898,0.040123627450731066
38,192.14682006835938,82.84989166259766,116.28118133544922,132.84988403320312,0.8436100482940674,0.37184205651283264,0.278713196516037,0.37184205651283264,0.37184205651283264,0.965378999710083,T020_060_020,6.201564247021452e-05,2.08496112463763e-06,0.0011986136669293046,2.08496112463763e-06,0.05,175,50756,0.018901023745072066,0.19384533166885376,0.20000000298023224,0.5804144144058228,0.6000000238418579,0.1911192536354065,0.20000000298023224,frozen_mlp_surrogate_adjoint,450,450,450,500,18.05563235282898,18.05563235282898,0.040123627450731066
39,191.21484375,82.65662384033203,115.73593139648438,132.6566162109375,0.836670458316803,0.3694017827510834,0.27465325593948364,0.3694017827510834,0.3694017827510834,0.9638925790786743,T020_060_020,6.768316961824894e-05,2.4958717403933406e-06,0.001303745899349451,2.4958717403933406e-06,0.05,425,50839,0.049411799038336104,0.19376444816589355,0.20000000298023224,0.579500675201416,0.6000000238418579,0.19062742590904236,0.20000000298023224,frozen_mlp_surrogate_adjoint,450,450,450,500,18.05563235282898,18.05563235282898,0.040123627450731066
40,190.3175048828125,82.46626281738281,115.23713684082031,132.4662628173828,0.8299888968467712,0.36699825525283813,0.2709392309188843,0.36699825525283813,0.36699825525283813,0.962306797504425,T020_060_020,7.396901492029428e-05,2.9301343147380976e-06,0.0014207775238901377,2.9301343147380976e-06,0.05,400,50239,0.0450499669864793,0.19354771077632904,0.20000000298023224,0.5786255598068237,0.6000000238418579,0.19013351202011108,0.20000000298023224,frozen_mlp_surrogate_adjoint,450,450,450,500,18.05563235282898,18.05563235282898,0.040123627450731066
41,159.0631103515625,100.54010009765625,80.0447998046875,150.54010009765625,0.5972681045532227,0.5952032804489136,0.00889651756733656,0.5952032804489136,0.5952032804489136,0.9528629183769226,T020_060_020,0.0001117582869483158,6.630650091210555e-07,0.0022219044622033834,6.630650091210555e-07,0.05,297,50063,0.030999563514367296,0.1916097104549408,0.20000000298023224,0.5715094804763794,0.6000000238418579,0.18974368274211884,0.20000000298023224,frozen_mlp_surrogate_adjoint,450,450,450,500,18.05563235282898,18.05563235282898,0.040123627450731066
42,159.75689697265625,100.49701690673828,80.9113998413086,150.49700927734375,0.6024341583251953,0.5946593284606934,0.015349218621850014,0.5946593284606934,0.5946593284606934,0.9520909786224365,T020_060_020,0.00011529091716511175,5.272004841572198e-07,0.0022952742874622345,5.272004841572198e-07,0.05,342,50265,0.03579196798304683,0.1913737952709198,0.20000000298023224,0.5709556937217712,0.6000000238418579,0.18976154923439026,0.20000000298023224,frozen_mlp_surrogate_adjoint,450,450,450,500,18.05563235282898,18.05563235282898,0.040123627450731066
43,160.88145446777344,100.43984985351562,82.2852783203125,150.43984985351562,0.6108075380325317,0.5939375162124634,0.025579169392585754,0.5939375162124634,0.5939375162124634,0.9512159824371338,T020_060_020,0.00011953743523918092,5.434199010778684e-07,0.0023798802867531776,5.434199010778684e-07,0.05,16,50154,0.005335842567149514,0.19121307134628296,0.20000000298023224,0.5704237222671509,0.6000000238418579,0.18957921862602234,0.20000000298023224,frozen_mlp_surrogate_adjoint,450,450,450,500,18.05563235282898,18.05563235282898,0.040123627450731066
44,161.2744598388672,100.41960906982422,82.76310729980469,150.41961669921875,0.6137338876724243,0.5936819314956665,0.029137063771486282,0.5936819314956665,0.5936819314956665,0.9509146809577942,T020_060_020,0.00012103313201805577,5.647034981848265e-07,0.002409368520602584,5.647034981848265e-07,0.05,111,50029,0.013838337457651308,0.1911691427230835,0.20000000298023224,0.570246696472168,0.6000000238418579,0.18949884176254272,0.20000000298023224,frozen_mlp_surrogate_adjoint,450,450,450,500,18.05563235282898,18.05563235282898,0.040123627450731066
45,161.27670288085938,100.41973876953125,82.76771545410156,150.41973876953125,0.6137505173683167,0.5936835408210754,0.029171396046876907,0.5936835408210754,0.5936835408210754,0.9509091377258301,T020_060_020,0.00012104718916816637,5.515516363630013e-07,0.002409912645816803,5.515516363630013e-07,0.05,0,50384,0.001306827267214449,0.1911582499742508,0.20000000298023224,0.5702390670776367,0.6000000238418579,0.18951185047626495,0.20000000298023224,frozen_mlp_surrogate_adjoint,450,450,450,500,18.05563235282898,18.05563235282898,0.040123627450731066
46,161.61239624023438,100.40251922607422,83.17633819580078,150.40252685546875,0.6162501573562622,0.5934661626815796,0.032214000821113586,0.5934661626815796,0.5934661626815796,0.9506507515907288,T020_060_020,0.00012233370216563344,5.662905664394202e-07,0.00243534822948277,5.662905664394202e-07,0.05,144,50297,0.016695740641830725,0.1911177933216095,0.20000000298023224,0.5700865387916565,0.6000000238418579,0.18944640457630157,0.20000000298023224,frozen_mlp_surrogate_adjoint,450,450,450,500,18.05563235282898,18.05563235282898,0.040123627450731066
47,161.7522430419922,100.39553833007812,83.34831237792969,150.39553833007812,0.6172914505004883,0.593377947807312,0.03349452465772629,0.593377947807312,0.593377947807312,0.9505397081375122,T020_060_020,0.00012287685240153223,5.608280275737343e-07,0.0024463203735649586,5.608280275737343e-07,0.05,30,50079,0.00668243208714161,0.19109195470809937,0.20000000298023224,0.5700159072875977,0.6000000238418579,0.18943187594413757,0.20000000298023224,frozen_mlp_surrogate_adjoint,450,450,450,500,18.05563235282898,18.05563235282898,0.040123627450731066
48,161.9376220703125,100.38609313964844,83.57466125488281,150.38609313964844,0.6186717748641968,0.593258798122406,0.03517993539571762,0.593258798122406,0.593258798122406,0.9503957033157349,T020_060_020,0.00012359366519376636,5.643591975967865e-07,0.002460586139932275,5.643591975967865e-07,0.05,52,50350,0.008780886809955297,0.19106604158878326,0.20000000298023224,0.569928765296936,0.6000000238418579,0.18940088152885437,0.20000000298023224,frozen_mlp_surrogate_adjoint,450,450,450,500,18.05563235282898,18.05563235282898,0.040123627450731066
49,161.94012451171875,100.38582611083984,83.57666778564453,150.38583374023438,0.6186904907226562,0.5932554006576538,0.03519487753510475,0.5932554006576538,0.5932554006576538,0.950395941734314,T020_060_020,0.00012360022810753435,5.720967237721197e-07,0.0024605626240372658,5.720967237721197e-07,0.05,183,48,0.01937709038492033,0.19107186794281006,0.20000000298023224,0.5699312090873718,0.6000000238418579,0.18939289450645447,0.20000000298023224,frozen_mlp_surrogate_adjoint,450,450,450,500,18.05563235282898,18.05563235282898,0.040123627450731066
50,162.2786865234375,100.3639907836914,83.94451141357422,150.36398315429688,0.6212114095687866,0.5929796695709229,0.03793380409479141,0.5929796695709229,0.5929796695709229,0.9502206444740295,T020_060_020,0.00012484645412769169,9.472389592701802e-07,0.0024779841769486666,9.472389592701802e-07,0.05,113,113,0.013964995879383662,0.19125282764434814,0.20000000298023224,0.5699607133865356,0.6000000238418579,0.18900711834430695,0.20000000298023224,frozen_mlp_surrogate_adjoint,450,450,450,500,18.05563235282898,18.05563235282898,0.040123627450731066
51,162.53250122070312,100.33404541015625,84.10758972167969,150.33404541015625,0.6231012940406799,0.5926016569137573,0.039148133248090744,0.5926016569137573,0.5926016569137573,0.9503151774406433,T020_060_020,0.00012654140300583094,3.1123174721869873e-06,0.0024685815442353487,3.1123174721869873e-06,0.05,214,50195,0.022229258467280487,0.19200339913368225,0.20000000298023224,0.5703989267349243,0.6000000238418579,0.18791288137435913,0.20000000298023224,frozen_mlp_surrogate_adjoint,450,450,450,500,18.05563235282898,18.05563235282898,0.040123627450731066
52,162.762939453125,100.32168579101562,84.32041931152344,150.32168579101562,0.6248171925544739,0.5924455523490906,0.040732864290475845,0.5924455523490906,0.5924455523490906,0.9498300552368164,T020_060_020,0.0001299992436543107,4.148073458054569e-06,0.002517023356631398,4.148073458054569e-06,0.05,57,148,0.00932937069836447,0.1921985149383545,0.20000000298023224,0.5701512098312378,0.6000000238418579,0.18748030066490173,0.20000000298023224,frozen_mlp_surrogate_adjoint,450,450,450,500,18.05563235282898,18.05563235282898,0.040123627450731066
53,162.88792419433594,100.32106018066406,84.45075988769531,150.32106018066406,0.6257477402687073,0.5924376845359802,0.04170334339141846,0.5924376845359802,0.5924376845359802,0.9493997097015381,T020_060_020,0.00013224766007624567,4.2281881178496405e-06,0.0025603894609957933,4.2281881178496405e-06,0.05,3,50028,0.0018743213586556243,0.192132368683815,0.20000000298023224,0.5698962211608887,0.6000000238418579,0.1873711198568344,0.20000000298023224,frozen_mlp_surrogate_adjoint,450,450,450,500,18.05563235282898,18.05563235282898,0.040123627450731066
54,185.3146209716797,81.43182373046875,112.8685302734375,131.43182373046875,0.7927373051643372,0.3539371192455292,0.25330254435539246,0.3539371192455292,0.3539371192455292,0.9497883319854736,T020_060_020,0.00013254929217509925,6.488715825980762e-06,0.002521211514249444,6.488715825980762e-06,0.05,379,50234,0.0414648917490689,0.19169533252716064,0.20000000298023224,0.5715567469596863,0.6000000238418579,0.1865362823009491,0.20000000298023224,frozen_mlp_surrogate_adjoint,450,450,450,500,18.05563235282898,18.05563235282898,0.040123627450731066
55,163.345458984375,100.31632995605469,84.9179916381836,150.3163299560547,0.6291545629501343,0.5923778414726257,0.04518236964941025,0.5923778414726257,0.5923778414726257,0.947917103767395,T020_060_020,0.00014047989679966122,4.848498520004796e-06,0.0027126281056553125,4.848498520004796e-06,0.05,282,50797,0.029043516504776136,0.19196870923042297,0.20000000298023224,0.5690635442733765,0.6000000238418579,0.18688488006591797,0.20000000298023224,frozen_mlp_surrogate_adjoint,450,450,450,500,18.05563235282898,18.05563235282898,0.040123627450731066
56,163.57212829589844,100.31907653808594,85.1697006225586,150.31907653808594,0.6308423280715942,0.5924126505851746,0.04705658555030823,0.5924126505851746,0.5924126505851746,0.9469938278198242,T020_060_020,0.00014499043754767627,4.5077154027239885e-06,0.0028096542228013277,4.5077154027239885e-06,0.05,45,50621,0.008161435896513232,0.1917252540588379,0.20000000298023224,0.5684487819671631,0.6000000238418579,0.18681977689266205,0.20000000298023224,frozen_mlp_surrogate_adjoint,450,450,450,500,18.05563235282898,18.05563235282898,0.040123627450731066
57,163.72348022460938,100.31671142578125,85.3210678100586,150.31671142578125,0.6319693326950073,0.5923826694488525,0.04818367958068848,0.5923826694488525,0.5923826694488525,0.946533203125,T020_060_020,0.00014775402087252587,4.819103651243495e-06,0.0028586983680725098,4.819103651243495e-06,0.05,150,50720,0.017049914749176,0.19169682264328003,0.20000000298023224,0.5682052373886108,0.6000000238418579,0.18663114309310913,0.20000000298023224,frozen_mlp_surrogate_adjoint,450,450,450,500,18.05563235282898,18.05563235282898,0.040123627450731066
58,164.0348358154297,100.31526184082031,85.6457290649414,150.3152618408203,0.6342876553535461,0.592364490032196,0.050601113587617874,0.592364490032196,0.592364490032196,0.9454610347747803,T020_060_020,0.00015376016381196678,5.0352277867204975e-06,0.0029744987841695547,5.0352277867204975e-06,0.05,134,50033,0.015827047382055492,0.19152948260307312,0.20000000298023224,0.5675733685493469,0.6000000238418579,0.186358243227005,0.20000000298023224,frozen_mlp_surrogate_adjoint,450,450,450,500,18.05563235282898,18.05563235282898,0.040123627450731066
59,164.13600158691406,100.31382751464844,85.747802734375,150.31382751464844,0.6350409388542175,0.5923463106155396,0.051361165940761566,0.5923463106155396,0.5923463106155396,0.9451452493667603,T020_060_020,0.00015567844093311578,5.226262146607041e-06,0.0030090436339378357,5.226262146607041e-06,0.05,72,50562,0.010763030151511565,0.19150501489639282,0.20000000298023224,0.5674000382423401,0.6000000238418579,0.18624022603034973,0.20000000298023224,frozen_mlp_surrogate_adjoint,450,450,450,500,18.05563235282898,18.05563235282898,0.040123627450731066
60,164.31680297851562,100.31565856933594,85.94752502441406,150.31565856933594,0.636387288570404,0.5923694968223572,0.052848298102617264,0.5923694968223572,0.5923694968223572,0.944419264793396,T020_060_020,0.0001594416389707476,4.980722678737948e-06,0.0030892181675881147,4.980722678737948e-06,0.05,53,50373,0.008900800384798253,0.19132155179977417,0.20000000298023224,0.5669182538986206,0.6000000238418579,0.18617944419384003,0.20000000298023224,frozen_mlp_surrogate_adjoint,450,450,450,500,18.05563235282898,18.05563235282898,0.040123627450731066
61,165.20916748046875,100.31709289550781,86.87580871582031,150.3170928955078,0.6430317759513855,0.5923875570297241,0.05976030230522156,0.5923875570297241,0.5923875570297241,0.9413931965827942,T020_060_020,0.00017779713380150497,6.0592597037611995e-06,0.0034347574692219496,6.0592597037611995e-06,0.05,192,50385,0.019983516208562868,0.1909276247024536,0.20000000298023224,0.5651823282241821,0.6000000238418579,0.18528322875499725,0.20000000298023224,frozen_mlp_surrogate_adjoint,450,450,450,500,18.05563235282898,18.05563235282898,0.040123627450731066
62,165.35537719726562,100.32077026367188,87.039794921875,150.32077026367188,0.6441203951835632,0.5924339890480042,0.060981348156929016,0.5924339890480042,0.5924339890480042,0.9407858848571777,T020_060_020,0.00018112552061211318,5.8099408306588884e-06,0.003506311448290944,5.8099408306588884e-06,0.05,7,37,0.002622304228621279,0.1907636970281601,0.20000000298023224,0.5647862553596497,0.6000000238418579,0.1852359175682068,0.20000000298023224,frozen_mlp_surrogate_adjoint,450,450,450,500,18.05563235282898,18.05563235282898,0.040123627450731066
63,165.59165954589844,100.32072448730469,87.28437042236328,150.3207244873047,0.6458798050880432,0.5924334526062012,0.06280248612165451,0.5924334526062012,0.5924334526062012,0.9399978518486023,T020_060_020,0.00018618199101183563,6.169113021314843e-06,0.003600257681682706,6.169113021314843e-06,0.05,73,50503,0.01110018008703259,0.1906762421131134,0.20000000298023224,0.5643346309661865,0.6000000238418579,0.18498699367046356,0.20000000298023224,frozen_mlp_surrogate_adjoint,450,450,450,500,18.05563235282898,18.05563235282898,0.040123627450731066
64,165.8057861328125,100.32420349121094,87.51856994628906,150.32420349121094,0.6474741697311401,0.5924772620201111,0.06454633176326752,0.5924772620201111,0.5924772620201111,0.9391655921936035,T020_060_020,0.00019107048865407705,6.0292236412351485e-06,0.0037008251529186964,6.0292236412351485e-06,0.05,431,50112,0.05056776350433236,0.19049179553985596,0.20000000298023224,0.5638056993484497,0.6000000238418579,0.18486806750297546,0.20000000298023224,frozen_mlp_surrogate_adjoint,450,450,450,500,18.05563235282898,18.05563235282898,0.040123627450731066
65,166.0073699951172,100.32691955566406,87.73658752441406,150.32691955566406,0.6489751935005188,0.5925115942955017,0.06616968661546707,0.5925115942955017,0.5925115942955017,0.9384046792984009,T020_060_020,0.0001956851192517206,5.985949883324793e-06,0.0037939834874123335,5.985949883324793e-06,0.05,89,50399,0.012230547162342766,0.19033557176589966,0.20000000298023224,0.5633346438407898,0.6000000238418579,0.1847344934940338,0.20000000298023224,frozen_mlp_surrogate_adjoint,450,450,450,500,18.05563235282898,18.05563235282898,0.040123627450731066
66,166.20672607421875,100.32676696777344,87.932861328125,150.32676696777344,0.6504595279693604,0.5925097465515137,0.06763111799955368,0.5925097465515137,0.5925097465515137,0.9378203749656677,T020_060_020,0.00019991227600257844,6.59698116578511e-06,0.0038663058076053858,6.59698116578511e-06,0.05,306,50755,0.031500504259043605,0.19028419256210327,0.20000000298023224,0.5631080865859985,0.6000000238418579,0.1844281107187271,0.20000000298023224,frozen_mlp_surrogate_adjoint,450,450,450,500,18.05563235282898,18.05563235282898,0.040123627450731066
67,166.34246826171875,100.3253173828125,88.07877349853516,150.3253173828125,0.651470422744751,0.5924913883209229,0.06871761381626129,0.5924913883209229,0.5924913883209229,0.9373323321342468,T020_060_020,0.00020305937505327165,6.6975549088965636e-06,0.003927236422896385,6.6975549088965636e-06,0.05,138,50696,0.016389520635871357,0.19025616347789764,0.20000000298023224,0.5627336502075195,0.6000000238418579,0.18434250354766846,0.20000000298023224,frozen_mlp_surrogate_adjoint,450,450,450,500,18.05563235282898,18.05563235282898,0.040123627450731066
68,166.80496215820312,100.32159423828125,88.58580017089844,150.32159423828125,0.654914140701294,0.5924444198608398,0.07249295711517334,0.5924444198608398,0.5924444198608398,0.9355818033218384,T020_060_020,0.00021438428666442633,6.899070285726339e-06,0.004149704240262508,6.899070285726339e-06,0.05,236,50426,0.02401316415477994,0.19013962149620056,0.20000000298023224,0.5613217949867249,0.6000000238418579,0.18412041664123535,0.20000000298023224,frozen_mlp_surrogate_adjoint,450,450,450,500,18.05563235282898,18.05563235282898,0.040123627450731066
69,166.89927673339844,100.3280029296875,88.67474365234375,150.3280029296875,0.6556163430213928,0.5925253033638,0.07315519452095032,0.5925253033638,0.5925253033638,0.9352982044219971,T020_060_020,0.0002165782352676615,7.262110102601582e-06,0.004186322446912527,7.262110102601582e-06,0.05,164,50036,0.018090121214428878,0.19003057479858398,0.20000000298023224,0.5613991022109985,0.6000000238418579,0.18386849761009216,0.20000000298023224,frozen_mlp_surrogate_adjoint,450,450,450,500,18.05563235282898,18.05563235282898,0.040123627450731066
70,166.98013305664062,100.33395385742188,88.77654266357422,150.33395385742188,0.656218409538269,0.5926004648208618,0.07391322404146194,0.5926004648208618,0.5926004648208618,0.9348500370979309,T020_060_020,0.0002190406812587753,6.814813332312042e-06,0.004244517534971237,6.814813332312042e-06,0.05,81,50570,0.011798970452305109,0.18987086415290833,0.20000000298023224,0.5610790252685547,0.6000000238418579,0.18390019237995148,0.20000000298023224,frozen_mlp_surrogate_adjoint,450,450,450,500,18.05563235282898,18.05563235282898,0.040123627450731066
71,167.26710510253906,100.35153198242188,89.13868713378906,150.35153198242188,0.6583552360534668,0.5928223133087158,0.076609767973423,0.5928223133087158,0.5928223133087158,0.9334366917610168,T020_060_020,0.00022875955619383603,7.225849913083948e-06,0.0044306740164756775,7.225849913083948e-06,0.05,439,50553,0.052233609194380776,0.18973112106323242,0.20000000298023224,0.5601198077201843,0.6000000238418579,0.1835857629776001,0.20000000298023224,frozen_mlp_surrogate_adjoint,450,450,450,500,18.05563235282898,18.05563235282898,0.040123627450731066
72,168.44778442382812,100.46528625488281,90.7013168334961,150.4652862548828,0.667146623134613,0.5942586660385132,0.08824510872364044,0.5942586660385132,0.5942586660385132,0.9271576404571533,T020_060_020,0.00027341541135683656,8.11491918284446e-06,0.005306009203195572,8.11491918284446e-06,0.05,274,50620,0.02778756459845431,0.18864375352859497,0.20000000298023224,0.5563392043113708,0.6000000238418579,0.1821747124195099,0.20000000298023224,frozen_mlp_surrogate_adjoint,450,450,450,500,18.05563235282898,18.05563235282898,0.040123627450731066
73,168.552001953125,100.47994232177734,90.84738159179688,150.47994995117188,0.6679224967956543,0.5944437384605408,0.0893326997756958,0.5944437384605408,0.5944437384605408,0.9265296459197998,T020_060_020,0.00027778197545558214,7.887311767262872e-06,0.005397893022745848,7.887311767262872e-06,0.05,94,50554,0.012458835478231851,0.18845373392105103,0.20000000298023224,0.5559946298599243,0.6000000238418579,0.18208129703998566,0.20000000298023224,frozen_mlp_surrogate_adjoint,450,450,450,500,18.05563235282898,18.05563235282898,0.040123627450731066
74,168.3011474609375,78.32244873046875,104.82196807861328,128.32244873046875,0.6660546660423279,0.31467732787132263,0.1933876872062683,0.31467732787132263,0.31467732787132263,0.9222228527069092,T020_060_020,0.0003131445264443755,1.0680293598852586e-05,0.006049284711480141,1.0680293598852586e-05,0.05,159,50535,0.017691066571104773,0.18656089901924133,0.20000000298023224,0.5554796457290649,0.6000000238418579,0.1801823228597641,0.20000000298023224,frozen_mlp_surrogate_adjoint,450,450,450,500,18.05563235282898,18.05563235282898,0.040123627450731066
75,168.30184936523438,78.3223876953125,104.82194519042969,128.3223876953125,0.6660598516464233,0.31467655301094055,0.19338752329349518,0.31467655301094055,0.31467655301094055,0.922225832939148,T020_060_020,0.0003131453413516283,1.0704294254537672e-05,0.006048820912837982,1.0704294254537672e-05,0.05,44,50185,0.008131049598410088,0.18655814230442047,0.20000000298023224,0.5554895401000977,0.6000000238418579,0.18017813563346863,0.20000000298023224,frozen_mlp_surrogate_adjoint,450,450,450,500,18.05563235282898,18.05563235282898,0.040123627450731066
76,168.3040771484375,78.32156372070312,104.8250503540039,128.32156372070312,0.6660764813423157,0.31466618180274963,0.19341064989566803,0.31466618180274963,0.31466618180274963,0.9222297072410583,T020_060_020,0.0003131457488052547,1.0734834177128505e-05,0.006048218347132206,1.0734834177128505e-05,0.05,48,50444,0.008366087372548209,0.18652859330177307,0.20000000298023224,0.555527925491333,0.6000000238418579,0.18017320334911346,0.20000000298023224,frozen_mlp_surrogate_adjoint,450,450,450,500,18.05563235282898,18.05563235282898,0.040123627450731066
77,168.30322265625,78.32208251953125,104.82398223876953,128.32208251953125,0.6660701632499695,0.31467270851135254,0.1934027075767517,0.31467270851135254,0.31467270851135254,0.9222260117530823,T020_060_020,0.00031314583611674607,1.0706175089580938e-05,0.006048793438822031,1.0706175089580938e-05,0.05,226,50110,0.023258613950732716,0.18654364347457886,0.20000000298023224,0.5555044412612915,0.6000000238418579,0.18017792701721191,0.20000000298023224,frozen_mlp_surrogate_adjoint,450,450,450,500,18.05563235282898,18.05563235282898,0.040123627450731066
78,168.30018615722656,78.32337951660156,104.82000732421875,128.32337951660156,0.6660475730895996,0.31468912959098816,0.19337308406829834,0.31468912959098816,0.31468912959098816,0.9222183227539062,T020_060_020,0.00031314758234657347,1.0648101124388631e-05,0.006049989257007837,1.0648101124388631e-05,0.05,167,50542,0.01826758264020057,0.18658694624900818,0.20000000298023224,0.555443525314331,0.6000000238418579,0.18018785119056702,0.20000000298023224,frozen_mlp_surrogate_adjoint,450,450,450,500,18.05563235282898,18.05563235282898,0.040123627450731066
79,168.30130004882812,78.32221221923828,104.82017517089844,128.32220458984375,0.6660557985305786,0.31467440724372864,0.19337435066699982,0.31467440724372864,0.31467440724372864,0.9222314357757568,T020_060_020,0.0003131479606963694,1.075045202014735e-05,0.006047949660569429,1.075045202014735e-05,0.05,362,50298,0.03843356789677719,0.18656039237976074,0.20000000298023224,0.5555009841918945,0.6000000238418579,0.18017007410526276,0.20000000298023224,frozen_mlp_surrogate_adjoint,450,450,450,500,18.05563235282898,18.05563235282898,0.040123627450731066
80,168.30538940429688,78.32036590576172,104.82676696777344,128.32037353515625,0.6660863757133484,0.3146510720252991,0.19342340528964996,0.3146510720252991,0.3146510720252991,0.9222385287284851,T020_060_020,0.00031314848456531763,1.0806164937093854e-05,0.006046846508979797,1.0806164937093854e-05,0.05,24,64,0.005980585886360788,0.18649695813655853,0.20000000298023224,0.5555799007415771,0.6000000238418579,0.18016166985034943,0.20000000298023224,frozen_mlp_surrogate_adjoint,450,450,450,500,18.05563235282898,18.05563235282898,0.040123627450731066
81,168.3013916015625,78.32275390625,104.8200912475586,128.32275390625,0.6660565137863159,0.31468117237091064,0.19337373971939087,0.31468117237091064,0.31468117237091064,0.9222273826599121,T020_060_020,0.0003131487756036222,1.0719756573962513e-05,0.006048580165952444,1.0719756573962513e-05,0.05,156,50237,0.01737661221856305,0.18657127022743225,0.20000000298023224,0.5554808378219604,0.6000000238418579,0.18017533421516418,0.20000000298023224,frozen_mlp_surrogate_adjoint,450,450,450,500,18.05563235282898,18.05563235282898,0.040123627450731066
82,168.3003387451172,78.32292938232422,104.81829833984375,128.32293701171875,0.6660487055778503,0.3146834373474121,0.1933603584766388,0.3146834373474121,0.3146834373474121,0.9222285747528076,T020_060_020,0.0003131491830572486,1.0729442692536395e-05,0.006048394367098808,1.0729442692536395e-05,0.05,157,50654,0.017656963530829992,0.1865818202495575,0.20000000298023224,0.5554731488227844,0.6000000238418579,0.1801736056804657,0.20000000298023224,frozen_mlp_surrogate_adjoint,450,450,450,500,18.05563235282898,18.05563235282898,0.040123627450731066
83,168.3018798828125,78.32182312011719,104.81910705566406,128.3218231201172,0.6660601496696472,0.3146694302558899,0.19336643815040588,0.3146694302558899,0.3146694302558899,0.9222405552864075,T020_060_020,0.0003131498524453491,1.0823274351423606e-05,0.00604653125628829,1.0823274351423606e-05,0.05,392,50235,0.04351382934890616,0.18655382096767426,0.20000000298023224,0.5555291771888733,0.6000000238418579,0.18015754222869873,0.20000000298023224,frozen_mlp_surrogate_adjoint,450,450,450,500,18.05563235282898,18.05563235282898,0.040123627450731066
84,168.30160522460938,78.32209777832031,104.81776428222656,128.3220977783203,0.6660580635070801,0.31467297673225403,0.19335639476776123,0.31467297673225403,0.31467297673225403,0.9222419261932373,T020_060_020,0.0003131503181066364,1.0834414752025623e-05,0.006046317983418703,1.0834414752025623e-05,0.05,23,50220,0.005629365161707263,0.18656358122825623,0.20000000298023224,0.5555227994918823,0.6000000238418579,0.18015550076961517,0.20000000298023224,frozen_mlp_surrogate_adjoint,450,450,450,500,18.05563235282898,18.05563235282898,0.040123627450731066
85,168.30059814453125,78.32304382324219,104.81658935546875,128.3230438232422,0.6660506129264832,0.3146849274635315,0.19334764778614044,0.3146849274635315,0.3146849274635315,0.9222344160079956,T020_060_020,0.00031315122032538056,1.0776918315968942e-05,0.006047485861927271,1.0776918315968942e-05,0.05,160,50327,0.017717206290562316,0.18658801913261414,0.20000000298023224,0.5554810762405396,0.6000000238418579,0.18016529083251953,0.20000000298023224,frozen_mlp_surrogate_adjoint,450,450,450,500,18.05563235282898,18.05563235282898,0.040123627450731066
86,168.2985382080078,78.32426452636719,104.81781768798828,128.3242645263672,0.6660352945327759,0.31470030546188354,0.19335679709911346,0.31470030546188354,0.31470030546188354,0.9222126603126526,T020_060_020,0.000313151249429211,1.060772319760872e-05,0.0060508702881634235,1.060772319760872e-05,0.05,90,50388,0.012324294112207505,0.18661418557167053,0.20000000298023224,0.5554033517837524,0.6000000238418579,0.180195152759552,0.20000000298023224,frozen_mlp_surrogate_adjoint,450,450,450,500,18.05563235282898,18.05563235282898,0.040123627450731066
87,168.30096435546875,78.32368469238281,104.81795501708984,128.3236846923828,0.6660534143447876,0.31469303369522095,0.19335781037807465,0.31469303369522095,0.31469303369522095,0.9222254157066345,T020_060_020,0.0003131514822598547,1.0707179171731696e-05,0.006048886105418205,1.0707179171731696e-05,0.05,38,50447,0.007124927278226148,0.18659675121307373,0.20000000298023224,0.5554512143135071,0.6000000238418579,0.1801774650812149,0.20000000298023224,frozen_mlp_surrogate_adjoint,450,450,450,500,18.05563235282898,18.05563235282898,0.040123627450731066
88,168.30506896972656,78.31996154785156,104.82917785644531,128.31996154785156,0.6660839319229126,0.3146459460258484,0.19344140589237213,0.3146459460258484,0.3146459460258484,0.9222317934036255,T020_060_020,0.00031315156957134604,1.0756853043858428e-05,0.0060478937812149525,1.0756853043858428e-05,0.05,28,50404,0.006369371216501253,0.1864834427833557,0.20000000298023224,0.5555779933929443,0.6000000238418579,0.18017037212848663,0.20000000298023224,frozen_mlp_surrogate_adjoint,450,450,450,500,18.05563235282898,18.05563235282898,0.040123627450731066
89,168.3026123046875,78.32308197021484,104.81919860839844,128.32308959960938,0.6660656332969666,0.3146853744983673,0.19336706399917603,0.3146853744983673,0.3146853744983673,0.9222318530082703,T020_060_020,0.00031315168598666787,1.0757440577435773e-05,0.006047884467989206,1.0757440577435773e-05,0.05,26,50305,0.00618859842509878,0.18657758831977844,0.20000000298023224,0.5554856061935425,0.6000000238418579,0.18016870319843292,0.20000000298023224,frozen_mlp_surrogate_adjoint,450,450,450,500,18.05563235282898,18.05563235282898,0.040123627450731066
90,168.3023681640625,78.32220458984375,104.81803131103516,128.32220458984375,0.6660637259483337,0.3146742880344391,0.1933584064245224,0.3146742880344391,0.3146742880344391,0.9222426414489746,T020_060_020,0.0003131518024019897,1.0841453331522644e-05,0.0060462066903710365,1.0841453331522644e-05,0.05,332,50177,0.03463504230044669,0.18656332790851593,0.20000000298023224,0.5555250644683838,0.6000000238418579,0.18015427887439728,0.20000000298023224,frozen_mlp_surrogate_adjoint,450,450,450,500,18.05563235282898,18.05563235282898,0.040123627450731066
91,168.30355834960938,78.32230377197266,104.81936645507812,128.32229614257812,0.6660726070404053,0.314675509929657,0.1933683454990387,0.314675509929657,0.314675509929657,0.9222412109375,T020_060_020,0.0003131522098556161,1.0830729479494039e-05,0.00604642927646637,1.0830729479494039e-05,0.05,133,50509,0.01580065451334504,0.18655923008918762,0.20000000298023224,0.5555258393287659,0.6000000238418579,0.1801561415195465,0.20000000298023224,frozen_mlp_surrogate_adjoint,450,450,450,500,18.05563235282898,18.05563235282898,0.040123627450731066
92,168.302490234375,78.32415771484375,104.8203125,128.32415771484375,0.6660646200180054,0.3146989047527313,0.19337540864944458,0.3146989047527313,0.3146989047527313,0.9222183227539062,T020_060_020,0.000313152268063277,1.0652797755028587e-05,0.006049989257007837,1.0652797755028587e-05,0.05,107,50493,0.013658492188718292,0.18659675121307373,0.20000000298023224,0.5554345846176147,0.6000000238418579,0.18018698692321777,0.20000000298023224,frozen_mlp_surrogate_adjoint,450,450,450,500,18.05563235282898,18.05563235282898,0.040123627450731066
93,168.30221557617188,78.32208251953125,104.8174819946289,128.32208251953125,0.6660627126693726,0.31467270851135254,0.1933543086051941,0.31467270851135254,0.31467270851135254,0.9222451448440552,T020_060_020,0.0003131524135824293,1.0861552254937124e-05,0.006045817397534847,1.0861552254937124e-05,0.05,140,50276,0.01643068664413409,0.18656247854232788,0.20000000298023224,0.5555318593978882,0.6000000238418579,0.1801508069038391,0.20000000298023224,frozen_mlp_surrogate_adjoint,450,450,450,500,18.05563235282898,18.05563235282898,0.040123627450731066
94,168.30145263671875,78.32244873046875,104.81625366210938,128.32244873046875,0.6660569310188293,0.3146773874759674,0.19334512948989868,0.3146773874759674,0.3146773874759674,0.922243595123291,T020_060_020,0.0003131526755169034,1.0849728823814075e-05,0.006046058610081673,1.0849728823814075e-05,0.05,80,50251,0.01155903559092797,0.18657489120960236,0.20000000298023224,0.5555160045623779,0.6000000238418579,0.1801527440547943,0.20000000298023224,frozen_mlp_surrogate_adjoint,450,450,450,500,18.05563235282898,18.05563235282898,0.040123627450731066
95,168.29818725585938,78.32461547851562,104.81702423095703,128.32461547851562,0.6660327315330505,0.3147047460079193,0.1933509111404419,0.3147047460079193,0.3147047460079193,0.922211229801178,T020_060_020,0.00031315305386669934,1.0598392691463232e-05,0.006051092874258757,1.0598392691463232e-05,0.05,22,50640,0.005623336926966957,0.18662407994270325,0.20000000298023224,0.5553902387619019,0.6000000238418579,0.18019695580005646,0.20000000298023224,frozen_mlp_surrogate_adjoint,450,450,450,500,18.05563235282898,18.05563235282898,0.040123627450731066
96,168.30645751953125,78.3213119506836,104.82400512695312,128.32131958007812,0.6660943031311035,0.3146630525588989,0.19340288639068604,0.3146630525588989,0.3146630525588989,0.9222434759140015,T020_060_020,0.00031315317028202116,1.0849292266357224e-05,0.006046077236533165,1.0849292266357224e-05,0.05,343,50420,0.03608634888863781,0.18652090430259705,0.20000000298023224,0.5555689930915833,0.6000000238418579,0.18015360832214355,0.20000000298023224,frozen_mlp_surrogate_adjoint,450,450,450,500,18.05563235282898,18.05563235282898,0.040123627450731066
97,168.3081512451172,78.32117462158203,104.82659912109375,128.3211669921875,0.6661068797111511,0.31466132402420044,0.19342216849327087,0.31466132402420044,0.31466132402420044,0.9222414493560791,T020_060_020,0.0003131533449050039,1.083372626453638e-05,0.006046392023563385,1.083372626453638e-05,0.05,61,50433,0.00971231713749552,0.1865077167749405,0.20000000298023224,0.5555771589279175,0.6000000238418579,0.18015655875205994,0.20000000298023224,frozen_mlp_surrogate_adjoint,450,450,450,500,18.05563235282898,18.05563235282898,0.040123627450731066
98,168.29931640625,78.32389831542969,104.81514739990234,128.3238983154297,0.6660411357879639,0.31469565629959106,0.19333693385124207,0.31469565629959106,0.31469565629959106,0.9222277402877808,T020_060_020,0.00031315351952798665,1.0727293556556106e-05,0.006048524286597967,1.0727293556556106e-05,0.05,76,50308,0.011185129363689572,0.18661178648471832,0.20000000298023224,0.5554419755935669,0.6000000238418579,0.18017402291297913,0.20000000298023224,frozen_mlp_surrogate_adjoint,450,450,450,500,18.05563235282898,18.05563235282898,0.040123627450731066
99,168.30508422851562,78.32211303710938,104.82066345214844,128.32211303710938,0.6660840511322021,0.3146730959415436,0.19337797164916992,0.3146730959415436,0.3146730959415436,0.922243595123291,T020_060_020,0.000313153606839478,1.0850652870431077e-05,0.006046058610081673,1.0850652870431077e-05,0.05,18,50501,0.005383387525338472,0.18654865026474,0.20000000298023224,0.5555421113967896,0.6000000238418579,0.18015283346176147,0.20000000298023224,frozen_mlp_surrogate_adjoint,450,450,450,500,18.05563235282898,18.05563235282898,0.040123627450731066
100,168.30332946777344,78.32256317138672,104.82428741455078,128.32257080078125,0.6660709381103516,0.31467878818511963,0.19340498745441437,0.31467878818511963,0.31467878818511963,0.9222201108932495,T020_060_020,0.0003131537523586303,1.0668175491446164e-05,0.006049711257219315,1.0668175491446164e-05,0.05,191,50053,0.019940314304567896,0.18655261397361755,0.20000000298023224,0.5554832220077515,0.6000000238418579,0.18018421530723572,0.20000000298023224,frozen_mlp_surrogate_adjoint,450,450,450,500,18.05563235282898,18.05563235282898,0.040123627450731066
101,168.3013458251953,78.32464599609375,104.8189468383789,128.32464599609375,0.6660561561584473,0.3147050738334656,0.1933652013540268,0.3147050738334656,0.3147050738334656,0.9222149848937988,T020_060_020,0.00031315439264290035,1.0628941709001083e-05,0.006050508469343185,1.0628941709001083e-05,0.05,78,50106,0.011345707757683001,0.18661271035671234,0.20000000298023224,0.5554109811782837,0.6000000238418579,0.180191308259964,0.20000000298023224,frozen_mlp_surrogate_adjoint,450,450,450,500,18.05563235282898,18.05563235282898,0.040123627450731066
102,168.30152893066406,78.32241821289062,104.81452178955078,128.32241821289062,0.6660575270652771,0.3146769404411316,0.1933322697877884,0.3146769404411316,0.3146769404411316,0.9222502708435059,T020_060_020,0.00031315439264290035,1.0903379006776959e-05,0.006045020185410976,1.0903379006776959e-05,0.05,141,50732,0.01646529217768324,0.1865784227848053,0.20000000298023224,0.5555284023284912,0.6000000238418579,0.18014344573020935,0.20000000298023224,frozen_mlp_surrogate_adjoint,450,450,450,500,18.05563235282898,18.05563235282898,0.040123627450731066
103,168.29812622070312,78.32440948486328,104.81622314453125,128.32440185546875,0.6660321354866028,0.3147021234035492,0.19334493577480316,0.3147021234035492,0.3147021234035492,0.9222153425216675,T020_060_020,0.0003131544799543917,1.0631847544573247e-05,0.006050453055649996,1.0631847544573247e-05,0.05,146,50603,0.01686606032764631,0.18662205338478088,0.20000000298023224,0.555402398109436,0.6000000238418579,0.18019095063209534,0.20000000298023224,frozen_mlp_surrogate_adjoint,450,450,450,500,18.05563235282898,18.05563235282898,0.040123627450731066
104,168.30160522460938,78.32347106933594,104.81575775146484,128.32347106933594,0.6660580635070801,0.3146902620792389,0.1933414787054062,0.3146902620792389,0.3146902620792389,0.9222370386123657,T020_060_020,0.0003131544799543917,1.0800572454172652e-05,0.006047077942639589,1.0800572454172652e-05,0.05,34,50326,0.006876364895680401,0.18659651279449463,0.20000000298023224,0.5554794073104858,0.6000000238418579,0.18016113340854645,0.20000000298023224,frozen_mlp_surrogate_adjoint,450,450,450,500,18.05563235282898,18.05563235282898,0.040123627450731066
105,168.30776977539062,78.32174682617188,104.82472229003906,128.32174682617188,0.6661040186882019,0.31466856598854065,0.19340822100639343,0.31466856598854065,0.31466856598854065,0.9222416281700134,T020_060_020,0.00031315453816205263,1.083631650544703e-05,0.006046364549547434,1.083631650544703e-05,0.05,86,50336,0.012134951578024196,0.18652501702308655,0.20000000298023224,0.5555609464645386,0.6000000238418579,0.1801556944847107,0.20000000298023224,frozen_mlp_surrogate_adjoint,450,450,450,500,18.05563235282898,18.05563235282898,0.040123627450731066
106,168.30355834960938,78.32264709472656,104.81747436523438,128.32264709472656,0.6660726070404053,0.3146798312664032,0.19335421919822693,0.3146798312664032,0.3146798312664032,0.9222449064254761,T020_060_020,0.0003131545672658831,1.0861828741326462e-05,0.006045854650437832,1.0861828741326462e-05,0.05,109,50145,0.01382202990745048,0.18657100200653076,0.20000000298023224,0.5555232763290405,0.6000000238418579,0.18015064299106598,0.20000000298023224,frozen_mlp_surrogate_adjoint,450,450,450,500,18.05563235282898,18.05563235282898,0.040123627450731066
107,168.302734375,78.3240966796875,104.81773376464844,128.3240966796875,0.6660665273666382,0.3146982192993164,0.1933562010526657,0.3146982192993164,0.3146982192993164,0.9222285747528076,T020_060_020,0.0003131553821731359,1.0735649993875995e-05,0.006048394367098808,1.0735649993875995e-05,0.05,79,50539,0.011529631616160812,0.1866016685962677,0.20000000298023224,0.5554544925689697,0.6000000238418579,0.1801724135875702,0.20000000298023224,frozen_mlp_surrogate_adjoint,450,450,450,500,18.05563235282898,18.05563235282898,0.040123627450731066
108,168.30242919921875,78.32382202148438,104.81681060791016,128.32382202148438,0.6660642623901367,0.31469476222991943,0.19334930181503296,0.31469476222991943,0.31469476222991943,0.9222331047058105,T020_060_020,0.00031315561500377953,1.0771112101792824e-05,0.006047689821571112,1.0771112101792824e-05,0.05,114,50096,0.01397414723958702,0.18659916520118713,0.20000000298023224,0.5554677248001099,0.6000000238418579,0.18016624450683594,0.20000000298023224,frozen_mlp_surrogate_adjoint,450,450,450,500,18.05563235282898,18.05563235282898,0.040123627450731066
109,168.3023223876953,78.32127380371094,104.82597351074219,128.32127380371094,0.6660634279251099,0.31466254591941833,0.1934175044298172,0.31466254591941833,0.31466254591941833,0.9222212433815002,T020_060_020,0.00031315567321144044,1.0678911166905891e-05,0.006049534771591425,1.0678911166905891e-05,0.05,19,50392,0.00540679143903663,0.18652448058128357,0.20000000298023224,0.5555140972137451,0.6000000238418579,0.18018262088298798,0.20000000298023224,frozen_mlp_surrogate_adjoint,450,450,450,500,18.05563235282898,18.05563235282898,0.040123627450731066
110,168.31085205078125,78.32255554199219,104.82732391357422,128.3225555419922,0.6661269068717957,0.3146786689758301,0.19342757761478424,0.3146786689758301,0.3146786689758301,0.9222362041473389,T020_060_020,0.0003131560224574059,1.0795622984005604e-05,0.006047207862138748,1.0795622984005604e-05,0.05,168,50074,0.018334107688666338,0.18652775883674622,0.20000000298023224,0.5555459260940552,0.6000000238418579,0.18016253411769867,0.20000000298023224,frozen_mlp_surrogate_adjoint,450,450,450,500,18.05563235282898,18.05563235282898,0.040123627450731066
111,168.3048095703125,78.3206787109375,104.82003784179688,128.3206787109375,0.6660820245742798,0.31465503573417664,0.19337332248687744,0.31465503573417664,0.31465503573417664,0.9222571849822998,T020_060_020,0.0003131563717033714,1.0959099199681077e-05,0.00604394543915987,1.0959099199681077e-05,0.05,47,50436,0.008331791908772233,0.18652182817459106,0.20000000298023224,0.5556004643440247,0.6000000238418579,0.18013489246368408,0.20000000298023224,frozen_mlp_surrogate_adjoint,450,450,450,500,18.05563235282898,18.05563235282898,0.040123627450731066
112,168.30960083007812,78.32221984863281,104.8245849609375,128.3222198486328,0.6661176085472107,0.3146744966506958,0.19340717792510986,0.3146744966506958,0.3146744966506958,0.9222443103790283,T020_060_020,0.0003131573903374374,1.0860018846869934e-05,0.006045947317034006,1.0860018846869934e-05,0.05,147,50689,0.01694559280328132,0.18653081357479095,0.20000000298023224,0.5555620193481445,0.6000000238418579,0.18015143275260925,0.20000000298023224,frozen_mlp_surrogate_adjoint,450,450,450,500,18.05563235282898,18.05563235282898,0.040123627450731066
113,168.30514526367188,78.32000732421875,104.81998443603516,128.32000732421875,0.6660845279693604,0.31464657187461853,0.1933729201555252,0.31464657187461853,0.31464657187461853,0.9222643375396729,T020_060_020,0.00031315936939790845,1.1017706128768623e-05,0.006042833440005779,1.1017706128768623e-05,0.05,6,50394,0.0023031523388027,0.18650764226913452,0.20000000298023224,0.5556312799453735,0.6000000238418579,0.1801254153251648,0.20000000298023224,frozen_mlp_surrogate_adjoint,450,450,450,500,18.05563235282898,18.05563235282898,0.040123627450731066
114,168.2988739013672,78.32198333740234,104.8201904296875,128.32199096679688,0.6660377979278564,0.31467151641845703,0.19337446987628937,0.31467151641845703,0.31467151641845703,0.9222234487533569,T020_060_020,0.00031315957312472165,1.0699965969251934e-05,0.0060491920448839664,1.0699965969251934e-05,0.05,2,50086,0.001661919214114872,0.18656060099601746,0.20000000298023224,0.5554842948913574,0.6000000238418579,0.18017850816249847,0.20000000298023224,frozen_mlp_surrogate_adjoint,450,450,450,500,18.05563235282898,18.05563235282898,0.040123627450731066
115,168.30323791503906,78.32244110107422,104.8250732421875,128.32244873046875,0.666070282459259,0.31467729806900024,0.19341082870960236,0.31467729806900024,0.31467729806900024,0.9222171902656555,T020_060_020,0.000313159660436213,1.0651382581272628e-05,0.00605016527697444,1.0651382581272628e-05,0.05,154,50722,0.01729544998654303,0.18654853105545044,0.20000000298023224,0.5554816126823425,0.6000000238418579,0.18018703162670135,0.20000000298023224,frozen_mlp_surrogate_adjoint,450,450,450,500,18.05563235282898,18.05563235282898,0.040123627450731066
116,168.29971313476562,78.32526397705078,104.81797790527344,128.32525634765625,0.6660439968109131,0.31471291184425354,0.19335798919200897,0.31471291184425354,0.31471291184425354,0.9222062826156616,T020_060_020,0.0003131658595521003,1.0572733117442112e-05,0.006051862612366676,1.0572733117442112e-05,0.05,1,50383,0.001442043960444373,0.18663161993026733,0.20000000298023224,0.5553733110427856,0.6000000238418579,0.18020133674144745,0.20000000298023224,frozen_mlp_surrogate_adjoint,450,450,450,500,18.05563235282898,18.05563235282898,0.040123627450731066
117,168.30853271484375,78.31695556640625,104.82867431640625,128.31695556640625,0.6661096811294556,0.31460797786712646,0.1934376358985901,0.31460797786712646,0.31460797786712646,0.922271728515625,T020_060_020,0.00031317639513872564,1.1092158274550457e-05,0.006041684187948704,1.1092158274550457e-05,0.05,12,50370,0.004219145664654014,0.18641585111618042,0.20000000298023224,0.5557388663291931,0.6000000238418579,0.18011701107025146,0.20000000298023224,frozen_mlp_surrogate_adjoint,450,450,450,500,18.05563235282898,18.05563235282898,0.040123627450731066
118,168.2985382080078,78.32352447509766,104.79432678222656,128.32351684570312,0.6660352945327759,0.3146909475326538,0.19318188726902008,0.3146909475326538,0.3146909475326538,0.9222999811172485,T020_060_020,0.00031318896799348295,1.13243086161674e-05,0.006037293002009392,1.13243086161674e-05,0.05,404,50164,0.04549153286765061,0.18665893375873566,0.20000000298023224,0.5555703639984131,0.6000000238418579,0.18007072806358337,0.20000000298023224,frozen_mlp_surrogate_adjoint,450,450,450,500,18.05563235282898,18.05563235282898,0.040123627450731066
119,168.2921142578125,78.32768249511719,104.75782775878906,128.3276824951172,0.6659873723983765,0.3147434890270233,0.19291013479232788,0.3147434890270233,0.3147434890270233,0.9223686456680298,T020_060_020,0.0003132678393740207,1.1936463124584407e-05,0.006026627030223608,1.1936463124584407e-05,0.05,148,50714,0.01701727297655907,0.18685075640678406,0.20000000298023224,0.5555485486984253,0.6000000238418579,0.17996934056282043,0.20000000298023224,frozen_mlp_surrogate_adjoint,450,450,450,500,18.05563235282898,18.05563235282898,0.040123627450731066
120,168.29139709472656,78.32823944091797,104.74996948242188,128.3282470703125,0.6659821271896362,0.31475046277046204,0.19285163283348083,0.31475046277046204,0.31475046277046204,0.9223887920379639,T020_060_020,0.00031328899785876274,1.2114004675822798e-05,0.006023499649018049,1.2114004675822798e-05,0.05,280,50497,0.028848342091968633,0.1868835985660553,0.20000000298023224,0.5555648803710938,0.6000000238418579,0.1799403429031372,0.20000000298023224,frozen_mlp_surrogate_adjoint,450,450,450,500,18.05563235282898,18.05563235282898,0.040123627450731066
121,168.2967987060547,78.33010864257812,104.7517318725586,128.33010864257812,0.6660223007202148,0.3147740364074707,0.19286474585533142,0.3147740364074707,0.3147740364074707,0.9223858118057251,T020_060_020,0.0003132937999907881,1.209570746141253e-05,0.006023962050676346,1.209570746141253e-05,0.05,145,50286,0.016852786043477754,0.18690520524978638,0.20000000298023224,0.5555363297462463,0.6000000238418579,0.17994424700737,0.20000000298023224,frozen_mlp_surrogate_adjoint,450,450,450,500,18.05563235282898,18.05563235282898,0.040123627450731066
122,167.27163696289062,78.14634704589844,104.22637176513672,128.14634704589844,0.6583889722824097,0.3124539256095886,0.18895290791988373,0.3124539256095886,0.3124539256095886,0.9214850664138794,T020_060_020,0.00031970598502084613,1.147621514974162e-05,0.006164595019072294,1.147621514974162e-05,0.05,243,50371,0.024372511528017872,0.18658724427223206,0.20000000298023224,0.5550144910812378,0.6000000238418579,0.17988336086273193,0.20000000298023224,frozen_mlp_surrogate_adjoint,450,450,450,500,18.05563235282898,18.05563235282898,0.040123627450731066
123,167.17352294921875,78.13478088378906,104.10044860839844,128.13478088378906,0.6576583385467529,0.31230780482292175,0.18801528215408325,0.31230780482292175,0.31230780482292175,0.9216147065162659,T020_060_020,0.00032050456502474844,1.3291860341269057e-05,0.006144254002720118,1.3291860341269057e-05,0.05,193,50361,0.02017967415622168,0.18687328696250916,0.20000000298023224,0.5551658868789673,0.6000000238418579,0.17957551777362823,0.20000000298023224,frozen_mlp_surrogate_adjoint,450,450,450,500,18.05563235282898,18.05563235282898,0.040123627450731066
124,166.2332763671875,77.97457885742188,103.58644104003906,127.97457885742188,0.6506572961807251,0.3102850914001465,0.18418797850608826,0.3102850914001465,0.3102850914001465,0.9209278225898743,T020_060_020,0.0003264841507188976,1.3863659660273697e-05,0.006252409424632788,1.3863659660273697e-05,0.05,352,50013,0.037279946935674435,0.18684010207653046,0.20000000298023224,0.5547439455986023,0.6000000238418579,0.17934374511241913,0.20000000298023224,frozen_mlp_surrogate_adjoint,450,450,450,500,18.05563235282898,18.05563235282898,0.040123627450731066
125,165.7489013671875,77.88243103027344,103.53692626953125,127.88243103027344,0.647050678730011,0.30912160873413086,0.1838192641735077,0.30912160873413086,0.30912160873413086,0.9202159643173218,T020_060_020,0.00032895797630771995,1.0683356777008157e-05,0.006365492474287748,1.0683356777008157e-05,0.05,309,50490,0.031822664698431584,0.18613329529762268,0.20000000298023224,0.5542928576469421,0.6000000238418579,0.17978975176811218,0.20000000298023224,frozen_mlp_surrogate_adjoint,450,450,450,500,18.05563235282898,18.05563235282898,0.040123627450731066
126,165.482177734375,77.84033203125,103.49188232421875,127.84033203125,0.6450645327568054,0.3085900843143463,0.18348389863967896,0.3085900843143463,0.3085900843143463,0.9200096130371094,T020_060_020,0.00033035193337127566,1.0428792847960722e-05,0.006398462224751711,1.0428792847960722e-05,0.05,395,50034,0.04390764063321991,0.18607890605926514,0.20000000298023224,0.5541303753852844,0.6000000238418579,0.17980031669139862,0.20000000298023224,frozen_mlp_surrogate_adjoint,450,450,450,500,18.05563235282898,18.05563235282898,0.040123627450731066
127,165.31907653808594,77.81261444091797,103.46875,127.81261444091797,0.6438501477241516,0.3082400858402252,0.18331164121627808,0.3082400858402252,0.3082400858402252,0.9198892116546631,T020_060_020,0.0003312129119876772,1.0325970833946485e-05,0.006417738273739815,1.0325970833946485e-05,0.05,319,50477,0.03310310097653805,0.1859925091266632,0.20000000298023224,0.55409836769104,0.6000000238418579,0.17979836463928223,0.20000000298023224,frozen_mlp_surrogate_adjoint,450,450,450,500,18.05563235282898,18.05563235282898,0.040123627450731066
128,165.20184326171875,77.79585266113281,103.41415405273438,127.79585266113281,0.6429771780967712,0.3080283999443054,0.18290510773658752,0.3080283999443054,0.3080283999443054,0.9198901653289795,T020_060_020,0.00033184708445332944,1.0967819434881676e-05,0.006417585536837578,1.0967819434881676e-05,0.05,354,50245,0.03730218716070409,0.1860964149236679,0.20000000298023224,0.5541238784790039,0.6000000238418579,0.17966985702514648,0.20000000298023224,frozen_mlp_surrogate_adjoint,450,450,450,500,18.05563235282898,18.05563235282898,0.040123627450731066
129,165.18283081054688,77.78849029541016,103.45829772949219,127.78849029541016,0.6428357362747192,0.3079354763031006,0.1832338273525238,0.3079354763031006,0.3079354763031006,0.9197701215744019,T020_060_020,0.00033194199204444885,1.010032428894192e-05,0.006436833180487156,1.010032428894192e-05,0.05,423,50060,0.049162296822398324,0.18587693572044373,0.20000000298023224,0.5540698170661926,0.6000000238418579,0.1798233687877655,0.20000000298023224,frozen_mlp_surrogate_adjoint,450,450,450,500,18.05563235282898,18.05563235282898,0.040123627450731066
130,164.19082641601562,77.63493347167969,103.16746520996094,127.63493347167969,0.6354491710662842,0.3059965968132019,0.18106825649738312,0.3059965968132019,0.3059965968132019,0.9193616509437561,T020_060_020,0.00033727395930327475,1.214679559780052e-05,0.006502543110400438,1.214679559780052e-05,0.05,403,18,0.045372273480955815,0.18605835735797882,0.20000000298023224,0.553961455821991,0.6000000238418579,0.1793418526649475,0.20000000298023224,frozen_mlp_surrogate_adjoint,450,450,450,500,18.05563235282898,18.05563235282898,0.040123627450731066
131,164.10125732421875,77.61984252929688,103.22001647949219,127.61984252929688,0.6347821950912476,0.30580613017082214,0.18145954608917236,0.30580613017082214,0.30580613017082214,0.9190973043441772,T020_060_020,0.0003376488166395575,1.0386523172201123e-05,0.006545246113091707,1.0386523172201123e-05,0.05,356,50375,0.03773575218185014,0.18583577871322632,0.20000000298023224,0.5536301136016846,0.6000000238418579,0.17963138222694397,0.20000000298023224,frozen_mlp_surrogate_adjoint,450,450,450,500,18.05563235282898,18.05563235282898,0.040123627450731066
132,163.91519165039062,77.59014892578125,103.18814086914062,127.59014892578125,0.6333968043327332,0.30543118715286255,0.18122221529483795,0.30543118715286255,0.30543118715286255,0.9189598560333252,T020_060_020,0.00033863753196783364,1.0262297109875362e-05,0.006567504722625017,1.0262297109875362e-05,0.05,396,50166,0.043914293128938665,0.18579024076461792,0.20000000298023224,0.5535398125648499,0.6000000238418579,0.17962978780269623,0.20000000298023224,frozen_mlp_surrogate_adjoint,450,450,450,500,18.05563235282898,18.05563235282898,0.040123627450731066
133,163.46624755859375,77.52389526367188,102.99391174316406,127.52389526367188,0.6300539970397949,0.30459457635879517,0.17977596819400787,0.30459457635879517,0.30459457635879517,0.9189362525939941,T020_060_020,0.00034115323796868324,1.2586669072334189e-05,0.006571331061422825,1.2586669072334189e-05,0.05,325,50084,0.03362280590381051,0.1861070692539215,0.20000000298023224,0.5536524653434753,0.6000000238418579,0.1791766881942749,0.20000000298023224,frozen_mlp_surrogate_adjoint,450,450,450,500,18.05563235282898,18.05563235282898,0.040123627450731066
134,163.03836059570312,77.46409606933594,102.84374237060547,127.46409606933594,0.626867949962616,0.30383962392807007,0.17865781486034393,0.30383962392807007,0.30383962392807007,0.9187792539596558,T020_060_020,0.0003435976104810834,1.375712326989742e-05,0.006596809718757868,1.375712326989742e-05,0.05,294,50192,0.030104367359257544,0.18638013303279877,0.20000000298023224,0.5534560680389404,0.6000000238418579,0.17894305288791656,0.20000000298023224,frozen_mlp_surrogate_adjoint,450,450,450,500,18.05563235282898,18.05563235282898,0.040123627450731066
135,161.88198852539062,77.27748107910156,102.56906127929688,127.27748107910156,0.618257462978363,0.3014833927154541,0.1766124963760376,0.3014833927154541,0.3014833927154541,0.9181703925132751,T020_060_020,0.00035004306118935347,1.5238809282891452e-05,0.006696084514260292,1.5238809282891452e-05,0.05,120,50143,0.014531457928294671,0.1862664818763733,0.20000000298023224,0.5533374547958374,0.6000000238418579,0.17856645584106445,0.20000000298023224,frozen_mlp_surrogate_adjoint,450,450,450,500,18.05563235282898,18.05563235282898,0.040123627450731066
136,160.9126739501953,77.1298828125,102.23042297363281,127.1298828125,0.6110399961471558,0.29961976408958435,0.17409102618694305,0.29961976408958435,0.29961976408958435,0.9179060459136963,T020_060_020,0.0003563153150025755,1.93444484466454e-05,0.006739417091012001,1.93444484466454e-05,0.05,357,50056,0.037746570151988415,0.18663141131401062,0.20000000298023224,0.5533982515335083,0.6000000238418579,0.17787635326385498,0.20000000298023224,frozen_mlp_surrogate_adjoint,450,450,450,500,18.05563235282898,18.05563235282898,0.040123627450731066
137,160.57723999023438,77.0616455078125,102.19635009765625,127.0616455078125,0.6085423827171326,0.2987581789493561,0.1738373041152954,0.2987581789493561,0.2987581789493561,0.9176487326622009,T020_060_020,0.00035889368155039847,1.9807099306490272e-05,0.006781731266528368,1.9807099306490272e-05,0.05,224,50250,0.023048826888818853,0.1862049698829651,0.20000000298023224,0.5536845922470093,0.6000000238418579,0.17775915563106537,0.20000000298023224,frozen_mlp_surrogate_adjoint,450,450,450,500,18.05563235282898,18.05563235282898,0.040123627450731066
138,170.84095764160156,100.61248779296875,93.64820861816406,150.61248779296875,0.6849661469459534,0.5961173176765442,0.11018770188093185,0.5961173176765442,0.5961173176765442,0.9164509773254395,T020_060_020,0.0003694611368700862,2.0439169020392e-05,0.006980439182370901,2.0439169020392e-05,0.05,284,50358,0.029108495749391807,0.18849700689315796,0.20000000298023224,0.549594521522522,0.6000000238418579,0.17835943400859833,0.20000000298023224,frozen_mlp_surrogate_adjoint,450,450,450,500,18.05563235282898,18.05563235282898,0.040123627450731066
139,158.47994995117188,76.70578002929688,101.8157730102539,126.70578002929688,0.5929258465766907,0.29426494240760803,0.1710035502910614,0.29426494240760803,0.29426494240760803,0.9159927368164062,T020_060_020,0.0003746658912859857,2.180488627345767e-05,0.007057220209389925,2.180488627345767e-05,0.05,182,50537,0.01933019118965188,0.18538016080856323,0.20000000298023224,0.5533908605575562,0.6000000238418579,0.17722168564796448,0.20000000298023224,frozen_mlp_surrogate_adjoint,450,450,450,500,18.05563235282898,18.05563235282898,0.040123627450731066
140,156.00486755371094,76.2217788696289,103.35028839111328,126.2217788696289,0.5744963884353638,0.2881537675857544,0.18242955207824707,0.2881537675857544,0.2881537675857544,0.9036471843719482,T020_060_020,0.0004748743667732924,1.0681097592168953e-05,0.009283864870667458,1.0681097592168953e-05,0.05,124,50783,0.01506625231734065,0.17972321808338165,0.20000000298023224,0.5462019443511963,0.6000000238418579,0.1777220517396927,0.20000000298023224,frozen_mlp_surrogate_adjoint,450,450,450,500,18.05563235282898,18.05563235282898,0.040123627450731066
141,174.35394287109375,101.29318237304688,98.67119598388672,151.29318237304688,0.7111238837242126,0.6047119498252869,0.14758893847465515,0.6047119498252869,0.6047119498252869,0.8884984254837036,T020_060_020,0.0006696420023217797,4.8011959734139964e-05,0.012432601302862167,4.8011959734139964e-05,0.05,249,50197,0.02461782447403938,0.18278926610946655,0.20000000298023224,0.5366718769073486,0.6000000238418579,0.16903726756572723,0.20000000298023224,frozen_mlp_surrogate_adjoint,450,450,450,500,18.05563235282898,18.05563235282898,0.040123627450731066
142,174.31494140625,101.37919616699219,98.89105224609375,151.3791961669922,0.7108335494995117,0.6057978868484497,0.14922603964805603,0.6057978868484497,0.6057978868484497,0.8863532543182373,T020_060_020,0.0006800141418352723,3.423499583732337e-05,0.01291558239609003,3.423499583732337e-05,0.05,401,50317,0.04505481195691123,0.1808222085237503,0.20000000298023224,0.5355935096740723,0.6000000238418579,0.16993758082389832,0.20000000298023224,frozen_mlp_surrogate_adjoint,450,450,450,500,18.05563235282898,18.05563235282898,0.040123627450731066
143,174.459228515625,101.34107208251953,98.98519134521484,151.341064453125,0.7119079232215881,0.6053165793418884,0.14992696046829224,0.6053165793418884,0.6053165793418884,0.8863221406936646,T020_060_020,0.0006866182084195316,4.048538175993599e-05,0.012922655791044235,4.048538175993599e-05,0.05,239,50365,0.024065331177690406,0.18192905187606812,0.20000000298023224,0.5350633859634399,0.6000000238418579,0.1693297028541565,0.20000000298023224,frozen_mlp_surrogate_adjoint,450,450,450,500,18.05563235282898,18.05563235282898,0.040123627450731066
144,152.5906982421875,75.60204315185547,109.49031066894531,125.60204315185547,0.5490745306015015,0.2803288400173187,0.22814823687076569,0.2803288400173187,0.2803288400173187,0.8738003373146057,T020_060_020,0.0008018678054213524,5.550057267100783e-06,0.015926355496048927,5.550057267100783e-06,0.05,104,50291,0.01342907319753624,0.17275042831897736,0.20000000298023224,0.5234609246253967,0.6000000238418579,0.17758901417255402,0.20000000298023224,frozen_mlp_surrogate_adjoint,450,450,450,500,18.05563235282898,18.05563235282898,0.040123627450731066
145,176.28414916992188,101.9583740234375,102.92700958251953,151.9583740234375,0.7254962921142578,0.6131107807159424,0.17927782237529755,0.6131107807159424,0.6131107807159424,0.8688585758209229,T020_060_020,0.0008830542210489511,2.3150611013988964e-05,0.017198072746396065,2.3150611013988964e-05,0.05,209,50596,0.021821835677792296,0.17424370348453522,0.20000000298023224,0.5261828899383545,0.6000000238418579,0.16843196749687195,0.20000000298023224,frozen_mlp_surrogate_adjoint,450,450,450,500,18.05563235282898,18.05563235282898,0.040123627450731066
146,176.32229614257812,101.96791076660156,103.00334930419922,151.96791076660156,0.7257803082466125,0.6132311820983887,0.17984625697135925,0.6132311820983887,0.6132311820983887,0.8685450553894043,T020_060_020,0.0008866456337273121,2.2625530618824996e-05,0.017280401661992073,2.2625530618824996e-05,0.05,298,50037,0.0310732798390964,0.17416533827781677,0.20000000298023224,0.5259432792663574,0.6000000238418579,0.1684364378452301,0.20000000298023224,frozen_mlp_surrogate_adjoint,450,450,450,500,18.05563235282898,18.05563235282898,0.040123627450731066
147,176.51815795898438,101.95909118652344,103.19049835205078,151.95909118652344,0.727238655090332,0.613119900226593,0.1812397688627243,0.613119900226593,0.613119900226593,0.8683943748474121,T020_060_020,0.0008960544364526868,3.0052391593926586e-05,0.017320040613412857,3.0052391593926586e-05,0.05,131,50454,0.015524137597631974,0.17467239499092102,0.20000000298023224,0.5263064503669739,0.6000000238418579,0.16741546988487244,0.20000000298023224,frozen_mlp_surrogate_adjoint,450,450,450,500,18.05563235282898,18.05563235282898,0.040123627450731066
148,177.16134643554688,102.18992614746094,104.55814361572266,152.18992614746094,0.7320278882980347,0.6160344481468201,0.19142325222492218,0.6160344481468201,0.6160344481468201,0.863353967666626,T020_060_020,0.0009622920188121498,2.868507908715401e-05,0.018672138452529907,2.868507908715401e-05,0.05,336,50098,0.03498141498442326,0.17216141521930695,0.20000000298023224,0.5239130854606628,0.6000000238418579,0.16727949678897858,0.20000000298023224,frozen_mlp_surrogate_adjoint,450,450,450,500,18.05563235282898,18.05563235282898,0.040123627450731066
149,178.60891723632812,102.44061279296875,106.97136688232422,152.44061279296875,0.7428065538406372,0.6191996335983276,0.20939217507839203,0.6191996335983276,0.6191996335983276,0.8554054498672485,T020_060_020,0.001080853515304625,3.547432061168365e-05,0.020907584577798843,3.547432061168365e-05,0.05,375,50017,0.04091196143899477,0.17318040132522583,0.20000000298023224,0.518162727355957,0.6000000238418579,0.1640622913837433,0.20000000298023224,frozen_mlp_surrogate_adjoint,450,450,450,500,18.05563235282898,18.05563235282898,0.040123627450731066
150,179.04039001464844,102.38432312011719,107.38844299316406,152.3843231201172,0.7460193037986755,0.6184889674186707,0.21249771118164062,0.6184889674186707,0.6184889674186707,0.8549822568893433,T020_060_020,0.001097378903068602,4.58715767308604e-05,0.02103014662861824,4.58715767308604e-05,0.05,428,50508,0.04977344578292502,0.17523962259292603,0.20000000298023224,0.5169336199760437,0.6000000238418579,0.16280901432037354,0.20000000298023224,frozen_mlp_surrogate_adjoint,450,450,450,500,18.05563235282898,18.05563235282898,0.040123627450731066
151,179.06356811523438,102.38874816894531,107.42349243164062,152.3887481689453,0.7461918592453003,0.61854487657547,0.21275871992111206,0.61854487657547,0.61854487657547,0.8549870252609253,T020_060_020,0.001097597647458315,4.6159460907801986e-05,0.021028762683272362,4.6159460907801986e-05,0.05,378,50418,0.04146027948734447,0.17524656653404236,0.20000000298023224,0.5169563889503479,0.6000000238418579,0.16278411448001862,0.20000000298023224,frozen_mlp_surrogate_adjoint,450,450,450,500,18.05563235282898,18.05563235282898,0.040123627450731066
152,179.28866577148438,102.45062255859375,107.82403564453125,152.45062255859375,0.747868001461029,0.6193259954452515,0.21574115753173828,0.6193259954452515,0.6193259954452515,0.8547042012214661,T020_060_020,0.0010999846272170544,4.4441036152420565e-05,0.02111086994409561,4.4441036152420565e-05,0.05,364,50225,0.0387479844770786,0.17508059740066528,0.20000000298023224,0.5167396664619446,0.6000000238418579,0.1628839373588562,0.20000000298023224,frozen_mlp_surrogate_adjoint,450,450,450,500,18.05563235282898,18.05563235282898,0.040123627450731066
153,179.30540466308594,102.45936584472656,107.86363983154297,152.45936584472656,0.7479925751686096,0.6194364428520203,0.21603605151176453,0.6194364428520203,0.6194364428520203,0.8546397686004639,T020_060_020,0.0011002251412719488,4.374522904981859e-05,0.02112959697842598,4.374522904981859e-05,0.05,430,50205,0.05010909150858748,0.17500820755958557,0.20000000298023224,0.5166970491409302,0.6000000238418579,0.1629345566034317,0.20000000298023224,frozen_mlp_surrogate_adjoint,450,450,450,500,18.05563235282898,18.05563235282898,0.040123627450731066
154,179.59918212890625,102.51657104492188,108.32591247558594,152.51657104492188,0.7501800656318665,0.6201586723327637,0.21947813034057617,0.6201586723327637,0.6201586723327637,0.8545567989349365,T020_060_020,0.0011030234163627028,4.5337219489738345e-05,0.021153723821043968,4.5337219489738345e-05,0.05,383,50615,0.041889681421507896,0.17512056231498718,0.20000000298023224,0.5166605710983276,0.6000000238418579,0.16277562081813812,0.20000000298023224,frozen_mlp_surrogate_adjoint,450,450,450,500,18.05563235282898,18.05563235282898,0.040123627450731066
155,179.811279296875,102.55880737304688,108.66160583496094,152.55880737304688,0.75175940990448,0.6206920146942139,0.22197769582271576,0.6206920146942139,0.6206920146942139,0.8544896841049194,T020_060_020,0.0011050738394260406,4.6411179937422276e-05,0.021173251792788506,4.6411179937422276e-05,0.05,419,1,0.048174341254596104,0.17518731951713562,0.20000000298023224,0.516634464263916,0.6000000238418579,0.16266784071922302,0.20000000298023224,frozen_mlp_surrogate_adjoint,450,450,450,500,18.05563235282898,18.05563235282898,0.040123627450731066
156,179.915283203125,102.59086608886719,108.85389709472656,152.5908660888672,0.7525337934494019,0.6210967302322388,0.2234094887971878,0.6210967302322388,0.6210967302322388,0.8543313145637512,T020_060_020,0.0011062135454267263,4.524529504124075e-05,0.021219365298748016,4.524529504124075e-05,0.05,397,50344,0.04396448028090108,0.1750577688217163,0.20000000298023224,0.5165328979492188,0.6000000238418579,0.16274066269397736,0.20000000298023224,frozen_mlp_surrogate_adjoint,450,450,450,500,18.05563235282898,18.05563235282898,0.040123627450731066
157,179.92822265625,102.59095764160156,108.86853790283203,152.59095764160156,0.7526301741600037,0.621097981929779,0.22351853549480438,0.621097981929779,0.621097981929779,0.8543527722358704,T020_060_020,0.0011063080746680498,4.56523266620934e-05,0.021213114261627197,4.56523266620934e-05,0.05,289,50645,0.02964875484656444,0.17509786784648895,0.20000000298023224,0.5165462493896484,0.6000000238418579,0.16270865499973297,0.20000000298023224,frozen_mlp_surrogate_adjoint,450,450,450,500,18.05563235282898,18.05563235282898,0.040123627450731066
158,180.0389404296875,102.6207046508789,109.06285858154297,152.62069702148438,0.7534545660018921,0.6214735507965088,0.22496545314788818,0.6214735507965088,0.6214735507965088,0.8542299866676331,T020_060_020,0.0011074754875153303,4.503065792960115e-05,0.021248897537589073,4.503065792960115e-05,0.05,316,50114,0.032377409520992224,0.1750233769416809,0.20000000298023224,0.5164660215377808,0.6000000238418579,0.1627405732870102,0.20000000298023224,frozen_mlp_surrogate_adjoint,450,450,450,500,18.05563235282898,18.05563235282898,0.040123627450731066
159,180.12448120117188,102.63723754882812,109.19644165039062,152.63723754882812,0.7540914416313171,0.6216822862625122,0.2259601354598999,0.6216822862625122,0.6216822862625122,0.8542133569717407,T020_060_020,0.001108290976844728,4.560357774607837e-05,0.02125374600291252,4.560357774607837e-05,0.05,444,50130,0.054001287515390496,0.1750560700893402,0.20000000298023224,0.5164710283279419,0.6000000238418579,0.16268619894981384,0.20000000298023224,frozen_mlp_surrogate_adjoint,450,450,450,500,18.05563235282898,18.05563235282898,0.040123627450731066
160,160.48915100097656,75.19405364990234,133.70054626464844,125.19405364990234,0.6078864336013794,0.2751774489879608,0.40841802954673767,0.2751774489879608,0.2751774489879608,0.8423654437065125,T020_060_020,0.0012438524281606078,1.4198452618074953e-06,0.024848653003573418,1.4198452618074953e-06,0.05,393,135,0.04376063723669826,0.16717129945755005,0.20000000298023224,0.5065603256225586,0.6000000238418579,0.16863380372524261,0.20000000298023224,frozen_mlp_surrogate_adjoint,450,450,450,500,18.05563235282898,18.05563235282898,0.040123627450731066
161,160.48886108398438,75.19439697265625,133.69781494140625,125.19439697265625,0.6078842878341675,0.2751818299293518,0.40839770436286926,0.2751818299293518,0.2751818299293518,0.8423655033111572,T020_060_020,0.0012438533594831824,1.4216616364137735e-06,0.024848634377121925,1.4216616364137735e-06,0.05,42,50598,0.007717080716954566,0.16716928780078888,0.20000000298023224,0.5065593123435974,0.6000000238418579,0.16863691806793213,0.20000000298023224,frozen_mlp_surrogate_adjoint,450,450,450,500,18.05563235282898,18.05563235282898,0.040123627450731066
162,160.50750732421875,75.19154357910156,133.7396240234375,125.19154357910156,0.6080231070518494,0.2751457989215851,0.40870898962020874,0.2751457989215851,0.2751457989215851,0.8423652648925781,T020_060_020,0.001243854290805757,1.4188243540047552e-06,0.024848708882927895,1.4188243540047552e-06,0.05,14,50461,0.0047849479835695066,0.16717199981212616,0.20000000298023224,0.506560206413269,0.6000000238418579,0.16863301396369934,0.20000000298023224,frozen_mlp_surrogate_adjoint,450,450,450,500,18.05563235282898,18.05563235282898,0.040123627450731066
163,160.515625,75.19044494628906,133.75697326660156,125.19044494628906,0.6080835461616516,0.27513182163238525,0.4088382124900818,0.27513182163238525,0.27513182163238525,0.8423651456832886,T020_060_020,0.0012438546400517225,1.4172111377774854e-06,0.02484874799847603,1.4172111377774854e-06,0.05,49,50559,0.0084468785744644,0.16717278957366943,0.20000000298023224,0.5065596103668213,0.6000000238418579,0.16863271594047546,0.20000000298023224,frozen_mlp_surrogate_adjoint,450,450,450,500,18.05563235282898,18.05563235282898,0.040123627450731066
164,160.5313720703125,75.18854522705078,133.78858947753906,125.18854522705078,0.6082008481025696,0.27510786056518555,0.4090736508369446,0.27510786056518555,0.27510786056518555,0.8423652648925781,T020_060_020,0.0012438554549589753,1.4200314808476833e-06,0.024848708882927895,1.4200314808476833e-06,0.05,242,50659,0.024301183000982184,0.16717085242271423,0.20000000298023224,0.5065598487854004,0.6000000238418579,0.16863450407981873,0.20000000298023224,frozen_mlp_surrogate_adjoint,450,450,450,500,18.05563235282898,18.05563235282898,0.040123627450731066
165,160.59817504882812,75.1797103881836,133.92872619628906,125.1797103881836,0.608698308467865,0.2749963402748108,0.41011711955070496,0.2749963402748108,0.2749963402748108,0.8423648476600647,T020_060_020,0.0012438611593097448,1.4190732144925278e-06,0.02484884113073349,1.4190732144925278e-06,0.05,99,50159,0.012761664654707374,0.1671711653470993,0.20000000298023224,0.5065591335296631,0.6000000238418579,0.1686345338821411,0.20000000298023224,frozen_mlp_surrogate_adjoint,450,450,450,500,18.05563235282898,18.05563235282898,0.040123627450731066
166,160.677001953125,75.16920471191406,134.09454345703125,125.16920471191406,0.6092851161956787,0.27486371994018555,0.4113517105579376,0.27486371994018555,0.27486371994018555,0.842364490032196,T020_060_020,0.0012438662815839052,1.4184934116201475e-06,0.024848954752087593,1.4184934116201475e-06,0.05,172,50580,0.018555818905507605,0.1671716868877411,0.20000000298023224,0.5065591335296631,0.6000000238418579,0.1686336249113083,0.20000000298023224,frozen_mlp_surrogate_adjoint,450,450,450,500,18.05563235282898,18.05563235282898,0.040123627450731066
167,160.67568969726562,75.1693115234375,134.09213256835938,125.1693115234375,0.6092754602432251,0.2748650908470154,0.4113337993621826,0.2748650908470154,0.2748650908470154,0.8423645496368408,T020_060_020,0.0012438665144145489,1.4196670008459478e-06,0.0248489361256361,1.4196670008459478e-06,0.05,368,50545,0.03940740011529825,0.167171448469162,0.20000000298023224,0.5065600872039795,0.6000000238418579,0.16863295435905457,0.20000000298023224,frozen_mlp_surrogate_adjoint,450,450,450,500,18.05563235282898,18.05563235282898,0.040123627450731066
168,160.6881866455078,75.16766357421875,134.1184539794922,125.16766357421875,0.6093685030937195,0.2748441994190216,0.4115298390388489,0.2748441994190216,0.2748441994190216,0.8423644304275513,T020_060_020,0.0012438668636605144,1.418219198967563e-06,0.024848973378539085,1.418219198967563e-06,0.05,36,50367,0.00695125996524038,0.16717204451560974,0.20000000298023224,0.5065593719482422,0.6000000238418579,0.16863295435905457,0.20000000298023224,frozen_mlp_surrogate_adjoint,450,450,450,500,18.05563235282898,18.05563235282898,0.040123627450731066
169,160.677001953125,75.16914367675781,134.0948486328125,125.16914367675781,0.6092851161956787,0.27486297488212585,0.4113540053367615,0.27486297488212585,0.27486297488212585,0.842364490032196,T020_060_020,0.0012438672129064798,1.4194423556546099e-06,0.024848954752087593,1.4194423556546099e-06,0.05,321,50403,0.03317239113785389,0.16717153787612915,0.20000000298023224,0.5065599679946899,0.6000000238418579,0.16863298416137695,0.20000000298023224,frozen_mlp_surrogate_adjoint,450,450,450,500,18.05563235282898,18.05563235282898,0.040123627450731066
170,160.68978881835938,75.16739654541016,134.1220703125,125.16739654541016,0.6093803644180298,0.2748408615589142,0.41155678033828735,0.2748408615589142,0.2748408615589142,0.8423644304275513,T020_060_020,0.0012438676785677671,1.4190087540555396e-06,0.024848973378539085,1.4190087540555396e-06,0.05,312,50214,0.03191499352157699,0.16717194020748138,0.20000000298023224,0.5065600872039795,0.6000000238418579,0.168632373213768,0.20000000298023224,frozen_mlp_surrogate_adjoint,450,450,450,500,18.05563235282898,18.05563235282898,0.040123627450731066
171,160.70318603515625,75.16573333740234,134.1495361328125,125.16573333740234,0.6094802021980286,0.27481985092163086,0.41176119446754456,0.27481985092163086,0.27481985092163086,0.8423643708229065,T020_060_020,0.0012438681442290545,1.418503416061867e-06,0.024848992004990578,1.418503416061867e-06,0.05,56,50091,0.009279003555204994,0.1671716868877411,0.20000000298023224,0.5065591335296631,0.6000000238418579,0.16863350570201874,0.20000000298023224,frozen_mlp_surrogate_adjoint,450,450,450,500,18.05563235282898,18.05563235282898,0.040123627450731066
172,160.69406127929688,75.16688537597656,134.13064575195312,125.16688537597656,0.6094121336936951,0.27483442425727844,0.411620557308197,0.27483442425727844,0.27483442425727844,0.8423644304275513,T020_060_020,0.0012438681442290545,1.419477030140115e-06,0.024848973378539085,1.419477030140115e-06,0.05,369,24,0.03945473214982358,0.16717153787612915,0.20000000298023224,0.5065599679946899,0.6000000238418579,0.16863293945789337,0.20000000298023224,frozen_mlp_surrogate_adjoint,450,450,450,500,18.05563235282898,18.05563235282898,0.040123627450731066
173,160.6967010498047,75.16659545898438,134.13587951660156,125.16659545898438,0.6094318628311157,0.27483072876930237,0.4116595983505249,0.27483072876930237,0.27483072876930237,0.8423643708229065,T020_060_020,0.001243868377059698,1.418768079020083e-06,0.024848992004990578,1.418768079020083e-06,0.05,106,50292,0.01356772162503381,0.16717156767845154,0.20000000298023224,0.5065592527389526,0.6000000238418579,0.16863353550434113,0.20000000298023224,frozen_mlp_surrogate_adjoint,450,450,450,500,18.05563235282898,18.05563235282898,0.040123627450731066
174,160.69778442382812,75.1666259765625,134.1368865966797,125.1666259765625,0.6094399094581604,0.274831086397171,0.4116670489311218,0.274831086397171,0.274831086397171,0.842364490032196,T020_060_020,0.0012438686098903418,1.42088140364649e-06,0.024848954752087593,1.42088140364649e-06,0.05,196,50116,0.02089370298417026,0.16717001795768738,0.20000000298023224,0.5065592527389526,0.6000000238418579,0.16863518953323364,0.20000000298023224,frozen_mlp_surrogate_adjoint,450,450,450,500,18.05563235282898,18.05563235282898,0.040123627450731066
175,160.71768188476562,75.16393280029297,134.17904663085938,125.16393280029297,0.6095881462097168,0.27479711174964905,0.4119809865951538,0.27479711174964905,0.27479711174964905,0.8423644304275513,T020_060_020,0.0012438689591363072,1.4202520333128632e-06,0.024848973378539085,1.4202520333128632e-06,0.05,394,50004,0.0438447210482856,0.16717049479484558,0.20000000298023224,0.5065592527389526,0.6000000238418579,0.16863462328910828,0.20000000298023224,frozen_mlp_surrogate_adjoint,450,450,450,500,18.05563235282898,18.05563235282898,0.040123627450731066
176,160.7109375,75.16470336914062,134.16583251953125,125.16470336914062,0.6095379590988159,0.27480679750442505,0.4118826389312744,0.27480679750442505,0.27480679750442505,0.8423643112182617,T020_060_020,0.001243869075551629,1.4185015970724635e-06,0.02484901063144207,1.4185015970724635e-06,0.05,87,50662,0.012141980549756667,0.16717171669006348,0.20000000298023224,0.5065591335296631,0.6000000238418579,0.16863343119621277,0.20000000298023224,frozen_mlp_surrogate_adjoint,450,450,450,500,18.05563235282898,18.05563235282898,0.040123627450731066
177,160.71316528320312,75.16439056396484,134.17056274414062,125.16439056396484,0.6095544695854187,0.27480289340019226,0.4119178354740143,0.27480289340019226,0.27480289340019226,0.8423643112182617,T020_060_020,0.0012438695412129164,1.4190303545547067e-06,0.02484901063144207,1.4190303545547067e-06,0.05,139,106,0.016405930412637028,0.16717156767845154,0.20000000298023224,0.5065594911575317,0.6000000238418579,0.16863322257995605,0.20000000298023224,frozen_mlp_surrogate_adjoint,450,450,450,500,18.05563235282898,18.05563235282898,0.040123627450731066
178,160.7283477783203,75.16231536865234,134.20281982421875,125.16231536865234,0.6096675395965576,0.27477672696113586,0.41215795278549194,0.27477672696113586,0.27477672696113586,0.8423642516136169,T020_060_020,0.001243870472535491,1.4190096635502414e-06,0.024849029257893562,1.4190096635502414e-06,0.05,62,50609,0.009739073784869105,0.16717183589935303,0.20000000298023224,0.5065598487854004,0.6000000238418579,0.16863255202770233,0.20000000298023224,frozen_mlp_surrogate_adjoint,450,450,450,500,18.05563235282898,18.05563235282898,0.040123627450731066
179,160.75106811523438,75.1593017578125,134.2506103515625,125.1593017578125,0.6098366379737854,0.2747386693954468,0.4125138223171234,0.2747386693954468,0.2747386693954468,0.8423640727996826,T020_060_020,0.001243871869519353,1.4176374634189415e-06,0.02484908513724804,1.4176374634189415e-06,0.05,50,50397,0.00866965671098514,0.1671724021434784,0.20000000298023224,0.5065591335296631,0.6000000238418579,0.16863247752189636,0.20000000298023224,frozen_mlp_surrogate_adjoint,450,450,450,500,18.05563235282898,18.05563235282898,0.040123627450731066
180,160.76397705078125,75.15758514404297,134.2776336669922,125.15758514404297,0.6099327802658081,0.27471694350242615,0.4127151072025299,0.27471694350242615,0.27471694350242615,0.8423640727996826,T020_060_020,0.0012438734993338585,1.419187469764438e-06,0.02484908513724804,1.419187469764438e-06,0.05,334,50064,0.034658974896337416,0.16717180609703064,0.20000000298023224,0.5065599679946899,0.6000000238418579,0.16863226890563965,0.20000000298023224,frozen_mlp_surrogate_adjoint,450,450,450,500,18.05563235282898,18.05563235282898,0.040123627450731066
181,160.77517700195312,75.15630340576172,134.29977416992188,125.15630340576172,0.6100161671638489,0.274700790643692,0.4128798842430115,0.274700790643692,0.274700790643692,0.8423640727996826,T020_060_020,0.0012438740814104676,1.4198432154444163e-06,0.02484908513724804,1.4198432154444163e-06,0.05,234,50528,0.024004762436633242,0.1671706885099411,0.20000000298023224,0.5065590143203735,0.6000000238418579,0.1686343401670456,0.20000000298023224,frozen_mlp_surrogate_adjoint,450,450,450,500,18.05563235282898,18.05563235282898,0.040123627450731066
182,160.8032684326172,75.15254974365234,134.35897827148438,125.15254974365234,0.6102253794670105,0.2746534049510956,0.4133208096027374,0.2746534049510956,0.2746534049510956,0.8423638939857483,T020_060_020,0.0012438760604709387,1.4189490684657358e-06,0.024849141016602516,1.4189490684657358e-06,0.05,58,50019,0.009336632037485176,0.1671711653470993,0.20000000298023224,0.5065587162971497,0.6000000238418579,0.16863398253917694,0.20000000298023224,frozen_mlp_surrogate_adjoint,450,450,450,500,18.05563235282898,18.05563235282898,0.040123627450731066
183,160.81561279296875,75.15090942382812,134.38485717773438,125.15090942382812,0.6103173494338989,0.2746327221393585,0.4135134220123291,0.2746327221393585,0.2746327221393585,0.8423638939857483,T020_060_020,0.0012438768753781915,1.419800014446082e-06,0.024849141016602516,1.419800014446082e-06,0.05,95,50629,0.012522109870473686,0.16717085242271423,0.20000000298023224,0.5065591335296631,0.6000000238418579,0.1686338633298874,0.20000000298023224,frozen_mlp_surrogate_adjoint,450,450,450,500,18.05563235282898,18.05563235282898,0.040123627450731066
184,160.825927734375,75.14956665039062,134.40635681152344,125.14956665039062,0.6103940606117249,0.2746157646179199,0.4136735796928406,0.2746157646179199,0.2746157646179199,0.8423638343811035,T020_060_020,0.0012438774574548006,1.4193366268955288e-06,0.024849161505699158,1.4193366268955288e-06,0.05,75,93,0.011147049406968675,0.1671709418296814,0.20000000298023224,0.5065587759017944,0.6000000238418579,0.1686340868473053,0.20000000298023224,frozen_mlp_surrogate_adjoint,450,450,450,500,18.05563235282898,18.05563235282898,0.040123627450731066
185,160.84487915039062,75.14700317382812,134.44650268554688,125.14700317382812,0.6105351448059082,0.2745833396911621,0.4139724671840668,0.2745833396911621,0.2745833396911621,0.842363715171814,T020_060_020,0.001243879203684628,1.419209525010956e-06,0.024849198758602142,1.419209525010956e-06,0.05,261,50111,0.025683043652108755,0.16717121005058289,0.20000000298023224,0.5065590143203735,0.6000000238418579,0.16863343119621277,0.20000000298023224,frozen_mlp_surrogate_adjoint,450,450,450,500,18.05563235282898,18.05563235282898,0.040123627450731066
186,160.92039489746094,75.13712310791016,134.60403442382812,125.13712310791016,0.611097514629364,0.2744585871696472,0.41514551639556885,0.2744585871696472,0.2744585871696472,0.8423634767532349,T020_060_020,0.001243884558789432,1.4208899301593192e-06,0.02484927326440811,1.4208899301593192e-06,0.05,429,50730,0.05003289159656508,0.16717004776000977,0.20000000298023224,0.5065590143203735,0.6000000238418579,0.16863438487052917,0.20000000298023224,frozen_mlp_surrogate_adjoint,450,450,450,500,18.05563235282898,18.05563235282898,0.040123627450731066
187,160.96261596679688,75.13140106201172,134.69363403320312,125.13140106201172,0.6114119291305542,0.27438637614250183,0.41581258177757263,0.27438637614250183,0.27438637614250183,0.8423631191253662,T020_060_020,0.0012438878184184432,1.4183752909957548e-06,0.024849386885762215,1.4183752909957548e-06,0.05,10,50518,0.003712672650289073,0.16717156767845154,0.20000000298023224,0.5065584182739258,0.6000000238418579,0.16863307356834412,0.20000000298023224,frozen_mlp_surrogate_adjoint,450,450,450,500,18.05563235282898,18.05563235282898,0.040123627450731066
188,161.01983642578125,75.12361907958984,134.8150634765625,125.12361907958984,0.6118379831314087,0.2742881178855896,0.4167167544364929,0.2742881178855896,0.2742881178855896,0.8423627614974976,T020_060_020,0.0012438924750313163,1.4174698890201398e-06,0.02484949864447117,1.4174698890201398e-06,0.05,353,50632,0.03728779630572476,0.16717275977134705,0.20000000298023224,0.5065591335296631,0.6000000238418579,0.16863082349300385,0.20000000298023224,frozen_mlp_surrogate_adjoint,450,450,450,500,18.05563235282898,18.05563235282898,0.040123627450731066
189,161.021728515625,75.12367248535156,134.81683349609375,125.12367248535156,0.6118519902229309,0.2742888331413269,0.41672998666763306,0.2742888331413269,0.2742888331413269,0.8423629403114319,T020_060_020,0.0012438924750313163,1.420258627149451e-06,0.02484944276511669,1.420258627149451e-06,0.05,324,50270,0.033483421162012195,0.16717040538787842,0.20000000298023224,0.5065586566925049,0.6000000238418579,0.1686338633298874,0.20000000298023224,frozen_mlp_surrogate_adjoint,450,450,450,500,18.05563235282898,18.05563235282898,0.040123627450731066
190,161.0218505859375,75.1236343383789,134.8173065185547,125.1236343383789,0.6118529438972473,0.2742883265018463,0.4167335033416748,0.2742883265018463,0.2742883265018463,0.8423628807067871,T020_060_020,0.001243892591446638,1.4194179129844997e-06,0.024849461391568184,1.4194179129844997e-06,0.05,258,50814,0.02528775103690782,0.16717079281806946,0.20000000298023224,0.506558358669281,0.6000000238418579,0.16863366961479187,0.20000000298023224,frozen_mlp_surrogate_adjoint,450,450,450,500,18.05563235282898,18.05563235282898,0.040123627450731066
191,161.03707885742188,75.12147521972656,134.85023498535156,125.12147521972656,0.6119662523269653,0.2742610275745392,0.416978657245636,0.2742610275745392,0.2742610275745392,0.8423627614974976,T020_060_020,0.0012438937555998564,1.418714532519516e-06,0.02484949864447117,1.418714532519516e-06,0.05,166,50170,0.01821092884909633,0.1671716868877411,0.20000000298023224,0.506558895111084,0.6000000238418579,0.1686321347951889,0.20000000298023224,frozen_mlp_surrogate_adjoint,450,450,450,500,18.05563235282898,18.05563235282898,0.040123627450731066
192,161.03065490722656,75.12239074707031,134.8363037109375,125.12239074707031,0.6119185090065002,0.2742726504802704,0.4168749451637268,0.2742726504802704,0.2742726504802704,0.8423627614974976,T020_060_020,0.0012438938720151782,1.4188976820150856e-06,0.02484949864447117,1.4188976820150856e-06,0.05,276,50299,0.028050840182457785,0.16717131435871124,0.20000000298023224,0.5065585374832153,0.6000000238418579,0.1686328947544098,0.20000000298023224,frozen_mlp_surrogate_adjoint,450,450,450,500,18.05563235282898,18.05563235282898,0.040123627450731066
193,161.05386352539062,75.11930847167969,134.8850555419922,125.11930847167969,0.6120913624763489,0.27423369884490967,0.41723790764808655,0.27423369884490967,0.27423369884490967,0.8423627018928528,T020_060_020,0.0012438951525837183,1.4192673916113563e-06,0.02484951727092266,1.4192673916113563e-06,0.05,303,96,0.0313054549133877,0.16717123985290527,0.20000000298023224,0.5065587759017944,0.6000000238418579,0.16863268613815308,0.20000000298023224,frozen_mlp_surrogate_adjoint,450,450,450,500,18.05563235282898,18.05563235282898,0.040123627450731066
194,161.06515502929688,75.11790466308594,134.9081573486328,125.11790466308594,0.6121754050254822,0.2742159962654114,0.4174099266529083,0.2742159962654114,0.2742159962654114,0.842362642288208,T020_060_020,0.0012438958510756493,1.4190127330948599e-06,0.024849535897374153,1.4190127330948599e-06,0.05,161,50122,0.017734051880029106,0.1671709418296814,0.20000000298023224,0.5065580606460571,0.6000000238418579,0.16863363981246948,0.20000000298023224,frozen_mlp_surrogate_adjoint,450,450,450,500,18.05563235282898,18.05563235282898,0.040123627450731066
195,161.0743408203125,75.11661529541016,134.9278564453125,125.11661529541016,0.6122437119483948,0.2741996943950653,0.4175567030906677,0.2741996943950653,0.2741996943950653,0.8423625826835632,T020_060_020,0.0012438971316441894,1.4193742572388146e-06,0.024849554523825645,1.4193742572388146e-06,0.05,348,50216,0.03641325811753229,0.16717110574245453,0.20000000298023224,0.5065586566925049,0.6000000238418579,0.16863280534744263,0.20000000298023224,frozen_mlp_surrogate_adjoint,450,450,450,500,18.05563235282898,18.05563235282898,0.040123627450731066
196,161.08401489257812,75.11548614501953,134.94711303710938,125.11548614501953,0.612315833568573,0.274185448884964,0.41770002245903015,0.274185448884964,0.274185448884964,0.842362642288208,T020_060_020,0.0012438971316441894,1.4203229738996015e-06,0.024849535897374153,1.4203229738996015e-06,0.05,418,50396,0.048104834768806705,0.16717009246349335,0.20000000298023224,0.5065581798553467,0.6000000238418579,0.1686343252658844,0.20000000298023224,frozen_mlp_surrogate_adjoint,450,450,450,500,18.05563235282898,18.05563235282898,0.040123627450731066
197,161.0949249267578,75.11390686035156,134.97096252441406,125.11390686035156,0.6123970746994019,0.27416545152664185,0.4178776443004608,0.27416545152664185,0.27416545152664185,0.8423625230789185,T020_060_020,0.001243898062966764,1.4193429933584412e-06,0.024849575012922287,1.4193429933584412e-06,0.05,257,50802,0.025273210152733833,0.16717104613780975,0.20000000298023224,0.5065585374832153,0.6000000238418579,0.1686328947544098,0.20000000298023224,frozen_mlp_surrogate_adjoint,450,450,450,500,18.05563235282898,18.05563235282898,0.040123627450731066
198,161.10980224609375,75.11211395263672,135.00094604492188,125.11211395263672,0.6125078797340393,0.2741428315639496,0.41810092329978943,0.2741428315639496,0.2741428315639496,0.8423625230789185,T020_060_020,0.0012438991107046604,1.4204262015482527e-06,0.024849575012922287,1.4204262015482527e-06,0.05,372,50711,0.040529667767499146,0.16716985404491425,0.20000000298023224,0.5065579414367676,0.6000000238418579,0.16863468289375305,0.20000000298023224,frozen_mlp_surrogate_adjoint,450,450,450,500,18.05563235282898,18.05563235282898,0.040123627450731066
199,161.1219940185547,75.11028289794922,135.028076171875,125.11028289794922,0.6125985980033875,0.27411970496177673,0.41830286383628845,0.27411970496177673,0.27411970496177673,0.8423623442649841,T020_060_020,0.001243900042027235,1.4184961401042528e-06,0.024849630892276764,1.4184961401042528e-06,0.05,173,50777,0.01861605764944868,0.16717156767845154,0.20000000298023224,0.5065582990646362,0.6000000238418579,0.16863243281841278,0.20000000298023224,frozen_mlp_surrogate_adjoint,450,450,450,500,18.05563235282898,18.05563235282898,0.040123627450731066
200,161.14938354492188,75.10675811767578,135.0847930908203,125.10675811767578,0.6128025650978088,0.2740752398967743,0.4187251925468445,0.2740752398967743,0.2740752398967743,0.8423622846603394,T020_060_020,0.0012439019046723843,1.419429622728785e-06,0.024849649518728256,1.419429622728785e-06,0.05,432,50731,0.05056997130149136,0.16717073321342468,0.20000000298023224,0.5065580606460571,0.6000000238418579,0.16863343119621277,0.20000000298023224,frozen_mlp_surrogate_adjoint,450,450,450,500,18.05563235282898,18.05563235282898,0.040123627450731066
201,161.15255737304688,75.10621643066406,135.09228515625,125.10621643066406,0.6128261089324951,0.2740684151649475,0.418781042098999,0.2740684151649475,0.2740684151649475,0.8423621654510498,T020_060_020,0.0012439023703336716,1.418103238393087e-06,0.02484968677163124,1.418103238393087e-06,0.05,206,50014,0.021687711538444704,0.16717174649238586,0.20000000298023224,0.5065581202507019,0.6000000238418579,0.16863223910331726,0.20000000298023224,frozen_mlp_surrogate_adjoint,450,450,450,500,18.05563235282898,18.05563235282898,0.040123627450731066
202,161.16067504882812,75.10491943359375,135.1107635498047,125.10491943359375,0.6128866076469421,0.2740519642829895,0.4189186096191406,0.2740519642829895,0.2740519642829895,0.8423621654510498,T020_060_020,0.0012439028359949589,1.4184896599545027e-06,0.02484968677163124,1.4184896599545027e-06,0.05,413,50303,0.047011030013084265,0.16717255115509033,0.20000000298023224,0.5065597295761108,0.6000000238418579,0.16862985491752625,0.20000000298023224,frozen_mlp_surrogate_adjoint,450,450,450,500,18.05563235282898,18.05563235282898,0.040123627450731066
203,161.18031311035156,75.10277557373047,135.14889526367188,125.10277557373047,0.613032877445221,0.27402496337890625,0.41920244693756104,0.27402496337890625,0.27402496337890625,0.8423621654510498,T020_060_020,0.0012439042329788208,1.419957698090002e-06,0.02484968677163124,1.419957698090002e-06,0.05,426,50459,0.04942386857951883,0.16717001795768738,0.20000000298023224,0.5065575838088989,0.6000000238418579,0.16863450407981873,0.20000000298023224,frozen_mlp_surrogate_adjoint,450,450,450,500,18.05563235282898,18.05563235282898,0.040123627450731066
204,161.17449951171875,75.10334777832031,135.1381072998047,125.10334777832031,0.612989604473114,0.2740321755409241,0.41912218928337097,0.2740321755409241,0.2740321755409241,0.8423620462417603,T020_060_020,0.0012439044658094645,1.4182629684000858e-06,0.024849724024534225,1.4182629684000858e-06,0.05,9,50743,0.003524708230221052,0.16717153787612915,0.20000000298023224,0.5065579414367676,0.6000000238418579,0.16863256692886353,0.20000000298023224,frozen_mlp_surrogate_adjoint,450,450,450,500,18.05563235282898,18.05563235282898,0.040123627450731066
205,161.189208984375,75.10128784179688,135.1697540283203,125.10128784179688,0.6130990982055664,0.2740061581134796,0.4193578362464905,0.2740061581134796,0.2740061581134796,0.8423619270324707,T020_060_020,0.001243905397132039,1.4173182307786192e-06,0.02484976127743721,1.4173182307786192e-06,0.05,180,50845,0.01921508922057902,0.167172372341156,0.20000000298023224,0.5065581202507019,0.6000000238418579,0.1686314046382904,0.20000000298023224,frozen_mlp_surrogate_adjoint,450,450,450,500,18.05563235282898,18.05563235282898,0.040123627450731066
206,161.18167114257812,75.10040283203125,135.1671600341797,125.10040283203125,0.6130430102348328,0.27399492263793945,0.41933849453926086,0.27399492263793945,0.27399492263793945,0.8423610329627991,T020_060_020,0.00124390609562397,1.403867827320937e-06,0.024850044399499893,1.403867827320937e-06,0.05,420,58,0.04835641802302856,0.16718575358390808,0.20000000298023224,0.5065628290176392,0.6000000238418579,0.16861242055892944,0.20000000298023224,frozen_mlp_surrogate_adjoint,450,450,450,500,18.05563235282898,18.05563235282898,0.040123627450731066
207,161.23228454589844,75.09574890136719,135.25900268554688,125.09574890136719,0.6134198307991028,0.2739362120628357,0.42002230882644653,0.2739362120628357,0.2739362120628357,0.8423618078231812,T020_060_020,0.0012439084239304066,1.4183673329171143e-06,0.024849800392985344,1.4183673329171143e-06,0.05,93,50421,0.012455834130806837,0.16717128455638885,0.20000000298023224,0.5065575838088989,0.6000000238418579,0.16863290965557098,0.20000000298023224,frozen_mlp_surrogate_adjoint,450,450,450,500,18.05563235282898,18.05563235282898,0.040123627450731066
208,161.23251342773438,75.09571838378906,135.25946044921875,125.09571838378906,0.6134215593338013,0.27393579483032227,0.42002570629119873,0.27393579483032227,0.27393579483032227,0.8423618078231812,T020_060_020,0.001243908773176372,1.4187417036737315e-06,0.024849800392985344,1.4187417036737315e-06,0.05,217,50054,0.022538123528383327,0.16717110574245453,0.20000000298023224,0.5065577626228333,0.6000000238418579,0.1686328947544098,0.20000000298023224,frozen_mlp_surrogate_adjoint,450,450,450,500,18.05563235282898,18.05563235282898,0.040123627450731066
209,161.23690795898438,75.09510803222656,135.26882934570312,125.09510803222656,0.6134542226791382,0.27392813563346863,0.4200955033302307,0.27392813563346863,0.27392813563346863,0.8423618078231812,T020_060_020,0.001243908773176372,1.418792521690193e-06,0.024849800392985344,1.418792521690193e-06,0.05,77,50567,0.011222167814429154,0.16717121005058289,0.20000000298023224,0.5065579414367676,0.6000000238418579,0.1686326116323471,0.20000000298023224,frozen_mlp_surrogate_adjoint,450,450,450,500,18.05563235282898,18.05563235282898,0.040123627450731066
210,161.23770141601562,75.09500885009766,135.2704620361328,125.09500885009766,0.613460123538971,0.27392685413360596,0.4201076924800873,0.27392685413360596,0.27392685413360596,0.8423618078231812,T020_060_020,0.001243908773176372,1.4187944543664344e-06,0.024849800392985344,1.4187944543664344e-06,0.05,121,50500,0.014728180363695826,0.16717121005058289,0.20000000298023224,0.5065579414367676,0.6000000238418579,0.1686326265335083,0.20000000298023224,frozen_mlp_surrogate_adjoint,450,450,450,500,18.05563235282898,18.05563235282898,0.040123627450731066
211,161.24227905273438,75.09439086914062,135.28012084960938,125.09439086914062,0.6134942173957825,0.27391907572746277,0.4201795756816864,0.27391907572746277,0.27391907572746277,0.8423618078231812,T020_060_020,0.0012439090060070157,1.4189348576110206e-06,0.024849800392985344,1.4189348576110206e-06,0.05,186,50132,0.01961183699605717,0.1671711653470993,0.20000000298023224,0.5065580606460571,0.6000000238418579,0.16863253712654114,0.20000000298023224,frozen_mlp_surrogate_adjoint,450,450,450,500,18.05563235282898,18.05563235282898,0.040123627450731066
212,161.2745361328125,75.090087890625,135.3480987548828,125.090087890625,0.6137344837188721,0.2738646864891052,0.4206857979297638,0.2738646864891052,0.2738646864891052,0.8423616290092468,T020_060_020,0.001243910868652165,1.4180900507199112e-06,0.02484985627233982,1.4180900507199112e-06,0.05,402,50389,0.04507721791798188,0.1671716868877411,0.20000000298023224,0.506557822227478,0.6000000238418579,0.16863209009170532,0.20000000298023224,frozen_mlp_surrogate_adjoint,450,450,450,500,18.05563235282898,18.05563235282898,0.040123627450731066
213,161.2686004638672,75.09090423583984,135.33535766601562,125.09090423583984,0.6136902570724487,0.27387502789497375,0.42059090733528137,0.27387502789497375,0.27387502789497375,0.8423616886138916,T020_060_020,0.0012439109850674868,1.4191273294272833e-06,0.02484983764588833,1.4191273294272833e-06,0.05,135,50708,0.015885614386627063,0.16717110574245453,0.20000000298023224,0.5065581202507019,0.6000000238418579,0.1686324179172516,0.20000000298023224,frozen_mlp_surrogate_adjoint,450,450,450,500,18.05563235282898,18.05563235282898,0.040123627450731066
214,160.577392578125,75.1603775024414,134.01528930664062,125.1603775024414,0.6085435152053833,0.2747522294521332,0.41076168417930603,0.2747522294521332,0.2747522294521332,0.8423743844032288,T020_060_020,0.0012439111014828086,1.6193549754461856e-06,0.02484583482146263,1.6193549754461856e-06,0.05,389,50505,0.04280543424274635,0.16720148921012878,0.20000000298023224,0.5067737102508545,0.6000000238418579,0.1683991551399231,0.20000000298023224,frozen_mlp_surrogate_adjoint,450,450,450,500,18.05563235282898,18.05563235282898,0.040123627450731066
215,161.26870727539062,75.0909194946289,135.33538818359375,125.0909194946289,0.6136910319328308,0.27387526631355286,0.42059117555618286,0.27387526631355286,0.27387526631355286,0.8423616290092468,T020_060_020,0.001243911450728774,1.4186401813276461e-06,0.02484985627233982,1.4186401813276461e-06,0.05,271,50719,0.027190523479232225,0.1671711504459381,0.20000000298023224,0.5065576434135437,0.6000000238418579,0.16863279044628143,0.20000000298023224,frozen_mlp_surrogate_adjoint,450,450,450,500,18.05563235282898,18.05563235282898,0.040123627450731066
216,161.2777099609375,75.0896987915039,135.35452270507812,125.0896987915039,0.6137581467628479,0.27385982871055603,0.4207335412502289,0.27385982871055603,0.27385982871055603,0.842361569404602,T020_060_020,0.0012439120328053832,1.418311057932442e-06,0.024849874898791313,1.418311057932442e-06,0.05,237,50360,0.024045592582147796,0.1671714037656784,0.20000000298023224,0.5065576434135437,0.6000000238418579,0.16863247752189636,0.20000000298023224,frozen_mlp_surrogate_adjoint,450,450,450,500,18.05563235282898,18.05563235282898,0.040123627450731066
217,161.27706909179688,75.08979797363281,135.35302734375,125.08979797363281,0.6137532591819763,0.2738611102104187,0.42072251439094543,0.2738611102104187,0.2738611102104187,0.842361569404602,T020_060_020,0.0012439122656360269,1.4185505960995215e-06,0.024849874898791313,1.4185505960995215e-06,0.05,216,50499,0.022403036868030458,0.16717126965522766,0.20000000298023224,0.5065577030181885,0.6000000238418579,0.1686325967311859,0.20000000298023224,frozen_mlp_surrogate_adjoint,450,450,450,500,18.05563235282898,18.05563235282898,0.040123627450731066
218,161.28128051757812,75.08907318115234,135.36312866210938,125.08907318115234,0.6137846112251282,0.2738519012928009,0.4207976162433624,0.2738519012928009,0.2738519012928009,0.8423614501953125,T020_060_020,0.0012439123820513487,1.4167197832648526e-06,0.024849912151694298,1.4167197832648526e-06,0.05,228,39,0.023528774946597854,0.16717271506786346,0.20000000298023224,0.506557822227478,0.6000000238418579,0.16863088309764862,0.20000000298023224,frozen_mlp_surrogate_adjoint,450,450,450,500,18.05563235282898,18.05563235282898,0.040123627450731066
219,161.29632568359375,75.08728790283203,135.39315795898438,125.08728790283203,0.6138966679573059,0.2738294005393982,0.42102131247520447,0.2738294005393982,0.2738294005393982,0.842361569404602,T020_060_020,0.0012439126148819923,1.4188661907610367e-06,0.024849874898791313,1.4188661907610367e-06,0.05,272,50099,0.02720785189652699,0.16717097163200378,0.20000000298023224,0.5065575838088989,0.6000000238418579,0.16863295435905457,0.20000000298023224,frozen_mlp_surrogate_adjoint,450,450,450,500,18.05563235282898,18.05563235282898,0.040123627450731066
220,161.2955322265625,75.08694458007812,135.39459228515625,125.08694458007812,0.6138908267021179,0.273825079202652,0.4210318922996521,0.273825079202652,0.273825079202652,0.842361330986023,T020_060_020,0.0012439137790352106,1.416313693880511e-06,0.024849949404597282,1.416313693880511e-06,0.05,143,50745,0.016672574568194803,0.167173832654953,0.20000000298023224,0.5065590143203735,0.6000000238418579,0.16862843930721283,0.20000000298023224,frozen_mlp_surrogate_adjoint,450,450,450,500,18.05563235282898,18.05563235282898,0.040123627450731066
221,161.322998046875,75.08365631103516,135.44979858398438,125.08365631103516,0.6140952110290527,0.27378353476524353,0.42144301533699036,0.27378353476524353,0.27378353476524353,0.8423613905906677,T020_060_020,0.0012439149431884289,1.4183883649820928e-06,0.02484993077814579,1.4183883649820928e-06,0.05,212,50837,0.02211281650322815,0.16717158257961273,0.20000000298023224,0.5065579414367676,0.6000000238418579,0.16863183677196503,0.20000000298023224,frozen_mlp_surrogate_adjoint,450,450,450,500,18.05563235282898,18.05563235282898,0.040123627450731066
222,161.3348388671875,75.08214569091797,135.4742431640625,125.08214569091797,0.6141834855079651,0.2737644910812378,0.4216249883174896,0.2737644910812378,0.2737644910812378,0.842361330986023,T020_060_020,0.001243916223756969,1.4187544365995564e-06,0.024849949404597282,1.4187544365995564e-06,0.05,233,50448,0.023917883977739196,0.1671711802482605,0.20000000298023224,0.5065577030181885,0.6000000238418579,0.1686324179172516,0.20000000298023224,frozen_mlp_surrogate_adjoint,450,450,450,500,18.05563235282898,18.05563235282898,0.040123627450731066
223,161.347412109375,75.08045196533203,135.5008544921875,125.08045196533203,0.6142771244049072,0.27374306321144104,0.4218231439590454,0.27374306321144104,0.27374306321144104,0.8423612713813782,T020_060_020,0.0012439168058335781,1.4184043948262115e-06,0.024849968031048775,1.4184043948262115e-06,0.05,240,50321,0.024206350571777398,0.167171448469162,0.20000000298023224,0.5065577030181885,0.6000000238418579,0.16863207519054413,0.20000000298023224,frozen_mlp_surrogate_adjoint,450,450,450,500,18.05563235282898,18.05563235282898,0.040123627450731066
224,161.34375,75.08079528808594,135.49415588378906,125.08079528808594,0.6142498850822449,0.27374735474586487,0.42177334427833557,0.27374735474586487,0.27374735474586487,0.8423612117767334,T020_060_020,0.0012439169222489,1.4175960814100108e-06,0.024849986657500267,1.4175960814100108e-06,0.05,268,50428,0.026652779159193212,0.167172372341156,0.20000000298023224,0.5065581798553467,0.6000000238418579,0.16863064467906952,0.20000000298023224,frozen_mlp_surrogate_adjoint,450,450,450,500,18.05563235282898,18.05563235282898,0.040123627450731066
225,161.3741912841797,75.07699584960938,135.55636596679688,125.07699584960938,0.6144765019416809,0.27369946241378784,0.42223653197288513,0.27369946241378784,0.27369946241378784,0.8423612117767334,T020_060_020,0.0012439185520634055,1.4191828086040914e-06,0.024849986657500267,1.4191828086040914e-06,0.05,229,50526,0.023559003944479226,0.16717073321342468,0.20000000298023224,0.5065574645996094,0.6000000238418579,0.16863295435905457,0.20000000298023224,frozen_mlp_surrogate_adjoint,450,450,450,500,18.05563235282898,18.05563235282898,0.040123627450731066
226,161.37445068359375,75.07684326171875,135.55776977539062,125.07684326171875,0.614478349685669,0.27369749546051025,0.4222469627857208,0.27369749546051025,0.27369749546051025,0.8423610925674438,T020_060_020,0.0012439194833859801,1.418171791556233e-06,0.0248500257730484,1.418171791556233e-06,0.05,194,50407,0.020232395510959518,0.1671716570854187,0.20000000298023224,0.5065577030181885,0.6000000238418579,0.16863170266151428,0.20000000298023224,frozen_mlp_surrogate_adjoint,450,450,450,500,18.05563235282898,18.05563235282898,0.040123627450731066
227,161.3887939453125,75.07501220703125,135.58738708496094,125.07501220703125,0.6145852208137512,0.273674339056015,0.42246752977371216,0.273674339056015,0.273674339056015,0.8423610925674438,T020_060_020,0.0012439199490472674,1.418668034602888e-06,0.0248500257730484,1.418668034602888e-06,0.05,235,50762,0.024010188789023494,0.1671711504459381,0.20000000298023224,0.5065575242042542,0.6000000238418579,0.1686323583126068,0.20000000298023224,frozen_mlp_surrogate_adjoint,450,450,450,500,18.05563235282898,18.05563235282898,0.040123627450731066
228,161.38978576660156,75.07481384277344,135.58990478515625,125.07481384277344,0.6145926117897034,0.2736718952655792,0.42248624563217163,0.2736718952655792,0.2736718952655792,0.8423610329627991,T020_060_020,0.0012439205311238766,1.4182675158735947e-06,0.024850044399499893,1.4182675158735947e-06,0.05,288,50379,0.02962420776284063,0.16717156767845154,0.20000000298023224,0.5065577030181885,0.6000000238418579,0.16863171756267548,0.20000000298023224,frozen_mlp_surrogate_adjoint,450,450,450,500,18.05563235282898,18.05563235282898,0.040123627450731066
229,161.3990478515625,75.07347106933594,135.61016845703125,125.07347106933594,0.6146615147590637,0.27365487813949585,0.4226371943950653,0.27365487813949585,0.27365487813949585,0.8423609733581543,T020_060_020,0.0012439206475391984,1.4174835314406664e-06,0.024850063025951385,1.4174835314406664e-06,0.05,208,50670,0.021820592442906944,0.1671724021434784,0.20000000298023224,0.5065580606460571,0.6000000238418579,0.168630450963974,0.20000000298023224,frozen_mlp_surrogate_adjoint,450,450,450,500,18.05563235282898,18.05563235282898,0.040123627450731066
230,161.39620971679688,75.0739517211914,135.60337829589844,125.0739517211914,0.614640474319458,0.2736610174179077,0.4225866198539734,0.2736610174179077,0.2736610174179077,0.8423610925674438,T020_060_020,0.0012439206475391984,1.4193111610438791e-06,0.0248500257730484,1.4193111610438791e-06,0.05,365,50255,0.038767022200783874,0.16717122495174408,0.20000000298023224,0.5065582990646362,0.6000000238418579,0.16863152384757996,0.20000000298023224,frozen_mlp_surrogate_adjoint,450,450,450,500,18.05563235282898,18.05563235282898,0.040123627450731066
231,161.39373779296875,75.07438659667969,135.5975341796875,125.07438659667969,0.6146219968795776,0.27366650104522705,0.4225430488586426,0.27366650104522705,0.27366650104522705,0.8423610329627991,T020_060_020,0.0012439209967851639,1.418739884684328e-06,0.024850044399499893,1.418739884684328e-06,0.05,314,50172,0.03214206292035377,0.16717098653316498,0.20000000298023224,0.5065573453903198,0.6000000238418579,0.16863267123699188,0.20000000298023224,frozen_mlp_surrogate_adjoint,450,450,450,500,18.05563235282898,18.05563235282898,0.040123627450731066
232,161.39984130859375,75.0736083984375,135.61016845703125,125.0736083984375,0.614667534828186,0.27365660667419434,0.4226371943950653,0.27365660667419434,0.27365660667419434,0.8423610329627991,T020_060_020,0.0012439212296158075,1.4190214869813644e-06,0.024850044399499893,1.4190214869813644e-06,0.05,366,50458,0.039373692718418694,0.16717079281806946,0.20000000298023224,0.5065573453903198,0.6000000238418579,0.16863290965557098,0.20000000298023224,frozen_mlp_surrogate_adjoint,450,450,450,500,18.05563235282898,18.05563235282898,0.040123627450731066
233,161.419189453125,75.07099914550781,135.6510772705078,125.07099914550781,0.6148114800453186,0.27362367510795593,0.4229417145252228,0.27362367510795593,0.27362367510795593,0.8423609733581543,T020_060_020,0.0012439219281077385,1.4187179431246477e-06,0.024850063025951385,1.4187179431246477e-06,0.05,330,50622,0.03435081000612425,0.16717109084129333,0.20000000298023224,0.5065574645996094,0.6000000238418579,0.1686323583126068,0.20000000298023224,frozen_mlp_surrogate_adjoint,450,450,450,500,18.05563235282898,18.05563235282898,0.040123627450731066
234,161.40969848632812,75.07183837890625,135.63662719726562,125.07183837890625,0.6147409081459045,0.2736343443393707,0.4228341281414032,0.2736343443393707,0.2736343443393707,0.8423586487770081,T020_060_020,0.0012439223937690258,1.382694904350501e-06,0.024850795045495033,1.382694904350501e-06,0.05,446,50736,0.05507939908459237,0.16718733310699463,0.20000000298023224,0.5065416097640991,0.6000000238418579,0.1686296910047531,0.20000000298023224,frozen_mlp_surrogate_adjoint,450,450,450,500,18.05563235282898,18.05563235282898,0.040123627450731066
235,161.4213104248047,75.07073974609375,135.65533447265625,125.07073974609375,0.6148273348808289,0.2736204266548157,0.4229734241962433,0.2736204266548157,0.2736204266548157,0.8423609733581543,T020_060_020,0.0012439225101843476,1.4193161632647389e-06,0.024850063025951385,1.4193161632647389e-06,0.05,218,50440,0.02256126964086614,0.16717076301574707,0.20000000298023224,0.5065575838088989,0.6000000238418579,0.1686326116323471,0.20000000298023224,frozen_mlp_surrogate_adjoint,450,450,450,500,18.05563235282898,18.05563235282898,0.040123627450731066
236,161.42257690429688,75.07054138183594,135.6582489013672,125.07054138183594,0.6148367524147034,0.2736179232597351,0.4229951500892639,0.2736179232597351,0.2736179232597351,0.8423609137535095,T020_060_020,0.0012439225101843476,1.4184589645083179e-06,0.024850081652402878,1.4184589645083179e-06,0.05,434,50492,0.05113059213710212,0.16717123985290527,0.20000000298023224,0.5065573453903198,0.6000000238418579,0.16863231360912323,0.20000000298023224,frozen_mlp_surrogate_adjoint,450,450,450,500,18.05563235282898,18.05563235282898,0.040123627450731066
237,161.41995239257812,75.07077026367188,135.6536102294922,125.07077026367188,0.614817202091217,0.2736207842826843,0.4229606091976166,0.2736207842826843,0.2736207842826843,0.84236079454422,T020_060_020,0.0012439230922609568,1.417164753547695e-06,0.024850118905305862,1.417164753547695e-06,0.05,213,50573,0.02212402929194608,0.16717222332954407,0.20000000298023224,0.5065574049949646,0.6000000238418579,0.16863112151622772,0.20000000298023224,frozen_mlp_surrogate_adjoint,450,450,450,500,18.05563235282898,18.05563235282898,0.040123627450731066
238,161.42205810546875,75.07061767578125,135.65711975097656,125.07061767578125,0.614832878112793,0.2736189067363739,0.4229867160320282,0.2736189067363739,0.2736189067363739,0.8423608541488647,T020_060_020,0.0012439232086762786,1.4182049881128478e-06,0.02485010027885437,1.4182049881128478e-06,0.05,287,50382,0.02939625267580595,0.16717128455638885,0.20000000298023224,0.5065571069717407,0.6000000238418579,0.16863244771957397,0.20000000298023224,frozen_mlp_surrogate_adjoint,450,450,450,500,18.05563235282898,18.05563235282898,0.040123627450731066
239,161.4447479248047,75.06747436523438,135.70567321777344,125.06747436523438,0.6150018572807312,0.2735792398452759,0.42334824800491333,0.2735792398452759,0.2735792398452759,0.8423607349395752,T020_060_020,0.0012439243728294969,1.4174728448779206e-06,0.024850137531757355,1.4174728448779206e-06,0.05,310,50062,0.03184276797332843,0.1671721637248993,0.20000000298023224,0.5065575838088989,0.6000000238418579,0.1686309576034546,0.20000000298023224,frozen_mlp_surrogate_adjoint,450,450,450,500,18.05563235282898,18.05563235282898,0.040123627450731066
240,161.44610595703125,75.06685638427734,135.71115112304688,125.06685638427734,0.6150119304656982,0.2735714018344879,0.4233890771865845,0.2735714018344879,0.2735714018344879,0.8423608541488647,T020_060_020,0.001243924954906106,1.4199267752701417e-06,0.02485010027885437,1.4199267752701417e-06,0.05,307,50153,0.03159081389997209,0.16717301309108734,0.20000000298023224,0.5065615177154541,0.6000000238418579,0.1686263084411621,0.20000000298023224,frozen_mlp_surrogate_adjoint,450,450,450,500,18.05563235282898,18.05563235282898,0.040123627450731066
241,145.15377807617188,130.00201416015625,78.96822357177734,180.00201416015625,0.4936990737915039,0.9671972393989563,0.0008803314412944019,0.9671972393989563,0.9671972393989563,0.8022531270980835,T020_060_020,0.0020808298140764236,0.00012563850032165647,0.03910382464528084,0.00012563850032165647,0.05,59,50742,0.009543818837749218,0.14905185997486115,0.20000000298023224,0.48216819763183594,0.6000000238418579,0.1710330843925476,0.20000000298023224,frozen_mlp_surrogate_adjoint,450,450,450,500,18.05563235282898,18.05563235282898,0.040123627450731066
242,145.21896362304688,130.00811767578125,79.33739471435547,180.00811767578125,0.49418437480926514,0.9672743082046509,0.003629150567576289,0.9672743082046509,0.9672743082046509,0.8012781143188477,T020_060_020,0.0021011196076869965,0.000126600221847184,0.039490386843681335,0.000126600221847184,0.05,17,50653,0.0053526229453208715,0.1488269865512848,0.20000000298023224,0.48158586025238037,0.6000000238418579,0.17086531221866608,0.20000000298023224,frozen_mlp_surrogate_adjoint,450,450,450,500,18.05563235282898,18.05563235282898,0.040123627450731066
243,145.224853515625,130.00869750976562,79.37139129638672,180.00869750976562,0.4942282438278198,0.9672814607620239,0.003882279619574547,0.9672814607620239,0.9672814607620239,0.8011878728866577,T020_060_020,0.0021029917988926172,0.00012667883129324764,0.039526261389255524,0.00012667883129324764,0.05,13,50464,0.004424285213945445,0.14880676567554474,0.20000000298023224,0.48153162002563477,0.6000000238418579,0.17084947228431702,0.20000000298023224,frozen_mlp_surrogate_adjoint,450,450,450,500,18.05563235282898,18.05563235282898,0.040123627450731066
244,145.29107666015625,130.01528930664062,79.72797393798828,180.01528930664062,0.49472135305404663,0.9673648476600647,0.006537416018545628,0.9673648476600647,0.9673648476600647,0.8002556562423706,T020_060_020,0.002122696954756975,0.00012780686665792018,0.03989780321717262,0.00012780686665792018,0.05,442,50328,0.05373781932979452,0.14859434962272644,0.20000000298023224,0.4809492826461792,0.6000000238418579,0.17071202397346497,0.20000000298023224,frozen_mlp_surrogate_adjoint,450,450,450,500,18.05563235282898,18.05563235282898,0.040123627450731066
245,145.33175659179688,130.01907348632812,79.9694595336914,180.01907348632812,0.49502426385879517,0.967412531375885,0.008335541933774948,0.967412531375885,0.967412531375885,0.7996106147766113,T020_060_020,0.002136091934517026,0.00012829671322833747,0.04015590623021126,0.00012829671322833747,0.05,215,97,0.022397914112564622,0.1484488844871521,0.20000000298023224,0.48057156801223755,0.6000000238418579,0.1705901324748993,0.20000000298023224,frozen_mlp_surrogate_adjoint,450,450,450,500,18.05563235282898,18.05563235282898,0.040123627450731066
246,145.42251586914062,130.028076171875,80.46296691894531,180.028076171875,0.4957001209259033,0.9675263166427612,0.012010208331048489,0.9675263166427612,0.9675263166427612,0.7983174324035645,T020_060_020,0.0021636076271533966,0.00012981437612324953,0.04067585989832878,0.00012981437612324953,0.05,449,50585,0.055632011149995345,0.14815497398376465,0.20000000298023224,0.4797683656215668,0.6000000238418579,0.17039406299591064,0.20000000298023224,frozen_mlp_surrogate_adjoint,450,450,450,500,18.05563235282898,18.05563235282898,0.040123627450731066
247,145.54238891601562,130.03860473632812,81.15202331542969,180.03860473632812,0.49659255146980286,0.9676591157913208,0.017140891402959824,0.9676591157913208,0.9676591157913208,0.7964959144592285,T020_060_020,0.002202324103564024,0.0001316281850449741,0.041413914412260056,0.0001316281850449741,0.05,190,50296,0.01993933729079992,0.1477220058441162,0.20000000298023224,0.47871267795562744,0.6000000238418579,0.17006123065948486,0.20000000298023224,frozen_mlp_surrogate_adjoint,450,450,450,500,18.05563235282898,18.05563235282898,0.040123627450731066
248,145.72714233398438,130.06991577148438,82.73568725585938,180.06991577148438,0.4979683756828308,0.9680546522140503,0.028932925313711166,0.9680546522140503,0.9680546522140503,0.7918472290039062,T020_060_020,0.002292800461873412,0.0001264214370166883,0.04332757741212845,0.0001264214370166883,0.05,373,50462,0.040544092509932565,0.14716649055480957,0.20000000298023224,0.4757324457168579,0.6000000238418579,0.16894826292991638,0.20000000298023224,frozen_mlp_surrogate_adjoint,450,450,450,500,18.05563235282898,18.05563235282898,0.040123627450731066
249,145.76101684570312,130.07858276367188,82.96217346191406,180.07858276367188,0.4982204735279083,0.9681638479232788,0.030619334429502487,0.9681638479232788,0.9681638479232788,0.7913007736206055,T020_060_020,0.002305225469172001,0.00012745698040816933,0.0435553677380085,0.00012745698040816933,0.05,225,50188,0.0231235192994958,0.14697419106960297,0.20000000298023224,0.4755058288574219,0.6000000238418579,0.16882070899009705,0.20000000298023224,frozen_mlp_surrogate_adjoint,450,450,450,500,18.05563235282898,18.05563235282898,0.040123627450731066
250,145.76492309570312,130.08084106445312,82.98441314697266,180.08084106445312,0.4982495903968811,0.9681923389434814,0.03078489564359188,0.9681923389434814,0.9681923389434814,0.7912403345108032,T020_060_020,0.002306456444784999,0.00012742630497086793,0.04358059912919998,0.00012742630497086793,0.05,256,50134,0.025246185847001928,0.1469821333885193,0.20000000298023224,0.4754300117492676,0.6000000238418579,0.16882815957069397,0.20000000298023224,frozen_mlp_surrogate_adjoint,450,450,450,500,18.05563235282898,18.05563235282898,0.040123627450731066
251,145.76541137695312,130.08030700683594,82.9922866821289,180.08030700683594,0.49825331568717957,0.9681857228279114,0.03084353357553482,0.9681857228279114,0.9681857228279114,0.79122394323349,T020_060_020,0.002306884853169322,0.00012751280155498534,0.043587442487478256,0.00012751280155498534,0.05,253,50288,0.024806717763045005,0.1469605416059494,0.20000000298023224,0.4754530191421509,0.6000000238418579,0.1688103824853897,0.20000000298023224,frozen_mlp_surrogate_adjoint,450,450,450,500,18.05563235282898,18.05563235282898,0.040123627450731066
252,145.77902221679688,130.08392333984375,83.07476806640625,180.08392333984375,0.4983546733856201,0.9682313203811646,0.031457673758268356,0.9682313203811646,0.9682313203811646,0.7910270690917969,T020_060_020,0.002311427379027009,0.00012794295616913587,0.0436696857213974,0.00012794295616913587,0.05,260,50578,0.025483083940527736,0.14689669013023376,0.20000000298023224,0.4753543734550476,0.6000000238418579,0.16877606511116028,0.20000000298023224,frozen_mlp_surrogate_adjoint,450,450,450,500,18.05563235282898,18.05563235282898,0.040123627450731066
253,145.82553100585938,130.10638427734375,83.417724609375,180.10638427734375,0.49870091676712036,0.9685149192810059,0.034011345356702805,0.9685149192810059,0.9685149192810059,0.7901198863983154,T020_060_020,0.0023304051719605923,0.00012792200141120702,0.04404966160655022,0.00012792200141120702,0.05,406,50546,0.04577069291187752,0.14680510759353638,0.20000000298023224,0.47464221715927124,0.6000000238418579,0.1686725914478302,0.20000000298023224,frozen_mlp_surrogate_adjoint,450,450,450,500,18.05563235282898,18.05563235282898,0.040123627450731066
254,145.8336181640625,130.1044464111328,83.48920440673828,180.1044464111328,0.4987611472606659,0.9684905409812927,0.034543588757514954,0.9684905409812927,0.9684905409812927,0.789966881275177,T020_060_020,0.002334322314709425,0.00012862666335422546,0.04411391168832779,0.00012862666335422546,0.05,295,50513,0.030224391186574006,0.14665715396404266,0.20000000298023224,0.47474709153175354,0.6000000238418579,0.168562650680542,0.20000000298023224,frozen_mlp_surrogate_adjoint,450,450,450,500,18.05563235282898,18.05563235282898,0.040123627450731066
255,145.83981323242188,130.112060546875,83.54196166992188,180.112060546875,0.49880731105804443,0.9685865044593811,0.034936461597681046,0.9685865044593811,0.9685865044593811,0.7897968292236328,T020_060_020,0.0023372762370854616,0.00012800756667274982,0.044185373932123184,0.00012800756667274982,0.05,387,50450,0.042493597402724015,0.14672860503196716,0.20000000298023224,0.4744759500026703,0.6000000238418579,0.16859224438667297,0.20000000298023224,frozen_mlp_surrogate_adjoint,450,450,450,500,18.05563235282898,18.05563235282898,0.040123627450731066
256,145.8434600830078,130.11288452148438,83.56254577636719,180.11288452148438,0.49883440136909485,0.9685969948768616,0.035089701414108276,0.9685969948768616,0.9685969948768616,0.7897491455078125,T020_060_020,0.0023384157102555037,0.00012814445653930306,0.044205423444509506,0.00012814445653930306,0.05,346,50302,0.036297849987043676,0.1467106193304062,0.20000000298023224,0.47445449233055115,0.6000000238418579,0.16858404874801636,0.20000000298023224,frozen_mlp_surrogate_adjoint,450,450,450,500,18.05563235282898,18.05563235282898,0.040123627450731066
257,145.86366271972656,130.12307739257812,83.73239135742188,180.12307739257812,0.49898484349250793,0.968725860118866,0.03635437414050102,0.968725860118866,0.968725860118866,0.7892942428588867,T020_060_020,0.00234786095097661,0.00012801527918782085,0.044396914541721344,0.00012801527918782085,0.05,302,50002,0.03127746948349354,0.14665374159812927,0.20000000298023224,0.4741331934928894,0.6000000238418579,0.16850735247135162,0.20000000298023224,frozen_mlp_surrogate_adjoint,450,450,450,500,18.05563235282898,18.05563235282898,0.040123627450731066
258,145.84698486328125,130.12911987304688,83.77091979980469,180.12911987304688,0.498860627412796,0.9688021540641785,0.03664125129580498,0.9688021540641785,0.9688021540641785,0.7890811562538147,T020_060_020,0.002350077498704195,0.00012573938874993473,0.04448675736784935,0.00012573938874993473,0.05,328,50176,0.03402658971395134,0.14676719903945923,0.20000000298023224,0.47388631105422974,0.6000000238418579,0.16842763125896454,0.20000000298023224,frozen_mlp_surrogate_adjoint,450,450,450,500,18.05563235282898,18.05563235282898,0.040123627450731066
259,161.9638671875,130.61676025390625,79.00244140625,180.61676025390625,0.6188672184944153,0.9749590158462524,0.001135113649070263,0.9749590158462524,0.9749590158462524,0.8043369650840759,T020_060_020,0.002492486033588648,0.0005782849038951099,0.038284022361040115,0.0005782849038951099,0.05,37,50434,0.006993627848786696,0.13613124191761017,0.20000000298023224,0.48485684394836426,0.6000000238418579,0.1833488792181015,0.20000000298023224,frozen_mlp_surrogate_adjoint,450,450,450,500,18.05563235282898,18.05563235282898,0.040123627450731066
260,162.05328369140625,130.62310791015625,79.1521224975586,180.62310791015625,0.6195330619812012,0.9750391840934753,0.0022495996672660112,0.9750391840934753,0.9750391840934753,0.804227888584137,T020_060_020,0.002497781068086624,0.0005814451142214239,0.03832671791315079,0.0005814451142214239,0.05,350,50204,0.03720376512530184,0.1360725462436676,0.20000000298023224,0.48473381996154785,0.6000000238418579,0.1834215670824051,0.20000000298023224,frozen_mlp_surrogate_adjoint,450,450,450,500,18.05563235282898,18.05563235282898,0.040123627450731066
261,162.14825439453125,130.62860107421875,79.3644790649414,180.62860107421875,0.6202400922775269,0.9751087427139282,0.003830843837931752,0.9751087427139282,0.9751087427139282,0.8041931986808777,T020_060_020,0.0025062919594347477,0.0005892768385820091,0.03834030404686928,0.0005892768385820091,0.05,415,50222,0.04729235095706745,0.13592132925987244,0.20000000298023224,0.48467907309532166,0.6000000238418579,0.1835927963256836,0.20000000298023224,frozen_mlp_surrogate_adjoint,450,450,450,500,18.05563235282898,18.05563235282898,0.040123627450731066
262,162.22604370117188,130.6314697265625,79.51757049560547,180.6314697265625,0.6208193302154541,0.9751449227333069,0.004970749374479055,0.9751449227333069,0.9751449227333069,0.8041561841964722,T020_060_020,0.0025123616214841604,0.0005946216988377273,0.03835479915142059,0.0005946216988377273,0.05,207,50801,0.02171543398639248,0.13578978180885315,0.20000000298023224,0.4846956431865692,0.6000000238418579,0.1836707592010498,0.20000000298023224,frozen_mlp_surrogate_adjoint,450,450,450,500,18.05563235282898,18.05563235282898,0.040123627450731066
263,115.37921142578125,124.3447265625,87.6697769165039,174.3447265625,0.2719970941543579,0.8957667350769043,0.06567218899726868,0.8957667350769043,0.8957667350769043,0.7764768600463867,T020_060_020,0.0025298220571130514,3.1692266929894686e-05,0.049962595105171204,3.1692266929894686e-05,0.05,341,50679,0.035616563563785876,0.15163642168045044,0.20000000298023224,0.4634004533290863,0.6000000238418579,0.16144002974033356,0.20000000298023224,frozen_mlp_surrogate_adjoint,450,450,450,500,18.05563235282898,18.05563235282898,0.040123627450731066
264,115.3629150390625,124.3447265625,87.6459732055664,174.3447265625,0.2718757390975952,0.8957667946815491,0.06549496948719025,0.8957667946815491,0.8957667946815491,0.7764934301376343,T020_060_020,0.0025298320688307285,3.2072592148324475e-05,0.04995518550276756,3.2072592148324475e-05,0.05,250,50007,0.02464739834973979,0.15172360837459564,0.20000000298023224,0.4632766842842102,0.6000000238418579,0.16149313747882843,0.20000000298023224,frozen_mlp_surrogate_adjoint,450,450,450,500,18.05563235282898,18.05563235282898,0.040123627450731066
265,115.28289794921875,124.34956359863281,87.53804779052734,174.3495635986328,0.2712799906730652,0.8958278298377991,0.06469133496284485,0.8958278298377991,0.8958278298377991,0.7764793038368225,T020_060_020,0.002530305413529277,3.223034582333639e-05,0.049961499869823456,3.223034582333639e-05,0.05,29,50108,0.00658395009667762,0.1522996872663498,0.20000000298023224,0.46265116333961487,0.6000000238418579,0.16152846813201904,0.20000000298023224,frozen_mlp_surrogate_adjoint,450,450,450,500,18.05563235282898,18.05563235282898,0.040123627450731066
266,115.33308410644531,124.32747650146484,87.58016204833984,174.32748413085938,0.2716536819934845,0.895548939704895,0.06500491499900818,0.895548939704895,0.895548939704895,0.7768730521202087,T020_060_020,0.0025305545423179865,4.127268402953632e-05,0.049785636365413666,4.127268402953632e-05,0.05,41,50647,0.0076988085263474965,0.1513621211051941,0.20000000298023224,0.46310126781463623,0.6000000238418579,0.1624096781015396,0.20000000298023224,frozen_mlp_surrogate_adjoint,450,450,450,500,18.05563235282898,18.05563235282898,0.040123627450731066
267,115.26182556152344,124.34393310546875,87.50056457519531,174.34393310546875,0.2711230218410492,0.8957567811012268,0.06441226601600647,0.8957567811012268,0.8957567811012268,0.7766151428222656,T020_060_020,0.0025305617600679398,3.5521876270649955e-05,0.04990079626441002,3.5521876270649955e-05,0.05,60,50815,0.00969767457831371,0.15224295854568481,0.20000000298023224,0.4625070095062256,0.6000000238418579,0.1618652045726776,0.20000000298023224,frozen_mlp_surrogate_adjoint,450,450,450,500,18.05563235282898,18.05563235282898,0.040123627450731066
268,115.26199340820312,124.34394073486328,87.49713897705078,174.34393310546875,0.2711242735385895,0.8957568407058716,0.0643867626786232,0.8957568407058716,0.8957568407058716,0.7766117453575134,T020_060_020,0.0025305876042693853,3.547190863173455e-05,0.04990231245756149,3.547190863173455e-05,0.05,311,50193,0.03188733995898194,0.15223848819732666,0.20000000298023224,0.46251314878463745,0.6000000238418579,0.1618601232767105,0.20000000298023224,frozen_mlp_surrogate_adjoint,450,450,450,500,18.05563235282898,18.05563235282898,0.040123627450731066
269,115.08384704589844,124.33749389648438,86.36972045898438,174.33749389648438,0.26979780197143555,0.8956754803657532,0.055991996079683304,0.8956754803657532,0.8956754803657532,0.7761875987052917,T020_060_020,0.002540109446272254,3.550998371792957e-05,0.05009198933839798,3.550998371792957e-05,0.05,290,50791,0.029860734566216313,0.152094304561615,0.20000000298023224,0.46231621503829956,0.6000000238418579,0.1617770791053772,0.20000000298023224,frozen_mlp_surrogate_adjoint,450,450,450,500,18.05563235282898,18.05563235282898,0.040123627450731066
270,162.63844299316406,130.64967346191406,80.39629364013672,180.64967346191406,0.6238901019096375,0.9753746390342712,0.011513764038681984,0.9753746390342712,0.9753746390342712,0.8040039539337158,T020_060_020,0.002548608696088195,0.0006278863293118775,0.038414448499679565,0.0006278863293118775,0.05,153,50754,0.01727022640633123,0.135072261095047,0.20000000298023224,0.48466700315475464,0.6000000238418579,0.184264674782753,0.20000000298023224,frozen_mlp_surrogate_adjoint,450,450,450,500,18.05563235282898,18.05563235282898,0.040123627450731066
271,162.83865356445312,130.65533447265625,80.8238754272461,180.65533447265625,0.62538081407547,0.9754461646080017,0.014697493985295296,0.9754461646080017,0.9754461646080017,0.8039780855178833,T020_060_020,0.0025664623826742172,0.0006452328525483608,0.03842459246516228,0.0006452328525483608,0.05,71,50243,0.010760825811594652,0.134658545255661,0.20000000298023224,0.48481398820877075,0.6000000238418579,0.18450555205345154,0.20000000298023224,frozen_mlp_surrogate_adjoint,450,450,450,500,18.05563235282898,18.05563235282898,0.040123627450731066
272,162.93215942382812,130.6640625,81.0836410522461,180.6640625,0.6260771751403809,0.9755563139915466,0.016631752252578735,0.9755563139915466,0.9755563139915466,0.8039723634719849,T020_060_020,0.0025777395348995924,0.0006563978386111557,0.03842683508992195,0.0006563978386111557,0.05,371,50194,0.04031706475649718,0.1345140039920807,0.20000000298023224,0.4846416711807251,0.6000000238418579,0.18481671810150146,0.20000000298023224,frozen_mlp_surrogate_adjoint,450,450,450,500,18.05563235282898,18.05563235282898,0.040123627450731066
273,162.95391845703125,130.66433715820312,81.10432434082031,180.66433715820312,0.6262391209602356,0.9755599498748779,0.016785740852355957,0.9755599498748779,0.9755599498748779,0.8039395213127136,T020_060_020,0.0025783309247344732,0.0006563454517163336,0.038439709693193436,0.0006563454517163336,0.05,322,50794,0.03330826627779505,0.1344936490058899,0.20000000298023224,0.4846585988998413,0.6000000238418579,0.18478728830814362,0.20000000298023224,frozen_mlp_surrogate_adjoint,450,450,450,500,18.05563235282898,18.05563235282898,0.040123627450731066
274,163.47512817382812,130.68719482421875,82.19705200195312,180.68719482421875,0.6301201581954956,0.9758485555648804,0.024922218173742294,0.9758485555648804,0.9758485555648804,0.8037192225456238,T020_060_020,0.002625656547024846,0.0006993493880145252,0.03852614387869835,0.0006993493880145252,0.05,360,50381,0.038103301306555905,0.13360629975795746,0.20000000298023224,0.48460662364959717,0.6000000238418579,0.18550626933574677,0.20000000298023224,frozen_mlp_surrogate_adjoint,450,450,450,500,18.05563235282898,18.05563235282898,0.040123627450731066
275,159.07113647460938,129.9275665283203,159.1907958984375,179.9275665283203,0.5973278284072876,0.9662571549415588,0.5982188582420349,0.9662571549415588,0.9662571549415588,0.7601520419120789,T020_060_020,0.002951919101178646,7.556688069598749e-05,0.05752704292535782,7.556688069598749e-05,0.05,296,50202,0.030433554614680034,0.15879318118095398,0.20000000298023224,0.45829519629478455,0.6000000238418579,0.14306367933750153,0.20000000298023224,frozen_mlp_surrogate_adjoint,450,450,450,500,18.05563235282898,18.05563235282898,0.040123627450731066
276,159.07540893554688,129.92941284179688,159.1939697265625,179.92941284179688,0.5973597168922424,0.966280460357666,0.5982425212860107,0.966280460357666,0.966280460357666,0.7601800560951233,T020_060_020,0.0029519444797188044,7.626406295457855e-05,0.057513605803251266,7.626406295457855e-05,0.05,130,50798,0.015495760789491183,0.15881456434726715,0.20000000298023224,0.45834416151046753,0.6000000238418579,0.143021360039711,0.20000000298023224,frozen_mlp_surrogate_adjoint,450,450,450,500,18.05563235282898,18.05563235282898,0.040123627450731066
277,159.06417846679688,129.93380737304688,159.18914794921875,179.93380737304688,0.5972761511802673,0.9663360714912415,0.5982065796852112,0.9663360714912415,0.9663360714912415,0.7601128220558167,T020_060_020,0.0029519950039684772,7.470205309800804e-05,0.05754585936665535,7.470205309800804e-05,0.05,51,50162,0.008706962263213384,0.15890029072761536,0.20000000298023224,0.4580383896827698,0.6000000238418579,0.14317409694194794,0.20000000298023224,frozen_mlp_surrogate_adjoint,450,450,450,500,18.05563235282898,18.05563235282898,0.040123627450731066
278,159.1046142578125,129.9547882080078,159.23388671875,179.9547882080078,0.5975771546363831,0.9666008949279785,0.5985397696495056,0.9666008949279785,0.9666008949279785,0.760269045829773,T020_060_020,0.002952087204903364,7.8540739195887e-05,0.05747092887759209,7.8540739195887e-05,0.05,300,50737,0.031177441432277363,0.15918181836605072,0.20000000298023224,0.4580737054347992,0.6000000238418579,0.14301353693008423,0.20000000298023224,frozen_mlp_surrogate_adjoint,450,450,450,500,18.05563235282898,18.05563235282898,0.040123627450731066
279,159.124267578125,129.97128295898438,159.25448608398438,179.97128295898438,0.5977234244346619,0.9668092131614685,0.5986930727958679,0.9668092131614685,0.9668092131614685,0.7603859901428223,T020_060_020,0.002952178940176964,8.143499144352973e-05,0.05741487443447113,8.143499144352973e-05,0.05,370,50478,0.039971257698310794,0.15941104292869568,0.20000000298023224,0.4580681324005127,0.6000000238418579,0.1429068148136139,0.20000000298023224,frozen_mlp_surrogate_adjoint,450,450,450,500,18.05563235282898,18.05563235282898,0.040123627450731066
280,158.97659301757812,129.87448120117188,159.09555053710938,179.87448120117188,0.5966238975524902,0.9655869603157043,0.5975097417831421,0.9655869603157043,0.9655869603157043,0.7596888542175293,T020_060_020,0.0029522315599024296,6.475934787886217e-05,0.05774944648146629,6.475934787886217e-05,0.05,265,50522,0.026375331085908463,0.15809190273284912,0.20000000298023224,0.45799520611763,0.6000000238418579,0.14360174536705017,0.20000000298023224,frozen_mlp_surrogate_adjoint,450,450,450,500,18.05563235282898,18.05563235282898,0.040123627450731066
281,159.13870239257812,129.96990966796875,159.2623291015625,179.96990966796875,0.5978310108184814,0.9667918086051941,0.5987514853477478,0.9667918086051941,0.9667918086051941,0.7604723572731018,T020_060_020,0.0029522322583943605,8.355776662938297e-05,0.05737349018454552,8.355776662938297e-05,0.05,96,50050,0.012532978903543943,0.1593656688928604,0.20000000298023224,0.4583777189254761,0.6000000238418579,0.14272896945476532,0.20000000298023224,frozen_mlp_surrogate_adjoint,450,450,450,500,18.05563235282898,18.05563235282898,0.040123627450731066
282,159.1390838623047,129.96444702148438,159.26388549804688,179.96444702148438,0.5978338122367859,0.9667229652404785,0.5987630486488342,0.9667229652404785,0.9667229652404785,0.7604333758354187,T020_060_020,0.0029523076955229044,8.269905083579943e-05,0.057392168790102005,8.269905083579943e-05,0.05,227,50334,0.023329873932657695,0.159284770488739,0.20000000298023224,0.45839443802833557,0.6000000238418579,0.14275415241718292,0.20000000298023224,frozen_mlp_surrogate_adjoint,450,450,450,500,18.05563235282898,18.05563235282898,0.040123627450731066
283,159.031494140625,129.89755249023438,159.14132690429688,179.89755249023438,0.5970327854156494,0.9658781290054321,0.597850501537323,0.9658781290054321,0.9658781290054321,0.759993851184845,T020_060_020,0.0029523929115384817,7.224523142213002e-05,0.05760295316576958,7.224523142213002e-05,0.05,31,50107,0.0066825173482115054,0.15836364030838013,0.20000000298023224,0.45848914980888367,0.6000000238418579,0.14314107596874237,0.20000000298023224,frozen_mlp_surrogate_adjoint,450,450,450,500,18.05563235282898,18.05563235282898,0.040123627450731066
284,159.14401245117188,129.9879150390625,159.27658081054688,179.9879150390625,0.5978705286979675,0.967019259929657,0.5988577008247375,0.967019259929657,0.967019259929657,0.7604876160621643,T020_060_020,0.0029524427372962236,8.413367322646081e-05,0.057366181164979935,8.413367322646081e-05,0.05,441,50248,0.05253077846888795,0.15964347124099731,0.20000000298023224,0.4580223858356476,0.6000000238418579,0.14282171428203583,0.20000000298023224,frozen_mlp_surrogate_adjoint,450,450,450,500,18.05563235282898,18.05563235282898,0.040123627450731066
285,159.115966796875,129.93463134765625,159.22137451171875,179.93463134765625,0.5976616740226746,0.9663463234901428,0.5984466075897217,0.9663463234901428,0.9663463234901428,0.7604146003723145,T020_060_020,0.002952513750642538,8.245529170380905e-05,0.05740116536617279,8.245529170380905e-05,0.05,385,50680,0.04208720956647442,0.15883082151412964,0.20000000298023224,0.45898762345314026,0.6000000238418579,0.14259614050388336,0.20000000298023224,frozen_mlp_surrogate_adjoint,450,450,450,500,18.05563235282898,18.05563235282898,0.040123627450731066
286,159.19586181640625,130.01602172851562,159.33416748046875,180.01602172851562,0.5982566475868225,0.9673740267753601,0.5992864966392517,0.9673740267753601,0.9673740267753601,0.760686993598938,T020_060_020,0.002953111194074154,8.957532554632053e-05,0.05727071687579155,8.957532554632053e-05,0.05,424,50565,0.049255825588312374,0.16002117097377777,0.20000000298023224,0.458050012588501,0.6000000238418579,0.14261581003665924,0.20000000298023224,frozen_mlp_surrogate_adjoint,450,450,450,500,18.05563235282898,18.05563235282898,0.040123627450731066
287,158.92628479003906,129.832275390625,159.03916931152344,179.832275390625,0.5962493419647217,0.9650540947914124,0.5970898866653442,0.9650540947914124,0.9650540947914124,0.7594254016876221,T020_060_020,0.002953152172267437,5.934525324846618e-05,0.057876136153936386,5.934525324846618e-05,0.05,374,50179,0.04074072175885043,0.15750044584274292,0.20000000298023224,0.45810967683792114,0.6000000238418579,0.1438152939081192,0.20000000298023224,frozen_mlp_surrogate_adjoint,450,450,450,500,18.05563235282898,18.05563235282898,0.040123627450731066
288,159.23245239257812,130.02496337890625,159.36138916015625,180.02496337890625,0.5985291004180908,0.9674869179725647,0.5994890928268433,0.9674869179725647,0.9674869179725647,0.7608993053436279,T020_060_020,0.002953460207208991,9.50030516833067e-05,0.05716914311051369,9.50030516833067e-05,0.05,313,50602,0.03212394599279809,0.16010397672653198,0.20000000298023224,0.4585283398628235,0.6000000238418579,0.14226701855659485,0.20000000298023224,frozen_mlp_surrogate_adjoint,450,450,450,500,18.05563235282898,18.05563235282898,0.040123627450731066
289,159.8521728515625,130.11476135253906,160.20083618164062,180.11476135253906,0.603143572807312,0.9686207175254822,0.6057395935058594,0.9686207175254822,0.9686207175254822,0.7605040073394775,T020_060_020,0.0029667108319699764,9.879423305392265e-05,0.057358331978321075,9.879423305392265e-05,0.05,152,50668,0.017240424369935874,0.16111916303634644,0.20000000298023224,0.45676422119140625,0.6000000238418579,0.14262063801288605,0.20000000298023224,frozen_mlp_surrogate_adjoint,450,450,450,500,18.05563235282898,18.05563235282898,0.040123627450731066
290,133.78785705566406,127.51078033447266,125.6560287475586,177.51077270507812,0.40906816720962524,0.935742199420929,0.3485184609889984,0.935742199420929,0.935742199420929,0.7287178635597229,T020_060_020,0.0036859374959021807,6.237526122276904e-06,0.07359399646520615,6.237526122276904e-06,0.05,203,50550,0.02143896433463931,0.14594727754592896,0.20000000298023224,0.4393509030342102,0.6000000238418579,0.14341969788074493,0.20000000298023224,frozen_mlp_surrogate_adjoint,450,450,450,500,18.05563235282898,18.05563235282898,0.040123627450731066
291,131.36448669433594,127.27555084228516,121.51597595214844,177.27554321289062,0.3910236954689026,0.9327720999717712,0.3176915645599365,0.9327720999717712,0.9327720999717712,0.7285571098327637,T020_060_020,0.0036884492728859186,4.38697361460072e-06,0.07368124276399612,4.38697361460072e-06,0.05,202,50125,0.021409317796688754,0.14622855186462402,0.20000000298023224,0.4386901557445526,0.6000000238418579,0.14363837242126465,0.20000000298023224,frozen_mlp_surrogate_adjoint,450,450,450,500,18.05563235282898,18.05563235282898,0.040123627450731066
292,131.3643341064453,127.2762451171875,121.51593017578125,177.2762451171875,0.39102259278297424,0.932780921459198,0.31769120693206787,0.932780921459198,0.932780921459198,0.7285581827163696,T020_060_020,0.0036884502042084932,4.41706060883007e-06,0.07368066161870956,4.41706060883007e-06,0.05,349,50455,0.03642544583996823,0.14625896513462067,0.20000000298023224,0.4386756718158722,0.6000000238418579,0.14362351596355438,0.20000000298023224,frozen_mlp_surrogate_adjoint,450,450,450,500,18.05563235282898,18.05563235282898,0.040123627450731066
293,131.36456298828125,127.27509307861328,121.5156478881836,177.27508544921875,0.39102426171302795,0.9327663779258728,0.31768912076950073,0.9327663779258728,0.9327663779258728,0.7285568714141846,T020_060_020,0.0036884599830955267,4.391451511764899e-06,0.07368136942386627,4.391451511764899e-06,0.05,177,50046,0.018987555605236794,0.1462092399597168,0.20000000298023224,0.4387046694755554,0.6000000238418579,0.14364293217658997,0.20000000298023224,frozen_mlp_surrogate_adjoint,450,450,450,500,18.05563235282898,18.05563235282898,0.040123627450731066
294,131.36404418945312,127.27777099609375,121.51568603515625,177.27777099609375,0.39102041721343994,0.9328001141548157,0.3176893889904022,0.9328001141548157,0.9328001141548157,0.7285608053207397,T020_060_020,0.003688463941216469,4.5020838115306105e-06,0.07367923855781555,4.5020838115306105e-06,0.05,174,50666,0.01887065885071898,0.1463252305984497,0.20000000298023224,0.4386472702026367,0.6000000238418579,0.14358828961849213,0.20000000298023224,frozen_mlp_surrogate_adjoint,450,450,450,500,18.05563235282898,18.05563235282898,0.040123627450731066
295,131.36724853515625,127.27423095703125,121.51951599121094,177.27423095703125,0.3910442590713501,0.9327554106712341,0.31771793961524963,0.9327554106712341,0.9327554106712341,0.7285552024841309,T020_060_020,0.0036885046865791082,4.390709818835603e-06,0.0736822783946991,4.390709818835603e-06,0.05,238,50300,0.02405242328974169,0.14615967869758606,0.20000000298023224,0.438737690448761,0.6000000238418579,0.14365780353546143,0.20000000298023224,frozen_mlp_surrogate_adjoint,450,450,450,500,18.05563235282898,18.05563235282898,0.040123627450731066
296,131.3645477294922,127.27867126464844,121.5191421508789,177.27867126464844,0.3910242021083832,0.9328114986419678,0.3177151381969452,0.9328114986419678,0.9328114986419678,0.7285552620887756,T020_060_020,0.0036885065492242575,4.394065399537794e-06,0.07368224859237671,4.394065399537794e-06,0.05,344,50800,0.03620248204288377,0.1463574469089508,0.20000000298023224,0.43859463930130005,0.6000000238418579,0.1436031460762024,0.20000000298023224,frozen_mlp_surrogate_adjoint,450,450,450,500,18.05563235282898,18.05563235282898,0.040123627450731066
297,131.36012268066406,127.277099609375,121.52195739746094,177.277099609375,0.3909912705421448,0.9327917098999023,0.31773611903190613,0.9327917098999023,0.9327917098999023,0.7285267114639282,T020_060_020,0.0036885228473693132,3.635446773841977e-06,0.07369774580001831,3.635446773841977e-06,0.05,195,50560,0.020571822809219216,0.14629676938056946,0.20000000298023224,0.4384426474571228,0.6000000238418579,0.14378729462623596,0.20000000298023224,frozen_mlp_surrogate_adjoint,450,450,450,500,18.05563235282898,18.05563235282898,0.040123627450731066
298,131.36610412597656,127.27725982666016,121.52172088623047,177.27725219726562,0.3910357356071472,0.9327936768531799,0.31773433089256287,0.9327936768531799,0.9327936768531799,0.7285510897636414,T020_060_020,0.0036885265726596117,4.30074533142033e-06,0.07368451356887817,4.30074533142033e-06,0.05,440,50682,0.05233105869519371,0.14628922939300537,0.20000000298023224,0.4386223554611206,0.6000000238418579,0.1436394900083542,0.20000000298023224,frozen_mlp_surrogate_adjoint,450,450,450,500,18.05563235282898,18.05563235282898,0.040123627450731066
299,131.37615966796875,127.2065200805664,121.52314758300781,177.20651245117188,0.39111068844795227,0.9319005608558655,0.3177449703216553,0.9319005608558655,0.9319005608558655,0.7285313010215759,T020_060_020,0.0036934453528374434,8.682502993906382e-06,0.07369525730609894,8.682502993906382e-06,0.05,246,50189,0.024454430361242306,0.14333152770996094,0.20000000298023224,0.43994414806365967,0.6000000238418579,0.14525561034679413,0.20000000298023224,frozen_mlp_surrogate_adjoint,450,450,450,500,18.05563235282898,18.05563235282898,0.040123627450731066
300,141.71617126464844,128.24093627929688,136.50851440429688,178.24093627929688,0.4681025743484497,0.9449613690376282,0.42932620644569397,0.9449613690376282,0.9449613690376282,0.7274776697158813,T020_060_020,0.0037203379906713963,6.916729034855962e-06,0.07426842302083969,6.916729034855962e-06,0.05,359,50536,0.03800644113145768,0.14543160796165466,0.20000000298023224,0.4388611316680908,0.6000000238418579,0.1431848704814911,0.20000000298023224,frozen_mlp_surrogate_adjoint,450,450,450,500,18.05563235282898,18.05563235282898,0.040123627450731066
301,80.17494201660156,53.45536804199219,130.5021209716797,103.45536804199219,0.009865554049611092,0.0006990956026129425,0.38460254669189453,0.0006990956026129425,0.0006990956026129425,0.8211899399757385,T020_060_020,0.004994224291294813,0.0033955725375562906,0.031973037868738174,0.0033955725375562906,0.05,132,70,0.015756073593250427,0.18132658302783966,0.20000000298023224,0.5408768653869629,0.6000000238418579,0.09898649156093597,0.20000000298023224,frozen_mlp_surrogate_adjoint,450,450,450,500,18.05563235282898,18.05563235282898,0.040123627450731066
302,79.55693817138672,53.522003173828125,130.05624389648438,103.52200317382812,0.005263897590339184,0.0015404197620227933,0.3812825381755829,0.0015404197620227933,0.0015404197620227933,0.8219578266143799,T020_060_020,0.00499563105404377,0.0034106802195310593,0.03169901669025421,0.0034106802195310593,0.05,98,50807,0.012734321892072716,0.18153712153434753,0.20000000298023224,0.5414875745773315,0.6000000238418579,0.09893308579921722,0.20000000298023224,frozen_mlp_surrogate_adjoint,450,450,450,500,18.05563235282898,18.05563235282898,0.040123627450731066
303,80.02835083007812,53.47481155395508,130.37591552734375,103.47480773925781,0.008774039335548878,0.0009445867035537958,0.3836628794670105,0.0009445867035537958,0.0009445867035537958,0.8214040398597717,T020_060_020,0.0049979835748672485,0.00340315792709589,0.03189651668071747,0.00340315792709589,0.05,129,50323,0.015241048262118832,0.1813925951719284,0.20000000298023224,0.541071891784668,0.6000000238418579,0.09893951565027237,0.20000000298023224,frozen_mlp_surrogate_adjoint,450,450,450,500,18.05563235282898,18.05563235282898,0.040123627450731066
304,80.82099151611328,53.41486358642578,130.80465698242188,103.41486358642578,0.014676068909466267,0.00018765975255519152,0.38685521483421326,0.00018765975255519152,0.00018765975255519152,0.82064288854599,T020_060_020,0.005020298529416323,0.0034118499606847763,0.03216897323727608,0.0034118499606847763,0.05,158,50686,0.01767622546805681,0.18123452365398407,0.20000000298023224,0.5406405925750732,0.6000000238418579,0.09876777231693268,0.20000000298023224,frozen_mlp_surrogate_adjoint,450,450,450,500,18.05563235282898,18.05563235282898,0.040123627450731066
305,190.67385864257812,125.87712860107422,209.40383911132812,175.87713623046875,0.8326423168182373,0.915115237236023,0.9721059203147888,0.915115237236023,0.915115237236023,0.6895336508750916,T020_060_020,0.0050596920773386955,0.0002402244572294876,0.09638935327529907,0.0002402244572294876,0.05,222,50641,0.02292650514058973,0.13967561721801758,0.20000000298023224,0.42583489418029785,0.6000000238418579,0.12402311712503433,0.20000000298023224,frozen_mlp_surrogate_adjoint,450,450,450,500,18.05563235282898,18.05563235282898,0.040123627450731066
306,190.64126586914062,125.90255737304688,209.3463134765625,175.90255737304688,0.8323996067047119,0.9154363870620728,0.9716776609420776,0.9154363870620728,0.9154363870620728,0.6894965171813965,T020_060_020,0.005059824790805578,0.00023920433886814862,0.09641241282224655,0.00023920433886814862,0.05,40,50480,0.007560781754934473,0.1393478959798813,0.20000000298023224,0.4259738028049469,0.6000000238418579,0.12417483329772949,0.20000000298023224,frozen_mlp_surrogate_adjoint,450,450,450,500,18.05563235282898,18.05563235282898,0.040123627450731066
307,80.70442962646484,53.47388458251953,130.4540252685547,103.47388458251953,0.01380813680589199,0.0009328723535872996,0.3842443823814392,0.0009328723535872996,0.0009328723535872996,0.8211915493011475,T020_060_020,0.005064626690000296,0.003466003807261586,0.03197246044874191,0.003466003807261586,0.05,163,50749,0.01789684565194581,0.18150769174098969,0.20000000298023224,0.5413716435432434,0.6000000238418579,0.09831218421459198,0.20000000298023224,frozen_mlp_surrogate_adjoint,450,450,450,500,18.05563235282898,18.05563235282898,0.040123627450731066
308,81.23779296875,53.427005767822266,130.78042602539062,103.427001953125,0.01777956634759903,0.00034097826573997736,0.38667476177215576,0.00034097826573997736,0.00034097826573997736,0.8206228017807007,T020_060_020,0.00507350591942668,0.0034646971616894007,0.0321761779487133,0.0034646971616894007,0.05,179,50650,0.019063277981493702,0.18136656284332275,0.20000000298023224,0.5409963726997375,0.6000000238418579,0.09825988113880157,0.20000000298023224,frozen_mlp_surrogate_adjoint,450,450,450,500,18.05563235282898,18.05563235282898,0.040123627450731066
309,81.72964477539062,53.418663024902344,130.88192749023438,103.41866302490234,0.021441882476210594,0.00023563449212815613,0.3874305784702301,0.00023563449212815613,0.00023563449212815613,0.8204020261764526,T020_060_020,0.005115056410431862,0.003502284875139594,0.03225543349981308,0.003502284875139594,0.05,244,50812,0.024394592640426198,0.18140822649002075,0.20000000298023224,0.5411158204078674,0.6000000238418579,0.09787799417972565,0.20000000298023224,frozen_mlp_surrogate_adjoint,450,450,450,500,18.05563235282898,18.05563235282898,0.040123627450731066
310,79.1435546875,53.702659606933594,128.9629364013672,103.7026596069336,0.002185843652114272,0.0038214274682104588,0.37314173579216003,0.0038214274682104588,0.0038214274682104588,0.8236452341079712,T020_060_020,0.005126731004565954,0.0035716809798032045,0.031101003289222717,0.0035716809798032045,0.05,285,50090,0.029332324175759275,0.18243321776390076,0.20000000298023224,0.543639600276947,0.6000000238418579,0.09757242351770401,0.20000000298023224,frozen_mlp_surrogate_adjoint,450,450,450,500,18.05563235282898,18.05563235282898,0.040123627450731066
311,183.7992401123047,121.88019561767578,197.81399536132812,171.88018798828125,0.7814537286758423,0.8646489381790161,0.8858079314231873,0.8646489381790161,0.8646489381790161,0.6843660473823547,T020_060_020,0.005128383636474609,0.00014714382996317,0.09962479025125504,0.00014714382996317,0.05,339,50847,0.0352128078651835,0.13675424456596375,0.20000000298023224,0.4208458960056305,0.6000000238418579,0.1267659217119217,0.20000000298023224,frozen_mlp_surrogate_adjoint,450,450,450,500,18.05563235282898,18.05563235282898,0.040123627450731066
312,183.7801513671875,121.88188171386719,197.79571533203125,171.8818817138672,0.781311571598053,0.8646702766418457,0.8856717348098755,0.8646702766418457,0.8646702766418457,0.6841900944709778,T020_060_020,0.0051284534856677055,0.00014165886386763304,0.09973589330911636,0.00014165886386763304,0.05,127,50133,0.015188735354193648,0.13672825694084167,0.20000000298023224,0.4205419421195984,0.6000000238418579,0.1269199401140213,0.20000000298023224,frozen_mlp_surrogate_adjoint,450,450,450,500,18.05563235282898,18.05563235282898,0.040123627450731066
313,79.04009246826172,53.72712707519531,128.8063201904297,103.72712707519531,0.0014154311502352357,0.004130369517952204,0.37197554111480713,0.004130369517952204,0.004130369517952204,0.8238859176635742,T020_060_020,0.005139914341270924,0.00358910602517426,0.031016169115900993,0.00358910602517426,0.05,283,50643,0.029076977755136166,0.18256348371505737,0.20000000298023224,0.543894350528717,0.6000000238418579,0.09742807596921921,0.20000000298023224,frozen_mlp_surrogate_adjoint,450,450,450,500,18.05563235282898,18.05563235282898,0.040123627450731066
314,190.26400756835938,124.53005981445312,208.5048828125,174.53005981445312,0.8295905590057373,0.8981068134307861,0.9654122591018677,0.8981068134307861,0.8981068134307861,0.6898277997970581,T020_060_020,0.005146294832229614,0.0003359549446031451,0.09620679169893265,0.0003359549446031451,0.05,137,50771,0.016192768483535465,0.14502519369125366,0.20000000298023224,0.4245944321155548,0.6000000238418579,0.12020816653966904,0.20000000298023224,frozen_mlp_surrogate_adjoint,450,450,450,500,18.05563235282898,18.05563235282898,0.040123627450731066
315,187.35586547851562,122.67447662353516,203.60824584960938,172.67446899414062,0.8079364895820618,0.8746777772903442,0.9289518594741821,0.8746777772903442,0.8746777772903442,0.6895084977149963,T020_060_020,0.0051530455239117146,0.0003327969752717763,0.09640496969223022,0.0003327969752717763,0.05,105,50527,0.01351855453223639,0.14496418833732605,0.20000000298023224,0.42431315779685974,0.6000000238418579,0.12023116648197174,0.20000000298023224,frozen_mlp_surrogate_adjoint,450,450,450,500,18.05563235282898,18.05563235282898,0.040123627450731066
316,188.6488037109375,123.26377868652344,205.64865112304688,173.26377868652344,0.8175636529922485,0.8821184039115906,0.9441448450088501,0.8821184039115906,0.8821184039115906,0.6902852058410645,T020_060_020,0.005159566178917885,0.000363403552910313,0.09592325240373611,0.000363403552910313,0.05,187,50819,0.019663329773516952,0.1460895836353302,0.20000000298023224,0.42469266057014465,0.6000000238418579,0.1195029467344284,0.20000000298023224,frozen_mlp_surrogate_adjoint,450,450,450,500,18.05563235282898,18.05563235282898,0.040123627450731066
317,80.14400482177734,53.674381256103516,129.2395477294922,103.67437744140625,0.009635167196393013,0.0034643865656107664,0.37520137429237366,0.0034643865656107664,0.0034643865656107664,0.8231012225151062,T020_060_020,0.005201226565986872,0.003636567620560527,0.031293176114559174,0.003636567620560527,0.05,382,50698,0.04165384092227083,0.1824350357055664,0.20000000298023224,0.5437548160552979,0.6000000238418579,0.09691136330366135,0.20000000298023224,frozen_mlp_surrogate_adjoint,450,450,450,500,18.05563235282898,18.05563235282898,0.040123627450731066
318,81.10227966308594,53.77729034423828,128.13101196289062,103.77729034423828,0.016770528629422188,0.004763757809996605,0.3669472932815552,0.004763757809996605,0.004763757809996605,0.82325679063797,T020_060_020,0.005401042755693197,0.003839134471490979,0.031238162890076637,0.003839134471490979,0.05,427,50120,0.049718644503405,0.1865348368883133,0.20000000298023224,0.5425422191619873,0.6000000238418579,0.09417973458766937,0.20000000298023224,frozen_mlp_surrogate_adjoint,450,450,450,500,18.05563235282898,18.05563235282898,0.040123627450731066
319,82.98541259765625,53.590797424316406,130.31764221191406,103.5907974243164,0.03079237975180149,0.00240901717916131,0.3832288980484009,0.00240901717916131,0.00240901717916131,0.8217019438743591,T020_060_020,0.005415075458586216,0.003825565567240119,0.031790196895599365,0.003825565567240119,0.05,331,50092,0.03447870420824751,0.1810532659292221,0.20000000298023224,0.5452040433883667,0.6000000238418579,0.09544462710618973,0.20000000298023224,frozen_mlp_surrogate_adjoint,450,450,450,500,18.05563235282898,18.05563235282898,0.040123627450731066
320,80.13907623291016,53.95164108276367,127.14576721191406,103.95164489746094,0.009598507545888424,0.006965134292840958,0.3596110939979553,0.006965134292840958,0.006965134292840958,0.825047492980957,T020_060_020,0.005454861093312502,0.0039244419895112514,0.03060838021337986,0.0039244419895112514,0.05,416,50218,0.04781967185909659,0.18716025352478027,0.20000000298023224,0.5442779064178467,0.6000000238418579,0.09360933303833008,0.20000000298023224,frozen_mlp_surrogate_adjoint,450,450,450,500,18.05563235282898,18.05563235282898,0.040123627450731066
321,119.01510620117188,81.30958557128906,204.78250122070312,131.30958557128906,0.2990700602531433,0.3523937463760376,0.9376953840255737,0.3523937463760376,0.3523937463760376,0.6550812721252441,T020_060_020,0.006053126882761717,0.0001046805627993308,0.11896892637014389,0.0001046805627993308,0.05,223,50280,0.022977076349580423,0.12700405716896057,0.20000000298023224,0.40249186754226685,0.6000000238418579,0.12558528780937195,0.20000000298023224,frozen_mlp_surrogate_adjoint,450,450,450,500,18.05563235282898,18.05563235282898,0.040123627450731066
322,111.1978759765625,82.38389587402344,207.91592407226562,132.38389587402344,0.2408628612756729,0.3659583330154419,0.9610270261764526,0.3659583330154419,0.3659583330154419,0.6552399396896362,T020_060_020,0.006059358362108469,0.00011638300929917023,0.11885949969291687,0.00011638300929917023,0.05,438,50816,0.0520955087414587,0.12556521594524384,0.20000000298023224,0.4031245708465576,0.6000000238418579,0.12655016779899597,0.20000000298023224,frozen_mlp_surrogate_adjoint,450,450,450,500,18.05563235282898,18.05563235282898,0.040123627450731066
323,111.20002746582031,82.38652038574219,207.92147827148438,132.3865203857422,0.2408788502216339,0.36599141359329224,0.961068332195282,0.36599141359329224,0.36599141359329224,0.6551870107650757,T020_060_020,0.006059365347027779,0.0001145651622209698,0.1188960000872612,0.0001145651622209698,0.05,27,50591,0.006325386687367208,0.12558458745479584,0.20000000298023224,0.40301281213760376,0.6000000238418579,0.1265895664691925,0.20000000298023224,frozen_mlp_surrogate_adjoint,450,450,450,500,18.05563235282898,18.05563235282898,0.040123627450731066
324,111.1938705444336,82.37871551513672,207.87860107421875,132.37872314453125,0.24083298444747925,0.3658928871154785,0.960749089717865,0.3658928871154785,0.3658928871154785,0.6552615165710449,T020_060_020,0.006059370934963226,0.00011713998537743464,0.11884462088346481,0.00011713998537743464,0.05,46,50723,0.008214616375223867,0.1256328523159027,0.20000000298023224,0.4031752943992615,0.6000000238418579,0.12645338475704193,0.20000000298023224,frozen_mlp_surrogate_adjoint,450,450,450,500,18.05563235282898,18.05563235282898,0.040123627450731066
325,111.13085174560547,82.3060302734375,207.26589965820312,132.3060302734375,0.24036374688148499,0.36497509479522705,0.956186830997467,0.36497509479522705,0.36497509479522705,0.6552969217300415,T020_060_020,0.0060626608319580555,0.00012165032239863649,0.11882021278142929,0.00012165032239863649,0.05,219,50330,0.02268747946625926,0.12693393230438232,0.20000000298023224,0.40333986282348633,0.6000000238418579,0.12502315640449524,0.20000000298023224,frozen_mlp_surrogate_adjoint,450,450,450,500,18.05563235282898,18.05563235282898,0.040123627450731066
326,115.34385681152344,81.19175720214844,200.7314910888672,131.19175720214844,0.271733820438385,0.35090604424476624,0.9075315594673157,0.35090604424476624,0.35090604424476624,0.6588156819343567,T020_060_020,0.006088197231292725,0.0002678598102647811,0.11640673875808716,0.0002678598102647811,0.05,411,50151,0.046788634392927624,0.14181765913963318,0.20000000298023224,0.40019047260284424,0.6000000238418579,0.11680752038955688,0.20000000298023224,frozen_mlp_surrogate_adjoint,450,450,450,500,18.05563235282898,18.05563235282898,0.040123627450731066
327,115.34121704101562,81.18936920166016,200.73297119140625,131.18936157226562,0.2717141807079315,0.3508758544921875,0.9075426459312439,0.3508758544921875,0.3508758544921875,0.6588371992111206,T020_060_020,0.0060882000252604485,0.00026859730132855475,0.11639205366373062,0.00026859730132855475,0.05,293,50728,0.02999635000406795,0.14174151420593262,0.20000000298023224,0.4003288745880127,0.6000000238418579,0.11676681041717529,0.20000000298023224,frozen_mlp_surrogate_adjoint,450,450,450,500,18.05563235282898,18.05563235282898,0.040123627450731066
328,115.32099151611328,81.19017028808594,200.7098388671875,131.19017028808594,0.2715636193752289,0.3508860170841217,0.9073703289031982,0.3508860170841217,0.3508860170841217,0.6589034795761108,T020_060_020,0.006088256370276213,0.0002709142863750458,0.11634683609008789,0.0002709142863750458,0.05,35,50695,0.006932012935098963,0.14190983772277832,0.20000000298023224,0.4002513885498047,0.6000000238418579,0.11674225330352783,0.20000000298023224,frozen_mlp_surrogate_adjoint,450,450,450,500,18.05563235282898,18.05563235282898,0.040123627450731066
329,126.84384155273438,78.39962768554688,196.59552001953125,128.39962768554688,0.35736292600631714,0.31565186381340027,0.8767350316047668,0.31565186381340027,0.31565186381340027,0.6555505990982056,T020_060_020,0.006212266627699137,0.00027999712619930506,0.11864539235830307,0.00027999712619930506,0.05,241,50318,0.024263174790135913,0.13882282376289368,0.20000000298023224,0.4011306166648865,0.6000000238418579,0.11559709906578064,0.20000000298023224,frozen_mlp_surrogate_adjoint,450,450,450,500,18.05563235282898,18.05563235282898,0.040123627450731066
330,126.58201599121094,78.46845245361328,196.7065887451172,128.46844482421875,0.3554133474826813,0.3165208697319031,0.8775621056556702,0.3165208697319031,0.3165208697319031,0.655510425567627,T020_060_020,0.006212463136762381,0.00027881021378561854,0.11867306381464005,0.00027881021378561854,0.05,201,50275,0.021239469674925755,0.1387854516506195,0.20000000298023224,0.4011020064353943,0.6000000238418579,0.11562301963567734,0.20000000298023224,frozen_mlp_surrogate_adjoint,450,450,450,500,18.05563235282898,18.05563235282898,0.040123627450731066
331,125.36105346679688,78.77171325683594,197.14849853515625,128.77171325683594,0.34632202982902527,0.32034993171691895,0.8808525204658508,0.32034993171691895,0.32034993171691895,0.6555436253547668,T020_060_020,0.006213309708982706,0.00028080015908926725,0.11865019053220749,0.00028080015908926725,0.05,398,50661,0.044086167108552836,0.1388380378484726,0.20000000298023224,0.40113192796707153,0.6000000238418579,0.11557362973690033,0.20000000298023224,frozen_mlp_surrogate_adjoint,450,450,450,500,18.05563235282898,18.05563235282898,0.040123627450731066
332,125.31625366210938,78.78762817382812,197.18496704101562,128.78762817382812,0.34598851203918457,0.3205508887767792,0.8811240792274475,0.3205508887767792,0.3205508887767792,0.6554852724075317,T020_060_020,0.006213354412466288,0.00027883474831469357,0.11869039386510849,0.00027883474831469357,0.05,363,116,0.038699645432784396,0.1387808918952942,0.20000000298023224,0.4010864794254303,0.6000000238418579,0.11561787873506546,0.20000000298023224,frozen_mlp_surrogate_adjoint,450,450,450,500,18.05563235282898,18.05563235282898,0.040123627450731066
333,124.84269714355469,78.9031753540039,197.34747314453125,128.90316772460938,0.34246236085891724,0.32200977206230164,0.8823341727256775,0.32200977206230164,0.32200977206230164,0.655523955821991,T020_060_020,0.006213679444044828,0.00028049209504388273,0.1186637431383133,0.00028049209504388273,0.05,178,60,0.019011998957923375,0.13882750272750854,0.20000000298023224,0.401117742061615,0.6000000238418579,0.11557870358228683,0.20000000298023224,frozen_mlp_surrogate_adjoint,450,450,450,500,18.05563235282898,18.05563235282898,0.040123627450731066
334,124.23738098144531,79.05633544921875,197.5784912109375,129.05633544921875,0.33795517683029175,0.3239436745643616,0.8840543627738953,0.3239436745643616,0.3239436745643616,0.6555052995681763,T020_060_020,0.0062141078524291515,0.0002802778035402298,0.11867659538984299,0.0002802778035402298,0.05,68,50244,0.010613822736226686,0.1388186663389206,0.20000000298023224,0.40110528469085693,0.6000000238418579,0.11558135598897934,0.20000000298023224,frozen_mlp_surrogate_adjoint,450,450,450,500,18.05563235282898,18.05563235282898,0.040123627450731066
335,124.150634765625,79.07960510253906,197.61715698242188,129.07960510253906,0.33730924129486084,0.3242374360561371,0.8843422532081604,0.3242374360561371,0.3242374360561371,0.6554863452911377,T020_060_020,0.006214170716702938,0.0002796880144160241,0.1186896562576294,0.0002796880144160241,0.05,204,45,0.021484398664449646,0.1388012170791626,0.20000000298023224,0.40109074115753174,0.6000000238418579,0.11559435725212097,0.20000000298023224,frozen_mlp_surrogate_adjoint,450,450,450,500,18.05563235282898,18.05563235282898,0.040123627450731066
336,123.89776611328125,79.14102172851562,197.70285034179688,129.14102172851562,0.3354264497756958,0.32501286268234253,0.8849802017211914,0.32501286268234253,0.32501286268234253,0.6555104851722717,T020_060_020,0.0062143439427018166,0.00028069253312423825,0.11867302656173706,0.00028069253312423825,0.05,447,50657,0.055527818399970084,0.13882897794246674,0.20000000298023224,0.4011107087135315,0.6000000238418579,0.11557076871395111,0.20000000298023224,frozen_mlp_surrogate_adjoint,450,450,450,500,18.05563235282898,18.05563235282898,0.040123627450731066
337,195.13424682617188,68.03499603271484,78.88999938964844,118.03499603271484,0.8658543229103088,0.18478527665138245,0.0002978496777359396,0.18478527665138245,0.18478527665138245,0.9617500901222229,T020_060_020,0.006297986023128033,0.006224833428859711,0.0014630556106567383,0.006224833428859711,0.05,376,50021,0.04110212494245955,0.19119922816753387,0.20000000298023224,0.6705535054206848,0.6000000238418579,0.09999735653400421,0.20000000298023224,frozen_mlp_surrogate_adjoint,450,450,450,500,18.05563235282898,18.05563235282898,0.040123627450731066
338,133.57305908203125,75.8629379272461,188.9414520263672,125.8629379272461,0.40746885538101196,0.28362298011779785,0.819742739200592,0.28362298011779785,0.28362298011779785,0.6600037813186646,T020_060_020,0.0063027022406458855,0.0005228310474194586,0.1155974268913269,0.0005228310474194586,0.05,63,50221,0.009751650565886016,0.1445956975221634,0.20000000298023224,0.40462619066238403,0.6000000238418579,0.11078192293643951,0.20000000298023224,frozen_mlp_surrogate_adjoint,450,450,450,500,18.05563235282898,18.05563235282898,0.040123627450731066
339,133.56398010253906,75.87603759765625,189.0032958984375,125.87603759765625,0.4074011743068695,0.2837882936000824,0.8202032446861267,0.2837882936000824,0.2837882936000824,0.6598788499832153,T020_060_020,0.0063027977012097836,0.0005186779308132827,0.11568239331245422,0.0005186779308132827,0.05,335,50599,0.03479526083377641,0.14453284442424774,0.20000000298023224,0.4044986963272095,0.6000000238418579,0.11084732413291931,0.20000000298023224,frozen_mlp_surrogate_adjoint,450,450,450,500,18.05563235282898,18.05563235282898,0.040123627450731066
340,132.28201293945312,76.36813354492188,190.93707275390625,126.36813354492188,0.39785563945770264,0.2900017201900482,0.8346021771430969,0.2900017201900482,0.2900017201900482,0.659846842288971,T020_060_020,0.006306344643235207,0.0005211359239183366,0.11570417135953903,0.0005211359239183366,0.05,380,50252,0.04156425487647307,0.1445760726928711,0.20000000298023224,0.4044760763645172,0.6000000238418579,0.11079472303390503,0.20000000298023224,frozen_mlp_surrogate_adjoint,450,450,450,500,18.05563235282898,18.05563235282898,0.040123627450731066
341,194.8437042236328,67.91423797607422,79.1722640991211,117.91423797607422,0.8636910319328308,0.18326056003570557,0.0023995714727789164,0.18326056003570557,0.18326056003570557,0.959143340587616,T020_060_020,0.006336813792586327,0.006253350526094437,0.0016692666104063392,0.006253350526094437,0.05,64,50491,0.009998266115701124,0.18641752004623413,0.20000000298023224,0.6709668636322021,0.6000000238418579,0.10175897181034088,0.20000000298023224,frozen_mlp_surrogate_adjoint,450,450,450,500,18.05563235282898,18.05563235282898,0.040123627450731066
342,91.92312622070312,83.93144989013672,208.0123291015625,133.93145751953125,0.09734272956848145,0.38549813628196716,0.9617448449134827,0.38549813628196716,0.38549813628196716,0.6479175686836243,T020_060_020,0.006364930421113968,0.00016682822024449706,0.12396203726530075,0.00016682822024449706,0.05,323,50281,0.033482696632724546,0.13418927788734436,0.20000000298023224,0.3958891034126282,0.6000000238418579,0.11783915013074875,0.20000000298023224,frozen_mlp_surrogate_adjoint,450,450,450,500,18.05563235282898,18.05563235282898,0.040123627450731066
343,195.81118774414062,67.97732543945312,80.05567932128906,117.97732543945312,0.8708949089050293,0.18405713140964508,0.008977525867521763,0.18405713140964508,0.18405713140964508,0.9592081308364868,T020_060_020,0.006372042465955019,0.00628884369507432,0.0016639765817672014,0.00628884369507432,0.05,65,50310,0.010004505601016875,0.1829279065132141,0.20000000298023224,0.6728244423866272,0.6000000238418579,0.10345576703548431,0.20000000298023224,frozen_mlp_surrogate_adjoint,450,450,450,500,18.05563235282898,18.05563235282898,0.040123627450731066
344,195.99295043945312,68.01473999023438,80.06207275390625,118.01473999023438,0.8722482919692993,0.18452957272529602,0.009025122970342636,0.18452957272529602,0.18452957272529602,0.959861159324646,T020_060_020,0.006375658325850964,0.006295102182775736,0.0016111265867948532,0.006295102182775736,0.05,55,50131,0.009246954687060192,0.18377457559108734,0.20000000298023224,0.6730178594589233,0.6000000238418579,0.10306873917579651,0.20000000298023224,frozen_mlp_surrogate_adjoint,450,450,450,500,18.05563235282898,18.05563235282898,0.040123627450731066
345,196.71575927734375,68.08078002929688,80.55604553222656,118.08078002929688,0.8776304125785828,0.18536335229873657,0.012703244574368,0.18536335229873657,0.18536335229873657,0.9604405164718628,T020_060_020,0.00640101870521903,0.006322770845144987,0.001564952777698636,0.006322770845144987,0.05,70,50485,0.010637093991075942,0.18260237574577332,0.20000000298023224,0.6741797924041748,0.6000000238418579,0.10365833342075348,0.20000000298023224,frozen_mlp_surrogate_adjoint,450,450,450,500,18.05563235282898,18.05563235282898,0.040123627450731066
346,197.8847198486328,68.2433090209961,81.19078063964844,118.2433090209961,0.8863344788551331,0.1874154806137085,0.017429521307349205,0.1874154806137085,0.1874154806137085,0.9625542163848877,T020_060_020,0.006433398462831974,0.006363288965076208,0.0014021866954863071,0.006363288965076208,0.05,136,50488,0.016127582517726984,0.18295013904571533,0.20000000298023224,0.6759874820709229,0.6000000238418579,0.1036166250705719,0.20000000298023224,frozen_mlp_surrogate_adjoint,450,450,450,500,18.05563235282898,18.05563235282898,0.040123627450731066
347,196.8857421875,67.89628601074219,81.65969848632812,117.89628601074219,0.8788961172103882,0.18303392827510834,0.020921090617775917,0.18303392827510834,0.18303392827510834,0.9557573795318604,T020_060_020,0.006441975012421608,0.006344104651361704,0.0019574095495045185,0.006344104651361704,0.05,118,50589,0.014257735370197705,0.17212912440299988,0.20000000298023224,0.674733579158783,0.6000000238418579,0.1088947057723999,0.20000000298023224,frozen_mlp_surrogate_adjoint,450,450,450,500,18.05563235282898,18.05563235282898,0.040123627450731066
348,196.95257568359375,67.90328979492188,81.69599151611328,117.90328979492188,0.8793936371803284,0.18312233686447144,0.02119133435189724,0.18312233686447144,0.18312233686447144,0.955835223197937,T020_060_020,0.00644217012450099,0.006344643887132406,0.0019505275413393974,0.006344643887132406,0.05,340,50484,0.03551019704682373,0.17209669947624207,0.20000000298023224,0.6748085021972656,0.6000000238418579,0.10892997682094574,0.20000000298023224,frozen_mlp_surrogate_adjoint,450,450,450,500,18.05563235282898,18.05563235282898,0.040123627450731066
349,197.04568481445312,67.88349151611328,81.89058685302734,117.88349151611328,0.8800869584083557,0.18287236988544464,0.022640276700258255,0.18287236988544464,0.18287236988544464,0.9549475908279419,T020_060_020,0.0064433421939611435,0.006341856438666582,0.002029719529673457,0.006341856438666582,0.05,142,50430,0.01658633979657294,0.17066410183906555,0.20000000298023224,0.6745921969413757,0.6000000238418579,0.10969126224517822,0.20000000298023224,frozen_mlp_surrogate_adjoint,450,450,450,500,18.05563235282898,18.05563235282898,0.040123627450731066
350,197.0858154296875,67.88629913330078,81.93182373046875,117.88629913330078,0.8803858757019043,0.1829078048467636,0.022947324439883232,0.1829078048467636,0.1829078048467636,0.9549165964126587,T020_060_020,0.0064438264816999435,0.00634220102801919,0.00203251326456666,0.00634220102801919,0.05,205,50408,0.02151323168321346,0.17051222920417786,0.20000000298023224,0.67462158203125,0.6000000238418579,0.10978280007839203,0.20000000298023224,frozen_mlp_surrogate_adjoint,450,450,450,500,18.05563235282898,18.05563235282898,0.040123627450731066
351,197.169189453125,67.91081237792969,81.91487121582031,117.91081237792969,0.8810065388679504,0.1832173466682434,0.022821083664894104,0.1832173466682434,0.1832173466682434,0.9556356072425842,T020_060_020,0.006444077007472515,0.006345666944980621,0.001968199387192726,0.006345666944980621,0.05,117,137,0.014256327010448093,0.17107808589935303,0.20000000298023224,0.6750093698501587,0.6000000238418579,0.10954814404249191,0.20000000298023224,frozen_mlp_surrogate_adjoint,450,450,450,500,18.05563235282898,18.05563235282898,0.040123627450731066
352,197.16775512695312,67.90621948242188,81.93342590332031,117.90621948242188,0.8809959292411804,0.18315932154655457,0.02295924350619316,0.18315932154655457,0.18315932154655457,0.9554623365402222,T020_060_020,0.006444149184972048,0.006344968918710947,0.001983603462576866,0.006344968918710947,0.05,267,50799,0.02663869389880916,0.1708947718143463,0.20000000298023224,0.6749328374862671,0.6000000238418579,0.10963475704193115,0.20000000298023224,frozen_mlp_surrogate_adjoint,450,450,450,500,18.05563235282898,18.05563235282898,0.040123627450731066
353,197.22972106933594,67.91738891601562,81.95726013183594,117.91738891601562,0.8814573287963867,0.18330037593841553,0.023136712610721588,0.18330037593841553,0.18330037593841553,0.9557077884674072,T020_060_020,0.006444679573178291,0.006346589419990778,0.0019618000369518995,0.006346589419990778,0.05,361,50498,0.03842065202316075,0.17099377512931824,0.20000000298023224,0.6750999093055725,0.6000000238418579,0.10961415618658066,0.20000000298023224,frozen_mlp_surrogate_adjoint,450,450,450,500,18.05563235282898,18.05563235282898,0.040123627450731066
354,197.3260040283203,67.93883514404297,81.9723892211914,117.93883514404297,0.8821742534637451,0.18357113003730774,0.02324937842786312,0.18357113003730774,0.18357113003730774,0.956093966960907,T020_060_020,0.0064450823701918125,0.006348695605993271,0.0019277397077530622,0.006348695605993271,0.05,410,50000,0.04677299979207704,0.17141112685203552,0.20000000298023224,0.675271213054657,0.6000000238418579,0.10941165685653687,0.20000000298023224,frozen_mlp_surrogate_adjoint,450,450,450,500,18.05563235282898,18.05563235282898,0.040123627450731066
355,197.31423950195312,67.96430206298828,81.83905792236328,117.96430206298828,0.8820866346359253,0.18389269709587097,0.022256577387452126,0.18389269709587097,0.18389269709587097,0.9567428231239319,T020_060_020,0.006445133127272129,0.00635157385841012,0.00187118339817971,0.00635157385841012,0.05,115,50325,0.014193424874943524,0.17275294661521912,0.20000000298023224,0.675330400466919,0.6000000238418579,0.10865946114063263,0.20000000298023224,frozen_mlp_surrogate_adjoint,450,450,450,500,18.05563235282898,18.05563235282898,0.040123627450731066
356,197.238525390625,67.91712951660156,81.97578430175781,117.91712951660156,0.8815228939056396,0.1832970529794693,0.023274628445506096,0.1832970529794693,0.1832970529794693,0.9556485414505005,T020_060_020,0.006445611827075481,0.0063472590409219265,0.001967051764950156,0.0063472590409219265,0.05,165,50065,0.018113966039399253,0.1708923578262329,0.20000000298023224,0.675093412399292,0.6000000238418579,0.10966275632381439,0.20000000298023224,frozen_mlp_surrogate_adjoint,450,450,450,500,18.05563235282898,18.05563235282898,0.040123627450731066
357,197.46136474609375,67.96835327148438,81.98992156982422,117.96835327148438,0.883182168006897,0.18394382297992706,0.023379897698760033,0.18394382297992706,0.18394382297992706,0.9566055536270142,T020_060_020,0.006446097977459431,0.00635194405913353,0.0018830780172720551,0.00635194405913353,0.05,189,50792,0.019896067741246134,0.17201414704322815,0.20000000298023224,0.6754828691482544,0.6000000238418579,0.10910853743553162,0.20000000298023224,frozen_mlp_surrogate_adjoint,450,450,450,500,18.05563235282898,18.05563235282898,0.040123627450731066
358,197.45953369140625,67.96793365478516,81.99889373779297,117.96793365478516,0.8831685781478882,0.18393853306770325,0.023446740582585335,0.18393853306770325,0.18393853306770325,0.9565843939781189,T020_060_020,0.006446139886975288,0.006351894233375788,0.0018849148182198405,0.006351894233375788,0.05,199,50178,0.021119415047764375,0.1719534695148468,0.20000000298023224,0.6754870414733887,0.6000000238418579,0.109143927693367,0.20000000298023224,frozen_mlp_surrogate_adjoint,450,450,450,500,18.05563235282898,18.05563235282898,0.040123627450731066
359,83.28241729736328,83.92686462402344,204.74371337890625,133.92686462402344,0.033003877848386765,0.3854402005672455,0.937406599521637,0.3854402005672455,0.3854402005672455,0.6565154790878296,T020_060_020,0.006446170154958963,0.0005470894393511117,0.11798161268234253,0.0005470894393511117,0.05,128,50262,0.015193522860901112,0.1461438685655594,0.20000000298023224,0.4002190828323364,0.6000000238418579,0.11015255004167557,0.20000000298023224,frozen_mlp_surrogate_adjoint,450,450,450,500,18.05563235282898,18.05563235282898,0.040123627450731066
360,197.413330078125,67.95602416992188,82.00184631347656,117.95602416992188,0.8828244805335999,0.1837882250547409,0.023468732833862305,0.1837882250547409,0.1837882250547409,0.956363320350647,T020_060_020,0.006446234416216612,0.006351026240736246,0.0019041597843170166,0.006351026240736246,0.05,337,50469,0.03501823234851907,0.17165255546569824,0.20000000298023224,0.6754134297370911,0.6000000238418579,0.10929732024669647,0.20000000298023224,frozen_mlp_surrogate_adjoint,450,450,450,500,18.05563235282898,18.05563235282898,0.040123627450731066
361,197.6097412109375,67.97381591796875,82.14253234863281,117.97381591796875,0.8842869997024536,0.184012770652771,0.024516243487596512,0.184012770652771,0.184012770652771,0.956491231918335,T020_060_020,0.006447327323257923,0.006352676544338465,0.0018930129008367658,0.006352676544338465,0.05,279,50691,0.028481548571565398,0.17129990458488464,0.20000000298023224,0.6756430864334106,0.6000000238418579,0.10954821109771729,0.20000000298023224,frozen_mlp_surrogate_adjoint,450,450,450,500,18.05563235282898,18.05563235282898,0.040123627450731066
362,197.45327758789062,67.93013000488281,82.1587905883789,117.93013000488281,0.8831219673156738,0.18346120417118073,0.024637334048748016,0.18346120417118073,0.18346120417118073,0.9555459022521973,T020_060_020,0.006447451654821634,0.006348643451929092,0.0019761668518185616,0.006348643451929092,0.05,308,50146,0.03161244548315397,0.17022959887981415,0.20000000298023224,0.675244927406311,0.6000000238418579,0.11007136106491089,0.20000000298023224,frozen_mlp_surrogate_adjoint,450,450,450,500,18.05563235282898,18.05563235282898,0.040123627450731066
363,197.501708984375,67.95252227783203,82.09276580810547,117.95252227783203,0.8834825754165649,0.18374395370483398,0.02414572425186634,0.18374395370483398,0.18374395370483398,0.9561749696731567,T020_060_020,0.006447707302868366,0.00635167583823204,0.0019206332508474588,0.00635167583823204,0.05,198,50804,0.0209289771213965,0.17106693983078003,0.20000000298023224,0.6754714250564575,0.6000000238418579,0.10963663458824158,0.20000000298023224,frozen_mlp_surrogate_adjoint,450,450,450,500,18.05563235282898,18.05563235282898,0.040123627450731066
364,197.6712646484375,68.00020599365234,82.077880859375,118.00020599365234,0.8847451210021973,0.18434599041938782,0.024034861475229263,0.18434599041938782,0.18434599041938782,0.9570610523223877,T020_060_020,0.00644829124212265,0.00635610381141305,0.001843753270804882,0.00635610381141305,0.05,320,50566,0.03312841593223925,0.1722813993692398,0.20000000298023224,0.6757720112800598,0.6000000238418579,0.10900768637657166,0.20000000298023224,frozen_mlp_surrogate_adjoint,450,450,450,500,18.05563235282898,18.05563235282898,0.040123627450731066
365,197.80593872070312,68.01512908935547,82.18412017822266,118.01512908935547,0.8857477903366089,0.1845344752073288,0.024825921282172203,0.1845344752073288,0.1845344752073288,0.9571831226348877,T020_060_020,0.006448457948863506,0.00635679392144084,0.0018332849722355604,0.00635679392144084,0.05,220,50242,0.022769095436416798,0.17205044627189636,0.20000000298023224,0.6759500503540039,0.6000000238418579,0.10918258130550385,0.20000000298023224,frozen_mlp_surrogate_adjoint,450,450,450,500,18.05563235282898,18.05563235282898,0.040123627450731066
366,197.81082153320312,68.01913452148438,82.16963195800781,118.01913452148438,0.8857841491699219,0.18458500504493713,0.024718021973967552,0.18458500504493713,0.18458500504493713,0.9572761058807373,T020_060_020,0.006448561325669289,0.006357294972985983,0.0018253311282023787,0.006357294972985983,0.05,338,50104,0.03513813196816342,0.1722254753112793,0.20000000298023224,0.6759652495384216,0.6000000238418579,0.10908535122871399,0.20000000298023224,frozen_mlp_surrogate_adjoint,450,450,450,500,18.05563235282898,18.05563235282898,0.040123627450731066
367,197.95289611816406,68.04270935058594,82.2280502319336,118.04270935058594,0.8868421316146851,0.18488267064094543,0.0251530222594738,0.18488267064094543,0.18488267064094543,0.957622230052948,T020_060_020,0.006449686363339424,0.0063598924316465855,0.0017958753742277622,0.0063598924316465855,0.05,231,50155,0.02373847158916903,0.17246165871620178,0.20000000298023224,0.6761692762374878,0.6000000238418579,0.108991339802742,0.20000000298023224,frozen_mlp_surrogate_adjoint,450,450,450,500,18.05563235282898,18.05563235282898,0.040123627450731066
368,86.78091430664062,83.72459411621094,204.1808624267578,133.72459411621094,0.059053730219602585,0.38288623094558716,0.9332156181335449,0.38288623094558716,0.38288623094558716,0.6565744876861572,T020_060_020,0.006463801953941584,0.0005667480290867388,0.11794108152389526,0.0005667480290867388,0.05,200,50142,0.021200160987766867,0.14648324251174927,0.20000000298023224,0.4002860486507416,0.6000000238418579,0.10980520397424698,0.20000000298023224,frozen_mlp_surrogate_adjoint,450,450,450,500,18.05563235282898,18.05563235282898,0.040123627450731066
369,86.80379486083984,83.70526123046875,204.04246520996094,133.70526123046875,0.05922407656908035,0.3826421797275543,0.9321851134300232,0.3826421797275543,0.3826421797275543,0.6570224761962891,T020_060_020,0.006464987061917782,0.0005833077593706548,0.11763358116149902,0.0005833077593706548,0.05,248,50249,0.024586474583790322,0.14684361219406128,0.20000000298023224,0.40059807896614075,0.6000000238418579,0.10958077013492584,0.20000000298023224,frozen_mlp_surrogate_adjoint,450,450,450,500,18.05563235282898,18.05563235282898,0.040123627450731066
370,87.3869400024414,83.63846588134766,203.71029663085938,133.63845825195312,0.06356621533632278,0.3817988336086273,0.9297118782997131,0.3817988336086273,0.3817988336086273,0.6578408479690552,T020_060_020,0.006469500716775656,0.0006158560863696039,0.11707288771867752,0.0006158560863696039,0.05,408,50784,0.046235590274497584,0.14752478897571564,0.20000000298023224,0.4011765122413635,0.6000000238418579,0.10913954675197601,0.20000000298023224,frozen_mlp_surrogate_adjoint,450,450,450,500,18.05563235282898,18.05563235282898,0.040123627450731066
371,207.86972045898438,69.3046646118164,82.10704803466797,119.3046646118164,0.9606828689575195,0.20081646740436554,0.0242520272731781,0.20081646740436554,0.20081646740436554,0.978488028049469,T020_060_020,0.007228962145745754,0.00720582390204072,0.00046276493230834603,0.00720582390204072,0.05,170,50751,0.018454590900678,0.20486795902252197,0.20000000298023224,0.6839257478713989,0.6000000238418579,0.0896943137049675,0.20000000298023224,frozen_mlp_surrogate_adjoint,450,450,450,500,18.05563235282898,18.05563235282898,0.040123627450731066
372,209.54367065429688,69.46296691894531,82.83616638183594,119.46296691894531,0.9731470942497253,0.20281526446342468,0.029681095853447914,0.20281526446342468,0.20281526446342468,0.9816946387290955,T020_060_020,0.007230736780911684,0.007213982287794352,0.00033508625347167253,0.007213982287794352,0.05,67,50180,0.010446005774623672,0.20464828610420227,0.20000000298023224,0.6867279410362244,0.6000000238418579,0.09031838178634644,0.20000000298023224,frozen_mlp_surrogate_adjoint,450,450,450,500,18.05563235282898,18.05563235282898,0.040123627450731066
373,179.28102111816406,115.07843017578125,173.2149658203125,165.07843017578125,0.7478110194206238,0.7787681221961975,0.7026430368423462,0.7787681221961975,0.7787681221961975,0.6072000861167908,T020_060_020,0.007762424647808075,4.7835568693699315e-05,0.1542917788028717,4.7835568693699315e-05,0.05,367,50075,0.03938926247192801,0.1174226924777031,0.20000000298023224,0.3701169490814209,0.6000000238418579,0.11966045945882797,0.20000000298023224,frozen_mlp_surrogate_adjoint,450,450,450,500,18.05563235282898,18.05563235282898,0.040123627450731066
374,179.27407836914062,115.08348083496094,173.22006225585938,165.08348083496094,0.7477594017982483,0.7788318395614624,0.7026810646057129,0.7788318395614624,0.7788318395614624,0.6072652339935303,T020_060_020,0.007762446068227291,5.0416128942742944e-05,0.15424059331417084,5.0416128942742944e-05,0.05,433,50386,0.05073614418159698,0.11736580729484558,0.20000000298023224,0.3703218102455139,0.6000000238418579,0.11957759410142899,0.20000000298023224,frozen_mlp_surrogate_adjoint,450,450,450,500,18.05563235282898,18.05563235282898,0.040123627450731066
375,179.267333984375,115.08514404296875,173.209228515625,165.08514404296875,0.7477090954780579,0.7788528203964233,0.7026004195213318,0.7788528203964233,0.7788528203964233,0.6072899103164673,T020_060_020,0.007762470282614231,5.14090497745201e-05,0.15422122180461884,5.14090497745201e-05,0.05,333,50049,0.03465608699670406,0.11731360852718353,0.20000000298023224,0.37039047479629517,0.6000000238418579,0.1195858046412468,0.20000000298023224,frozen_mlp_surrogate_adjoint,450,450,450,500,18.05563235282898,18.05563235282898,0.040123627450731066
376,179.31210327148438,115.0765380859375,173.29067993164062,165.0765380859375,0.7480425238609314,0.7787441611289978,0.7032067775726318,0.7787441611289978,0.7787441611289978,0.6071583032608032,T020_060_020,0.0077625154517591,4.628493115887977e-05,0.15432460606098175,4.628493115887977e-05,0.05,88,50337,0.01216273505484717,0.11765076220035553,0.20000000298023224,0.3700419068336487,0.6000000238418579,0.11946563422679901,0.20000000298023224,frozen_mlp_surrogate_adjoint,450,450,450,500,18.05563235282898,18.05563235282898,0.040123627450731066
377,179.24627685546875,115.08682250976562,173.16885375976562,165.08682250976562,0.7475523352622986,0.7788740992546082,0.7022996544837952,0.7788740992546082,0.7788740992546082,0.6073065400123596,T020_060_020,0.007762543391436338,5.2135288569843397e-05,0.15420815348625183,5.2135288569843397e-05,0.05,329,50380,0.03432036523781891,0.11718723922967911,0.20000000298023224,0.37041226029396057,0.6000000238418579,0.11970702558755875,0.20000000298023224,frozen_mlp_surrogate_adjoint,450,450,450,500,18.05563235282898,18.05563235282898,0.040123627450731066
378,179.2286376953125,115.091796875,173.18264770507812,165.091796875,0.7474209070205688,0.7789368629455566,0.7024024128913879,0.7789368629455566,0.7789368629455566,0.607306718826294,T020_060_020,0.007762694265693426,5.229313319432549e-05,0.1542080193758011,5.229313319432549e-05,0.05,270,50229,0.02691485979757485,0.11717470735311508,0.20000000298023224,0.3704195022583008,0.6000000238418579,0.1197124794125557,0.20000000298023224,frozen_mlp_surrogate_adjoint,450,450,450,500,18.05563235282898,18.05563235282898,0.040123627450731066
379,178.79348754882812,115.22972106933594,173.81849670410156,165.22972106933594,0.7441808581352234,0.7806782722473145,0.7071369886398315,0.7806782722473145,0.7806782722473145,0.6071147918701172,T020_060_020,0.0077660479582846165,4.8108515329658985e-05,0.15435878932476044,4.8108515329658985e-05,0.05,254,50551,0.025112849240299433,0.11769349873065948,0.20000000298023224,0.37015441060066223,0.6000000238418579,0.11926688253879547,0.20000000298023224,frozen_mlp_surrogate_adjoint,450,450,450,500,18.05563235282898,18.05563235282898,0.040123627450731066
380,176.94638061523438,115.69961547851562,174.85086059570312,165.69961547851562,0.7304273247718811,0.7866112589836121,0.7148240208625793,0.7866112589836121,0.7866112589836121,0.6071815490722656,T020_060_020,0.007766809780150652,5.149270509718917e-05,0.1543063372373581,5.149270509718917e-05,0.05,305,50309,0.031337120517308095,0.11713296175003052,0.20000000298023224,0.37027984857559204,0.6000000238418579,0.11976875364780426,0.20000000298023224,frozen_mlp_surrogate_adjoint,450,450,450,500,18.05563235282898,18.05563235282898,0.040123627450731066
381,176.94345092773438,115.6995620727539,174.84622192382812,165.69955444335938,0.7304055094718933,0.7866106629371643,0.7147893905639648,0.7866106629371643,0.7866106629371643,0.6071765422821045,T020_060_020,0.007766810245811939,5.129693090566434e-05,0.15431027114391327,5.129693090566434e-05,0.05,278,50825,0.028418327586065613,0.11712139844894409,0.20000000298023224,0.3702588975429535,0.6000000238418579,0.1197962611913681,0.20000000298023224,frozen_mlp_surrogate_adjoint,450,450,450,500,18.05563235282898,18.05563235282898,0.040123627450731066
382,177.2281494140625,116.04741668701172,178.2333526611328,166.04742431640625,0.7325252890586853,0.7910027503967285,0.7400100827217102,0.7910027503967285,0.7910027503967285,0.6084915399551392,T020_060_020,0.007840415462851524,0.00017647181812208146,0.1532788723707199,0.00017647181812208146,0.05,82,50425,0.011958029733091619,0.12123101204633713,0.20000000298023224,0.3752203583717346,0.6000000238418579,0.11204014718532562,0.20000000298023224,frozen_mlp_surrogate_adjoint,450,450,450,500,18.05563235282898,18.05563235282898,0.040123627450731066
383,79.26092529296875,53.428466796875,188.64242553710938,103.428466796875,0.0030597434379160404,0.0003594017180148512,0.8175162076950073,0.0003594017180148512,0.0003594017180148512,0.6726421117782593,T020_060_020,0.009184233844280243,0.0038260743021965027,0.10716318339109421,0.0038260743021965027,0.05,100,50718,0.012787325368523528,0.14910678565502167,0.20000000298023224,0.44566458463668823,0.6000000238418579,0.07787071168422699,0.20000000298023224,frozen_mlp_surrogate_adjoint,450,450,450,500,18.05563235282898,18.05563235282898,0.040123627450731066
384,79.0099105834961,53.4666748046875,188.83700561523438,103.4666748046875,0.0011907031293958426,0.0008418112993240356,0.818964958190918,0.0008418112993240356,0.0008418112993240356,0.6727333664894104,T020_060_020,0.00918739102780819,0.0038322184700518847,0.10710345208644867,0.0038322184700518847,0.05,122,50758,0.014750162894905347,0.14915652573108673,0.20000000298023224,0.44574597477912903,0.6000000238418579,0.07783084362745285,0.20000000298023224,frozen_mlp_surrogate_adjoint,450,450,450,500,18.05563235282898,18.05563235282898,0.040123627450731066
385,79.4348373413086,53.442623138427734,188.74241638183594,103.442626953125,0.004354709293693304,0.0005381653900258243,0.8182607293128967,0.0005381653900258243,0.0005381653900258243,0.6723020076751709,T020_060_020,0.00921193603426218,0.0038426376413553953,0.10738597065210342,0.0038426376413553953,0.05,155,50803,0.017309335750099485,0.1490839719772339,0.20000000298023224,0.445514976978302,0.6000000238418579,0.07770303636789322,0.20000000298023224,frozen_mlp_surrogate_adjoint,450,450,450,500,18.05563235282898,18.05563235282898,0.040123627450731066
386,210.7496337890625,131.066162109375,79.19805908203125,181.066162109375,0.9821268916130066,0.9806334376335144,0.0025916893500834703,0.9806334376335144,0.9806334376335144,0.5855505466461182,T020_060_020,0.00923317950218916,0.000644761836156249,0.17176835238933563,0.000644761836156249,0.05,437,50494,0.05206214114476538,0.09621924161911011,0.20000000298023224,0.36384516954421997,0.6000000238418579,0.12548616528511047,0.20000000298023224,frozen_mlp_surrogate_adjoint,450,450,450,500,18.05563235282898,18.05563235282898,0.040123627450731066
387,80.13813018798828,53.491302490234375,189.09829711914062,103.49130249023438,0.009591475129127502,0.001152796670794487,0.8209106922149658,0.001152796670794487,0.001152796670794487,0.6709792017936707,T020_060_020,0.009318256750702858,0.0039055217057466507,0.10825468599796295,0.0039055217057466507,0.05,252,50675,0.024691029820754027,0.14899206161499023,0.20000000298023224,0.44492149353027344,0.6000000238418579,0.07706566154956818,0.20000000298023224,frozen_mlp_surrogate_adjoint,450,450,450,500,18.05563235282898,18.05563235282898,0.040123627450731066
388,80.6014404296875,53.566810607910156,189.59002685546875,103.56681060791016,0.013041242957115173,0.002106166211888194,0.824571967124939,0.002106166211888194,0.002106166211888194,0.669779360294342,T020_060_020,0.00942138209939003,0.003969097975641489,0.10904566943645477,0.003969097975641489,0.05,390,50631,0.042926735666390686,0.14895880222320557,0.20000000298023224,0.4443863034248352,0.6000000238418579,0.07643423974514008,0.20000000298023224,frozen_mlp_surrogate_adjoint,450,450,450,500,18.05563235282898,18.05563235282898,0.040123627450731066
389,81.25007629394531,53.54729461669922,189.8048095703125,103.54729461669922,0.017871027812361717,0.0018597834277898073,0.8261712789535522,0.0018597834277898073,0.0018597834277898073,0.6676464080810547,T020_060_020,0.009474050253629684,0.003951104357838631,0.11045891046524048,0.003951104357838631,0.05,436,50372,0.05162841775911581,0.1494758427143097,0.20000000298023224,0.4421231150627136,0.6000000238418579,0.07604742050170898,0.20000000298023224,frozen_mlp_surrogate_adjoint,450,450,450,500,18.05563235282898,18.05563235282898,0.040123627450731066
390,213.02850341796875,130.99484252929688,82.1209716796875,180.99484252929688,0.9990953207015991,0.979732871055603,0.024355744943022728,0.979732871055603,0.979732871055603,0.5819278955459595,T020_060_020,0.009597334079444408,0.0008581197471357882,0.17478428781032562,0.0008581197471357882,0.05,435,50688,0.05126591159223608,0.09251293540000916,0.20000000298023224,0.3640022575855255,0.6000000238418579,0.1254127025604248,0.20000000298023224,frozen_mlp_surrogate_adjoint,450,450,450,500,18.05563235282898,18.05563235282898,0.040123627450731066
391,78.97555541992188,55.18243408203125,205.0719451904297,105.18243408203125,0.0009349131723865867,0.02250545658171177,0.9398506879806519,0.02250545658171177,0.02250545658171177,0.6196321249008179,T020_060_020,0.01025210041552782,0.003018114482983947,0.1446797251701355,0.003018114482983947,0.05,318,50506,0.03278568528496528,0.1445644199848175,0.20000000298023224,0.3991263508796692,0.6000000238418579,0.07594131678342819,0.20000000298023224,frozen_mlp_surrogate_adjoint,450,450,450,500,18.05563235282898,18.05563235282898,0.040123627450731066
392,79.1678695678711,55.180519104003906,205.17562866210938,105.1805191040039,0.0023668601643294096,0.02248128317296505,0.9406227469444275,0.02248128317296505,0.02248128317296505,0.618895411491394,T020_060_020,0.010268380865454674,0.0030063448939472437,0.14524070918560028,0.0030063448939472437,0.05,84,50011,0.012094155970817522,0.14469704031944275,0.20000000298023224,0.3982830047607422,0.6000000238418579,0.07591531425714493,0.20000000298023224,frozen_mlp_surrogate_adjoint,450,450,450,500,18.05563235282898,18.05563235282898,0.040123627450731066
393,79.6062240600586,55.64472579956055,210.11770629882812,105.64472961425781,0.0056308843195438385,0.028342491015791893,0.9774215221405029,0.028342491015791893,0.028342491015791893,0.6079924702644348,T020_060_020,0.01033479068428278,0.002651295391842723,0.15366990864276886,0.002651295391842723,0.05,391,50474,0.04293230290142624,0.14027850329875946,0.20000000298023224,0.3902173638343811,0.6000000238418579,0.07749658077955246,0.20000000298023224,frozen_mlp_surrogate_adjoint,450,450,450,500,18.05563235282898,18.05563235282898,0.040123627450731066
394,80.22186279296875,55.329044342041016,206.8293914794922,105.32904052734375,0.010214920155704021,0.024356605485081673,0.9529366493225098,0.024356605485081673,0.024356605485081673,0.6145347952842712,T020_060_020,0.010365105234086514,0.0029359336476773024,0.14858342707157135,0.0029359336476773024,0.05,407,50811,0.045798000130220666,0.14344018697738647,0.20000000298023224,0.3951548933982849,0.6000000238418579,0.07593970745801926,0.20000000298023224,frozen_mlp_surrogate_adjoint,450,450,450,500,18.05563235282898,18.05563235282898,0.040123627450731066
395,80.28673553466797,55.429325103759766,207.9036865234375,105.4293212890625,0.01069795060902834,0.025622757151722908,0.9609357714653015,0.025622757151722908,0.025622757151722908,0.6121582388877869,T020_060_020,0.01037617027759552,0.002855108818039298,0.15042123198509216,0.002855108818039298,0.05,263,50088,0.02601564811703574,0.14248734712600708,0.20000000298023224,0.3933669924736023,0.6000000238418579,0.07630391418933868,0.20000000298023224,frozen_mlp_surrogate_adjoint,450,450,450,500,18.05563235282898,18.05563235282898,0.040123627450731066
396,80.48829650878906,55.409141540527344,207.68313598632812,105.40914154052734,0.01219877414405346,0.02536795102059841,0.9592937231063843,0.02536795102059841,0.02536795102059841,0.6125490665435791,T020_060_020,0.010392063297331333,0.002886151196435094,0.15011823177337646,0.002886151196435094,0.05,386,50236,0.04229335724983558,0.14270001649856567,0.20000000298023224,0.3937477469444275,0.6000000238418579,0.07610131055116653,0.20000000298023224,frozen_mlp_surrogate_adjoint,450,450,450,500,18.05563235282898,18.05563235282898,0.040123627450731066
397,80.86457824707031,55.74942398071289,211.28897094726562,105.74942016601562,0.015000601299107075,0.02966444380581379,0.9861426949501038,0.02966444380581379,0.02966444380581379,0.604621171951294,T020_060_020,0.010449410416185856,0.0026331900153309107,0.15632441639900208,0.0026331900153309107,0.05,304,50376,0.03131408774567554,0.13945454359054565,0.20000000298023224,0.38795140385627747,0.6000000238418579,0.07721517980098724,0.20000000298023224,frozen_mlp_surrogate_adjoint,450,450,450,500,18.05563235282898,18.05563235282898,0.040123627450731066
398,81.31201934814453,55.511268615722656,208.79696655273438,105.51126861572266,0.018332233652472496,0.026657430455088615,0.9675872325897217,0.026657430455088615,0.026657430455088615,0.6096274256706238,T020_060_020,0.010468478314578533,0.0028489409014582634,0.1523907482624054,0.0028489409014582634,0.05,399,50100,0.04472488924396893,0.14182941615581512,0.20000000298023224,0.39175596833229065,0.6000000238418579,0.0760420635342598,0.20000000298023224,frozen_mlp_surrogate_adjoint,450,450,450,500,18.05563235282898,18.05563235282898,0.040123627450731066
399,78.88723754882812,53.406982421875,161.71923828125,103.406982421875,0.0002772551088128239,8.814442116999999e-05,0.6170456409454346,8.814442116999999e-05,8.814442116999999e-05,0.7739347815513611,T020_060_020,0.010575137101113796,0.008019862696528435,0.05110548436641693,0.008019862696528435,0.05,92,50705,0.012454087377238396,0.11534508317708969,0.20000000298023224,0.5617915391921997,0.6000000238418579,0.09679818153381348,0.20000000298023224,frozen_mlp_surrogate_adjoint,450,450,450,500,18.05563235282898,18.05563235282898,0.040123627450731066
400,212.97845458984375,66.96131134033203,116.59365844726562,116.96131134033203,0.9987227320671082,0.17122870683670044,0.28103989362716675,0.17122870683670044,0.17122870683670044,0.8862558603286743,T020_060_020,0.010660179890692234,0.010013293474912643,0.012937729246914387,0.010013293474912643,0.05,259,50504,0.02539716817103529,0.0721699446439743,0.20000000298023224,0.6435887813568115,0.6000000238418579,0.1704971343278885,0.20000000298023224,frozen_mlp_surrogate_adjoint,450,450,450,500,18.05563235282898,18.05563235282898,0.040123627450731066
401,212.90087890625,66.93704223632812,116.61080932617188,116.93704223632812,0.9981449842453003,0.17092226445674896,0.2811676263809204,0.17092226445674896,0.17092226445674896,0.8855289220809937,T020_060_020,0.01066072378307581,0.010005542077124119,0.013103627599775791,0.010005542077124119,0.05,301,23,0.03126975801404046,0.07191900908946991,0.20000000298023224,0.6428238153457642,0.6000000238418579,0.17078611254692078,0.20000000298023224,frozen_mlp_surrogate_adjoint,450,450,450,500,18.05563235282898,18.05563235282898,0.040123627450731066
402,212.92730712890625,66.9788818359375,116.44872283935547,116.9788818359375,0.9983419179916382,0.17145049571990967,0.2799607217311859,0.17145049571990967,0.17145049571990967,0.8866607546806335,T020_060_020,0.010661277920007706,0.010018988512456417,0.012845784425735474,0.010018988512456417,0.05,169,50844,0.018353560327607998,0.07235532999038696,0.20000000298023224,0.6440650820732117,0.6000000238418579,0.1702403575181961,0.20000000298023224,frozen_mlp_surrogate_adjoint,450,450,450,500,18.05563235282898,18.05563235282898,0.040123627450731066
403,212.4996337890625,66.90521240234375,115.97764587402344,116.90521240234375,0.9951573014259338,0.1705203652381897,0.27645304799079895,0.1705203652381897,0.1705203652381897,0.8841112852096558,T020_060_020,0.010674645192921162,0.010003135539591312,0.01343019399791956,0.010003135539591312,0.05,162,50338,0.017843403791594076,0.07175630331039429,0.20000000298023224,0.6417307257652283,0.6000000238418579,0.17062422633171082,0.20000000298023224,frozen_mlp_surrogate_adjoint,450,450,450,500,18.05563235282898,18.05563235282898,0.040123627450731066
404,212.4715576171875,66.87662506103516,116.03608703613281,116.87662506103516,0.9949483871459961,0.17015938460826874,0.27688825130462646,0.17015938460826874,0.17015938460826874,0.8833087086677551,T020_060_020,0.010676309466362,0.009995467029511929,0.01361685711890459,0.009995467029511929,0.05,185,50072,0.019447558223932754,0.07148024439811707,0.20000000298023224,0.6408928036689758,0.6000000238418579,0.17093569040298462,0.20000000298023224,frozen_mlp_surrogate_adjoint,450,450,450,500,18.05563235282898,18.05563235282898,0.040123627450731066
405,212.38824462890625,66.88575744628906,115.856689453125,116.88575744628906,0.9943278431892395,0.17027465999126434,0.2755523920059204,0.17027465999126434,0.17027465999126434,0.8834401369094849,T020_060_020,0.010678368620574474,0.009999058209359646,0.013586201705038548,0.009999058209359646,0.05,181,50263,0.01929027166080914,0.07159717381000519,0.20000000298023224,0.6411144733428955,0.6000000238418579,0.17072853446006775,0.20000000298023224,frozen_mlp_surrogate_adjoint,450,450,450,500,18.05563235282898,18.05563235282898,0.040123627450731066
406,212.36953735351562,66.86094665527344,115.9718017578125,116.86094665527344,0.9941885471343994,0.16996139287948608,0.2764095067977905,0.16996139287948608,0.16996139287948608,0.8827725648880005,T020_060_020,0.010679507628083229,0.009992393665015697,0.013742271810770035,0.009992393665015697,0.05,277,50003,0.028400743567004214,0.07132302224636078,0.20000000298023224,0.6403754949569702,0.6000000238418579,0.1710740029811859,0.20000000298023224,frozen_mlp_surrogate_adjoint,450,450,450,500,18.05563235282898,18.05563235282898,0.040123627450731066
407,211.95907592773438,66.88316345214844,115.10618591308594,116.88316345214844,0.9911324381828308,0.17024192214012146,0.26996418833732605,0.17024192214012146,0.17024192214012146,0.8827673196792603,T020_060_020,0.010699250735342503,0.010012075304985046,0.013743501156568527,0.010012075304985046,0.05,176,50594,0.018932968735943946,0.07169453799724579,0.20000000298023224,0.6408839225769043,0.6000000238418579,0.17018882930278778,0.20000000298023224,frozen_mlp_surrogate_adjoint,450,450,450,500,18.05563235282898,18.05563235282898,0.040123627450731066
408,211.580078125,66.8460693359375,114.27747344970703,116.8460693359375,0.9883102178573608,0.1697736233472824,0.26379355788230896,0.1697736233472824,0.1697736233472824,0.881144106388092,T020_060_020,0.010713350027799606,0.010007013566792011,0.014126723632216454,0.010007013566792011,0.05,211,50531,0.02183345459460506,0.07162840664386749,0.20000000298023224,0.6397102475166321,0.6000000238418579,0.16980545222759247,0.20000000298023224,frozen_mlp_surrogate_adjoint,450,450,450,500,18.05563235282898,18.05563235282898,0.040123627450731066
409,210.81906127929688,66.79779052734375,113.20879364013672,116.79779052734375,0.9826437830924988,0.16916395723819733,0.25583615899086,0.16916395723819733,0.16916395723819733,0.8788569569587708,T020_060_020,0.010734780691564083,0.010000999085605145,0.014675636775791645,0.010000999085605145,0.05,275,125,0.02796932657480321,0.07134346663951874,0.20000000298023224,0.6379071474075317,0.6000000238418579,0.16960634291172028,0.20000000298023224,frozen_mlp_surrogate_adjoint,450,450,450,500,18.05563235282898,18.05563235282898,0.040123627450731066
410,79.27729797363281,53.438323974609375,162.58746337890625,103.43832397460938,0.0031816759146749973,0.00048387859715148807,0.623510479927063,0.00048387859715148807,0.00048387859715148807,0.7724467515945435,T020_060_020,0.010865621268749237,0.00827659759670496,0.05178048089146614,0.00827659759670496,0.05,327,50128,0.03390602131094762,0.11556604504585266,0.20000000298023224,0.5621217489242554,0.6000000238418579,0.09475896507501602,0.20000000298023224,frozen_mlp_surrogate_adjoint,450,450,450,500,18.05563235282898,18.05563235282898,0.040123627450731066
411,78.88044738769531,57.455894470214844,98.61186218261719,107.45589447021484,0.00022671607439406216,0.05121076852083206,0.14714716374874115,0.05121076852083206,0.05121076852083206,0.8575338125228882,T020_060_020,0.010964778251945972,0.009949947707355022,0.0202966146171093,0.009949947707355022,0.05,273,50118,0.027538767408836116,0.22763691842556,0.20000000298023224,0.5792577266693115,0.6000000238418579,0.05063915252685547,0.20000000298023224,frozen_mlp_surrogate_adjoint,450,450,450,500,18.05563235282898,18.05563235282898,0.040123627450731066
412,203.79705810546875,132.57427978515625,197.45858764648438,182.57427978515625,0.9303577542304993,0.9996753931045532,0.8831614255905151,0.9996753931045532,0.9996753931045532,0.6058196425437927,T020_060_020,0.010983209125697613,0.003214301774278283,0.15537814795970917,0.003214301774278283,0.05,101,50577,0.012858462345730749,0.13260304927825928,0.20000000298023224,0.3986552059650421,0.6000000238418579,0.07456140220165253,0.20000000298023224,frozen_mlp_surrogate_adjoint,450,450,450,500,18.05563235282898,18.05563235282898,0.040123627450731066
413,79.94609069824219,57.401329040527344,98.68017578125,107.40132904052734,0.00816152710467577,0.05052179843187332,0.14765581488609314,0.05052179843187332,0.05052179843187332,0.8566018342971802,T020_060_020,0.011006925255060196,0.00997877400368452,0.02056303434073925,0.00997877400368452,0.05,184,50313,0.019443523218375083,0.22803685069084167,0.20000000298023224,0.5781802535057068,0.6000000238418579,0.050384774804115295,0.20000000298023224,frozen_mlp_surrogate_adjoint,450,450,450,500,18.05563235282898,18.05563235282898,0.040123627450731066
414,80.08304595947266,57.37980651855469,98.61396789550781,107.37980651855469,0.009181301109492779,0.05025006830692291,0.14716283977031708,0.05025006830692291,0.05025006830692291,0.8563397526741028,T020_060_020,0.011012859642505646,0.009980946779251099,0.02063826657831669,0.009980946779251099,0.05,291,50779,0.029891975194927208,0.22840237617492676,0.20000000298023224,0.5775976181030273,0.6000000238418579,0.05033974349498749,0.20000000298023224,frozen_mlp_surrogate_adjoint,450,450,450,500,18.05563235282898,18.05563235282898,0.040123627450731066
415,80.26932525634766,57.353485107421875,98.55128479003906,107.35348510742188,0.010568314231932163,0.049917709082365036,0.14669612050056458,0.049917709082365036,0.049917709082365036,0.855999231338501,T020_060_020,0.011021946556866169,0.009985135868191719,0.020736221224069595,0.009985135868191719,0.05,102,50624,0.013130546529725971,0.22887837886810303,0.20000000298023224,0.5768448710441589,0.6000000238418579,0.05027597397565842,0.20000000298023224,frozen_mlp_surrogate_adjoint,450,450,450,500,18.05563235282898,18.05563235282898,0.040123627450731066
416,80.6299057006836,57.312015533447266,98.40833282470703,107.31201171875,0.013253237120807171,0.04939410462975502,0.14563168585300446,0.04939410462975502,0.04939410462975502,0.8554825186729431,T020_060_020,0.011039962992072105,0.009995697997510433,0.020885301753878593,0.009995697997510433,0.05,345,50285,0.03621135907004896,0.2294091433286667,0.20000000298023224,0.5759087800979614,0.6000000238418579,0.050164587795734406,0.20000000298023224,frozen_mlp_surrogate_adjoint,450,450,450,500,18.05563235282898,18.05563235282898,0.040123627450731066
417,80.77227020263672,57.303462982177734,98.42156219482422,107.303466796875,0.014313270337879658,0.04928615316748619,0.1457301825284958,0.04928615316748619,0.04928615316748619,0.8553178310394287,T020_060_020,0.011047211475670338,0.010000565089285374,0.02093292959034443,0.010000565089285374,0.05,125,50168,0.015140854451188903,0.22953319549560547,0.20000000298023224,0.5756626129150391,0.6000000238418579,0.05012200027704239,0.20000000298023224,frozen_mlp_surrogate_adjoint,450,450,450,500,18.05563235282898,18.05563235282898,0.040123627450731066
418,81.26652526855469,57.29698944091797,98.5211181640625,107.29698944091797,0.01799347624182701,0.04920438677072525,0.14647145569324493,0.04920438677072525,0.04920438677072525,0.8550316691398621,T020_060_020,0.011073385365307331,0.010022594593465328,0.021015817299485207,0.010022594593465328,0.05,230,50190,0.02370980485595153,0.22934438288211823,0.20000000298023224,0.5757111310958862,0.6000000238418579,0.0499761626124382,0.20000000298023224,frozen_mlp_surrogate_adjoint,450,450,450,500,18.05563235282898,18.05563235282898,0.040123627450731066
419,84.52137756347656,57.22197341918945,99.176025390625,107.22196960449219,0.042229168117046356,0.04825722426176071,0.15134789049625397,0.04825722426176071,0.04825722426176071,0.8526580929756165,T020_060_020,0.011244408786296844,0.01015892717987299,0.021709637716412544,0.01015892717987299,0.05,355,50101,0.03751994347156121,0.22912929952144623,0.20000000298023224,0.5745100975036621,0.6000000238418579,0.04901868849992752,0.20000000298023224,frozen_mlp_surrogate_adjoint,450,450,450,500,18.05563235282898,18.05563235282898,0.040123627450731066
420,136.3173828125,53.42323684692383,212.7557373046875,103.42323303222656,0.42790305614471436,0.0002933694631792605,0.9970642924308777,0.0002933694631792605,0.0002933694631792605,0.6030929088592529,T020_060_020,0.011503636837005615,0.003626874415203929,0.15753524005413055,0.003626874415203929,0.05,251,50507,0.024690753711128798,0.13550801575183868,0.20000000298023224,0.396984338760376,0.6000000238418579,0.07060059905052185,0.20000000298023224,frozen_mlp_surrogate_adjoint,450,450,450,500,18.05563235282898,18.05563235282898,0.040123627450731066
421,212.48284912109375,54.99229431152344,213.01483154296875,104.99229431152344,0.9950323104858398,0.020104702562093735,0.9989935755729675,0.020104702562093735,0.020104702562093735,0.663360595703125,T020_060_020,0.012105492874979973,0.006439188960939646,0.11332608759403229,0.006439188960939646,0.05,281,149,0.02886332804548048,0.13017094135284424,0.20000000298023224,0.4644254744052887,0.6000000238418579,0.06876423954963684,0.20000000298023224,frozen_mlp_surrogate_adjoint,450,450,450,500,18.05563235282898,18.05563235282898,0.040123627450731066
422,212.8392333984375,55.016334533691406,212.57138061523438,105.0163345336914,0.9976860284805298,0.020408248528838158,0.9956914782524109,0.020408248528838158,0.020408248528838158,0.6635437607765198,T020_060_020,0.012139924801886082,0.00647978438064456,0.11320280283689499,0.00647978438064456,0.05,269,50510,0.026679591212667275,0.1307288557291031,0.20000000298023224,0.4645114541053772,0.6000000238418579,0.06830344349145889,0.20000000298023224,frozen_mlp_surrogate_adjoint,450,450,450,500,18.05563235282898,18.05563235282898,0.040123627450731066
423,212.22506713867188,54.89841842651367,213.04043579101562,104.89842224121094,0.9931129813194275,0.018919387832283974,0.9991841912269592,0.018919387832283974,0.018919387832283974,0.6618125438690186,T020_060_020,0.012169788591563702,0.006451250519603491,0.11437075585126877,0.006451250519603491,0.05,377,50429,0.04110766476438985,0.13050800561904907,0.20000000298023224,0.4630981981754303,0.6000000238418579,0.06820633262395859,0.20000000298023224,frozen_mlp_surrogate_adjoint,450,450,450,500,18.05563235282898,18.05563235282898,0.040123627450731066
424,211.47894287109375,54.681190490722656,212.35855102539062,104.68119049072266,0.9875571727752686,0.01617661491036415,0.9941068887710571,0.01617661491036415,0.01617661491036415,0.6592370271682739,T020_060_020,0.012585563585162163,0.0067795924842357635,0.11611940711736679,0.0067795924842357635,0.05,421,50470,0.04872408395894582,0.1302083134651184,0.20000000298023224,0.46282628178596497,0.6000000238418579,0.06620239466428757,0.20000000298023224,frozen_mlp_surrogate_adjoint,450,450,450,500,18.05563235282898,18.05563235282898,0.040123627450731066
425,211.00808715820312,54.405792236328125,212.64248657226562,104.40579223632812,0.9840511679649353,0.0126993702724576,0.9962210655212402,0.0126993702724576,0.0126993702724576,0.6538943648338318,T020_060_020,0.0126528674736619,0.006663411855697632,0.11978910863399506,0.006663411855697632,0.05,448,50607,0.05560476458957727,0.13232368230819702,0.20000000298023224,0.4569239914417267,0.6000000238418579,0.0646466538310051,0.20000000298023224,frozen_mlp_surrogate_adjoint,450,450,450,500,18.05563235282898,18.05563235282898,0.040123627450731066
426,115.72016143798828,54.45097732543945,212.62554931640625,104.45097351074219,0.2745358347892761,0.01326989196240902,0.9960950016975403,0.01326989196240902,0.01326989196240902,0.5736194252967834,T020_060_020,0.012754011899232864,0.0036639918107539415,0.18180039525032043,0.0036639918107539415,0.05,409,50849,0.046507664253813814,0.14573463797569275,0.20000000298023224,0.3616381585597992,0.6000000238418579,0.06624661386013031,0.20000000298023224,frozen_mlp_surrogate_adjoint,450,450,450,500,18.05563235282898,18.05563235282898,0.040123627450731066
427,117.99907684326172,54.1355094909668,212.14724731445312,104.13551330566406,0.2915046811103821,0.009286705404520035,0.9925334453582764,0.009286705404520035,0.009286705404520035,0.5748111605644226,T020_060_020,0.012811488471925259,0.003772210329771042,0.18078555166721344,0.003772210329771042,0.05,414,50117,0.0471616016017097,0.14659035205841064,0.20000000298023224,0.36252856254577637,0.6000000238418579,0.06569226086139679,0.20000000298023224,frozen_mlp_surrogate_adjoint,450,450,450,500,18.05563235282898,18.05563235282898,0.040123627450731066
428,175.1629638671875,53.40013122558594,145.1103515625,103.40013122558594,0.7171478271484375,1.6161802705028094e-06,0.49337565898895264,1.6161802705028094e-06,1.6161802705028094e-06,0.5789914131164551,T020_060_020,0.014080710709095001,0.005218299105763435,0.17724822461605072,0.005218299105763435,0.05,221,50467,0.022874213636678013,0.07759449630975723,0.20000000298023224,0.4056037366390228,0.6000000238418579,0.09579319506883621,0.20000000298023224,frozen_mlp_surrogate_adjoint,450,450,450,500,18.05563235282898,18.05563235282898,0.040123627450731066
429,175.16587829589844,53.403594970703125,145.11685180664062,103.40359497070312,0.7171695828437805,4.5371467422228307e-05,0.49342408776283264,4.5371467422228307e-05,4.5371467422228307e-05,0.5790753364562988,T020_060_020,0.014093680307269096,0.005234801676124334,0.1771775782108307,0.005234801676124334,0.05,119,50393,0.014456082493327502,0.07756784558296204,0.20000000298023224,0.4057597517967224,0.6000000238418579,0.09574776142835617,0.20000000298023224,frozen_mlp_surrogate_adjoint,450,450,450,500,18.05563235282898,18.05563235282898,0.040123627450731066
430,175.1381378173828,53.410362243652344,145.07249450683594,103.41036224365234,0.7169630527496338,0.00013083789963275194,0.4930937886238098,0.00013083789963275194,0.00013083789963275194,0.5791390538215637,T020_060_020,0.014118826016783714,0.00526262866333127,0.17712393403053284,0.00526262866333127,0.05,388,50324,0.04249593214467703,0.07745767384767532,0.20000000298023224,0.4059551954269409,0.6000000238418579,0.09572616964578629,0.20000000298023224,frozen_mlp_surrogate_adjoint,450,450,450,500,18.05563235282898,18.05563235282898,0.040123627450731066
431,175.12530517578125,53.42498779296875,145.05328369140625,103.42498779296875,0.7168674468994141,0.0003155066806357354,0.4929507374763489,0.0003155066806357354,0.0003155066806357354,0.579398512840271,T020_060_020,0.014173775911331177,0.005328495521098375,0.17690561711788177,0.005328495521098375,0.05,266,123,0.026601995701589908,0.07729020714759827,0.20000000298023224,0.40651068091392517,0.6000000238418579,0.09559764713048935,0.20000000298023224,frozen_mlp_surrogate_adjoint,450,450,450,500,18.05563235282898,18.05563235282898,0.040123627450731066
432,175.17640686035156,53.42784118652344,145.0309295654297,103.42784118652344,0.7172480225563049,0.00035150127951055765,0.4927842915058136,0.00035150127951055765,0.00035150127951055765,0.5790353417396545,T020_060_020,0.014184487983584404,0.005323925521224737,0.1772112399339676,0.005323925521224737,0.05,264,50652,0.026084802458575126,0.0770195946097374,0.20000000298023224,0.4061744809150696,0.6000000238418579,0.09584125131368637,0.20000000298023224,frozen_mlp_surrogate_adjoint,450,450,450,500,18.05563235282898,18.05563235282898,0.040123627450731066
433,177.54962158203125,53.44255447387695,147.69479370117188,103.44255065917969,0.7349189519882202,0.0005372699815779924,0.5126193761825562,0.0005372699815779924,0.0005372699815779924,0.5792105793952942,T020_060_020,0.014252720400691032,0.0053995330817997456,0.1770637333393097,0.0053995330817997456,0.05,443,50316,0.053933812526987195,0.0768233984708786,0.20000000298023224,0.4067263603210449,0.6000000238418579,0.09566082060337067,0.20000000298023224,frozen_mlp_surrogate_adjoint,450,450,450,500,18.05563235282898,18.05563235282898,0.040123627450731066
434,137.71360778808594,53.43368148803711,116.43043518066406,103.43368530273438,0.43829935789108276,0.0004252371145412326,0.27982452511787415,0.0004252371145412326,0.0004252371145412326,0.6554834246635437,T020_060_020,0.01568475179374218,0.009750167839229107,0.11869166791439056,0.009750167839229107,0.05,232,38,0.023788455099711194,0.17331048846244812,0.20000000298023224,0.4425206184387207,0.6000000238418579,0.039652302861213684,0.20000000298023224,frozen_mlp_surrogate_adjoint,450,450,450,500,18.05563235282898,18.05563235282898,0.040123627450731066
435,137.662109375,53.448333740234375,116.43450927734375,103.44833374023438,0.4379159212112427,0.0006102421320974827,0.2798548638820648,0.0006102421320974827,0.0006102421320974827,0.6559772491455078,T020_060_020,0.01570068672299385,0.009783103130757809,0.11835165321826935,0.009783103130757809,0.05,247,50201,0.024487636122735554,0.17347843945026398,0.20000000298023224,0.4429693818092346,0.6000000238418579,0.039529457688331604,0.20000000298023224,frozen_mlp_surrogate_adjoint,450,450,450,500,18.05563235282898,18.05563235282898,0.040123627450731066
436,137.65245056152344,53.460350036621094,116.44557189941406,103.4603500366211,0.43784400820732117,0.0007619645912200212,0.2799372375011444,0.0007619645912200212,0.0007619645912200212,0.6562319993972778,T020_060_020,0.015714099630713463,0.009805277921259403,0.11817643791437149,0.009805277921259403,0.05,412,50311,0.04686907716330359,0.1734158992767334,0.20000000298023224,0.44336599111557007,0.6000000238418579,0.03945007920265198,0.20000000298023224,frozen_mlp_surrogate_adjoint,450,450,450,500,18.05563235282898,18.05563235282898,0.040123627450731066
437,137.49270629882812,53.49964904785156,116.46145629882812,103.49964904785156,0.4366545081138611,0.001258165342733264,0.28005552291870117,0.001258165342733264,0.001258165342733264,0.6576967239379883,T020_060_020,0.015758171677589417,0.009899594821035862,0.11717153340578079,0.009899594821035862,0.05,381,50181,0.04159117019719886,0.17404194176197052,0.20000000298023224,0.4445599615573883,0.6000000238418579,0.03909483551979065,0.20000000298023224,frozen_mlp_surrogate_adjoint,450,450,450,500,18.05563235282898,18.05563235282898,0.040123627450731066
438,125.84966278076172,55.05569076538086,111.25454711914062,105.05569458007812,0.3499602675437927,0.02090517058968544,0.2412848025560379,0.02090517058968544,0.02090517058968544,0.7329260110855103,T020_060_020,0.01715240254998207,0.013585977256298065,0.07132851332426071,0.013585977256298065,0.05,149,50676,0.017048679058495428,0.20994961261749268,0.20000000298023224,0.4971570670604706,0.6000000238418579,0.025819331407546997,0.20000000298023224,frozen_mlp_surrogate_adjoint,450,450,450,500,18.05563235282898,18.05563235282898,0.040123627450731066
439,203.30825805664062,60.58620071411133,154.82884216308594,110.58619689941406,0.9267182350158691,0.09073485434055328,0.5657396912574768,0.09073485434055328,0.09073485434055328,0.7022832036018372,T020_060_020,0.02034943550825119,0.015917671844363213,0.08863528817892075,0.015917671844363213,0.05,445,50487,0.054015397749636394,0.021331652998924255,0.20000000298023224,0.5145905017852783,0.6000000238418579,0.1663610339164734,0.20000000298023224,frozen_mlp_surrogate_adjoint,450,450,450,500,18.05563235282898,18.05563235282898,0.040123627450731066
440,203.1412811279297,60.5740852355957,154.76968383789062,110.57408142089844,0.9254748821258545,0.09058188647031784,0.5652992129325867,0.09058188647031784,0.09058188647031784,0.7022599577903748,T020_060_020,0.020350953564047813,0.015918496996164322,0.08864913135766983,0.015918496996164322,0.05,255,50451,0.025128929588277914,0.02154763787984848,0.20000000298023224,0.5150438547134399,0.6000000238418579,0.16566847264766693,0.20000000298023224,frozen_mlp_surrogate_adjoint,450,450,450,500,18.05563235282898,18.05563235282898,0.040123627450731066
441,203.24537658691406,60.58803176879883,154.7549285888672,110.58802795410156,0.9262499809265137,0.09075795114040375,0.5651893615722656,0.09075795114040375,0.09075795114040375,0.7023783922195435,T020_060_020,0.02035163901746273,0.015922708436846733,0.08857861906290054,0.015922708436846733,0.05,351,50746,0.037271605552580585,0.021366707980632782,0.20000000298023224,0.514784574508667,0.6000000238418579,0.1662270873785019,0.20000000298023224,frozen_mlp_surrogate_adjoint,450,450,450,500,18.05563235282898,18.05563235282898,0.040123627450731066
442,200.62936401367188,60.83373260498047,150.1561279296875,110.83373260498047,0.906771183013916,0.09386022388935089,0.530946671962738,0.09386022388935089,0.09386022388935089,0.7111951112747192,T020_060_020,0.020507117733359337,0.016336703673005104,0.08340826630592346,0.016336703673005104,0.05,245,50258,0.024449828406739336,0.020211443305015564,0.20000000298023224,0.5227533578872681,0.6000000238418579,0.1682303249835968,0.20000000298023224,frozen_mlp_surrogate_adjoint,450,450,450,500,18.05563235282898,18.05563235282898,0.040123627450731066
443,128.87985229492188,132.5955047607422,205.87646484375,182.5955047607422,0.3725230395793915,0.9999432563781738,0.9458411931991577,0.9999432563781738,0.9999432563781738,0.2438701093196869,T020_060_020,0.029867373406887054,0.0012807571329176426,0.5717323422431946,0.0012807571329176426,0.05,326,50600,0.03381756898702685,0.053648024797439575,0.20000000298023224,0.13406477868556976,0.6000000238418579,0.05615730583667755,0.20000000298023224,frozen_mlp_surrogate_adjoint,450,450,450,500,18.05563235282898,18.05563235282898,0.040123627450731066
444,128.91896057128906,132.58953857421875,205.88632202148438,182.58953857421875,0.37281426787376404,0.9998677968978882,0.9459145069122314,0.9998677968978882,0.9998677968978882,0.2437341809272766,T020_060_020,0.029878145083785057,0.0012812466593459249,0.5719379782676697,0.0012812466593459249,0.05,286,50747,0.029381408314924296,0.05361802503466606,0.20000000298023224,0.13398784399032593,0.6000000238418579,0.05612831562757492,0.20000000298023224,frozen_mlp_surrogate_adjoint,450,450,450,500,18.05563235282898,18.05563235282898,0.040123627450731066
445,129.25758361816406,132.49737548828125,205.938232421875,182.49737548828125,0.3753356635570526,0.9987043142318726,0.9463011026382446,0.9987043142318726,0.9987043142318726,0.24247917532920837,T020_060_020,0.030044201761484146,0.0013523148372769356,0.5738377571105957,0.0013523148372769356,0.05,417,50835,0.047881533698096196,0.05345643311738968,0.20000000298023224,0.1329667568206787,0.6000000238418579,0.05605599284172058,0.20000000298023224,frozen_mlp_surrogate_adjoint,450,450,450,500,18.05563235282898,18.05563235282898,0.040123627450731066
446,129.6038055419922,132.46470642089844,206.06234741210938,182.46470642089844,0.3779136538505554,0.9982917904853821,0.9472251534461975,0.9982917904853821,0.9982917904853821,0.24131429195404053,T020_060_020,0.03010343387722969,0.0013232314959168434,0.5756040215492249,0.0013232314959168434,0.05,405,50630,0.04565831829352395,0.05319749191403389,0.20000000298023224,0.13245618343353271,0.6000000238418579,0.05566062033176422,0.20000000298023224,frozen_mlp_surrogate_adjoint,450,450,450,500,18.05563235282898,18.05563235282898,0.040123627450731066
447,103.66729736328125,132.5978546142578,181.3085174560547,182.5978546142578,0.1847900152206421,0.999972939491272,0.7629078030586243,0.999972939491272,0.999972939491272,0.2968200445175171,T020_060_020,0.036290980875492096,0.011567878536880016,0.4944620430469513,0.011567878536880016,0.05,384,50422,0.04200790679036251,0.04355192556977272,0.20000000298023224,0.14937546849250793,0.6000000238418579,0.10389266908168793,0.20000000298023224,frozen_mlp_surrogate_adjoint,450,450,450,500,18.05563235282898,18.05563235282898,0.040123627450731066
448,103.6343994140625,132.59158325195312,181.24078369140625,182.59158325195312,0.18454502522945404,0.9998936653137207,0.7624034881591797,0.9998936653137207,0.9998936653137207,0.2969212532043457,T020_060_020,0.0363088920712471,0.011592905037105083,0.49431973695755005,0.011592905037105083,0.05,422,50496,0.04890855494423947,0.04354826360940933,0.20000000298023224,0.14939649403095245,0.6000000238418579,0.10397648811340332,0.20000000298023224,frozen_mlp_surrogate_adjoint,450,450,450,500,18.05563235282898,18.05563235282898,0.040123627450731066
449,161.9573516845703,132.59466552734375,200.92190551757812,182.59466552734375,0.6188187003135681,0.9999326467514038,0.9089493155479431,0.9999326467514038,0.9999326467514038,0.1970415711402893,T020_060_020,0.039277851581573486,0.0070407395251095295,0.6447422504425049,0.0070407395251095295,0.05,358,50374,0.0377812081088219,0.046140722930431366,0.20000000298023224,0.09546685218811035,0.6000000238418579,0.055433981120586395,0.20000000298023224,frozen_mlp_surrogate_adjoint,450,450,450,500,18.05563235282898,18.05563235282898,0.040123627450731066
