iter,beta,continuation_iters,polish_iters,adaptive_stop_allowed,adaptive_stop_metric,iteration_used,max_iterations,objective,T_total,loss_flux,projected_continuous_optimization_loss,optimization_loss_continuous,target_mse_loss,target_mse_loss_continuous,ratio_mse_loss,ratio_mse_diagnostic,ratio_mse_diagnostic_continuous,total_loss,total_power_loss,total_power_loss_continuous,T_total_continuous,binarization_penalty,grayness,gray_fraction,optimization_loss,elapsed_sec,cumulative_runtime_sec,optimization_iteration_runtime_sec,wall_runtime_sec,comparison_budget_sec,topology_stop_mode,stop_reason,T_1,T_1_continuous,T_2,T_2_continuous,T_3,T_3_continuous,binary_eval_iter,hard_binary_fdfd_loss,final_loss_binary,target_mse_loss_binary,total_power_loss_binary,ratio_mse_diagnostic_binary,T_total_binary,projection_gap,T_1_binary,T_2_binary,T_3_binary,target_label,target_i
1,1.0,375,125,False,projected_continuous_optimization_loss,1,500,0.03833730931544706,0.8079148052717318,0.04554458024718492,0.04554458024718492,0.04554458024718492,0.04369974414549508,0.04369974414549508,0.04369974414549508,0.04369974414549508,0.04369974414549508,0.03689672203379677,0.03689672203379677,0.03689672203379677,0.8079148052717318,0.22916834424025598,0.3809814626404232,0.9652160493827161,0.04554458024718492,12.413516199914739,12.413516199914739,12.413516199914739,18.69794487953186,,fixed_iterations,,0.032197713928534155,0.032197713928534155,0.7233108656303424,0.7233108656303424,0.05240622571285517,0.05240622571285517,1,0.0389333902881363,0.0389333902881363,0.02990843355934353,0.1804991345758553,0.02990843355934353,0.5751481027747961,-0.006611189959048622,0.04274309131160845,0.4857373842662072,0.04666762719698034,T020_060_020,4
2,1.0093097420873878,375,125,False,projected_continuous_optimization_loss,2,500,0.020304773254111827,0.7205515277321439,0.020274053726152583,0.020274053726152583,0.020274053726152583,0.016369481293510645,0.016369481293510645,0.016369481293510645,0.016369481293510645,0.016369481293510645,0.07809144865283872,0.07809144865283872,0.07809144865283872,0.7205515277321439,0.20179568710827986,0.2948274792771001,0.9651851851851851,0.020274053726152583,24.793275899952278,24.793275899952278,12.379759700037539,43.56163048744202,,fixed_iterations,,0.07551484400114536,0.07551484400114536,0.5626464274106758,0.5626464274106758,0.08239025632032272,0.08239025632032272,2,0.03874391679289714,0.03874391679289714,0.029668069736339356,0.18151694113115568,0.029668069736339356,0.5739519497390515,0.018469863066744557,0.044856117533239474,0.48418018157852716,0.044915650627284864,T020_060_020,4
3,1.0187061554725092,375,125,False,projected_continuous_optimization_loss,3,500,0.008740191818440454,0.6886307357977156,0.03646693245261083,0.03646693245261083,0.03646693245261083,0.031619391518117226,0.031619391518117226,0.031619391518117226,0.031619391518117226,0.031619391518117226,0.09695081868987204,0.09695081868987204,0.09695081868987204,0.6886307357977156,0.16890809429338732,0.22737724772115162,0.9651543209876543,0.03646693245261083,37.19443100003991,37.19443100003991,12.401155100087635,68.44728088378906,,fixed_iterations,,0.0561495208315951,0.0561495208315951,0.5862558193142472,0.5862558193142472,0.046225395651873225,0.046225395651873225,3,0.03627128713698192,0.03627128713698192,0.026635454837906667,0.19271664598150504,0.026635454837906667,0.5610049590467961,-0.00019564531562891313,0.04824746305285464,0.46608249564101156,0.04667500035293003,T020_060_020,4
4,1.0281900470427925,375,125,False,projected_continuous_optimization_loss,4,500,0.0035384328856821142,0.6582602052192269,0.04453919316937226,0.04453919316937226,0.04453919316937226,0.03869988880253201,0.03869988880253201,0.03869988880253201,0.03869988880253201,0.03869988880253201,0.11678608733680498,0.11678608733680498,0.11678608733680498,0.6582602052192269,0.1399597620337073,0.1800911757897233,0.9651851851851851,0.04453919316937226,49.65014050004538,49.65014050004538,12.455709500005469,93.37338185310364,,fixed_iterations,,0.04546554876580192,0.04546554876580192,0.5779860918766355,0.5779860918766355,0.03480856457678941,0.03480856457678941,4,0.03536120711228899,0.03536120711228899,0.026363973233723904,0.17994467757130175,0.026363973233723904,0.5758011344059232,-0.009177986057083268,0.049147315989304614,0.47769935271142133,0.04895446570519715,T020_060_020,4
5,1.03776223119758,375,125,False,projected_continuous_optimization_loss,5,500,0.003137435372320343,0.6462494311218089,0.042364483544078624,0.042364483544078624,0.042364483544078624,0.03610751029499643,0.03610751029499643,0.03610751029499643,0.03610751029499643,0.03610751029499643,0.12513946498164377,0.12513946498164377,0.12513946498164377,0.6462494311218089,0.11899373890407172,0.14994120738030184,0.9651851851851851,0.042364483544078624,62.062437100103125,62.062437100103125,12.412296600057743,118.25530695915222,,fixed_iterations,,0.044662587589435955,0.044662587589435955,0.5613961228906512,0.5613961228906512,0.04019072064172182,0.04019072064172182,5,0.03521693925089551,0.03521693925089551,0.026853978309460052,0.16725921882870912,0.026853978309460052,0.5910266282155902,-0.007147544293183115,0.04892705113996681,0.4915831893230002,0.05051638775262316,T020_060_020,4
6,1.0474235299180614,375,125,False,projected_continuous_optimization_loss,6,500,0.004998730537469989,0.6579042041509318,0.04028692382667036,0.04028692382667036,0.04028692382667036,0.03443544714978999,0.03443544714978999,0.03443544714978999,0.03443544714978999,0.03443544714978999,0.11702953353760738,0.11702953353760738,0.11702953353760738,0.6579042041509318,0.10555966987091348,0.13202670415209322,0.9651851851851851,0.04028692382667036,74.5095416001277,74.5095416001277,12.44710450002458,143.2364580631256,,fixed_iterations,,0.04390738555491115,0.04390738555491115,0.5673910354436841,0.5673910354436841,0.0466057831523366,0.0466057831523366,6,0.03637904512667153,0.03637904512667153,0.028710450744408658,0.15337188764525747,0.028710450744408658,0.6083727695304405,-0.003907878699998826,0.04746940230875775,0.5107980086033732,0.050105358618309524,T020_060_020,4
7,1.0571747728378598,375,125,False,projected_continuous_optimization_loss,7,500,0.0069223416748449024,0.685752807832201,0.03966976202852099,0.03966976202852099,0.03966976202852099,0.03473219713925371,0.03473219713925371,0.03473219713925371,0.03473219713925371,0.03473219713925371,0.0987512977853455,0.0987512977853455,0.0987512977853455,0.685752807832201,0.09769468986441122,0.12203751343160302,0.9564197530864198,0.03966976202852099,86.82487280014902,86.82487280014902,12.315331200021319,167.91562843322754,,fixed_iterations,,0.042027117925549216,0.042027117925549216,0.592104471541494,0.592104471541494,0.05162121836515783,0.05162121836515783,7,0.03841090444383751,0.03841090444383751,0.03175506233981835,0.13311684208038327,0.03175506233981835,0.635148191616948,-0.0012588575846834774,0.044379769936838696,0.5411251275650016,0.04964329411510774,T020_060_020,4
8,1.067016797314273,375,125,False,projected_continuous_optimization_loss,8,500,0.007879933792278623,0.7211035862655902,0.04001149902296433,0.04001149902296433,0.04001149902296433,0.03612233854326858,0.03612233854326858,0.03612233854326858,0.03612233854326858,0.03612233854326858,0.077783209593915,0.077783209593915,0.077783209593915,0.7211035862655902,0.09370905460076624,0.11730774532171966,0.9115123456790123,0.04001149902296433,99.19556210015435,99.19556210015435,12.370689300005324,192.79379439353943,,fixed_iterations,,0.03929089234701728,0.03929089234701728,0.6262553810647865,0.6262553810647865,0.05555731285378647,0.05555731285378647,8,0.03995459326181796,0.03995459326181796,0.03416472888208424,0.11579728759467448,0.03416472888208424,0.6597099948651526,-5.690576114637108e-05,0.04006346669487309,0.5681471126523878,0.051499415517891764,T020_060_020,4
9,1.0769504485001793,375,125,False,projected_continuous_optimization_loss,9,500,0.0077358049215101215,0.7579087137008143,0.040708620939174725,0.040708620939174725,0.040708620939174725,0.03777821139407501,0.03777821139407501,0.03777821139407501,0.03777821139407501,0.03777821139407501,0.05860819090199437,0.05860819090199437,0.05860819090199437,0.7579087137008143,0.0924702089973372,0.11623717671970869,0.8541666666666666,0.040708620939174725,111.50767450011335,111.50767450011335,12.312112399959005,217.46923565864563,,fixed_iterations,,0.0362555638737604,0.0362555638737604,0.6626616470973155,0.6626616470973155,0.05899150272973832,0.05899150272973832,9,0.041721724497170515,0.041721724497170515,0.03618416825623224,0.11075112481876546,0.03618416825623224,0.6672070841818212,0.0010131035579957898,0.03690571946490387,0.5796361687112238,0.05066519600569355,T020_060_020,4
10,1.0869765794166126,375,125,False,projected_continuous_optimization_loss,10,500,0.006748827212263093,0.7922617335135984,0.041179650194872165,0.041179650194872165,0.041179650194872165,0.03902189082673341,0.03902189082673341,0.03902189082673341,0.03902189082673341,0.03902189082673341,0.0431551873627752,0.0431551873627752,0.0431551873627752,0.7922617335135984,0.09322219083181964,0.11776838497204137,0.8060802469135803,0.041179650194872165,123.57211130007636,123.57211130007636,12.064436799963005,241.51281881332397,,fixed_iterations,,0.03376077733714805,0.03376077733714805,0.6960657664340539,0.6960657664340539,0.062435189742396445,0.062435189742396445,10,0.044160975477307414,0.044160975477307414,0.03894401652085427,0.10433917912906296,0.03894401652085427,0.6769842432185964,0.0029813252824352487,0.03269524556254602,0.594879606863445,0.049409390792605326,T020_060_020,4
11,1.0970960510260122,375,125,False,projected_continuous_optimization_loss,11,500,0.0052881662074685505,0.8211064103913674,0.040953542758729033,0.040953542758729033,0.040953542758729033,0.039353396938575945,0.039353396938575945,0.039353396938575945,0.039353396938575945,0.039353396938575945,0.032002916403061805,0.032002916403061805,0.032002916403061805,0.8211064103913674,0.09539210736466258,0.12134530140158516,0.78,0.040953542758729033,135.72056410007644,135.72056410007644,12.148452800000086,265.8096218109131,,fixed_iterations,,0.03279207803043813,0.03279207803043813,0.7222192018405744,0.7222192018405744,0.06609513052035497,0.06609513052035497,11,0.04772911820048214,0.04772911820048214,0.04274390510188481,0.0997042619719465,0.04274390510188481,0.6842401830948933,0.006775575441753105,0.026191781487213534,0.6102136863374924,0.04783471527018736,T020_060_020,4
12,1.107309732306156,375,125,False,projected_continuous_optimization_loss,12,500,0.0037111383875956657,0.8400869497834748,0.03976655875340955,0.03976655875340955,0.03976655875340955,0.038487949571931905,0.038487949571931905,0.038487949571931905,0.038487949571931905,0.038487949571931905,0.02557218362955296,0.02557218362955296,0.02557218362955296,0.8400869497834748,0.09846846218940473,0.1264534050966193,0.7625308641975309,0.03976655875340955,147.75612340017688,147.75612340017688,12.03555930010043,289.96557903289795,,fixed_iterations,,0.0342839215271397,0.0342839215271397,0.7362385915317116,0.7362385915317116,0.06956443672462347,0.06956443672462347,12,0.05216390365396114,0.05216390365396114,0.047562144351617174,0.09203518604687932,0.047562144351617174,0.6966269853021213,0.01239734490055159,0.017822115069976777,0.6321872852275232,0.04661758500462136,T020_060_020,4
13,1.1176185003247807,375,125,False,projected_continuous_optimization_loss,13,500,0.00230937370544594,0.8419090042284616,0.0375290313667468,0.0375290313667468,0.0375290313667468,0.036279393219544966,0.036279393219544966,0.036279393219544966,0.036279393219544966,0.036279393219544966,0.024992762944036608,0.024992762944036608,0.024992762944036608,0.8419090042284616,0.1019506167051412,0.1323943434673827,0.7500617283950617,0.0375290313667468,159.82957930013072,159.82957930013072,12.073455899953842,314.1716945171356,,fixed_iterations,,0.0387294316457614,0.0387294316457614,0.7311098334092178,0.7311098334092178,0.0720697391734824,0.0720697391734824,13,0.053693608962774295,0.053693608962774295,0.04918148696075847,0.09024244004031648,0.04918148696075847,0.6995962050167865,0.016164577596027498,0.013603988554529545,0.6382860134374073,0.047706203024849694,T020_060_020,4
14,1.1280232403148973,375,125,False,projected_continuous_optimization_loss,14,500,0.0012800442566396277,0.8183602018513617,0.034291572769707915,0.034291572769707915,0.034291572769707915,0.03264192195613401,0.03264192195613401,0.03264192195613401,0.03264192195613401,0.03264192195613401,0.032993016271478104,0.032993016271478104,0.032993016271478104,0.8183602018513617,0.1053580039220118,0.13867922098778881,0.7389197530864198,0.034291572769707915,171.89834270009305,171.89834270009305,12.068763399962336,338.3686673641205,,fixed_iterations,,0.045327283860347706,0.045327283860347706,0.6994767733084394,0.6994767733084394,0.07355614468257458,0.07355614468257458,14,0.05559600976207363,0.05559600976207363,0.05205845715194333,0.07075105220260593,0.05205845715194333,0.7340093005336353,0.021304436992365713,0.012137626222871808,0.6764695361332616,0.04540213817750198,T020_060_020,4
15,1.1385248457508084,375,125,False,projected_continuous_optimization_loss,15,500,0.0007109792703384528,0.7675696817566419,0.030453619569945797,0.030453619569945797,0.030453619569945797,0.027752426928010356,0.027752426928010356,0.027752426928010356,0.027752426928010356,0.027752426928010356,0.054023852838708794,0.054023852838708794,0.054023852838708794,0.7675696817566419,0.10827959496473458,0.1445444776359806,0.7295061728395061,0.030453619569945797,183.9573094000807,183.9573094000807,12.05896669998765,362.55474853515625,,fixed_iterations,,0.051809124947408025,0.051809124947408025,0.6408861533808115,0.6408861533808115,0.07487440342842233,0.07487440342842233,15,0.05931069091443335,0.05931069091443335,0.05646874206172233,0.05683897705422029,0.05646874206172233,0.7615907362239875,0.02885707134448755,0.01174398501244526,0.7124676452386676,0.03737910597287475,T020_060_020,4
16,1.1491242184248314,375,125,False,projected_continuous_optimization_loss,16,500,0.0005808449856534904,0.6995587462389296,0.026797678147088912,0.026797678147088912,0.026797678147088912,0.022284430799012715,0.022284430799012715,0.022284430799012715,0.022284430799012715,0.022284430799012715,0.09026494696152393,0.09026494696152393,0.09026494696152393,0.6995587462389296,0.11043021640274293,0.14934706745735685,0.719320987654321,0.026797678147088912,195.9911234000465,195.9911234000465,12.033813999965787,386.6889295578003,,fixed_iterations,,0.05621490221218464,0.05621490221218464,0.5669617619927638,0.5669617619927638,0.0763820820339811,0.0763820820339811,16,0.061263871356062094,0.061263871356062094,0.05882991155454053,0.048679196030431277,0.05882991155454053,0.7793663760202646,0.03446619320897318,0.009770969200436184,0.7345564445696239,0.03503896225020458,T020_060_020,4
17,1.1598222685247375,375,125,False,projected_continuous_optimization_loss,17,500,0.0007776955907894886,0.6307592757205287,0.024052452142247424,0.024052452142247424,0.024052452142247424,0.017235516518925995,0.017235516518925995,0.017235516518925995,0.017235516518925995,0.017235516518925995,0.13633871246642854,0.13633871246642854,0.13633871246642854,0.6307592757205287,0.11167698900104615,0.15273009583284325,0.7095370370370371,0.024052452142247424,207.96060650004074,207.96060650004074,11.96948309999425,410.76085114479065,,fixed_iterations,,0.05819907176257523,0.05819907176257523,0.4950317609332889,0.4950317609332889,0.07752844302466452,0.07752844302466452,17,0.06384941595635023,0.06384941595635023,0.061569397876739186,0.04560036159222085,0.061569397876739186,0.7864575883056931,0.039796963814102804,0.005678742252639394,0.7473872717011301,0.03339157435192359,T020_060_020,4
18,1.1706199147119118,375,125,False,projected_continuous_optimization_loss,18,500,0.001135855927553455,0.5736656241583927,0.022533611094365975,0.022533611094365975,0.022533611094365975,0.013445561093153332,0.013445561093153332,0.013445561093153332,0.013445561093153332,0.013445561093153332,0.18176100002425286,0.18176100002425286,0.18176100002425286,0.5736656241583927,0.11201994247274276,0.15441110409292866,0.6992592592592592,0.022533611094365975,219.92271750001237,219.92271750001237,11.962110999971628,434.8364646434784,,fixed_iterations,,0.05835148828995848,0.05835148828995848,0.4376058211938075,0.4376058211938075,0.07770831467462679,0.07770831467462679,18,0.06401195663240743,0.06401195663240743,0.06143281315956873,0.05158286945677396,0.06143281315956873,0.7728813758038018,0.04147834553804145,0.005314203445474218,0.7341545455284838,0.03341262682984373,T020_060_020,4
19,1.1815180842002395,375,125,False,projected_continuous_optimization_loss,19,500,0.0014843052888160585,0.5332146317245203,0.022144834998873684,0.022144834998873684,0.022144834998873684,0.011250405997069923,0.011250405997069923,0.011250405997069923,0.011250405997069923,0.011250405997069923,0.2178885800360752,0.2178885800360752,0.2178885800360752,0.5332146317245203,0.11154335944025917,0.15453345938197846,0.6891975308641975,0.022144834998873684,231.9448327999562,231.9448327999562,12.022115299943835,458.8464548587799,,fixed_iterations,,0.057320785250000186,0.057320785250000186,0.3991199472855322,0.3991199472855322,0.07677389918898793,0.07677389918898793,19,0.06397193949923098,0.06397193949923098,0.06129518077271252,0.05353517453036933,0.06129518077271252,0.7686233059913568,0.0418271045003573,0.005996959270332703,0.7298467387826011,0.032779607938422994,T020_060_020,4
20,1.1925177128357283,375,125,False,projected_continuous_optimization_loss,20,500,0.001692582219614145,0.5094352084837519,0.022628849225883665,0.022628849225883665,0.022628849225883665,0.010596158492114668,0.010596158492114668,0.010596158492114668,0.010596158492114668,0.010596158492114668,0.24065381467537997,0.24065381467537997,0.24065381467537997,0.5094352084837519,0.1103681370671476,0.15325660582220457,0.6779012345679012,0.022628849225883665,243.94689569994807,243.94689569994807,12.00206289999187,482.9471073150635,,fixed_iterations,,0.05555975242286216,0.05555975242286216,0.3789773024448362,0.3789773024448362,0.07489815361605355,0.07489815361605355,20,0.0646233143444195,0.0646233143444195,0.06195487903168965,0.05336870625459694,0.06195487903168965,0.768983320397429,0.04199446511853583,0.006338060327555895,0.7317054965176336,0.030939763552239506,T020_060_020,4
21,1.2036197451768704,375,125,False,projected_continuous_optimization_loss,21,500,0.0016987328202940407,0.5006296544646021,0.023810816961570808,0.023810816961570808,0.023810816961570808,0.011342279861563673,0.011342279861563673,0.011342279861563673,0.011342279861563673,0.011342279861563673,0.24937074200014273,0.24937074200014273,0.24937074200014273,0.5006296544646021,0.10862332812197216,0.15081772801981003,0.6671913580246913,0.023810816961570808,256.0143378999783,256.0143378999783,12.0674422000302,507.1056225299835,,fixed_iterations,,0.05334120150102848,0.05334120150102848,0.37498017681309803,0.37498017681309803,0.07230827615047555,0.07230827615047555,21,0.06662453186965898,0.06662453186965898,0.06394020008727842,0.053686635647611225,0.06394020008727842,0.7682962329878704,0.04281371490808818,0.005689121975553213,0.7354434182801326,0.02716369273218457,T020_060_020,4
22,1.2148251345757544,375,125,False,projected_continuous_optimization_loss,22,500,0.0015118950390691594,0.504857117272273,0.02565319777352979,0.02565319777352979,0.02565319777352979,0.01339487405773361,0.01339487405773361,0.01339487405773361,0.01339487405773361,0.01339487405773361,0.24516647431592362,0.24516647431592362,0.24516647431592362,0.504857117272273,0.10643749112465406,0.14749365513820673,0.654537037037037,0.02565319777352979,267.96522239991464,267.96522239991464,11.950884499936365,531.1417088508606,,fixed_iterations,,0.05081272555883523,0.05081272555883523,0.3848638334967456,0.3848638334967456,0.06918055821669224,0.06918055821669224,22,0.06903978624029913,0.06903978624029913,0.06680851168383847,0.04462549112921335,0.06680851168383847,0.7887525358040638,0.04338658846676934,0.004536869364094155,0.7613757423820543,0.022839924057915396,T020_060_020,4
23,1.2261348432599308,375,125,False,projected_continuous_optimization_loss,23,500,0.001193907749485484,0.52012261282699,0.0281551981301194,0.0281551981301194,0.0281551981301194,0.016641082794119653,0.016641082794119653,0.016641082794119653,0.016641082794119653,0.016641082794119653,0.23028230671999492,0.23028230671999492,0.23028230671999492,0.52012261282699,0.10394097095047077,0.14359267660995298,0.64,0.0281551981301194,279.990787299932,279.990787299932,12.025564900017343,555.2864506244659,,fixed_iterations,,0.04804345037925092,0.04804345037925092,0.406414659658959,0.406414659658959,0.06566450278878011,0.06566450278878011,23,0.07068634878258773,0.07068634878258773,0.06884636317861409,0.03679971207947287,0.06884636317861409,0.8081674895137092,0.042531150652468326,0.0038481627167676826,0.7846477814095988,0.019671545387342716,T020_060_020,4
24,1.2375498424150402,375,125,False,projected_continuous_optimization_loss,24,500,0.0008308610997886094,0.544044526180424,0.03122807116838889,0.03122807116838889,0.03122807116838889,0.020833301463087178,0.020833301463087178,0.020833301463087178,0.020833301463087178,0.020833301463087178,0.20789539410603416,0.20789539410603416,0.20789539410603416,0.544044526180424,0.10126931027114819,0.1393671293048942,0.6277160493827161,0.03122807116838889,291.98822419997305,291.98822419997305,11.997436900041066,579.3918128013611,,fixed_iterations,,0.04506227280753983,0.04506227280753983,0.4370513807556582,0.4370513807556582,0.061930872617225886,0.061930872617225886,24,0.07270578006922135,0.07270578006922135,0.07061475529886566,0.041820495407113994,0.07061475529886566,0.7954993999834867,0.04147770890083246,0.0034139585559258934,0.7761652012200277,0.015920240207533035,T020_060_020,4
25,1.2490711122682117,375,125,False,projected_continuous_optimization_loss,25,500,0.000505183679630508,0.5735626287381302,0.03465178009976868,0.03465178009976868,0.03465178009976868,0.02555933851933199,0.02555933851933199,0.02555933851933199,0.02555933851933199,0.02555933851933199,0.18184883160873375,0.18184883160873375,0.18184883160873375,0.5735626287381302,0.09856198857573255,0.13508491437424486,0.6147530864197531,0.03465178009976868,304.0977122000186,304.0977122000186,12.10948800004553,603.5844836235046,,fixed_iterations,,0.04190386233773533,0.04190386233773533,0.4734758320327929,0.4734758320327929,0.058182934367602,0.058182934367602,25,0.07317596215282869,0.07317596215282869,0.07068480812221596,0.049823080612254586,0.07068480812221596,0.7767891565979498,0.03852418205306001,0.005293821455718442,0.7581021862409368,0.013393148901294508,T020_060_020,4
26,1.2606996421722352,375,125,False,projected_continuous_optimization_loss,26,500,0.00027528734976083556,0.6050272386466349,0.03812616289011733,0.03812616289011733,0.03812616289011733,0.030325988779562208,0.030325988779562208,0.030325988779562208,0.030325988779562208,0.030325988779562208,0.1560034822111024,0.1560034822111024,0.1560034822111024,0.6050272386466349,0.09595556741554853,0.13098287523418511,0.6025,0.03812616289011733,316.1453357000137,316.1453357000137,12.047623499995098,627.750292301178,,fixed_iterations,,0.03866477629912634,0.03866477629912634,0.5117348761466002,0.5117348761466002,0.05462758620090829,0.05462758620090829,26,0.0739358469273795,0.0739358469273795,0.07121212380924154,0.05447446236275947,0.07121212380924154,0.7666023514198151,0.035809684037262174,0.005735040758229476,0.7492505941538353,0.011616716507750298,T020_060_020,4
27,1.2724364306905207,375,125,False,projected_continuous_optimization_loss,27,500,0.00016584927501522967,0.6347131136061798,0.04135275614951723,0.04135275614951723,0.04135275614951723,0.03468103068095264,0.03468103068095264,0.03468103068095264,0.03468103068095264,0.03468103068095264,0.13343450937129173,0.13343450937129173,0.13343450937129173,0.6347131136061798,0.09357354283739554,0.12729406257742504,0.5919444444444445,0.04135275614951723,328.1246083000442,328.1246083000442,11.979272600030527,651.7548265457153,,fixed_iterations,,0.03553507516665712,0.03553507516665712,0.5477378032369027,0.5477378032369027,0.051440235202619984,0.051440235202619984,27,0.07468119547241651,0.07468119547241651,0.07202467771025442,0.05313035524324176,0.07202467771025442,0.7694997717067469,0.033328439322899285,0.005521540521775991,0.7537418468374336,0.010236384347537326,T020_060_020,4
28,1.2842824856828456,375,125,False,projected_continuous_optimization_loss,28,500,0.00016852099358251834,0.6594761141329661,0.04408909490518,0.04408909490518,0.04408909490518,0.038291269062880766,0.038291269062880766,0.038291269062880766,0.038291269062880766,0.038291269062880766,0.11595651684598471,0.11595651684598471,0.11595651684598471,0.6594761141329661,0.09151638816897312,0.12416825369434357,0.5824382716049382,0.04408909490518,340.0340719000669,340.0340719000669,11.909463600022718,675.7899484634399,,fixed_iterations,,0.03276902190371785,0.03276902190371785,0.577952607933981,0.577952607933981,0.04875448429526724,0.04875448429526724,28,0.07533762749528795,0.07533762749528795,0.07274393087522323,0.051873932401294676,0.07274393087522323,0.7722415042170883,0.03124853259010795,0.005449261789252254,0.7578932504855516,0.008898991942284381,T020_060_020,4
29,1.296238824391902,375,125,False,projected_continuous_optimization_loss,29,500,0.00025049413574465535,0.677167924261594,0.04616566839498625,0.04616566839498625,0.04616566839498625,0.040954640938707855,0.040954640938707855,0.040954640938707855,0.040954640938707855,0.040954640938707855,0.10422054912556798,0.10422054912556798,0.10422054912556798,0.677167924261594,0.08985479395124284,0.12171851328081676,0.5744753086419753,0.04616566839498625,352.00780640006997,352.00780640006997,11.973734500003047,699.8736023902893,,fixed_iterations,,0.030611372109330095,0.030611372109330095,0.5998828448829678,0.5998828448829678,0.04667370726929602,0.04667370726929602,29,0.07538907114212852,0.07538907114212852,0.07297040094891251,0.04837340386432023,0.07297040094891251,0.7800604540690323,0.029223402747142267,0.005571578568981614,0.7660318640250224,0.00845701147502832,T020_060_020,4
30,1.3083064735306495,375,125,False,projected_continuous_optimization_loss,30,500,0.00036711409296923456,0.6866430211480388,0.047480775338395335,0.047480775338395335,0.047480775338395335,0.04257114552863391,0.04257114552863391,0.04257114552863391,0.04257114552863391,0.04257114552863391,0.09819259619522848,0.09819259619522848,0.09819259619522848,0.6866430211480388,0.08862736617748211,0.1199602750374966,0.5686111111111111,0.047480775338395335,364.06584549997933,364.06584549997933,12.058039099909365,724.0368092060089,,fixed_iterations,,0.029234781425057924,0.029234781425057924,0.6121281473701148,0.6121281473701148,0.04528009235286603,0.04528009235286603,30,0.07554428269878728,0.07554428269878728,0.07307408939847469,0.049403866006251754,0.07307408939847469,0.7777301954689937,0.028063507360391947,0.005895952394677038,0.7639569714265079,0.007877271647808787,T020_060_020,4
31,1.3204864693704796,375,125,False,projected_continuous_optimization_loss,31,500,0.00047466499732182085,0.6874965848627271,0.04798720036005134,0.04798720036005134,0.04798720036005134,0.0431042811364284,0.0431042811364284,0.0431042811364284,0.0431042811364284,0.0431042811364284,0.09765838447245877,0.09765838447245877,0.09765838447245877,0.6874965848627271,0.0878421278853487,0.11889715053046519,0.5642592592592592,0.04798720036005134,376.0898523000069,376.0898523000069,12.024006800027564,748.1618592739105,,fixed_iterations,,0.02872027587623153,0.02872027587623153,0.6141467610585702,0.6141467610585702,0.04462954792792531,0.04462954792792531,31,0.07578535912977076,0.07578535912977076,0.073300269710001,0.04970178839539516,0.073300269710001,0.7770610209151502,0.027798158769719424,0.006203754178496433,0.7637607856381696,0.007096481098484094,T020_060_020,4
32,1.332779857830204,375,125,False,projected_continuous_optimization_loss,32,500,0.0005403289977317207,0.6797920054167367,0.047679290776287825,0.047679290776287825,0.047679290776287825,0.042552632786536065,0.042552632786536065,0.042552632786536065,0.042552632786536065,0.042552632786536065,0.10253315979503519,0.10253315979503519,0.10253315979503519,0.6797920054167367,0.08748022306308233,0.11848804703543515,0.5611111111111111,0.047679290776287825,388.0440937000094,388.0440937000094,11.954241400002502,772.232812166214,,fixed_iterations,,0.02906857996650957,0.02906857996650957,0.6059830945794092,0.6059830945794092,0.044740330870817885,0.044740330870817885,32,0.07540343630648119,0.07540343630648119,0.07302514732711765,0.04756577958727086,0.07302514732711765,0.7819041963098079,0.027724145530193367,0.006786858321257408,0.7679590702282412,0.007158267760309277,T020_060_020,4
33,1.3451876945658685,375,125,False,projected_continuous_optimization_loss,33,500,0.0005477106247758578,0.6639516396190077,0.046586230335809616,0.046586230335809616,0.046586230335809616,0.04093980531007195,0.04093980531007195,0.04093980531007195,0.04093980531007195,0.04093980531007195,0.11292850051475327,0.11292850051475327,0.11292850051475327,0.6639516396190077,0.08750036308438125,0.11867514832451805,0.5590740740740741,0.046586230335809616,400.1153351000976,400.1153351000976,12.071241400088184,796.3939950466156,,fixed_iterations,,0.030215716399412448,0.030215716399412448,0.5881508440608345,0.5881508440608345,0.04558507915876077,0.04558507915876077,33,0.07549896932752462,0.07549896932752462,0.07303780261543669,0.049223334241758676,0.07303780261543669,0.7781366766638553,0.028912738991715002,0.007125724109923747,0.7642844975208064,0.0067264550331251945,T020_060_020,4
34,1.3577110450614045,375,125,False,projected_continuous_optimization_loss,34,500,0.0004977011625091662,0.6408286709729324,0.0447743166815425,0.0447743166815425,0.0447743166815425,0.03832411450178899,0.03832411450178899,0.03832411450178899,0.03832411450178899,0.03832411450178899,0.12900404359507006,0.12900404359507006,0.12900404359507006,0.6408286709729324,0.08784324375234363,0.11937813880027168,0.5579938271604938,0.0447743166815425,412.18650770012755,412.18650770012755,12.071172600029968,820.604110956192,,fixed_iterations,,0.032039912872174114,0.032039912872174114,0.561700427623801,0.561700427623801,0.04708833047695727,0.04708833047695727,34,0.075151663937641,0.075151663937641,0.07266606815235355,0.04971191570574897,0.07266606815235355,0.777038308883008,0.030377347256098503,0.007387877008579029,0.7624490237800108,0.007201408094418146,T020_060_020,4
35,1.3703509847201236,375,125,False,projected_continuous_optimization_loss,35,500,0.00040545169623631993,0.6118513773198843,0.042356880701872386,0.042356880701872386,0.042356880701872386,0.03482391303744884,0.03482391303744884,0.03482391303744884,0.03482391303744884,0.03482391303744884,0.15065935328847085,0.15065935328847085,0.15065935328847085,0.6118513773198843,0.0884358783589647,0.1204840949507189,0.5589197530864197,0.042356880701872386,424.21971160022076,424.21971160022076,12.033203900093213,844.7527740001678,,fixed_iterations,,0.03436469241537356,0.03436469241537356,0.5283586316731017,0.5283586316731017,0.049128053231409015,0.049128053231409015,35,0.0743530465629962,0.0743530465629962,0.07204394305597722,0.046182070140379526,0.07204394305597722,0.7850998600736158,0.03199616586112381,0.008066957720903014,0.7690752599738868,0.007957642378825912,T020_060_020,4
36,1.383108598957066,375,125,False,projected_continuous_optimization_loss,36,500,0.00029472885610453163,0.5790737317743521,0.039505751679732776,0.039505751679732776,0.039505751679732776,0.030646805515614276,0.030646805515614276,0.030646805515614276,0.030646805515614276,0.030646805515614276,0.17717892328237003,0.17717892328237003,0.17717892328237003,0.5790737317743521,0.08919622412372567,0.12186897197453185,0.5595061728395062,0.039505751679732776,436.2779071002733,436.2779071002733,12.058195500052534,868.9616987705231,,fixed_iterations,,0.03697071626864142,0.03697071626864142,0.49056166399712353,0.49056166399712353,0.05154135150858716,0.05154135150858716,36,0.07387041344204799,0.07387041344204799,0.07145141680248347,0.048379932791290464,0.07145141680248347,0.7800456120208318,0.034364661762315216,0.008027697608503873,0.7629033729089346,0.009114541503393319,T020_060_020,4
37,1.3959849832922042,375,125,False,projected_continuous_optimization_loss,37,500,0.00019109458462006167,0.5450051248104955,0.03645320858444346,0.03645320858444346,0.03645320858444346,0.026102191762007825,0.026102191762007825,0.026102191762007825,0.026102191762007825,0.026102191762007825,0.2070203364487127,0.2070203364487127,0.2070203364487127,0.5450051248104955,0.0900384898170828,0.12340059764784239,0.5607098765432099,0.03645320858444346,448.2790579003049,448.2790579003049,12.00115080003161,893.1226804256439,,fixed_iterations,,0.039623433704629785,0.039623433704629785,0.45124513035930275,0.45124513035930275,0.054136560746563006,0.054136560746563006,37,0.07304200259698934,0.07304200259698934,0.07105672637041664,0.039705524531453984,0.07105672637041664,0.8007375486162684,0.03658879401254588,0.0072852138877564,0.782295798620121,0.011156536108391079,T020_060_020,4
38,1.408981243444521,375,125,False,projected_continuous_optimization_loss,38,500,0.00011536971883716563,0.5122259994494458,0.03347090139093864,0.03347090139093864,0.03347090139093864,0.021574727610284037,0.021574727610284037,0.021574727610284037,0.021574727610284037,0.021574727610284037,0.23792347561309204,0.23792347561309204,0.23792347561309204,0.5122259994494458,0.09087913552628686,0.1249239326506976,0.5615123456790123,0.03347090139093864,460.3315711003961,460.3315711003961,12.052513200091198,917.3025953769684,,fixed_iterations,,0.042110169799940984,0.042110169799940984,0.41340293157497376,0.41340293157497376,0.056712898074531025,0.056712898074531025,38,0.07040037548750716,0.07040037548750716,0.06840149803020505,0.0399775491460422,0.06840149803020505,0.8000561350127438,0.03692947409656852,0.009470730824600966,0.7759344415285568,0.014650962659585907,T020_060_020,4
39,1.4220984954269564,375,125,False,projected_continuous_optimization_loss,39,500,7.876657265572526e-05,0.48294506768632295,0.030820154925842936,0.030820154925842936,0.030820154925842936,0.01745286477434788,0.01745286477434788,0.01745286477434788,0.01745286477434788,0.01745286477434788,0.26734580302990113,0.26734580302990113,0.26734580302990113,0.48294506768632295,0.09164302036530404,0.12632317231327633,0.5620679012345678,0.030820154925842936,472.2513010003604,472.2513010003604,11.919729899964295,941.3227653503418,,fixed_iterations,,0.04427079549603935,0.04427079549603935,0.3795897655051402,0.3795897655051402,0.059084506685143444,0.059084506685143444,39,0.06756616998784348,0.06756616998784348,0.06516196781266625,0.0480840435035446,0.06516196781266625,0.7807192587034953,0.03674601506200055,0.011990841232415627,0.75024948798648,0.018478929484599768,T020_060_020,4
40,1.4353378656422435,375,125,False,projected_continuous_optimization_loss,40,500,8.081177019069007e-05,0.45869611252706644,0.028689991061509552,0.028689991061509552,0.028689991061509552,0.014039496131844036,0.014039496131844036,0.014039496131844036,0.014039496131844036,0.014039496131844036,0.29300989859331034,0.29300989859331034,0.29300989859331034,0.45869611252706644,0.09226875329064645,0.12750962408326716,0.5625617283950617,0.028689991061509552,484.2672054003924,484.2672054003924,12.015904400032014,965.4595687389374,,fixed_iterations,,0.046009524512472304,0.046009524512472304,0.35158490657872277,0.35158490657872277,0.06110168143587137,0.06110168143587137,40,0.06311340155450805,0.06311340155450805,0.05974174009371306,0.06743322921589982,0.05974174009371306,0.7403209110923642,0.0344234104929985,0.015102690723396619,0.7000284276481507,0.025189792720816936,T020_060_020,4
41,1.4487004909796344,375,125,False,projected_continuous_optimization_loss,41,500,0.00011059430116951318,0.4402736490857959,0.027158197263600456,0.027158197263600456,0.027158197263600456,0.011493517868213917,0.011493517868213917,0.011493517868213917,0.011493517868213917,0.011493517868213917,0.3132935879077307,0.3132935879077307,0.3132935879077307,0.4402736490857959,0.09271234204335888,0.12838190074521974,0.5634876543209877,0.027158197263600456,496.22769800038077,496.22769800038077,11.960492599988356,989.5132224559784,,fixed_iterations,,0.04728773713187289,0.04728773713187289,0.3303233317448298,0.3303233317448298,0.0626625802090932,0.0626625802090932,41,0.06001304605066723,0.06001304605066723,0.05492530075166016,0.10175490598014134,0.05492530075166016,0.681009551898272,0.03285484878706677,0.01786344737474814,0.6342273479716105,0.028918756551913234,T020_060_020,4
42,1.4621875189125266,375,125,False,projected_continuous_optimization_loss,42,500,0.00015096752999148322,0.4278622378679373,0.02620097471814574,0.02620097471814574,0.02620097471814574,0.009833893775271501,0.009833893775271501,0.009833893775271501,0.009833893775271501,0.009833893775271501,0.32734161885748475,0.32734161885748475,0.32734161885748475,0.4278622378679373,0.09294873361518412,0.12888894368213422,0.5634259259259259,0.02620097471814574,508.3466893003788,508.3466893003788,12.118991299998015,1013.6975622177124,,fixed_iterations,,0.04810720360675427,0.04810720360675427,0.31604116341822236,0.31604116341822236,0.06371387084296072,0.06371387084296072,42,0.05802911988043785,0.05802911988043785,0.052109877986071244,0.11838483788733206,0.052109877986071244,0.6559290220211358,0.03182814516229211,0.018829845190354712,0.6051765712268407,0.03192260560394049,T020_060_020,4
43,1.4758001075969998,375,125,False,projected_continuous_optimization_loss,43,500,0.00018436060269503608,0.4212370994500191,0.025741561766548272,0.025741561766548272,0.025741561766548272,0.008993237013896918,0.008993237013896918,0.008993237013896918,0.008993237013896918,0.008993237013896918,0.3349664950530271,0.3349664950530271,0.3349664950530271,0.4212370994500191,0.09297149009175024,0.1290174341255625,0.5625925925925926,0.025741561766548272,520.4002534004394,520.4002534004394,12.053564100060612,1037.8733928203583,,fixed_iterations,,0.04849368472994368,0.04849368472994368,0.3084992294351897,0.3084992294351897,0.06424418528488567,0.06424418528488567,43,0.05686696464686931,0.05686696464686931,0.05016519999630315,0.13403529301132305,0.05016519999630315,0.6338916922394099,0.031125402880321035,0.019338542345255703,0.5809510982945668,0.03360205159958733,T020_060_020,4
44,1.4895394259712669,375,125,False,projected_continuous_optimization_loss,44,500,0.00019825186549836691,0.41992822855609746,0.02570231998574834,0.02570231998574834,0.02570231998574834,0.00887815698444498,0.00887815698444498,0.00887815698444498,0.00887815698444498,0.00887815698444498,0.3364832600260671,0.3364832600260671,0.3364832600260671,0.41992822855609746,0.09279123924136709,0.12878057701209175,0.5607716049382716,0.02570231998574834,532.4006476004142,532.4006476004142,12.000394199974835,1062.0110259056091,,fixed_iterations,,0.04848614469821618,0.04848614469821618,0.3071659536223343,0.3071659536223343,0.06427613023554703,0.06427613023554703,44,0.05659107668263575,0.05659107668263575,0.0498569006890576,0.13468351987156305,0.0498569006890576,0.6330074661909822,0.030888756696887412,0.01944616890860536,0.5795145365132732,0.03404676076910366,T020_060_020,4
45,1.5034066538560549,375,125,False,projected_continuous_optimization_loss,45,500,0.00018848391151706607,0.42329955373220457,0.026029677365602057,0.026029677365602057,0.026029677365602057,0.009400507129328337,0.009400507129328337,0.009400507129328337,0.009400507129328337,0.009400507129328337,0.3325834047254743,0.3325834047254743,0.3325834047254743,0.42329955373220457,0.09243348912946986,0.1282275054478909,0.5591975308641975,0.026029677365602057,544.477054800489,544.477054800489,12.076407200074755,1086.0936741828918,,fixed_iterations,,0.048132365114814224,0.048132365114814224,0.3113064482695162,0.3113064482695162,0.06386074034787417,0.06386074034787417,45,0.05669408050554246,0.05669408050554246,0.05029295901895853,0.12802242973167877,0.05029295901895853,0.6421977784701739,0.030664403139940406,0.019367911437945994,0.5888179534159721,0.03401191361625576,T020_060_020,4
46,1.5174029820559174,375,125,False,projected_continuous_optimization_loss,46,500,0.0001594620854950465,0.43055115912904035,0.026685477217800825,0.026685477217800825,0.026685477217800825,0.010471878099336846,0.010471878099336846,0.010471878099336846,0.010471878099336846,0.010471878099336846,0.32427198236927957,0.32427198236927957,0.32427198236927957,0.43055115912904035,0.09193604119161958,0.12742617150087338,0.557067901234568,0.026685477217800825,556.526027900516,556.526027900516,12.04897310002707,1110.2919266223907,,fixed_iterations,,0.04748956288682768,0.04748956288682768,0.31998673299275776,0.31998673299275776,0.06307486324945491,0.06307486324945491,46,0.058974844353183314,0.058974844353183314,0.05332401050319436,0.11301667699977903,0.05332401050319436,0.6638204690945937,0.03228936713538249,0.018001033902158348,0.6149488157631914,0.030870619429243906,T020_060_020,4
47,1.531529612461491,375,125,False,projected_continuous_optimization_loss,47,500,0.00012148625205975173,0.4406875106680854,0.027619875279929873,0.027619875279929873,0.027619875279929873,0.011978352243796718,0.011978352243796718,0.011978352243796718,0.011978352243796718,0.011978352243796718,0.3128304607226631,0.3128304607226631,0.3128304607226631,0.4406875106680854,0.09134589536715566,0.12646004544384898,0.5542901234567901,0.027619875279929873,568.5662027004873,568.5662027004873,12.040174799971282,1134.3983693122864,,fixed_iterations,,0.046627663644767586,0.046627663644767586,0.33204057882682214,0.33204057882682214,0.062019268196495676,0.062019268196495676,47,0.06103961555675368,0.06103961555675368,0.05623444625505519,0.09610338603396977,0.05623444625505519,0.6899945387029935,0.03341974027682381,0.016621944114482708,0.6453014955745149,0.02807109901399591,T020_060_020,4
48,1.5457877581527044,375,125,False,projected_continuous_optimization_loss,48,500,8.647376000625577e-05,0.45250607190214015,0.028748382168875236,0.028748382168875236,0.028748382168875236,0.01376090210367401,0.01376090210367401,0.01376090210367401,0.01376090210367401,0.01376090210367401,0.29974960130402445,0.29974960130402445,0.29974960130402445,0.45250607190214015,0.0907154629320469,0.12541986780928235,0.5521296296296296,0.028748382168875236,580.4862611005083,580.4862611005083,11.920058400020935,1158.434638261795,,fixed_iterations,,0.0456321220962768,0.0456321220962768,0.34605951804390644,0.34605951804390644,0.06081443176195693,0.06081443176195693,48,0.06287377028106197,0.06287377028106197,0.05856884556127237,0.08609849439579198,0.05856884556127237,0.7065745505314986,0.03412538811218674,0.015025037300676593,0.6656916935667865,0.025857819664035633,T020_060_020,4
49,1.5601786435029474,375,125,False,projected_continuous_optimization_loss,49,500,6.374803221523486e-05,0.46464852002313706,0.029948465350500178,0.029948465350500178,0.029948465350500178,0.015618404994829305,0.015618404994829305,0.015618404994829305,0.015618404994829305,0.015618404994829305,0.28660120711341747,0.28660120711341747,0.28660120711341747,0.46464852002313706,0.09009811733920461,0.12440481926320507,0.5501851851851852,0.029948465350500178,592.5527404005406,592.5527404005406,12.06647930003237,1182.6038732528687,,fixed_iterations,,0.04460291358336243,0.04460291358336243,0.3604535540711549,0.3604535540711549,0.059592052368619704,0.059592052368619704,49,0.06387486304103408,0.06387486304103408,0.060040380390841745,0.07668965300384675,0.060040380390841745,0.7230710325663876,0.033926397690533905,0.014916269383776236,0.6843535300433515,0.02380123313925987,T020_060_020,4
50,1.5747035042842101,375,125,False,projected_continuous_optimization_loss,50,500,5.731349968642167e-05,0.4757241928573719,0.03107645028488846,0.03107645028488846,0.03107645028488846,0.017333194187135748,0.017333194187135748,0.017333194187135748,0.017333194187135748,0.017333194187135748,0.2748651219550542,0.2748651219550542,0.2748651219550542,0.4757241928573719,0.08954345215669084,0.12349772044528504,0.547962962962963,0.03107645028488846,604.59435340052,604.59435340052,12.041612999979407,1206.7914793491364,,fixed_iterations,,0.043647524242653696,0.043647524242653696,0.3735941008175177,0.3735941008175177,0.05848256779720044,0.05848256779720044,50,0.06583118922862574,0.06583118922862574,0.06257031759042322,0.06521743276405045,0.06257031759042322,0.7446229595988502,0.03475473894373728,0.013172235340027151,0.7101439317039316,0.0213067925548914,T020_060_020,4
51,1.589363587773202,375,125,False,projected_continuous_optimization_loss,51,500,6.531442972343798e-05,0.4844773416684459,0.03199408601381774,0.03199408601381774,0.03199408601381774,0.01870590545115613,0.01870590545115613,0.01870590545115613,0.01870590545115613,0.01870590545115613,0.2657636112532321,0.2657636112532321,0.2657636112532321,0.4844773416684459,0.08909285320523153,0.12276807513653955,0.5461111111111111,0.03199408601381774,616.606519300607,616.606519300607,12.012165900086984,1230.9030961990356,,fixed_iterations,,0.04286853741451633,0.04286853741451633,0.3840078291914498,0.3840078291914498,0.05760097506247987,0.05760097506247987,51,0.0666213167568695,0.0666213167568695,0.06342647094552355,0.06389691622691897,0.06342647094552355,0.7472216064871862,0.03462723074305176,0.012718594350255612,0.7144327047233658,0.0200703074135647,T020_060_020,4
52,1.6041601528584555,375,125,False,projected_continuous_optimization_loss,52,500,8.152305100144773e-05,0.4899486405245282,0.03259253791741108,0.03259253791741108,0.03259253791741108,0.01958491845227223,0.01958491845227223,0.01958491845227223,0.01958491845227223,0.01958491845227223,0.260152389302777,0.260152389302777,0.260152389302777,0.4899486405245282,0.08877600005303812,0.1222632261340949,0.5442283950617284,0.03259253791741108,628.6728673005709,628.6728673005709,12.06634799996391,1255.1332654953003,,fixed_iterations,,0.042349229112090964,0.042349229112090964,0.3905653815068383,0.3905653815068383,0.05703402990559891,0.05703402990559891,52,0.06716665866681504,0.06716665866681504,0.06398031110961823,0.06372695114393624,0.06398031110961823,0.7475580242037069,0.034574120749403955,0.012218261469259304,0.715915798441037,0.019423964293410572,T020_060_020,4
53,1.6190944701484322,375,125,False,projected_continuous_optimization_loss,53,500,9.804599249507476e-05,0.49158841891565597,0.032807282083828444,0.032807282083828444,0.032807282083828444,0.019883165294794312,0.019883165294794312,0.019883165294794312,0.019883165294794312,0.019883165294794312,0.25848233578068264,0.25848233578068264,0.25848233578068264,0.49158841891565597,0.08860871716962243,0.12201012415702824,0.543641975308642,0.032807282083828444,640.6927118005697,640.6927118005697,12.019844499998726,1279.2200272083282,,fixed_iterations,,0.042141536449849804,0.042141536449849804,0.3926155764623554,0.3926155764623554,0.0568313060034507,0.0568313060034507,53,0.06717233874019794,0.06717233874019794,0.06400847522895153,0.06327727022492824,0.06400847522895153,0.7484502629201767,0.0343650566563695,0.012225954605598461,0.7168296073683781,0.0193947009462001,T020_060_020,4
54,1.63416782208063,375,125,False,projected_continuous_optimization_loss,54,500,0.00010816926900294741,0.48930338722435307,0.032623632821523266,0.032623632821523266,0.032623632821523266,0.01958308130649731,0.01958308130649731,0.01958308130649731,0.01958308130649731,0.01958308130649731,0.26081103030051905,0.26081103030051905,0.26081103030051905,0.48930338722435307,0.0885923255123939,0.12201269848056748,0.542962962962963,0.032623632821523266,652.71981730056,652.71981730056,12.027105499990284,1303.4050872325897,,fixed_iterations,,0.042259494606045445,0.042259494606045445,0.3900425746366222,0.3900425746366222,0.05700131798168541,0.05700131798168541,54,0.06695557629858558,0.06695557629858558,0.06377968422366699,0.06351784149837164,0.06377968422366699,0.7479725382059098,0.03433194347706231,0.012300811165319607,0.7158903999833792,0.01978132705721095,T020_060_020,4
55,1.6493815030317087,375,125,False,projected_continuous_optimization_loss,55,500,0.00010839520968812062,0.48343963317437627,0.032075314040205916,0.032075314040205916,0.032075314040205916,0.018733583411454768,0.018733583411454768,0.018733583411454768,0.018733583411454768,0.018733583411454768,0.266834612575023,0.266834612575023,0.266834612575023,0.48343963317437627,0.08871442476054928,0.1222514494211659,0.5429320987654321,0.032075314040205916,664.7874938005116,664.7874938005116,12.06767649995163,1327.573205947876,,fixed_iterations,,0.04267910846327086,0.04267910846327086,0.38324774276418916,0.38324774276418916,0.057512781946916204,0.057512781946916204,55,0.0663666826626203,0.0663666826626203,0.06299519168144574,0.06742981962349112,0.06299519168144574,0.7403274761868496,0.03429136862241439,0.013069897625708295,0.7069433546151231,0.020314223946018232,T020_060_020,4
56,1.6647368194286418,375,125,False,projected_continuous_optimization_loss,56,500,9.913317987507039e-05,0.47471246947432777,0.031237854072724745,0.031237854072724745,0.031237854072724745,0.017441504586436795,0.017441504586436795,0.017441504586436795,0.017441504586436795,0.017441504586436795,0.275926989725759,0.275926989725759,0.275926989725759,0.47471246947432777,0.0889509124535452,0.12268665283457997,0.5435185185185185,0.031237854072724745,676.7680140006123,676.7680140006123,11.980520200100727,1351.6730463504791,,fixed_iterations,,0.043344018040415766,0.043344018040415766,0.37306799613215885,0.37306799613215885,0.058300455301753165,0.058300455301753165,56,0.06533441988391775,0.06533441988391775,0.061388114888852846,0.07892609990129809,0.061388114888852846,0.7190621066831708,0.034096565811193004,0.013671907493777537,0.6833462242132203,0.022043974976172928,T020_060_020,4
57,1.6802350898609004,375,125,False,projected_continuous_optimization_loss,57,500,8.400740247972317e-05,0.4640942443156056,0.030217029220344374,0.030217029220344374,0.030217029220344374,0.01585728027156128,0.01585728027156128,0.01585728027156128,0.01585728027156128,0.01585728027156128,0.2871949789756619,0.2871949789756619,0.2871949789756619,0.4640942443156056,0.0892689896173486,0.12326143985572804,0.5438888888888889,0.030217029220344374,688.8326125006424,688.8326125006424,12.064598500030115,1375.776368379593,,fixed_iterations,,0.044175448385205554,0.044175448385205554,0.3606441150933717,0.3606441150933717,0.059274680837028366,0.059274680837028366,57,0.06376735498267884,0.06376735498267884,0.05943108756861743,0.0867253482812282,0.05943108756861743,0.7055083222207661,0.033550325762334465,0.014599192568025693,0.6664725025513802,0.02443662710136009,T020_060_020,4
58,1.6958776451936843,375,125,False,projected_continuous_optimization_loss,58,500,6.817999060646358e-05,0.4526746098239569,0.029132336513720346,0.029132336513720346,0.029132336513720346,0.014154082377152453,0.014154082377152453,0.014154082377152453,0.014154082377152453,0.014154082377152453,0.2995650827313578,0.2995650827313578,0.2995650827313578,0.4526746098239569,0.08963085604446891,0.12391143173394034,0.544537037037037,0.029132336513720346,700.9395300006727,700.9395300006727,12.10691750003025,1400.0080721378326,,fixed_iterations,,0.04508435630818451,0.04508435630818451,0.34725684189371464,0.34725684189371464,0.06033341162205773,0.06033341162205773,58,0.06274931712853783,0.06274931712853783,0.05793607645701878,0.09626481343038094,0.05793607645701878,0.6897342857639908,0.033616980614817486,0.015465018439022865,0.648551482558348,0.025717784766619938,T020_060_020,4
59,1.711665828682204,375,125,False,projected_continuous_optimization_loss,59,500,5.635251262189812e-05,0.4415156704037563,0.02809739495248079,0.02809739495248079,0.02809739495248079,0.0125021576322525,0.0125021576322525,0.0125021576322525,0.0125021576322525,0.0125021576322525,0.3119047464045658,0.3119047464045658,0.3119047464045658,0.4415156704037563,0.08999773259050386,0.12456892105065936,0.5454629629629629,0.02809739495248079,712.970221900614,712.970221900614,12.030691899941303,1424.1615934371948,,fixed_iterations,,0.04598332163563241,0.04598332163563241,0.33415732819750354,0.33415732819750354,0.0613750205706203,0.0613750205706203,59,0.06142454952047105,0.06142454952047105,0.05616711309861558,0.10514872843710948,0.05616711309861558,0.6757335533282707,0.033327154567990264,0.01631067649342167,0.6318272708252506,0.027595606009598424,T020_060_020,4
60,1.72760099608703,375,125,False,projected_continuous_optimization_loss,60,500,5.115544038273089e-05,0.4315291442626081,0.027202063118852635,0.027202063118852635,0.027202063118852635,0.011044107427712503,0.011044107427712503,0.011044107427712503,0.011044107427712503,0.011044107427712503,0.3231591138228026,0.3231591138228026,0.3231591138228026,0.4315291442626081,0.09033378445987074,0.12517690352772817,0.5461111111111111,0.027202063118852635,725.0346181006171,725.0346181006171,12.064396200003102,1448.3326349258423,,fixed_iterations,,0.04679600351962239,0.04679600351962239,0.32242325945926203,0.32242325945926203,0.06230988128372369,0.06230988128372369,60,0.060616715119201706,0.060616715119201706,0.054980908301932925,0.11271613634537564,0.054980908301932925,0.6642677609383102,0.03341465200034907,0.01694938663238262,0.618732632521356,0.028585741784571475,T020_060_020,4
61,1.7436845157905145,375,125,False,projected_continuous_optimization_loss,61,500,5.2457385438326115e-05,0.42339647226353605,0.026502128567660748,0.026502128567660748,0.026502128567660748,0.009878547157753992,0.009878547157753992,0.009878547157753992,0.009878547157753992,0.009878547157753992,0.33247162819813514,0.33247162819813514,0.33247162819813514,0.42339647226353605,0.09060951162299087,0.12568575513070526,0.5463580246913581,0.026502128567660748,737.095098800608,737.095098800608,12.060480699990876,1472.4788658618927,,fixed_iterations,,0.04746307689146457,0.04746307689146457,0.31286446010972163,0.31286446010972163,0.06306893526234988,0.06306893526234988,61,0.05891926054512278,0.05891926054512278,0.05262742796366468,0.125836651629162,0.05262742796366468,0.6452653785868061,0.03241713197746203,0.018933958671270807,0.5964065081620579,0.029924911753477418,T020_060_020,4
62,1.7599177689142957,375,125,False,projected_continuous_optimization_loss,62,500,5.7773223961794765e-05,0.4175369921943129,0.02601963523531572,0.02601963523531572,0.02601963523531572,0.00905647746221333,0.00905647746221333,0.00905647746221333,0.00905647746221333,0.00905647746221333,0.3392631554620478,0.3392631554620478,0.3392631554620478,0.4175369921943129,0.09080425611901863,0.1260526279311937,0.5468518518518518,0.02601963523531572,749.1513962006429,749.1513962006429,12.056297400034964,1496.6243786811829,,fixed_iterations,,0.04794494520676371,0.04794494520676371,0.3059837152826916,0.3059837152826916,0.0636083317048576,0.0636083317048576,62,0.05790251002547237,0.05790251002547237,0.051082712444260915,0.13639595162422913,0.051082712444260915,0.630681774584263,0.031882874790156654,0.019789598792628253,0.5798920072312264,0.03100016856040839,T020_060_020,4
63,1.7763021494378985,375,125,False,projected_continuous_optimization_loss,63,500,6.353243223303501e-05,0.4141132620937368,0.025751524482204732,0.025751524482204732,0.025751524482204732,0.00858836099948262,0.00858836099948262,0.00858836099948262,0.00858836099948262,0.00858836099948262,0.34326326965444226,0.34326326965444226,0.34326326965444226,0.4141132620937368,0.09090763175733023,0.1262557913280282,0.5467901234567901,0.025751524482204732,761.258037700667,761.258037700667,12.106641500024125,1520.9491603374481,,fixed_iterations,,0.04822236814665873,0.04822236814665873,0.3019805231182938,0.3019805231182938,0.0639103708287843,0.0639103708287843,63,0.05749004211275377,0.05749004211275377,0.05065754197980193,0.1366500026590369,0.05065754197980193,0.630337988617931,0.03173851763054904,0.019981899358616943,0.578726843566402,0.031629245692912054,T020_060_020,4
64,1.792839064318438,375,125,False,projected_continuous_optimization_loss,64,500,6.664170454725848e-05,0.41305541281656466,0.02568023786995933,0.02568023786995933,0.02568023786995933,0.008455040448762661,0.008455040448762661,0.008455040448762661,0.008455040448762661,0.008455040448762661,0.34450394842393334,0.34450394842393334,0.34450394842393334,0.41305541281656466,0.09091984411375377,0.12629523924509783,0.546820987654321,0.02568023786995933,773.3506397006568,773.3506397006568,12.09260199998971,1545.1694779396057,,fixed_iterations,,0.048296088174323494,0.048296088174323494,0.3007775174939861,0.3007775174939861,0.06398180714825509,0.06398180714825509,64,0.05782091885145958,0.05782091885145958,0.051080856982557106,0.13480123737804958,0.051080856982557106,0.632847119883216,0.032140680981500254,0.019682004793704532,0.5818724844816607,0.031292630607850654,T020_060_020,4
65,1.809529933611436,375,125,False,projected_continuous_optimization_loss,65,500,6.56815873838455e-05,0.41409016517550257,0.02578027255505659,0.02578027255505659,0.02578027255505659,0.008615755827853093,0.008615755827853093,0.008615755827853093,0.008615755827853093,0.008615755827853093,0.34329033454407,0.34329033454407,0.34329033454407,0.41409016517550257,0.0908509774439953,0.1261884622020107,0.5464814814814815,0.02578027255505659,785.2983892005868,785.2983892005868,11.947749499930069,1569.2644894123077,,fixed_iterations,,0.04818589473125519,0.04818589473125519,0.3020535710465577,0.3020535710465577,0.0638506993976896,0.0638506993976896,65,0.05786356860455415,0.05786356860455415,0.05114126960889797,0.13444597991312346,0.05114126960889797,0.6333312395183858,0.032083296049497556,0.019809612171294205,0.582443967707014,0.031077659640077453,T020_060_020,4
66,1.8263761905927665,375,125,False,projected_continuous_optimization_loss,66,500,6.126801917046893e-05,0.4167702979752444,0.026018786532712328,0.026018786532712328,0.026018786532712328,0.009010942266518067,0.009010942266518067,0.009010942266518067,0.009010942266518067,0.009010942266518067,0.34015688532388516,0.34015688532388516,0.34015688532388516,0.4167702979752444,0.09071937166031849,0.1259681253011371,0.5459876543209876,0.026018786532712328,797.33522260061,797.33522260061,12.03683340002317,1593.414800643921,,fixed_iterations,,0.04792888677346611,0.04792888677346611,0.30527889578656203,0.30527889578656203,0.06356251541521629,0.06356251541521629,66,0.05786452240064974,0.05786452240064974,0.05109254776525101,0.13543949270797445,0.05109254776525101,0.6319789507270346,0.03184573586793741,0.019329309579049127,0.5810847647874878,0.031564876360497596,T020_060_020,4
67,1.843379281881731,375,125,False,projected_continuous_optimization_loss,67,500,5.550399061691992e-05,0.4205098921036967,0.026352949070532344,0.026352949070532344,0.026352949070532344,0.009562509813048882,0.009562509813048882,0.009562509813048882,0.009562509813048882,0.009562509813048882,0.3358087851496692,0.3358087851496692,0.3358087851496692,0.4205098921036967,0.0905492383271097,0.1256782806623776,0.5456481481481481,0.026352949070532344,809.4091046005487,809.4091046005487,12.073881999938749,1617.5908753871918,,fixed_iterations,,0.04757635363305636,0.04757635363305636,0.3097579865488162,0.3097579865488162,0.0631755519218242,0.0631755519218242,67,0.058355486715782966,0.058355486715782966,0.051620458795879204,0.13470055839807518,0.051620458795879204,0.6329842532014802,0.03200253764525062,0.019007904857827794,0.583059254981607,0.030917093362045348,T020_060_020,4
68,1.8605406675652836,375,125,False,projected_continuous_optimization_loss,68,500,5.085522060857832e-05,0.42463412100222087,0.0267287520598994,0.0267287520598994,0.0267287520598994,0.010176457324155045,0.010176457324155045,0.010176457324155045,0.010176457324155045,0.010176457324155045,0.33104589471488705,0.33104589471488705,0.33104589471488705,0.42463412100222087,0.09036771647277657,0.12536871027574026,0.5450308641975309,0.0267287520598994,821.4484692006372,821.4484692006372,12.039364600088447,1641.695612192154,,fixed_iterations,,0.04718878885547988,0.04718878885547988,0.3146899482654448,0.3146899482654448,0.0627553838812962,0.0627553838812962,68,0.05874033413916065,0.05874033413916065,0.05224701965339169,0.12986628971537936,0.05224701965339169,0.63963034295965,0.032011582079261254,0.01875521464428728,0.5904320094474524,0.030443118867910353,T020_060_020,4
69,1.8778618213234128,375,125,False,projected_continuous_optimization_loss,69,500,4.900944723345433e-05,0.4284480203601702,0.02708461259884569,0.02708461259884569,0.02708461259884569,0.010751029327335265,0.010751029327335265,0.010751029327335265,0.010751029327335265,0.010751029327335265,0.3266716654302085,0.3266716654302085,0.3266716654302085,0.4284480203601702,0.09020165473923762,0.12508549880462425,0.544537037037037,0.02708461259884569,833.5085859006504,833.5085859006504,12.060116700013168,1665.78808927536,,fixed_iterations,,0.04682902891445618,0.04682902891445618,0.319250760141826,0.319250760141826,0.062368231303888,0.062368231303888,69,0.06002600096335021,0.06002600096335021,0.05405190785393161,0.11948186218837198,0.05405190785393161,0.6543385150347641,0.03294138836450452,0.018030463010239604,0.60765660992308,0.028651442101444515,T020_060_020,4
70,1.8953442305556858,375,125,False,projected_continuous_optimization_loss,70,500,5.022533214964102e-05,0.43131923406243744,0.027359829192148008,0.027359829192148008,0.027359829192148008,0.011189938514781367,0.011189938514781367,0.011189938514781367,0.011189938514781367,0.011189938514781367,0.3233978135473328,0.3233978135473328,0.3233978135473328,0.43131923406243744,0.09007448861537462,0.12487070097377542,0.5441666666666667,0.027359829192148008,845.5922138006426,845.5922138006426,12.08362789999228,1689.9704430103302,,fixed_iterations,,0.046554215786048646,0.046554215786048646,0.3226913412837925,0.3226913412837925,0.06207367699259629,0.06207367699259629,70,0.06068973463189559,0.06068973463189559,0.05482575960756108,0.11727950048669021,0.05482575960756108,0.6575390526108265,0.03332990543974758,0.01744972585257403,0.6121749076517579,0.027914419106494677,T020_060_020,4
71,1.9129893965089777,375,125,False,projected_continuous_optimization_loss,71,500,5.3396792834821465e-05,0.4327607157380975,0.02750518527814886,0.02750518527814886,0.02750518527814886,0.011417164997651085,0.011417164997651085,0.011417164997651085,0.011417164997651085,0.011417164997651085,0.32176040560995545,0.32176040560995545,0.32176040560995545,0.4327607157380975,0.09000360905330679,0.12475502360343996,0.5439506172839507,0.02750518527814886,857.5899644006277,857.5899644006277,11.997750599985011,1714.1023824214935,,fixed_iterations,,0.04640793968423996,0.04640793968423996,0.324435059208746,0.324435059208746,0.06191771684511155,0.06191771684511155,71,0.060943239761251385,0.060943239761251385,0.05513898155246905,0.11608516417564664,0.05513898155246905,0.6592872703058386,0.033438054483102525,0.017195325689657294,0.6144258316385829,0.0276661129775985,T020_060_020,4
72,1.9307988344063838,375,125,False,projected_continuous_optimization_loss,72,500,5.671103871470627e-05,0.4324956934943306,0.027492135602244498,0.027492135602244498,0.027492135602244498,0.011389078707120455,0.011389078707120455,0.011389078707120455,0.011389078707120455,0.011389078707120455,0.3220611379024809,0.3220611379024809,0.3220611379024809,0.4324956934943306,0.08999856508277769,0.12475560100804388,0.5437037037037037,0.027492135602244498,869.6744270006893,869.6744270006893,12.08446260006167,1738.3146181106567,,fixed_iterations,,0.04641419946858504,0.04641419946858504,0.3241541449541086,0.3241541449541086,0.061927349071636856,0.061927349071636856,72,0.06102185734641282,0.06102185734641282,0.055270435169711564,0.11502844353402514,0.055270435169711564,0.660841565733616,0.03352972174416832,0.017134791886585968,0.6161368595434411,0.027569914303588954,T020_060_020,4
73,1.948774073577336,375,125,False,projected_continuous_optimization_loss,73,500,5.8532648163132116e-05,0.4304902630080771,0.027317845838799606,0.027317845838799606,0.027317845838799606,0.01110077881236915,0.01110077881236915,0.01110077881236915,0.01110077881236915,0.01110077881236915,0.32434134052860913,0.32434134052860913,0.32434134052860913,0.4304902630080771,0.09006032049858546,0.12487428302670674,0.5437037037037037,0.027317845838799606,881.825835500611,881.825835500611,12.151408499921672,1762.5731947422028,,fixed_iterations,,0.04657455145051619,0.04657455145051619,0.3218079965251034,0.3218079965251034,0.06210771503245757,0.06210771503245757,73,0.060638231390192525,0.060638231390192525,0.05472825963281249,0.11819943514760065,0.05472825963281249,0.6561985527261402,0.03332038555139292,0.017849307576446642,0.6107441846529048,0.02760506049678872,T020_060_020,4
74,1.966916657588929,375,125,False,projected_continuous_optimization_loss,74,500,5.8096009480656874e-05,0.4269466119795262,0.027004846734069575,0.027004846734069575,0.027004846734069575,0.010585337457982388,0.010585337457982388,0.010585337457982388,0.010585337457982388,0.010585337457982388,0.3283901855217437,0.3283901855217437,0.3283901855217437,0.4269466119795262,0.09018162924773244,0.12509932885231043,0.5439197530864197,0.027004846734069575,893.7953654006124,893.7953654006124,11.969529900001362,1786.696634054184,,fixed_iterations,,0.046869095106788605,0.046869095106788605,0.31763520310746546,0.31763520310746546,0.06244231376527218,0.06244231376527218,74,0.05965518399751016,0.05965518399751016,0.05326127481190751,0.12787818371205298,0.05326127481190751,0.642399407561938,0.03265033726344058,0.018539098068188143,0.5950202644696679,0.02884004502408184,T020_060_020,4
75,1.9852281443784687,375,125,False,projected_continuous_optimization_loss,75,500,5.572593135488208e-05,0.4222588561449556,0.0265954743327082,0.0265954743327082,0.0265954743327082,0.009906232867561444,0.009906232867561444,0.009906232867561444,0.009906232867561444,0.009906232867561444,0.33378482930293507,0.33378482930293507,0.33378482930293507,0.4222588561449556,0.09034843995057018,0.1254053073469983,0.5439814814814815,0.0265954743327082,905.9890109006083,905.9890109006083,12.19364549999591,1811.016817331314,,fixed_iterations,,0.04726103101410514,0.04726103101410514,0.31210160381604085,0.31210160381604085,0.06289622131480968,0.06289622131480968,75,0.0584648501202788,0.0584648501202788,0.05180119214406381,0.1332731595242997,0.05180119214406381,0.6349340340098798,0.0318693757875706,0.018977154107901375,0.5852158057458179,0.030741074156160463,T020_060_020,4
76,2.0037101063872553,375,125,False,projected_continuous_optimization_loss,76,500,5.2546084988053583e-05,0.4169413831500078,0.026142479388696828,0.026142479388696828,0.026142479388696828,0.009144611854545527,0.009144611854545527,0.009144611854545527,0.009144611854545527,0.009144611854545527,0.33995735068302607,0.33995735068302607,0.33995735068302607,0.4169413831500078,0.09054210688718115,0.12575857755173825,0.5444444444444444,0.026142479388696828,918.0173234005924,918.0173234005924,12.028312499984168,1835.1378483772278,,fixed_iterations,,0.04770370524970815,0.04770370524970815,0.3058159652839616,0.3058159652839616,0.06342171261633804,0.06342171261633804,76,0.057372958133317276,0.057372958133317276,0.05057449151261395,0.1359693324140665,0.05057449151261395,0.6312598036366708,0.031230478744620448,0.019431822178842675,0.5793806135917634,0.0324473678660648,T020_060_020,4
77,2.022364130695613,375,125,False,projected_continuous_optimization_loss,77,500,4.986488134644418e-05,0.41154485319425027,0.025698226223302874,0.025698226223302874,0.025698226223302874,0.00838425323319405,0.00838425323319405,0.00838425323319405,0.00838425323319405,0.00838425323319405,0.34627945980217645,0.34627945980217645,0.34627945980217645,0.41154485319425027,0.09074208360173798,0.126123378303169,0.5448765432098766,0.025698226223302874,930.0476953005418,930.0476953005418,12.030371899949387,1859.2805149555206,,fixed_iterations,,0.048148556571805556,0.048148556571805556,0.2994309887551029,0.2994309887551029,0.06396530786734185,0.06396530786734185,77,0.056507584466205,0.056507584466205,0.049488666813021054,0.1403783530636789,0.049488666813021054,0.6253290069091565,0.030809358242902124,0.020481126179135695,0.5717961414432072,0.03305173928681362,T020_060_020,4
78,2.0411918191591734,375,125,False,projected_continuous_optimization_loss,78,500,4.855395087943645e-05,0.4065762230216411,0.025305430318274046,0.025305430318274046,0.025305430318274046,0.007697841364110989,0.007697841364110989,0.007697841364110989,0.007697841364110989,0.007697841364110989,0.3521517790832612,0.3521517790832612,0.3521517790832612,0.4065762230216411,0.09092871799920484,0.1264656929009529,0.5453395061728395,0.025305430318274046,942.1126374005107,942.1126374005107,12.064942099968903,1883.3792922496796,,fixed_iterations,,0.048552352894777454,0.048552352894777454,0.29354875771445343,0.29354875771445343,0.06447511241241013,0.06447511241241013,78,0.05558924915424324,0.05558924915424324,0.04850480950239789,0.14168879303690698,0.04850480950239789,0.6235842816287994,0.03028381883596919,0.020633914688579478,0.5682034264213388,0.034746940518881116,T020_060_020,4
79,2.060194788546431,375,125,False,projected_continuous_optimization_loss,79,500,4.870939476751595e-05,0.40243578863866225,0.02499184253196415,0.02499184253196415,0.02499184253196415,0.007137693196969276,0.007137693196969276,0.007137693196969276,0.007137693196969276,0.007137693196969276,0.3570829866998975,0.3570829866998975,0.3570829866998975,0.40243578863866225,0.09108576761731361,0.12675525368218699,0.5460185185185186,0.02499184253196415,954.1800423004897,954.1800423004897,12.06740489997901,1907.4739553928375,,fixed_iterations,,0.04888253015684587,0.04888253015684587,0.28864584587789915,0.28864584587789915,0.06490741260391723,0.06490741260391723,79,0.05485535385238658,0.05485535385238658,0.04702746331538047,0.15655781074012218,0.04702746331538047,0.6043261308348477,0.02986351132042243,0.020873379420384402,0.5477344073146132,0.03571834409984997,T020_060_020,4
80,2.0793746706775784,375,125,False,projected_continuous_optimization_loss,80,500,4.97281144512147e-05,0.39937766980783257,0.02476958142522905,0.02476958142522905,0.02476958142522905,0.006732222248955601,0.006732222248955601,0.006732222248955601,0.006732222248955601,0.006732222248955601,0.3607471835254689,0.3607471835254689,0.3607471835254689,0.39937766980783257,0.09120231399963208,0.12697163660168254,0.5462654320987654,0.02476958142522905,966.1811276004883,966.1811276004883,12.001085299998522,1931.554482460022,,fixed_iterations,,0.049120125837294075,0.049120125837294075,0.2850257700340726,0.2850257700340726,0.0652317739364659,0.0652317739364659,80,0.054136572203660624,0.054136572203660624,0.045989658762363855,0.16293826882593532,0.045989658762363855,0.5963438730479428,0.029366990778431575,0.02133678492424396,0.5384525095023579,0.03655457862134088,T020_060_020,4
81,2.0987331125646334,375,125,False,projected_continuous_optimization_loss,81,500,5.071851390385945e-05,0.3974935195724169,0.02463778065764648,0.02463778065764648,0.02463778065764648,0.006487077709784804,0.006487077709784804,0.006487077709784804,0.006487077709784804,0.006487077709784804,0.3630140589572335,0.3630140589572335,0.3630140589572335,0.3974935195724169,0.09127386038704408,0.12710625188754862,0.5462962962962963,0.02463778065764648,978.120155900484,978.120155900484,11.939028299995698,1955.6185359954834,,fixed_iterations,,0.049260433206422635,0.049260433206422635,0.28279886135093013,0.28279886135093013,0.06543422501506414,0.06543422501506414,81,0.05350542328307386,0.05350542328307386,0.04504304471209089,0.1692475714196594,0.04504304471209089,0.5886029030004473,0.02886764262542738,0.02169574195332182,0.5295968819599985,0.03731027908712687,T020_060_020,4
82,2.118271776552871,375,125,False,projected_continuous_optimization_loss,82,500,5.100330520836039e-05,0.3967155091253764,0.024586145270752372,0.024586145270752372,0.024586145270752372,0.006388536424259683,0.006388536424259683,0.006388536424259683,0.006388536424259683,0.006388536424259683,0.36395217692985377,0.36395217692985377,0.36395217692985377,0.3967155091253764,0.09130251892524129,0.12716229940579352,0.5462962962962963,0.024586145270752372,990.4262527003884,990.4262527003884,12.30609679990448,1980.3334519863129,,fixed_iterations,,0.04931187083919497,0.04931187083919497,0.281885279610114,0.281885279610114,0.06551835867606742,0.06551835867606742,82,0.05341082124136626,0.05341082124136626,0.04464441198368709,0.17532818515358323,0.04464441198368709,0.5812779141798428,0.028824675970613885,0.021447051485166242,0.5222085341543743,0.037622328540302105,T020_060_020,4
83,2.137992340463571,375,125,False,projected_continuous_optimization_loss,83,500,5.0444493205964324e-05,0.39683463879098896,0.024597557340305325,0.024597557340305325,0.024597557340305325,0.00640713469218548,0.00640713469218548,0.00640713469218548,0.00640713469218548,0.00640713469218548,0.36380845296239683,0.36380845296239683,0.36380845296239683,0.39683463879098896,0.09129630810066211,0.1271542578393066,0.5462962962962963,0.024597557340305325,1003.1211297004484,1003.1211297004484,12.694877000059932,2005.8488359451294,,fixed_iterations,,0.049293621176421734,0.049293621176421734,0.2820367223590841,0.2820367223590841,0.06550429525548306,0.06550429525548306,83,0.05341082124136626,0.05341082124136626,0.04464441198368709,0.17532818515358323,0.04464441198368709,0.5812779141798428,0.028813263901060933,0.021447051485166242,0.5222085341543743,0.037622328540302105,T020_060_020,4
84,2.157896497738097,375,125,False,projected_continuous_optimization_loss,84,500,4.943764600663335e-05,0.3975324637254579,0.024649481572307657,0.024649481572307657,0.024649481572307657,0.006501124959071822,0.006501124959071822,0.006501124959071822,0.006501124959071822,0.006501124959071822,0.36296713226471666,0.36296713226471666,0.36296713226471666,0.3975324637254579,0.09126768041982791,0.12710489930583915,0.5462345679012346,0.024649481572307657,1015.6485016004881,1015.6485016004881,12.527371900039725,2031.065767288208,,fixed_iterations,,0.0492324500937858,0.0492324500937858,0.2828744907275346,0.2828744907275346,0.06542552290413751,0.06542552290413751,84,0.05395752716676722,0.05395752716676722,0.04552485884490468,0.16865336643725076,0.04552485884490468,0.5893257173412841,0.029308045594459566,0.021241068885298045,0.5311914351055843,0.03689321335040182,T020_060_020,4
85,2.177985957583316,375,125,False,projected_continuous_optimization_loss,85,500,4.861439824345775e-05,0.3984255702261548,0.024715312850252826,0.024715312850252826,0.024715312850252826,0.006620723122366481,0.006620723122366481,0.006620723122366481,0.006620723122366481,0.006620723122366481,0.3618917945577269,0.3618917945577269,0.3618917945577269,0.3984255702261548,0.09123148853637428,0.12704134015169222,0.5459876543209876,0.024715312850252826,1027.7420935004484,1027.7420935004484,12.093591899960302,2055.4012520313263,,fixed_iterations,,0.049158952227350984,0.049158952227350984,0.28394281525826703,0.28394281525826703,0.06532380274053684,0.06532380274053684,85,0.05410403280580928,0.05410403280580928,0.04581206607534947,0.16583933460919617,0.04581206607534947,0.5927662408281993,0.02938871995555645,0.02102460478084835,0.5348530740267486,0.03688856202060234,T020_060_020,4
86,2.1982624451183685,375,125,False,projected_continuous_optimization_loss,86,500,4.844829999405152e-05,0.399120661541847,0.02476701024290186,0.02476701024290186,0.02476701024290186,0.006714211273606478,0.006714211273606478,0.006714211273606478,0.006714211273606478,0.006714211273606478,0.3610559793859076,0.3610559793859076,0.3610559793859076,0.399120661541847,0.09120267534091454,0.12699106419962755,0.5459876543209876,0.02476701024290186,1039.6608612004202,1039.6608612004202,11.918767699971795,2079.4194474220276,,fixed_iterations,,0.049103427349840884,0.049103427349840884,0.28477456516943905,0.28477456516943905,0.06524266902256703,0.06524266902256703,86,0.054037352447466366,0.054037352447466366,0.045695569555147884,0.1668356578463696,0.045695569555147884,0.5915447908933348,0.029270342204564506,0.02096918135433253,0.5335151049023513,0.03706050463665091,T020_060_020,4
87,2.2187277015228113,375,125,False,projected_continuous_optimization_loss,87,500,4.899405622388785e-05,0.3992741925106653,0.024779380621193017,0.024779380621193017,0.024779380621193017,0.0067358058320073555,0.0067358058320073555,0.0067358058320073555,0.0067358058320073555,0.0067358058320073555,0.3608714957837132,0.3608714957837132,0.3608714957837132,0.3992741925106653,0.09119402616800973,0.12697758786558258,0.5459876543209876,0.024779380621193017,1051.6893326004501,1051.6893326004501,12.028471400029957,2103.560935497284,,fixed_iterations,,0.049091730157490805,0.049091730157490805,0.2849619890891744,0.2849619890891744,0.06522047326400007,0.06522047326400007,87,0.05399541138971757,0.05399541138971757,0.04566860421086016,0.16653614357714833,0.04566860421086016,0.5919115983305231,0.029216030768524553,0.02105099835061468,0.5337956703963861,0.03706492958352238,T020_060_020,4
88,2.2393834841861313,375,125,False,projected_continuous_optimization_loss,88,500,4.989284126044805e-05,0.39864643595752847,0.024735027697832812,0.024735027697832812,0.024735027697832812,0.006653722248503674,0.006653722248503674,0.006653722248503674,0.006653722248503674,0.006653722248503674,0.36162610898658276,0.36162610898658276,0.36162610898658276,0.39864643595752847,0.09121432701131829,0.12701708623037758,0.5459567901234568,0.024735027697832812,1063.7380201005144,1063.7380201005144,12.048687500064261,2127.74285364151,,fixed_iterations,,0.0491416541841924,0.0491416541841924,0.2842205695956054,0.2842205695956054,0.06528421217773073,0.06528421217773073,88,0.05413226123582637,0.05413226123582637,0.04577514620030032,0.16714230071052108,0.04577514620030032,0.5911695941951955,0.02939723353799356,0.02108203632480833,0.5333449233921717,0.03674263447821555,T020_060_020,4
89,2.2602315668586597,375,125,False,projected_continuous_optimization_loss,89,500,5.061287021087428e-05,0.3971384474324708,0.024628187919495316,0.024628187919495316,0.024628187919495316,0.006456085341288729,0.006456085341288729,0.006456085341288729,0.006456085341288729,0.006456085341288729,0.36344205156413173,0.36344205156413173,0.36344205156413173,0.3971384474324708,0.09126721647226897,0.12711628431794575,0.5462037037037037,0.024628187919495316,1075.7170512005687,1075.7170512005687,11.979031100054272,2151.7672753334045,,fixed_iterations,,0.049260524032500974,0.049260524032500974,0.28243256014362794,0.28243256014362794,0.0654453632563419,0.0654453632563419,89,0.05391625018487053,0.05391625018487053,0.04537468070621415,0.1708313895731275,0.04537468070621415,0.586682459151408,0.02928806226537521,0.021214149786926886,0.5285115585126274,0.03695675085185364,T020_060_020,4
90,2.2812737398038863,375,125,False,projected_continuous_optimization_loss,90,500,5.076395579657643e-05,0.39480307150217864,0.024465851378689434,0.024465851378689434,0.024465851378689434,0.006152685265529579,0.006152685265529579,0.006152685265529579,0.006152685265529579,0.006152685265529579,0.3662633222631971,0.3662633222631971,0.3662633222631971,0.39480307150217864,0.09135090497482745,0.12727162377534612,0.5462037037037037,0.024465851378689434,1087.77974750055,1087.77974750055,12.062696299981326,2175.9227628707886,,fixed_iterations,,0.04944453290290307,0.04944453290290307,0.2796599540438028,0.2796599540438028,0.06569858455547277,0.06569858455547277,90,0.05306247469486565,0.05306247469486565,0.04415832028523716,0.1780830881925698,0.04415832028523716,0.5780010803419399,0.028596623316176215,0.02191996147901112,0.5183282751094223,0.03775284375350657,T020_060_020,4
91,2.3025118099521906,375,125,False,projected_continuous_optimization_loss,91,500,5.029886886178559e-05,0.3918272400887154,0.024265543612446858,0.024265543612446858,0.024265543612446858,0.005771838317541404,0.005771838317541404,0.005771838317541404,0.005771838317541404,0.005771838317541404,0.36987410589810904,0.36987410589810904,0.36987410589810904,0.3918272400887154,0.09145878474956684,0.12747104475520377,0.5463271604938271,0.024265543612446858,1099.8288132005837,1099.8288132005837,12.04906570003368,2200.0970509052277,,fixed_iterations,,0.04967998077373374,0.04967998077373374,0.27612374069898177,0.27612374069898177,0.0660235186159999,0.0660235186159999,91,0.05184613495800561,0.05184613495800561,0.0421318000321991,0.19428669851613004,0.0421318000321991,0.5592203515177565,0.02758059134555875,0.02253915028754293,0.4975819705723591,0.03909923065785455,T020_060_020,4
92,2.32394760105601,375,125,False,projected_continuous_optimization_loss,92,500,4.949803368064327e-05,0.38849008685178954,0.024050430079381048,0.024050430079381048,0.024050430079381048,0.005353211385454452,0.005353211385454452,0.005353211385454452,0.005353211385454452,0.005353211385454452,0.3739443738785319,0.3739443738785319,0.3739443738785319,0.38849008685178954,0.09158079946991594,0.1276956186844931,0.5466975308641975,0.024050430079381048,1111.7412187005393,1111.7412187005393,11.91240549995564,2224.0308542251587,,fixed_iterations,,0.04994610312349355,0.04994610312349355,0.2721547258586721,0.2721547258586721,0.06638925786962384,0.06638925786962384,92,0.05146850337732843,0.05146850337732843,0.04132242228561315,0.20292162183430562,0.04132242228561315,0.5495317748893873,0.027418073297947383,0.022285884423297795,0.4873718583034928,0.03987403216259677,T020_060_020,4
93,2.3455829538464448,375,125,False,projected_continuous_optimization_loss,93,500,4.876964553656963e-05,0.385107150881642,0.0238434365514777,0.0238434365514777,0.0238434365514777,0.004938775756633104,0.004938775756633104,0.004938775756633104,0.004938775756633104,0.004938775756633104,0.3780932158968919,0.3780932158968919,0.3780932158968919,0.385107150881642,0.09170531397128386,0.12792524262670224,0.5469753086419753,0.0238434365514777,1123.6916429005796,1123.6916429005796,11.950424200040288,2248.056965112686,,fixed_iterations,,0.05021884039510563,0.05021884039510563,0.26812783900848614,0.26812783900848614,0.0667604714780502,0.0667604714780502,93,0.05121913992702955,0.05121913992702955,0.040741377331277584,0.20955525191503926,0.040741377331277584,0.5422279476474788,0.027375703375551848,0.022104399826543164,0.47975720772193803,0.04036634009899773,T020_060_020,4
94,2.3674197261913283,375,125,False,projected_continuous_optimization_loss,94,500,4.840218416770885e-05,0.38197321488633595,0.023662377864776946,0.023662377864776946,0.023662377864776946,0.0045645225088803915,0.0045645225088803915,0.0045645225088803915,0.0045645225088803915,0.0045645225088803915,0.38195710711793107,0.38195710711793107,0.38195710711793107,0.38197321488633595,0.09182114652509603,0.1281392810852669,0.547037037037037,0.023662377864776946,1135.7224438006524,1135.7224438006524,12.03080090007279,2272.1811485290527,,fixed_iterations,,0.05047480916873036,0.05047480916873036,0.2643945004088306,0.2643945004088306,0.06710390530877498,0.06710390530877498,94,0.05071252188175729,0.05071252188175729,0.039521900000431875,0.2238124376265083,0.039521900000431875,0.5269118077709947,0.027050144016980342,0.02201793131757918,0.46388039748090365,0.04101347897251186,T020_060_020,4
95,2.3894597932547637,375,125,False,projected_continuous_optimization_loss,95,500,4.8421350215388756e-05,0.3793147255002288,0.023517465295755487,0.023517465295755487,0.023517465295755487,0.004254954796712669,0.004254954796712669,0.004254954796712669,0.004254954796712669,0.004254954796712669,0.3852502099808563,0.3852502099808563,0.3852502099808563,0.3793147255002288,0.09191941234210244,0.12832162314579512,0.5471296296296296,0.023517465295755487,1147.7707623007009,1147.7707623007009,12.048318500048481,2296.2698369026184,,fixed_iterations,,0.05069486605737812,0.05069486605737812,0.2612258562839047,0.2612258562839047,0.067394003158946,0.067394003158946,95,0.050345461999368166,0.050345461999368166,0.03888609788628412,0.22918728226168092,0.03888609788628412,0.5212649143193273,0.02682799670361268,0.022120396049287883,0.4576987511109363,0.041445767159103225,T020_060_020,4
96,2.4117050476581485,375,125,False,projected_continuous_optimization_loss,96,500,4.8625493124030274e-05,0.37725859915797183,0.023411333286859695,0.023411333286859695,0.023411333286859695,0.004020990670725111,0.004020990670725111,0.004020990670725111,0.004020990670725111,0.004020990670725111,0.3878068523226917,0.3878068523226917,0.3878068523226917,0.37725859915797183,0.09199487662328039,0.12846243870622004,0.547283950617284,0.023411333286859695,1159.723673400702,1159.723673400702,11.952911100001074,2320.319912672043,,fixed_iterations,,0.05086685875699878,0.05086685875699878,0.258775033342926,0.258775033342926,0.06761670705804704,0.06761670705804704,96,0.05040858083864515,0.05040858083864515,0.038943613831281365,0.22929934014727557,0.038943613831281365,0.5211478932412686,0.026997247551785453,0.02209170582194704,0.457706558742955,0.04134962867636651,T020_060_020,4
97,2.434157399642697,375,125,False,projected_continuous_optimization_loss,97,500,4.875590804069384e-05,0.3758197600519256,0.023340628269131757,0.023340628269131757,0.023340628269131757,0.0038605796720499633,0.0038605796720499633,0.0038605796720499633,0.0038605796720499633,0.0038605796720499633,0.38960097194163584,0.38960097194163584,0.38960097194163584,0.3758197600519256,0.09204661343325501,0.1285592526895598,0.5473765432098765,0.023340628269131757,1171.656698300736,1171.656698300736,11.93302490003407,2344.270524740219,,fixed_iterations,,0.050987297456490534,0.050987297456490534,0.25706151513231135,0.25706151513231135,0.06777094746312366,0.06777094746312366,97,0.04986153021945928,0.04986153021945928,0.0377184616741554,0.24286137090607754,0.0377184616741554,0.5071903299385476,0.02652090195032752,0.02232474615534389,0.4431682520422742,0.04169733174092953,T020_060_020,4
98,2.4568187772334764,375,125,False,projected_continuous_optimization_loss,98,500,4.8677276592244254e-05,0.3749067200515239,0.023297903952864192,0.023297903952864192,0.023297903952864192,0.003760823521026997,0.003760823521026997,0.003760823521026997,0.003760823521026997,0.003760823521026997,0.3907416086367439,0.3907416086367439,0.3907416086367439,0.3749067200515239,0.09207789008652206,0.12861791935678968,0.5473765432098765,0.023297903952864192,1183.636954300804,1183.636954300804,11.980256000068039,2368.3453419208527,,fixed_iterations,,0.051061728953831355,0.051061728953831355,0.2559772008682858,0.2559772008682858,0.0678677902294068,0.0678677902294068,98,0.049388475189663446,0.049388475189663446,0.03712128603848667,0.24534378302353554,0.03712128603848667,0.5046781016111487,0.026090571236799254,0.022215045318085304,0.4398118609140287,0.04265119537903469,T020_060_020,4
99,2.4796911264049717,375,125,False,projected_continuous_optimization_loss,99,500,4.8449250886896697e-05,0.37434311699966477,0.023273131522801107,0.023273131522801107,0.023273131522801107,0.003700804760516344,0.003700804760516344,0.003700804760516344,0.003700804760516344,0.003700804760516344,0.3914465352456952,0.3914465352456952,0.3914465352456952,0.37434311699966477,0.0920953247292019,0.12865083615485187,0.5474382716049383,0.023273131522801107,1195.648560600821,1195.648560600821,12.011606300016865,2392.387726545334,,fixed_iterations,,0.05110364605004184,0.05110364605004184,0.25531189249559516,0.25531189249559516,0.06792757845402773,0.06792757845402773,99,0.04894630524726987,0.04894630524726987,0.03645427331906174,0.2498406385641626,0.03645427331906174,0.500159386840002,0.02567317372446876,0.022663375133709814,0.43464257423048813,0.04285343747580421,T020_060_020,4
100,2.502776411248186,375,125,False,projected_continuous_optimization_loss,100,500,4.825390040142527e-05,0.37390227402528575,0.02325497256999637,0.02325497256999637,0.02325497256999637,0.0036550544464609507,0.0036550544464609507,0.0036550544464609507,0.0036550544464609507,0.0036550544464609507,0.39199836247070835,0.39199836247070835,0.39199836247070835,0.37390227402528575,0.09210748285677561,0.12867404926529682,0.5475308641975308,0.02325497256999637,1207.7246022009058,1207.7246022009058,12.076041600084864,2416.5062532424927,,fixed_iterations,,0.05113192982417769,0.05113192982417769,0.25479467208461326,0.25479467208461326,0.06797567211649483,0.06797567211649483,100,0.04867710651210345,0.04867710651210345,0.035939351200613825,0.25475510622979247,0.035939351200613825,0.4952672922924526,0.02542213394210708,0.022946300180503656,0.4294429514334734,0.04287804067847554,T020_060_020,4
101,2.5260766141393045,375,125,False,projected_continuous_optimization_loss,101,500,4.824459361420299e-05,0.3733502949777531,0.023232351372481988,0.023232351372481988,0.023232351372481988,0.003597858732258539,0.003597858732258539,0.003597858732258539,0.003597858732258539,0.003597858732258539,0.39268985280446894,0.39268985280446894,0.39268985280446894,0.3733502949777531,0.09212317441601531,0.12870395607861215,0.5475,0.023232351372481988,1219.7544924009126,1219.7544924009126,12.029890200006776,2440.611703157425,,fixed_iterations,,0.05116713400485555,0.05116713400485555,0.2541456017913996,0.2541456017913996,0.068037559181498,0.068037559181498,101,0.04861804743207709,0.04861804743207709,0.035872900822869994,0.25490293218414184,0.035872900822869994,0.49512087368941277,0.0253856960595951,0.0229519233742713,0.42918752954059286,0.04298142077454861,T020_060_020,4
102,2.549593735909923,375,125,False,projected_continuous_optimization_loss,102,500,4.843007099817134e-05,0.3724908334734316,0.0231965308163328,0.0231965308163328,0.0231965308163328,0.0035081431125893714,0.0035081431125893714,0.0035081431125893714,0.0035081431125893714,0.0035081431125893714,0.3937677540748686,0.3937677540748686,0.3937677540748686,0.3724908334734316,0.09214977114924149,0.12875412135291966,0.5475,0.0231965308163328,1231.7817566009471,1231.7817566009471,12.027264200034551,2464.692745923996,,fixed_iterations,,0.05122728890686929,0.05122728890686929,0.25312935351994253,0.25312935351994253,0.0681341910466198,0.0681341910466198,102,0.047925013267128364,0.047925013267128364,0.03445421615371916,0.2694159422681841,0.03445421615371916,0.4809470718046337,0.024728482450795564,0.02336418007206208,0.41429365597460005,0.043289235757971535,T020_060_020,4
103,2.5733297960188635,375,125,False,projected_continuous_optimization_loss,103,500,4.8673009434278906e-05,0.37120270585256177,0.02314319203844788,0.02314319203844788,0.02314319203844788,0.0033738901820908767,0.0033738901820908767,0.0033738901820908767,0.0033738901820908767,0.0033738901820908767,0.39538603712714,0.39538603712714,0.39538603712714,0.37120270585256177,0.09219186617727529,0.12883294810069673,0.5475308641975308,0.02314319203844788,1243.7888855009805,1243.7888855009805,12.007128900033422,2488.788903951645,,fixed_iterations,,0.051324159576574206,0.051324159576574206,0.2516001878861004,0.2516001878861004,0.06827835838988713,0.06827835838988713,103,0.04683547638128123,0.04683547638128123,0.03235420963620006,0.2896253349016234,0.03235420963620006,0.4618314995267529,0.02369228434283335,0.023860292334911003,0.3940039355378215,0.04396727165402036,T020_060_020,4
104,2.5972868327255894,375,125,False,projected_continuous_optimization_loss,104,500,4.87947406245711e-05,0.3694616923937428,0.023073565923615324,0.023073565923615324,0.023073565923615324,0.003194638055667175,0.003194638055667175,0.003194638055667175,0.003194638055667175,0.003194638055667175,0.39757855735896297,0.39757855735896297,0.39757855735896297,0.3694616923937428,0.09225053431703753,0.1289423945396576,0.5475308641975308,0.023073565923615324,1255.831519700936,1255.831519700936,12.0426341999555,2512.838310956955,,fixed_iterations,,0.051460887697625565,0.051460887697625565,0.2495280635013305,0.2495280635013305,0.06847274119478675,0.06847274119478675,104,0.047215793108928795,0.047215793108928795,0.032477474825452955,0.2947663656695168,0.032477474825452955,0.45707609587575093,0.02414222718531347,0.02352621320603473,0.3901720666558255,0.04337781601389078,T020_060_020,4
105,2.6214669032652327,375,125,False,projected_continuous_optimization_loss,105,500,4.8702518253371996e-05,0.3673410613416084,0.022993865350343937,0.022993865350343937,0.022993865350343937,0.002980998717125807,0.002980998717125807,0.002980998717125807,0.002980998717125807,0.002980998717125807,0.40025733266436253,0.40025733266436253,0.40025733266436253,0.3673410613416084,0.09232332928183185,0.12907818164046442,0.5480555555555555,0.022993865350343937,1267.9057372009847,1267.9057372009847,12.07421750004869,2536.9593126773834,,fixed_iterations,,0.05163163365908787,0.05163163365908787,0.24699948156405505,0.24699948156405505,0.06870994611846551,0.06870994611846551,105,0.04713190898791575,0.04713190898791575,0.03227375491852416,0.29716308138783176,0.03227375491852416,0.4548733345470691,0.024138043637571813,0.023660900420327632,0.3879336620251765,0.04327877210156496,T020_060_020,4
106,2.645872084025255,375,125,False,projected_continuous_optimization_loss,106,500,4.844594955564093e-05,0.36499080740526135,0.0229130388916311,0.0229130388916311,0.0229130388916311,0.002751205157640013,0.002751205157640013,0.002751205157640013,0.002751205157640013,0.002751205157640013,0.4032366746798217,0.4032366746798217,0.4032366746798217,0.36499080740526135,0.09240499825917352,0.12923087009100812,0.5482098765432099,0.0229130388916311,1279.9401937009534,1279.9401937009534,12.034456499968655,2561.120918273926,,fixed_iterations,,0.051823305534394744,0.051823305534394744,0.24419305112804887,0.24419305112804887,0.06897445074281779,0.06897445074281779,106,0.046889196602791755,0.046889196602791755,0.03209203156547232,0.2959433007463887,0.03209203156547232,0.45599328979654247,0.023976157711160656,0.023962625947038428,0.38857015390629385,0.043460509943210206,T020_060_020,4
107,2.6705044707237495,375,125,False,projected_continuous_optimization_loss,107,500,4.816796075428252e-05,0.3626012785109248,0.022839735813099497,0.022839735813099497,0.022839735813099497,0.002525879305304107,0.002525879305304107,0.002525879305304107,0.002525879305304107,0.002525879305304107,0.4062771301559078,0.4062771301559078,0.4062771301559078,0.3626012785109248,0.0924887420367907,0.12938741331730408,0.5486728395061728,0.022839735813099497,1291.9195634009084,1291.9195634009084,11.979369699954987,2585.2286665439606,,fixed_iterations,,0.05201890046627716,0.05201890046627716,0.24133636825463736,0.24133636825463736,0.06924600979001022,0.06924600979001022,107,0.04612028216733074,0.04612028216733074,0.030935336669176944,0.30369890996307586,0.030935336669176944,0.44891115964567396,0.02328054635423124,0.024495841911819655,0.3804402322129375,0.043975085520916814,T020_060_020,4
108,2.6953661785894028,375,125,False,projected_continuous_optimization_loss,108,500,4.799589497493394e-05,0.36036057450319187,0.022779781807031205,0.022779781807031205,0.022779781807031205,0.0023228520745368713,0.0023228520745368713,0.0023228520745368713,0.0023228520745368713,0.0023228520745368713,0.40913859464988667,0.40913859464988667,0.40913859464988667,0.36036057450319187,0.09256773621300597,0.12953524319045268,0.5491666666666667,0.022779781807031205,1304.3644679009449,1304.3644679009449,12.4449045000365,2610.007979154587,,fixed_iterations,,0.0522015786430388,0.0522015786430388,0.23865516448871366,0.23865516448871366,0.06950383137143941,0.06950383137143941,108,0.04569429282806734,0.04569429282806734,0.030295824782816314,0.30796936090502053,0.030295824782816314,0.4450501275745525,0.022914511021036137,0.024739501180762912,0.3759963113114514,0.04431431508233818,T020_060_020,4
109,2.7204593425431383,375,125,False,projected_continuous_optimization_loss,109,500,4.7959061277755425e-05,0.35841567650112033,0.022735131589461298,0.022735131589461298,0.022735131589461298,0.0021536093814855366,0.0021536093814855366,0.0021536093814855366,0.0021536093814855366,0.0021536093814855366,0.41163044415951516,0.41163044415951516,0.41163044415951516,0.35841567650112033,0.0926365817539077,0.1296647883690302,0.5492592592592592,0.022735131589461298,1316.8098474009894,1316.8098474009894,12.44537950004451,2634.948131799698,,fixed_iterations,,0.0523584515142246,0.0523584515142246,0.23632649035363623,0.23632649035363623,0.06973073463325949,0.06973073463325949,109,0.04546011200633027,0.04546011200633027,0.02962889295839262,0.31662438095875295,0.02962889295839262,0.43730613922066564,0.02272498041686897,0.024015178429009885,0.3681347088675614,0.04515625192409439,T020_060_020,4
110,2.7457861173814395,375,125,False,projected_continuous_optimization_loss,110,500,4.799120902439992e-05,0.3568450977888733,0.022704399824027974,0.022704399824027974,0.022704399824027974,0.0020219884121177767,0.0020219884121177767,0.0020219884121177767,0.0020219884121177767,0.0020219884121177767,0.41364822823820396,0.41364822823820396,0.41364822823820396,0.3568450977888733,0.09269237955827776,0.12976991780245364,0.5495061728395062,0.022704399824027974,1329.1841785010183,1329.1841785010183,12.37433110002894,2659.886355638504,,fixed_iterations,,0.05248320281294385,0.05248320281294385,0.2344453638021954,0.2344453638021954,0.06991653117373406,0.06991653117373406,110,0.04533956512276991,0.04533956512276991,0.029543630524531277,0.3159186919647727,0.029543630524531277,0.43793355200228096,0.022635165298741936,0.024178769718560485,0.36851575809298887,0.045239024190731614,T020_060_020,4
111,2.7713486779613903,375,125,False,projected_continuous_optimization_loss,111,500,4.8005006067944384e-05,0.35564740991162064,0.02268427164927496,0.02268427164927496,0.02268427164927496,0.0019247586315948115,0.0019247586315948115,0.0019247586315948115,0.0019247586315948115,0.0019247586315948115,0.41519026035360296,0.41519026035360296,0.41519026035360296,0.35564740991162064,0.09273521385965332,0.12985079337122316,0.5498148148148149,0.02268427164927496,1341.9412122010253,1341.9412122010253,12.757033700007014,2685.4471895694733,,fixed_iterations,,0.05257700477018649,0.05257700477018649,0.23301041153268123,0.23301041153268123,0.07005999360875294,0.07005999360875294,111,0.045166431026900766,0.045166431026900766,0.029384083001996547,0.3156469604980844,0.029384083001996547,0.4381753293970757,0.022482159377625807,0.024418435380972197,0.36844087043257007,0.04531602358353345,T020_060_020,4
112,2.797149219387434,375,125,False,projected_continuous_optimization_loss,112,500,4.796983783101512e-05,0.3547467166236827,0.02267089024116693,0.02267089024116693,0.02267089024116693,0.0018533002557710222,0.0018533002557710222,0.0018533002557710222,0.0018533002557710222,0.0018533002557710222,0.41635179970791814,0.41635179970791814,0.41635179970791814,0.3547467166236827,0.09276796059855803,0.1299125056266141,0.55,0.02267089024116693,1355.30704750109,1355.30704750109,13.365835300064646,2711.404458761215,,fixed_iterations,,0.05264763631124376,0.05264763631124376,0.23193010414808413,0.23193010414808413,0.07016897616435482,0.07016897616435482,112,0.04459560970363954,0.04459560970363954,0.02836099397174471,0.32469231463789655,0.02836099397174471,0.4301822092651929,0.021924719462472608,0.02461011208819554,0.3598344179573953,0.045737679219602,T020_060_020,4
113,2.8231899571998684,375,125,False,projected_continuous_optimization_loss,113,500,4.7928726960654684e-05,0.354013498004553,0.022660741264758207,0.022660741264758207,0.022660741264758207,0.0017958132267425287,0.0017958132267425287,0.0017958132267425287,0.0017958132267425287,0.0017958132267425287,0.4172985607603136,0.4172985607603136,0.4172985607603136,0.354013498004553,0.09279548223173842,0.12996439445848032,0.5502160493827161,0.022660741264758207,1367.2770199010847,1367.2770199010847,11.969972399994731,2735.5122680664062,,fixed_iterations,,0.052707140604591446,0.052707140604591446,0.23104780184158466,0.23104780184158466,0.07025855555837694,0.07025855555837694,113,0.0438324090873688,0.0438324090873688,0.027412663015877244,0.3283949214298312,0.027412663015877244,0.42694247982437994,0.021171667822610596,0.02471352345599899,0.3553075976509244,0.04692135871745655,T020_060_020,4
114,2.8494731275651026,375,125,False,projected_continuous_optimization_loss,114,500,4.794747172900939e-05,0.3532968209197024,0.02265112877686536,0.02265112877686536,0.02265112877686536,0.0017398786852371826,0.0017398786852371826,0.0017398786852371826,0.0017398786852371826,0.0017398786852371826,0.4182250018325635,0.4182250018325635,0.4182250018325635,0.3532968209197024,0.09282340340455611,0.13001697852007857,0.5502469135802469,0.02265112877686536,1379.312651301152,1379.312651301152,12.03563140006736,2759.6722736358643,,fixed_iterations,,0.05276867695178478,0.05276867695178478,0.23018067275597562,0.23018067275597562,0.07034747121194197,0.07034747121194197,114,0.0431534021666138,0.0431534021666138,0.026545748239738792,0.3321530785375001,0.026545748239738792,0.42367276783280483,0.02050227338974844,0.024577799887582207,0.35086477759396456,0.048230190351258105,T020_060_020,4
115,2.876000987467676,375,125,False,projected_continuous_optimization_loss,115,500,4.8047478230611025e-05,0.35246136518984733,0.022640543289654314,0.022640543289654314,0.022640543289654314,0.0016752291110644958,0.0016752291110644958,0.0016752291110644958,0.0016752291110644958,0.0016752291110644958,0.41930628357179633,0.41930628357179633,0.41930628357179633,0.35246136518984733,0.09285675715175237,0.1300798593013689,0.5503086419753086,0.022640543289654314,1391.3877029011492,1391.3877029011492,12.075051599997096,2783.8441400527954,,fixed_iterations,,0.05284336395370247,0.05284336395370247,0.229164404989034,0.229164404989034,0.07045359624711078,0.07045359624711078,115,0.04288808894397153,0.04288808894397153,0.02602159939766258,0.337329790926179,0.02602159939766258,0.41919900918974073,0.020247545654317217,0.024945039880135342,0.3462173286030745,0.048036640706530805,T020_060_020,4
116,2.9027758149040723,375,125,False,projected_continuous_optimization_loss,116,500,4.818347342300876e-05,0.3514206453776319,0.0226289662272174,0.0226289662272174,0.0226289662272174,0.0015962072650990203,0.0015962072650990203,0.0015962072650990203,0.0015962072650990203,0.0015962072650990203,0.42065517924236756,0.42065517924236756,0.42065517924236756,0.3514206453776319,0.09289882513539859,0.13015914425465805,0.5504938271604938,0.0226289662272174,1403.4386680012103,1403.4386680012103,12.050965100061148,2807.992134332657,,fixed_iterations,,0.05293785889321721,0.05293785889321721,0.2278932655628806,0.2278932655628806,0.07058952092153409,0.07058952092153409,116,0.042448078621594235,0.042448078621594235,0.025465263852073542,0.3396562953904138,0.025465263852073542,0.4171996093082866,0.019819112394376833,0.02524360466366228,0.34351508388825136,0.04844092075637297,T020_060_020,4
117,2.929799909078336,375,125,False,projected_continuous_optimization_loss,117,500,4.828324690126274e-05,0.3501576366551769,0.022617810494357793,0.022617810494357793,0.022617810494357793,0.0015030556344785336,0.0015030556344785336,0.0015030556344785336,0.0015030556344785336,0.0015030556344785336,0.4222950971975851,0.4222950971975851,0.4222950971975851,0.3501576366551769,0.0929504522657636,0.13025657631300902,0.5508641975308642,0.022617810494357793,1415.4734820012236,1415.4734820012236,12.034814000013284,2832.1867430210114,,fixed_iterations,,0.053053192352651005,0.053053192352651005,0.2263450263350844,0.2263450263350844,0.07075941796744152,0.07075941796744152,117,0.04218949419288727,0.04218949419288727,0.02504928677787659,0.3428041483002135,0.02504928677787659,0.41450521069764124,0.019571683698529477,0.024984130904500013,0.3404307798021461,0.04909029999099514,T020_060_020,4
118,2.957075590599507,375,125,False,projected_continuous_optimization_loss,118,500,4.831035703254739e-05,0.3487268317240325,0.022609208864996802,0.022609208864996802,0.022609208864996802,0.0014013718791859697,0.0014013718791859697,0.0014013718791859697,0.0014013718791859697,0.0014013718791859697,0.42415673971621665,0.42415673971621665,0.42415673971621665,0.3487268317240325,0.09300999861050055,0.13036865425811078,0.5510185185185185,0.022609208864996802,1427.516108001233,1427.516108001233,12.042626000009477,2856.3296823501587,,fixed_iterations,,0.05318503327046506,0.05318503327046506,0.22458369970103909,0.22458369970103909,0.07095809875252836,0.07095809875252836,118,0.04143123238038075,0.04143123238038075,0.023616033486140723,0.3563039778848005,0.023616033486140723,0.40308796470099506,0.01882202351538395,0.02552075597064173,0.32838382452721554,0.049183384203137816,T020_060_020,4
119,2.9846052016808984,375,125,False,projected_continuous_optimization_loss,119,500,4.8292495251700806e-05,0.34723713798269445,0.02260480418260163,0.02260480418260163,0.02260480418260163,0.001299836481150436,0.001299836481150436,0.001299836481150436,0.001299836481150436,0.001299836481150436,0.4260993540290238,0.4260993540290238,0.4260993540290238,0.34723713798269445,0.09307392652011988,0.13048861518644442,0.5512037037037038,0.02260480418260163,1439.5567454012344,1439.5567454012344,12.040637400001287,2880.3998262882233,,fixed_iterations,,0.05332519290132829,0.05332519290132829,0.22273934250822977,0.22273934250822977,0.07117260257313646,0.07117260257313646,119,0.04011372630241897,0.04011372630241897,0.021048443956803334,0.3813056469123127,0.021048443956803334,0.3825004883303043,0.017508922119817336,0.025886834313258493,0.3067493286410502,0.04986432537599561,T020_060_020,4
120,3.0123911063412234,375,125,False,projected_continuous_optimization_loss,120,500,4.8292527132502685e-05,0.3458209250856614,0.022604688113553435,0.022604688113553435,0.022604688113553435,0.001207175010764441,0.001207175010764441,0.001207175010764441,0.001207175010764441,0.001207175010764441,0.4279502620557798,0.4279502620557798,0.4279502620557798,0.3458209250856614,0.09313785359882569,0.13060794569540302,0.551358024691358,0.022604688113553435,1451.6681922011776,1451.6681922011776,12.111446799943224,2904.6655201911926,,fixed_iterations,,0.05346389927188016,0.05346389927188016,0.22097107999104362,0.22097107999104362,0.07138594582273766,0.07138594582273766,120,0.03964068726952644,0.03964068726952644,0.020200938678391393,0.3887949718227009,0.020200938678391393,0.3764657412597918,0.017035999155973,0.0259129387966902,0.3002254384150289,0.050327364048072705,T020_060_020,4
121,3.040435690607601,375,125,False,projected_continuous_optimization_loss,121,500,4.8352838510160625e-05,0.3445984771557758,0.022607185529280337,0.022607185529280337,0.022607185529280337,0.001129627721953924,0.001129627721953924,0.001129627721953924,0.001129627721953924,0.001129627721953924,0.4295511561465282,0.4295511561465282,0.4295511561465282,0.3445984771557758,0.09319778090126375,0.13071936872743178,0.5515432098765433,0.022607185529280337,1463.5478648012504,1463.5478648012504,11.879672600072809,2928.597865819931,,fixed_iterations,,0.053592261530842386,0.053592261530842386,0.21942420942434052,0.21942420942434052,0.0715820062005929,0.0715820062005929,121,0.039288246429772564,0.039288246429772564,0.01973876550153141,0.3909896185648231,0.01973876550153141,0.3747083731851009,0.016681060900492227,0.026127931608704354,0.29791542793147696,0.05066501364491957,T020_060_020,4
122,3.0687413627204463,375,125,False,projected_continuous_optimization_loss,122,500,4.846593699467745e-05,0.34364772770189794,0.022609655766316922,0.022609655766316922,0.022609655766316922,0.0010697404987728223,0.0010697404987728223,0.0010697404987728223,0.0010697404987728223,0.0010697404987728223,0.430798305350882,0.430798305350882,0.430798305350882,0.34364772770189794,0.09325116481072968,0.13081848545050276,0.5515123456790123,0.022609655766316922,1475.6012049013516,1475.6012049013516,12.053340100101195,2952.8980708122253,,fixed_iterations,,0.05370438713836079,0.05370438713836079,0.21819320636633774,0.21819320636633774,0.0717501341971994,0.0717501341971994,122,0.03863887350038141,0.03863887350038141,0.018418072542491403,0.4044160191578,0.018418072542491403,0.3640628811291166,0.016029217734064485,0.02649462689074736,0.2869037877208516,0.050664466517517666,T020_060_020,4
123,3.0973105533402725,375,125,False,projected_continuous_optimization_loss,123,500,4.859499618450463e-05,0.34298685220727454,0.022609778716596557,0.022609778716596557,0.022609778716596557,0.00102646489797127,0.00102646489797127,0.00102646489797127,0.00102646489797127,0.00102646489797127,0.4316662763725057,0.4316662763725057,0.4316662763725057,0.34298685220727454,0.0932975498833436,0.13090421649090556,0.5513888888888889,0.022609778716596557,1487.6341863013804,1487.6341863013804,12.032981400028802,2977.00576710701,,fixed_iterations,,0.053798740121080914,0.053798740121080914,0.21729999944851736,0.21729999944851736,0.07188811263767624,0.07188811263767624,123,0.03879580619456084,0.03879580619456084,0.01856043662201929,0.404707391450831,0.01856043662201929,0.3638338334595034,0.016186027477964285,0.026568183198556663,0.28705784939171586,0.05020780086923083,T020_060_020,4
124,3.1261457157564143,375,125,False,projected_continuous_optimization_loss,124,500,4.8717568962029123e-05,0.34257350583365276,0.022606505709651316,0.022606505709651316,0.022606505709651316,0.0009960259480586064,0.0009960259480586064,0.0009960259480586064,0.0009960259480586064,0.0009960259480586064,0.4322095952318542,0.4322095952318542,0.4322095952318542,0.34257350583365276,0.09333860289157916,0.13098001319456484,0.5515123456790123,0.022606505709651316,1499.6967174013844,1499.6967174013844,12.06253110000398,3001.2335460186005,,fixed_iterations,,0.05387847018659419,0.05387847018659419,0.2166924794904178,0.2166924794904178,0.07200255615664075,0.07200255615664075,124,0.038717787616776925,0.038717787616776925,0.018564656072616415,0.4030626308832101,0.018564656072616415,0.36512786257135993,0.01611128190712561,0.02639465412536481,0.28801763267345987,0.05071557577253528,T020_060_020,4
125,3.1552493260976986,375,125,False,projected_continuous_optimization_loss,125,500,4.884546219993991e-05,0.3423204384280022,0.022600202289028933,0.022600202289028933,0.022600202289028933,0.0009730820035521708,0.0009730820035521708,0.0009730820035521708,0.0009730820035521708,0.0009730820035521708,0.4325424057095352,0.4325424057095352,0.4325424057095352,0.3423204384280022,0.09337755247571322,0.1310519119613253,0.5514814814814815,0.022600202289028933,1511.6923132013762,1511.6923132013762,11.995595799991861,3025.392110347748,,fixed_iterations,,0.05395059924731815,0.05395059924731815,0.21626320221974052,0.21626320221974052,0.07210663696094355,0.07210663696094355,125,0.0390481995268008,0.0390481995268008,0.018960226572138725,0.40175945909324146,0.018960226572138725,0.3661550196670786,0.01644799723777187,0.026273928217734475,0.2896393544278136,0.050241737021530515,T020_060_020,4
126,3.1846238835450724,375,125,False,projected_continuous_optimization_loss,126,500,4.9003101138416006e-05,0.3421233336948482,0.02259212653431225,0.02259212653431225,0.02259212653431225,0.0009520411308732516,0.0009520411308732516,0.0009520411308732516,0.0009520411308732516,0.0009520411308732516,0.43280170806878,0.43280170806878,0.43280170806878,0.3421233336948482,0.09341820329181104,0.13112713193553,0.5517283950617284,0.02259212653431225,1523.7559169013985,1523.7559169013985,12.063603700022213,3049.5581800937653,,fixed_iterations,,0.05402416709031019,0.05402416709031019,0.21588328348409125,0.21588328348409125,0.07221588312044677,0.07221588312044677,126,0.03908682391108795,0.03908682391108795,0.019054993114822134,0.40063661592531635,0.019054993114822134,0.36704137897859673,0.016494697376775697,0.02640538148490656,0.29056281004104684,0.0500731874526434,T020_060_020,4
127,3.2142719105462123,375,125,False,projected_continuous_optimization_loss,127,500,4.9192328046250645e-05,0.3418932767866628,0.02258371201276635,0.02258371201276635,0.02258371201276635,0.0009284890558365478,0.0009284890558365478,0.0009284890558365478,0.0009284890558365478,0.0009284890558365478,0.433104459138596,0.433104459138596,0.433104459138596,0.3418932767866628,0.09346381594382701,0.1312114251724675,0.5517901234567901,0.02258371201276635,1535.6788345013047,1535.6788345013047,11.922917599906214,3073.5968120098114,,fixed_iterations,,0.054107722332655775,0.054107722332655775,0.21544214102283557,0.21544214102283557,0.07234341343117144,0.07234341343117144,127,0.0388048495536636,0.0388048495536636,0.01874242300222773,0.40124853102871744,0.01874242300222773,0.36655818654850586,0.016221137540897254,0.026416761605762673,0.28951410434612096,0.05062732059662223,T020_060_020,4
128,3.2441959530321327,375,125,False,projected_continuous_optimization_loss,128,500,4.938411032601216e-05,0.34158421204057354,0.02257597693947365,0.02257597693947365,0.02257597693947365,0.0009004094477620328,0.0009004094477620328,0.0009004094477620328,0.0009004094477620328,0.0009004094477620328,0.4335113498342323,0.4335113498342323,0.4335113498342323,0.34158421204057354,0.09351618711799649,0.1313085425816863,0.5520061728395061,0.02257597693947365,1547.7043520013103,1547.7043520013103,12.025517500005662,3097.743606567383,,fixed_iterations,,0.05420682031644202,0.05420682031644202,0.21488126663504648,0.21488126663504648,0.0724961250890851,0.0724961250890851,128,0.03871766873930895,0.03871766873930895,0.018697752045446454,0.40039833387724993,0.018697752045446454,0.3672296357467032,0.016141691799835302,0.026459164326951126,0.28994498063271734,0.05082549078703472,T020_060_020,4
129,3.2743985806358085,375,125,False,projected_continuous_optimization_loss,129,500,4.9545537049619654e-05,0.3412065526617854,0.02256908378760112,0.02256908378760112,0.02256908378760112,0.0008686434748126715,0.0008686434748126715,0.0008686434748126715,0.0008686434748126715,0.0008686434748126715,0.434008806255769,0.434008806255769,0.434008806255769,0.3412065526617854,0.0935752076273631,0.13141839524782958,0.5519444444444445,0.02256908378760112,1559.7706838013837,1559.7706838013837,12.066331800073385,3121.9314115047455,,fixed_iterations,,0.054322313696036545,0.054322313696036545,0.2142112444932886,0.2142112444932886,0.07267299447246027,0.07267299447246027,129,0.03842033278372485,0.03842033278372485,0.01838271316253808,0.4007523924237355,0.01838271316253808,0.36694992897580725,0.01585124899612373,0.02671937983097922,0.28910461833740125,0.05112593080742675,T020_060_020,4
130,3.304882386912836,375,125,False,projected_continuous_optimization_loss,130,500,4.9671083008389265e-05,0.34082235125661037,0.022562023321148005,0.022562023321148005,0.022562023321148005,0.0008362646910048304,0.0008362646910048304,0.0008362646910048304,0.0008362646910048304,0.0008362646910048304,0.4345151726028635,0.4345151726028635,0.4345151726028635,0.34082235125661037,0.0936390288267845,0.1315370108709329,0.552037037037037,0.022562023321148005,1571.7905755013926,1571.7905755013926,12.019891700008884,3146.0333704948425,,fixed_iterations,,0.05445007820590969,0.05445007820590969,0.2135063412755556,0.2135063412755556,0.07286593177514507,0.07286593177514507,130,0.03822288305072814,0.03822288305072814,0.018290014662720167,0.39865736776015953,0.018290014662720167,0.36860680415436886,0.01566085972958014,0.02725710903220178,0.2903138324098378,0.05103586271232926,T020_060_020,4
131,3.3356499895641454,375,125,False,projected_continuous_optimization_loss,131,500,4.978391544782141e-05,0.34052382745439486,0.022552595299067446,0.022552595299067446,0.022552595299067446,0.0008071541912974082,0.0008071541912974082,0.0008071541912974082,0.0008071541912974082,0.0008071541912974082,0.4349088221554007,0.4349088221554007,0.4349088221554007,0.34052382745439486,0.0937047734481337,0.13165932633382038,0.5522222222222222,0.022552595299067446,1583.8421769014094,1583.8421769014094,12.051601400016807,3170.224198102951,,fixed_iterations,,0.05458239844398022,0.05458239844398022,0.21287862358344273,0.21287862358344273,0.07306280542697191,0.07306280542697191,131,0.03812628725725349,0.03812628725725349,0.01868116288207206,0.3889024875036287,0.01868116288207206,0.3763795324849988,0.015573691958186045,0.0275893392996967,0.29725353439666513,0.051536658788636905,T020_060_020,4
132,3.366704030660785,375,125,False,projected_continuous_optimization_loss,132,500,4.9907906782043755e-05,0.3404028411341934,0.022537937299950468,0.022537937299950468,0.022537937299950468,0.0007845167007582632,0.0007845167007582632,0.0007845167007582632,0.0007845167007582632,0.0007845167007582632,0.4350684119838441,0.4350684119838441,0.4350684119838441,0.3404028411341934,0.09376955004332956,0.1317791132584768,0.552283950617284,0.022537937299950468,1595.8474140013568,1595.8474140013568,12.005237099947408,3194.583391189575,,fixed_iterations,,0.054710663526919785,0.054710663526919785,0.21244058550618494,0.21244058550618494,0.07325159210108866,0.07325159210108866,132,0.03802148863820809,0.03802148863820809,0.018689107274806587,0.3866476272680299,0.018689107274806587,0.378190039265991,0.015483551338257621,0.02793769658634248,0.29875480780197683,0.05149753487767166,T020_060_020,4
133,3.3980471768708056,375,125,False,projected_continuous_optimization_loss,133,500,5.004337575127125e-05,0.34052167940284844,0.022515554123735022,0.022515554123735022,0.022515554123735022,0.0007699713568530543,0.0007699713568530543,0.0007699713568530543,0.0007699713568530543,0.0007699713568530543,0.4349116553376393,0.4349116553376393,0.4349116553376393,0.34052167940284844,0.09383143187214404,0.13189188068618482,0.5525617283950617,0.022515554123735022,1607.974199201446,1607.974199201446,12.126785200089216,3218.72886800766,,fixed_iterations,,0.05482849008687917,0.05482849008687917,0.21226888281818013,0.21226888281818013,0.07342430649778912,0.07342430649778912,133,0.038668394796353964,0.038668394796353964,0.019500726005364923,0.3833533758197807,0.019500726005364923,0.38084462707670796,0.01615284067261894,0.02753188643930437,0.3025091332377198,0.05080360739968385,T020_060_020,4
134,3.4296821196882483,375,125,False,projected_continuous_optimization_loss,134,500,5.0172556312908026e-05,0.3408945952924535,0.022484340746435606,0.022484340746435606,0.022484340746435606,0.000763344020700676,0.000763344020700676,0.000763344020700676,0.000763344020700676,0.000763344020700676,0.43441993451469857,0.43441993451469857,0.43441993451469857,0.3408945952924535,0.09389007487393913,0.13199837015537264,0.552716049382716,0.022484340746435606,1619.7715396014974,1619.7715396014974,11.797340400051326,3242.49041056633,,fixed_iterations,,0.054934123945004416,0.054934123945004416,0.21238098246095075,0.21238098246095075,0.07357948888649833,0.07357948888649833,134,0.03865138052536482,0.03865138052536482,0.01945898235686767,0.383847963369943,0.01945898235686767,0.3804453507801406,0.016167039778929214,0.02757847572998273,0.3021182974442137,0.050748577605944194,T020_060_020,4
135,3.4616115756642714,375,125,False,projected_continuous_optimization_loss,135,500,5.0283928370876376e-05,0.34148580714613685,0.022444966079681963,0.022444966079681963,0.022444966079681963,0.0007629189701832212,0.0007629189701832212,0.0007629189701832212,0.0007629189701832212,0.0007629189701832212,0.43364094218997484,0.43364094218997484,0.43364094218997484,0.34148580714613685,0.09394677116808925,0.13210057738598868,0.5529320987654321,0.022444966079681963,1631.6971773015102,1631.6971773015102,11.925637700012885,3266.370262145996,,fixed_iterations,,0.055031141948557516,0.055031141948557516,0.21273215400110063,0.21273215400110063,0.07372251119647873,0.07372251119647873,135,0.039361118271265774,0.039361118271265774,0.020777671923582913,0.3716689269536572,0.020777671923582913,0.3903534409564364,0.01691615219158381,0.027313907383546197,0.3126643068274042,0.05037522674548598,T020_060_020,4
136,3.493838286640422,375,125,False,projected_continuous_optimization_loss,136,500,5.0383160176323114e-05,0.3422245126410132,0.022399389223739914,0.022399389223739914,0.022399389223739914,0.0007659596352222802,0.0007659596352222802,0.0007659596352222802,0.0007659596352222802,0.0007659596352222802,0.43266859177035266,0.43266859177035266,0.43266859177035266,0.3422245126410132,0.09400392622649083,0.1322021368621814,0.5532098765432099,0.022399389223739914,1643.4744708014186,1643.4744708014186,11.77729349990841,3290.013909339905,,fixed_iterations,,0.05512709280458183,0.05512709280458183,0.21323377734728163,0.21323377734728163,0.07386364248914976,0.07386364248914976,136,0.039723538016367604,0.039723538016367604,0.021575090498062017,0.3629689503661117,0.021575090498062017,0.3975309548482083,0.01732414879262769,0.027595397161852556,0.3200909391274603,0.04984461855889544,T020_060_020,4
137,3.526365019984085,375,125,False,projected_continuous_optimization_loss,137,500,5.047845212186767e-05,0.3430320148062036,0.022349852837788772,0.022349852837788772,0.022349852837788772,0.0007695061593089577,0.0007695061593089577,0.0007695061593089577,0.0007695061593089577,0.0007695061593089577,0.4316069335695963,0.4316069335695963,0.4316069335695963,0.3430320148062036,0.09406414898562546,0.13230849495407213,0.5535493827160494,0.022349852837788772,1655.3649561014026,1655.3649561014026,11.890485299983993,3313.863357782364,,fixed_iterations,,0.0552305618624047,0.0552305618624047,0.2137869546511093,0.2137869546511093,0.07401449829268957,0.07401449829268957,137,0.039594429957524886,0.039594429957524886,0.021969065858902095,0.3525072819724558,0.021969065858902095,0.4062767631526826,0.017244577119736114,0.027689989880218677,0.3278846929677331,0.0507020803047308,T020_060_020,4
138,3.559194568826123,375,125,False,projected_continuous_optimization_loss,138,500,5.0562529228720094e-05,0.3438515449604474,0.02229792392019499,0.02229792392019499,0.02229792392019499,0.0007713841676554031,0.0007713841676554031,0.0007713841676554031,0.0007713841676554031,0.0007713841676554031,0.4305307950507917,0.4305307950507917,0.4305307950507917,0.3438515449604474,0.09412928664932516,0.13242234050966342,0.5536728395061729,0.02229792392019499,1667.243348401389,1667.243348401389,11.878392299986444,3337.695556163788,,fixed_iterations,,0.05534783876056463,0.05534783876056463,0.2143196943992182,0.2143196943992182,0.07418401180066461,0.07418401180066461,138,0.0391852263606694,0.0391852263606694,0.02168691557973761,0.3499662156186359,0.02168691557973761,0.40842057539275767,0.01688730244047441,0.02763218811270464,0.32895622889369497,0.05183215838635802,T020_060_020,4
139,3.5923297523007247,375,125,False,projected_continuous_optimization_loss,139,500,5.061687831440094e-05,0.3446696071878034,0.022243939747243507,0.022243939747243507,0.022243939747243507,0.0007710435600741124,0.0007710435600741124,0.0007710435600741124,0.0007710435600741124,0.0007710435600741124,0.4294579237433879,0.4294579237433879,0.4294579237433879,0.3446696071878034,0.09419976347739042,0.13254667079914328,0.554074074074074,0.022243939747243507,1679.2038589013973,1679.2038589013973,11.96051050000824,3361.5091619491577,,fixed_iterations,,0.055480565520552506,0.055480565520552506,0.21481376844946004,0.21481376844946004,0.07437527321779083,0.07437527321779083,139,0.03842828415590959,0.03842828415590959,0.02056144096535038,0.35733686381118424,0.02056144096535038,0.40222339974603866,0.016184344408666083,0.02825980909804061,0.32171562984384294,0.05224796080415515,T020_060_020,4
140,3.625773415787494,375,125,False,projected_continuous_optimization_loss,140,500,5.0632626713526214e-05,0.34552024303041456,0.022186925669145038,0.022186925669145038,0.022186925669145038,0.000769738054996659,0.000769738054996659,0.000769738054996659,0.000769738054996659,0.000769738054996659,0.42834375228296756,0.42834375228296756,0.42834375228296756,0.34552024303041456,0.09427447460384575,0.13267925953778972,0.554320987654321,0.022186925669145038,1691.008215301321,1691.008215301321,11.804356399923563,3385.2693164348602,,fixed_iterations,,0.05562533517840989,0.05562533517840989,0.2153105102306379,0.2153105102306379,0.07458439762136679,0.07458439762136679,140,0.03822733660838945,0.03822733660838945,0.020551050891597436,0.3535257143358403,0.020551050891597436,0.4054197158197723,0.016040410939244413,0.028685986940043973,0.32429290236088226,0.05244082651884606,T020_060_020,4
141,3.6595284311557825,375,125,False,projected_continuous_optimization_loss,141,500,5.061989444646383e-05,0.3464702402347478,0.022124967357793037,0.022124967357793037,0.022124967357793037,0.0007699100128516242,0.0007699100128516242,0.0007699100128516242,0.0007699100128516242,0.0007699100128516242,0.4271011468988282,0.4271011468988282,0.4271011468988282,0.3464702402347478,0.0943512737493555,0.1328149127993958,0.5546296296296296,0.022124967357793037,1702.918597201351,1702.918597201351,11.910381900030188,3409.0377628803253,,fixed_iterations,,0.05577537563651105,0.05577537563651105,0.21589287896491607,0.21589287896491607,0.07480198563332069,0.07480198563332069,141,0.03920575647818469,0.03920575647818469,0.022047342661474862,0.3431682763341965,0.022047342661474862,0.4141943356929737,0.01708078912039165,0.027376685420825404,0.3342694297349057,0.05254822053724258,T020_060_020,4
142,3.6935976970113056,375,125,False,projected_continuous_optimization_loss,142,500,5.059394345334104e-05,0.347591238204142,0.022056006930731575,0.022056006930731575,0.022056006930731575,0.0007741473073313463,0.0007741473073313463,0.0007741473073313463,0.0007741473073313463,0.0007741473073313463,0.4256371924680045,0.4256371924680045,0.4256371924680045,0.347591238204142,0.09442785751318457,0.13294913809786224,0.5549691358024691,0.022056006930731575,1714.7814354014117,1714.7814354014117,11.86283820006065,3432.789849281311,,fixed_iterations,,0.05592356372977042,0.05592356372977042,0.21665083775009078,0.21665083775009078,0.07501683672428082,0.07501683672428082,142,0.0394389047597546,0.0394389047597546,0.02232096336273946,0.3423588279403029,0.02232096336273946,0.4148856283252795,0.01738289782902303,0.027156317353565895,0.3353754636535375,0.05235384731817611,T020_060_020,4
143,3.7279841389450503,375,125,False,projected_continuous_optimization_loss,143,500,5.055804023072668e-05,0.3489301906165518,0.02197882780183733,0.02197882780183733,0.02197882780183733,0.0007842329673073507,0.0007842329673073507,0.0007842329673073507,0.0007842329673073507,0.0007842329673073507,0.4238918966905995,0.4238918966905995,0.4238918966905995,0.3489301906165518,0.0945026857366966,0.13307963670696082,0.5552469135802469,0.02197882780183733,1726.6466132014757,1726.6466132014757,11.865177800063975,3456.510815858841,,fixed_iterations,,0.056065465321828725,0.056065465321828725,0.21764410648798152,0.21764410648798152,0.07522061880674154,0.07522061880674154,143,0.03888288513844418,0.03888288513844418,0.021554508744110374,0.3465675278866761,0.021554508744110374,0.41130013768756823,0.01690405733660685,0.027275024114117117,0.33085862845969766,0.05316648511375342,T020_060_020,4
144,3.7626907097845,375,125,False,projected_continuous_optimization_loss,144,500,5.050539765619591e-05,0.3504903333008214,0.021893707946754427,0.021893707946754427,0.021893707946754427,0.0008005675899705176,0.0008005675899705176,0.0008005675899705176,0.0008005675899705176,0.0008005675899705176,0.42186280713567814,0.42186280713567814,0.42186280713567814,0.3504903333008214,0.09457555831194214,0.1332054886484095,0.5557407407407408,0.021893707946754427,1738.5499171015108,1738.5499171015108,11.903303900035098,3480.3800613880157,,fixed_iterations,,0.056201127101229785,0.056201127101229785,0.21887761891696966,0.21887761891696966,0.07541158728262194,0.07541158728262194,144,0.03701358801763288,0.03701358801763288,0.01897058786068997,0.36086000313885824,0.01897058786068997,0.3992837582195249,0.015119880070878455,0.028713729240663042,0.31588567311729043,0.054684355861571415,T020_060_020,4
145,3.797720389847204,375,125,False,projected_continuous_optimization_loss,145,500,5.043384977190742e-05,0.3522306198205033,0.021802279664414535,0.021802279664414535,0.021802279664414535,0.0008220211695080659,0.0008220211695080659,0.0008220211695080659,0.0008220211695080659,0.0008220211695080659,0.41960516989812935,0.41960516989812935,0.41960516989812935,0.3522306198205033,0.0946476071917364,0.13332719492783665,0.5562037037037038,0.021802279664414535,1750.4878308015177,1750.4878308015177,11.937913700006902,3504.2656648159027,,fixed_iterations,,0.05633492438627037,0.05633492438627037,0.22030010847050477,0.22030010847050477,0.07559558696372813,0.07559558696372813,145,0.03668933140405248,0.03668933140405248,0.018741479272834257,0.35895704262436445,0.018741479272834257,0.4008697615506588,0.014887051739637943,0.02928196007711784,0.3167127136597212,0.05487508781381973,T020_060_020,4
146,3.833076187196695,375,125,False,projected_continuous_optimization_loss,146,500,5.034973313067482e-05,0.3540841650265418,0.021706659029644745,0.021706659029644745,0.021706659029644745,0.0008462957361717588,0.0008462957361717588,0.0008462957361717588,0.0008462957361717588,0.0008462957361717588,0.41720726586945966,0.41720726586945966,0.41720726586945966,0.3540841650265418,0.0947207075821678,0.1334498599317652,0.5566666666666666,0.021706659029644745,1762.357369901496,1762.357369901496,11.869539099978283,3528.1160986423492,,fixed_iterations,,0.05647361321069181,0.05647361321069181,0.22182694061225305,0.22182694061225305,0.0757836112035969,0.0757836112035969,146,0.036766449543665466,0.036766449543665466,0.018979880575318943,0.35573137936693056,0.018979880575318943,0.4035677914742275,0.015059790514020722,0.02929520662801534,0.31936594602388474,0.054906638822327415,T020_060_020,4
147,3.8687611379008042,375,125,False,projected_continuous_optimization_loss,147,500,5.025641067911048e-05,0.35598806465631216,0.02160843378537092,0.02160843378537092,0.02160843378537092,0.0008708651421148023,0.0008708651421148023,0.0008708651421148023,0.0008708651421148023,0.0008708651421148023,0.41475137286512237,0.41475137286512237,0.41475137286512237,0.35598806465631216,0.09479656681257331,0.13357701091591376,0.5571913580246913,0.02160843378537092,1774.2500604015077,1774.2500604015077,11.892690500011668,3551.974565267563,,fixed_iterations,,0.056623462941600484,0.056623462941600484,0.22337780497015264,0.22337780497015264,0.07598679674455906,0.07598679674455906,147,0.03709372949822714,0.03709372949822714,0.019475717779968333,0.3523602343651761,0.019475717779968333,0.40640061121563137,0.015485295712856218,0.02929010157683617,0.3227289985535709,0.054381511085224286,T020_060_020,4
148,3.9047783062923695,375,125,False,projected_continuous_optimization_loss,148,500,5.014758684301648e-05,0.3579112359941794,0.0215081116227165,0.0215081116227165,0.0215081116227165,0.0008942125795903803,0.0008942125795903803,0.0008942125795903803,0.0008942125795903803,0.0008942125795903803,0.4122779808625224,0.4122779808625224,0.4122779808625224,0.3579112359941794,0.09487590212085217,0.13371066791336522,0.5576543209876543,0.0215081116227165,1786.1187588014873,1786.1187588014873,11.868698399979621,3575.8611352443695,,fixed_iterations,,0.0567876765937677,0.0567876765937677,0.2249124316832973,0.2249124316832973,0.07621112771711441,0.07621112771711441,148,0.0372083250917023,0.0372083250917023,0.02040413056133766,0.3360838906072927,0.02040413056133766,0.42027257214507036,0.0157002134689858,0.0303436143766735,0.3359601668626775,0.05396879090571933,T020_060_020,4
149,3.941130785232378,375,125,False,projected_continuous_optimization_loss,149,500,5.001725245378711e-05,0.35986692315679425,0.021405212026988054,0.021405212026988054,0.021405212026988054,0.000916694223550573,0.000916694223550573,0.000916694223550573,0.000916694223550573,0.000916694223550573,0.40977035606874956,0.40977035606874956,0.40977035606874956,0.35986692315679425,0.0949580900601507,0.1338498589433898,0.5582098765432099,0.021405212026988054,1797.8987319015432,1797.8987319015432,11.77997310005594,3599.5264251232147,,fixed_iterations,,0.056965159533533295,0.056965159533533295,0.2264472642827289,0.2264472642827289,0.07645449934053206,0.07645449934053206,149,0.0367986005193402,0.0367986005193402,0.01999688590151869,0.3360342923564302,0.01999688590151869,0.4203153509394697,0.015393388492352143,0.031092907332305984,0.33519637603057945,0.05402606757658428,T020_060_020,4
150,3.977821696375555,375,125,False,projected_continuous_optimization_loss,150,500,4.987065329144563e-05,0.3619033891785007,0.021298815794986013,0.021298815794986013,0.021298815794986013,0.0009404515578918098,0.0009404515578918098,0.0009404515578918098,0.0009404515578918098,0.0009404515578918098,0.407167284741884,0.407167284741884,0.407167284741884,0.3619033891785007,0.09504145736130507,0.13399017351904854,0.5584259259259259,0.021298815794986013,1809.7361932015046,1809.7361932015046,11.837461299961433,3623.3169429302216,,fixed_iterations,,0.05715116305221533,0.05715116305221533,0.2280444271511136,0.2280444271511136,0.07670779897517173,0.07670779897517173,150,0.03614169058772532,0.03614169058772532,0.01983648357456225,0.32610414026326123,0.01983648357456225,0.42894471347928037,0.014842874792739304,0.031600049702281315,0.34166574091512913,0.05567892286186994,T020_060_020,4
151,4.0148541904384265,375,125,False,projected_continuous_optimization_loss,151,500,4.9718906292089045e-05,0.364077188734772,0.02118826975777213,0.02118826975777213,0.02118826975777213,0.0009683786633985868,0.0009683786633985868,0.0009683786633985868,0.0009683786633985868,0.0009683786633985868,0.40439782188747075,0.40439782188747075,0.40439782188747075,0.364077188734772,0.09512407586668764,0.13412795423192056,0.5589506172839506,0.02118826975777213,1821.593836701475,1821.593836701475,11.857643499970436,3647.116026163101,,fixed_iterations,,0.05733958937717898,0.05733958937717898,0.22977793613296235,0.22977793613296235,0.07695966322463066,0.07695966322463066,151,0.03681121615462319,0.03681121615462319,0.02115802708706103,0.31306378135124313,0.02115802708706103,0.44047897148432114,0.015622946396851061,0.031586295059781604,0.35388284264524217,0.0550098337792973,T020_060_020,4
152,4.052231447469876,375,125,False,projected_continuous_optimization_loss,152,500,4.956647610378574e-05,0.36642247022808955,0.021073704772048566,0.021073704772048566,0.021073704772048566,0.0010026804604547671,0.0010026804604547671,0.0010026804604547671,0.0010026804604547671,0.0010026804604547671,0.401420486231876,0.401420486231876,0.401420486231876,0.36642247022808955,0.09520467081423341,0.1342627159463776,0.559537037037037,0.021073704772048566,1833.4567619014997,1833.4567619014997,11.86292520002462,3670.8581500053406,,fixed_iterations,,0.05752602597719452,0.05752602597719452,0.23169390196452436,0.23169390196452436,0.07720254228637068,0.07720254228637068,152,0.03665727655105018,0.03665727655105018,0.021475229897499743,0.3036409330710087,0.021475229897499743,0.4489637642849531,0.015583571779001614,0.0317700023890741,0.36138260088781293,0.055811161008066074,T020_060_020,4
153,4.089956677124223,375,125,False,projected_continuous_optimization_loss,153,500,4.94111419796262e-05,0.3689320154936455,0.02095603298726817,0.02095603298726817,0.02095603298726817,0.0010436929338225466,0.0010436929338225466,0.0010436929338225466,0.0010436929338225466,0.0010436929338225466,0.39824680106891247,0.39824680106891247,0.39824680106891247,0.3689320154936455,0.09528318461053689,0.13439508954293677,0.5601234567901234,0.02095603298726817,1845.3238375014625,1845.3238375014625,11.867075599962845,3694.6322934627533,,fixed_iterations,,0.05771013914285509,0.05771013914285509,0.23378507113962144,0.23378507113962144,0.07743680521116895,0.07743680521116895,153,0.03677056877890124,0.03677056877890124,0.02210219069435833,0.29336756169085815,0.02210219069435833,0.4583658414659779,0.01581453579163307,0.031525787648108955,0.3703020888080709,0.056537965009798054,T020_060_020,4
154,4.128033118936839,375,125,False,projected_continuous_optimization_loss,154,500,4.925355303169091e-05,0.3715599666386089,0.020836376529588203,0.020836376529588203,0.020836376529588203,0.0010895327530248855,0.0010895327530248855,0.0010895327530248855,0.0010895327530248855,0.0010895327530248855,0.39493687553126633,0.39493687553126633,0.39493687553126633,0.3715599666386089,0.09536070304128623,0.13452310536014,0.5605864197530864,0.020836376529588203,1857.1051893015392,1857.1051893015392,11.781351800076663,3718.3674187660217,,fixed_iterations,,0.057896160690495004,0.057896160690495004,0.23599327271413986,0.23599327271413986,0.07767053323397405,0.07767053323397405,154,0.03605852589027919,0.03605852589027919,0.021285670822786835,0.2954571013498472,0.021285670822786835,0.4564403424187487,0.015222149360690988,0.031510570557648096,0.3667759848193467,0.05815378704175391,T020_060_020,4
155,4.166464042602335,375,125,False,projected_continuous_optimization_loss,155,500,4.909804759601137e-05,0.37424508884536517,0.020715369222060465,0.020715369222060465,0.020715369222060465,0.0011369087803532148,0.0011369087803532148,0.0011369087803532148,0.0011369087803532148,0.0011369087803532148,0.391569208834145,0.391569208834145,0.391569208834145,0.37424508884536517,0.09543877768023948,0.13465366559919922,0.5612962962962963,0.020715369222060465,1868.9420349015854,1868.9420349015854,11.836845600046217,3742.157442331314,,fixed_iterations,,0.0580909779020861,0.0580909779020861,0.23823909444673397,0.23823909444673397,0.07791501649654506,0.07791501649654506,155,0.036424112275972545,0.036424112275972545,0.021907908707809013,0.2903240713632707,0.021907908707809013,0.4611827105935903,0.01570874305391208,0.03142454433071724,0.3720448072309931,0.05771335903187994,T020_060_020,4
156,4.2052527482553375,375,125,False,projected_continuous_optimization_loss,156,500,4.894452796015209e-05,0.37694221153920493,0.02059292535683982,0.02059292535683982,0.02059292535683982,0.0011828749687569772,0.0011828749687569772,0.0011828749687569772,0.0011828749687569772,0.0011828749687569772,0.38820100776165684,0.38820100776165684,0.38820100776165684,0.37694221153920493,0.09551850586115772,0.13478629547038776,0.5618518518518518,0.02059292535683982,1880.8113416016567,1880.8113416016567,11.86930670007132,3765.9967646598816,,fixed_iterations,,0.05830057711818653,0.05830057711818653,0.2404631796430001,0.2404631796430001,0.0781784547780183,0.0781784547780183,156,0.03606946270502447,0.03606946270502447,0.02187902930699928,0.28380866796050386,0.02187902930699928,0.46726304055331036,0.015476537348184653,0.03269812187931732,0.37704568396196403,0.05751923471202901,T020_060_020,4
157,4.244402566753873,375,125,False,projected_continuous_optimization_loss,157,500,4.8788334434912795e-05,0.3796442637091872,0.020468626976792154,0.020468626976792154,0.020468626976792154,0.0012265649993463295,0.0012265649993463295,0.0012265649993463295,0.0012265649993463295,0.0012265649993463295,0.3848412395489164,0.3848412395489164,0.3848412395489164,0.3796442637091872,0.09559987743109837,0.13491707876932119,0.5621296296296296,0.020468626976792154,1892.620728701586,1892.620728701586,11.809387099929154,3789.749969959259,,fixed_iterations,,0.05852668155586563,0.05852668155586563,0.24265612173504916,0.24265612173504916,0.07846146041827241,0.07846146041827241,157,0.03647670207794468,0.03647670207794468,0.022288794284556546,0.28375815586776265,0.022288794284556546,0.46731045076164424,0.016008075101152524,0.03281203909999905,0.3781077892891791,0.056390622372466045,T020_060_020,4
158,4.283916859965399,375,125,False,projected_continuous_optimization_loss,158,500,4.862942829317755e-05,0.3823820277441021,0.020342327245818144,0.020342327245818144,0.020342327245818144,0.0012697292631437872,0.0012697292631437872,0.0012697292631437872,0.0012697292631437872,0.0012697292631437872,0.38145195965348705,0.38145195965348705,0.38145195965348705,0.3823820277441021,0.09568176412817976,0.13504814614391222,0.5625617283950617,0.020342327245818144,1904.4997381016146,1904.4997381016146,11.879009400028735,3813.5484635829926,,fixed_iterations,,0.05876562188079464,0.05876562188079464,0.2448594268167054,0.2448594268167054,0.07875697904660209,0.07875697904660209,158,0.03683294381991725,0.03683294381991725,0.02339594449868389,0.2687399864246673,0.02339594449868389,0.48159862420642896,0.016490616574099108,0.03312385099709206,0.3922808673224567,0.05619390588688025,T020_060_020,4
159,4.323799021055488,375,125,False,projected_continuous_optimization_loss,159,500,4.8474001077254446e-05,0.3852016559234115,0.02021446208502414,0.02021446208502414,0.02021446208502414,0.0013156118910583722,0.0013156118910583722,0.0013156118910583722,0.0013156118910583722,0.0013156118910583722,0.3779770038793153,0.3779770038793153,0.3779770038793153,0.3852016559234115,0.09576256585228514,0.13517694907580174,0.5632407407407407,0.02021446208502414,1916.350470201578,1916.350470201578,11.850732099963352,3837.3335778713226,,fixed_iterations,,0.05901041983191109,0.05901041983191109,0.24713652664367422,0.24713652664367422,0.07905470944782624,0.07905470944782624,159,0.03635711502984884,0.03635711502984884,0.022725263804282195,0.2726370245113329,0.022725263804282195,0.4778534453706192,0.0161426529448247,0.03348284709397982,0.38770302872943385,0.05666756954720561,T020_060_020,4
160,4.364052474779214,375,125,False,projected_continuous_optimization_loss,160,500,4.8325798397033736e-05,0.38813351559998477,0.02008585080544385,0.02008585080544385,0.02008585080544385,0.0013668210688421438,0.0013668210688421438,0.0013668210688421438,0.0013668210688421438,0.0013668210688421438,0.37438059473203406,0.37438059473203406,0.37438059473203406,0.38813351559998477,0.09584113702779026,0.13530096798638536,0.563179012345679,0.02008585080544385,1928.2507145015988,1928.2507145015988,11.900244300020859,3861.1786353588104,,fixed_iterations,,0.059255142302989436,0.059255142302989436,0.2495309308608709,0.2495309308608709,0.07934744243612445,0.07934744243612445,160,0.03542755514776852,0.03542755514776852,0.021619086714700756,0.27616936866135533,0.021619086714700756,0.4744818093906212,0.01534170434232467,0.03403368580994444,0.38237037060692824,0.05807775297374856,T020_060_020,4
161,4.404680677775235,375,125,False,projected_continuous_optimization_loss,161,500,4.818333215490049e-05,0.3911714439474192,0.019957110202437588,0.019957110202437588,0.019957110202437588,0.0014234996691840612,0.0014234996691840612,0.0014234996691840612,0.0014234996691840612,0.0014234996691840612,0.3706722106650705,0.3706722106650705,0.3706722106650705,0.3911714439474192,0.09591743268249392,0.13542113578550366,0.5635185185185185,0.019957110202437588,1940.1299698016373,1940.1299698016373,11.879255300038494,3884.88560628891,,fixed_iterations,,0.05949891015551231,0.05949891015551231,0.25203702314976495,0.25203702314976495,0.0796355106421419,0.0796355106421419,161,0.03398170914713046,0.03398170914713046,0.019982381521697897,0.2799865525086512,0.019982381521697897,0.4708624446246031,0.014024598944692872,0.03546904015247855,0.3755944824677178,0.05979892200440676,T020_060_020,4
162,4.445687118862622,375,125,False,projected_continuous_optimization_loss,162,500,4.804621188134947e-05,0.394275325146802,0.019828093914033614,0.019828093914033614,0.019828093914033614,0.0014829748277329947,0.0014829748277329947,0.0014829748277329947,0.0014829748277329947,0.0014829748277329947,0.36690238172601236,0.36690238172601236,0.36690238172601236,0.394275325146802,0.09599246784406791,0.13553477313910184,0.5639197530864197,0.019828093914033614,1952.0090728016803,1952.0090728016803,11.87910300004296,3908.6962037086487,,fixed_iterations,,0.059746795259245096,0.059746795259245096,0.2546019545594998,0.2546019545594998,0.07992657532805712,0.07992657532805712,162,0.03354744441244671,0.03354744441244671,0.019726061696166718,0.2764276543255999,0.019726061696166718,0.47423612303088003,0.013719350498413097,0.036576440738626446,0.3777705192121965,0.059889163080057047,T020_060_020,4
163,4.487075319340455,375,125,False,projected_continuous_optimization_loss,163,500,4.7916120983320415e-05,0.3973954602771609,0.0196978793425778,0.0196978793425778,0.0196978793425778,0.0015412677778490619,0.0015412677778490619,0.0015412677778490619,0.0015412677778490619,0.0015412677778490619,0.3631322312945748,0.3631322312945748,0.3631322312945748,0.3973954602771609,0.09606760549155167,0.13564495651709674,0.5643827160493827,0.0196978793425778,1963.8772306017345,1963.8772306017345,11.868157800054178,3932.5377805233,,fixed_iterations,,0.060006675916471935,0.060006675916471935,0.2571580017673027,0.2571580017673027,0.0802307825933862,0.0802307825933862,163,0.03313241577465235,0.03313241577465235,0.019419848349127185,0.2742513485105032,0.019419848349127185,0.4763098735793244,0.013434536432074547,0.03700223193882496,0.3786578945584455,0.06064974708205394,T020_060_020,4
164,4.528848833290199,375,125,False,projected_continuous_optimization_loss,164,500,4.779132669216917e-05,0.4005030067772844,0.01956546793145702,0.01956546793145702,0.01956546793145702,0.00159563568730318,0.00159563568730318,0.00159563568730318,0.00159563568730318,0.00159563568730318,0.35939664488307677,0.35939664488307677,0.35939664488307677,0.4005030067772844,0.09614362738156987,0.13575794140599018,0.5651234567901234,0.01956546793145702,1975.7580403017346,1975.7580403017346,11.8808097000001,3956.3206713199615,,fixed_iterations,,0.060283930844906616,0.060283930844906616,0.2596648199946771,0.2596648199946771,0.08055425593770067,0.08055425593770067,164,0.03222120598916165,0.03222120598916165,0.018381153934375095,0.27680104109573106,0.018381153934375095,0.4738811530692604,0.012655738057704632,0.0380367984000191,0.37415634319200264,0.06168801147723868,T020_060_020,4
165,4.571011247880897,375,125,False,projected_continuous_optimization_loss,165,500,4.766832249100276e-05,0.4036061342088696,0.019430679279222374,0.019430679279222374,0.019430679279222374,0.001646397121557927,0.001646397121557927,0.001646397121557927,0.001646397121557927,0.001646397121557927,0.3556856431532889,0.3556856431532889,0.3556856431532889,0.4036061342088696,0.0962202065073243,0.1358744547072658,0.565679012345679,0.019430679279222374,1987.602468101657,1987.602468101657,11.844427799922414,3980.1182103157043,,fixed_iterations,,0.0605776306657658,0.0605776306657658,0.26213338894384114,0.26213338894384114,0.0808951145992627,0.0808951145992627,165,0.031585631437142714,0.031585631437142714,0.017629541406209415,0.27912180061866587,0.017629541406209415,0.47168020989303655,0.01215495215792034,0.03958920662515958,0.370676462878625,0.06141454038925196,T020_060_020,4
166,4.613566183677216,375,125,False,projected_continuous_optimization_loss,166,500,4.75481945131117e-05,0.406740715331392,0.01929443299927574,0.01929443299927574,0.01929443299927574,0.0016966040570003157,0.0016966040570003157,0.0016966040570003157,0.0016966040570003157,0.0016966040570003157,0.35195657884550846,0.35195657884550846,0.35195657884550846,0.406740715331392,0.09629615038635773,0.13598953968633098,0.5663271604938271,0.01929443299927574,1999.4860249017365,1999.4860249017365,11.883556800079532,4003.9433295726776,,fixed_iterations,,0.060881132823825054,0.060881132823825054,0.26461477697062585,0.26461477697062585,0.0812448055369411,0.0812448055369411,166,0.03243064661739562,0.03243064661739562,0.018680866835723463,0.2749955956334431,0.018680866835723463,0.47559977533048003,0.013136213618119882,0.03884379643798382,0.3764505265708256,0.06030545232167055,T020_060_020,4
167,4.656517294950345,375,125,False,projected_continuous_optimization_loss,167,500,4.743421337902616e-05,0.4099420645951688,0.01915810060728737,0.01915810060728737,0.01915810060728737,0.0017496822505767753,0.0017496822505767753,0.0017496822505767753,0.0017496822505767753,0.0017496822505767753,0.34816836713421195,0.34816836713421195,0.34816836713421195,0.4099420645951688,0.09637025811219749,0.13610128957093606,0.5669444444444445,0.01915810060728737,2011.2445825018222,2011.2445825018222,11.758557600085624,4027.6518354415894,,fixed_iterations,,0.061186951822519396,0.061186951822519396,0.2671609735746746,0.2671609735746746,0.0815941391979748,0.0815941391979748,167,0.032093353579847564,0.032093353579847564,0.01823838621759787,0.2770993472449939,0.01823838621759787,0.4735977324849427,0.012935252972560193,0.03880382352418856,0.37368952316282744,0.061104385797926694,T020_060_020,4
168,4.699868269991793,375,125,False,projected_continuous_optimization_loss,168,500,4.7326016336773365e-05,0.4132180085459845,0.019022383314484977,0.019022383314484977,0.019022383314484977,0.0018067280397479606,0.0018067280397479606,0.0018067280397479606,0.0018067280397479606,0.0018067280397479606,0.34431310549474037,0.34431310549474037,0.34431310549474037,0.4132180085459845,0.09644218533614389,0.13620951553319818,0.5675308641975308,0.019022383314484977,2023.0589666018495,2023.0589666018495,11.814384100027382,4051.3187317848206,,fixed_iterations,,0.061492488210759026,0.061492488210759026,0.26978548594088414,0.26978548594088414,0.08194003439434128,0.08194003439434128,168,0.03037719056404151,0.03037719056404151,0.01588850759863503,0.2897736593081296,0.01588850759863503,0.46169371236429946,0.011354807249556533,0.040206672890814456,0.3582357094821921,0.06325132999129288,T020_060_020,4
169,4.743622831430113,375,125,False,projected_continuous_optimization_loss,169,500,4.722213837317508e-05,0.4165429809764454,0.018886588571569652,0.018886588571569652,0.018886588571569652,0.0018654839191770206,0.0018654839191770206,0.0018654839191770206,0.0018654839191770206,0.0018654839191770206,0.3404220930478526,0.3404220930478526,0.3404220930478526,0.4165429809764454,0.09651267808703978,0.1363158351802881,0.567716049382716,0.018886588571569652,2034.9353577018483,2034.9353577018483,11.876391099998727,4075.1319959163666,,fixed_iterations,,0.06180221484415378,0.06180221484415378,0.2724527382437374,0.2724527382437374,0.08228802788855417,0.08228802788855417,169,0.030187491872258075,0.030187491872258075,0.015513982714340459,0.2934701831583523,0.015513982714340459,0.4582711165551976,0.011300903300688423,0.040611854022474386,0.35464288795869253,0.06301637457403066,T020_060_020,4
170,4.787784736550571,375,125,False,projected_continuous_optimization_loss,170,500,4.712298671462444e-05,0.4198775892316383,0.018748990275804154,0.018748990275804154,0.018748990275804154,0.0019218897020193716,0.0019218897020193716,0.0019218897020193716,0.0019218897020193716,0.0019218897020193716,0.3365420114756956,0.3365420114756956,0.3365420114756956,0.4198775892316383,0.09658298348593962,0.13642172075825787,0.5682716049382716,0.018748990275804154,2046.8523061019368,2046.8523061019368,11.916948400088586,4099.002363443375,,fixed_iterations,,0.06212437453602791,0.06212437453602791,0.27510493233348854,0.27510493233348854,0.08264828236212189,0.08264828236212189,170,0.02914836029834608,0.02914836029834608,0.01453413375028517,0.29228453096121815,0.01453413375028517,0.4593665465759465,0.010399370022541925,0.04203291825283012,0.3528601877246562,0.06447344059846022,T020_060_020,4
171,4.832357777617789,375,125,False,projected_continuous_optimization_loss,171,500,4.7027204881796826e-05,0.42319870726837094,0.018608161801840446,0.018608161801840446,0.018608161801840446,0.001973175236996522,0.001973175236996522,0.001973175236996522,0.001973175236996522,0.001973175236996522,0.3326997312968784,0.3326997312968784,0.3326997312968784,0.42319870726837094,0.09665387451286256,0.1365262696296315,0.5687962962962962,0.018608161801840446,2058.728589201928,2058.728589201928,11.87628309999127,4122.726241111755,,fixed_iterations,,0.06246454617808134,0.06246454617808134,0.2777064525305508,0.2777064525305508,0.08302770855973886,0.08302770855973886,171,0.028864123016286325,0.028864123016286325,0.01403451638116486,0.2965921327024293,0.01403451638116486,0.45539727075378206,0.010255961214445879,0.04242518617768979,0.3484617553455848,0.06451032923050745,T020_060_020,4
172,4.877345782201393,375,125,False,projected_continuous_optimization_loss,172,500,4.6931946194732e-05,0.42651631295881604,0.01846422052878877,0.01846422052878877,0.01846422052878877,0.002020043563671242,0.002020043563671242,0.002020043563671242,0.002020043563671242,0.002020043563671242,0.3288835393023506,0.3288835393023506,0.3288835393023506,0.42651631295881604,0.0967250548674522,0.13663169911315562,0.5689197530864197,0.01846422052878877,2070.6086428019917,2070.6086428019917,11.880053600063547,4146.559232711792,,fixed_iterations,,0.06282117846608241,0.06282117846608241,0.2802708446268891,0.2802708446268891,0.08342428986584449,0.08342428986584449,172,0.028829294332145004,0.028829294332145004,0.0142408080576256,0.2917697254903881,0.0142408080576256,0.4598428696292272,0.010365073803356235,0.04265176296898607,0.3524566522202683,0.06473445443997287,T020_060_020,4
173,4.922752613504697,375,125,False,projected_continuous_optimization_loss,173,500,4.6837703393701065e-05,0.42986327180518447,0.01831879748630122,0.01831879748630122,0.01831879748630122,0.002066003044466772,0.002066003044466772,0.002066003044466772,0.002066003044466772,0.002066003044466772,0.32505588883668896,0.32505588883668896,0.32505588883668896,0.42986327180518447,0.09679543830847635,0.1367345783453586,0.5692592592592592,0.01831879748630122,2082.4328290019184,2082.4328290019184,11.824186199926771,4170.307389259338,,fixed_iterations,,0.06318691895910102,0.06318691895910102,0.28284779125003096,0.28284779125003096,0.08382856159605254,0.08382856159605254,173,0.02813301775582583,0.02813301775582583,0.013427356712646553,0.2941132208635855,0.013427356712646553,0.45767793621909,0.00981422026952461,0.043618925325731084,0.3485342780658364,0.06552473282752244,T020_060_020,4
174,4.968582170696439,375,125,False,projected_continuous_optimization_loss,174,500,4.674616129905352e-05,0.433266487879224,0.018173614798798768,0.018173614798798768,0.018173614798798768,0.0021142711107612743,0.0021142711107612743,0.0021142711107612743,0.0021142711107612743,0.0021142711107612743,0.32118687376074984,0.32118687376074984,0.32118687376074984,0.433266487879224,0.09686409004945935,0.13683567637276162,0.5698148148148148,0.018173614798798768,2094.3141269019106,2094.3141269019106,11.881297899992205,4194.056158542633,,fixed_iterations,,0.06355494540199047,0.06355494540199047,0.28547995201076465,0.28547995201076465,0.08423159046646882,0.08423159046646882,174,0.027873843970543835,0.027873843970543835,0.013067708461407368,0.2961227101827293,0.013067708461407368,0.455828418435206,0.009700229171745067,0.04435464274067889,0.34619099463634795,0.06528278105817914,T020_060_020,4
175,5.014838389245616,375,125,False,projected_continuous_optimization_loss,175,500,4.665637962092151e-05,0.4367239683060432,0.01802885478083037,0.01802885478083037,0.01802885478083037,0.0021648603867857985,0.0021648603867857985,0.0021648603867857985,0.0021648603867857985,0.0021648603867857985,0.3172798878808914,0.3172798878808914,0.3172798878808914,0.4367239683060432,0.09693103856656668,0.13693621211023752,0.5700925925925926,0.01802885478083037,2106.2508216019487,2106.2508216019487,11.93669470003806,4217.980323553085,,fixed_iterations,,0.06392508984613436,0.06392508984613436,0.288165979414312,0.288165979414312,0.08463289904559687,0.08463289904559687,175,0.027938752789661847,0.027938752789661847,0.013419831862302148,0.29037841854719393,0.013419831862302148,0.4611322810306839,0.009909898008831478,0.04425850226267654,0.3512079409056184,0.06566583786238887,T020_060_020,4
176,5.061525241259424,375,125,False,projected_continuous_optimization_loss,176,500,4.656759269273938e-05,0.4402077239548047,0.01788282519137272,0.01788282519137272,0.01788282519137272,0.0022144555753797123,0.0022144555753797123,0.0022144555753797123,0.0022144555753797123,0.0022144555753797123,0.31336739231986016,0.31336739231986016,0.31336739231986016,0.4402077239548047,0.09699723891644758,0.1370355536916348,0.5705555555555556,0.01788282519137272,2118.127937801997,2118.127937801997,11.877116200048476,4241.822826385498,,fixed_iterations,,0.06430426533307716,0.06430426533307716,0.29086241696232484,0.29086241696232484,0.0850410416594027,0.0850410416594027,176,0.027418162154117263,0.027418162154117263,0.012836012877135526,0.29164298553963475,0.012836012877135526,0.459960200041113,0.009535336962744542,0.045052549416768985,0.3486491038374556,0.06625854678688836,T020_060_020,4
177,5.108646735824352,375,125,False,projected_continuous_optimization_loss,177,500,4.6479640668235755e-05,0.4436898356501521,0.017733410470919742,0.017733410470919742,0.017733410470919742,0.0022593605229720023,0.0022593605229720023,0.0022593605229720023,0.0022593605229720023,0.0022593605229720023,0.3094809989589548,0.3094809989589548,0.3094809989589548,0.4436898356501521,0.09706369720208215,0.13713721691407735,0.5708024691358025,0.017733410470919742,2129.923264701967,2129.923264701967,11.79532689996995,4265.579273700714,,fixed_iterations,,0.06470042488822038,0.06470042488822038,0.29352372422787293,0.29352372422787293,0.0854656865340588,0.0854656865340588,177,0.02771981857215577,0.02771981857215577,0.013300846283286906,0.2883794457773773,0.013300846283286906,0.4629902740383771,0.009986408101236029,0.04515669618994558,0.35239452642288754,0.065439051425544,T020_060_020,4
178,5.156206919350452,375,125,False,projected_continuous_optimization_loss,178,500,4.6390499819003014e-05,0.4471676864898623,0.01758010451692957,0.01758010451692957,0.01758010451692957,0.002298926173881017,0.002298926173881017,0.002298926173881017,0.002298926173881017,0.002298926173881017,0.3056235668609711,0.3056235668609711,0.3056235668609711,0.4471676864898623,0.09713054394548112,0.1372410245223847,0.5708641975308641,0.01758010451692957,2141.79892250197,2141.79892250197,11.875657800002955,4289.380617618561,,fixed_iterations,,0.06511526313084717,0.06511526313084717,0.2961442131671019,0.2961442131671019,0.0859082101919133,0.0859082101919133,178,0.027632109521996358,0.027632109521996358,0.01334195461294748,0.2858030981809775,0.01334195461294748,0.4653944461745862,0.010052005005066787,0.04531077510810941,0.3543388486638693,0.06574482240260748,T020_060_020,4
179,5.204209875918808,375,125,False,projected_continuous_optimization_loss,179,500,4.62993421429072e-05,0.45066449401288095,0.01742460425488616,0.01742460425488616,0.01742460425488616,0.0023361293479799597,0.0023361293479799597,0.0023361293479799597,0.0023361293479799597,0.0023361293479799597,0.30176949813812404,0.30176949813812404,0.30176949813812404,0.45066449401288095,0.09719693476838197,0.1373442882938087,0.5710802469135803,0.01742460425488616,2153.68912810192,2153.68912810192,11.890205599949695,4313.1462659835815,,fixed_iterations,,0.06554255006107992,0.06554255006107992,0.29876193110571697,0.29876193110571697,0.08636001284608405,0.08636001284608405,179,0.02727763062739905,0.02727763062739905,0.013022740681331519,0.2850977989213506,0.013022740681331519,0.46605449817294037,0.00985302637251289,0.0461878823441021,0.35398285954927433,0.06588375627956392,T020_060_020,4
180,5.252659727632249,375,125,False,projected_continuous_optimization_loss,180,500,4.620753351347632e-05,0.4542047134654622,0.017269188237408334,0.017269188237408334,0.017269188237408334,0.002374563497242429,0.002374563497242429,0.002374563497242429,0.002374563497242429,0.002374563497242429,0.2978924948033181,0.2978924948033181,0.2978924948033181,0.4542047134654622,0.09726189702214197,0.13744418494424768,0.5712345679012346,0.017269188237408334,2165.7728550019674,2165.7728550019674,12.083726900047623,4337.94882440567,,fixed_iterations,,0.06597415378844247,0.06597415378844247,0.3014197466481189,0.3014197466481189,0.08681081302890091,0.08681081302890091,180,0.02716965201975416,0.02716965201975416,0.013059580531033137,0.2822014297744205,0.013059580531033137,0.4687736548565946,0.009900463782345825,0.04628270117206646,0.35613282294326,0.06635813074126823,T020_060_020,4
181,5.301560634969313,375,125,False,projected_continuous_optimization_loss,181,500,4.6114913001140333e-05,0.4577888782744803,0.017114389850202093,0.017114389850202093,0.017114389850202093,0.0024147448240597782,0.0024147448240597782,0.0024147448240597782,0.0024147448240597782,0.0024147448240597782,0.2939929005228463,0.2939929005228463,0.2939929005228463,0.4577888782744803,0.09732530161165492,0.13754233414684974,0.5717901234567901,0.017114389850202093,2177.701540202019,2177.701540202019,11.928685200051405,4361.8905377388,,fixed_iterations,,0.06640828808487058,0.06640828808487058,0.30412162832945794,0.30412162832945794,0.08725896186015185,0.08725896186015185,181,0.02707821966538758,0.02707821966538758,0.013103517368619652,0.27949404593535854,0.013103517368619652,0.47132803560680603,0.009963829815185486,0.04722365781563439,0.3583438772833701,0.0657605005078016,T020_060_020,4
182,5.350916797141525,375,125,False,projected_continuous_optimization_loss,182,500,4.602093313960487e-05,0.46139334669835386,0.0169583927225368,0.0169583927225368,0.0169583927225368,0.002453536373496823,0.002453536373496823,0.002453536373496823,0.002453536373496823,0.002453536373496823,0.29009712698079954,0.29009712698079954,0.29009712698079954,0.46139334669835386,0.09738796716373312,0.1376391434961246,0.572283950617284,0.0169583927225368,2189.691397801973,2189.691397801973,11.98985759995412,4385.92752623558,,fixed_iterations,,0.0668515954284236,0.0668515954284236,0.3068288745098679,0.3068288745098679,0.0877128767600624,0.0877128767600624,182,0.026537412868141853,0.026537412868141853,0.012618127153319295,0.27838571429645115,0.012618127153319295,0.47237729929764094,0.009579020145605053,0.048481529156273066,0.35777349600637504,0.06612227413499287,T020_060_020,4
183,5.400732452453983,375,125,False,projected_continuous_optimization_loss,183,500,4.592561321847946e-05,0.46499485872891877,0.016798982878433087,0.016798982878433087,0.016798982878433087,0.0024874578191086093,0.0024874578191086093,0.0024874578191086093,0.0024874578191086093,0.0024874578191086093,0.28623050118648957,0.28623050118648957,0.28623050118648957,0.46499485872891877,0.09745076382209075,0.1377366482452703,0.5725,0.016798982878433087,2201.7050421019085,2201.7050421019085,12.01364429993555,4410.0253031253815,,fixed_iterations,,0.0673123134817192,0.0673123134817192,0.30950106826604395,0.30950106826604395,0.08818147698115561,0.08818147698115561,183,0.026998204599143247,0.026998204599143247,0.012853579766416457,0.28289249665453575,0.012853579766416457,0.46812360772963835,0.01019922172071016,0.04758084681009924,0.3552289945211003,0.06531376639843871,T020_060_020,4
184,5.451011878669315,375,125,False,projected_continuous_optimization_loss,184,500,4.582769872517791e-05,0.46859336533760493,0.016636112302990332,0.016636112302990332,0.016636112302990332,0.0025164617348297186,0.0025164617348297186,0.0025164617348297186,0.0025164617348297186,0.0025164617348297186,0.28239301136321227,0.28239301136321227,0.28239301136321227,0.46859336533760493,0.09751365655145258,0.1378333579157933,0.5729012345679012,0.016636112302990332,2213.5977403018624,2213.5977403018624,11.892698199953884,4433.89249587059,,fixed_iterations,,0.06779124660908974,0.06779124660908974,0.3121384018006058,0.3121384018006058,0.0886637169279093,0.0886637169279093,184,0.027263000652814007,0.027263000652814007,0.013148590755550964,0.28228819794526083,0.013148590755550964,0.4686919933360116,0.010626888349823675,0.04867002933511297,0.3567512773150759,0.0632706866858227,T020_060_020,4
185,5.501759393375013,375,125,False,projected_continuous_optimization_loss,185,500,4.572714388771406e-05,0.47220818811188314,0.016472146742066974,0.016472146742066974,0.016472146742066974,0.0025439369072599058,0.0025439369072599058,0.0025439369072599058,0.0025439369072599058,0.0025439369072599058,0.27856419669614135,0.27856419669614135,0.27856419669614135,0.47220818811188314,0.09757574362119112,0.13792692700424394,0.5725,0.016472146742066974,2225.4598438018,2225.4598438018,11.862103499937803,4457.758934736252,,fixed_iterations,,0.06828048272202566,0.06828048272202566,0.31477852066903106,0.31477852066903106,0.08914918472082643,0.08914918472082643,185,0.026662867366432242,0.026662867366432242,0.012677441012687479,0.27970852707489524,0.012677441012687479,0.47112522552602754,0.010190720624365268,0.04917680270264134,0.3571492292891607,0.06479919353422547,T020_060_020,4
186,5.552979354354196,375,125,False,projected_continuous_optimization_loss,186,500,4.5625176883991427e-05,0.4758524039706111,0.01630930299968609,0.01630930299968609,0.01630930299968609,0.0025727678785167174,0.0025727678785167174,0.0025727678785167174,0.0025727678785167174,0.0025727678785167174,0.27473070242338743,0.27473070242338743,0.27473070242338743,0.4758524039706111,0.09763627109750951,0.13801655543149066,0.5726851851851852,0.01630930299968609,2237.3481958018383,2237.3481958018383,11.88835200003814,4481.62263417244,,fixed_iterations,,0.06877201288103117,0.06877201288103117,0.317450731843899,0.317450731843899,0.089629659245681,0.089629659245681,186,0.027800099638382494,0.027800099638382494,0.01402631036464669,0.2754757854747161,0.01402631036464669,0.475142128310229,0.011490796638696406,0.04987525918200279,0.364413638129717,0.06085323099850919,T020_060_020,4
187,5.604676159959824,375,125,False,projected_continuous_optimization_loss,187,500,4.5521733320804423e-05,0.4795154424342536,0.016147151109676086,0.016147151109676086,0.016147151109676086,0.002601942376455545,0.002601942376455545,0.002601942376455545,0.002601942376455545,0.002601942376455545,0.2709041746644108,0.2709041746644108,0.2709041746644108,0.4795154424342536,0.09769546787398505,0.13810422039636067,0.5725,0.016147151109676086,2249.142802101909,2249.142802101909,11.794606300070882,4505.394782781601,,fixed_iterations,,0.06926693400567802,0.06926693400567802,0.3201402472084428,0.3201402472084428,0.09010826122013275,0.09010826122013275,187,0.027872167603490504,0.027872167603490504,0.014224405105229336,0.27295524996522336,0.014224405105229336,0.4775488061404938,0.011725016493814418,0.049178250656126535,0.36675568909922535,0.06161486638514195,T020_060_020,4
188,5.656854249492381,375,125,False,projected_continuous_optimization_loss,188,500,4.5417005274820784e-05,0.4831741332777166,0.015983258151292763,0.015983258151292763,0.015983258151292763,0.0026278093256307936,0.0026278093256307936,0.0026278093256307936,0.0026278093256307936,0.0026278093256307936,0.2671089765132394,0.2671089765132394,0.2671089765132394,0.4831741332777166,0.09775420248481516,0.13819132457870523,0.572716049382716,0.015983258151292763,2260.9456065018894,2260.9456065018894,11.802804399980232,4529.13601565361,,fixed_iterations,,0.06977409454943909,0.06977409454943909,0.32280527189504277,0.32280527189504277,0.09059476683323477,0.09059476683323477,188,0.028748480231800034,0.028748480231800034,0.015468811971944274,0.2655933651971152,0.015468811971944274,0.48464248797837906,0.01276522208050727,0.04864608069299277,0.37576697989462,0.06022942739076627,T020_060_020,4
189,5.709518103581098,375,125,False,projected_continuous_optimization_loss,189,500,4.531085765326095e-05,0.48681807751840556,0.01581640372264128,0.01581640372264128,0.01581640372264128,0.0026486194445460233,0.0026486194445460233,0.0026486194445460233,0.0026486194445460233,0.0026486194445460233,0.2633556855619051,0.2633556855619051,0.2633556855619051,0.48681807751840556,0.09781285648458259,0.1382779638964969,0.5728703703703704,0.01581640372264128,2272.819662201917,2272.819662201917,11.874055700027384,4552.894429445267,,fixed_iterations,,0.07029896791017255,0.07029896791017255,0.3254267162985884,0.3254267162985884,0.09109239330964472,0.09109239330964472,189,0.02860227624031912,0.02860227624031912,0.01541713676891935,0.26370278942799547,0.01541713676891935,0.4864800009464135,0.012785872517677842,0.04840409439023867,0.3769984413776839,0.06107746517849092,T020_060_020,4
190,5.762672244568709,375,125,False,projected_continuous_optimization_loss,190,500,4.520285027905237e-05,0.49045758901238523,0.015648386076958516,0.015648386076958516,0.015648386076958516,0.0026667126472049445,0.0026667126472049445,0.0026667126472049445,0.0026667126472049445,0.0026667126472049445,0.2596334685950714,0.2596334685950714,0.2596334685950714,0.49045758901238523,0.09787081077050028,0.13836415461686272,0.5732407407407407,0.015648386076958516,2284.645921201911,2284.645921201911,11.826258999994025,4576.649525642395,,fixed_iterations,,0.07083614582797433,0.07083614582797433,0.328028582858655,0.328028582858655,0.09159286032575584,0.09159286032575584,190,0.027876362058710538,0.027876362058710538,0.01452126589404762,0.2671019232932583,0.01452126589404762,0.48318095691697055,0.012227975981752022,0.04911756050095469,0.37190679817235617,0.06215659824365967,T020_060_020,4
191,5.816321236899792,375,125,False,projected_continuous_optimization_loss,191,500,4.509404803507788e-05,0.49410486834166667,0.015481914909050378,0.015481914909050378,0.015481914909050378,0.0026854206972702567,0.0026854206972702567,0.0026854206972702567,0.0026854206972702567,0.0026854206972702567,0.2559298842356024,0.2559298842356024,0.2559298842356024,0.49410486834166667,0.09792721623693207,0.13844833016452385,0.5738271604938272,0.015481914909050378,2296.511068201973,2296.511068201973,11.86514700006228,4600.490626335144,,fixed_iterations,,0.07137556226649347,0.07137556226649347,0.33064261649705506,0.33064261649705506,0.09208668957811812,0.09208668957811812,191,0.027393024279492813,0.027393024279492813,0.014043872908725922,0.26698302741533786,0.014043872908725922,0.48329599632348713,0.011911109370442435,0.04983305907790706,0.3706264197482802,0.06283651749729986,T020_060_020,4
192,5.870469687512725,375,125,False,projected_continuous_optimization_loss,192,500,4.498494294731242e-05,0.4977540597376245,0.015317203354822706,0.015317203354822706,0.015317203354822706,0.0027046541293208174,0.0027046541293208174,0.0027046541293208174,0.0027046541293208174,0.0027046541293208174,0.25225098451003775,0.25225098451003775,0.25225098451003775,0.4977540597376245,0.09798205693623774,0.13852783684244008,0.5742283950617284,0.015317203354822706,2308.3927784019616,2308.3927784019616,11.881710199988447,4624.264358997345,,fixed_iterations,,0.07191523007671694,0.07191523007671694,0.333263494595237,0.333263494595237,0.09257533506567057,0.09257533506567057,192,0.027277658968767944,0.027277658968767944,0.01409557680875185,0.26364164320032185,0.01409557680875185,0.4865395407625609,0.011960455613945238,0.05046579141109714,0.3733054143881848,0.06276833496327895,T020_060_020,4
193,5.925122246235296,375,125,False,projected_continuous_optimization_loss,193,500,4.4875698754568767e-05,0.5013868434610251,0.015151895911064006,0.015151895911064006,0.015151895911064006,0.0027211419173759927,0.0027211419173759927,0.0027211419173759927,0.0027211419173759927,0.0027211419173759927,0.24861507987376025,0.24861507987376025,0.24861507987376025,0.5013868434610251,0.09803607807893522,0.13860651871766877,0.5744135802469136,0.015151895911064006,2320.3163917019265,2320.3163917019265,11.923613299964927,4648.140158176422,,fixed_iterations,,0.07246353088235837,0.07246353088235837,0.3358551227759243,0.3358551227759243,0.09306818980274252,0.09306818980274252,193,0.027618205123980562,0.027618205123980562,0.014448613115026154,0.2633918401790881,0.014448613115026154,0.48678285280099215,0.012466309212916556,0.04983195080026122,0.37449734132509194,0.062453560675638974,T020_060_020,4
194,5.980283606183988,375,125,False,projected_continuous_optimization_loss,194,500,4.4766395145501915e-05,0.5049947857358466,0.014984617148525113,0.014984617148525113,0.014984617148525113,0.002733109041090089,0.002733109041090089,0.002733109041090089,0.002733109041090089,0.002733109041090089,0.24503016214870046,0.24503016214870046,0.24503016214870046,0.5049947857358466,0.09808966753406964,0.13868486277442735,0.5749074074074074,0.014984617148525113,2332.22925210197,2332.22925210197,11.912860400043428,4671.98654127121,,fixed_iterations,,0.07302709376117675,0.07302709376117675,0.3383995314905406,0.3383995314905406,0.0935681604841292,0.0935681604841292,194,0.027319116076845548,0.027319116076845548,0.01438763257402721,0.2586296700563668,0.01438763257402721,0.4914435429017081,0.012334498928320435,0.050992560492199565,0.37796659500804075,0.06248438740146776,T020_060_020,4
195,6.035958504166994,375,125,False,projected_continuous_optimization_loss,195,500,4.465673059995882e-05,0.508586389640269,0.014817171735477527,0.014817171735477527,0.014817171735477527,0.00274280491313825,0.00274280491313825,0.00274280491313825,0.00274280491313825,0.00274280491313825,0.2414873364467855,0.2414873364467855,0.2414873364467855,0.508586389640269,0.09814226688413008,0.13876349017885167,0.5753703703703704,0.014817171735477527,2344.0928084019106,2344.0928084019106,11.863556299940683,4695.816504001617,,fixed_iterations,,0.07360069232207521,0.07360069232207521,0.34091898571860824,0.34091898571860824,0.09406671159958559,0.09406671159958559,195,0.02694524720916832,0.02694524720916832,0.014006983957139521,0.258765265040576,0.014006983957139521,0.4913102467706116,0.012128075473690794,0.052493027962034276,0.3768359119275408,0.061981306881036535,T020_060_020,4
196,6.092151721090964,375,125,False,projected_continuous_optimization_loss,196,500,4.454745542925034e-05,0.512169608479422,0.01465205498959663,0.01465205498959663,0.01465205498959663,0.0027531304450406063,0.0027531304450406063,0.0027531304450406063,0.0027531304450406063,0.0027531304450406063,0.23797849089112047,0.23797849089112047,0.23797849089112047,0.512169608479422,0.0981931692672615,0.13883676714151832,0.5760802469135803,0.01465205498959663,2355.972259401926,2355.972259401926,11.879451000015251,4719.6586561203,,fixed_iterations,,0.07417410225501828,0.07417410225501828,0.3434391566160629,0.3434391566160629,0.09455634960834079,0.09455634960834079,196,0.026907566870645314,0.026907566870645314,0.013958598289826091,0.25897937161638446,0.013958598289826091,0.49109984121010086,0.012255511881048684,0.052577328127405384,0.3765349659807264,0.061987547101969215,T020_060_020,4
197,6.148868082371556,375,125,False,projected_continuous_optimization_loss,197,500,4.443889655148264e-05,0.5157371058667191,0.014488869885969488,0.014488869885969488,0.014488869885969488,0.002763342354252424,0.002763342354252424,0.002763342354252424,0.002763342354252424,0.002763342354252424,0.23451055063434126,0.23451055063434126,0.23451055063434126,0.5157371058667191,0.09824252223531675,0.13890495790327906,0.5763888888888888,0.014488869885969488,2367.8353483019164,2367.8353483019164,11.863088899990544,4743.468925237656,,fixed_iterations,,0.07474664760924941,0.07474664760924941,0.34594864691497695,0.34594864691497695,0.09504181134249264,0.09504181134249264,197,0.0262991051074822,0.0262991051074822,0.013449895092975915,0.25698420029012564,0.013449895092975915,0.4930639090673011,0.011810235221512711,0.053997646210781736,0.37655707631779173,0.06250918653872756,T020_060_020,4
198,6.206112458347806,375,125,False,projected_continuous_optimization_loss,198,500,4.4331100714647586e-05,0.5192764754790778,0.014325173514558531,0.014325173514558531,0.014325173514558531,0.00277041816316765,0.00277041816316765,0.00277041816316765,0.00277041816316765,0.00277041816316765,0.23109510702781763,0.23109510702781763,0.23109510702781763,0.5192764754790778,0.09829101192275863,0.13897341642278127,0.5765432098765432,0.014325173514558531,2379.7671650019474,2379.7671650019474,11.93181670003105,4767.540722370148,,fixed_iterations,,0.07532758886118529,0.07532758886118529,0.34841699806641335,0.34841699806641335,0.09553188855147918,0.09553188855147918,198,0.026203949927206135,0.026203949927206135,0.01360689501268946,0.25194109829033345,0.01360689501268946,0.4980626550152565,0.011878776412647604,0.05393506666989247,0.38082273081815543,0.06330485752720857,T020_060_020,4
199,6.263889764700348,375,125,False,projected_continuous_optimization_loss,199,500,4.4223860320301226e-05,0.5227880357562958,0.014160535878928794,0.014160535878928794,0.014160535878928794,0.0027739729380620733,0.0027739729380620733,0.0027739729380620733,0.0027739729380620733,0.0027739729380620733,0.2277312588173344,0.2277312588173344,0.2277312588173344,0.5227880357562958,0.09833873165998762,0.13904164671785973,0.5768518518518518,0.014160535878928794,2391.776069101994,2391.776069101994,12.008904100046493,4791.692339658737,,fixed_iterations,,0.07592114838679812,0.07592114838679812,0.35084243217842404,0.35084243217842404,0.09602445519107372,0.09602445519107372,199,0.026190698650657727,0.026190698650657727,0.013918404505567668,0.24544588290180114,0.013918404505567668,0.5045750481639008,0.012030162771728933,0.05435347180037208,0.38676599976250214,0.06345557660102658,T020_060_020,4
200,6.322204962873537,375,125,False,projected_continuous_optimization_loss,200,500,4.4117042609037675e-05,0.5262812592351328,0.013997278251372041,0.013997278251372041,0.013997278251372041,0.0027768059837794735,0.0027768059837794735,0.0027768059837794735,0.0027768059837794735,0.0027768059837794735,0.22440944535185134,0.22440944535185134,0.22440944535185134,0.5262812592351328,0.0983850487636462,0.13910881135940598,0.577037037037037,0.013997278251372041,2403.9516161018983,2403.9516161018983,12.175546999904327,4816.16660118103,,fixed_iterations,,0.07651948703436216,0.07651948703436216,0.3532519572375599,0.3532519572375599,0.09650981496321079,0.09650981496321079,200,0.02627665525049807,0.02627665525049807,0.014071263550597716,0.2441078339980071,0.014071263550597716,0.505927298873934,0.012279376999126028,0.0538473781093002,0.38823281128679493,0.0638471094778387,T020_060_020,4
201,6.381063060501492,375,125,False,projected_continuous_optimization_loss,201,500,4.4011064123656223e-05,0.5297570148836303,0.013836612599607076,0.013836612599607076,0.013836612599607076,0.002780189347049362,0.002780189347049362,0.002780189347049362,0.002780189347049362,0.002780189347049362,0.22112846505115424,0.22112846505115424,0.22112846505115424,0.5297570148836303,0.09842966714416143,0.1391739133510195,0.577253086419753,0.013836612599607076,2415.8447705018334,2415.8447705018334,11.893154399935156,4840.121373653412,,fixed_iterations,,0.07711520358867378,0.07711520358867378,0.35565422717880923,0.35565422717880923,0.09698758411614727,0.09698758411614727,201,0.026368948776108625,0.026368948776108625,0.01431272541462132,0.24112446722974606,0.01431272541462132,0.5089557380136227,0.01253233617650155,0.054663716485404114,0.3913512546897,0.06294076683851849,T020_060_020,4
202,6.4404691118381185,375,125,False,projected_continuous_optimization_loss,202,500,4.3905893916285924e-05,0.5332065719397554,0.01367672116186143,0.01367672116186143,0.01367672116186143,0.002781915937849692,0.002781915937849692,0.002781915937849692,0.002781915937849692,0.002781915937849692,0.21789610448023475,0.21789610448023475,0.21789610448023475,0.5332065719397554,0.09847308074798276,0.13923883773172116,0.5775617283950617,0.01367672116186143,2427.7375677018426,2427.7375677018426,11.892797200009227,4863.98149561882,,fixed_iterations,,0.07771298125776334,0.07771298125776334,0.3580260093963544,0.3580260093963544,0.09746758128563761,0.09746758128563761,202,0.026148473769474073,0.026148473769474073,0.013930189079151126,0.2443656938064589,0.013930189079151126,0.5056664144462174,0.012471752607612643,0.055454138046623844,0.3877044920446073,0.06250778435498626,T020_060_020,4
203,6.500428218191119,375,125,False,projected_continuous_optimization_loss,203,500,4.380130781545273e-05,0.5366281423524509,0.013516116468624342,0.013516116468624342,0.013516116468624342,0.0027804425456373224,0.0027804425456373224,0.0027804425456373224,0.0027804425456373224,0.0027804425456373224,0.21471347845974037,0.21471347845974037,0.21471347845974037,0.5366281423524509,0.09851566264734493,0.13930549759144595,0.5778703703703704,0.013516116468624342,2439.6388113019057,2439.6388113019057,11.901243600063026,4887.748517036438,,fixed_iterations,,0.07832083642830943,0.07832083642830943,0.36035534896895244,0.36035534896895244,0.09795195695518913,0.09795195695518913,203,0.026027516937707676,0.026027516937707676,0.014030010258964517,0.23995013357486317,0.014030010258964517,0.5101529487943578,0.012511400469083334,0.055229256050851425,0.39141431072427774,0.06350938201922857,T020_060_020,4
204,6.560945528360053,375,125,False,projected_continuous_optimization_loss,204,500,4.3696978393594464e-05,0.5400302827787171,0.013356246364858592,0.013356246364858592,0.013356246364858592,0.002777639326827244,0.002777639326827244,0.002777639326827244,0.002777639326827244,0.002777639326827244,0.21157214076062694,0.21157214076062694,0.21157214076062694,0.5400302827787171,0.09855703858938226,0.1393695485939328,0.5780864197530864,0.013356246364858592,2451.455193702015,2451.455193702015,11.816382400109433,4911.472979545593,,fixed_iterations,,0.07893626368992114,0.07893626368992114,0.3626629410098285,0.3626629410098285,0.0984310780789675,0.0984310780789675,204,0.02631641253468737,0.02631641253468737,0.014435532756884488,0.23761759555605766,0.014435532756884488,0.5125396471957359,0.01296016616982878,0.05465399237536042,0.39446468285487896,0.06342097196549648,T020_060_020,4
205,6.622026239078485,375,125,False,projected_continuous_optimization_loss,205,500,4.359297323342605e-05,0.5434163281966912,0.013198610051341179,0.013198610051341179,0.013198610051341179,0.002775177583471597,0.002775177583471597,0.002775177583471597,0.002775177583471597,0.002775177583471597,0.20846864935739162,0.20846864935739162,0.20846864935739162,0.5434163281966912,0.09859685251719813,0.13943218845939212,0.5782098765432099,0.013198610051341179,2463.346400202019,2463.346400202019,11.891206500004046,4935.31294131279,,fixed_iterations,,0.07955140791665567,0.07955140791665567,0.3649626248708889,0.3649626248708889,0.09890229540914668,0.09890229540914668,205,0.026164631103773234,0.026164631103773234,0.014325709956006552,0.23677842295533366,0.014325709956006552,0.5134011683580265,0.012966021052432055,0.054588708697515476,0.3947711999921808,0.06404125966833021,T020_060_020,4
206,6.68367559546022,375,125,False,projected_continuous_optimization_loss,206,500,4.3489312941994946e-05,0.5467800820987839,0.013041943401742756,0.013041943401742756,0.013041943401742756,0.0027715287026235033,0.0027715287026235033,0.0027715287026235033,0.0027715287026235033,0.0027715287026235033,0.20540829398238503,0.20540829398238503,0.20540829398238503,0.5467800820987839,0.09863543572381311,0.1394946398698593,0.5781481481481482,0.013041943401742756,2475.1500170020154,2475.1500170020154,11.803616799996234,4959.078457355499,,fixed_iterations,,0.08016703585720746,0.08016703585720746,0.36723695824876273,0.36723695824876273,0.09937608799281374,0.09937608799281374,206,0.026205050276957485,0.026205050276957485,0.014400996967046603,0.23608106619821764,0.014400996967046603,0.5141182590401059,0.01316310687521473,0.05430479532614568,0.39553241801598016,0.06428104569798006,T020_060_020,4
207,6.745898891449722,375,125,False,projected_continuous_optimization_loss,207,500,4.3385702870592206e-05,0.5501208014612301,0.01288486530643892,0.01288486530643892,0.01288486530643892,0.0027653006425446213,0.0027653006425446213,0.0027653006425446213,0.0027653006425446213,0.0027653006425446213,0.20239129327788594,0.20239129327788594,0.20239129327788594,0.5501208014612301,0.09867312428847139,0.13955660833523925,0.5784876543209877,0.01288486530643892,2486.9566169020254,2486.9566169020254,11.806599900010042,4982.835912942886,,fixed_iterations,,0.08078978933885196,0.08078978933885196,0.36947514758170197,0.36947514758170197,0.09985586454067615,0.09985586454067615,207,0.02615570285686454,0.02615570285686454,0.014535736112726773,0.23239933488275533,0.014535736112726773,0.5179218581155589,0.01327083755042562,0.055684415873329805,0.39895152453077243,0.06328591771145665,T020_060_020,4
208,6.808701470276715,375,125,False,projected_continuous_optimization_loss,208,500,4.328184808648239e-05,0.5534469830418397,0.012728514123089523,0.012728514123089523,0.012728514123089523,0.002758034275367772,0.002758034275367772,0.002758034275367772,0.002758034275367772,0.002758034275367772,0.199409596954435,0.199409596954435,0.199409596954435,0.5534469830418397,0.09870964731968283,0.1396189649424289,0.5784567901234567,0.012728514123089523,2498.883256501984,2498.883256501984,11.926639599958435,5006.719176530838,,fixed_iterations,,0.08141968270386013,0.08141968270386013,0.37169617531844307,0.37169617531844307,0.10033112501953649,0.10033112501953649,208,0.025958471084445912,0.025958471084445912,0.014433790127300417,0.23049361914290986,0.014433790127300417,0.5199024899638514,0.01322995696135639,0.055991190826927655,0.40016168511754546,0.06374961401937825,T020_060_020,4
209,6.872088724915009,375,125,False,projected_continuous_optimization_loss,209,500,4.317770698844041e-05,0.5567611973648158,0.012573840995993658,0.012573840995993658,0.012573840995993658,0.002750809187920068,0.002750809187920068,0.002750809187920068,0.002750809187920068,0.002750809187920068,0.1964606361614718,0.1964606361614718,0.1964606361614718,0.5567611973648158,0.0987447976979996,0.1396771898991909,0.578858024691358,0.012573840995993658,2510.767979301978,2510.767979301978,11.884722799994051,5030.550655841827,,fixed_iterations,,0.0820518897686895,0.0820518897686895,0.37390953965266294,0.37390953965266294,0.10079976794346332,0.10079976794346332,209,0.02569531361584867,0.02569531361584867,0.013969920995757723,0.23450785240181896,0.013969920995757723,0.5157398917917986,0.013121472619855013,0.05525176113326029,0.3954662224783912,0.06502190818014711,T020_060_020,4
210,6.936066098545613,375,125,False,projected_continuous_optimization_loss,210,500,4.307324551347294e-05,0.560057677467762,0.012419560961675622,0.012419560961675622,0.012419560961675622,0.0027420986039226377,0.0027420986039226377,0.0027420986039226377,0.0027420986039226377,0.0027420986039226377,0.1935492471550597,0.1935492471550597,0.1935492471550597,0.560057677467762,0.09877889107865277,0.1397354733286168,0.5789506172839506,0.012419560961675622,2522.65522100206,2522.65522100206,11.887241700082086,5054.398847579956,,fixed_iterations,,0.08268640522373998,0.08268640522373998,0.3760974954767534,0.3760974954767534,0.10127377676726866,0.10127377676726866,210,0.025926604752141418,0.025926604752141418,0.014346331723305189,0.2316054605767246,0.014346331723305189,0.5187459500671973,0.013507043790465795,0.055548640704103244,0.39897464949223793,0.06422265987085611,T020_060_020,4
211,7.0006390850241464,375,125,False,projected_continuous_optimization_loss,211,500,4.296820413976011e-05,0.5633375421904347,0.012265162597536365,0.012265162597536365,0.012265162597536365,0.0027314574945218415,0.0027314574945218415,0.0027314574945218415,0.0027314574945218415,0.0027314574945218415,0.19067410206029045,0.19067410206029045,0.19067410206029045,0.5633375421904347,0.09881205259572616,0.13979376550513367,0.5792592592592593,0.012265162597536365,2534.4798335020896,2534.4798335020896,11.824612500029616,5078.181854248047,,fixed_iterations,,0.08332587976203944,0.08332587976203944,0.3782573256694418,0.3782573256694418,0.10175433675895343,0.10175433675895343,211,0.02521463195717713,0.02521463195717713,0.013483736534731663,0.23461790844890934,0.013483736534731663,0.5156262719253764,0.012949469359640765,0.05733703206411635,0.39395431092120087,0.06433492894005922,T020_060_020,4
212,7.0658132293526075,375,125,False,projected_continuous_optimization_loss,212,500,4.28624233310721e-05,0.5666086075206276,0.0121119146485948,0.0121119146485948,0.0121119146485948,0.0027205096948343284,0.0027205096948343284,0.0027205096948343284,0.0027205096948343284,0.0027205096948343284,0.18782809907520942,0.18782809907520942,0.18782809907520942,0.5666086075206276,0.09884400841156098,0.13985049724212043,0.5791975308641976,0.0121119146485948,2546.3818816021085,2546.3818816021085,11.902048100018874,5102.018767118454,,fixed_iterations,,0.08397016152075272,0.08397016152075272,0.38040865257502093,0.38040865257502093,0.10222979342485394,0.10222979342485394,212,0.024769433866334463,0.024769433866334463,0.013178471685938893,0.23181924360791137,0.013178471685938893,0.5185238909271703,0.012657519217739662,0.058386824480172156,0.3952110606152256,0.06492600583177258,T020_060_020,4
213,7.131594128155533,375,125,False,projected_continuous_optimization_loss,213,500,4.2755918975304186e-05,0.5698705460298287,0.011959571468841804,0.011959571468841804,0.011959571468841804,0.0027090041102079115,0.0027090041102079115,0.0027090041102079115,0.0027090041102079115,0.0027090041102079115,0.18501134717267784,0.18501134717267784,0.18501134717267784,0.5698705460298287,0.09887483377300905,0.13990536222123706,0.5795370370370371,0.011959571468841804,2558.2786435021553,2558.2786435021553,11.89676190004684,5125.878553152084,,fixed_iterations,,0.08461928807828496,0.08461928807828496,0.3825488113147599,0.3825488113147599,0.1027024466367838,0.1027024466367838,213,0.024473158659938307,0.024473158659938307,0.013111301650989808,0.22723714017896995,0.013111301650989808,0.5233060308972117,0.012513587191096503,0.05954734655771604,0.3986640865091488,0.06509459783034698,T020_060_020,4
214,7.1979874301605875,375,125,False,projected_continuous_optimization_loss,214,500,4.264861383835783e-05,0.573118343592671,0.011806945115898672,0.011806945115898672,0.011806945115898672,0.0026955476870454266,0.0026955476870454266,0.0026955476870454266,0.0026955476870454266,0.0026955476870454266,0.1822279485770649,0.1822279485770649,0.1822279485770649,0.573118343592671,0.09890480552400827,0.13995942485480628,0.5799074074074074,0.011806945115898672,2570.22569950216,2570.22569950216,11.947056000004523,5149.87074804306,,fixed_iterations,,0.08527313433647157,0.08527313433647157,0.3846613596464115,0.3846613596464115,0.10318384960978794,0.10318384960978794,214,0.024138177571750213,0.024138177571750213,0.012834075240707689,0.22608204662085052,0.012834075240707689,0.5245191416882793,0.012331232455851542,0.06031967219602172,0.3986928027375541,0.0655066667547036,T020_060_020,4
215,7.264998836683641,375,125,False,projected_continuous_optimization_loss,215,500,4.254033120657615e-05,0.5763551284198849,0.01165501467386273,0.01165501467386273,0.01165501467386273,0.0026812658130561198,0.0026812658130561198,0.0026812658130561198,0.0026812658130561198,0.0026812658130561198,0.1794749772161322,0.1794749772161322,0.1794749772161322,0.5763551284198849,0.09893372549177987,0.14001203560630812,0.5802469135802469,0.01165501467386273,2582.514697302133,2582.514697302133,12.288997799973004,5174.301680088043,,fixed_iterations,,0.08592869720600017,0.08592869720600017,0.3867575392786692,0.3867575392786692,0.10366889193521552,0.10366889193521552,215,0.024129846348606602,0.024129846348606602,0.012836497093291594,0.22586698510630016,0.012836497093291594,0.5247453470966326,0.012474831674743872,0.05991043893689181,0.3988529723978805,0.06598193576186037,T020_060_020,4
216,7.332634102118338,375,125,False,projected_continuous_optimization_loss,216,500,4.243117563066426e-05,0.5795853346764964,0.011504401330225476,0.011504401330225476,0.011504401330225476,0.0026669767892718004,0.0026669767892718004,0.0026669767892718004,0.0026669767892718004,0.0026669767892718004,0.1767484908190735,0.1767484908190735,0.1767484908190735,0.5795853346764964,0.0989614859841778,0.14006294682391343,0.5807098765432098,0.011504401330225476,2594.414890802116,2594.414890802116,11.900193499983288,5198.079897880554,,fixed_iterations,,0.08658743659358381,0.08658743659358381,0.3888482404936343,0.3888482404936343,0.10414965758927834,0.10414965758927834,216,0.024711138051875053,0.024711138051875053,0.013946513868647224,0.21529248366455658,0.013946513868647224,0.5360037891700444,0.013206736721649577,0.059620065517489856,0.4110607986961423,0.06532292495641226,T020_060_020,4
217,7.400899034430244,375,125,False,projected_continuous_optimization_loss,217,500,4.23211767141047e-05,0.5828060053185199,0.011353525747084876,0.011353525747084876,0.011353525747084876,0.002650984287170333,0.002650984287170333,0.002650984287170333,0.002650984287170333,0.002650984287170333,0.17405082919829085,0.17405082919829085,0.17405082919829085,0.5828060053185199,0.09898844831557067,0.1401116500342017,0.5810493827160493,0.011353525747084876,2606.3090586020844,2606.3090586020844,11.894167799968272,5221.929870843887,,fixed_iterations,,0.08725438015213263,0.08725438015213263,0.3909169678054851,0.3909169678054851,0.10463465736090219,0.10463465736090219,217,0.02298009360829624,0.02298009360829624,0.012289293126142992,0.21381600964306496,0.012289293126142992,0.5375975674338803,0.011626567861211363,0.06187261634786125,0.40674064443934366,0.06898430664667535,T020_060_020,4
218,7.469799495655587,375,125,False,projected_continuous_optimization_loss,218,500,4.2210197319835585e-05,0.586015447123505,0.01120277635612027,0.01120277635612027,0.01120277635612027,0.002633615855102693,0.002633615855102693,0.002633615855102693,0.002633615855102693,0.002633615855102693,0.17138321002035153,0.17138321002035153,0.17138321002035153,0.586015447123505,0.0990145476656433,0.14015596283491807,0.5811111111111111,0.01120277635612027,2618.1971730020596,2618.1971730020596,11.888114399975166,5245.794406890869,,fixed_iterations,,0.08792472427265212,0.08792472427265212,0.39296388169702295,0.39296388169702295,0.10512684115382988,0.10512684115382988,218,0.022163348320297933,0.022163348320297933,0.011600489025358358,0.21125718589879147,0.011600489025358358,0.540372775067891,0.010960571964177664,0.06372680224426312,0.4064476823111636,0.07019829051246435,T020_060_020,4
219,7.53934140240464,375,125,False,projected_continuous_optimization_loss,219,500,4.209833417863065e-05,0.589216126510734,0.011053673526370234,0.011053673526370234,0.011053673526370234,0.0026165039904279663,0.0026165039904279663,0.0026165039904279663,0.0026165039904279663,0.0026165039904279663,0.16874339071884534,0.16874339071884534,0.16874339071884534,0.589216126510734,0.0990394926090384,0.14019804412988712,0.5811111111111111,0.011053673526370234,2630.0200031020213,2630.0200031020213,11.82283009996172,5269.565109491348,,fixed_iterations,,0.08859316115468659,0.08859316115468659,0.3950043820263708,0.3950043820263708,0.10561858332967661,0.10561858332967661,219,0.02209521636832168,0.02209521636832168,0.011610100081070445,0.20970232574502468,0.011610100081070445,0.5420673349224532,0.011041542841951446,0.06438318623750856,0.40778005018526414,0.06990409849968048,T020_060_020,4
220,7.609530726369791,375,125,False,projected_continuous_optimization_loss,220,500,4.1985786789212e-05,0.5924077649127264,0.010904708776683807,0.010904708776683807,0.010904708776683807,0.0025981372715118403,0.0025981372715118403,0.0025981372715118403,0.0025981372715118403,0.0025981372715118403,0.1661314301034393,0.1661314301034393,0.1661314301034393,0.5924077649127264,0.09906363091258423,0.14024051430814563,0.5812345679012346,0.010904708776683807,2641.9457715019817,2641.9457715019817,11.925768399960361,5293.424660682678,,fixed_iterations,,0.0892678869036536,0.0892678869036536,0.39702618106901644,0.39702618106901644,0.10611369694005639,0.10611369694005639,220,0.021812746449785633,0.021812746449785633,0.011344742489782808,0.20936007920005645,0.011344742489782808,0.5424411740551207,0.010908037673101827,0.06571242334005982,0.4071421558287058,0.06958659488635502,T020_060_020,4
221,7.680373494838347,375,125,False,projected_continuous_optimization_loss,221,500,4.18724525609611e-05,0.5955896323407566,0.010755440897044371,0.010755440897044371,0.010755440897044371,0.002578053623530148,0.002578053623530148,0.002578053623530148,0.002578053623530148,0.002578053623530148,0.16354774547028444,0.16354774547028444,0.16354774547028444,0.5955896323407566,0.0990870812707211,0.14028331043703973,0.5811111111111111,0.010755440897044371,2653.812105802004,2653.812105802004,11.866334300022572,5317.1614944934845,,fixed_iterations,,0.08995035975085902,0.08995035975085902,0.3990244169491123,0.3990244169491123,0.10661485564078528,0.10661485564078528,221,0.021681761151096587,0.021681761151096587,0.011422090249526083,0.2051934180314101,0.011422090249526083,0.5470171989673226,0.010926320254052217,0.06587946790427678,0.41084889016672277,0.07028884089632315,T020_060_020,4
222,7.7518757912101,375,125,False,projected_continuous_optimization_loss,222,500,4.1758327776120816e-05,0.5987619243354732,0.010607754910513746,0.010607754910513746,0.010607754910513746,0.0025581552423651174,0.0025581552423651174,0.0025581552423651174,0.0025581552423651174,0.0025581552423651174,0.16099199336297257,0.16099199336297257,0.16099199336297257,0.5987619243354732,0.09910948497047704,0.14032613852399917,0.581358024691358,0.010607754910513746,2665.701986801927,2665.701986801927,11.889880999922752,5341.003387928009,,fixed_iterations,,0.09063083361722864,0.09063083361722864,0.40101462507646274,0.40101462507646274,0.10711646564178182,0.10711646564178182,222,0.02116309453805242,0.02116309453805242,0.011133371295185478,0.2005944648573388,0.011133371295185478,0.5521222657271978,0.010555339627538672,0.06714945350286651,0.413625638358646,0.07134717386568529,T020_060_020,4
223,7.824043755519732,375,125,False,projected_continuous_optimization_loss,223,500,4.1643701500968555e-05,0.6019229965754217,0.010460524039101363,0.010460524039101363,0.010460524039101363,0.0025372590063267773,0.0025372590063267773,0.0025372590063267773,0.0025372590063267773,0.0025372590063267773,0.15846530065549172,0.15846530065549172,0.15846530065549172,0.6019229965754217,0.09913110460821327,0.14036532538166055,0.5816975308641975,0.010460524039101363,2677.5209495018935,2677.5209495018935,11.818962699966505,5364.790264129639,,fixed_iterations,,0.09131325140601429,0.09131325140601429,0.4029852396676988,0.4029852396676988,0.10762450550170864,0.10762450550170864,223,0.020612492065192195,0.020612492065192195,0.010803145531865994,0.19618693066652398,0.010803145531865994,0.5570700612212762,0.010151968026090832,0.06865452049313542,0.41609890121328996,0.0723166395148508,T020_060_020,4
224,7.896883584964057,375,125,False,projected_continuous_optimization_loss,224,500,4.152851721172046e-05,0.6050741322371612,0.010313073414226328,0.010313073414226328,0.010313073414226328,0.0025147513628147613,0.0025147513628147613,0.0025147513628147613,0.0025147513628147613,0.0025147513628147613,0.15596644102823132,0.15596644102823132,0.15596644102823132,0.6050741322371612,0.0991521146685047,0.1404013043206224,0.5817901234567902,0.010313073414226328,2689.421570701874,2689.421570701874,11.900621199980378,5388.667164325714,,fixed_iterations,,0.09200296199000942,0.09200296199000942,0.40493224811392503,0.40493224811392503,0.10813892213322673,0.10813892213322673,224,0.020747239125303733,0.020747239125303733,0.01097111409940652,0.1955225005179442,0.01097111409940652,0.5578207371235686,0.010434165711077406,0.06819043836941006,0.417287130684633,0.07234316806952547,T020_060_020,4
225,7.970401534434195,375,125,False,projected_continuous_optimization_loss,225,500,4.1412715230354085e-05,0.6082168193397184,0.010167014318688055,0.010167014318688055,0.010167014318688055,0.0024923112862737114,0.0024923112862737114,0.0024923112862737114,0.0024923112862737114,0.0024923112862737114,0.15349406064828686,0.15349406064828686,0.15349406064828686,0.6082168193397184,0.09917222698716965,0.14043665635413755,0.5819753086419753,0.010167014318688055,2701.360732301837,2701.360732301837,11.939161599962972,5412.560130596161,,fixed_iterations,,0.09269366951850977,0.09269366951850977,0.4068712612123344,0.4068712612123344,0.10865188860887423,0.10865188860887423,225,0.02059060601851745,0.02059060601851745,0.010904299578915694,0.19372612879203505,0.010904299578915694,0.5598566951639102,0.010423591699829394,0.06700627140475111,0.41848286087134945,0.07436756288780969,T020_060_020,4
226,8.044603917052697,375,125,False,projected_continuous_optimization_loss,226,500,4.1296529533301735e-05,0.6113479136677668,0.010021153189285259,0.010021153189285259,0.010021153189285259,0.002468630978765375,0.002468630978765375,0.002468630978765375,0.002468630978765375,0.002468630978765375,0.15105044421039768,0.15105044421039768,0.15105044421039768,0.6113479136677668,0.09919170912495623,0.14046985165842701,0.5821913580246914,0.010021153189285259,2713.1711890017614,2713.1711890017614,11.810456699924543,5436.3656685352325,,fixed_iterations,,0.09338672681234221,0.09338672681234221,0.40878738574396933,0.40878738574396933,0.10917380111145521,0.10917380111145521,226,0.020296287934208394,0.020296287934208394,0.010799526077585735,0.18993523713245314,0.010799526077585735,0.5641844000813497,0.010275134744923135,0.0671430344695446,0.4212771212857503,0.07576424432605477,T020_060_020,4
227,8.119497104715647,375,125,False,projected_continuous_optimization_loss,227,500,4.1179868841059245e-05,0.6144685234152737,0.009875564442239295,0.009875564442239295,0.009875564442239295,0.0024438384703593234,0.0024438384703593234,0.0024438384703593234,0.0024438384703593234,0.0024438384703593234,0.14863451943759945,0.14863451943759945,0.14863451943759945,0.6144685234152737,0.0992105838766394,0.1405008370665897,0.5823456790123457,0.009875564442239295,2724.9760543018347,2724.9760543018347,11.804865300073288,5460.121455669403,,fixed_iterations,,0.09408285265475407,0.09408285265475407,0.4106824995957118,0.4106824995957118,0.10970317116480782,0.10970317116480782,227,0.019904842248598828,0.019904842248598828,0.010651190553488898,0.18507303390219856,0.010651190553488898,0.5697988448386051,0.010029277806359533,0.06743059133369061,0.4248387140677713,0.07752953943714319,T020_060_020,4
228,8.195087528639842,375,125,False,projected_continuous_optimization_loss,228,500,4.106275788354142e-05,0.6175815632142795,0.00973116593180221,0.00973116593180221,0.00973116593180221,0.002418972892120504,0.002418972892120504,0.002418972892120504,0.002418972892120504,0.002418972892120504,0.1462438607936341,0.1462438607936341,0.1462438607936341,0.6175815632142795,0.09922871322323334,0.14053110212123654,0.5823456790123457,0.00973116593180221,2736.8606084018247,2736.8606084018247,11.884554099990055,5483.985584259033,,fixed_iterations,,0.09478124826806548,0.09478124826806548,0.4125686273733548,0.4125686273733548,0.11023168757285921,0.11023168757285921,228,0.019385825259568577,0.019385825259568577,0.010000313348603915,0.18771023821929328,0.010000313348603915,0.5667446039351692,0.009654659327766367,0.06906452000544525,0.4200449179168763,0.07763516601284778,T020_060_020,4
229,8.271381679915047,375,125,False,projected_continuous_optimization_loss,229,500,4.094529020909465e-05,0.6206852587071194,0.00958635847953664,0.00958635847953664,0.00958635847953664,0.0023923748314323943,0.0023923748314323943,0.0023923748314323943,0.0023923748314323943,0.0023923748314323943,0.1438796729620849,0.1438796729620849,0.1438796729620849,0.6206852587071194,0.09924644497365784,0.1405626846532914,0.5823456790123457,0.00958635847953664,2748.6789716017665,2748.6789716017665,11.818363199941814,5507.778939962387,,fixed_iterations,,0.09548635356979507,0.09548635356979507,0.4144285141616879,0.4144285141616879,0.11077039097563647,0.11077039097563647,229,0.01936506137095176,0.01936506137095176,0.009941053893767765,0.1884801495436799,0.009941053893767765,0.5658569941324865,0.009778702891415119,0.06917188380462341,0.4191562369003304,0.07752887342753265,T020_060_020,4
230,8.3483861100614,375,125,False,projected_continuous_optimization_loss,230,500,4.082727047950691e-05,0.6237802011498645,0.009442560092777715,0.009442560092777715,0.009442560092777715,0.0023654932404358953,0.0023654932404358953,0.0023654932404358953,0.0023654932404358953,0.0023654932404358953,0.14154133704683639,0.14154133704683639,0.14154133704683639,0.6237802011498645,0.09926353230716735,0.1405944140853347,0.5823148148148148,0.009442560092777715,2760.5653697017115,2760.5653697017115,11.886398099944927,5531.562787055969,,fixed_iterations,,0.09619082581523455,0.09619082581523455,0.4162752242047138,0.4162752242047138,0.11131415112991619,0.11131415112991619,230,0.018982863649395734,0.018982863649395734,0.009759986776822377,0.18445753745146715,0.009759986776822377,0.570514799496575,0.009540303556618019,0.07027848293807071,0.4218812138769045,0.07835510268159977,T020_060_020,4
231,8.426107431592001,375,125,False,projected_continuous_optimization_loss,231,500,4.070888166873232e-05,0.6268680346337373,0.009299167440777217,0.009299167440777217,0.009299167440777217,0.002337794261872723,0.002337794261872723,0.002337794261872723,0.002337794261872723,0.002337794261872723,0.13922746357808988,0.13922746357808988,0.13922746357808988,0.6268680346337373,0.09928013539908995,0.14062427974143368,0.5823148148148148,0.009299167440777217,2772.453324301634,2772.453324301634,11.887954599922523,5555.409032583237,,fixed_iterations,,0.09689905394694336,0.09689905394694336,0.4181052000520355,0.4181052000520355,0.11186378063475848,0.11186378063475848,231,0.018221980484602718,0.018221980484602718,0.008758700905748677,0.18926559157708084,0.008758700905748677,0.5649533455167355,0.0089228130438255,0.07169481753114088,0.4136041096984212,0.07965441828717348,T020_060_020,4
232,8.504552318580744,375,125,False,projected_continuous_optimization_loss,232,500,4.059001514102482e-05,0.629950143797747,0.009155473135773322,0.009155473135773322,0.009155473135773322,0.0023086283320079173,0.0023086283320079173,0.0023086283320079173,0.0023086283320079173,0.0023086283320079173,0.1369368960753081,0.1369368960753081,0.1369368960753081,0.629950143797747,0.09929643310887813,0.1406525119130116,0.5825617283950617,0.009155473135773322,2784.3749873016495,2784.3749873016495,11.921663000015542,5579.299721240997,,fixed_iterations,,0.09761531445504029,0.09761531445504029,0.41991318228342156,0.41991318228342156,0.11242164705928519,0.11242164705928519,232,0.017436146432833213,0.017436146432833213,0.007922080503412967,0.19028131858840494,0.007922080503412967,0.563787530452871,0.008280673297059891,0.07397934581066629,0.4091331095060197,0.08067507513618495,T020_060_020,4
233,8.583727507235427,375,125,False,projected_continuous_optimization_loss,233,500,4.0470517135113334e-05,0.63302701939075,0.009012952408010248,0.009012952408010248,0.009012952408010248,0.0022794939831483996,0.0022794939831483996,0.0022794939831483996,0.0022794939831483996,0.0022794939831483996,0.13466916849723698,0.13466916849723698,0.13466916849723698,0.63302701939075,0.09931216729427246,0.14067817182922548,0.5824074074074074,0.009012952408010248,2796.294129501679,2796.294129501679,11.919142200029455,5603.154064416885,,fixed_iterations,,0.098331587394989,0.098331587394989,0.42171303136685123,0.42171303136685123,0.1129824006289097,0.1129824006289097,233,0.01700387927972157,0.01700387927972157,0.007167813259209693,0.19672132041023752,0.007167813259209693,0.556467227354914,0.00799092687171132,0.07403653390101506,0.4003446998540429,0.08208599359985608,T020_060_020,4
234,8.663639796476206,375,125,False,projected_continuous_optimization_loss,234,500,4.035059033772706e-05,0.6360983994408204,0.008869698232280109,0.008869698232280109,0.008869698232280109,0.002248479487803467,0.002248479487803467,0.002248479487803467,0.002248479487803467,0.002248479487803467,0.13242437488953282,0.13242437488953282,0.13242437488953282,0.6360983994408204,0.09932774547210232,0.1407044412397825,0.5825617283950617,0.008869698232280109,2808.1363578017335,2808.1363578017335,11.842228300054558,5626.997874736786,,fixed_iterations,,0.09905499701277812,0.09905499701277812,0.4234855082870669,0.4234855082870669,0.11355789414097534,0.11355789414097534,234,0.016960230235760432,0.016960230235760432,0.007116079623071877,0.19688301225377106,0.007116079623071877,0.5562849875722355,0.008090532003480323,0.07371822506735015,0.3999351946152205,0.08263156788966498,T020_060_020,4
235,8.744296048519423,375,125,False,projected_continuous_optimization_loss,235,500,4.0229914989261655e-05,0.6391678417723583,0.008727590696452712,0.008727590696452712,0.008727590696452712,0.002217598375891818,0.002217598375891818,0.002217598375891818,0.002217598375891818,0.002217598375891818,0.13019984641121785,0.13019984641121785,0.13019984641121785,0.6391678417723583,0.09934284282530532,0.14073085944006086,0.5825617283950617,0.008727590696452712,2820.0202740016393,2820.0202740016393,11.883916199905798,5650.834810733795,,fixed_iterations,,0.09978085471715639,0.09978085471715639,0.42525314229014,0.42525314229014,0.11413384476506193,0.11413384476506193,235,0.01741114241577405,0.01741114241577405,0.007659368702834288,0.19503547425879525,0.007659368702834288,0.5583717918216781,0.00868355171932134,0.071904464366332,0.4038550627178052,0.08261226473754095,T020_060_020,4
236,8.825703189466903,375,125,False,projected_continuous_optimization_loss,236,500,4.010872147830817e-05,0.6422350943918361,0.008584510741047324,0.008584510741047324,0.008584510741047324,0.002184724356806404,0.002184724356806404,0.002184724356806404,0.002184724356806404,0.002184724356806404,0.1279957276848184,0.1279957276848184,0.1279957276848184,0.6422350943918361,0.09935790858780202,0.14075747316292647,0.5825308641975309,0.008584510741047324,2831.954805601621,2831.954805601621,11.93453159998171,5674.74113535881,,fixed_iterations,,0.10051731304135872,0.10051731304135872,0.4269940866334767,0.4269940866334767,0.11472369471700075,0.11472369471700075,236,0.01773853016432919,0.01773853016432919,0.007985043010456537,0.19506974307745303,0.007985043010456537,0.5583329952583587,0.009154019423281867,0.07163296319752707,0.40533376783572933,0.08136626422510228,T020_060_020,4
237,8.907868209900675,375,125,False,projected_continuous_optimization_loss,237,500,3.998664716877554e-05,0.6453009766744056,0.00844267772260583,0.00844267772260583,0.00844267772260583,0.0021521078651993006,0.0021521078651993006,0.0021521078651993006,0.0021521078651993006,0.0021521078651993006,0.12581139714813058,0.12581139714813058,0.12581139714813058,0.6453009766744056,0.09937253651340519,0.140781706123055,0.5823765432098765,0.00844267772260583,2843.8663247015793,2843.8663247015793,11.911519099958241,5698.525638103485,,fixed_iterations,,0.1012533820193061,0.1012533820193061,0.42873061126422457,0.42873061126422457,0.1153169833908749,0.1153169833908749,237,0.017187503012611776,0.017187503012611776,0.007709160354471434,0.18956685316280686,0.007709160354471434,0.5646072426385496,0.008744825290005946,0.07278162249070676,0.4086127726252513,0.08321284752259149,T020_060_020,4
238,8.990798165483293,375,125,False,projected_continuous_optimization_loss,238,500,3.9864034776079846e-05,0.6483663108811702,0.008299519864814347,0.008299519864814347,0.008299519864814347,0.0021172072986484565,0.0021172072986484565,0.0021172072986484565,0.0021172072986484565,0.0021172072986484565,0.1236462513233178,0.1236462513233178,0.1236462513233178,0.6483663108811702,0.0993872716924533,0.14080522592605604,0.5823148148148148,0.008299519864814347,2855.6711732015247,2855.6711732015247,11.804848499945365,5722.31533241272,,fixed_iterations,,0.1020014866866219,0.1020014866866219,0.43043734315706045,0.43043734315706045,0.11592748103748789,0.11592748103748789,238,0.016999088609812002,0.016999088609812002,0.007566397264330338,0.18865382690963323,0.007566397264330338,0.5656570169674279,0.008699568744997655,0.07325979128246049,0.40871824186964223,0.08367898381532511,T020_060_020,4
239,9.074500177563701,375,125,False,projected_continuous_optimization_loss,239,500,3.9740422297574645e-05,0.6514337703819242,0.008158102912401885,0.008158102912401885,0.008158102912401885,0.0020831820908938322,0.0020831820908938322,0.0020831820908938322,0.0020831820908938322,0.0020831820908938322,0.12149841643016107,0.12149841643016107,0.12149841643016107,0.6514337703819242,0.09940154655729266,0.1408285681817318,0.5824691358024692,0.008158102912401885,2867.3973106015474,2867.3973106015474,11.726137400022708,5746.027507066727,,fixed_iterations,,0.10275050540852226,0.10275050540852226,0.43214862638787993,0.43214862638787993,0.11653463858552204,0.11653463858552204,239,0.017480153178175917,0.017480153178175917,0.008306056936136013,0.18348192484079803,0.008306056936136013,0.5716520983583577,0.009322050265774031,0.0722669691775463,0.41641053809725337,0.08297459108355812,T020_060_020,4
240,9.158981433788773,375,125,False,projected_continuous_optimization_loss,240,500,3.9616309488036674e-05,0.6545015059148201,0.00801385176313018,0.00801385176313018,0.00801385176313018,0.0020453912923738267,0.0020453912923738267,0.0020453912923738267,0.0020453912923738267,0.0020453912923738267,0.11936920941512706,0.11936920941512706,0.11936920941512706,0.6545015059148201,0.0994162963316405,0.1408539440201085,0.5823456790123457,0.00801385176313018,2879.2963408015203,2879.2963408015203,11.899030199972913,5769.805923700333,,fixed_iterations,,0.10351780572491845,0.10351780572491845,0.43381353752535623,0.43381353752535623,0.11717016266454547,0.11717016266454547,240,0.017099078858925393,0.017099078858925393,0.008037102327137087,0.18123953063576614,0.008037102327137087,0.5742776366741276,0.009085227095795213,0.07343141460886841,0.41713347462753614,0.08371274743772306,T020_060_020,4
241,9.24424918872052,375,125,False,projected_continuous_optimization_loss,241,500,3.949091796427929e-05,0.6575723419271723,0.007874331193642309,0.007874331193642309,0.007874331193642309,0.0020114961429802333,0.0020114961429802333,0.0020114961429802333,0.0020114961429802333,0.0020114961429802333,0.11725670101324148,0.11725670101324148,0.11725670101324148,0.6575723419271723,0.09943004575632401,0.14087605374412446,0.5822222222222222,0.007874331193642309,2891.2407484014984,2891.2407484014984,11.944407599978149,5793.645270347595,,fixed_iterations,,0.10427125949225471,0.10427125949225471,0.43551489541148436,0.43551489541148436,0.11778618702343319,0.11778618702343319,241,0.017321093911209173,0.017321093911209173,0.008344021179044418,0.17954145464329507,0.008344021179044418,0.5762766767768205,0.009446762717566864,0.07262304718834826,0.4199345405765844,0.08371908901188775,T020_060_020,4
242,9.330310764459051,375,125,False,projected_continuous_optimization_loss,242,500,3.93657345529217e-05,0.6606443571441968,0.00772584679442479,0.00772584679442479,0.00772584679442479,0.001967734177521016,0.001967734177521016,0.001967734177521016,0.001967734177521016,0.001967734177521016,0.11516225233807546,0.11516225233807546,0.11516225233807546,0.6606443571441968,0.09944557736465119,0.1409026903110332,0.5822222222222222,0.00772584679442479,2903.1353636014974,2903.1353636014974,11.894615199998952,5817.528746128082,,fixed_iterations,,0.10507297772830398,0.10507297772830398,0.43710303641278575,0.43710303641278575,0.11846834300310705,0.11846834300310705,242,0.01697431910859406,0.01697431910859406,0.008131462139774948,0.1768571393763822,0.008131462139774948,0.5794561385819761,0.00924847231416927,0.07404505138325884,0.42134255401165965,0.08406853318705752,T020_060_020,4
243,9.417173551271343,375,125,False,projected_continuous_optimization_loss,243,500,3.923862404287922e-05,0.6637233574944493,0.007594557988541144,0.007594557988541144,0.007594557988541144,0.0019404589738008474,0.0019404589738008474,0.0019404589738008474,0.0019404589738008474,0.0019404589738008474,0.11308198029480593,0.11308198029480593,0.11308198029480593,0.6637233574944493,0.09945764470404679,0.14092200099033858,0.5822222222222222,0.007594557988541144,2914.8589684015606,2914.8589684015606,11.723604800063185,5841.157118797302,,fixed_iterations,,0.1058065576766644,0.1058065576766644,0.43886914046029346,0.43886914046029346,0.11904765935749151,0.11904765935749151,243,0.01737488502204205,0.01737488502204205,0.008666845061819728,0.1741607992044464,0.008666845061819728,0.5826742289236784,0.009780327033500905,0.07313964521364151,0.42608674877713354,0.08344783493290336,T020_060_020,4
244,9.504845008225848,375,125,False,projected_continuous_optimization_loss,244,500,3.911689619758123e-05,0.6667980542431023,0.0074272208854592675,0.0074272208854592675,0.0074272208854592675,0.0018760440526501391,0.0018760440526501391,0.0018760440526501391,0.0018760440526501391,0.0018760440526501391,0.11102353665618257,0.11102353665618257,0.11102353665618257,0.6667980542431023,0.09947708251527064,0.14095833352737858,0.582283950617284,0.0074272208854592675,2926.6979129015235,2926.6979129015235,11.838944499962963,5864.954293966293,,fixed_iterations,,0.10670976737300021,0.10670976737300021,0.44020913515215937,0.44020913515215937,0.11987915171794271,0.11987915171794271,244,0.017323527232630045,0.017323527232630045,0.00861254390302849,0.17421966659203106,0.00861254390302849,0.5826037055842122,0.009896306347170779,0.07352320130267558,0.4258186830474958,0.0832618212340408,T020_060_020,4
245,9.593332663833026,375,125,False,projected_continuous_optimization_loss,245,500,3.900135053270014e-05,0.6698912048064627,0.007338604829662879,0.007338604829662879,0.007338604829662879,0.0018900139964564448,0.0018900139964564448,0.0018900139964564448,0.0018900139964564448,0.0018900139964564448,0.10897181666412868,0.10897181666412868,0.10897181666412868,0.6698912048064627,0.09948048030995293,0.14096029668123025,0.5821913580246914,0.007338604829662879,2938.6090761014493,2938.6090761014493,11.911163199925795,5888.85288143158,,fixed_iterations,,0.10726338544362338,0.10726338544362338,0.44243925037678083,0.44243925037678083,0.12018856898605854,0.12018856898605854,245,0.017410218128892093,0.017410218128892093,0.00885045566719944,0.17119524923385307,0.00885045566719944,0.5862425236520152,0.010071613299229214,0.0733403617528694,0.4295265243166483,0.08337563758249768,T020_060_020,4
246,9.68264411669182,375,125,False,projected_continuous_optimization_loss,246,500,3.897983797060202e-05,0.6729604954507764,0.007069783131242743,0.007069783131242743,0.007069783131242743,0.0017220412544526646,0.0017220412544526646,0.0017220412544526646,0.0017220412544526646,0.0017220412544526646,0.10695483753580157,0.10695483753580157,0.10695483753580157,0.6729604954507764,0.09952127293703841,0.141043975447215,0.5826543209876544,0.007069783131242743,2950.424919801415,2950.424919801415,11.815843699965626,5912.640956878662,,fixed_iterations,,0.10866834126979577,0.10866834126979577,0.4425407995926714,0.4425407995926714,0.12175135458830928,0.12175135458830928,246,0.016877106457988657,0.016877106457988657,0.008305222506899707,0.17143767902177903,0.008305222506899707,0.5859496660769624,0.009807323326745915,0.07495713695661521,0.42690361747782024,0.08408891164252691,T020_060_020,4
247,9.772787036142184,375,125,False,projected_continuous_optimization_loss,247,500,3.938747861367097e-05,0.6761074106459417,0.007238844391778224,0.007238844391778224,0.007238844391778224,0.001993523919854392,0.001993523919854392,0.001993523919854392,0.001993523919854392,0.001993523919854392,0.10490640943847664,0.10490640943847664,0.10490640943847664,0.6761074106459417,0.09947163927460895,0.1409305273191878,0.5824382716049382,0.007238844391778224,2962.3147239014506,2962.3147239014506,11.88980410003569,5936.436548233032,,fixed_iterations,,0.10803589152962592,0.10803589152962592,0.4477639235257678,0.4477639235257678,0.12030759559054792,0.12030759559054792,247,0.017236249393748085,0.017236249393748085,0.008868861924820524,0.16734774937855115,0.008868861924820524,0.5909184074312911,0.009997405001969861,0.07445856711141513,0.43308273177475165,0.08337710854512435,T020_060_020,4
248,9.863769162923635,375,125,False,projected_continuous_optimization_loss,248,500,4.292532259102039e-05,0.6791565289973832,0.006358612117870529,0.006358612117870529,0.006358612117870529,0.001211585473620176,0.001211585473620176,0.001211585473620176,0.001211585473620176,0.001211585473620176,0.10294053288500707,0.10294053288500707,0.10294053288500707,0.6791565289973832,0.09964795193424009,0.14131558743919587,0.582716049382716,0.006358612117870529,2974.2384612014284,2974.2384612014284,11.923737299977802,5960.194392204285,,fixed_iterations,,0.11264233902604795,0.11264233902604795,0.43994448120665863,0.43994448120665863,0.12656970876467652,0.12656970876467652,248,0.014562041334280289,0.014562041334280289,0.005572207499287382,0.17979667669985813,0.005572207499287382,0.5759756178002754,0.00820342921640976,0.08018979047228432,0.40614407395276525,0.08964175337522585,T020_060_020,4
249,9.955598309839981,375,125,False,projected_continuous_optimization_loss,249,500,6.675362778717622e-05,0.6832523947718706,0.008413740113561028,0.008413740113561028,0.008413740113561028,0.0033972878426732785,0.0033972878426732785,0.0033972878426732785,0.0033972878426732785,0.0033972878426732785,0.10032904541775498,0.10032904541775498,0.10032904541775498,0.6832523947718706,0.09922011585173374,0.14037055802509182,0.5826851851851852,0.008413740113561028,2986.1397801014828,2986.1397801014828,11.90131890005432,5984.016983985901,,fixed_iterations,,0.10390439879422435,0.10390439879422435,0.46600726973469586,0.46600726973469586,0.11334072624295027,0.11334072624295027,249,0.022040516712083694,0.022040516712083694,0.015093613491832929,0.1389380644050153,0.015093613491832929,0.6272560337107852,0.013626776598522666,0.06642677012304585,0.4852066429091305,0.07562262067860877,T020_060_020,4
250,10.048282362430227,375,125,False,projected_continuous_optimization_loss,250,500,0.0002301023555970545,0.6873782450215082,0.005031969476365012,0.005031969476365012,0.005031969476365012,0.00014535139207340523,0.00014535139207340523,0.00014535139207340523,0.00014535139207340523,0.00014535139207340523,0.09773236168583214,0.09773236168583214,0.09773236168583214,0.6873782450215082,0.10022540149628142,0.14264338894086667,0.581358024691358,0.005031969476365012,2998.0623372015543,2998.0623372015543,11.922557100071572,6007.9582352638245,,fixed_iterations,,0.12976840343818075,0.12976840343818075,0.4086343849405395,0.4086343849405395,0.14897545664278802,0.14897545664278802,250,0.012343841199542982,0.012343841199542982,0.00019207883487387138,0.24303524729338222,0.00019207883487387138,0.5070139481756282,0.00731187172317797,0.09270930038370409,0.31272428816891196,0.1015803596230121,T020_060_020,4
251,10.141829279645698,375,125,False,projected_continuous_optimization_loss,251,500,0.0009727485978733196,0.7042670696430491,0.013314858782989988,0.013314858782989988,0.013314858782989988,0.008941960478114528,0.008941960478114528,0.008941960478114528,0.008941960478114528,0.008941960478114528,0.08745796609750918,0.08745796609750918,0.08745796609750918,0.7042670696430491,0.09794858446957604,0.13759979941278783,0.5819135802469135,0.013314858782989988,3009.8466568015283,3009.8466568015283,11.78431959997397,6031.704569578171,,fixed_iterations,,0.0913230689335027,0.0913230689335027,0.5166995549933864,0.5166995549933864,0.09624444571616003,0.09624444571616003,251,0.03811382262003546,0.03811382262003546,0.034507050512677405,0.07213544214716111,0.034507050512677405,0.7314195797397713,0.02479896383704547,0.046847910836899875,0.630959897768569,0.0536117711343024,T020_060_020,4
252,10.236247094533518,375,125,False,projected_continuous_optimization_loss,252,500,0.0022603899113016485,0.7064117290802356,0.004398159523915927,0.004398159523915927,0.004398159523915927,8.845588283307866e-05,8.845588283307866e-05,8.845588283307866e-05,8.845588283307866e-05,8.845588283307866e-05,0.08619407282165696,0.08619407282165696,0.08619407282165696,0.7064117290802356,0.0995307874626511,0.1412806583717326,0.5801234567901234,0.004398159523915927,3021.771292801597,3021.771292801597,11.924636000068858,6055.5560166835785,,fixed_iterations,,0.13799976428270727,0.13799976428270727,0.4178640218047936,0.4178640218047936,0.1505479429927348,0.1505479429927348,252,0.010967165379025538,0.010967165379025538,0.001462289258503885,0.19009752241043304,0.001462289258503885,0.5639982541199714,0.006569005855109611,0.09153615416063321,0.36796786026782535,0.10449423969151284,T020_060_020,4
253,10.331543914926398,375,125,False,projected_continuous_optimization_loss,253,500,0.00023148132861154898,0.7215682193146723,0.00595507868381394,0.00595507868381394,0.00595507868381394,0.0020788658590338194,0.0020788658590338194,0.0020788658590338194,0.0020788658590338194,0.0020788658590338194,0.07752425649560242,0.07752425649560242,0.07752425649560242,0.7215682193146723,0.09971250373241297,0.1418762441950994,0.5775617283950617,0.00595507868381394,3033.5983727015555,3033.5983727015555,11.827079899958335,6079.252114772797,,fixed_iterations,,0.15462258382087254,0.15462258382087254,0.3884943513006572,0.3884943513006572,0.17845128419314257,0.17845128419314257,253,0.011859265665301736,0.011859265665301736,0.0003067012430662438,0.23105128844470985,0.0003067012430662438,0.5193220532989787,0.005904186981487796,0.10254012065538944,0.3011757307170328,0.11560620192655649,T020_060_020,4
254,10.427727924138882,375,125,False,projected_continuous_optimization_loss,254,500,0.0010263211185731007,0.7469466491012368,0.005189464749032461,0.005189464749032461,0.005189464749032461,0.0019876648289778275,0.0019876648289778275,0.0019876648289778275,0.0019876648289778275,0.0019876648289778275,0.06403599840109266,0.06403599840109266,0.06403599840109266,0.7469466491012368,0.09746786405990844,0.13691265350527876,0.5785493827160494,0.005189464749032461,3045.4878546015825,3045.4878546015825,11.889481900027022,6103.100890159607,,fixed_iterations,,0.1210334305334319,0.1210334305334319,0.4949100588008804,0.4949100588008804,0.1310031597669244,0.1310031597669244,254,0.026610897698954285,0.026610897698954285,0.021691777000370602,0.09838241397167366,0.021691777000370602,0.6863402895307181,0.021421432949921826,0.06189360443429926,0.5546879256819928,0.06975875941442619,T020_060_020,4
255,10.524807381670067,375,125,False,projected_continuous_optimization_loss,255,500,0.0009281168495576231,0.7499094465900424,0.003396888062000618,0.003396888062000618,0.003396888062000618,0.00026962381675567636,0.00026962381675567636,0.00026962381675567636,0.00026962381675567636,0.00026962381675567636,0.06254528490489883,0.06254528490489883,0.06254528490489883,0.7499094465900424,0.09741060695327136,0.13700073496460477,0.5766975308641975,0.003396888062000618,3057.289567701635,3057.289567701635,11.801713100052439,6126.896209955215,,fixed_iterations,,0.13806186793611014,0.13806186793611014,0.46689999453326964,0.46689999453326964,0.14494758412066266,0.14494758412066266,255,0.01943515810140757,0.01943515810140757,0.013466388607542809,0.11937538987729523,0.013466388607542809,0.6544925617627092,0.016038270039406954,0.07371975449822761,0.5000290963675823,0.08074371089689932,T020_060_020,4
256,10.622790623912847,375,125,False,projected_continuous_optimization_loss,256,500,0.00048388186000829616,0.7388365504328256,0.010895538820422266,0.010895538820422266,0.010895538820422266,0.007485221450930964,0.007485221450930964,0.007485221450930964,0.007485221450930964,0.007485221450930964,0.06820634738982605,0.06820634738982605,0.06820634738982605,0.7388365504328256,0.09856112334234639,0.139862811031169,0.5729938271604939,0.010895538820422266,3069.191376401577,3069.191376401577,11.901808699942194,6150.72088432312,,fixed_iterations,,0.18495002832688048,0.18495002832688048,0.35335143064770586,0.35335143064770586,0.20053509145823922,0.20053509145823922,256,0.012977496577053011,0.012977496577053011,0.003087956041768756,0.19779081070568508,0.003087956041768756,0.5552632118818086,0.0020819577566307448,0.12817811921969388,0.28983682809309264,0.13724826456902212,T020_060_020,4
257,10.721686064869795,375,125,False,projected_continuous_optimization_loss,257,500,0.0008291935946491428,0.7492572234485124,0.007107906754127981,0.007107906754127981,0.007107906754127981,0.00396430975449052,0.00396430975449052,0.00396430975449052,0.00396430975449052,0.00396430975449052,0.06287193999274923,0.06287193999274923,0.06287193999274923,0.7492572234485124,0.09788964210041919,0.13846133999084098,0.5730555555555555,0.007107906754127981,3081.084939601482,3081.084939601482,11.893563199904747,6174.486633777618,,fixed_iterations,,0.17281596672265823,0.17281596672265823,0.38382506999984317,0.38382506999984317,0.19261618672601105,0.19261618672601105,257,0.008961124264097462,0.008961124264097462,0.00015297745431503863,0.17616293619564843,0.00015297745431503863,0.5802823136968749,0.0018532175099694806,0.11722179714867928,0.3388546488083301,0.1242058677398656,T020_060_020,4
258,10.821502196875674,375,125,False,projected_continuous_optimization_loss,258,500,0.0002280987722813016,0.772156212580968,0.0027416385713704746,0.0027416385713704746,0.0027416385713704746,0.0001459989980980221,0.0001459989980980221,0.0001459989980980221,0.0001459989980980221,0.0001459989980980221,0.05191279146544904,0.05191279146544904,0.05191279146544904,0.772156212580968,0.09651595802353717,0.135422467428781,0.5754320987654321,0.0027416385713704746,3093.019623901462,3093.019623901462,11.93468429998029,6198.573551654816,,fixed_iterations,,0.14472927371569463,0.14472927371569463,0.47588914720606795,0.47588914720606795,0.1515377916592054,0.1515377916592054,258,0.016386518514831274,0.016386518514831274,0.010622547054815676,0.11527942920031195,0.010622547054815676,0.660471754930003,0.0136448799434608,0.08100128978545461,0.49248948992507374,0.08698097521947462,T020_060_020,4
259,10.922247591326686,375,125,False,projected_continuous_optimization_loss,259,500,0.0006526721547200588,0.7670551388450605,0.002868999951708808,0.002868999951708808,0.002868999951708808,0.00015583453478410492,0.00015583453478410492,0.00015583453478410492,0.00015583453478410492,0.00015583453478410492,0.05426330833849405,0.05426330833849405,0.05426330833849405,0.7670551388450605,0.09657282618705317,0.13570868703543332,0.5739197530864197,0.002868999951708808,3105.268571601482,3105.268571601482,12.248947700019926,6223.130239725113,,fixed_iterations,,0.15973081595607488,0.15973081595607488,0.4467011790884144,0.4467011790884144,0.1606231438005712,0.1606231438005712,259,0.011142259819248228,0.011142259819248228,0.0044551209529628075,0.1337427773257084,0.0044551209529628075,0.6342914038121219,0.00827325986753942,0.09414905147834267,0.4403597856743137,0.09978256665946558,T020_060_020,4
260,11.023930899416529,375,125,False,projected_continuous_optimization_loss,260,500,0.0002789499004381761,0.7485134705102582,0.011252462453653092,0.011252462453653092,0.011252462453653092,0.008090188727913353,0.008090188727913353,0.008090188727913353,0.008090188727913353,0.008090188727913353,0.06324547451479479,0.06324547451479479,0.06324547451479479,0.7485134705102582,0.09728542620698738,0.13759294090962043,0.5704320987654321,0.011252462453653092,3117.5177624014905,3117.5177624014905,12.249190800008364,6247.716750860214,,fixed_iterations,,0.19252333866314475,0.19252333866314475,0.354050908968714,0.354050908968714,0.20193922287839947,0.20193922287839947,260,0.013271547012561467,0.013271547012561467,0.003815999852120473,0.18911094320881985,0.003815999852120473,0.5651311195212747,0.0020190845589083753,0.13816210188489966,0.2897108311878319,0.13725818644854315,T020_060_020,4
261,11.126560852879281,375,125,False,projected_continuous_optimization_loss,261,500,0.00046328475168922676,0.7555707166028451,0.008872397177329364,0.008872397177329364,0.008872397177329364,0.00588511344822703,0.00588511344822703,0.00588511344822703,0.00588511344822703,0.00588511344822703,0.059745674582046646,0.059745674582046646,0.059745674582046646,0.7555707166028451,0.09698467052964858,0.1370325011044306,0.5697839506172839,0.008872397177329364,3129.894777301466,3129.894777301466,12.37701489997562,6272.498426914215,,fixed_iterations,,0.18278074145505668,0.18278074145505668,0.37202995088192775,0.37202995088192775,0.20076002426586076,0.20076002426586076,261,0.010715426843754247,0.010715426843754247,0.0017195406374861256,0.17991772412536244,0.0017195406374861256,0.575832905418911,0.0018430296664248835,0.12976314319151028,0.31182984249747786,0.13423991972992289,T020_060_020,4
262,11.230146264739213,375,125,False,projected_continuous_optimization_loss,262,500,0.00026130020916683854,0.7803525778800714,0.0025076681555252756,0.0025076681555252756,0.0025076681555252756,9.541865332876762e-05,9.541865332876762e-05,9.541865332876762e-05,9.541865332876762e-05,9.541865332876762e-05,0.04824499004393015,0.04824499004393015,0.04824499004393015,0.7803525778800714,0.0961181196251159,0.13510545775532126,0.5705246913580246,0.0025076681555252756,3142.6115012015216,3142.6115012015216,12.716723900055513,6298.002138853073,,fixed_iterations,,0.15991347067645278,0.15991347067645278,0.4575675938208249,0.4575675938208249,0.16287151338279363,0.16287151338279363,262,0.008474632555734152,0.008474632555734152,0.002245172203648579,0.12458920704171147,0.002245172203648579,0.6470280364650592,0.005966964400208876,0.10709868866214163,0.43156806302165013,0.10836128478126755,T020_060_020,4
263,11.334696030067576,375,125,False,projected_continuous_optimization_loss,263,500,0.0003230826017329675,0.7831308161573488,0.002497314342128472,0.002497314342128472,0.002497314342128472,0.0001457021970995873,0.0001457021970995873,0.0001457021970995873,0.0001457021970995873,0.0001457021970995873,0.04703224290057769,0.04703224290057769,0.04703224290057769,0.7831308161573488,0.09603500344301742,0.13503641748517473,0.5699691358024691,0.002497314342128472,3154.3519405015977,3154.3519405015977,11.740439300076105,6322.692592382431,,fixed_iterations,,0.1657695441750516,0.1657695441750516,0.45686071514090193,0.45686071514090193,0.16050055684139522,0.16050055684139522,263,0.00782287406939118,0.00782287406939118,0.0014402704040017095,0.1276520733077894,0.0014402704040017095,0.6427156968074451,0.005325559727262709,0.11369569784705237,0.4200177999383839,0.10900219902200896,T020_060_020,4
264,11.440219126746443,375,125,False,projected_continuous_optimization_loss,264,500,0.0003040848558013564,0.7675136562284589,0.007308650410310781,0.007308650410310781,0.007308650410310781,0.004606155408297824,0.004606155408297824,0.004606155408297824,0.004606155408297824,0.004606155408297824,0.054049900040259134,0.054049900040259134,0.054049900040259134,0.7675136562284589,0.09653702812514689,0.13636113296490013,0.5673148148148148,0.007308650410310781,3166.254909701529,3166.254909701529,11.902969199931249,6346.586046218872,,fixed_iterations,,0.18792427568356285,0.18792427568356285,0.38689316865332274,0.38689316865332274,0.19269621189157338,0.19269621189157338,264,0.011222738625671448,0.011222738625671448,0.002177292488615183,0.18090892274112533,0.002177292488615183,0.5746661044060498,0.003914088215360667,0.1344305417239002,0.30688296780913465,0.13335259487301496,T020_060_020,4
265,11.546724616239654,375,125,False,projected_continuous_optimization_loss,265,500,0.00017345577194173502,0.7694583458967156,0.008330196373006917,0.008330196373006917,0.008330196373006917,0.0056727236591729915,0.0056727236591729915,0.0056727236591729915,0.0056727236591729915,0.0056727236591729915,0.05314945427667849,0.05314945427667849,0.05314945427667849,0.7694583458967156,0.09652295420582672,0.13646105240812248,0.566141975308642,0.008330196373006917,3178.183164601447,3178.183164601447,11.928254899918102,6370.497655391693,,fixed_iterations,,0.1852739164659196,0.1852739164659196,0.380414780131424,0.380414780131424,0.2037696492993719,0.2037696492993719,265,0.013104694885782659,0.013104694885782659,0.004026997402680544,0.18155394966204227,0.004026997402680544,0.5739085196087086,0.004774498512775742,0.13381994804532843,0.2933805663058063,0.14670800525757385,T020_060_020,4
266,11.654221644370931,375,125,False,projected_continuous_optimization_loss,266,500,0.0003180387347068034,0.7928206735987633,0.0027977951857341985,0.0027977951857341985,0.0027977951857341985,0.0006516315213306897,0.0006516315213306897,0.0006516315213306897,0.0006516315213306897,0.0006516315213306897,0.04292327328807018,0.04292327328807018,0.04292327328807018,0.7928206735987633,0.09598880490674455,0.13525832688021572,0.5670987654320988,0.0027977951857341985,3190.0833959014853,3190.0833959014853,11.900231300038286,6394.3952033519745,,fixed_iterations,,0.1730874618631754,0.1730874618631754,0.44707205368136116,0.44707205368136116,0.17266115805422677,0.17266115805422677,266,0.007162356643279563,0.007162356643279563,7.438834949524997e-05,0.14175936587568624,7.438834949524997e-05,0.6234905500844815,0.004364561457545365,0.1258932252678573,0.38000103388457535,0.11759629093204887,T020_060_020,4
267,11.762719442109278,375,125,False,projected_continuous_optimization_loss,267,500,0.0001038810156247026,0.803352804719642,0.002085146776350075,0.002085146776350075,0.002085146776350075,0.00015164080576851165,0.00015164080576851165,0.00015164080576851165,0.00015164080576851165,0.00015164080576851165,0.03867011941163126,0.03867011941163126,0.03867011941163126,0.803352804719642,0.09578249288599411,0.13487066670150114,0.5667592592592593,0.002085146776350075,3202.0156435014214,3202.0156435014214,11.93224759993609,6418.289813041687,,fixed_iterations,,0.17278961338043333,0.17278961338043333,0.4698986973259812,0.4698986973259812,0.1606644940132275,0.1606644940132275,267,0.006832230600041108,0.006832230600041108,0.00030908934352570384,0.13046282513030807,0.00030908934352570384,0.6388036197159389,0.004747083823691033,0.12650329678890665,0.3976225344786468,0.11467778844838548,T020_060_020,4
268,11.872227326361616,375,125,False,projected_continuous_optimization_loss,268,500,0.0003047192036415223,0.7918659835764118,0.004303192597485624,0.004303192597485624,0.004303192597485624,0.0021372041578549,0.0021372041578549,0.0021372041578549,0.0021372041578549,0.0021372041578549,0.04331976879261448,0.04331976879261448,0.04331976879261448,0.7918659835764118,0.09609675701444638,0.13570060308406712,0.5649074074074074,0.004303192597485624,3213.9189178013476,3213.9189178013476,11.903274299926125,6442.147193908691,,fixed_iterations,,0.18543133061551773,0.18543133061551773,0.4233661931395837,0.4233661931395837,0.1830684598213104,0.1830684598213104,268,0.009106640817475102,0.009106640817475102,0.0008828853335927558,0.16447510967764692,0.0008828853335927558,0.5944446897430057,0.004803448219989478,0.13286699928952328,0.3317492908183061,0.1298283996351763,T020_060_020,4
269,11.98275470077288,375,125,False,projected_continuous_optimization_loss,269,500,4.562650411018665e-05,0.7862237512110355,0.006873943809566759,0.006873943809566759,0.006873943809566759,0.004588929582252696,0.004588929582252696,0.004588929582252696,0.004588929582252696,0.004588929582252696,0.04570028454628125,0.04570028454628125,0.04570028454628125,0.7862237512110355,0.09624203246154096,0.1361391958571669,0.5633024691358025,0.006873943809566759,3225.799935701303,3225.799935701303,11.881017899955623,6465.912589550018,,fixed_iterations,,0.18719058012048229,0.18719058012048229,0.3969082619032494,0.3969082619032494,0.20212490918730389,0.20212490918730389,269,0.014374336356062372,0.014374336356062372,0.005088718097817355,0.18571236516490036,0.005088718097817355,0.5690564246158202,0.007500392546495613,0.13141770676088124,0.2853094723088764,0.15232924554606242,T020_060_020,4
270,12.09431105653351,375,125,False,projected_continuous_optimization_loss,270,500,0.00028854475840000855,0.802131400466193,0.0034901966558061742,0.0034901966558061742,0.0034901966558061742,0.0015325975217326683,0.0015325975217326683,0.0015325975217326683,0.0015325975217326683,0.0015325975217326683,0.039151982681470125,0.039151982681470125,0.039151982681470125,0.802131400466193,0.09594870888913026,0.1354907941138154,0.5642592592592592,0.0034901966558061742,3237.6844270012807,3237.6844270012807,11.884491299977526,6489.700120925903,,fixed_iterations,,0.1844207535162941,0.1844207535162941,0.4369189277198007,0.4369189277198007,0.1807917192300982,0.1807917192300982,270,0.008623596235339247,0.008623596235339247,0.0008432098757059054,0.15560772719266683,0.0008432098757059054,0.6055285470497682,0.005133399579533073,0.13584265261444112,0.3386027644247434,0.1310831300105838,T020_060_020,4
271,12.206905973194479,375,125,False,projected_continuous_optimization_loss,271,500,3.4840328142798244e-05,0.8162991354161898,0.002038436835603304,0.002038436835603304,0.002038436835603304,0.0003511364531613378,0.0003511364531613378,0.0003511364531613378,0.0003511364531613378,0.0003511364531613378,0.033746007648839324,0.033746007648839324,0.033746007648839324,0.8162991354161898,0.09567774710638717,0.134907770576951,0.5644135802469136,0.002038436835603304,3249.559589701239,3249.559589701239,11.87516269995831,6513.575660228729,,fixed_iterations,,0.18244456874340043,0.18244456874340043,0.47153113471705876,0.47153113471705876,0.16232343195573068,0.16232343195573068,271,0.006507800547823095,0.006507800547823095,6.743399668169242e-05,0.12880733102282804,6.743399668169242e-05,0.6411026176985571,0.0044693637122197915,0.1319746901822323,0.3883526112796911,0.12077531623663378,T020_060_020,4
272,12.320549119489911,375,125,False,projected_continuous_optimization_loss,272,500,0.00022718624422856518,0.8105543720170247,0.002901922867599116,0.002901922867599116,0.002901922867599116,0.0011074405695059234,0.0011074405695059234,0.0011074405695059234,0.0011074405695059234,0.0011074405695059234,0.03588964596186386,0.03588964596186386,0.03588964596186386,0.8105543720170247,0.0958099521765287,0.1352786311933054,0.5640123456790124,0.002901922867599116,3261.453297501197,3261.453297501197,11.893707799958065,6537.406197309494,,fixed_iterations,,0.1879025255539192,0.1879025255539192,0.4490960282354963,0.4490960282354963,0.1735558182276092,0.1735558182276092,272,0.007627672497210686,0.007627672497210686,0.00038175855429840015,0.1449182788582457,0.00038175855429840015,0.6193186649463284,0.00472574962961157,0.1341303342645153,0.35460099630140113,0.13058733438041203,T020_060_020,4
273,12.435250254167356,375,125,False,projected_continuous_optimization_loss,273,500,5.43569782343474e-05,0.8003762147415855,0.005285538139887474,0.005285538139887474,0.005285538139887474,0.0032930553578425967,0.0032930553578425967,0.0032930553578425967,0.0032930553578425967,0.0032930553578425967,0.03984965564089755,0.03984965564089755,0.03984965564089755,0.8003762147415855,0.09600804594420542,0.13580531120624523,0.5617901234567901,0.005285538139887474,3273.3627571011893,3273.3627571011893,11.90945959999226,6561.237813472748,,fixed_iterations,,0.19071239589513625,0.19071239589513625,0.4153054302496106,0.4153054302496106,0.19435838859683877,0.19435838859683877,273,0.012023583639646805,0.012023583639646805,0.0034574214912930362,0.17132324296707538,0.0034574214912930362,0.5860878801399079,0.006738045499759331,0.13447744496901376,0.3035512349010349,0.1480592002698591,T020_060_020,4
274,12.551019226825776,375,125,False,projected_continuous_optimization_loss,274,500,0.00017198212361431808,0.8069043415181819,0.004139684169514557,0.004139684169514557,0.004139684169514557,0.002275387503288213,0.002275387503288213,0.002275387503288213,0.002275387503288213,0.002275387503288213,0.037285933324526885,0.037285933324526885,0.037285933324526885,0.8069043415181819,0.09589128451367605,0.1355737039530738,0.5618518518518518,0.004139684169514557,3285.263960501179,3285.263960501179,11.901203399989754,6585.123690605164,,fixed_iterations,,0.19132103125835115,0.19132103125835115,0.42980338816293245,0.42980338816293245,0.18577992209689836,0.18577992209689836,274,0.010475061642076304,0.010475061642076304,0.0023562994572206733,0.1623752436971126,0.0023562994572206733,0.5970418834455464,0.006335377472561747,0.13685319702407878,0.3173834897977069,0.14280519662376068,T020_060_020,4
275,12.66786597876137,375,125,False,projected_continuous_optimization_loss,275,500,6.815526722094534e-05,0.820446454461398,0.002374006996420722,0.002374006996420722,0.002374006996420722,0.0007620332106465783,0.0007620332106465783,0.0007620332106465783,0.0007620332106465783,0.0007620332106465783,0.03223947571548287,0.03223947571548287,0.03223947571548287,0.820446454461398,0.0956359612462963,0.13502526576910062,0.5623148148148148,0.002374006996420722,3297.1691082011675,3297.1691082011675,11.905147699988447,6609.046967506409,,fixed_iterations,,0.19118937368814348,0.19118937368814348,0.46393226457628506,0.46393226457628506,0.16532481619696932,0.16532481619696932,275,0.006798264147329149,0.006798264147329149,0.00024687736257586766,0.13102773569506562,0.00024687736257586766,0.6380224652066574,0.004424257150908427,0.13888347348924915,0.3697353069391499,0.1294036847782583,T020_060_020,4
276,12.785800543821232,375,125,False,projected_continuous_optimization_loss,276,500,0.00011786548403050895,0.8206315528584902,0.0025377406517676743,0.0025377406517676743,0.0025377406517676743,0.0009290886602698446,0.0009290886602698446,0.0009290886602698446,0.0009290886602698446,0.0009290886602698446,0.03217303982995659,0.03217303982995659,0.03217303982995659,0.8206315528584902,0.09563456813498336,0.13506797827563805,0.561820987654321,0.0025377406517676743,3309.1200521010906,3309.1200521010906,11.950943899923004,6632.885759353638,,fixed_iterations,,0.1937982386585769,0.1937982386585769,0.460863479008622,0.460863479008622,0.1659698351912913,0.1659698351912913,276,0.007078418339846956,0.007078418339846956,0.00041086635307692357,0.13335103973540063,0.00041086635307692357,0.6348273836452129,0.004540677688079281,0.13924792617291012,0.3631264322693624,0.13245302520294028,T020_060_020,4
277,12.904833049264985,375,125,False,projected_continuous_optimization_loss,277,500,9.691132314157736e-05,0.8111794591487947,0.0041046382860962845,0.0041046382860962845,0.0041046382860962845,0.0023219784537291993,0.0023219784537291993,0.0023219784537291993,0.0023219784537291993,0.0023219784537291993,0.03565319664734171,0.03565319664734171,0.03565319664734171,0.8111794591487947,0.0958089564025519,0.13551703505068177,0.5599691358024691,0.0041046382860962845,3321.0063835011097,3321.0063835011097,11.886331400019117,6656.714357614517,,fixed_iterations,,0.19556639781497603,0.19556639781497603,0.43185023798395505,0.43185023798395505,0.1837628233498636,0.1837628233498636,277,0.009930689151690392,0.009930689151690392,0.0022076719692577726,0.15446034364865238,0.0022076719692577726,0.606985568142018,0.005826050865594108,0.13695037234127388,0.32418683719916397,0.14584835860158016,T020_060_020,4
278,13.02497371663444,375,125,False,projected_continuous_optimization_loss,278,500,7.023281426466182e-05,0.8111105596169806,0.0042960214650636305,0.0042960214650636305,0.0042960214650636305,0.0025120604306531173,0.0025120604306531173,0.0025120604306531173,0.0025120604306531173,0.0025120604306531173,0.035679220688210264,0.035679220688210264,0.035679220688210264,0.8111105596169806,0.09580934431164499,0.1355579160370885,0.5591358024691359,0.0042960214650636305,3332.8647834011354,3332.8647834011354,11.858399900025688,6680.516170978546,,fixed_iterations,,0.19489909944772293,0.19489909944772293,0.4293621370637424,0.4293621370637424,0.1868493231055153,0.1868493231055153,278,0.010680858422671047,0.010680858422671047,0.0028620400262726366,0.1563763679279682,0.0028620400262726366,0.6045554805943465,0.006384836957607417,0.13695777677810886,0.3176163221945964,0.14998138162164132,T020_060_020,4
279,13.146232862631312,375,125,False,projected_continuous_optimization_loss,279,500,0.00010613828677989007,0.8216150460884379,0.002852496255749893,0.002852496255749893,0.002852496255749893,0.0012614366666483868,0.0012614366666483868,0.0012614366666483868,0.0012614366666483868,0.0012614366666483868,0.03182119178203012,0.03182119178203012,0.03182119178203012,0.8216150460884379,0.09562879393696279,0.13517304559193224,0.5598765432098766,0.002852496255749893,3344.7589367011096,3344.7589367011096,11.894153299974278,6704.377279996872,,fixed_iterations,,0.19740912142450695,0.19740912142450695,0.45506517693786436,0.45506517693786436,0.16914074772606663,0.16914074772606663,279,0.008168881857617287,0.008168881857617287,0.0006788352278432587,0.14980093259548058,0.0006788352278432587,0.6129587456155603,0.005316385601867394,0.13795561449743055,0.3457566454969315,0.12924648562119823,T020_060_020,4
280,13.26862090000315,375,125,False,projected_continuous_optimization_loss,280,500,4.9792788484161426e-05,0.8261913545233102,0.0026085362387078754,0.0026085362387078754,0.0026085362387078754,0.0010980639765857906,0.0010980639765857906,0.0010980639765857906,0.0010980639765857906,0.0010980639765857906,0.030209445242441693,0.030209445242441693,0.030209445242441693,0.8261913545233102,0.09556048120851739,0.13504746393144554,0.5594444444444444,0.0026085362387078754,3356.663812001003,3356.663812001003,11.90487529989332,6728.257867097855,,fixed_iterations,,0.2001606795920276,0.2001606795920276,0.46377556252213126,0.46377556252213126,0.16225511240915122,0.16225511240915122,280,0.007209020580450639,0.007209020580450639,0.00027802844150455204,0.13861984277892173,0.00027802844150455204,0.6276831419624922,0.004600484341742764,0.13921066052700964,0.36486627588714227,0.12360620554834027,T020_060_020,4
281,13.392148338437503,375,125,False,projected_continuous_optimization_loss,281,500,0.00010589759038705425,0.8208520032379188,0.003374166242569053,0.003374166242569053,0.003374166242569053,0.0017694660053757189,0.0017694660053757189,0.0017694660053757189,0.0017694660053757189,0.0017694660053757189,0.03209400474386668,0.03209400474386668,0.03209400474386668,0.8208520032379188,0.09567563874135779,0.13534353225716894,0.5587962962962963,0.003374166242569053,3368.569433700992,3368.569433700992,11.905621699988842,6752.0211789608,,fixed_iterations,,0.19993743182500187,0.19993743182500187,0.4458364789537708,0.4458364789537708,0.17507809245914607,0.17507809245914607,281,0.009296619497379864,0.009296619497379864,0.0018692672843709454,0.14854704426017837,0.0018692672843709454,0.6145819876287845,0.005922453254810811,0.1424613540841169,0.3311817456448674,0.14093888789980022,T020_060_020,4
282,13.516825785464395,375,125,False,projected_continuous_optimization_loss,282,500,3.519665291555296e-05,0.8183822523196634,0.003972977163875428,0.003972977163875428,0.003972977163875428,0.0023237268502515054,0.0023237268502515054,0.0023237268502515054,0.0023237268502515054,0.0023237268502515054,0.03298500627247844,0.03298500627247844,0.03298500627247844,0.8183822523196634,0.09574118014351048,0.13552290246162202,0.5577777777777778,0.003972977163875428,3380.384112400934,3380.384112400934,11.814678699942306,6775.777711629868,,fixed_iterations,,0.19778871222527117,0.19778871222527117,0.43574054364563974,0.43574054364563974,0.18485299644875242,0.18485299644875242,282,0.010242500740026037,0.010242500740026037,0.002575801481524214,0.15333398517003644,0.002575801481524214,0.6084211635314843,0.006269523576150609,0.13993247695748934,0.32157013850682914,0.14691854806716595,T020_060_020,4
283,13.64266394736722,375,125,False,projected_continuous_optimization_loss,283,500,0.00010032097052657722,0.8258592150261606,0.0031295965940473826,0.0031295965940473826,0.0031295965940473826,0.0016133459444821333,0.0016133459444821333,0.0016133459444821333,0.0016133459444821333,0.0016133459444821333,0.030325012991304988,0.030325012991304988,0.030325012991304988,0.8258592150261606,0.09564682604341995,0.13532751595598005,0.557962962962963,0.0031295965940473826,3392.2780342010083,3392.2780342010083,11.893921800074168,6799.619532108307,,fixed_iterations,,0.20140519433973902,0.20140519433973902,0.4515935007548109,0.4515935007548109,0.17286051993161064,0.17286051993161064,283,0.008378411535318955,0.008378411535318955,0.001155883294380632,0.14445056481876645,0.001155883294380632,0.6199334731671751,0.005248814941271572,0.13973215544254675,0.34216933273105593,0.13803198499357233,T020_060_020,4
284,13.769673630102112,375,125,False,projected_continuous_optimization_loss,284,500,3.3455359649768846e-05,0.8330787634376432,0.0026204580425176465,0.0026204580425176465,0.0026204580425176465,0.0012273230817423345,0.0012273230817423345,0.0012273230817423345,0.0012273230817423345,0.0012273230817423345,0.027862699215506243,0.027862699215506243,0.027862699215506243,0.8330787634376432,0.09556047266275196,0.13515343695216162,0.5582407407407407,0.0026204580425176465,3404.3380371010862,3404.3380371010862,12.060002900077961,6823.663693189621,,fixed_iterations,,0.2041968417115381,0.2041968417115381,0.4662774417541549,0.4662774417541549,0.16260447997195024,0.16260447997195024,284,0.007313104818740762,0.007313104818740762,0.0004435940522666466,0.13739021532948228,0.0004435940522666466,0.629338138825314,0.004692646776223115,0.1404639200298097,0.36011894804426636,0.12875527075123783,T020_060_020,4
285,13.897865740225868,375,125,False,projected_continuous_optimization_loss,285,500,8.537358761796419e-05,0.8319850816219201,0.0028775623184799466,0.0028775623184799466,0.0028775623184799466,0.0014661116786003035,0.0014661116786003035,0.0014661116786003035,0.0014661116786003035,0.0014661116786003035,0.028229012797592854,0.028229012797592854,0.028229012797592854,0.8319850816219201,0.09562650023753812,0.13532166928471026,0.5577777777777778,0.0028775623184799466,3416.2678878010483,3416.2678878010483,11.929850699962117,6847.5350596904755,,fixed_iterations,,0.20322458768444931,0.20322458768444931,0.45830373587429707,0.45830373587429707,0.17045675806317376,0.17045675806317376,285,0.008102589273333183,0.008102589273333183,0.0009892434235758546,0.14226691699514657,0.0009892434235758546,0.6228171305650976,0.005225026954853236,0.13987269727922055,0.34604032589306954,0.13690410739280756,T020_060_020,4
286,14.027251285832513,375,125,False,projected_continuous_optimization_loss,286,500,3.598531419015939e-05,0.8295849771336501,0.0034584982740943136,0.0034584982740943136,0.0034584982740943136,0.0020064342731673872,0.0020064342731673872,0.0020064342731673872,0.0020064342731673872,0.0020064342731673872,0.029041280018538524,0.029041280018538524,0.029041280018538524,0.8295849771336501,0.09571805307322344,0.13554459863130458,0.5573456790123457,0.0034584982740943136,3428.1806030011503,3428.1806030011503,11.912715200101957,6871.431055545807,,fixed_iterations,,0.20109075802386414,0.20109075802386414,0.4463501917205159,0.4463501917205159,0.18214402738927016,0.18214402738927016,286,0.009962870416396106,0.009962870416396106,0.0024794654607389562,0.149668099113143,0.0024794654607389562,0.6131303848670161,0.0065043721423017915,0.14074070919985318,0.32487906683925377,0.1475106088279092,T020_060_020,4
287,14.157841377498587,375,125,False,projected_continuous_optimization_loss,287,500,7.397633003190966e-05,0.8352561339537206,0.002985679377465618,0.002985679377465618,0.002985679377465618,0.0016286523074718947,0.0016286523074718947,0.0016286523074718947,0.0016286523074718947,0.0016286523074718947,0.027140541399874464,0.027140541399874464,0.027140541399874464,0.8352561339537206,0.09567919170669201,0.13547081592860472,0.5576851851851852,0.002985679377465618,3440.090844501159,3440.090844501159,11.910241500008851,6895.310128688812,,fixed_iterations,,0.20312413790918052,0.20312413790918052,0.45612816037746867,0.45612816037746867,0.17600383566707137,0.17600383566707137,287,0.008773058577511985,0.008773058577511985,0.0017157370742240986,0.14114643006575772,0.0017157370742240986,0.6243054031986116,0.005787379200046367,0.14465882307073033,0.33805509251620175,0.14159148761167956,T020_060_020,4
288,14.289647229237245,375,125,False,projected_continuous_optimization_loss,288,500,3.693720750515769e-05,0.8431451309812042,0.0024338211826705333,0.0024338211826705333,0.0024338211826705333,0.0012036486859253548,0.0012036486859253548,0.0012036486859253548,0.0012036486859253548,0.0012036486859253548,0.02460344993490357,0.02460344993490357,0.02460344993490357,0.8431451309812042,0.09560351508710783,0.1353132581309383,0.5574382716049383,0.0024338211826705333,3452.034762301133,3452.034762301133,11.94391779997386,6919.211137056351,,fixed_iterations,,0.20599640539915537,0.20599640539915537,0.4718326813960282,0.4718326813960282,0.16531604418602078,0.16531604418602078,288,0.00791908870054213,0.00791908870054213,0.0009277942187690063,0.1398258896354625,0.0009277942187690063,0.6260669984670215,0.0054852675178715974,0.1430581622799141,0.34920609282088716,0.13380274336622028,T020_060_020,4
289,14.4226801594612,375,125,False,projected_continuous_optimization_loss,289,500,6.244689139440639e-05,0.8441803673375268,0.002542357090166627,0.002542357090166627,0.002542357090166627,0.0013283691940132207,0.0013283691940132207,0.0013283691940132207,0.0013283691940132207,0.0013283691940132207,0.024279757923068128,0.024279757923068128,0.024279757923068128,0.8441803673375268,0.09564520069713732,0.13541791950110366,0.5574074074074075,0.002542357090166627,3463.9617890011286,3463.9617890011286,11.927026699995622,6943.088969230652,,fixed_iterations,,0.2062420119966775,0.2062420119966775,0.46855502160130735,0.46855502160130735,0.16938333373954184,0.16938333373954184,289,0.008479433212061753,0.008479433212061753,0.0013896741897262237,0.1417951804467106,0.0013896741897262237,0.6234429917705547,0.005937076121895126,0.14503694160083197,0.3415383469953559,0.1368677031743668,T020_060_020,4
290,14.556951591954668,375,125,False,projected_continuous_optimization_loss,290,500,3.988581226239519e-05,0.8426867028125405,0.002895907742577698,0.002895907742577698,0.002895907742577698,0.0016585340689782011,0.0016585340689782011,0.0016585340689782011,0.0016585340689782011,0.0016585340689782011,0.02474747347198994,0.02474747347198994,0.02474747347198994,0.8426867028125405,0.09572477999497764,0.13560524757260614,0.5566975308641975,0.002895907742577698,3475.8957494010683,3475.8957494010683,11.933960399939679,6967.005787849426,,fixed_iterations,,0.20308637280279293,0.20308637280279293,0.4588178039252047,0.4588178039252047,0.18078252608454295,0.18078252608454295,290,0.00937717584653066,0.00937717584653066,0.0020870019242782744,0.14580347844504768,0.0020870019242782744,0.6181577833122068,0.006481268103952961,0.14483189316803607,0.33098351279573307,0.14234237734843763,T020_060_020,4
291,14.692473056854354,375,125,False,projected_continuous_optimization_loss,291,500,5.421810831764404e-05,0.8469879365142301,0.0026180877086172945,0.0026180877086172945,0.0026180877086172945,0.0014474531300086321,0.0014474531300086321,0.0014474531300086321,0.0014474531300086321,0.0014474531300086321,0.023412691572173246,0.023412691572173246,0.023412691572173246,0.8469879365142301,0.09571034154806422,0.1355816193551135,0.5566666666666666,0.0026180877086172945,3487.7895620010095,3487.7895620010095,11.893812599941157,6990.767815351486,,fixed_iterations,,0.20376470858127255,0.20376470858127255,0.46509096027659425,0.46509096027659425,0.17813226765636334,0.17813226765636334,291,0.008702561926229821,0.008702561926229821,0.0016277972332778437,0.14149529385903956,0.0016277972332778437,0.6238413979994083,0.006084474217612526,0.1446922140236344,0.3387981626506559,0.140351021325118,T020_060_020,4
292,14.829256191639562,375,125,False,projected_continuous_optimization_loss,292,500,3.8887916074755775e-05,0.8536670305502182,0.0022475942647780375,0.0022475942647780375,0.0022475942647780375,0.0011769273673785006,0.0011769273673785006,0.0011769273673785006,0.0011769273673785006,0.0011769273673785006,0.021413337947990742,0.021413337947990742,0.021413337947990742,0.8536670305502182,0.09565568542224855,0.13547342276646465,0.5567592592592593,0.0022475942647780375,3499.6729851010023,3499.6729851010023,11.883423099992797,7014.647122144699,,fixed_iterations,,0.20781319595657696,0.20781319595657696,0.4776809296304755,0.4776809296304755,0.16817290496316578,0.16817290496316578,292,0.008524979161928212,0.008524979161928212,0.0014272480394948545,0.14195462244866716,0.0014272480394948545,0.6232313409415969,0.006277384897150175,0.14612535096490561,0.34116432486344833,0.135941665113243,T020_060_020,4
293,14.967312742131524,375,125,False,projected_continuous_optimization_loss,293,500,4.878148256488278e-05,0.8554605461176392,0.0022269571848637644,0.0022269571848637644,0.0022269571848637644,0.001182374498433211,0.001182374498433211,0.001182374498433211,0.001182374498433211,0.001182374498433211,0.020891653728611067,0.020891653728611067,0.020891653728611067,0.8554605461176392,0.09567337553097661,0.13552198883188965,0.556358024691358,0.0022269571848637644,3511.555795701104,3511.555795701104,11.882810600101948,7038.484970092773,,fixed_iterations,,0.20732268167442575,0.20732268167442575,0.4774572478521497,0.4774572478521497,0.17068061659106384,0.17068061659106384,293,0.009174952905277185,0.009174952905277185,0.0019132113847442815,0.14523483041065807,0.0019132113847442815,0.6189031220140238,0.00694799572041342,0.14743180330787992,0.33344476444936694,0.1380265542567769,T020_060_020,4
294,15.106654563502042,375,125,False,projected_continuous_optimization_loss,294,500,3.87758466557565e-05,0.8542573562580522,0.0024601111434812035,0.0024601111434812035,0.0024601111434812035,0.0013980652332365876,0.0013980652332365876,0.0013980652332365876,0.0013980652332365876,0.0013980652332365876,0.021240918204892312,0.021240918204892312,0.021240918204892312,0.8542573562580522,0.0957316484111598,0.1356595102092134,0.556141975308642,0.0024601111434812035,3523.460751301027,3523.460751301027,11.904955599922687,7062.2791266441345,,fixed_iterations,,0.20404514127111584,0.20404514127111584,0.46942450189621,0.46942450189621,0.1807877130907264,0.1807877130907264,294,0.009087176034288859,0.009087176034288859,0.0018948622363615594,0.143846275958546,0.0018948622363615594,0.6207292840746257,0.006627064890807655,0.142493956745871,0.3342349170068336,0.144000410321921,T020_060_020,4
295,15.247293621291504,375,125,False,projected_continuous_optimization_loss,295,500,4.499738745408468e-05,0.8573099423204432,0.002329868741307398,0.002329868741307398,0.002329868741307398,0.0013118461132776342,0.0013118461132776342,0.0013118461132776342,0.0013118461132776342,0.0013118461132776342,0.020360452560595273,0.020360452560595273,0.020360452560595273,0.8573099423204432,0.0957235207759368,0.13565240139331158,0.5561111111111111,0.002329868741307398,3535.195850001066,3535.195850001066,11.735098700039089,7086.000519037247,,fixed_iterations,,0.20520774284534182,0.20520774284534182,0.4731781402058686,0.4731781402058686,0.17892405926923277,0.17892405926923277,295,0.009402272887439708,0.009402272887439708,0.0022506633396817207,0.14303219095515976,0.0022506633396817207,0.621804031016776,0.00707240414613231,0.1468502627130975,0.3314080366604795,0.14354573164319898,T020_060_020,4
296,15.389241992436402,375,125,False,projected_continuous_optimization_loss,296,500,3.637466975358255e-05,0.8629014056634294,0.0020023052902342986,0.0020023052902342986,0.0020023052902342986,0.001062504061781123,0.001062504061781123,0.001062504061781123,0.001062504061781123,0.001062504061781123,0.01879602456906351,0.01879602456906351,0.01879602456906351,0.8629014056634294,0.09567367799816363,0.13555510953272568,0.5562962962962963,0.0020023052902342986,3547.080234101042,3547.080234101042,11.88438409997616,7109.890658378601,,fixed_iterations,,0.2080448474332232,0.2080448474332232,0.48440704320197314,0.48440704320197314,0.17044951502823313,0.17044951502823313,296,0.009270095450473033,0.009270095450473033,0.002154816145009146,0.14230558610927774,0.002154816145009146,0.6227658736152337,0.007267790160238734,0.14833799976790416,0.3329697368626525,0.14145813698467713,T020_060_020,4
297,15.53251186630638,375,125,False,projected_continuous_optimization_loss,297,500,4.293790910983857e-05,0.8639454662525448,0.0020312547016884223,0.0020312547016884223,0.0020312547016884223,0.0011057128940265518,0.0011057128940265518,0.0011057128940265518,0.0011057128940265518,0.0011057128940265518,0.018510836153237408,0.018510836153237408,0.018510836153237408,0.8639454662525448,0.09568649672293243,0.13559455408729096,0.5561728395061728,0.0020312547016884223,3559.034968201071,3559.034968201071,11.954734100028872,7133.82409954071,,fixed_iterations,,0.20790686192473098,0.20790686192473098,0.4831161419657666,0.4831161419657666,0.17292246236204736,0.17292246236204736,297,0.00943492609913307,0.00943492609913307,0.0022855633998646145,0.14298725398536907,0.0022855633998646145,0.6218634453198566,0.007403671397444647,0.14945062701433093,0.3313538982370325,0.14105892006849313,T020_060_020,4
298,15.677115545750977,375,125,False,projected_continuous_optimization_loss,298,500,3.479635297015904e-05,0.8629627848457113,0.002189876262698365,0.002189876262698365,0.002189876262698365,0.0012509163458362246,0.0012509163458362246,0.0012509163458362246,0.0012509163458362246,0.0012509163458362246,0.018779198337242807,0.018779198337242807,0.018779198337242807,0.8629627848457113,0.09572325047792371,0.13568689550773028,0.5560802469135803,0.002189876262698365,3570.91778320109,3570.91778320109,11.882815000019036,7157.697763681412,,fixed_iterations,,0.2047105831112212,0.2047105831112212,0.4767452850512943,0.4767452850512943,0.18150691668319577,0.18150691668319577,298,0.009448757190018668,0.009448757190018668,0.002308385860492928,0.1428074265905148,0.002308385860492928,0.622101301152657,0.007258880927320303,0.1473829368737054,0.3310452703642197,0.14367309391473196,T020_060_020,4
299,15.823065448156097,375,125,False,projected_continuous_optimization_loss,299,500,4.157157473206272e-05,0.8659138859188422,0.0020286489218457543,0.0020286489218457543,0.0020286489218457543,0.0011296946223764914,0.0011296946223764914,0.0011296946223764914,0.0011296946223764914,0.0011296946223764914,0.01797908598938526,0.01797908598938526,0.01797908598938526,0.8659138859188422,0.09570521199445278,0.13565817942389977,0.5560185185185185,0.0020286489218457543,3582.8862562010763,3582.8862562010763,11.968472999986261,7181.6324961185455,,fixed_iterations,,0.2056677027985098,0.2056677027985098,0.4814169133439251,0.4814169133439251,0.1788292697764073,0.1788292697764073,299,0.009254613683538079,0.009254613683538079,0.002196959335092527,0.14115308696891102,0.002196959335092527,0.6242965438422066,0.007225964761692324,0.14814969782628376,0.33330920939603426,0.14283763661988863,T020_060_020,4
300,15.970374106510286,375,125,False,projected_continuous_optimization_loss,300,500,3.2264930053000585e-05,0.8699992609318271,0.0018593412371989558,0.0018593412371989558,0.0018593412371989558,0.0010143316292853973,0.0010143316292853973,0.0010143316292853973,0.0010143316292853973,0.0010143316292853973,0.016900192158271172,0.016900192158271172,0.016900192158271172,0.8699992609318271,0.09567040610989212,0.13559622898933835,0.5556481481481481,0.0018593412371989558,3594.785429901094,3594.785429901094,11.899173700017855,7205.518542289734,,fixed_iterations,,0.20891390415205446,0.20891390415205446,0.4891355130131671,0.4891355130131671,0.1719498437666055,0.1719498437666055,300,0.008999067632270031,0.008999067632270031,0.0019727761948457236,0.14052582874848615,0.0019727761948457236,0.6251322516560192,0.0071397263950710756,0.14747674567764227,0.33595436504973913,0.14170114092863778,T020_060_020,4
301,16.119054170480993,375,125,False,projected_continuous_optimization_loss,301,500,4.049358404354158e-05,0.8706091594453443,0.0018527607343249387,0.0018527607343249387,0.0018527607343249387,0.0010156612533529226,0.0010156612533529226,0.0010156612533529226,0.0010156612533529226,0.0010156612533529226,0.016741989619440324,0.016741989619440324,0.016741989619440324,0.8706091594453443,0.09567994458911788,0.1356274806050307,0.5558024691358024,0.0018527607343249387,3606.7603874010965,3606.7603874010965,11.974957500002347,7229.4457449913025,,fixed_iterations,,0.2071520868705385,0.2071520868705385,0.48750648452870554,0.48750648452870554,0.17595058804610028,0.17595058804610028,301,0.009062738164498353,0.009062738164498353,0.0019930879275422884,0.14139300473912128,0.0019930879275422884,0.6239773879949222,0.0072099774301734145,0.14737599685893688,0.33513912299120485,0.14146226814478047,T020_060_020,4
302,16.269118407500805,375,125,False,projected_continuous_optimization_loss,302,500,3.078982269740943e-05,0.8701075359479916,0.0019870002169966134,0.0019870002169966134,0.0019870002169966134,0.0011433976061215002,0.0011433976061215002,0.0011433976061215002,0.0011433976061215002,0.0011433976061215002,0.01687205221750226,0.01687205221750226,0.01687205221750226,0.8701075359479916,0.09570283340720194,0.13569196299550204,0.5555864197530864,0.0019870002169966134,3618.677602501004,3618.677602501004,11.91721509990748,7253.232626676559,,fixed_iterations,,0.20507884690057968,0.20507884690057968,0.4825554712836726,0.4825554712836726,0.18247321776373943,0.18247321776373943,302,0.01021374066800179,0.01021374066800179,0.00294041863435431,0.1454664406729496,0.00294041863435431,0.618599369857692,0.008226740451005177,0.14918669383862002,0.3237653615143255,0.14564731450474655,T020_060_020,4
303,16.420579703863808,375,125,False,projected_continuous_optimization_loss,303,500,3.968543535447534e-05,0.8736463532283938,0.0017792785269560615,0.0017792785269560615,0.0017792785269560615,0.0009810163243318684,0.0009810163243318684,0.0009810163243318684,0.0009810163243318684,0.0009810163243318684,0.01596524405248386,0.01596524405248386,0.01596524405248386,0.8736463532283938,0.0956781647497551,0.13564786278734398,0.5557716049382716,0.0017792785269560615,3630.471837500925,3630.471837500925,11.794234999921173,7276.956963777542,,fixed_iterations,,0.20646925829941384,0.20646925829941384,0.48914537300051625,0.48914537300051625,0.1780317219284636,0.1780317219284636,303,0.00954969167081093,0.00954969167081093,0.0024767867184190442,0.1414580990478377,0.0024767867184190442,0.6238908415794191,0.0077704131438548684,0.15048495633971773,0.3306514714408403,0.14275441379886103,T020_060_020,4
304,16.573451065832174,375,125,False,projected_continuous_optimization_loss,304,500,2.9771800652668754e-05,0.8766435437159623,0.0017072996422498347,0.0017072996422498347,0.0017072996422498347,0.0009464588769020495,0.0009464588769020495,0.0009464588769020495,0.0009464588769020495,0.0009464588769020495,0.0152168153069557,0.0152168153069557,0.0152168153069557,0.8766435437159623,0.09566092576407524,0.13562269749962805,0.5558641975308642,0.0017072996422498347,3642.3725917008705,3642.3725917008705,11.900754199945368,7300.810216665268,,fixed_iterations,,0.20905893753131252,0.20905893753131252,0.4937021999345631,0.4937021999345631,0.17388240625008672,0.17388240625008672,304,0.009123056897784466,0.009123056897784466,0.0022214045556350993,0.1380330468429873,0.0022214045556350993,0.6284720106869642,0.007415757255534631,0.15206933305805692,0.33571102785683754,0.14069164977206972,T020_060_020,4
305,16.727745620753016,375,125,False,projected_continuous_optimization_loss,305,500,3.76814862104294e-05,0.8770161416787443,0.001703927111135963,0.001703927111135963,0.001703927111135963,0.0009476756407568284,0.0009476756407568284,0.0009476756407568284,0.0009476756407568284,0.0009476756407568284,0.015125029407582693,0.015125029407582693,0.015125029407582693,0.8770161416787443,0.09567530862072086,0.13566422953910168,0.5557407407407408,0.001703927111135963,3654.2882372009335,3654.2882372009335,11.915645500062965,7324.688757419586,,fixed_iterations,,0.20601475248635348,0.20601475248635348,0.49114111908994507,0.49114111908994507,0.17986027010244574,0.17986027010244574,305,0.01008274924682618,0.01008274924682618,0.002916763137558452,0.14331972218535455,0.002916763137558452,0.6214240866281182,0.008378822135690217,0.15289935282894906,0.32575318032309014,0.14277155347607895,T020_060_020,4
306,16.883476618185657,375,125,False,projected_continuous_optimization_loss,306,500,2.9949226114517627e-05,0.877805776159913,0.0017774403895956666,0.0017774403895956666,0.0017774403895956666,0.0010308689726016018,0.0010308689726016018,0.0010308689726016018,0.0010308689726016018,0.0010308689726016018,0.014931428339881297,0.014931428339881297,0.014931428339881297,0.877805776159913,0.0956871463952342,0.13570293348038584,0.5556172839506173,0.0017774403895956666,3666.1996235009283,3666.1996235009283,11.911386299994774,7348.4841232299805,,fixed_iterations,,0.20576557315220964,0.20576557315220964,0.489058753993245,0.489058753993245,0.18298144901445837,0.18298144901445837,306,0.010906985852418605,0.010906985852418605,0.003720527148880961,0.14372917407075286,0.003720527148880961,0.6208836932144004,0.009129545462822939,0.15332069032238702,0.31904361315927726,0.14851938973273618,T020_060_020,4
307,17.040657431039406,375,125,False,projected_continuous_optimization_loss,307,500,3.527720353905781e-05,0.8822127966411338,0.0015165943098853804,0.0015165943098853804,0.0015165943098853804,0.0008229030461302356,0.0008229030461302356,0.0008229030461302356,0.0008229030461302356,0.0008229030461302356,0.013873825275102893,0.013873825275102893,0.013873825275102893,0.8822127966411338,0.09566244518350897,0.13565530742318635,0.5554629629629629,0.0015165943098853804,3678.1227293008706,3678.1227293008706,11.923105799942277,7372.357576131821,,fixed_iterations,,0.20692782540433574,0.20692782540433574,0.49784669965870954,0.49784669965870954,0.17743827157808859,0.17743827157808859,307,0.009518421885517606,0.009518421885517606,0.002581988434091607,0.13872866902852,0.002581988434091607,0.6275370232781251,0.008001827575632225,0.1521263905581607,0.3316887098882459,0.1437219228317184,T020_060_020,4
308,17.199301556721903,375,125,False,projected_continuous_optimization_loss,308,500,3.1733498771488835e-05,0.8835372693089651,0.0016312174529863647,0.0016312174529863647,0.0016312174529863647,0.000953039070985739,0.000953039070985739,0.000953039070985739,0.000953039070985739,0.000953039070985739,0.013563567640012512,0.013563567640012512,0.013563567640012512,0.8835372693089651,0.0956726382909114,0.13569211946123658,0.5554012345679012,0.0016312174529863647,3690.019482200849,3690.019482200849,11.89675289997831,7396.209084749222,,fixed_iterations,,0.20970838928343047,0.20970838928343047,0.4963253156202379,0.4963253156202379,0.17750356440529674,0.17750356440529674,308,0.009642881429068885,0.009642881429068885,0.0027067228107897144,0.1387231723655834,0.0027067228107897144,0.6275444021556619,0.00801166397608252,0.15384353614978594,0.3307876448906406,0.14291322111523524,T020_060_020,4
309,17.359422618298193,375,125,False,projected_continuous_optimization_loss,309,500,3.297841228503187e-05,0.8855387159063355,0.0013943760943906547,0.0013943760943906547,0.0013943760943906547,0.0007393068165721246,0.0007393068165721246,0.0007393068165721246,0.0007393068165721246,0.0007393068165721246,0.013101385556370602,0.013101385556370602,0.013101385556370602,0.8855387159063355,0.09567466968596097,0.13569801797381914,0.5553086419753086,0.0013943760943906547,3701.970533900778,3701.970533900778,11.95105169992894,7420.124006986618,,fixed_iterations,,0.2024295140339389,0.2024295140339389,0.4989461310355574,0.4989461310355574,0.18416307083683905,0.18416307083683905,309,0.010175661274639864,0.010175661274639864,0.0031716335305825133,0.14008055488114698,0.0031716335305825133,0.6257266308149256,0.00878128518024921,0.15031036175134435,0.32560103246427896,0.14981523659930235,T020_060_020,4
310,17.521034365660512,375,125,False,projected_continuous_optimization_loss,310,500,3.6835490692723517e-05,0.8855596494991566,0.0018686786508288525,0.0018686786508288525,0.0018686786508288525,0.0012138489596910575,0.0012138489596910575,0.0012138489596910575,0.0012138489596910575,0.0012138489596910575,0.013096593822755898,0.013096593822755898,0.013096593822755898,0.8855596494991566,0.09570169760373226,0.13578294297415672,0.5550308641975309,0.0018686786508288525,3713.9161938007455,3713.9161938007455,11.945659899967723,7443.979884147644,,fixed_iterations,,0.21220321070152956,0.21220321070152956,0.4913328347381153,0.4913328347381153,0.1820236040595117,0.1820236040595117,310,0.011472245894108161,0.011472245894108161,0.0043846286120281545,0.14175234564160014,0.0043846286120281545,0.6234998729859441,0.009603567243279309,0.1591256393516268,0.3160464802477929,0.14832775338652449,T020_060_020,4
311,17.68415067670907,375,125,False,projected_continuous_optimization_loss,311,500,4.3715115022516404e-05,0.8949044995428859,0.0008051205556157861,0.0008051205556157861,0.0008051205556157861,0.0002528673447992212,0.0002528673447992212,0.0002528673447992212,0.0002528673447992212,0.0002528673447992212,0.0110450642163313,0.0110450642163313,0.0110450642163313,0.8949044995428859,0.0956345333572107,0.13561329211522088,0.5551543209876543,0.0008051205556157861,3725.8005661007483,3725.8005661007483,11.884372300002724,7467.730796337128,,fixed_iterations,,0.19633162560110604,0.19633162560110604,0.5194367650243182,0.5194367650243182,0.17913610891746148,0.17913610891746148,311,0.00874891865370843,0.00874891865370843,0.0021992667586154713,0.13099303790185918,0.0021992667586154713,0.6380703964831571,0.007943798098092645,0.14772628021136575,0.3405414730434296,0.1498026432283617,T020_060_020,4
312,17.848785558543735,375,125,False,projected_continuous_optimization_loss,312,500,9.649621359925664e-05,0.8839786534965699,0.003379856998120958,0.003379856998120958,0.003379856998120958,0.002706809355897508,0.002706809355897508,0.002706809355897508,0.002706809355897508,0.002706809355897508,0.013460952844468991,0.013460952844468991,0.013460952844468991,0.8839786534965699,0.0957678513450093,0.1359861072974646,0.5548456790123457,0.003379856998120958,3737.7436017007567,3737.7436017007567,11.943035600008443,7491.650319576263,,fixed_iterations,,0.2302697651801142,0.2302697651801142,0.4715858471374775,0.4715858471374775,0.18212304117897832,0.18212304117897832,312,0.01443607204503319,0.01443607204503319,0.007164384215100054,0.14543375659866273,0.007164384215100054,0.6186422196956476,0.011056215046912232,0.17161447988693945,0.29832293144590033,0.14870480836280786,T020_060_020,4
313,18.01495314866687,375,125,False,projected_continuous_optimization_loss,313,500,0.0002910207072957269,0.9083428254090361,0.0008204074057251186,0.0008204074057251186,0.0008204074057251186,0.00040035552302519566,0.00040035552302519566,0.00040035552302519566,0.00040035552302519566,0.00040035552302519566,0.008401037653998458,0.008401037653998458,0.008401037653998458,0.9083428254090361,0.09554543785789174,0.13535935078240358,0.5554629629629629,0.0008204074057251186,3749.6494487008313,3749.6494487008313,11.905847000074573,7515.456404685974,,fixed_iterations,,0.15712579216699327,0.15712579216699327,0.5638900418799424,0.5638900418799424,0.18732699136210035,0.18732699136210035,313,0.006103034009193162,0.006103034009193162,0.00044446745819045323,0.11317133102005418,0.00044446745819045323,0.6635905307217792,0.005282626603468043,0.1259190091824393,0.38546310331336864,0.15220841822597123,T020_060_020,4
314,18.182667716197333,375,125,False,projected_continuous_optimization_loss,314,500,0.001037808019145815,0.882600257923387,0.00548984931358367,0.00548984931358367,0.00548984931358367,0.004800714341600907,0.004800714341600907,0.004800714341600907,0.004800714341600907,0.004800714341600907,0.013782699439655275,0.013782699439655275,0.013782699439655275,0.882600257923387,0.09595661252612053,0.1364386259417916,0.5541666666666667,0.00548984931358367,3761.5731970007764,3761.5731970007764,11.923748299945146,7539.357152462006,,fixed_iterations,,0.24518684103606317,0.24518684103606317,0.44969470692233515,0.44969470692233515,0.18771870996498866,0.18771870996498866,314,0.017481279880991813,0.017481279880991813,0.010365590525590815,0.14231378710801995,0.010365590525590815,0.6227550038661613,0.011991430567408142,0.1824846167823993,0.28541726415643354,0.15485312292732853,T020_060_020,4
315,18.351943663095803,375,125,False,projected_continuous_optimization_loss,315,500,0.0010062916424419509,0.9183341730308856,0.00040561852740690575,0.00040561852740690575,0.00040561852740690575,7.215316267943913e-05,7.215316267943913e-05,7.215316267943913e-05,7.215316267943913e-05,7.215316267943913e-05,0.006669307294549332,0.006669307294549332,0.006669307294549332,0.9183341730308856,0.09570740153151891,0.1356169750962247,0.5542901234567901,0.00040561852740690575,3773.506803100696,3773.506803100696,11.933606099919416,7563.157017946243,,fixed_iterations,,0.17681979467991388,0.17681979467991388,0.5619148682958118,0.5619148682958118,0.1795995100551599,0.1795995100551599,315,0.00538881221757863,0.00538881221757863,0.00026537666542427287,0.10246871104308714,0.00026537666542427287,0.6798926569991136,0.004983193690171725,0.13567079202517215,0.39452715877410094,0.14969470619984046,T020_060_020,4
316,18.522795525401495,375,125,False,projected_continuous_optimization_loss,316,500,0.0004929113232536636,0.9114626445575977,0.0004908248028744089,0.0004908248028744089,0.0004908248028744089,9.888163743769397e-05,9.888163743769397e-05,9.888163743769397e-05,9.888163743769397e-05,9.888163743769397e-05,0.007838863308734298,0.007838863308734298,0.007838863308734298,0.9114626445575977,0.09588210442991894,0.13600781471256343,0.5533333333333333,0.0004908248028744089,3785.4366972007556,3785.4366972007556,11.929894100059755,7587.053964138031,,fixed_iterations,,0.18531800339976437,0.18531800339976437,0.5345780122495944,0.5345780122495944,0.1915666289082388,0.1915666289082388,316,0.006805849875353096,0.006805849875353096,0.0013616887468269722,0.10888322257052245,0.0013616887468269722,0.6700254213268506,0.006315025072478686,0.14743066903103003,0.36734216799190905,0.15525258430391153,T020_060_020,4
317,18.695237974480403,375,125,False,projected_continuous_optimization_loss,317,500,0.00011871641182875539,0.8916892309843363,0.003163719880994164,0.003163719880994164,0.003163719880994164,0.0025771587467559435,0.0025771587467559435,0.0025771587467559435,0.0025771587467559435,0.0025771587467559435,0.011731222684764413,0.011731222684764413,0.011731222684764413,0.8916892309843363,0.09613206771515774,0.1366972725748074,0.5524382716049383,0.003163719880994164,3797.3598484008107,3797.3598484008107,11.923151200055145,7610.9282875061035,,fixed_iterations,,0.2243271209584865,0.2243271209584865,0.4734517419572632,0.4734517419572632,0.1939103680685867,0.1939103680685867,317,0.013444150794208423,0.013444150794208423,0.007419123470687758,0.12050054647041326,0.007419123470687758,0.6528681137227331,0.01028043091321426,0.18103651814261726,0.31325806679303625,0.15857352878707973,T020_060_020,4
318,18.869285818285146,375,125,False,projected_continuous_optimization_loss,318,500,0.0006583579192108751,0.918482582501951,0.00036259888333844395,0.00036259888333844395,0.00036259888333844395,3.034441556088381e-05,3.034441556088381e-05,3.034441556088381e-05,3.034441556088381e-05,3.034441556088381e-05,0.006645089355551203,0.006645089355551203,0.006645089355551203,0.918482582501951,0.09584805595195088,0.13589145930213792,0.5529320987654321,0.00036259888333844395,3809.2147848007735,3809.2147848007735,11.854936399962753,7634.741460323334,,fixed_iterations,,0.18305203264857606,0.18305203264857606,0.5575832394436135,0.5575832394436135,0.1778473104097616,0.1778473104097616,318,0.004423968387303839,0.004423968387303839,0.00018770370704704431,0.08472529360513589,0.00018770370704704431,0.7089239040987119,0.004061369503965395,0.1510416175089556,0.4119375521218867,0.1459447344678696,T020_060_020,4
319,19.044954002626582,375,125,False,projected_continuous_optimization_loss,319,500,0.00027490770776195827,0.9149894192747853,0.0005004520850890462,0.0005004520850890462,0.0005004520850890462,0.0001391121433271338,0.0001391121433271338,0.0001391121433271338,0.0001391121433271338,0.0001391121433271338,0.007226798835238249,0.007226798835238249,0.007226798835238249,0.9149894192747853,0.095875717730202,0.1359784196627314,0.5523456790123457,0.0005004520850890462,3821.144889500807,3821.144889500807,11.930104700033553,7658.6552810668945,,fixed_iterations,,0.17290224108013844,0.17290224108013844,0.5441290210026307,0.5441290210026307,0.19795815719201615,0.19795815719201615,319,0.004908205836694922,0.004908205836694922,0.0003986652775589696,0.09019081118271906,0.0003986652775589696,0.6996821497434442,0.004407753751605876,0.14259288094479056,0.40152640754860586,0.15556286125004778,T020_060_020,4
320,19.2222576124572,375,125,False,projected_continuous_optimization_loss,320,500,0.00021877740241480072,0.8984005687049108,0.0021883394796211285,0.0021883394796211285,0.0021883394796211285,0.00167221725764685,0.00167221725764685,0.00167221725764685,0.00167221725764685,0.00167221725764685,0.010322444439485571,0.010322444439485571,0.010322444439485571,0.8984005687049108,0.09609892659776484,0.13660226755985172,0.5514197530864198,0.0021883394796211285,3832.905279300874,3832.905279300874,11.76038980006706,7682.391335487366,,fixed_iterations,,0.20056659408794733,0.20056659408794733,0.48739825181852103,0.48739825181852103,0.2104357227984424,0.2104357227984424,320,0.009464268572598066,0.009464268572598066,0.0044679653854362705,0.0999260637432359,0.0044679653854362705,0.6838891590861903,0.007275929092976937,0.1860864468900443,0.3494710970624374,0.14833161513370863,T020_060_020,4
321,19.401211873166503,375,125,False,projected_continuous_optimization_loss,321,500,0.00039987591450689735,0.9226180998769968,0.0004732780922350521,0.0004732780922350521,0.0004732780922350521,0.0001738801689027293,0.0001738801689027293,0.0001738801689027293,0.0001738801689027293,0.0001738801689027293,0.005987958466646455,0.005987958466646455,0.005987958466646455,0.9226180998769968,0.09596581171974489,0.1361892144870117,0.5524074074074075,0.0004732780922350521,3844.845634600846,3844.845634600846,11.940355299971998,7706.233571052551,,fixed_iterations,,0.20049026360547653,0.20049026360547653,0.5511387739195474,0.5511387739195474,0.17098906235197286,0.17098906235197286,321,0.006253841340976294,0.006253841340976294,0.002224475807745052,0.08058731066462482,0.002224475807745052,0.7161209576868612,0.005780563248741242,0.1900863636696381,0.4142487931813406,0.11178580083588248,T020_060_020,4
322,19.58183215188845,375,125,False,projected_continuous_optimization_loss,322,500,0.00023859277196088425,0.9294486929774484,0.00027066044714035544,0.00027066044714035544,0.00027066044714035544,2.1786101010838245e-05,2.1786101010838245e-05,2.1786101010838245e-05,2.1786101010838245e-05,2.1786101010838245e-05,0.004977486922590343,0.004977486922590343,0.004977486922590343,0.9294486929774484,0.09590739216815072,0.13609950599838685,0.5518827160493828,0.00027066044714035544,3856.7735810007434,3856.7735810007434,11.927946399897337,7730.107561826706,,fixed_iterations,,0.17975468586240276,0.17975468586240276,0.5607760338167165,0.5607760338167165,0.1889179732983291,0.1889179732983291,322,0.004886099088597371,0.004886099088597371,0.0010972290497765376,0.07577740077641666,0.0010972290497765376,0.7247230471390372,0.0046154386414570155,0.178178563495285,0.42422217700081183,0.12232230664294047,T020_060_020,4
323,19.764133958821045,375,125,False,projected_continuous_optimization_loss,323,500,0.00016473691793189018,0.9175335010249026,0.0017737757292837742,0.0017737757292837742,0.0017737757292837742,0.0014337395566232872,0.0014337395566232872,0.0014337395566232872,0.0014337395566232872,0.0014337395566232872,0.006800723453209739,0.006800723453209739,0.006800723453209739,0.9175335010249026,0.0960779736769466,0.13664228471971115,0.5506172839506173,0.0017737757292837742,3868.7676372006536,3868.7676372006536,11.99405619991012,7754.065069913864,,fixed_iterations,,0.18053956164023344,0.18053956164023344,0.5095310239261966,0.5095310239261966,0.22746291545847258,0.22746291545847258,323,0.008393278858707678,0.008393278858707678,0.0037659878596652333,0.09254581998084889,0.0037659878596652333,0.6957865552266815,0.006619503129423904,0.18803043060867486,0.36232148952193327,0.14543463509607338,T020_060_020,4
324,19.948132948558253,375,125,False,projected_continuous_optimization_loss,324,500,0.0004220372013944119,0.9425190608740012,0.00023717534028048343,0.00023717534028048343,0.00023717534028048343,7.197242214014296e-05,7.197242214014296e-05,7.197242214014296e-05,7.197242214014296e-05,7.197242214014296e-05,0.003304058362806809,0.003304058362806809,0.003304058362806809,0.9425190608740012,0.09602221113227753,0.13639590395430218,0.5512037037037038,0.00023717534028048343,3880.724591000704,3880.724591000704,11.956953800050542,7778.038537740707,,fixed_iterations,,0.19906502929885322,0.19906502929885322,0.5637307889951848,0.5637307889951848,0.179723242579963,0.179723242579963,324,0.006954916522969675,0.006954916522969675,0.0033678168517851993,0.0717419934236895,0.0033678168517851993,0.7321530410408035,0.006717741182689191,0.20623736530159853,0.41442148368471454,0.11149419205449045,T020_060_020,4
325,20.133844921434253,375,125,False,projected_continuous_optimization_loss,325,500,0.0001194282542556415,0.9529289031153169,0.00032129034244972023,0.00032129034244972023,0.00032129034244972023,0.0002105059343533594,0.0002105059343533594,0.0002105059343533594,0.0002105059343533594,0.0002105059343533594,0.0022156881619272164,0.0022156881619272164,0.0022156881619272164,0.9529289031153169,0.09600965520729601,0.13637380191425705,0.5514197530864198,0.00032129034244972023,3892.5901599007193,3892.5901599007193,11.865568900015205,7801.827077627182,,fixed_iterations,,0.20023176089431435,0.20023176089431435,0.5816635264408414,0.5816635264408414,0.17103361578016116,0.17103361578016116,325,0.006822305991186278,0.006822305991186278,0.0035302277587675747,0.06584156464837405,0.0035302277587675747,0.7434038880879641,0.006501015648736557,0.2103991122069049,0.4235259736827282,0.10947880219833095,T020_060_020,4
326,20.321285824880267,375,125,False,projected_continuous_optimization_loss,326,500,0.0002217463928595503,0.9493311643804888,0.00036102197620346995,0.00036102197620346995,0.00036102197620346995,0.00023265543105161708,0.00023265543105161708,0.00023265543105161708,0.00023265543105161708,0.00023265543105161708,0.002567330903037057,0.002567330903037057,0.002567330903037057,0.9493311643804888,0.09615575068239951,0.1368510615998684,0.5507407407407408,0.00036102197620346995,3904.3677353006788,3904.3677353006788,11.77757539995946,7825.608646631241,,fixed_iterations,,0.191437502929736,0.191437502929736,0.551130804265472,0.551130804265472,0.20676285718528062,0.20676285718528062,326,0.006560541585768007,0.006560541585768007,0.0029600380855085034,0.07201007000519007,0.0029600380855085034,0.7316530790092979,0.0061995196095645366,0.20062811603676328,0.398971782853202,0.13205318011933262,T020_060_020,4
327,20.51047175479399,375,125,False,projected_continuous_optimization_loss,327,500,0.00014732254338301528,0.9566717006345259,0.00016301836533972008,0.00016301836533972008,0.00016301836533972008,6.915128904451337e-05,6.915128904451337e-05,6.915128904451337e-05,6.915128904451337e-05,6.915128904451337e-05,0.0018773415259041345,0.0018773415259041345,0.0018773415259041345,0.9566717006345259,0.09603491658048258,0.13663126096922426,0.5500617283950617,0.00016301836533972008,3916.2978081007022,3916.2978081007022,11.930072800023481,7849.406818151474,,fixed_iterations,,0.18405736732598216,0.18405736732598216,0.5702106729567349,0.5702106729567349,0.20240366035180885,0.20240366035180885,327,0.004924890452749901,0.004924890452749901,0.0017243376237782958,0.0640110565794321,0.0017243376237782958,0.7469959356464168,0.004761872087410181,0.19041946240544347,0.41422336320867753,0.14235311003229575,T020_060_020,4
328,20.701418956921774,375,125,False,projected_continuous_optimization_loss,328,500,0.00011522235840554813,0.965399556033468,0.00028957982106320217,0.00028957982106320217,0.00028957982106320217,0.0002297202849291467,0.0002297202849291467,0.0002297202849291467,0.0002297202849291467,0.0002297202849291467,0.0011971907226811093,0.0011971907226811093,0.0011971907226811093,0.965399556033468,0.09587397160648407,0.13626055737871443,0.5501851851851852,0.00028957982106320217,3928.207464700681,3928.207464700681,11.909656599978916,7873.293281316757,,fixed_iterations,,0.1943212744437782,0.1943212744437782,0.5965073707413586,0.5965073707413586,0.1745709108483313,0.1745709108483313,328,0.006347288648728369,0.006347288648728369,0.00324445970096749,0.06205657895521758,0.00324445970096749,0.7508884206721462,0.006057708827665167,0.20999357614474504,0.4284062703590534,0.11248857416834782,T020_060_020,4
329,20.894143828253668,375,125,False,projected_continuous_optimization_loss,329,500,0.0001357685565802906,0.9628330192656461,0.00027643288813687574,0.00027643288813687574,0.00027643288813687574,0.0002073636652914837,0.0002073636652914837,0.0002073636652914837,0.0002073636652914837,0.0002073636652914837,0.0013813844569078402,0.0013813844569078402,0.0013813844569078402,0.9628330192656461,0.09598765945514255,0.13659649651774644,0.5499382716049382,0.00027643288813687574,3940.1236583007267,3940.1236583007267,11.916193600045517,7897.188997745514,,fixed_iterations,,0.21101060073519373,0.21101060073519373,0.5742413330111638,0.5742413330111638,0.17758108551928858,0.17758108551928858,329,0.008402431517548083,0.008402431517548083,0.005053426857772471,0.06698009319551222,0.005053426857772471,0.7411948740934365,0.008125998629411206,0.22243332029511492,0.40164482147345976,0.11711673232486176,T020_060_020,4
330,21.088662918431496,375,125,False,projected_continuous_optimization_loss,330,500,0.0001430639064156246,0.9631894389355663,7.04240230573739e-05,7.04240230573739e-05,7.04240230573739e-05,2.673152763453776e-06,2.673152763453776e-06,2.673152763453776e-06,2.673152763453776e-06,2.673152763453776e-06,0.0013550174058784023,0.0013550174058784023,0.0013550174058784023,0.9631894389355663,0.09590411470412175,0.1365300829939148,0.5492901234567901,7.04240230573739e-05,3952.0235702007776,3952.0235702007776,11.899911900050938,7921.034033536911,,fixed_iterations,,0.1948625555866583,0.1948625555866583,0.5767113209917342,0.5767113209917342,0.19161556235717384,0.19161556235717384,330,0.00504059616226492,0.00504059616226492,0.002242228311457262,0.05596735701615316,0.002242228311457262,0.7634257896216219,0.004970172139207546,0.2000449739402359,0.41770206735602744,0.14567874832535846,T020_060_020,4
331,21.28499293116995,375,125,False,projected_continuous_optimization_loss,331,500,5.4320397065586785e-05,0.9665512680402036,0.00024487641554519097,0.00024487641554519097,0.00024487641554519097,0.0001889355320592762,0.0001889355320592762,0.0001889355320592762,0.0001889355320592762,0.0001889355320592762,0.0011188176697182952,0.0011188176697182952,0.0011188176697182952,0.9665512680402036,0.09566746488086726,0.13607390201114403,0.5489506172839507,0.00024487641554519097,3963.9617459008005,3963.9617459008005,11.938175700022839,7944.924603700638,,fixed_iterations,,0.18017045152865663,0.18017045152865663,0.5981312514357863,0.5981312514357863,0.18824956507576082,0.18824956507576082,331,0.003204377641663063,0.003204377641663063,0.0007844248163046526,0.048399056507168206,0.0007844248163046526,0.7800021443123405,0.002959501226117872,0.1856429932605181,0.44563952659915634,0.14871962445266612,T020_060_020,4
332,21.483150725691015,375,125,False,projected_continuous_optimization_loss,332,500,0.00015990609527797035,0.9645242253427985,0.0001242273992220024,0.0001242273992220024,0.0001242273992220024,6.130086984557568e-05,6.130086984557568e-05,6.130086984557568e-05,6.130086984557568e-05,6.130086984557568e-05,0.0012585305875285346,0.0012585305875285346,0.0012585305875285346,0.9645242253427985,0.09565034133591774,0.1361162627170787,0.549074074074074,0.0001242273992220024,3975.8761986008612,3975.8761986008612,11.914452700060792,7968.8104956150055,,fixed_iterations,,0.19865194380186388,0.19865194380186388,0.5836365668229927,0.5836365668229927,0.18223571471794192,0.18223571471794192,332,0.004823752236255545,0.004823752236255545,0.0022673322292336862,0.05112840014043717,0.0022673322292336862,0.77388410020426,0.004699524837033543,0.20530086448561496,0.4280078300369889,0.14057540568165605,T020_060_020,4
333,21.683153318171676,375,125,False,projected_continuous_optimization_loss,333,500,2.6631367275172975e-05,0.9631056040490256,0.0002977167121271699,0.0002977167121271699,0.0002977167121271699,0.000229656889497806,0.000229656889497806,0.000229656889497806,0.000229656889497806,0.000229656889497806,0.0013611964525872787,0.0013611964525872787,0.0013611964525872787,0.9631056040490256,0.09559124555953648,0.13606617249057415,0.5483333333333333,0.0002977167121271699,3987.780781300855,3987.780781300855,11.904582699993625,7992.69290304184,,fixed_iterations,,0.2119005881589211,0.2119005881589211,0.5746081172911294,0.5746081172911294,0.17659689859897504,0.17659689859897504,333,0.006524420481413969,0.006524420481413969,0.0037560482851363686,0.055367443925552005,0.0037560482851363686,0.764697122997716,0.006226703769286799,0.2163743423790265,0.41046957566812003,0.13785320495056938,T020_060_020,4
334,21.88501788320514,375,125,False,projected_continuous_optimization_loss,334,500,0.00013388369693259454,0.9669764113775551,0.0002732391975329542,0.0002732391975329542,0.0002732391975329542,0.00021871132725773088,0.00021871132725773088,0.00021871132725773088,0.00021871132725773088,0.00021871132725773088,0.0010905574055044664,0.0010905574055044664,0.0010905574055044664,0.9669764113775551,0.09534461029738546,0.1355882595208318,0.5476543209876543,0.0002732391975329542,3999.623243000824,3999.623243000824,11.842461699969135,8016.444147825241,,fixed_iterations,,0.19254273398902474,0.19254273398902474,0.5981110277684861,0.5981110277684861,0.17632264962004424,0.17632264962004424,334,0.003932047011759553,0.003932047011759553,0.0015390160466467087,0.04786061930225687,0.0015390160466467087,0.781229299717131,0.0036588078142265985,0.19868949685992618,0.43991050853034774,0.1426292943268571,T020_060_020,4
335,22.088761755275648,375,125,False,projected_continuous_optimization_loss,335,500,7.236894101087755e-05,0.9649460795208282,9.220253041269372e-05,9.220253041269372e-05,9.220253041269372e-05,3.076366336468841e-05,3.076366336468841e-05,3.076366336468841e-05,3.076366336468841e-05,3.076366336468841e-05,0.001228777340960106,0.001228777340960106,0.001228777340960106,0.9649460795208282,0.09533306695546975,0.13566907033627446,0.5472222222222223,9.220253041269372e-05,4011.5342915008077,4011.5342915008077,11.911048499983735,8040.24978351593,,fixed_iterations,,0.1882809130550903,0.1882809130550903,0.586454142634128,0.586454142634128,0.19021102383160982,0.19021102383160982,335,0.0034862750517299116,0.0034862750517299116,0.0011159444730071552,0.047406611574455124,0.0011159444730071552,0.7822694059750556,0.003394072521317218,0.1888062730289272,0.4377149038280895,0.15574822911803896,T020_060_020,4
336,22.29440243024702,375,125,False,projected_continuous_optimization_loss,336,500,7.772858414958404e-05,0.9636731397735535,9.36612234254171e-05,9.36612234254171e-05,9.36612234254171e-05,2.7679184729828094e-05,2.7679184729828094e-05,2.7679184729828094e-05,2.7679184729828094e-05,2.7679184729828094e-05,0.00131964077391178,0.00131964077391178,0.00131964077391178,0.9636731397735535,0.09527637334669091,0.13562781199758656,0.5464506172839506,9.36612234254171e-05,4023.474690600764,4023.474690600764,11.940399099956267,8064.149265527725,,fixed_iterations,,0.19975411880478983,0.19975411880478983,0.5759598929550696,0.5759598929550696,0.18795912801369416,0.18795912801369416,336,0.0040681682368090815,0.0040681682368090815,0.001718873184655216,0.04698590104307731,0.001718873184655216,0.7832376853715636,0.003974507013383664,0.19763656152267778,0.43151438491288213,0.15408673893600358,T020_060_020,4
337,22.50195756686505,375,125,False,projected_continuous_optimization_loss,337,500,6.122142598866835e-05,0.9671868458545438,0.000332249367367777,0.000332249367367777,0.000332249367367777,0.0002784142131191033,0.0002784142131191033,0.0002784142131191033,0.0002784142131191033,0.0002784142131191033,0.001076703084973474,0.001076703084973474,0.001076703084973474,0.9671868458545438,0.09502201268810445,0.1350937152787211,0.5463888888888889,0.000332249367367777,4035.405940800789,4035.405940800789,11.931250200024806,8088.123519659042,,fixed_iterations,,0.20154605480462487,0.20154605480462487,0.5947334498345732,0.5947334498345732,0.17090734121534568,0.17090734121534568,337,0.004713038540907259,0.004713038540907259,0.0023072327872001052,0.04811611507414308,0.0023072327872001052,0.7806461418754091,0.004380789173539483,0.2060667722614501,0.42796731647547076,0.14661205313848835,T020_060_020,4
338,22.711444988273907,375,125,False,projected_continuous_optimization_loss,338,500,9.066375683039577e-05,0.9673120462597775,0.00018099062155195217,0.00018099062155195217,0.00018099062155195217,0.00012756550556580556,0.00012756550556580556,0.00012756550556580556,0.00012756550556580556,0.00012756550556580556,0.0010685023197229324,0.0010685023197229324,0.0010685023197229324,0.9673120462597775,0.09497691891287835,0.13507337308143325,0.5458024691358024,0.00018099062155195217,4047.292799900868,4047.292799900868,11.886859100079164,8111.811764955521,,fixed_iterations,,0.20127711089890304,0.20127711089890304,0.5880228824769897,0.5880228824769897,0.17801205288388458,0.17801205288388458,338,0.004690009066238374,0.004690009066238374,0.00238709098696926,0.04605836158538228,0.00238709098696926,0.7853878810845429,0.004509018444686422,0.2055127093432901,0.42582112577625647,0.15405404596499636,T020_060_020,4
339,22.922882683546625,375,125,False,projected_continuous_optimization_loss,339,500,3.72135228202284e-05,0.9673100394221551,5.790525342220894e-05,5.790525342220894e-05,5.790525342220894e-05,4.473577293156619e-06,4.473577293156619e-06,4.473577293156619e-06,4.473577293156619e-06,4.473577293156619e-06,0.0010686335225810464,0.0010686335225810464,0.0010686335225810464,0.9673100394221551,0.09497677545566513,0.1351672437200772,0.5454629629629629,5.790525342220894e-05,4059.11494860088,4059.11494860088,11.822148700011894,8135.549898862839,,fixed_iterations,,0.195961521039085,0.195961521039085,0.5778740709117534,0.5778740709117534,0.19347444747131676,0.19347444747131676,339,0.0043298884886555705,0.0043298884886555705,0.0021449234889791596,0.043699299993528215,0.0021449234889791596,0.7909562246955718,0.0042719832352333615,0.198715371318218,0.4263620671538739,0.16587878622347993,T020_060_020,4
340,23.13628880922989,375,125,False,projected_continuous_optimization_loss,340,500,7.906304246528759e-05,0.9718185940050176,0.00014354765853782494,0.00014354765853782494,0.00014354765853782494,0.00010383807634512306,0.00010383807634512306,0.00010383807634512306,0.00010383807634512306,0.00010383807634512306,0.0007941916438540374,0.0007941916438540374,0.0007941916438540374,0.9718185940050176,0.09476854017772139,0.13473446989103763,0.5450925925925926,0.00014354765853782494,4071.12803440087,4071.12803440087,12.013085799990222,8159.559802055359,,fixed_iterations,,0.18946067979992498,0.18946067979992498,0.5969036645478579,0.5969036645478579,0.18545424965723456,0.18545424965723456,340,0.0032108297137007804,0.0032108297137007804,0.0012692934778087274,0.03883072471784106,0.0012692934778087274,0.8029448688365587,0.0030672820551629555,0.19398478922876794,0.4452940584733884,0.1636660211344024,T020_060_020,4
341,23.35168169090314,375,125,False,projected_continuous_optimization_loss,341,500,6.274799784219199e-05,0.9713217790323638,0.00012985283289854854,0.00012985283289854854,0.00012985283289854854,8.873081500512018e-05,8.873081500512018e-05,8.873081500512018e-05,8.873081500512018e-05,8.873081500512018e-05,0.0008224403578685668,0.0008224403578685668,0.0008224403578685668,0.9713217790323638,0.09470098480065998,0.1346426442307038,0.5447530864197531,0.00012985283289854854,4082.950959700858,4082.950959700858,11.822925299988128,8183.343858718872,,fixed_iterations,,0.2008415160776519,0.2008415160776519,0.5891547454426919,0.5891547454426919,0.18132551751202008,0.18132551751202008,341,0.003916412719981017,0.003916412719981017,0.0019168945959859782,0.03999036247990078,0.0019168945959859782,0.800024095251701,0.0037865598870824684,0.2028665613102816,0.4370781691924051,0.1600793647490142,T020_060_020,4
342,23.56907982475222,375,125,False,projected_continuous_optimization_loss,342,500,3.203808198032176e-05,0.9707745806763398,0.00013830508686067948,0.00013830508686067948,0.00013830508686067948,9.559883012849096e-05,9.559883012849096e-05,9.559883012849096e-05,9.559883012849096e-05,9.559883012849096e-05,0.0008541251346437702,0.0008541251346437702,0.0008541251346437702,0.9707745806763398,0.09466671385591324,0.13463584092179062,0.5442283950617284,0.00013830508686067948,4094.8714338009013,4094.8714338009013,11.920474100043066,8207.18393945694,,fixed_iterations,,0.20704436746672011,0.20704436746672011,0.5792658679036283,0.5792658679036283,0.18446434530599143,0.18446434530599143,342,0.0047446280444543324,0.0047446280444543324,0.0026611042159777293,0.041670476569532065,0.0026611042159777293,0.7958665226634003,0.004606322957593653,0.20677165643061113,0.42492617485961615,0.164168691373173,T020_060_020,4
343,23.788501879157717,375,125,False,projected_continuous_optimization_loss,343,500,6.916825230352375e-05,0.9756908638322848,0.00012169057300528433,0.00012169057300528433,0.00012169057300528433,9.214386794425854e-05,9.214386794425854e-05,9.214386794425854e-05,9.214386794425854e-05,9.214386794425854e-05,0.0005909341012205158,0.0005909341012205158,0.0005909341012205158,0.9756908638322848,0.09450173317471447,0.1342998421060357,0.5435493827160494,0.00012169057300528433,4106.806224000873,4106.806224000873,11.934790199971758,8231.073177337646,,fixed_iterations,,0.19262347171680635,0.19262347171680635,0.5979339678215803,0.5979339678215803,0.1851334242938982,0.1851334242938982,343,0.0032341141171023536,0.0032341141171023536,0.0013474385585209856,0.03773351117162736,0.0013474385585209856,0.8057488451215093,0.003112423544097069,0.1971422055998272,0.44699754454288976,0.16160909497879233,T020_060_020,4
344,24.009966696298015,375,125,False,projected_continuous_optimization_loss,344,500,4.789472888003612e-05,0.9756402150721123,4.0947919507647086e-05,4.0947919507647086e-05,4.0947919507647086e-05,1.1277963421000101e-05,1.1277963421000101e-05,1.1277963421000101e-05,1.1277963421000101e-05,1.1277963421000101e-05,0.0005933991217329397,0.0005933991217329397,0.0005933991217329397,0.9756402150721123,0.0944759405888002,0.13431378103942493,0.5429012345679012,4.0947919507647086e-05,4118.74324490095,4118.74324490095,11.937020900077187,8255.002857923508,,fixed_iterations,,0.19227213030538118,0.19227213030538118,0.5899720884503853,0.5899720884503853,0.19339599631634594,0.19339599631634594,344,0.0035257786616696863,0.0035257786616696863,0.0017208885343334875,0.03609780254672398,0.0017208885343334875,0.8100057828597829,0.0034848307421620392,0.19829383133438683,0.441290838791802,0.170421112733594,T020_060_020,4
345,24.23349329376732,375,125,False,projected_continuous_optimization_loss,345,500,4.30256358542902e-05,0.9749909246087657,4.541755285548061e-05,4.541755285548061e-05,4.541755285548061e-05,1.4144860259258794e-05,1.4144860259258794e-05,1.4144860259258794e-05,1.4144860259258794e-05,1.4144860259258794e-05,0.0006254538519244363,0.0006254538519244363,0.0006254538519244363,0.9749909246087657,0.09442331048819645,0.13425087927325405,0.5425925925925926,4.541755285548061e-05,4130.6486410009675,4130.6486410009675,11.905396100017242,8278.930668115616,,fixed_iterations,,0.20013384280279375,0.20013384280279375,0.5830496823167713,0.5830496823167713,0.19180739948920061,0.19180739948920061,345,0.00418416076791314,0.00418416076791314,0.0022941073489046505,0.0378010683801698,0.0022941073489046505,0.8055750314898578,0.0041387432150576595,0.20438053843558035,0.4329161482982549,0.16827834475602255,T020_060_020,4
346,24.459100866208733,375,125,False,projected_continuous_optimization_loss,346,500,3.873247781031907e-05,0.9778868679238225,0.00014237903514068657,0.00014237903514068657,0.00014237903514068657,0.00011792950462976307,0.00011792950462976307,0.00011792950462976307,0.00011792950462976307,0.00011792950462976307,0.0004889906102184697,0.0004889906102184697,0.0004889906102184697,0.9778868679238225,0.09426079448326413,0.1339041921423165,0.542283950617284,0.00014237903514068657,4142.59219170094,4142.59219170094,11.943550699972548,8302.77917599678,,fixed_iterations,,0.19918159903657148,0.19918159903657148,0.5975559556607346,0.5975559556607346,0.18114931322651637,0.18114931322651637,346,0.0034989925172404348,0.0034989925172404348,0.0016730908222110567,0.036518033900587554,0.0016730908222110567,0.8089030772079583,0.003356613482099748,0.2030569672099047,0.44561669111316604,0.16022941888488748,T020_060_020,4
347,24.68680878696254,375,125,False,projected_continuous_optimization_loss,347,500,5.758324751806195e-05,0.9769664929896206,5.463909295245722e-05,5.463909295245722e-05,5.463909295245722e-05,2.8111970692597305e-05,2.8111970692597305e-05,2.8111970692597305e-05,2.8111970692597305e-05,2.8111970692597305e-05,0.0005305424451971983,0.0005305424451971983,0.0005305424451971983,0.9769664929896206,0.0942372457933822,0.13391771078542386,0.5420061728395061,5.463909295245722e-05,4154.504307900905,4154.504307900905,11.912116199964657,8326.631853818893,,fixed_iterations,,0.2006039612827195,0.2006039612827195,0.5880337708714808,0.5880337708714808,0.18832876083542027,0.18832876083542027,347,0.0038863867448312847,0.0038863867448312847,0.0020051822008884607,0.03762409087885647,0.0020051822008884607,0.8060306960396659,0.0038317476518788273,0.20384132262814145,0.4379947052660978,0.16419466814542666,T020_060_020,4
348,24.91663660972982,375,125,False,projected_continuous_optimization_loss,348,500,2.727549748490258e-05,0.9774291813977465,2.607969306904795e-05,2.607969306904795e-05,2.607969306904795e-05,6.076004502562746e-07,6.076004502562746e-07,6.076004502562746e-07,6.076004502562746e-07,6.076004502562746e-07,0.0005094418523758335,0.0005094418523758335,0.0005094418523758335,0.9774291813977465,0.09418997002204063,0.1338706637627621,0.5414506172839506,2.607969306904795e-05,4166.408492900897,4166.408492900897,11.90418499999214,8350.421144485474,,fixed_iterations,,0.19583422779306134,0.19583422779306134,0.5854003123021866,0.5854003123021866,0.19619464130249853,0.19619464130249853,348,0.003913009681890465,0.003913009681890465,0.00211349264134343,0.035990340810940706,0.00211349264134343,0.8102887962956835,0.0038869299888214174,0.20079652017849745,0.4358853180248314,0.17360695809235463,T020_060_020,4
349,25.14860407025157,375,125,False,projected_continuous_optimization_loss,349,500,3.889857420177506e-05,0.9803057900662231,7.268046418279206e-05,7.268046418279206e-05,7.268046418279206e-05,5.328736893700821e-05,5.328736893700821e-05,5.328736893700821e-05,5.328736893700821e-05,5.328736893700821e-05,0.00038786190491567704,0.00038786190491567704,0.00038786190491567704,0.9803057900662231,0.0940627420844625,0.13360558996875602,0.5412345679012346,7.268046418279206e-05,4178.220525400946,4178.220525400946,11.8120325000491,8374.145883321762,,fixed_iterations,,0.19096366567456208,0.19096366567456208,0.598303572573162,0.598303572573162,0.19103855181849888,0.19103855181849888,349,0.002756367826157317,0.002756367826157317,0.0011226834444503177,0.03267368763413999,0.0011226834444503177,0.8192413552990065,0.002683687361974525,0.19647520934807017,0.45701441677413995,0.16575172917679645,T020_060_020,4
350,25.382731088003432,375,125,False,projected_continuous_optimization_loss,350,500,4.8597001422233956e-05,0.9780937205848756,4.046576179697857e-05,4.046576179697857e-05,4.046576179697857e-05,1.6471507906303274e-05,1.6471507906303274e-05,1.6471507906303274e-05,1.6471507906303274e-05,1.6471507906303274e-05,0.0004798850778135058,0.0004798850778135058,0.0004798850778135058,0.9780937205848756,0.09404228386699255,0.13361889220129552,0.5410802469135803,4.046576179697857e-05,4190.13057010097,4190.13057010097,11.910044700023718,8398.062711000443,,fixed_iterations,,0.2009756133573526,0.2009756133573526,0.5856319621291679,0.5856319621291679,0.19148614509835507,0.19148614509835507,350,0.004395626148524599,0.004395626148524599,0.0025717615914998015,0.03647729114049595,0.0025717615914998015,0.8090097093030749,0.00435516038672762,0.20675567023316882,0.431161273741701,0.1710927653282052,T020_060_020,4
351,25.619037767906264,375,125,False,projected_continuous_optimization_loss,351,500,3.0571763822592784e-05,0.9790011008850358,4.993262365497551e-05,4.993262365497551e-05,4.993262365497551e-05,2.7884935452953254e-05,2.7884935452953254e-05,2.7884935452953254e-05,2.7884935452953254e-05,2.7884935452953254e-05,0.0004409537640404451,0.0004409537640404451,0.0004409537640404451,0.9790011008850358,0.09396571517771778,0.133479871670598,0.5407098765432099,4.993262365497551e-05,4202.068537900923,4202.068537900923,11.937967799953185,8421.951526165009,,fixed_iterations,,0.2015661896395643,0.2015661896395643,0.588410539194369,0.588410539194369,0.18902437205110245,0.18902437205110245,351,0.0038342344728569838,0.0038342344728569838,0.0021271573103730586,0.0341415432496785,0.0021271573103730586,0.8152256964573306,0.003784301849202008,0.20689436495369987,0.44116325927637096,0.1671680722272598,T020_060_020,4
352,25.857544402052515,375,125,False,projected_continuous_optimization_loss,352,500,3.114294886217303e-05,0.9812724041824576,5.1954555090453906e-05,5.1954555090453906e-05,5.1954555090453906e-05,3.441841283519241e-05,3.441841283519241e-05,3.441841283519241e-05,3.441841283519241e-05,3.441841283519241e-05,0.0003507228451052298,0.0003507228451052298,0.0003507228451052298,0.9812724041824576,0.09388066615074013,0.13331635075153406,0.5404938271604939,5.1954555090453906e-05,4213.903190300916,4213.903190300916,11.834652399993502,8445.744241952896,,fixed_iterations,,0.19439830169995187,0.19439830169995187,0.5965565122764447,0.5965565122764447,0.19031759020606104,0.19031759020606104,352,0.003246794824945692,0.003246794824945692,0.001649581792426952,0.0319442606503748,0.001649581792426952,0.8212704259212404,0.003194840269855238,0.20332056649500438,0.4503317427949686,0.16761811663126752,T020_060_020,4
353,26.0982714714488,375,125,False,projected_continuous_optimization_loss,353,500,3.4313641749302484e-05,0.9795655830042103,2.901934471184403e-05,2.901934471184403e-05,2.901934471184403e-05,8.141074813953e-06,8.141074813953e-06,8.141074813953e-06,8.141074813953e-06,8.141074813953e-06,0.00041756539795782056,0.00041756539795782056,0.00041756539795782056,0.9795655830042103,0.09387704867311052,0.1333716585652245,0.5399074074074074,2.901934471184403e-05,4225.81169220095,4225.81169220095,11.908501900034025,8469.605528354645,,fixed_iterations,,0.19633097836522503,0.19633097836522503,0.5841264975532936,0.5841264975532936,0.19910810708569163,0.19910810708569163,353,0.004136175650315901,0.004136175650315901,0.0024567567997719397,0.03358837701087921,0.0024567567997719397,0.8167286792460992,0.004107156305604057,0.20391592427017746,0.43477071001650186,0.1780420449594199,T020_060_020,4
354,26.34123964777462,375,125,False,projected_continuous_optimization_loss,354,500,4.323237605545581e-05,0.9822694864914945,3.05636958494116e-05,3.05636958494116e-05,3.05636958494116e-05,1.4845140385646961e-05,1.4845140385646961e-05,1.4845140385646961e-05,1.4845140385646961e-05,1.4845140385646961e-05,0.00031437110927529273,0.00031437110927529273,0.00031437110927529273,0.9822694864914945,0.09378747515770171,0.1331838970143165,0.5399074074074074,3.05636958494116e-05,4237.718435700983,4237.718435700983,11.906743500032462,8493.451575040817,,fixed_iterations,,0.19532175701753113,0.19532175701753113,0.5944580786696336,0.5944580786696336,0.19248965080432978,0.19248965080432978,354,0.0031411916872771755,0.0031411916872771755,0.0016234474360129114,0.03035488502528528,0.0016234474360129114,0.8257734663569143,0.003110627991427764,0.20356897118977002,0.4527238774031799,0.16948061776396434,T020_060_020,4
355,26.586469795157473,375,125,False,projected_continuous_optimization_loss,355,500,2.5921992090530348e-05,0.9825106089097473,3.4988585456222155e-05,3.4988585456222155e-05,3.4988585456222155e-05,1.96946454208316e-05,1.96946454208316e-05,1.96946454208316e-05,1.96946454208316e-05,1.96946454208316e-05,0.000305878800707811,0.000305878800707811,0.000305878800707811,0.9825106089097473,0.09374482937995515,0.1331241268903967,0.5397530864197531,3.4988585456222155e-05,4249.664472301025,4249.664472301025,11.946036600042135,8517.329719543457,,fixed_iterations,,0.19993486709079922,0.19993486709079922,0.5922261911832808,0.5922261911832808,0.1903495506356673,0.1903495506356673,355,0.00312680121909499,0.00312680121909499,0.0016202050197497801,0.0301319239869042,0.0016202050197497801,0.8264145052520108,0.003091812633638768,0.20429450486096917,0.4535750252445164,0.1685449751465252,T020_060_020,4
356,26.833982971964517,375,125,False,projected_continuous_optimization_loss,356,500,2.7119992462850193e-05,0.9823884656498957,2.593826001686029e-05,2.593826001686029e-05,2.593826001686029e-05,1.0429952908614876e-05,1.0429952908614876e-05,1.0429952908614876e-05,1.0429952908614876e-05,1.0429952908614876e-05,0.0003101661421649083,0.0003101661421649083,0.0003101661421649083,0.9823884656498957,0.09372208099138918,0.1331170837289381,0.5394135802469135,2.593826001686029e-05,4261.579341200995,4261.579341200995,11.914868899970315,8541.151932477951,,fixed_iterations,,0.20095664757809534,0.20095664757809534,0.5869635048900039,0.5869635048900039,0.19446831318179636,0.19446831318179636,356,0.003747096673395877,0.003747096673395877,0.0022265936821064497,0.03041005982578854,0.0022265936821064497,0.8256151961156347,0.003721158413379017,0.20866898495099417,0.44436572496562976,0.17258048619901076,T020_060_020,4
357,27.08380043261086,375,125,False,projected_continuous_optimization_loss,357,500,3.0006161899435045e-05,0.9857432466553477,3.5000947457739275e-05,3.5000947457739275e-05,3.5000947457739275e-05,2.4838196661226602e-05,2.4838196661226602e-05,2.4838196661226602e-05,2.4838196661226602e-05,2.4838196661226602e-05,0.00020325501593025346,0.00020325501593025346,0.00020325501593025346,0.9857432466553477,0.09365107597024569,0.13296782766480228,0.5393518518518519,3.5000947457739275e-05,4273.437163801049,4273.437163801049,11.857822600053623,8565.03344464302,,fixed_iterations,,0.19318342447416081,0.19318342447416081,0.598369236030566,0.598369236030566,0.19419058615062096,0.19419058615062096,357,0.0026581478626554814,0.0026581478626554814,0.0012859396250768018,0.027444164751573585,0.0012859396250768018,0.8343371956304808,0.002623146915197742,0.20092280915025898,0.4618278284224692,0.17158655805775258,T020_060_020,4
358,27.33594362938475,375,125,False,projected_continuous_optimization_loss,358,500,3.578338561933624e-05,0.9846699653477706,1.5587379438353003e-05,1.5587379438353003e-05,1.5587379438353003e-05,3.836881316425331e-06,3.836881316425331e-06,3.836881316425331e-06,3.836881316425331e-06,3.836881316425331e-06,0.00023500996243855339,0.00023500996243855339,0.00023500996243855339,0.9846699653477706,0.09364647457862167,0.13300950209765092,0.5389814814814815,1.5587379438353003e-05,4285.345934501034,4285.345934501034,11.908770699985325,8588.933025121689,,fixed_iterations,,0.1974295717660239,0.1974295717660239,0.5882312569561631,0.5882312569561631,0.19900913662558362,0.19900913662558362,358,0.003617896427315551,0.003617896427315551,0.002155869459375673,0.029240539358797554,0.002155869459375673,0.8290013469094054,0.0036023090478771976,0.2063380139917241,0.4456688067401327,0.17699452617754857,T020_060_020,4
359,27.590434214289694,375,125,False,projected_continuous_optimization_loss,359,500,3.117825757782481e-05,0.9870958407395914,1.9135791282300072e-05,1.9135791282300072e-05,1.9135791282300072e-05,1.0809924971400678e-05,1.0809924971400678e-05,1.0809924971400678e-05,1.0809924971400678e-05,1.0809924971400678e-05,0.00016651732621798785,0.00016651732621798785,0.00016651732621798785,0.9870958407395914,0.09358868526299717,0.1328911422680096,0.538858024691358,1.9135791282300072e-05,4297.304674800951,4297.304674800951,11.958740299916826,8612.89390707016,,fixed_iterations,,0.198685657640361,0.198685657640361,0.5954447455059078,0.5954447455059078,0.19296543759332266,0.19296543759332266,359,0.002636556297720809,0.002636556297720809,0.0013160505500987203,0.026410114952441777,0.0013160505500987203,0.8374881082737581,0.002617420506438509,0.2037684911019085,0.4644098032326357,0.16930981393921385,T020_060_020,4
360,27.84729404090376,375,125,False,projected_continuous_optimization_loss,360,500,2.352197727749083e-05,0.987955451788369,1.8937168761524027e-05,1.8937168761524027e-05,1.8937168761524027e-05,1.168361168040881e-05,1.168361168040881e-05,1.168361168040881e-05,1.168361168040881e-05,1.168361168040881e-05,0.00014507114162230436,0.00014507114162230436,0.00014507114162230436,0.987955451788369,0.09355770907377627,0.1328509125760559,0.5387345679012345,1.8937168761524027e-05,4309.221126500983,4309.221126500983,11.916451700031757,8636.765262842178,,fixed_iterations,,0.20023310516196335,0.20023310516196335,0.5948976383691857,0.5948976383691857,0.1928247082572199,0.1928247082572199,360,0.0026837491962655824,0.0026837491962655824,0.001362865186950173,0.026417680186308187,0.001362865186950173,0.837464834001044,0.0026648120275040584,0.20445965897135374,0.46377525313926815,0.16922992189042205,T020_060_020,4
361,28.106545166256222,375,125,False,projected_continuous_optimization_loss,361,500,2.455867977450801e-05,0.9882544869936144,8.570330756107227e-06,8.570330756107227e-06,8.570330756107227e-06,1.6724769669484308e-06,1.6724769669484308e-06,1.6724769669484308e-06,1.6724769669484308e-06,1.6724769669484308e-06,0.0001379570757831759,0.0001379570757831759,0.0001379570757831759,0.9882544869936144,0.09354112036292589,0.13285130518887084,0.5382407407407407,8.570330756107227e-06,4321.105970600969,4321.105970600969,11.884844099986367,8660.648166894913,,fixed_iterations,,0.19897605717917638,0.19897605717917638,0.5912256439353074,0.5912256439353074,0.1980527858791306,0.1980527858791306,361,0.00288172003509691,0.00288172003509691,0.0015857253240224797,0.025919894221488608,0.0015857253240224797,0.8390034341313808,0.002873149704340803,0.2046339548965704,0.45935664354777694,0.17501283568703352,T020_060_020,4
362,28.368209852721584,375,125,False,projected_continuous_optimization_loss,362,500,2.4651975489384204e-05,0.9910484335108269,2.0782344844675332e-05,2.0782344844675332e-05,2.0782344844675332e-05,1.677581771417093e-05,1.677581771417093e-05,1.677581771417093e-05,1.677581771417093e-05,1.677581771417093e-05,8.013054261008804e-05,8.013054261008804e-05,8.013054261008804e-05,0.9910484335108269,0.09348975442605593,0.132744579596968,0.5383024691358025,2.0782344844675332e-05,4332.914416200947,4332.914416200947,11.808445599977858,8684.450902700424,,fixed_iterations,,0.1942910932024086,0.1942910932024086,0.6002213586663546,0.6002213586663546,0.19653598164206365,0.19653598164206365,362,0.002102316015034969,0.002102316015034969,0.0009021105247671398,0.024004109805356583,0.0009021105247671398,0.8450674023797557,0.0020815336701902934,0.19924292933783347,0.47516314969408563,0.1706613233478365,T020_060_020,4
363,28.632310569931313,375,125,False,projected_continuous_optimization_loss,363,500,3.2046681633024734e-05,0.9898049988701922,1.3374260449273877e-05,1.3374260449273877e-05,1.3374260449273877e-05,8.177358047434918e-06,8.177358047434918e-06,8.177358047434918e-06,8.177358047434918e-06,8.177358047434918e-06,0.00010393804803677918,0.00010393804803677918,0.00010393804803677918,0.9898049988701922,0.09348458231322333,0.1327815480409641,0.5382098765432098,1.3374260449273877e-05,4344.874223300954,4344.874223300954,11.95980710000731,8708.421979427338,,fixed_iterations,,0.20083032900586506,0.20083032900586506,0.5900312249086281,0.5900312249086281,0.19894344495569918,0.19894344495569918,363,0.0027964619813990255,0.0027964619813990255,0.0015262438057402443,0.025404363513175623,0.0015262438057402443,0.8406125365244317,0.0027830877209497518,0.205763359150613,0.4619863679683934,0.1728628094054253,T020_060_020,4
364,28.89886999670336,375,125,False,projected_continuous_optimization_loss,364,500,3.085411179419739e-05,0.9929420138696894,2.7164803106214553e-05,2.7164803106214553e-05,2.7164803106214553e-05,2.4674044695431863e-05,2.4674044695431863e-05,2.4674044695431863e-05,2.4674044695431863e-05,2.4674044695431863e-05,4.981516821565383e-05,4.981516821565383e-05,4.981516821565383e-05,0.9929420138696894,0.0934253492774458,0.13264690240571073,0.5380555555555555,2.7164803106214553e-05,4356.80739740096,4356.80739740096,11.933174100006,8732.359425067902,,fixed_iterations,,0.19872042990174152,0.19872042990174152,0.6017388462536993,0.6017388462536993,0.1924827377142487,0.1924827377142487,364,0.002027326261626567,0.002027326261626567,0.0008701591790347403,0.02314334165183654,0.0008701591790347403,0.8478706417162138,0.0020001614585203526,0.2024918676381674,0.4810549065234152,0.16432386755463135,T020_060_020,4
365,29.167911022989617,375,125,False,projected_continuous_optimization_loss,365,500,3.41903702459987e-05,0.991582113608604,1.264161734382708e-05,1.264161734382708e-05,1.264161734382708e-05,9.098576778904617e-06,9.098576778904617e-06,9.098576778904617e-06,9.098576778904617e-06,9.098576778904617e-06,7.086081129844925e-05,7.086081129844925e-05,7.086081129844925e-05,0.991582113608604,0.09342484935828245,0.132697765570006,0.5379012345679013,1.264161734382708e-05,4368.768154800986,4368.768154800986,11.960757400025614,8756.331341266632,,fixed_iterations,,0.2015688823097874,0.2015688823097874,0.5909809901479608,0.5909809901479608,0.19903224115085585,0.19903224115085585,365,0.0025892543570264527,0.0025892543570264527,0.0013747236003872519,0.024290615132784018,0.0013747236003872519,0.8441455322014025,0.0025766127396826257,0.2054242102436467,0.46662583778435124,0.17209548417340476,T020_060_020,4
366,29.439456751841526,375,125,False,projected_continuous_optimization_loss,366,500,3.061665012244348e-05,0.9946561671573112,1.8195796241169394e-05,1.8195796241169394e-05,1.8195796241169394e-05,1.676796876863948e-05,1.676796876863948e-05,1.676796876863948e-05,1.676796876863948e-05,1.676796876863948e-05,2.855654945059828e-05,2.855654945059828e-05,2.855654945059828e-05,0.9946561671573112,0.09337402052758004,0.13258191689480542,0.5379012345679013,1.8195796241169394e-05,4380.580120400991,4380.580120400991,11.811965600005351,8780.109642028809,,fixed_iterations,,0.19511560235740896,0.19511560235740896,0.6024384364047822,0.6024384364047822,0.19710212839512004,0.19710212839512004,366,0.0015759705707125231,0.0015759705707125231,0.000522584202279992,0.021067727368650622,0.000522584202279992,0.8548527390246354,0.0015577747744713536,0.19623145006474488,0.49057290141269866,0.16804838754719176,T020_060_020,4
367,29.713530501393976,375,125,False,projected_continuous_optimization_loss,367,500,3.2423794927718714e-05,0.9931351326260381,1.1553699337400833e-05,1.1553699337400833e-05,1.1553699337400833e-05,9.197379134296534e-06,9.197379134296534e-06,9.197379134296534e-06,9.197379134296534e-06,9.197379134296534e-06,4.712640406208598e-05,4.712640406208598e-05,4.712640406208598e-05,0.9931351326260381,0.09336867533822994,0.1326214857706568,0.5375617283950618,1.1553699337400833e-05,4392.491407400928,4392.491407400928,11.911286999937147,8803.936473369598,,fixed_iterations,,0.2005351848302057,0.2005351848302057,0.591629046298618,0.591629046298618,0.20097090149721444,0.20097090149721444,367,0.0023259921790683867,0.0023259921790683867,0.0011952399378451115,0.022615044824465507,0.0011952399378451115,0.8496170061992863,0.0023144384797309857,0.20460411991920108,0.4726280755868204,0.17238481069326478,T020_060_020,4
368,29.990155806867683,375,125,False,projected_continuous_optimization_loss,368,500,3.144094963726057e-05,0.9961870114905012,2.4697597299068517e-05,2.4697597299068517e-05,2.4697597299068517e-05,2.3970653230390003e-05,2.3970653230390003e-05,2.3970653230390003e-05,2.3970653230390003e-05,2.3970653230390003e-05,1.4538881373570255e-05,1.4538881373570255e-05,1.4538881373570255e-05,0.9961870114905012,0.09331235499918968,0.1324866987958498,0.5375617283950618,2.4697597299068517e-05,4404.342877300922,4404.342877300922,11.85146989999339,8827.742512464523,,fixed_iterations,,0.19832145503574383,0.19832145503574383,0.6040907449910828,0.6040907449910828,0.19377481146367453,0.19377481146367453,368,0.0015718785238651887,0.0015718785238651887,0.0005583725920258906,0.02027011863678596,0.0005583725920258906,0.8576268331574172,0.0015471809265661203,0.19966625357381176,0.4958032798945037,0.1621572996891017,T020_060_020,4
369,30.269356422590196,375,125,False,projected_continuous_optimization_loss,369,500,3.6812360369420624e-05,0.9939321409719104,2.6740609013590367e-05,2.6740609013590367e-05,2.6740609013590367e-05,2.4899663354351948e-05,2.4899663354351948e-05,2.4899663354351948e-05,2.4899663354351948e-05,2.4899663354351948e-05,3.68189131847684e-05,3.68189131847684e-05,3.68189131847684e-05,0.9939321409719104,0.09331583273963345,0.13255660808628694,0.5371913580246913,2.6740609013590367e-05,4416.233464900986,4416.233464900986,11.890587600064464,8851.600473880768,,fixed_iterations,,0.2035997271290326,0.2035997271290326,0.5895342958033968,0.5895342958033968,0.20079811803948103,0.20079811803948103,369,0.0024667671253049053,0.0024667671253049053,0.0013348674609902713,0.022637993286292683,0.0013348674609902713,0.8495407254892784,0.002440026516291315,0.2063828803170839,0.47033771849366485,0.17282012667852964,T020_060_020,4
370,30.551156324035713,375,125,False,projected_continuous_optimization_loss,370,500,4.542683547685469e-05,0.998602630246922,6.061917184636494e-05,6.061917184636494e-05,6.061917184636494e-05,6.0521539735024075e-05,6.0521539735024075e-05,6.0521539735024075e-05,6.0521539735024075e-05,6.0521539735024075e-05,1.9526422268173434e-06,1.9526422268173434e-06,1.9526422268173434e-06,0.998602630246922,0.09325254899944624,0.13238623668055552,0.5374382716049383,6.061917184636494e-05,4428.022007400985,4428.022007400985,11.788542499998584,8875.353704929352,,fixed_iterations,,0.19337257863675603,0.19337257863675603,0.6101012744029645,0.6101012744029645,0.1951287772072015,0.1951287772072015,370,0.001264728447734118,0.001264728447734118,0.0003165487977424511,0.018963592999833336,0.0003165487977424511,0.8622916378725193,0.001204109275887753,0.19387991325416387,0.5036825709825454,0.1647291536358101,T020_060_020,4
371,30.83557970988395,375,125,False,projected_continuous_optimization_loss,371,500,7.279309855125137e-05,0.9934532621150014,0.00011538416868435243,0.00011538416868435243,0.00011538416868435243,0.00011324117983760871,0.00011324117983760871,0.00011324117983760871,0.00011324117983760871,0.00011324117983760871,4.285977693487448e-05,4.285977693487448e-05,4.285977693487448e-05,0.9934532621150014,0.09328007960334361,0.1325531252524237,0.5371604938271605,0.00011538416868435243,4439.8616535010515,4439.8616535010515,11.839646100066602,8899.061482667923,,fixed_iterations,,0.20504293737482956,0.20504293737482956,0.5811748367647871,0.5811748367647871,0.20723548797538482,0.20723548797538482,371,0.0026621819187123445,0.0026621819187123445,0.0015608806813139009,0.022026024747968876,0.0015608806813139009,0.8515883267799703,0.002546797750027992,0.20675919555305472,0.46623801587312347,0.1785911153537921,T020_060_020,4
372,31.12265100409806,375,125,False,projected_continuous_optimization_loss,372,500,0.00013373727920365522,1.0024554019284813,0.000299558522042839,0.000299558522042839,0.000299558522042839,0.00029925707211131956,0.00029925707211131956,0.00029925707211131956,0.00029925707211131956,0.00029925707211131956,6.028998630388401e-06,6.028998630388401e-06,6.028998630388401e-06,1.0024554019284813,0.09316218428245739,0.13219879118985264,0.5374074074074074,0.000299558522042839,4451.756140901009,4451.756140901009,11.894487399957143,8922.930584907532,,fixed_iterations,,0.19012056233073724,0.19012056233073724,0.6259051094999285,0.6259051094999285,0.18642973009781535,0.18642973009781535,372,0.0012955307566864796,0.0012955307566864796,0.0005040859517884649,0.015828896097960295,0.0005040859517884649,0.8741870590997879,0.0009959722346436406,0.18776933273903845,0.5393162085156703,0.14710151784507902,T020_060_020,4
373,31.41239485802199,375,125,False,projected_continuous_optimization_loss,373,500,0.00030429882806464105,0.9903008298971303,0.0005575380271876097,0.0005575380271876097,0.0005575380271876097,0.0005528343321533896,0.0005528343321533896,0.0005528343321533896,0.0005528343321533896,0.0005528343321533896,9.407390068440127e-05,9.407390068440127e-05,9.407390068440127e-05,0.9903008298971303,0.09326755994974528,0.13265201777357477,0.5370061728395061,0.0005575380271876097,4463.495317501016,4463.495317501016,11.73917660000734,8946.626831293106,,fixed_iterations,,0.21587092926328932,0.21587092926328932,0.5612891633259617,0.5612891633259617,0.21314073730787927,0.21314073730787927,373,0.003570030220755382,0.003570030220755382,0.002480305448929017,0.021794495436527294,0.002480305448929017,0.8523704113785882,0.0030124921935677723,0.21500140388648012,0.4542869286845427,0.18308207880756527,T020_060_020,4
374,31.70483615249736,375,125,False,projected_continuous_optimization_loss,374,500,0.0005728906902560596,1.0060726265886126,0.0009634663733128283,0.0009634663733128283,0.0009634663733128283,0.000961622533628592,0.000961622533628592,0.000961622533628592,0.000961622533628592,0.000961622533628592,3.687679368472505e-05,3.687679368472505e-05,3.687679368472505e-05,1.0060726265886126,0.09303097536283882,0.13197164344067208,0.5369135802469136,0.0009634663733128283,4475.377621400985,4475.377621400985,11.882303899968974,8970.517915010452,,fixed_iterations,,0.17757624392385457,0.17757624392385457,0.6477261550293737,0.6477261550293737,0.1807702276353843,0.1807702276353843,374,0.002180137709498809,0.002180137709498809,0.0015469876089926557,0.012663002010123063,0.0015469876089926557,0.8874699950674352,0.0012166713361859809,0.1718180480056423,0.5777870867578595,0.13786486030393338,T020_060_020,4
375,32.0,375,125,False,projected_continuous_optimization_loss,375,500,0.000982072568385396,0.9889823533826123,0.000518483970761253,0.000518483970761253,0.000518483970761253,0.000512414543911971,0.000512414543911971,0.000512414543911971,0.000512414543911971,0.000512414543911971,0.00012138853698563927,0.00012138853698563927,0.00012138853698563927,0.9889823533826123,0.0932773630948986,0.13280918387857776,0.5362345679012346,0.000518483970761253,4487.217031000997,4487.217031000997,11.839409600012004,8994.298241138458,,fixed_iterations,,0.21096482237785144,0.21096482237785144,0.5618708383370082,0.5618708383370082,0.2161466926677525,0.2161466926677525,375,0.0022625007660074187,0.0022625007660074187,0.0012147704811823364,0.02095460569650165,0.0012147704811823364,0.8552429424984688,0.0017440167952461657,0.20871020349004937,0.4779137219992128,0.1686190170092065,T020_060_020,4
376,32.0,375,125,False,projected_continuous_optimization_loss,376,500,0.0005371394433802328,0.9935392250928728,2.5477012935957935e-05,2.5477012935957935e-05,2.5477012935957935e-05,2.3389932315929813e-05,2.3389932315929813e-05,2.3389932315929813e-05,2.3389932315929813e-05,2.3389932315929813e-05,4.174161240056244e-05,4.174161240056244e-05,4.174161240056244e-05,0.9935392250928728,0.09302664052619669,0.13224912907153802,0.5356481481481481,2.5477012935957935e-05,4499.138413100969,4499.138413100969,11.921382099972107,9018.149817705154,,fixed_iterations,,0.1982610230728476,0.1982610230728476,0.6022191921342005,0.6022191921342005,0.1930590098858249,0.1930590098858249,376,0.001964606709960362,0.001964606709960362,0.0009180565586847343,0.02093100302551255,0.0009180565586847343,0.8553244905814652,0.001939129697024404,0.18873951876385073,0.5321630227115907,0.13442194910602384,T020_060_020,4
377,32.0,375,125,False,projected_continuous_optimization_loss,377,500,4.408234104119728e-05,0.9937494306147318,0.0002218180798290836,0.0002218180798290836,0.0002218180798290836,0.0002198645989470809,0.0002198645989470809,0.0002198645989470809,0.0002198645989470809,0.0002198645989470809,3.906961764005404e-05,3.906961764005404e-05,3.906961764005404e-05,0.9937494306147318,0.09286757012566522,0.1319751298432023,0.5352469135802469,0.0002218180798290836,4511.014977701008,4511.014977701008,11.876564600039274,9041.820164680481,,fixed_iterations,,0.190800885745369,0.190800885745369,0.6169063943617088,0.6169063943617088,0.18604215050765388,0.18604215050765388,377,0.0028773017689957205,0.0028773017689957205,0.001808941097908463,0.021367213421745152,0.001808941097908463,0.8538247167892425,0.002655483689166637,0.17743633437774883,0.5530583598078425,0.12333002260365117,T020_060_020,4
378,32.0,375,125,False,projected_continuous_optimization_loss,378,500,0.00024039159385421663,0.9842467577966831,0.0003253960523102244,0.0003253960523102244,0.0003253960523102244,0.0003129878203144062,0.0003129878203144062,0.0003129878203144062,0.0003129878203144062,0.0003129878203144062,0.00024816463991636354,0.00024816463991636354,0.00024816463991636354,0.9842467577966831,0.09303058509817878,0.13257720148387647,0.5349382716049382,0.0003253960523102244,4522.81354120106,4522.81354120106,11.798563500051387,9065.596189498901,,fixed_iterations,,0.20690821511784008,0.20690821511784008,0.5660527304624844,0.5660527304624844,0.21128581221635873,0.21128581221635873,378,0.0017842570139531728,0.0017842570139531728,0.0005320745749982417,0.02504364877909862,0.0005320745749982417,0.8417481476282233,0.0014588609616429484,0.1935730856783042,0.5018354092297127,0.14633965272020635,T020_060_020,4
379,32.0,375,125,False,projected_continuous_optimization_loss,379,500,0.00034400216932986013,0.9897915079870045,3.090034104779989e-05,3.090034104779989e-05,3.090034104779989e-05,2.5689675588830407e-05,2.5689675588830407e-05,2.5689675588830407e-05,2.5689675588830407e-05,2.5689675588830407e-05,0.00010421330917938966,0.00010421330917938966,0.00010421330917938966,0.9897915079870045,0.0927315669486123,0.13195378052865453,0.5346604938271605,3.090034104779989e-05,4534.730671401019,4534.730671401019,11.917130199959502,9089.395622968674,,fixed_iterations,,0.19337193357415833,0.19337193357415833,0.600855912597186,0.600855912597186,0.19556366181566034,0.19556366181566034,379,0.002435462658477798,0.002435462658477798,0.001410678477794904,0.020495683613657882,0.001410678477794904,0.8568368636357184,0.0024045623174299984,0.17231604880542023,0.5530338772692543,0.13148693756104385,T020_060_020,4
380,32.0,375,125,False,projected_continuous_optimization_loss,380,500,4.944665443752235e-05,0.9928648832172579,0.00013658305587269955,0.00013658305587269955,0.00013658305587269955,0.0001340375612975312,0.0001340375612975312,0.0001340375612975312,0.0001340375612975312,0.0001340375612975312,5.090989150336704e-05,5.090989150336704e-05,5.090989150336704e-05,0.9928648832172579,0.09256229969741259,0.1316722114150775,0.5345987654320987,0.00013658305587269955,4546.58385330101,4546.58385330101,11.853181899990886,9113.169639348984,,fixed_iterations,,0.19224961252836675,0.19224961252836675,0.611850143839562,0.611850143839562,0.18876512684932908,0.18876512684932908,380,0.0027544721593438398,0.0027544721593438398,0.0017604034279829178,0.019881374627218437,0.0017604034279829178,0.8589986715409446,0.00261788910347114,0.1664729208097496,0.5619620986186924,0.13056365211250257,T020_060_020,4
381,32.0,375,125,False,projected_continuous_optimization_loss,381,500,0.00015509551581218206,0.990054574134725,0.0001616878940546128,0.0001616878940546128,0.0001616878940546128,0.0001567423192725286,0.0001567423192725286,0.0001567423192725286,0.0001567423192725286,0.0001567423192725286,9.89114956416837e-05,9.89114956416837e-05,9.89114956416837e-05,0.990054574134725,0.09267208377975655,0.13209366060961256,0.5345987654320987,0.0001616878940546128,4558.500522700953,4558.500522700953,11.916669399943203,9137.077547073364,,fixed_iterations,,0.20804454461460725,0.20804454461460725,0.5765678441140328,0.5765678441140328,0.2054421854060848,0.2054421854060848,381,0.0013255369229090502,0.0013255369229090502,0.0003428426324198531,0.01965388580978394,0.0003428426324198531,0.859807682771901,0.0011638490288544373,0.17962809866314566,0.5303842878184079,0.14979529629034746,T020_060_020,4
382,32.0,375,125,False,projected_continuous_optimization_loss,382,500,0.00018022231081056412,0.9956070492256837,2.999643912706413e-06,2.999643912706413e-06,2.999643912706413e-06,2.034743087428086e-06,2.034743087428086e-06,2.034743087428086e-06,2.034743087428086e-06,2.034743087428086e-06,1.929801650556653e-05,1.929801650556653e-05,1.929801650556653e-05,0.9956070492256837,0.09244013103292156,0.13164521194438158,0.5344135802469135,2.999643912706413e-06,4570.3831147010205,4570.3831147010205,11.882592000067234,9160.937283754349,,fixed_iterations,,0.19787081971100728,0.19787081971100728,0.5966285043273645,0.5966285043273645,0.2011077251873119,0.2011077251873119,382,0.0011680689367616097,0.0011680689367616097,0.00046782990445311343,0.014004780646169925,0.00046782990445311343,0.8816582041450701,0.0011650692928489032,0.1670013717318097,0.555573311135991,0.15908352127726938,T020_060_020,4
383,32.0,375,125,False,projected_continuous_optimization_loss,383,500,2.1487670119290725e-05,1.0009694136331801,0.0001302623604392151,0.0001302623604392151,0.0001302623604392151,0.0001302153722996053,0.0001302153722996053,0.0001302153722996053,0.0001302153722996053,0.0001302153722996053,9.397627921955375e-07,9.397627921955375e-07,9.397627921955375e-07,1.0009694136331801,0.09219716338523973,0.1311721974287881,0.5342283950617284,0.0001302623604392151,4582.303225400974,4582.303225400974,11.920110699953511,9184.699441432953,,fixed_iterations,,0.19112528759645833,0.19112528759645833,0.6166927491232506,0.6166927491232506,0.19315137691347126,0.19315137691347126,383,0.0013702406387877731,0.0013702406387877731,0.0008341025351161626,0.01072276207343221,0.0008341025351161626,0.8964492294889497,0.001239978278348558,0.1643202636601673,0.5742919764769135,0.1578369893518689,T020_060_020,4
384,32.0,375,125,False,projected_continuous_optimization_loss,384,500,0.00014870179311626304,0.9995634535782439,3.5337310283555906e-05,3.5337310283555906e-05,3.5337310283555906e-05,3.53277816446385e-05,3.53277816446385e-05,3.53277816446385e-05,3.53277816446385e-05,3.53277816446385e-05,1.905727783481138e-07,1.905727783481138e-07,1.905727783481138e-07,0.9995634535782439,0.09223879217028225,0.13139371154054638,0.5339197530864197,3.5337310283555906e-05,4594.252611201024,4594.252611201024,11.94938580004964,9208.63070821762,,fixed_iterations,,0.2052386758671637,0.2052386758671637,0.5914473955415988,0.5914473955415988,0.2028773821694814,0.2028773821694814,384,0.000728336187893285,0.000728336187893285,0.00021079081057371964,0.010350907546391307,0.00021079081057371964,0.8982605900037193,0.0006929988776097291,0.17632457797843684,0.556330548581316,0.16560546344396646,T020_060_020,4
385,32.0,375,125,False,projected_continuous_optimization_loss,385,500,5.378506871761236e-05,1.0011925895881586,4.616550534253522e-05,4.616550534253522e-05,4.616550534253522e-05,4.609439184624603e-05,4.609439184624603e-05,4.609439184624603e-05,4.609439184624603e-05,4.609439184624603e-05,1.4222699257837672e-06,1.4222699257837672e-06,1.4222699257837672e-06,1.0011925895881586,0.09211097911239735,0.13119898866901325,0.533641975308642,4.616550534253522e-05,4606.088760501007,4606.088760501007,11.836149299982935,9232.425282239914,,fixed_iterations,,0.2059257398839644,0.2059257398839644,0.591160144880318,0.591160144880318,0.20410670482387613,0.20410670482387613,385,0.0005664091318785037,0.0005664091318785037,0.00010406433982488435,0.009246895841072387,0.00010406433982488435,0.9038392187995938,0.0005202436265359685,0.17657145779048503,0.5550934010210946,0.17217435998801428,T020_060_020,4
386,32.0,375,125,False,projected_continuous_optimization_loss,386,500,6.458770116501469e-05,1.0057488182824097,8.094538691010903e-05,8.094538691010903e-05,8.094538691010903e-05,7.929294132790064e-05,7.929294132790064e-05,7.929294132790064e-05,7.929294132790064e-05,7.929294132790064e-05,3.3048911644167965e-05,3.3048911644167965e-05,3.3048911644167965e-05,1.0057488182824097,0.09181207359674515,0.1305931182238814,0.5330555555555555,8.094538691010903e-05,4617.9114775010385,4617.9114775010385,11.822717000031844,9256.208886384964,,fixed_iterations,,0.19380919958979673,0.19380919958979673,0.6160581385663861,0.6160581385663861,0.1958814801262268,0.1958814801262268,386,0.0007105756034503151,0.0007105756034503151,0.00034043341618350564,0.007402843745336187,0.00034043341618350564,0.9139602199832183,0.0006296302165402061,0.1670121090900386,0.5717516791677771,0.17519643172540256,T020_060_020,4
387,32.0,375,125,False,projected_continuous_optimization_loss,387,500,9.930780162945806e-05,1.0047210125883692,5.07166287402366e-06,5.07166287402366e-06,5.07166287402366e-06,3.957264881046632e-06,3.957264881046632e-06,3.957264881046632e-06,3.957264881046632e-06,3.957264881046632e-06,2.228795985954056e-05,2.228795985954056e-05,2.228795985954056e-05,1.0047210125883692,0.09175133583998192,0.13054946867157882,0.5326543209876543,5.07166287402366e-06,4629.806289501023,4629.806289501023,11.894811999984086,9280.071974515915,,fixed_iterations,,0.19852776464735505,0.19852776464735505,0.6053107467721901,0.6053107467721901,0.20088250116882392,0.20088250116882392,387,0.0004925747160253815,0.0004925747160253815,0.00010945034172539098,0.00766248748599981,0.00010945034172539098,0.9124643644793745,0.00048750305315135785,0.17209345204281834,0.5601335369705628,0.18023737546599333,T020_060_020,4
388,32.0,375,125,False,projected_continuous_optimization_loss,388,500,2.3421930042020043e-05,1.0025763167483008,7.967343262804683e-05,7.967343262804683e-05,7.967343262804683e-05,7.934156222866805e-05,7.934156222866805e-05,7.934156222866805e-05,7.934156222866805e-05,7.934156222866805e-05,6.637407987575378e-06,6.637407987575378e-06,6.637407987575378e-06,1.0025763167483008,0.09172581300379834,0.13059178811654,0.5321604938271605,7.967343262804683e-05,4641.738743501017,4641.738743501017,11.932453999994323,9303.890966892242,,fixed_iterations,,0.20778983146390476,0.20778983146390476,0.588967764729417,0.588967764729417,0.20581872055497902,0.20581872055497902,388,0.00041493112916520956,0.00041493112916520956,3.056386259030319e-06,0.008237494858123584,3.056386259030319e-06,0.9092393540232135,0.00033525769653716274,0.1799024793069015,0.5474918772301576,0.18184499748615437,T020_060_020,4
389,32.0,375,125,False,projected_continuous_optimization_loss,389,500,9.801859522880649e-05,1.0047463356581114,8.324131211564045e-06,8.324131211564045e-06,8.324131211564045e-06,7.197746102590929e-06,7.197746102590929e-06,7.197746102590929e-06,7.197746102590929e-06,7.197746102590929e-06,2.2527702179462307e-05,2.2527702179462307e-05,2.2527702179462307e-05,1.0047463356581114,0.09146946807683247,0.1300849771084741,0.5316358024691358,8.324131211564045e-06,4653.634291601018,4653.634291601018,11.895548100001179,9327.64326453209,,fixed_iterations,,0.200302745021227,0.200302745021227,0.6064246540049301,0.6064246540049301,0.19801893663195455,0.19801893663195455,389,0.00045013115823922006,0.00045013115823922006,9.942554145891457e-05,0.007014112335606109,9.942554145891457e-05,0.9162497024745218,0.000441807027027656,0.17434772789652309,0.5623105878983826,0.17959138667961616,T020_060_020,4
390,32.0,375,125,False,projected_continuous_optimization_loss,390,500,2.661802482693054e-05,1.0047680756747277,4.64328673990091e-05,4.64328673990091e-05,4.64328673990091e-05,4.529614011701249e-05,4.529614011701249e-05,4.529614011701249e-05,4.529614011701249e-05,4.529614011701249e-05,2.273454563993214e-05,2.273454563993214e-05,2.273454563993214e-05,1.0047680756747277,0.09129683811134032,0.12977173143462042,0.5311419753086419,4.64328673990091e-05,4665.446259200922,4665.446259200922,11.811967599904165,9351.420838594437,,fixed_iterations,,0.1950537734655843,0.1950537734655843,0.6123290161840266,0.6123290161840266,0.197385286025117,0.197385286025117,390,0.0004964172623229075,0.0004964172623229075,0.00013515859880401277,0.007225173270377893,0.00013515859880401277,0.9149989807685939,0.00044998439492389844,0.1718892485818878,0.5633383777580049,0.17977135442870107,T020_060_020,4
391,32.0,375,125,False,projected_continuous_optimization_loss,391,500,6.469223502127716e-05,1.00112410701151,2.3429689679577227e-05,2.3429689679577227e-05,2.3429689679577227e-05,2.3366508850910955e-05,2.3366508850910955e-05,2.3366508850910955e-05,2.3366508850910955e-05,2.3366508850910955e-05,1.2636165733254452e-06,1.2636165733254452e-06,1.2636165733254452e-06,1.00112410701151,0.09129341477036346,0.12984392070707274,0.5307407407407407,2.3429689679577227e-05,4677.30025890097,4677.30025890097,11.853999700048007,9375.2352206707,,fixed_iterations,,0.20213029177735403,0.20213029177735403,0.5940291466598623,0.5940291466598623,0.20496466857429352,0.20496466857429352,391,0.0004472802859723953,0.0004472802859723953,1.0477491553514987e-05,0.008736055888377605,1.0477491553514987e-05,0.9065331294608745,0.00042385059629281805,0.17805901178445566,0.5477809581100149,0.18069315956640408,T020_060_020,4
392,32.0,375,125,False,projected_continuous_optimization_loss,392,500,4.168837263364992e-05,1.0001881025612684,1.968566666436392e-05,1.968566666436392e-05,1.968566666436392e-05,1.968389753568613e-05,1.968389753568613e-05,1.968389753568613e-05,1.968389753568613e-05,1.968389753568613e-05,3.5382573555748706e-08,3.5382573555748706e-08,3.5382573555748706e-08,1.0001881025612684,0.09116508106079357,0.12963001629521712,0.530679012345679,1.968566666436392e-05,4689.212243700982,4689.212243700982,11.911984800011851,9399.143116474152,,fixed_iterations,,0.20480685205773605,0.20480685205773605,0.5941958559257191,0.5941958559257191,0.2011853945778133,0.2011853945778133,392,0.0005008287789714645,0.0005008287789714645,4.9623901537248814e-05,0.009024097548684313,4.9623901537248814e-05,0.9050047498625099,0.0004811431123071006,0.17799007299834274,0.551868072964527,0.1751466038996402,T020_060_020,4
393,32.0,375,125,False,projected_continuous_optimization_loss,393,500,3.7918682876522634e-05,1.001065128752468,3.125893778669731e-05,3.125893778669731e-05,3.125893778669731e-05,3.1202212823730614e-05,3.1202212823730614e-05,3.1202212823730614e-05,3.1202212823730614e-05,3.1202212823730614e-05,1.1344992593338081e-06,1.1344992593338081e-06,1.1344992593338081e-06,1.001065128752468,0.09094640558954364,0.12920330648087106,0.5300925925925926,3.125893778669731e-05,4701.142376700882,4701.142376700882,11.930132999899797,9422.955037355423,,fixed_iterations,,0.19728186527047237,0.19728186527047237,0.6084654199567529,0.6084654199567529,0.19531784352524265,0.19531784352524265,393,0.0006773302299690573,0.0006773302299690573,0.00023181701760134732,0.008910264247354199,0.00023181701760134732,0.905605803953028,0.00064607129218236,0.17015688608389526,0.5628104261983604,0.17263849167077222,T020_060_020,4
394,32.0,375,125,False,projected_continuous_optimization_loss,394,500,4.9448218904606035e-05,0.9988519913482999,7.51199578100778e-06,7.51199578100778e-06,7.51199578100778e-06,7.446099587788845e-06,7.446099587788845e-06,7.446099587788845e-06,7.446099587788845e-06,7.446099587788845e-06,1.3179238643787017e-06,1.3179238643787017e-06,1.3179238643787017e-06,0.9988519913482999,0.09087477881083367,0.12910276918095112,0.5296604938271605,7.51199578100778e-06,4713.025636900915,4713.025636900915,11.883260200032964,9446.801994800568,,fixed_iterations,,0.1961116746954026,0.1961116746954026,0.6021911877864324,0.6021911877864324,0.20054912886646473,0.20054912886646473,394,0.0006230366319673328,0.0006230366319673328,0.00010323530394992954,0.010396026560348067,0.00010323530394992954,0.8980390929799656,0.0006155246361863251,0.1711063707871613,0.5514812573390326,0.17545146485377178,T020_060_020,4
395,32.0,375,125,False,projected_continuous_optimization_loss,395,500,2.5686951543174517e-05,0.9963126278468911,2.9791741032569993e-05,2.9791741032569993e-05,2.9791741032569993e-05,2.9111905362793812e-05,2.9111905362793812e-05,2.9111905362793812e-05,2.9111905362793812e-05,2.9111905362793812e-05,1.3596713395523644e-05,1.3596713395523644e-05,1.3596713395523644e-05,0.9963126278468911,0.09084577467709887,0.12909976992431563,0.5292283950617284,2.9791741032569993e-05,4724.904942300986,4724.904942300986,11.879305400070734,9470.676333665848,,fixed_iterations,,0.20255288118131362,0.20255288118131362,0.5902072002994768,0.5902072002994768,0.20355254636610054,0.20355254636610054,395,0.0006164674085921607,0.0006164674085921607,7.954574118672025e-06,0.012170256689469774,7.954574118672025e-06,0.889681113632027,0.0005866756675595908,0.17490725690910627,0.5369242383046998,0.17784961841822078,T020_060_020,4
396,32.0,375,125,False,projected_continuous_optimization_loss,396,500,4.7960895967989764e-05,0.997200207162941,5.408051319622975e-06,5.408051319622975e-06,5.408051319622975e-06,5.0161093231006616e-06,5.0161093231006616e-06,5.0161093231006616e-06,5.0161093231006616e-06,5.0161093231006616e-06,7.838839930446267e-06,7.838839930446267e-06,7.838839930446267e-06,0.997200207162941,0.09068893970784052,0.12880712449255408,0.5287654320987655,5.408051319622975e-06,4736.832613601,4736.832613601,11.927671300014481,9494.581948280334,,fixed_iterations,,0.20225065230333916,0.20225065230333916,0.5981627934872812,0.5981627934872812,0.1967867613723207,0.1967867613723207,396,0.0006826845935306539,0.0006826845935306539,7.830702667581428e-05,0.012087551337096793,7.830702667581428e-05,0.8900565993927021,0.0006772765422110309,0.17325141348768333,0.545135139595446,0.1716700463095727,T020_060_020,4
397,32.0,375,125,False,projected_continuous_optimization_loss,397,500,2.354583926119108e-05,0.9979791683553205,2.298193422150086e-05,2.298193422150086e-05,2.298193422150086e-05,2.2777746194693985e-05,2.2777746194693985e-05,2.2777746194693985e-05,2.2777746194693985e-05,2.2777746194693985e-05,4.083760536137512e-06,4.083760536137512e-06,4.083760536137512e-06,0.9979791683553205,0.09054497178154816,0.12853736249869435,0.5285493827160493,2.298193422150086e-05,4748.711774101015,4748.711774101015,11.879160500015132,9518.371104001999,,fixed_iterations,,0.19585000843543834,0.19585000843543834,0.6055086363806618,0.6055086363806618,0.19662052353922055,0.19662052353922055,397,0.0006728787779530307,0.0006728787779530307,9.836600100918376e-05,0.011490255538876937,9.836600100918376e-05,0.8928073904652147,0.0006498968437315298,0.16965555359507462,0.547761400323043,0.1753904365470971,T020_060_020,4
398,32.0,375,125,False,projected_continuous_optimization_loss,398,500,4.10909285778105e-05,0.9966388407610142,6.663120501334066e-06,6.663120501334066e-06,6.663120501334066e-06,6.098250929843075e-06,6.098250929843075e-06,6.098250929843075e-06,6.098250929843075e-06,6.098250929843075e-06,1.1297391429819829e-05,1.1297391429819829e-05,1.1297391429819829e-05,0.9966388407610142,0.09051457760946957,0.1285138811139189,0.5282098765432098,6.663120501334066e-06,4760.597515400965,4760.597515400965,11.885741299949586,9542.222463607788,,fixed_iterations,,0.19719215554080394,0.19719215554080394,0.5966709096701917,0.5966709096701917,0.2027757755500186,0.2027757755500186,398,0.0006588189097338846,0.0006588189097338846,5.8101233605225345e-05,0.012014353522573186,5.8101233605225345e-05,0.8903899935107511,0.0006521557892325506,0.16933884199634894,0.5420407024505879,0.1790104490638142,T020_060_020,4
399,32.0,375,125,False,projected_continuous_optimization_loss,399,500,2.4766036023227983e-05,0.996854426014182,1.6095791811732197e-05,1.6095791811732197e-05,1.6095791811732197e-05,1.5601060026719467e-05,1.5601060026719467e-05,1.5601060026719467e-05,1.5601060026719467e-05,1.5601060026719467e-05,9.894635700254561e-06,9.894635700254561e-06,9.894635700254561e-06,0.996854426014182,0.09045569063746886,0.12843283580866124,0.527746913580247,1.6095791811732197e-05,4772.445307700895,4772.445307700895,11.847792299930006,9566.001374721527,,fixed_iterations,,0.20352141298928578,0.20352141298928578,0.5928226696366379,0.5928226696366379,0.20051034338825843,0.20051034338825843,399,0.0006060470076936312,0.0006060470076936312,4.32374456918509e-06,0.012034465262488922,4.32374456918509e-06,0.8902982896100115,0.000589951215881899,0.17560166499561716,0.5361886137727704,0.17850801084162393,T020_060_020,4
400,32.0,375,125,False,projected_continuous_optimization_loss,400,500,3.418692993922597e-05,0.9990173955000767,6.559003182731836e-06,6.559003182731836e-06,6.559003182731836e-06,6.510727602568363e-06,6.510727602568363e-06,6.510727602568363e-06,6.510727602568363e-06,6.510727602568363e-06,9.655116032694545e-07,9.655116032694545e-07,9.655116032694545e-07,0.9990173955000767,0.09031692142454577,0.12817132264583656,0.5275617283950618,6.559003182731836e-06,4784.302324900986,4784.302324900986,11.857017200090922,9589.79357266426,,fixed_iterations,,0.2008772376962194,0.2008772376962194,0.60185385836956,0.60185385836956,0.1962862994342973,0.1962862994342973,400,0.0005688009341293254,0.0005688009341293254,8.584608161536398e-05,0.009659097050279227,8.584608161536398e-05,0.9017192946185305,0.0005622419309465936,0.17580624300796838,0.5527481043937147,0.1731649472168473,T020_060_020,4
401,32.0,375,125,False,projected_continuous_optimization_loss,401,500,2.462238746764099e-05,0.9998333312559784,1.1530939507862414e-05,1.1530939507862414e-05,1.1530939507862414e-05,1.1529550584350728e-05,1.1529550584350728e-05,1.1529550584350728e-05,1.1529550584350728e-05,1.1529550584350728e-05,2.7778470233738636e-08,2.7778470233738636e-08,2.7778470233738636e-08,0.9998333312559784,0.09022984912173258,0.1280186463538584,0.5274074074074074,1.1530939507862414e-05,4796.249630601029,4796.249630601029,11.947305700043216,9613.718364238739,,fixed_iterations,,0.1957421486040299,0.1957421486040299,0.6039880231245083,0.6039880231245083,0.20010315952744032,0.20010315952744032,401,0.0005719815315090635,0.0005719815315090635,9.513661854829851e-05,0.009536898259215299,9.513661854829851e-05,0.9023429559160463,0.0005604505920012011,0.1713795729749105,0.5533147865988777,0.17764859634225807,T020_060_020,4
402,32.0,375,125,False,projected_continuous_optimization_loss,402,500,2.957690933220893e-05,0.9994918209437674,5.876467912555477e-06,5.876467912555477e-06,5.876467912555477e-06,5.863555614895799e-06,5.863555614895799e-06,5.863555614895799e-06,5.863555614895799e-06,5.863555614895799e-06,2.5824595319354005e-07,2.5824595319354005e-07,2.5824595319354005e-07,0.9994918209437674,0.09020563467603702,0.1280022193358215,0.5270061728395061,5.876467912555477e-06,4808.089396301075,4808.089396301075,11.839765700045973,9637.580215215683,,fixed_iterations,,0.19952952229894566,0.19952952229894566,0.59693258914339,0.59693258914339,0.20302970950143176,0.20302970950143176,402,0.00046347371269644786,0.00046347371269644786,1.339871656520249e-05,0.009001499922624907,1.339871656520249e-05,0.9051237652379434,0.0004575972447838924,0.1782615252006539,0.5477328773740247,0.1791293626632647,T020_060_020,4
403,32.0,375,125,False,projected_continuous_optimization_loss,403,500,2.3917594847762883e-05,1.0005105430673666,9.539959611122006e-06,9.539959611122006e-06,9.539959611122006e-06,9.52692689994021e-06,9.52692689994021e-06,9.52692689994021e-06,9.52692689994021e-06,9.52692689994021e-06,2.6065422363591307e-07,2.6065422363591307e-07,2.6065422363591307e-07,1.0005105430673666,0.09013307784506634,0.12788331838087763,0.5267592592592593,9.539959611122006e-06,4819.9827297010925,4819.9827297010925,11.893333400017582,9661.418786287308,,fixed_iterations,,0.20438329103064629,0.20438329103064629,0.5974183434181792,0.5974183434181792,0.19870890861854104,0.19870890861854104,403,0.0004667308430063635,0.0004667308430063635,2.1490333439814912e-05,0.008904810191330971,2.1490333439814912e-05,0.9056346981601238,0.0004571908833952415,0.18024154281806212,0.5489078835495647,0.17648527179249687,T020_060_020,4
404,32.0,375,125,False,projected_continuous_optimization_loss,404,500,2.7566575180135278e-05,1.001960688265578,4.615669836038862e-06,4.615669836038862e-06,4.615669836038862e-06,4.423454912300089e-06,4.423454912300089e-06,4.423454912300089e-06,4.423454912300089e-06,4.423454912300089e-06,3.8442984747754535e-06,3.8442984747754535e-06,3.8442984747754535e-06,1.001960688265578,0.09002505804394892,0.1276791064247455,0.5264814814814814,4.615669836038862e-06,4831.892500501126,4831.892500501126,11.909770800033584,9685.291187286377,,fixed_iterations,,0.19972633737145748,0.19972633737145748,0.6040250156689133,0.6040250156689133,0.1982093352252073,0.1982093352252073,404,0.0004396214259248899,0.0004396214259248899,6.244816885907137e-05,0.00754346514131637,6.244816885907137e-05,0.9131468760416968,0.000435005756088851,0.17912335854271283,0.5579410313290519,0.17608248616993208,T020_060_020,4
405,32.0,375,125,False,projected_continuous_optimization_loss,405,500,2.2620681444828646e-05,1.0018913601305248,7.837664484637913e-06,7.837664484637913e-06,7.837664484637913e-06,7.658802327470927e-06,7.658802327470927e-06,7.658802327470927e-06,7.658802327470927e-06,7.658802327470927e-06,3.5772431433397108e-06,3.5772431433397108e-06,3.5772431433397108e-06,1.0018913601305248,0.08996952931447826,0.1275861515441456,0.5265123456790124,7.837664484637913e-06,4843.785001701093,4843.785001701093,11.892501199967228,9709.138892412186,,fixed_iterations,,0.19645750895954336,0.19645750895954336,0.6030460653399701,0.6030460653399701,0.20238778583101158,0.20238778583101158,405,0.00041234170219361786,0.00041234170219361786,1.9856195265566853e-05,0.00784971013856102,1.9856195265566853e-05,0.9114014100644879,0.00040450403770897996,0.17794385904682455,0.5522704951119578,0.18118705590570558,T020_060_020,4
406,32.0,375,125,False,projected_continuous_optimization_loss,406,500,2.5831570347533566e-05,1.001456123344003,3.517767260850629e-06,3.517767260850629e-06,3.517767260850629e-06,3.41175250120315e-06,3.41175250120315e-06,3.41175250120315e-06,3.41175250120315e-06,3.41175250120315e-06,2.120295192949579e-06,2.120295192949579e-06,2.120295192949579e-06,1.001456123344003,0.08993973777178817,0.1275527592733767,0.5260185185185186,3.517767260850629e-06,4855.65688850102,4855.65688850102,11.87188679992687,9732.886722803116,,fixed_iterations,,0.20159374626311105,0.20159374626311105,0.598257694012694,0.598257694012694,0.20160468306819768,0.20160468306819768,406,0.0004077030877045889,0.0004077030877045889,8.264272265391778e-06,0.007988776308783942,8.264272265391778e-06,0.9106200452630236,0.00040418532044373827,0.18183829573829652,0.5497114813211686,0.17907026820355842,T020_060_020,4
407,32.0,375,125,False,projected_continuous_optimization_loss,407,500,2.1505714815208264e-05,1.001826079439695,6.414718167673488e-06,6.414718167673488e-06,6.414718167673488e-06,6.247989861669701e-06,6.247989861669701e-06,6.247989861669701e-06,6.247989861669701e-06,6.247989861669701e-06,3.3345661200757296e-06,3.3345661200757296e-06,3.3345661200757296e-06,1.001826079439695,0.0898691833942943,0.12742969695694795,0.5257098765432099,6.414718167673488e-06,4867.4416972011095,4867.4416972011095,11.784808700089343,9756.566844940186,,fixed_iterations,,0.203864157396951,0.203864157396951,0.5998197803915383,0.5998197803915383,0.19814214165120556,0.19814214165120556,407,0.0003906399069497783,0.0003906399069497783,1.7377983507096856e-05,0.0074652384688536294,1.7377983507096856e-05,0.9135983885054589,0.00038422518878210483,0.18401610834150678,0.5520381309825334,0.17754414918141867,T020_060_020,4
408,32.0,375,125,False,projected_continuous_optimization_loss,408,500,2.438855484653235e-05,1.0020399752791862,3.240329121045035e-06,3.240329121045035e-06,3.240329121045035e-06,3.0322541640604937e-06,3.0322541640604937e-06,3.0322541640604937e-06,3.0322541640604937e-06,3.0322541640604937e-06,4.16149913969082e-06,4.16149913969082e-06,4.16149913969082e-06,1.0020399752791862,0.08978945491273278,0.12727987854751438,0.5257716049382716,3.240329121045035e-06,4879.365189401084,4879.365189401084,11.923492199974135,9780.430652856827,,fixed_iterations,,0.19847219695623,0.19847219695623,0.6035172036632883,0.6035172036632883,0.20005057465966786,0.20005057465966786,408,0.00039356047755400615,0.00039356047755400615,3.7477753117798756e-05,0.007121654488724148,3.7477753117798756e-05,0.9156101043446304,0.0003903201484329611,0.18013587017340651,0.5572184564782268,0.17825577769299727,T020_060_020,4
409,32.0,375,125,False,projected_continuous_optimization_loss,409,500,2.1198220103591592e-05,1.0012906911339723,4.698067196210051e-06,4.698067196210051e-06,4.698067196210051e-06,4.614773016044317e-06,4.614773016044317e-06,4.614773016044317e-06,4.614773016044317e-06,4.614773016044317e-06,1.6658836033146712e-06,1.6658836033146712e-06,1.6658836033146712e-06,1.0012906911339723,0.08974758411950583,0.1272119995232317,0.5254629629629629,4.698067196210051e-06,4891.494524401147,4891.494524401147,12.129335000063293,9804.68824005127,,fixed_iterations,,0.1973312360522234,0.1973312360522234,0.6015202498947186,0.6015202498947186,0.2024392051870304,0.2024392051870304,409,0.00040863059993770167,0.00040863059993770167,1.3378004410336726e-05,0.007905051910547299,1.3378004410336726e-05,0.9110896411516223,0.0004039325327414916,0.17952034216521376,0.5513491550637377,0.18022014392267077,T020_060_020,4
410,32.0,375,125,False,projected_continuous_optimization_loss,410,500,2.2647584020111218e-05,1.000630612341065,3.040624453236776e-06,3.040624453236776e-06,3.040624453236776e-06,3.020740857001596e-06,3.020740857001596e-06,3.020740857001596e-06,3.020740857001596e-06,3.020740857001596e-06,3.976719247036003e-07,3.976719247036003e-07,3.976719247036003e-07,1.000630612341065,0.08971280472139577,0.1271640571374673,0.5250308641975309,3.040624453236776e-06,4903.855280801188,4903.855280801188,12.360756400041282,9829.577854156494,,fixed_iterations,,0.20241823269055617,0.20241823269055617,0.5984599775975596,0.5984599775975596,0.19975240205294928,0.19975240205294928,410,0.0004195877509715593,0.0004195877509715593,9.165967388300086e-06,0.008208435671665184,9.165967388300086e-06,0.9093995823869163,0.00041654712651832253,0.18176418220781457,0.5490681419308605,0.17856725824824118,T020_060_020,4
411,32.0,375,125,False,projected_continuous_optimization_loss,411,500,2.0983185397515928e-05,1.0004477667077423,2.918018809943949e-06,2.918018809943949e-06,2.918018809943949e-06,2.9079940587158316e-06,2.9079940587158316e-06,2.9079940587158316e-06,2.9079940587158316e-06,2.9079940587158316e-06,2.0049502456235124e-07,2.0049502456235124e-07,2.0049502456235124e-07,1.0004477667077423,0.0896517915062072,0.12705572607399765,0.5250308641975309,2.918018809943949e-06,4916.329830001108,4916.329830001108,12.474549199920148,9854.700121164322,,fixed_iterations,,0.20237672290186368,0.20237672290186368,0.5997903119113979,0.5997903119113979,0.19828073189448073,0.19828073189448073,411,0.00042128105227274355,0.00042128105227274355,1.6377012778062814e-05,0.008098080789893615,1.6377012778062814e-05,0.9100106629100224,0.0004183630334627996,0.18221530802842162,0.5504063719417523,0.17738898293984848,T020_060_020,4
412,32.0,375,125,False,projected_continuous_optimization_loss,412,500,2.084837711118539e-05,1.0001130508248446,3.214112551328127e-06,3.214112551328127e-06,3.214112551328127e-06,3.213473526878225e-06,3.213473526878225e-06,3.213473526878225e-06,3.213473526878225e-06,3.213473526878225e-06,1.2780488998041026e-08,1.2780488998041026e-08,1.2780488998041026e-08,1.0001130508248446,0.08959073358833759,0.1269421222968899,0.5250308641975309,3.214112551328127e-06,4929.521748101106,4929.521748101106,13.191918099997565,9880.619292020798,,fixed_iterations,,0.19751926489187915,0.19751926489187915,0.6016677085921271,0.6016677085921271,0.2009260773408384,0.2009260773408384,412,0.0004377209162217914,0.0004377209162217914,1.6090677345144017e-05,0.008432604777532948,1.6090677345144017e-05,0.9081707847276643,0.00043450680367046327,0.1787074057703328,0.5500376795292334,0.17942569942809813,T020_060_020,4
413,32.0,375,125,False,projected_continuous_optimization_loss,413,500,2.1132259268995647e-05,0.9994743439706814,1.695056673454363e-06,1.695056673454363e-06,1.695056673454363e-06,1.681240960396405e-06,1.681240960396405e-06,1.681240960396405e-06,1.681240960396405e-06,1.681240960396405e-06,2.7631426115915994e-07,2.7631426115915994e-07,2.7631426115915994e-07,0.9994743439706814,0.08955260667287966,0.1268807473118421,0.524783950617284,1.695056673454363e-06,4941.358644301188,4941.358644301188,11.836896200082265,9904.416144371033,,fixed_iterations,,0.19815927121628235,0.19815927121628235,0.6000425163010541,0.6000425163010541,0.20127255645334488,0.20127255645334488,413,0.0004511188914873737,0.0004511188914873737,9.54249481428256e-06,0.008831527933461822,9.54249481428256e-06,0.9060237905985679,0.00044942383481391934,0.17998087081101236,0.5474860380785136,0.1785568817090419,T020_060_020,4
414,32.0,375,125,False,projected_continuous_optimization_loss,414,500,1.9605578008030296e-05,0.9990623255968176,3.293091344062544e-06,3.293091344062544e-06,3.293091344062544e-06,3.249129679743362e-06,3.249129679743362e-06,3.249129679743362e-06,3.249129679743362e-06,3.249129679743362e-06,8.792332863836329e-07,8.792332863836329e-07,8.792332863836329e-07,0.9990623255968176,0.0895166741520175,0.12682735076381096,0.524537037037037,3.293091344062544e-06,4953.230402801186,4953.230402801186,11.871758499997668,9928.255286216736,,fixed_iterations,,0.2023591387897282,0.2023591387897282,0.5981440875558457,0.5981440875558457,0.19855909925124363,0.19855909925124363,414,0.00043970270677781475,0.00043970270677781475,1.2719175677588475e-05,0.008539670622004525,1.2719175677588475e-05,0.9075896617146951,0.0004364096154337522,0.18058265793926792,0.5489020896180338,0.17810491415739324,T020_060_020,4
415,32.0,375,125,False,projected_continuous_optimization_loss,415,500,2.1196426174466043e-05,0.9989927522523021,7.758165855262576e-07,7.758165855262576e-07,7.758165855262576e-07,7.250891842641225e-07,7.250891842641225e-07,7.250891842641225e-07,7.250891842641225e-07,7.250891842641225e-07,1.014548025242701e-06,1.014548025242701e-06,1.014548025242701e-06,0.9989927522523021,0.0894654462541207,0.12673565689431862,0.5245679012345679,7.758165855262576e-07,4965.137461401173,4965.137461401173,11.907058599987067,9952.1275203228,,fixed_iterations,,0.20093963895327407,0.20093963895327407,0.5991550792472466,0.5991550792472466,0.1988980340517813,0.1988980340517813,415,0.0004383489289509398,0.0004383489289509398,1.5170116788325867e-05,0.008463576243252278,1.5170116788325867e-05,0.9080023030546293,0.00043757311236541354,0.18077256845583867,0.5494869627095981,0.1777427718891925,T020_060_020,4
416,32.0,375,125,False,projected_continuous_optimization_loss,416,500,1.86689058363504e-05,0.9989735721431604,3.1252176328313503e-06,3.1252176328313503e-06,3.1252176328313503e-06,3.0725399255665453e-06,3.0725399255665453e-06,3.0725399255665453e-06,3.0725399255665453e-06,3.0725399255665453e-06,1.0535541452960977e-06,1.0535541452960977e-06,1.0535541452960977e-06,0.9989735721431604,0.08941416403778671,0.1266412275866606,0.5244444444444445,3.1252176328313503e-06,4977.051269601099,4977.051269601099,11.91380819992628,9976.022344827652,,fixed_iterations,,0.19732145347816452,0.19732145347816452,0.6005131228164156,0.6005131228164156,0.20113899584858042,0.20113899584858042,416,0.00045376109062153784,0.00045376109062153784,1.2670717785152517e-05,0.008821807456727707,1.2670717785152517e-05,0.906075522590074,0.0004506358729887065,0.17897310551299309,0.5482063062739206,0.17889611080316026,T020_060_020,4
417,32.0,375,125,False,projected_continuous_optimization_loss,417,500,2.1008050440388692e-05,0.9989569457445171,3.296730362113725e-07,3.296730362113725e-07,3.296730362113725e-07,2.752749272173231e-07,2.752749272173231e-07,2.752749272173231e-07,2.752749272173231e-07,2.752749272173231e-07,1.0879621798809875e-06,1.0879621798809875e-06,1.0879621798809875e-06,0.9989569457445171,0.0893771184120783,0.1265813350273796,0.5243827160493827,3.296730362113725e-07,4988.93425910105,4988.93425910105,11.882989499950781,9999.87967824936,,fixed_iterations,,0.19905375229377936,0.19905375229377936,0.5996799750609028,0.5996799750609028,0.20022321838983487,0.20022321838983487,417,0.00043266510938943045,0.00043266510938943045,8.067010884230423e-06,0.008491961970104,8.067010884230423e-06,0.907848158075359,0.0004323354363532191,0.18155464883001088,0.5478743817022432,0.17841912754310496,T020_060_020,4
418,32.0,375,125,False,projected_continuous_optimization_loss,418,500,1.8205096718627034e-05,0.9990215304820588,2.7614257439175555e-06,2.7614257439175555e-06,2.7614257439175555e-06,2.7135556140405376e-06,2.7135556140405376e-06,2.7135556140405376e-06,2.7135556140405376e-06,2.7135556140405376e-06,9.574025975403549e-07,9.574025975403549e-07,9.574025975403549e-07,0.9990215304820588,0.08934330468127746,0.1265291881257487,0.5242283950617284,2.7614257439175555e-06,5000.826740000979,5000.826740000979,11.892480899929069,10023.736238479614,,fixed_iterations,,0.20212101798633553,0.20212101798633553,0.598446932917865,0.598446932917865,0.1984535795778582,0.1984535795778582,418,0.0004382098708161971,0.0004382098708161971,2.0025463774171792e-05,0.008363688140840505,2.0025463774171792e-05,0.90854679808317,0.00043544844507227955,0.1809621982022031,0.5504389219345688,0.17714567794639802,T020_060_020,4
419,32.0,375,125,False,projected_continuous_optimization_loss,419,500,2.0630086680173046e-05,0.9992922126649582,8.25846644996447e-08,8.25846644996447e-08,8.25846644996447e-08,5.7536518917363006e-08,5.7536518917363006e-08,5.7536518917363006e-08,5.7536518917363006e-08,5.7536518917363006e-08,5.009629116456339e-07,5.009629116456339e-07,5.009629116456339e-07,0.9992922126649582,0.08929898025275981,0.12644925819900657,0.5242283950617284,8.25846644996447e-08,5012.8279062010115,5012.8279062010115,12.001166200032458,10047.525431871414,,fixed_iterations,,0.20018380365235316,0.20018380365235316,0.5993302591933375,0.5993302591933375,0.1997781498192675,0.1997781498192675,419,0.00042173277196419414,0.00042173277196419414,5.7506818559367284e-06,0.008319641802165148,5.7506818559367284e-06,0.9087879295149751,0.0004216501872996945,0.182250089883004,0.5476613251208619,0.17887651451110922,T020_060_020,4
420,32.0,375,125,False,projected_continuous_optimization_loss,420,500,1.794238071505161e-05,0.999665478193366,2.2460001156017486e-06,2.2460001156017486e-06,2.2460001156017486e-06,2.2404048736460663e-06,2.2404048736460663e-06,2.2404048736460663e-06,2.2404048736460663e-06,2.2404048736460663e-06,1.1190483911364742e-07,1.1190483911364742e-07,1.1190483911364742e-07,0.999665478193366,0.08925225063511463,0.12636366291492784,0.524074074074074,2.2460001156017486e-06,5024.723554201075,5024.723554201075,11.895648000063375,10071.418449640274,,fixed_iterations,,0.19782344253145404,0.19782344253145404,0.6007113475092205,0.6007113475092205,0.20113068815269153,0.20113068815269153,420,0.0004192869380595902,0.0004192869380595902,2.267937397044424e-06,0.008340380013250916,2.267937397044424e-06,0.9086743189828242,0.0004170409379439884,0.18205436767160976,0.5466978229545949,0.17992212835661966,T020_060_020,4
421,32.0,375,125,False,projected_continuous_optimization_loss,421,500,2.0096450242624676e-05,0.9999466385645573,4.329300857060897e-08,4.329300857060897e-08,4.329300857060897e-08,4.3150636430983344e-08,4.3150636430983344e-08,4.3150636430983344e-08,4.3150636430983344e-08,4.3150636430983344e-08,2.8474427925125843e-09,2.8474427925125843e-09,2.8474427925125843e-09,0.9999466385645573,0.08921681204939985,0.1263059405726972,0.5239506172839506,4.329300857060897e-08,5036.617385601159,5036.617385601159,11.89383140008431,10095.223201751709,,fixed_iterations,,0.19990177823288158,0.19990177823288158,0.6002545960215846,0.6002545960215846,0.19979026431009103,0.19979026431009103,421,0.0004144166070396767,0.0004144166070396767,8.181624615279322e-06,0.008124699648487946,8.181624615279322e-06,0.9098628841792242,0.0004143733140311061,0.18281438489909504,0.5485997705681877,0.17844872871194148,T020_060_020,4
422,32.0,375,125,False,projected_continuous_optimization_loss,422,500,1.788665541845058e-05,1.000082539495765,1.7998133830929403e-06,1.7998133830929403e-06,1.7998133830929403e-06,1.7994727446748844e-06,1.7994727446748844e-06,1.7994727446748844e-06,1.7994727446748844e-06,1.7994727446748844e-06,6.812768361118364e-09,6.812768361118364e-09,6.812768361118364e-09,1.000082539495765,0.08918593763280645,0.12625787124444107,0.5237654320987655,1.7998133830929403e-06,5048.408464601147,5048.408464601147,11.791078999987803,10118.93942952156,,fixed_iterations,,0.2019121149576909,0.2019121149576909,0.5991699852946449,0.5991699852946449,0.19900043924342914,0.19900043924342914,422,0.00039960793708919987,0.00039960793708919987,4.635489421946967e-06,0.007899448953345057,4.635489421946967e-06,0.9111211557605239,0.0003978081237061069,0.18402728683184494,0.5475970661302437,0.17949680279843522,T020_060_020,4
423,32.0,375,125,False,projected_continuous_optimization_loss,423,500,1.963700090965423e-05,1.0003286538710228,8.151947610327907e-08,8.151947610327907e-08,8.151947610327907e-08,7.611880775636662e-08,7.611880775636662e-08,7.611880775636662e-08,7.611880775636662e-08,7.611880775636662e-08,1.0801336693824891e-07,1.0801336693824891e-07,1.0801336693824891e-07,1.0003286538710228,0.08914508591303623,0.1261837194691863,0.523641975308642,8.151947610327907e-08,5060.262290501152,5060.262290501152,11.853825900005177,10142.743803739548,,fixed_iterations,,0.1999256086468796,0.1999256086468796,0.5999517734088333,0.5999517734088333,0.20045127181530986,0.20045127181530986,423,0.0003981049832005897,0.0003981049832005897,9.732968923007033e-06,0.007767440285551653,9.732968923007033e-06,0.911866917190242,0.00039802346372448644,0.18352722780967307,0.5498810337659235,0.1784586556146455,T020_060_020,4
424,32.0,375,125,False,projected_continuous_optimization_loss,424,500,1.7910536658710526e-05,1.0006373553755414,1.403895216088855e-06,1.403895216088855e-06,1.403895216088855e-06,1.383584122352291e-06,1.383584122352291e-06,1.383584122352291e-06,1.383584122352291e-06,1.383584122352291e-06,4.0622187473128363e-07,4.0622187473128363e-07,4.0622187473128363e-07,1.0006373553755414,0.08910085786816292,0.1261034123492637,0.5235802469135803,1.403895216088855e-06,5072.145843301201,5072.145843301201,11.883552800049074,10166.606281757355,,fixed_iterations,,0.19846314823531677,0.19846314823531677,0.6012379122754133,0.6012379122754133,0.20093629486481113,0.20093629486481113,424,0.0004015819394340404,0.0004015819394340404,6.455930018866683e-06,0.007902520188303473,6.455930018866683e-06,0.9111038797904909,0.00040017804421795157,0.1830981423549448,0.5489551958773677,0.17905054155817846,T020_060_020,4
425,32.0,375,125,False,projected_continuous_optimization_loss,425,500,1.922406678972144e-05,1.000705361214787,1.3090242675160383e-07,1.3090242675160383e-07,1.3090242675160383e-07,1.0602570458531944e-07,1.0602570458531944e-07,1.0602570458531944e-07,1.0602570458531944e-07,1.0602570458531944e-07,4.975344433256879e-07,4.975344433256879e-07,4.975344433256879e-07,1.000705361214787,0.08906804852314348,0.12605032968967012,0.5234876543209876,1.3090242675160383e-07,5084.047010201146,5084.047010201146,11.901166899944656,10190.488047599792,,fixed_iterations,,0.20040294433505706,0.20040294433505706,0.6006206558506995,0.6006206558506995,0.19968176102903049,0.19968176102903049,425,0.0003827266396958909,0.0003827266396958909,6.293705962413742e-06,0.007528658674669542,6.293705962413742e-06,0.9132321564479701,0.0003825957372691393,0.18365720475550368,0.550099823968367,0.17947512772409946,T020_060_020,4
426,32.0,375,125,False,projected_continuous_optimization_loss,426,500,1.7944512131380302e-05,1.0005686771593145,1.1046600786623275e-06,1.1046600786623275e-06,1.1046600786623275e-06,1.0884903930860257e-06,1.0884903930860257e-06,1.0884903930860257e-06,1.0884903930860257e-06,1.0884903930860257e-06,3.233937115260359e-07,3.233937115260359e-07,3.233937115260359e-07,1.0005686771593145,0.08903924502357122,0.12600475900051555,0.5233950617283951,1.1046600786623275e-06,5095.9709287011065,5095.9709287011065,11.923918499960564,10214.419634103775,,fixed_iterations,,0.20158094418243244,0.20158094418243244,0.5994659439594905,0.5994659439594905,0.19952178901739154,0.19952178901739154,426,0.00038088558016782613,0.00038088558016782613,6.797809433012e-06,0.007481755414696282,6.797809433012e-06,0.9135028589218331,0.0003797809200891638,0.18399780211040614,0.5501451115826838,0.17935994522874327,T020_060_020,4
427,32.0,375,125,False,projected_continuous_optimization_loss,427,500,1.891250908337657e-05,1.000577892284068,1.5411534318243083e-07,1.5411534318243083e-07,1.5411534318243083e-07,1.374173685831506e-07,1.374173685831506e-07,1.374173685831506e-07,1.374173685831506e-07,1.374173685831506e-07,3.339594919856047e-07,3.339594919856047e-07,3.339594919856047e-07,1.000577892284068,0.08899954912831685,0.12593295749055278,0.5233333333333333,1.5411534318243083e-07,5107.895703601185,5107.895703601185,11.924774900078773,10238.427045822144,,fixed_iterations,,0.19974599027409914,0.19974599027409914,0.6002091666376896,0.6002091666376896,0.2006227353722794,0.2006227353722794,427,0.0003843316856498886,0.0003843316856498886,4.07982574297267e-06,0.007605037198138318,4.07982574297267e-06,0.912793135601959,0.0003841775703067062,0.18375113033187426,0.5490877047270895,0.17995430054299524,T020_060_020,4
428,32.0,375,125,False,projected_continuous_optimization_loss,428,500,1.7954025168845806e-05,1.0006348995642231,8.504163042292279e-07,8.504163042292279e-07,8.504163042292279e-07,8.302614313966915e-07,8.302614313966915e-07,8.302614313966915e-07,8.302614313966915e-07,8.302614313966915e-07,4.0309745665072643e-07,4.0309745665072643e-07,4.0309745665072643e-07,1.0006348995642231,0.0889577302258904,0.1258578009985841,0.5230555555555556,8.504163042292279e-07,5119.829589801142,5119.829589801142,11.93388619995676,10262.227066040039,,fixed_iterations,,0.19886154832690114,0.19886154832690114,0.6012280995178663,0.6012280995178663,0.20054525171945564,0.20054525171945564,428,0.0003940503677666657,0.0003940503677666657,6.716286596566179e-06,0.007746681623401991,6.716286596566179e-06,0.9119847648222084,0.0003931999514624365,0.18283888774054083,0.5498391399964592,0.1793067370852083,T020_060_020,4
429,32.0,375,125,False,projected_continuous_optimization_loss,429,500,1.864196234940731e-05,1.0004185181956478,1.4022210219314728e-07,1.4022210219314728e-07,1.4022210219314728e-07,1.3146422818873466e-07,1.3146422818873466e-07,1.3146422818873466e-07,1.3146422818873466e-07,1.3146422818873466e-07,1.751574800882522e-07,1.751574800882522e-07,1.751574800882522e-07,1.0004185181956478,0.08892783696856153,0.12581006353214463,0.5230864197530865,1.4022210219314728e-07,5131.580001401133,5131.580001401133,11.750411599990912,10285.909734487534,,fixed_iterations,,0.20050522618886682,0.20050522618886682,0.6002935303929787,0.6002935303929787,0.1996197616138022,0.1996197616138022,429,0.0003764361950759069,0.0003764361950759069,4.565910067454004e-06,0.007437405700169057,4.565910067454004e-06,0.9137596051715379,0.0003762959729737137,0.18348441543344476,0.5501951815763932,0.18008000816169972,T020_060_020,4
430,32.0,375,125,False,projected_continuous_optimization_loss,430,500,1.7925789495905455e-05,1.0001041874035763,6.58368843068516e-07,6.58368843068516e-07,6.58368843068516e-07,6.578260923153173e-07,6.578260923153173e-07,6.578260923153173e-07,6.578260923153173e-07,6.578260923153173e-07,1.0855015063974319e-08,1.0855015063974319e-08,1.0855015063974319e-08,1.0001041874035763,0.08889948724926486,0.12576445354732416,0.5229012345679013,6.58368843068516e-07,5143.489151001093,5143.489151001093,11.909149599960074,10309.712982654572,,fixed_iterations,,0.20111897367354634,0.20111897367354634,0.5992261858612167,0.5992261858612167,0.19975902786881322,0.19975902786881322,430,0.00039600465659730787,0.00039600465659730787,1.4986600249173405e-06,0.00789011993144781,1.4986600249173405e-06,0.9111736529432409,0.00039534628775423936,0.18364370184601622,0.546614088313757,0.18091586278346772,T020_060_020,4
431,32.0,375,125,False,projected_continuous_optimization_loss,431,500,1.843826629292149e-05,1.0000337188064172,1.3134365250771102e-07,1.3134365250771102e-07,1.3134365250771102e-07,1.3128680461240088e-07,1.3128680461240088e-07,1.3128680461240088e-07,1.3128680461240088e-07,1.3128680461240088e-07,1.1369579062024076e-09,1.1369579062024076e-09,1.1369579062024076e-09,1.0000337188064172,0.08885989311882392,0.12569281258138068,0.5227160493827161,1.3134365250771102e-07,5155.403803701047,5155.403803701047,11.914652699953876,10333.612367153168,,fixed_iterations,,0.19953846808543776,0.19953846808543776,0.6000741417480866,0.6000741417480866,0.20042110897289286,0.20042110897289286,431,0.0004053530036981862,0.0004053530036981862,2.8304451428259445e-06,0.008050451171107205,2.8304451428259445e-06,0.9102756935323142,0.0004052216600456785,0.18307092423969493,0.5473140567469064,0.17989071254571282,T020_060_020,4
432,32.0,375,125,False,projected_continuous_optimization_loss,432,500,1.7903322276272497e-05,1.000005357199795,5.144217069841281e-07,5.144217069841281e-07,5.144217069841281e-07,5.144202720046457e-07,5.144202720046457e-07,5.144202720046457e-07,5.144202720046457e-07,5.144202720046457e-07,2.8699589647089777e-11,2.8699589647089777e-11,2.8699589647089777e-11,1.000005357199795,0.08882089291643097,0.125623560321732,0.5226543209876543,5.144217069841281e-07,5167.331685401034,5167.331685401034,11.927881699986756,10357.484015464783,,fixed_iterations,,0.199059068544366,0.199059068544366,0.6007999634989423,0.6007999634989423,0.20014632515648692,0.20014632515648692,432,0.0004033010747249286,0.0004033010747249286,2.355374855102024e-06,0.00801891399739653,2.355374855102024e-06,0.9104516108609623,0.0004027866530179445,0.18296162743429673,0.547371300177321,0.18011868324934452,T020_060_020,4
433,32.0,375,125,False,projected_continuous_optimization_loss,433,500,1.8278600290270322e-05,0.9997526120132303,1.240614867943986e-07,1.240614867943986e-07,1.240614867943986e-07,1.210014459945001e-07,1.210014459945001e-07,1.210014459945001e-07,1.210014459945001e-07,1.210014459945001e-07,6.120081599796986e-08,6.120081599796986e-08,6.120081599796986e-08,0.9997526120132303,0.0887932463500221,0.12557988023261538,0.5224074074074074,1.240614867943986e-07,5179.199102700921,5179.199102700921,11.867417299887165,10381.253726243973,,fixed_iterations,,0.20042919160179623,0.20042919160179623,0.5997100550263966,0.5997100550263966,0.1996133653850374,0.1996133653850374,433,0.00040090972580182497,0.00040090972580182497,7.358312053412283e-07,0.008003477891929674,7.358312053412283e-07,0.9105378410056537,0.0004007856643150306,0.18271237990305286,0.5468207646045743,0.18100469649802664,T020_060_020,4
434,32.0,375,125,False,projected_continuous_optimization_loss,434,500,1.788271075679882e-05,0.999550820329118,4.017414270282804e-07,4.017414270282804e-07,4.017414270282804e-07,3.916533081915981e-07,3.916533081915981e-07,3.916533081915981e-07,3.916533081915981e-07,3.916533081915981e-07,2.0176237673364643e-07,2.0176237673364643e-07,2.0176237673364643e-07,0.999550820329118,0.08876393981937841,0.12553150601911053,0.5223148148148148,4.017414270282804e-07,5191.128444900969,5191.128444900969,11.929342200048268,10405.049446821213,,fixed_iterations,,0.20071225407608706,0.20071225407608706,0.5990062738271081,0.5990062738271081,0.19983229242592282,0.19983229242592282,434,0.000412166448934818,0.000412166448934818,1.4668790479502706e-06,0.008213991397737354,1.4668790479502706e-06,0.9093689269745892,0.00041176470750778967,0.18342579914691695,0.5449593558364104,0.1809837719912618,T020_060_020,4
435,32.0,375,125,False,projected_continuous_optimization_loss,435,500,1.8154529390903963e-05,0.9996333271109723,1.2968774963207095e-07,1.2968774963207095e-07,1.2968774963207095e-07,1.2296529925467506e-07,1.2296529925467506e-07,1.2296529925467506e-07,1.2296529925467506e-07,1.2296529925467506e-07,1.344490075479179e-07,1.344490075479179e-07,1.344490075479179e-07,0.9996333271109723,0.0887245101648573,0.12546019760392654,0.5221913580246914,1.2968774963207095e-07,5203.060006900923,5203.060006900923,11.931561999954283,10428.924447774887,,fixed_iterations,,0.19943093793296676,0.19943093793296676,0.600029704455428,0.600029704455428,0.20017268472257757,0.20017268472257757,435,0.0004017297804615396,0.0004017297804615396,3.010454703189281e-06,0.007974386515167006,3.010454703189281e-06,0.9107005794242369,0.00040160009271190755,0.18297962347776495,0.547794086684528,0.179926869261944,T020_060_020,4
436,32.0,375,125,False,projected_continuous_optimization_loss,436,500,1.787458978260353e-05,0.9997030204470374,3.0744562408875627e-07,3.0744562408875627e-07,3.0744562408875627e-07,3.030357813448598e-07,3.030357813448598e-07,3.030357813448598e-07,3.030357813448598e-07,3.030357813448598e-07,8.81968548779288e-08,8.81968548779288e-08,8.81968548779288e-08,0.9997030204470374,0.08868863637046313,0.1253974475299881,0.5220370370370371,3.0744562408875627e-07,5215.017703900929,5215.017703900929,11.957697000005282,10452.89338183403,,fixed_iterations,,0.19925462407915442,0.19925462407915442,0.600483168878429,0.600483168878429,0.19996522748945386,0.19996522748945386,436,0.000399490090693321,0.000399490090693321,1.7428237436674254e-06,0.007954945338993071,1.7428237436674254e-06,0.9108094997267474,0.00039918264506923223,0.18272812808841943,0.5475911969484349,0.180490174689893,T020_060_020,4
437,32.0,375,125,False,projected_continuous_optimization_loss,437,500,1.8045172898181382e-05,0.9995951308320651,1.2914736923750555e-07,1.2914736923750555e-07,1.2914736923750555e-07,1.209514170802854e-07,1.209514170802854e-07,1.209514170802854e-07,1.209514170802854e-07,1.209514170802854e-07,1.6391904314440284e-07,1.6391904314440284e-07,1.6391904314440284e-07,0.9995951308320651,0.08866213022114568,0.12535534448372046,0.5217592592592593,1.2914736923750555e-07,5226.925323800999,5226.925323800999,11.90761990007013,10476.81531405449,,fixed_iterations,,0.20040473872607661,0.20040473872607661,0.5994483228356723,0.5994483228356723,0.19974206927031607,0.19974206927031607,437,0.0004106628520618121,0.0004106628520618121,1.3138559333515436e-06,0.00818697992256921,1.3138559333515436e-06,0.9095180685298486,0.0004105337046925746,0.1833481701018384,0.5452439461904958,0.18092595223751431,T020_060_020,4
438,32.0,375,125,False,projected_continuous_optimization_loss,438,500,1.7861573413466643e-05,0.9996157528210353,2.1811980086121322e-07,2.1811980086121322e-07,2.1811980086121322e-07,2.1073750613409318e-07,2.1073750613409318e-07,2.1073750613409318e-07,2.1073750613409318e-07,2.1073750613409318e-07,1.4764589454240063e-07,1.4764589454240063e-07,1.4764589454240063e-07,0.9996157528210353,0.08863117301428487,0.1253028956963434,0.5215740740740741,2.1811980086121322e-07,5238.855830001063,5238.855830001063,11.930506200063974,10500.737842798233,,fixed_iterations,,0.20049671164207022,0.20049671164207022,0.5992197374220245,0.5992197374220245,0.1998993037569405,0.1998993037569405,438,0.0004106628520618121,0.0004106628520618121,1.3138559333515436e-06,0.00818697992256921,1.3138559333515436e-06,0.9095180685298486,0.0004104447322609509,0.1833481701018384,0.5452439461904958,0.18092595223751431,T020_060_020,4
439,32.0,375,125,False,projected_continuous_optimization_loss,439,500,1.794435440371819e-05,0.9998459656380777,1.316441691861081e-07,1.316441691861081e-07,1.316441691861081e-07,1.304578399534694e-07,1.304578399534694e-07,1.304578399534694e-07,1.304578399534694e-07,1.304578399534694e-07,2.372658465277437e-08,2.372658465277437e-08,2.372658465277437e-08,0.9998459656380777,0.0885925604536985,0.1252334379182857,0.5214506172839506,1.316441691861081e-07,5250.801940601086,5250.801940601086,11.94611060002353,10524.64164352417,,fixed_iterations,,0.19948471169126075,0.19948471169126075,0.6002897657444959,0.6002897657444959,0.2000714882023211,0.2000714882023211,439,0.00040241708293829926,0.00040241708293829926,3.0944314167966105e-07,0.008042152795932392,3.0944314167966105e-07,0.9103219491964037,0.00040228543876911317,0.18248121321303218,0.5464890796817315,0.1813516563016401,T020_060_020,4
440,32.0,375,125,False,projected_continuous_optimization_loss,440,500,1.785015625992581e-05,0.9999635906521946,1.4736656417068021e-07,1.4736656417068021e-07,1.4736656417068021e-07,1.4730028214029925e-07,1.4730028214029925e-07,1.4730028214029925e-07,1.4730028214029925e-07,1.4730028214029925e-07,1.3256406076194005e-09,1.3256406076194005e-09,1.3256406076194005e-09,0.9999635906521946,0.08855962131203056,0.1251767283062746,0.5213271604938272,1.4736656417068021e-07,5262.729737401125,5262.729737401125,11.927796800038777,10548.625976800919,,fixed_iterations,,0.19950924227288044,0.19950924227288044,0.6004334869261442,0.6004334869261442,0.20002086145316988,0.20002086145316988,440,0.00040241708293829926,0.00040241708293829926,3.0944314167966105e-07,0.008042152795932392,3.0944314167966105e-07,0.9103219491964037,0.0004022697163741286,0.18248121321303218,0.5464890796817315,0.1813516563016401,T020_060_020,4
441,32.0,375,125,False,projected_continuous_optimization_loss,441,500,1.7859290826576793e-05,0.9999338491655134,1.30876058025818e-07,1.30876058025818e-07,1.30876058025818e-07,1.3065726138065446e-07,1.3065726138065446e-07,1.3065726138065446e-07,1.3065726138065446e-07,1.3065726138065446e-07,4.3759329032706365e-09,4.3759329032706365e-09,4.3759329032706365e-09,0.9999338491655134,0.08853299771515646,0.12513395758501825,0.5212654320987654,1.30876058025818e-07,5274.6176187010715,5274.6176187010715,11.887881299946457,10572.560028791428,,fixed_iterations,,0.2004554792657704,0.2004554792657704,0.5995493377840748,0.5995493377840748,0.1999290321156682,0.1999290321156682,441,0.00040717368145522226,0.00040717368145522226,2.102809062927889e-06,0.008101417447845887,2.102809062927889e-06,0.9099921256342208,0.00040704280539719646,0.18383995394225486,0.5448127137428422,0.18133945794912376,T020_060_020,4
442,32.0,375,125,False,projected_continuous_optimization_loss,442,500,1.7837475601057112e-05,1.0000369291323197,9.258024055076272e-08,9.258024055076272e-08,9.258024055076272e-08,9.251205251006853e-08,9.251205251006853e-08,9.251205251006853e-08,9.251205251006853e-08,9.251205251006853e-08,1.363760813883998e-09,1.363760813883998e-09,1.363760813883998e-09,1.0000369291323197,0.08850034958820843,0.12507776291580122,0.5212345679012346,9.258024055076272e-08,5286.565001601004,5286.565001601004,11.947382899932563,10596.491411924362,,fixed_iterations,,0.20040419795825085,0.20040419795825085,0.5996799340743585,0.5996799340743585,0.19995279709971034,0.19995279709971034,442,0.00040717368145522226,0.00040717368145522226,2.102809062927889e-06,0.008101417447845887,2.102809062927889e-06,0.9099921256342208,0.0004070811012146715,0.18383995394225486,0.5448127137428422,0.18133945794912376,T020_060_020,4
443,32.0,375,125,False,projected_continuous_optimization_loss,443,500,1.779265015819245e-05,1.0002273771349919,1.3161075960761075e-07,1.3161075960761075e-07,1.3161075960761075e-07,1.2902574153175497e-07,1.2902574153175497e-07,1.2902574153175497e-07,1.2902574153175497e-07,1.2902574153175497e-07,5.1700361517115446e-08,5.1700361517115446e-08,5.1700361517115446e-08,1.0002273771349919,0.08846323198710915,0.12501162143603853,0.5211728395061729,1.3161075960761075e-07,5298.515059900936,5298.515059900936,11.950058299931698,10620.410568237305,,fixed_iterations,,0.19959086652143623,0.19959086652143623,0.6005602623908232,0.6005602623908232,0.20007624822273254,0.20007624822273254,443,0.0004007630949123725,0.0004007630949123725,2.1971628120719203e-07,0.008010867572623306,2.1971628120719203e-07,0.9104965499401095,0.0004006314841527649,0.18268918526973796,0.5461136895101382,0.18169367516023335,T020_060_020,4
444,32.0,375,125,False,projected_continuous_optimization_loss,444,500,1.7824257157029443e-05,1.0002444674972042,5.859890898812338e-08,5.859890898812338e-08,5.859890898812338e-08,5.5610691128653854e-08,5.5610691128653854e-08,5.5610691128653854e-08,5.5610691128653854e-08,5.5610691128653854e-08,5.976435718939053e-08,5.976435718939053e-08,5.976435718939053e-08,1.0002444674972042,0.08843247401363534,0.12495955060208895,0.5211111111111111,5.859890898812338e-08,5310.313786600949,5310.313786600949,11.798726700013503,10644.164777755737,,fixed_iterations,,0.19972601578506988,0.19972601578506988,0.6003807093890074,0.6003807093890074,0.200137742323127,0.200137742323127,444,0.0004007630949123725,0.0004007630949123725,2.1971628120719203e-07,0.008010867572623306,2.1971628120719203e-07,0.9104965499401095,0.00040070449600338435,0.18268918526973796,0.5461136895101382,0.18169367516023335,T020_060_020,4
445,32.0,375,125,False,projected_continuous_optimization_loss,445,500,1.774509371171519e-05,1.0001713628915345,1.2356739202300486e-07,1.2356739202300486e-07,1.2356739202300486e-07,1.2209912999325125e-07,1.2209912999325125e-07,1.2209912999325125e-07,1.2209912999325125e-07,1.2209912999325125e-07,2.9365240595072048e-08,2.9365240595072048e-08,2.9365240595072048e-08,1.0001713628915345,0.08840471436463301,0.12491428173068803,0.5209876543209877,1.2356739202300486e-07,5322.210279300925,5322.210279300925,11.89649269997608,10668.02120757103,,fixed_iterations,,0.20047170342021503,0.20047170342021503,0.599684848295458,0.599684848295458,0.20001481117586153,0.20001481117586153,445,0.00040701092045612876,0.00040701092045612876,1.8718160216063233e-06,0.008102782088690448,1.8718160216063233e-06,0.9099845452786552,0.00040688735306410577,0.18373121735711978,0.5448606503401389,0.18139267758139668,T020_060_020,4
446,32.0,375,125,False,projected_continuous_optimization_loss,446,500,1.7804510264949608e-05,1.000218392067815,3.5046395025028545e-08,3.5046395025028545e-08,3.5046395025028545e-08,3.266164026080445e-08,3.266164026080445e-08,3.266164026080445e-08,3.266164026080445e-08,3.266164026080445e-08,4.769509528448187e-08,4.769509528448187e-08,4.769509528448187e-08,1.000218392067815,0.0883709159675456,0.12485565437442724,0.5208641975308642,3.5046395025028545e-08,5334.131388300913,5334.131388300913,11.921108999988064,10691.953809022903,,fixed_iterations,,0.20029877281165984,0.20029877281165984,0.5999890312838656,0.5999890312838656,0.19993058797228938,0.19993058797228938,446,0.00040877092485992647,0.00040877092485992647,1.2334565951121771e-06,0.008150749365296285,1.2334565951121771e-06,0.9097184993185409,0.00040873587846490143,0.18334308539270536,0.544881445921163,0.1814939680046725,T020_060_020,4
447,32.0,375,125,False,projected_continuous_optimization_loss,447,500,1.7709229588534147e-05,1.0002681743416086,1.1050730232364674e-07,1.1050730232364674e-07,1.1050730232364674e-07,1.0691142844878536e-07,1.0691142844878536e-07,1.0691142844878536e-07,1.0691142844878536e-07,1.0691142844878536e-07,7.191747749722764e-08,7.191747749722764e-08,7.191747749722764e-08,1.0002681743416086,0.08833568475793648,0.1247936521529647,0.5207716049382716,1.1050730232364674e-07,5346.0681729009375,5346.0681729009375,11.936784600024112,10715.867808818817,,fixed_iterations,,0.19963717325494948,0.19963717325494948,0.600543413811076,0.600543413811076,0.20008758727558323,0.20008758727558323,447,0.0004007630949123725,0.0004007630949123725,2.1971628120719203e-07,0.008010867572623306,2.1971628120719203e-07,0.9104965499401095,0.0004006525876100489,0.18268918526973796,0.5461136895101382,0.18169367516023335,T020_060_020,4
448,32.0,375,125,False,projected_continuous_optimization_loss,448,500,1.7777644253910944e-05,1.0001666485375031,2.1519176765129797e-08,2.1519176765129797e-08,2.1519176765129797e-08,2.013059001253665e-08,2.013059001253665e-08,2.013059001253665e-08,2.013059001253665e-08,2.013059001253665e-08,2.7771735051862974e-08,2.7771735051862974e-08,2.7771735051862974e-08,1.0001666485375031,0.08830605448943109,0.1247440614304557,0.5206172839506172,2.1519176765129797e-08,5358.011822500965,5358.011822500965,11.943649600027129,10739.773019075394,,fixed_iterations,,0.1998384955841558,0.1998384955841558,0.6001557444707519,0.6001557444707519,0.20017240848259515,0.20017240848259515,448,0.0004103676783478501,0.0004103676783478501,8.283239812482153e-07,0.008190787087332037,8.283239812482153e-07,0.9094970327153189,0.00041034615917108497,0.1829644215957568,0.5447449119386661,0.18178769918089613,T020_060_020,4
449,32.0,375,125,False,projected_continuous_optimization_loss,449,500,1.7682730074651346e-05,1.0000581188502449,9.201435423865789e-08,9.201435423865789e-08,9.201435423865789e-08,9.184546420096861e-08,9.184546420096861e-08,9.184546420096861e-08,9.184546420096861e-08,9.184546420096861e-08,3.377800753785672e-09,3.377800753785672e-09,3.377800753785672e-09,1.0000581188502449,0.08827672267131113,0.12469543391249781,0.520462962962963,9.201435423865789e-08,5369.859364500968,5369.859364500968,11.847542000003159,10763.56119608879,,fixed_iterations,,0.20040713271854377,0.20040713271854377,0.5996940653967788,0.5996940653967788,0.1999569207349223,0.1999569207349223,449,0.0004093418556089124,0.0004093418556089124,1.2548581208272047e-06,0.008161739949761703,1.2548581208272047e-06,0.9096576514044399,0.00040924984125467376,0.18332467780205175,0.5447787923678771,0.18155418123451103,T020_060_020,4
450,32.0,375,125,False,projected_continuous_optimization_loss,450,500,1.7747358888500886e-05,1.0000568435064445,1.3716745890761542e-08,1.3716745890761542e-08,1.3716745890761542e-08,1.3555186679516098e-08,1.3555186679516098e-08,1.3555186679516098e-08,1.3555186679516098e-08,1.3555186679516098e-08,3.231184224908877e-09,3.231184224908877e-09,3.231184224908877e-09,1.0000568435064445,0.08824261681227322,0.12463617307516951,0.5204320987654321,1.3716745890761542e-08,5381.74528090097,5381.74528090097,11.885916400002316,10787.415453195572,,fixed_iterations,,0.20014989280203163,0.20014989280203163,0.6000419374825036,0.6000419374825036,0.1998650132219094,0.1998650132219094,450,0.0004108280241713096,0.0004108280241713096,7.881802086157813e-07,0.008200796879253876,7.881802086157813e-07,0.9094417486959144,0.00041081430742541885,0.18298624010119596,0.5448444152958384,0.18161109329888028,T020_060_020,4
451,32.0,375,125,False,projected_continuous_optimization_loss,451,500,1.7662240108345405e-05,1.0000277532881732,7.620051840811466e-08,7.620051840811466e-08,7.620051840811466e-08,7.61620061578935e-08,7.61620061578935e-08,7.61620061578935e-08,7.61620061578935e-08,7.61620061578935e-08,7.702450044230868e-10,7.702450044230868e-10,7.702450044230868e-10,1.0000277532881732,0.08820919360381267,0.12457810943899238,0.5204012345679012,7.620051840811466e-08,5393.632459001034,5393.632459001034,11.887178100063466,10811.305869340897,,fixed_iterations,,0.1996332674469592,0.1996332674469592,0.6003042985483925,0.6003042985483925,0.20009018729282144,0.20009018729282144,451,0.0004103676783478501,0.0004103676783478501,8.283239812482153e-07,0.008190787087332037,8.283239812482153e-07,0.9094970327153189,0.000410291477829442,0.1829644215957568,0.5447449119386661,0.18178769918089613,T020_060_020,4
452,32.0,375,125,False,projected_continuous_optimization_loss,452,500,1.771803923917065e-05,0.999917374592495,1.0504348841914767e-08,1.0504348841914767e-08,1.0504348841914767e-08,1.0163000943647049e-08,1.0163000943647049e-08,1.0163000943647049e-08,1.0163000943647049e-08,1.0163000943647049e-08,6.826957965354344e-09,6.826957965354344e-09,6.826957965354344e-09,0.999917374592495,0.08817970687295726,0.12452888060482353,0.5203395061728395,1.0504348841914767e-08,5405.6053658010205,5405.6053658010205,11.972906799986959,10835.230049848557,,fixed_iterations,,0.19989197872876527,0.19989197872876527,0.5999014980502222,0.5999014980502222,0.20012389781350762,0.20012389781350762,452,0.0004111461959236361,0.0004111461959236361,8.537730516939287e-07,0.008205848457438842,8.537730516939287e-07,0.9094138616705689,0.00041113569157479415,0.1829419776264503,0.5446521186255986,0.18181976541852,T020_060_020,4
453,32.0,375,125,False,projected_continuous_optimization_loss,453,500,1.7646445723433365e-05,0.9998619394417493,6.254323622530243e-08,6.254323622530243e-08,6.254323622530243e-08,6.159020033807435e-08,6.159020033807435e-08,6.159020033807435e-08,6.159020033807435e-08,6.159020033807435e-08,1.906071774456144e-08,1.906071774456144e-08,1.906071774456144e-08,0.9998619394417493,0.08814900147930446,0.12447727924938891,0.5202469135802469,6.254323622530243e-08,5417.503478600993,5417.503478600993,11.898112799972296,10859.123195409775,,fixed_iterations,,0.20031796553394468,0.20031796553394468,0.5996915367802655,0.5996915367802655,0.1998524371275389,0.1998524371275389,453,0.00041129867675156385,0.00041129867675156385,1.1400042214057373e-06,0.008203173450603162,1.1400042214057373e-06,0.9094286278639703,0.00041123613351533853,0.1831683640474998,0.5445911134664607,0.18166915035000983,T020_060_020,4
454,32.0,375,125,False,projected_continuous_optimization_loss,454,500,1.7692343532086193e-05,0.9998847206120629,8.81696524390333e-09,8.81696524390333e-09,8.81696524390333e-09,8.152498379745767e-09,8.152498379745767e-09,8.152498379745767e-09,8.152498379745767e-09,8.152498379745767e-09,1.328933728315125e-08,1.328933728315125e-08,1.328933728315125e-08,0.9998847206120629,0.08811533759369754,0.12441892497240054,0.5200308641975309,8.81696524390333e-09,5429.411766201025,5429.411766201025,11.908287600032054,10882.974189043045,,fixed_iterations,binary_loss_plateau,0.20002087804829363,0.20002087804829363,0.600012683928354,0.600012683928354,0.19985115863541528,0.19985115863541528,454,0.00041099212965647306,0.00041099212965647306,8.893943290296289e-07,0.008202054706548868,8.893943290296289e-07,0.9094348041102496,0.00041098331269122916,0.1830282515356215,0.5447345955763127,0.1816719569983154,T020_060_020,4
