iter,beta,continuation_iters,polish_iters,adaptive_stop_allowed,adaptive_stop_metric,iteration_used,max_iterations,objective,T_total,loss_flux,projected_continuous_optimization_loss,optimization_loss_continuous,target_mse_loss,target_mse_loss_continuous,ratio_mse_loss,ratio_mse_diagnostic,ratio_mse_diagnostic_continuous,total_loss,total_power_loss,total_power_loss_continuous,T_total_continuous,binarization_penalty,grayness,gray_fraction,optimization_loss,elapsed_sec,cumulative_runtime_sec,optimization_iteration_runtime_sec,wall_runtime_sec,comparison_budget_sec,topology_stop_mode,stop_reason,T_1,T_1_continuous,T_2,T_2_continuous,T_3,T_3_continuous,binary_eval_iter,hard_binary_fdfd_loss,final_loss_binary,target_mse_loss_binary,total_power_loss_binary,ratio_mse_diagnostic_binary,T_total_binary,projection_gap,T_1_binary,T_2_binary,T_3_binary,target_label,target_i
1,1.0,375,125,False,projected_continuous_optimization_loss,1,500,0.004472784753416099,0.8344017397732537,0.07445736809466291,0.07445736809466291,0.07445736809466291,0.07308622890515665,0.07308622890515665,0.07308622890515665,0.07308622890515665,0.07308622890515665,0.02742278379012518,0.02742278379012518,0.02742278379012518,0.8344017397732537,0.2293441197206318,0.3813090042295644,0.9680864197530864,0.07445736809466291,11.856349700014107,11.856349700014107,11.856349700014107,17.85858702659607,,fixed_iterations,,0.10952198698486183,0.10952198698486183,0.12790983180055174,0.12790983180055174,0.5969699209878401,0.5969699209878401,1,0.1825671877272942,0.1825671877272942,0.1716829323559259,0.21768510742736585,0.1716829323559259,0.5334326335593479,0.10810981963263128,0.0259129754452725,0.017171717582866265,0.49034794053120906,T033_033_033,0
2,1.0093097420873878,375,125,False,projected_continuous_optimization_loss,2,500,0.0034368156736698536,0.6835843265432241,0.033784312321412956,0.033784312321412956,0.033784312321412956,0.0287783684009577,0.0287783684009577,0.0287783684009577,0.0287783684009577,0.0287783684009577,0.1001188784091051,0.1001188784091051,0.1001188784091051,0.6835843265432241,0.2147327236162608,0.3357633113283964,0.9679938271604939,0.033784312321412956,23.828449600026943,23.828449600026943,11.972099900012836,41.841829776763916,,fixed_iterations,,0.149304369540522,0.149304369540522,0.14246741195401894,0.14246741195401894,0.39181254504868307,0.39181254504868307,2,0.15319554312807265,0.15319554312807265,0.14323729666387797,0.19916492928389368,0.14323729666387797,0.5537210185501745,0.11941123080665969,0.02780610721019604,0.04514038269925378,0.48077452864072473,T033_033_033,0
3,1.0187061554725092,375,125,False,projected_continuous_optimization_loss,3,500,0.0022835126296618675,0.5640076578745956,0.024278092946628867,0.024278092946628867,0.024278092946628867,0.014773626827029082,0.014773626827029082,0.014773626827029082,0.014773626827029082,0.014773626827029082,0.19008932239199566,0.19008932239199566,0.19008932239199566,0.5640076578745956,0.19468453716903067,0.29290735359379927,0.9666358024691358,0.024278092946628867,35.760955800069496,35.760955800069496,11.932506200042553,65.700021982193,,fixed_iterations,,0.17260908704603983,0.17260908704603983,0.11280405191501294,0.11280405191501294,0.27859451891354287,0.27859451891354287,3,0.11261367864924653,0.11261367864924653,0.09808036342133819,0.29066630455816667,0.09808036342133819,0.46086522597947127,0.08833558570261765,0.04439242580152392,0.05890574695160175,0.3575670532263456,T033_033_033,0
4,1.0281900470427925,375,125,False,projected_continuous_optimization_loss,4,500,0.0016473850361030777,0.5150675502751432,0.03551060418226927,0.03551060418226927,0.03551060418226927,0.023752630142461734,0.023752630142461734,0.023752630142461734,0.023752630142461734,0.023752630142461734,0.2351594807961508,0.2351594807961508,0.2351594807961508,0.5150675502751432,0.17287823066369762,0.25070226403589885,0.9660185185185185,0.03551060418226927,47.691758200060576,47.691758200060576,11.93080239999108,89.61100220680237,,fixed_iterations,,0.16404500213148954,0.16404500213148954,0.07851467117470555,0.07851467117470555,0.2725078769689481,0.2725078769689481,4,0.0718098071924372,0.0718098071924372,0.04991160909929304,0.43796396186288294,0.04991160909929304,0.3382115429664228,0.036299203010167924,0.06597754856033632,0.05290633079049638,0.21932766361559008,T033_033_033,0
5,1.03776223119758,375,125,False,projected_continuous_optimization_loss,5,500,0.0012622828039096391,0.5001842016468475,0.05187841346306526,0.05187841346306526,0.05187841346306526,0.0393876218488953,0.0393876218488953,0.0393876218488953,0.0393876218488953,0.0393876218488953,0.24981583228339918,0.24981583228339918,0.24981583228339918,0.5001842016468475,0.15308319050411773,0.21671173641726887,0.9659876543209877,0.05187841346306526,59.67336430004798,59.67336430004798,11.981606099987403,113.47190475463867,,fixed_iterations,,0.1442076171843863,0.1442076171843863,0.05798468773098836,0.05798468773098836,0.29799189673147286,0.29799189673147286,5,0.07117691898887749,0.07117691898887749,0.049510455756513326,0.43332926464728333,0.049510455756513326,0.34172250179177216,0.019298505525812228,0.07848318017722443,0.04369265128660777,0.21954667032793998,T033_033_033,0
6,1.0474235299180614,375,125,False,projected_continuous_optimization_loss,6,500,0.0008641152550495609,0.49767796728017966,0.06655489886373023,0.06655489886373023,0.06655489886373023,0.05393852763594162,0.05393852763594162,0.05393852763594162,0.05393852763594162,0.05393852763594162,0.2523274245557723,0.2523274245557723,0.2523274245557723,0.49767796728017966,0.13618211081388032,0.19013380812520958,0.966141975308642,0.06655489886373023,71.58708880003542,71.58708880003542,11.913724499987438,137.40501379966736,,fixed_iterations,,0.12367690009111126,0.12367690009111126,0.050242038260504863,0.050242038260504863,0.32375902892856356,0.32375902892856356,6,0.07908977208936527,0.07908977208936527,0.057955097492691544,0.42269349193347433,0.057955097492691544,0.349851177088296,0.01253487322563504,0.07558652432981096,0.04029449179083248,0.23397016096765252,T033_033_033,0
7,1.0571747728378598,375,125,False,projected_continuous_optimization_loss,7,500,0.0005974039579827623,0.49322340484520233,0.0745381334224634,0.0745381334224634,0.0745381334224634,0.06169700755262892,0.06169700755262892,0.06169700755262892,0.06169700755262892,0.06169700755262892,0.2568225173966897,0.2568225173966897,0.2568225173966897,0.49322340484520233,0.12234450678783097,0.16973391897034026,0.8812654320987654,0.0745381334224634,83.45313850004459,83.45313850004459,11.866049700009171,161.27513456344604,,fixed_iterations,,0.10889403891589604,0.10889403891589604,0.0500304123637545,0.0500304123637545,0.3342989535655518,0.3342989535655518,7,0.07912107391606271,0.07912107391606271,0.057950602186580775,0.42340943458963876,0.057950602186580775,0.3493008109812656,0.004582940493599308,0.07451642136206278,0.041017230881648985,0.2337671587375538,T033_033_033,0
8,1.067016797314273,375,125,False,projected_continuous_optimization_loss,8,500,0.000498548897000167,0.4795284397660719,0.07489683913230843,0.07489683913230843,0.07489683913230843,0.06135230688169147,0.06135230688169147,0.06135230688169147,0.06135230688169147,0.06135230688169147,0.2708906450123394,0.2708906450123394,0.2708906450123394,0.4795284397660719,0.1115587552179529,0.15444721748676846,0.7076543209876544,0.07489683913230843,95.40731230005622,95.40731230005622,11.954173800011631,185.221581697464,,fixed_iterations,,0.10214579433065672,0.10214579433065672,0.05207138586990365,0.05207138586990365,0.32531125956551155,0.32531125956551155,8,0.07519173493396929,0.07519173493396929,0.051831204025909794,0.46721061816118986,0.051831204025909794,0.31647193315768674,0.00029489580166085216,0.06889320414425767,0.04143548296861779,0.20614324604481127,T033_033_033,0
9,1.0769504485001793,375,125,False,projected_continuous_optimization_loss,9,500,0.0004130664658395114,0.45932756955843174,0.07016508485805542,0.07016508485805542,0.07016508485805542,0.05554875100607579,0.05554875100607579,0.05554875100607579,0.05554875100607579,0.05554875100607579,0.2923266770395924,0.2923266770395924,0.2923266770395924,0.45932756955843174,0.1031988991741905,0.14273014308329726,0.6181172839506173,0.07016508485805542,107.34309010009747,107.34309010009747,11.93577780004125,209.12831020355225,,fixed_iterations,,0.10213236013658165,0.10213236013658165,0.053574860048741915,0.053574860048741915,0.30362034937310817,0.30362034937310817,9,0.07106641519020176,0.07106641519020176,0.046386674268237255,0.4935948184392903,0.046386674268237255,0.2974369647929872,0.000901330332146344,0.06906705302671229,0.04017742398938908,0.18819248777688585,T033_033_033,0
10,1.0869765794166126,375,125,False,projected_continuous_optimization_loss,10,500,0.00029352123769357954,0.43863759847044936,0.06374411127267089,0.06374411127267089,0.06374411127267089,0.04798772398011967,0.04798772398011967,0.04798772398011967,0.04798772398011967,0.04798772398011967,0.31512774585102443,0.31512774585102443,0.31512774585102443,0.43863759847044936,0.09646731192390254,0.133304825403514,0.5600925925925926,0.06374411127267089,119.21392050012946,119.21392050012946,11.870830400031991,232.93170070648193,,fixed_iterations,,0.10589905026848548,0.10589905026848548,0.053983392822364834,0.053983392822364834,0.27875515537959905,0.27875515537959905,10,0.0631217744469173,0.0631217744469173,0.036074328160653826,0.5409489257252695,0.036074328160653826,0.2645076983915674,-0.0006223368257535916,0.06326067807039533,0.04299932408690372,0.15824769623426832,T033_033_033,0
11,1.0970960510260122,375,125,False,projected_continuous_optimization_loss,11,500,0.0002249239239857361,0.422317309916366,0.05873447083925644,0.05873447083925644,0.05873447083925644,0.04204860631814324,0.04204860631814324,0.04204860631814324,0.04204860631814324,0.04204860631814324,0.33371729042226383,0.33371729042226383,0.33371729042226383,0.422317309916366,0.09087437609617993,0.12549911714008793,0.5216666666666666,0.05873447083925644,131.1775926001137,131.1775926001137,11.963672099984251,256.8472514152527,,fixed_iterations,,0.10944468049067527,0.10944468049067527,0.053902892543787544,0.053902892543787544,0.2589697368819032,0.2589697368819032,11,0.05879028198640414,0.05879028198640414,0.02991274518345601,0.5775507360589626,0.02991274518345601,0.24003241117863286,5.5811147147699636e-05,0.05888371782631262,0.043136029280662,0.13801266407165821,T033_033_033,0
12,1.107309732306156,375,125,False,projected_continuous_optimization_loss,12,500,0.00022325301542067648,0.41195990090924334,0.05707322661501217,0.05707322661501217,0.05707322661501217,0.03978366870807882,0.03978366870807882,0.03978366870807882,0.03978366870807882,0.03978366870807882,0.34579115813866695,0.34579115813866695,0.34579115813866695,0.41195990090924334,0.08620533297935498,0.11901404285765657,0.4932716049382716,0.05707322661501217,143.06842260010308,143.06842260010308,11.890829999989364,280.7794518470764,,fixed_iterations,,0.10902594578863595,0.10902594578863595,0.05385973815307835,0.05385973815307835,0.24907421696752902,0.24907421696752902,12,0.0550456862832474,0.0550456862832474,0.025090240721022103,0.5991089112445059,0.025090240721022103,0.2259787397981203,-0.0020275403317647697,0.057243546374466284,0.04342050862401162,0.12531468479964236,T033_033_033,0
13,1.1176185003247807,375,125,False,projected_continuous_optimization_loss,13,500,0.00020596997440291683,0.406977917873798,0.058658766095237555,0.058658766095237555,0.058658766095237555,0.04107500660077276,0.04107500660077276,0.04107500660077276,0.04107500660077276,0.04107500660077276,0.35167518988929586,0.35167518988929586,0.35167518988929586,0.406977917873798,0.08228673941411406,0.11361166583131826,0.4713888888888889,0.058658766095237555,155.00490850012284,155.00490850012284,11.936485900019761,304.60141801834106,,fixed_iterations,,0.1046625782254305,0.1046625782254305,0.05377006609840075,0.05377006609840075,0.2485452735499667,0.2485452735499667,13,0.05750909513443124,0.05750909513443124,0.02627644065289968,0.6246530896306313,0.02627644065289968,0.20965002079418565,-0.001149670960806315,0.04784688413333549,0.0439124656531329,0.11789067100771729,T033_033_033,0
14,1.1280232403148973,375,125,False,projected_continuous_optimization_loss,14,500,0.00015464847716861488,0.4060590954010396,0.06190290542020857,0.06190290542020857,0.06190290542020857,0.044264615512417005,0.044264615512417005,0.044264615512417005,0.044264615512417005,0.044264615512417005,0.35276579815583126,0.35276579815583126,0.35276579815583126,0.4060590954010396,0.0789601100227845,0.10905215625778136,0.4524074074074074,0.06190290542020857,166.92847810010426,166.92847810010426,11.92356959998142,328.4238200187683,,fixed_iterations,,0.09921795948553844,0.09921795948553844,0.053578282453461884,0.053578282453461884,0.2532628534620393,0.2532628534620393,14,0.057781436666595014,0.057781436666595014,0.026006956464825898,0.6354896040353823,0.026006956464825898,0.2028239817735469,-0.004121468753613557,0.04565864992136372,0.043319879349181196,0.11384545250300197,T033_033_033,0
15,1.1385248457508084,375,125,False,projected_continuous_optimization_loss,15,500,0.00012741659173270276,0.4067798237481418,0.06456636179487218,0.06456636179487218,0.06456636179487218,0.0469708529192579,0.0469708529192579,0.0469708529192579,0.0469708529192579,0.0469708529192579,0.3519101775122857,0.3519101775122857,0.3519101775122857,0.4067798237481418,0.07615269510990264,0.10521475959210767,0.43746913580246916,0.06456636179487218,178.85525670013158,178.85525670013158,11.926778600027319,352.2909047603607,,fixed_iterations,,0.09566602431506686,0.09566602431506686,0.05326931868059205,0.05326931868059205,0.2578444807524829,0.2578444807524829,15,0.0555374947995618,0.0555374947995618,0.022991919788114917,0.6509115002289377,0.022991919788114917,0.19320913476357596,-0.009028866995310386,0.042727266882227194,0.04466242690176399,0.10581944097958478,T033_033_033,0
16,1.1491242184248314,375,125,False,projected_continuous_optimization_loss,16,500,0.0001369797902665129,0.4060484894663171,0.06480085897479751,0.06480085897479751,0.06480085897479751,0.047161939131535324,0.047161939131535324,0.047161939131535324,0.047161939131535324,0.047161939131535324,0.3527783968652436,0.3527783968652436,0.3527783968652436,0.4060484894663171,0.07383494001212966,0.1020635697360396,0.42450617283950615,0.06480085897479751,190.6558586001629,190.6558586001629,11.800601900031324,376.069039106369,,fixed_iterations,,0.09554902103073455,0.09554902103073455,0.05289884134652303,0.05289884134652303,0.25760062708905956,0.25760062708905956,16,0.055526625732081385,0.055526625732081385,0.02216250887444196,0.6672823371527884,0.02216250887444196,0.1831264864418798,-0.009274233242716125,0.03774757630994622,0.046083786263054434,0.09929512386887916,T033_033_033,0
17,1.1598222685247375,375,125,False,projected_continuous_optimization_loss,17,500,0.0001350290742698623,0.4027553503225029,0.06217595950101555,0.06217595950101555,0.06217595950101555,0.044340900922595745,0.044340900922595745,0.044340900922595745,0.044340900922595745,0.044340900922595745,0.35670117156839615,0.35670117156839615,0.35670117156839615,0.4027553503225029,0.07193173584079318,0.09947914625198062,0.41466049382716047,0.06217595950101555,202.63652960013133,202.63652960013133,11.980670999968424,400.042765378952,,fixed_iterations,,0.09881548675155609,0.09881548675155609,0.05273721294138202,0.05273721294138202,0.25120265062956487,0.25120265062956487,17,0.05585025799166919,0.05585025799166919,0.02184598552594898,0.6800854493144041,0.02184598552594898,0.1753270652468313,-0.00632570150934636,0.034803211873343155,0.04600913706135684,0.09451471631213132,T033_033_033,0
18,1.1706199147119118,375,125,False,projected_continuous_optimization_loss,18,500,0.00010733806453187695,0.398886186461236,0.05794890734637953,0.05794890734637953,0.05794890734637953,0.03988201650502373,0.03988201650502373,0.03988201650502373,0.03988201650502373,0.03988201650502373,0.36133781682711597,0.36133781682711597,0.36133781682711597,0.398886186461236,0.07032854755812738,0.09730061036498266,0.405,0.05794890734637953,214.5606610001414,214.5606610001414,11.924131400010083,423.9580616950989,,fixed_iterations,,0.10423280619204946,0.10423280619204946,0.0529899252466185,0.0529899252466185,0.24166345502256803,0.24166345502256803,18,0.05638591026637961,0.05638591026637961,0.022242227171682522,0.6828736618939417,0.022242227171682522,0.17363829838626857,-0.0015629970799999199,0.0347053169585493,0.0449077118310817,0.09402526959663758,T033_033_033,0
19,1.1815180842002395,375,125,False,projected_continuous_optimization_loss,19,500,9.148901466297411e-05,0.397567568175311,0.054323328738005064,0.054323328738005064,0.054323328738005064,0.03617708699229464,0.03617708699229464,0.03617708699229464,0.03617708699229464,0.03617708699229464,0.3629248349142085,0.3629248349142085,0.3629248349142085,0.397567568175311,0.06893216672099842,0.09540641520355846,0.39774691358024694,0.054323328738005064,226.50168260012288,226.50168260012288,11.941021599981468,447.8732633590698,,fixed_iterations,,0.10978973629968253,0.10978973629968253,0.053392289969127794,0.053392289969127794,0.23438554190650074,0.23438554190650074,19,0.05450238258675213,0.05450238258675213,0.019995133038003876,0.690144990974965,0.019995133038003876,0.1692503439814345,0.00017905384874706415,0.03417678129694161,0.045441577315320725,0.08963198536917216,T033_033_033,0
20,1.1925177128357283,375,125,False,projected_continuous_optimization_loss,20,500,0.00010020019594397897,0.4006531175598372,0.05297483734364021,0.05297483734364021,0.05297483734364021,0.03501400306910309,0.03501400306910309,0.03501400306910309,0.03501400306910309,0.03501400306910309,0.35921668549074226,0.35921668549074226,0.35921668549074226,0.4006531175598372,0.06769451894665124,0.09372831290595281,0.3898456790123457,0.05297483734364021,238.43181420012843,238.43181420012843,11.930131600005552,471.8157320022583,,fixed_iterations,,0.11353941595522012,0.11353941595522012,0.05338769723997619,0.05338769723997619,0.2337260043646409,0.2337260043646409,20,0.051323823109764945,0.051323823109764945,0.016146405242910535,0.7035483573370882,0.016146405242910535,0.16122210488289074,-0.0016510142338752656,0.034095680823413785,0.045121827840124126,0.08200459621935283,T033_033_033,0
21,1.2036197451768704,375,125,False,projected_continuous_optimization_loss,21,500,0.00010107545242570949,0.4079965428481307,0.05404931616544735,0.05404931616544735,0.05404931616544735,0.0365259115014591,0.0365259115014591,0.0365259115014591,0.0365259115014591,0.0365259115014591,0.35046809327976514,0.35046809327976514,0.35046809327976514,0.4079965428481307,0.06659021672293589,0.09222426023991852,0.38299382716049385,0.05404931616544735,250.34658580011455,250.34658580011455,11.914771599986125,495.7168881893158,,fixed_iterations,,0.11470812208276068,0.11470812208276068,0.0529412318158067,0.0529412318158067,0.2403471889495633,0.2403471889495633,21,0.0488599377796067,0.0488599377796067,0.013444766116831436,0.7083034332555052,0.013444766116831436,0.15839235195044413,-0.0051893783858406525,0.03368675348743719,0.04711986960405488,0.07758572885895205,T033_033_033,0
22,1.2148251345757544,375,125,False,projected_continuous_optimization_loss,22,500,8.33937663029227e-05,0.4177802536080253,0.05634843441557125,0.05634843441557125,0.05634843441557125,0.03939944276113448,0.03939944276113448,0.03939944276113448,0.03939944276113448,0.03939944276113448,0.33897983308873536,0.33897983308873536,0.33897983308873536,0.4177802536080253,0.06560577307324811,0.09087676979767118,0.3775,0.05634843441557125,262.16859560011653,262.16859560011653,11.822009800001979,519.5201497077942,,fixed_iterations,,0.11417212963268784,0.11417212963268784,0.05259149166441224,0.05259149166441224,0.25101663231092525,0.25101663231092525,22,0.04849608555028401,0.04849608555028401,0.01336081360981327,0.7027054388094147,0.01336081360981327,0.16172472372769167,-0.00785234886528724,0.03122611985160985,0.0534884827715988,0.07701012110448303,T033_033_033,0
23,1.2261348432599308,375,125,False,projected_continuous_optimization_loss,23,500,7.384354493466367e-05,0.42704346970476553,0.057986627036512584,0.057986627036512584,0.057986627036512584,0.041572667756114894,0.041572667756114894,0.041572667756114894,0.041572667756114894,0.041572667756114894,0.3282791856079539,0.3282791856079539,0.3282791856079539,0.42704346970476553,0.06474639575381835,0.0896803608429243,0.37299382716049384,0.057986627036512584,274.0180614001001,274.0180614001001,11.84946579998359,543.3414573669434,,fixed_iterations,,0.11412615698068576,0.11412615698068576,0.05265681315387636,0.05265681315387636,0.2602604995702034,0.2602604995702034,23,0.048902514882889984,0.048902514882889984,0.014518399482078004,0.6876823080162396,0.014518399482078004,0.1707338738280457,-0.009084112153622599,0.03076718819150561,0.0589297173858198,0.08103696825072029,T033_033_033,0
24,1.2375498424150402,375,125,False,projected_continuous_optimization_loss,24,500,8.053933691301231e-05,0.4335755294543507,0.05748417440043112,0.05748417440043112,0.05748417440043112,0.04144234035878516,0.04144234035878516,0.04144234035878516,0.04144234035878516,0.04144234035878516,0.3208366808329191,0.3208366808329191,0.3208366808329191,0.4335755294543507,0.06402316960017704,0.08867199447677758,0.36953703703703705,0.05748417440043112,285.97066220012493,285.97066220012493,11.952600800024811,567.2913105487823,,fixed_iterations,,0.11689897760874249,0.11689897760874249,0.05291734492579375,0.05291734492579375,0.26375920691981447,0.26375920691981447,24,0.0488180911027474,0.0488180911027474,0.015043620052239318,0.6754894210101616,0.015043620052239318,0.1781183655719264,-0.008666083297683716,0.03125850837820685,0.06233467253813089,0.08452518465558864,T033_033_033,0
25,1.2490711122682117,375,125,False,projected_continuous_optimization_loss,25,500,8.081280832227279e-05,0.43768917320153494,0.05479360615766879,0.05479360615766879,0.05479360615766879,0.038983932860930125,0.038983932860930125,0.038983932860930125,0.038983932860930125,0.038983932860930125,0.3161934659347733,0.3161934659347733,0.3161934659347733,0.43768917320153494,0.0634257506073425,0.0878470561244448,0.3662962962962963,0.05479360615766879,297.89358400012134,297.89358400012134,11.922921799996402,591.247953414917,,fixed_iterations,,0.12344177574744128,0.12344177574744128,0.05308439512729691,0.05308439512729691,0.2611630023267968,0.2611630023267968,25,0.047387157868860046,0.047387157868860046,0.014128645347895314,0.6651702504192947,0.014128645347895314,0.18442029793569858,-0.007406448288808744,0.034280380065990705,0.062178326128681016,0.08796159174102688,T033_033_033,0
26,1.2606996421722352,375,125,False,projected_continuous_optimization_loss,26,500,6.87899440377269e-05,0.4412450409539267,0.05122012247859438,0.05122012247859438,0.05122012247859438,0.03560976726566543,0.03560976726566543,0.03560976726566543,0.03560976726566543,0.03560976726566543,0.31220710425857906,0.31220710425857906,0.31220710425857906,0.4412450409539267,0.06292105820676204,0.08714998728538025,0.3639506172839506,0.05122012247859438,309.88644360011676,309.88644360011676,11.992859599995427,615.2532343864441,,fixed_iterations,,0.13251505409708977,0.13251505409708977,0.05316942889887606,0.05316942889887606,0.25556055795796084,0.25556055795796084,26,0.0425573091614748,0.0425573091614748,0.009872877255135299,0.65368863812679,0.009872877255135299,0.1914898651675478,-0.008662813317119579,0.039778743772055064,0.06540626032414258,0.08630486107135016,T033_033_033,0
27,1.2724364306905207,375,125,False,projected_continuous_optimization_loss,27,500,6.331761223066074e-05,0.44558463858903785,0.0484332546539915,0.0484332546539915,0.0484332546539915,0.03306443500556911,0.03306443500556911,0.03306443500556911,0.03306443500556911,0.03306443500556911,0.30737639296844776,0.30737639296844776,0.30737639296844776,0.44558463858903785,0.062473481769603025,0.08653283400399481,0.3621913580246914,0.0484332546539915,321.8430450001033,321.8430450001033,11.956601399986539,639.2246587276459,,fixed_iterations,,0.14084901643349337,0.14084901643349337,0.05335784659950782,0.05335784659950782,0.25137777555603663,0.25137777555603663,27,0.03976061844185303,0.03976061844185303,0.007279752953328863,0.6496173097704834,0.007279752953328863,0.1940115945185791,-0.008672636212138471,0.043188853862789756,0.06735386185675618,0.08346887879903314,T033_033_033,0
28,1.2842824856828456,375,125,False,projected_continuous_optimization_loss,28,500,6.8496916529582e-05,0.4509066181370722,0.047365494132874456,0.047365494132874456,0.047365494132874456,0.0322903170325911,0.0322903170325911,0.0322903170325911,0.0322903170325911,0.0322903170325911,0.30150354200566704,0.30150354200566704,0.30150354200566704,0.4509066181370722,0.062060361841238754,0.08595801237883122,0.35975308641975307,0.047365494132874456,333.7750672000693,333.7750672000693,11.932022199966013,663.1008787155151,,fixed_iterations,,0.14515827487516456,0.14515827487516456,0.05373840703422238,0.05373840703422238,0.25200993622768536,0.25200993622768536,28,0.03904082894575371,0.03904082894575371,0.006914096354590016,0.6425346518232739,0.006914096354590016,0.19841740798388477,-0.008324665187120744,0.04489127381137447,0.06841425249437992,0.0851118816781304,T033_033_033,0
29,1.296238824391902,375,125,False,projected_continuous_optimization_loss,29,500,6.7513813253636e-05,0.4569636993387158,0.047864207869200696,0.047864207869200696,0.047864207869200696,0.03311978667740607,0.03311978667740607,0.03311978667740607,0.03311978667740607,0.03311978667740607,0.2948884238358926,0.2948884238358926,0.2948884238358926,0.4569636993387158,0.0616767735704462,0.0854249167637604,0.3574074074074074,0.047864207869200696,345.69887660007225,345.69887660007225,11.923809400002938,686.9631404876709,,fixed_iterations,,0.14506978406230797,0.14506978406230797,0.05428838392300799,0.05428838392300799,0.25760553135339986,0.25760553135339986,29,0.04015360623726741,0.04015360623726741,0.00869810871388222,0.6291099504677037,0.00869810871388222,0.20683548335310437,-0.007710601631933288,0.04446080069021974,0.07076828794182516,0.09160639472105948,T033_033_033,0
30,1.3083064735306495,375,125,False,projected_continuous_optimization_loss,30,500,5.88876487249523e-05,0.46314803208060074,0.04894917031914827,0.04894917031914827,0.04894917031914827,0.03453866854620168,0.03453866854620168,0.03453866854620168,0.03453866854620168,0.03453866854620168,0.2882100354589317,0.2882100354589317,0.2882100354589317,0.46314803208060074,0.06133242354755863,0.08494636637535444,0.3567283950617284,0.04894917031914827,357.6975071000634,357.6975071000634,11.998630499991123,710.968544960022,,fixed_iterations,,0.14327473452381925,0.14327473452381925,0.054957637455254324,0.054957637455254324,0.2649156601015271,0.2649156601015271,30,0.04253391352528738,0.04253391352528738,0.011773732737040021,0.6152036157649472,0.011773732737040021,0.215650833005512,-0.006415256793860888,0.043278461895818514,0.07177715292906041,0.10059521818063306,T033_033_033,0
31,1.3204864693704796,375,125,False,projected_continuous_optimization_loss,31,500,5.713021761865824e-05,0.46821131713101843,0.04925645333306044,0.04925645333306044,0.04925645333306044,0.03511649317168413,0.03511649317168413,0.03511649317168413,0.03511649317168413,0.03511649317168413,0.28279920322752616,0.28279920322752616,0.28279920322752616,0.46821131713101843,0.06104346807935079,0.08454394699557372,0.3551543209876543,0.04925645333306044,369.5660968000884,369.5660968000884,11.86858970002504,734.7934119701385,,fixed_iterations,,0.14313880504891535,0.14313880504891535,0.05566234495584803,0.05566234495584803,0.2694101671262551,0.2694101671262551,31,0.042985753697779364,0.042985753697779364,0.012546926995080976,0.6087765340539677,0.012546926995080976,0.21975866935033,-0.006270699635281075,0.042214529112409034,0.07512015930792633,0.10242398092999462,T033_033_033,0
32,1.332779857830204,375,125,False,projected_continuous_optimization_loss,32,500,6.095780819650584e-05,0.4710596247635282,0.047993841497105,0.047993841497105,0.047993841497105,0.03400494546934002,0.03400494546934002,0.03400494546934002,0.03400494546934002,0.03400494546934002,0.27977792055529954,0.27977792055529954,0.27977792055529954,0.4710596247635282,0.06081624204113567,0.0842405434480518,0.35401234567901235,0.047993841497105,381.4256615000777,381.4256615000777,11.859564699989278,758.5937764644623,,fixed_iterations,,0.1463964346668629,0.1463964346668629,0.056342168025646074,0.056342168025646074,0.26832102207101927,0.26832102207101927,32,0.04221276663410276,0.04221276663410276,0.011630926238091532,0.6116368079202246,0.011630926238091532,0.2179278754998203,-0.005781074863002236,0.04288181629184153,0.07470529322699487,0.10034076598098385,T033_033_033,0
33,1.3451876945658685,375,125,False,projected_continuous_optimization_loss,33,500,5.856228143752565e-05,0.4719670098315398,0.045628617483636724,0.045628617483636724,0.045628617483636724,0.03168767554832447,0.03168767554832447,0.03168767554832447,0.03168767554832447,0.03168767554832447,0.27881883870624513,0.27881883870624513,0.27881883870624513,0.4719670098315398,0.06063843171965695,0.08401814986414362,0.3533950617283951,0.045628617483636724,393.33246890007285,393.33246890007285,11.90680739999516,782.4949991703033,,fixed_iterations,,0.15236339313559305,0.15236339313559305,0.056994526918310875,0.056994526918310875,0.26260908977763586,0.26260908977763586,33,0.041421417589536616,0.041421417589536616,0.011218917570322944,0.6040500003842735,0.011218917570322944,0.22279346349617365,-0.004207199894100108,0.044537634974497406,0.0759922924856867,0.10226353603598959,T033_033_033,0
34,1.3577110450614045,375,125,False,projected_continuous_optimization_loss,34,500,5.3010893777977636e-05,0.4723293709402679,0.04336511640636083,0.04336511640636083,0.04336511640636083,0.02944330176774616,0.02944330176774616,0.02944330176774616,0.02944330176774616,0.02944330176774616,0.27843629277229337,0.27843629277229337,0.27843629277229337,0.4723293709402679,0.060488465781897836,0.08383211115445534,0.35259259259259257,0.04336511640636083,405.2127051001298,405.2127051001298,11.88023620005697,806.3875107765198,,fixed_iterations,,0.15851486212510774,0.15851486212510774,0.05764940748971272,0.05764940748971272,0.25616510132544745,0.25616510132544745,34,0.03883809461086009,0.03883809461086009,0.009154517304848654,0.5936715461202287,0.009154517304848654,0.22949915891010947,-0.004527021795500741,0.049797308120601964,0.07612188006176825,0.10357997072773928,T033_033_033,0
35,1.3703509847201236,375,125,False,projected_continuous_optimization_loss,35,500,5.370650153276654e-05,0.47338802397923463,0.04206462158519104,0.04206462158519104,0.04206462158519104,0.02819861292076628,0.02819861292076628,0.02819861292076628,0.02819861292076628,0.02819861292076628,0.2773201732884952,0.2773201732884952,0.2773201732884952,0.47338802397923463,0.06035019284686165,0.08365640997517307,0.3515740740740741,0.04206462158519104,417.2387961001368,417.2387961001368,12.026091000007,830.3986546993256,,fixed_iterations,,0.16209170380194943,0.16209170380194943,0.05836011278527338,0.05836011278527338,0.25293620739201184,0.25293620739201184,35,0.037613768802580466,0.037613768802580466,0.008152461138739854,0.5892261532768123,0.008152461138739854,0.23238932180641714,-0.004450852782610572,0.052134514367793455,0.07673879669059705,0.1035160107480266,T033_033_033,0
36,1.383108598957066,375,125,False,projected_continuous_optimization_loss,36,500,5.5922521453332646e-05,0.4754686342025322,0.04184618339103191,0.04184618339103191,0.04184618339103191,0.028089525705764062,0.028089525705764062,0.028089525705764062,0.028089525705764062,0.028089525705764062,0.2751331537053569,0.2751331537053569,0.2751331537053569,0.4754686342025322,0.06021799229378475,0.08348084448874205,0.3515432098765432,0.04184618339103191,429.22014990012394,429.22014990012394,11.981353799987119,854.3706748485565,,fixed_iterations,,0.16198679991196333,0.16198679991196333,0.05919019544379433,0.05919019544379433,0.2542916388467746,0.2542916388467746,36,0.03913254970834084,0.03913254970834084,0.009774507472911649,0.5871608447085838,0.009774507472911649,0.23373578661888184,-0.0027136336826910704,0.05050463643000677,0.07620007293147293,0.10703107725740214,T033_033_033,0
37,1.3959849832922042,375,125,False,projected_continuous_optimization_loss,37,500,5.2698920414917455e-05,0.4780394203457204,0.042311603587296055,0.042311603587296055,0.042311603587296055,0.028689461251644472,0.028689461251644472,0.028689461251644472,0.028689461251644472,0.028689461251644472,0.27244284671303165,0.27244284671303165,0.27244284671303165,0.4780394203457204,0.06009466428732411,0.08330531009237353,0.350462962962963,0.042311603587296055,441.24330870009726,441.24330870009726,12.023158799973316,878.3993740081787,,fixed_iterations,,0.15946863726601587,0.15946863726601587,0.060117680307975215,0.060117680307975215,0.2584531027717293,0.2584531027717293,37,0.04224235625088095,0.04224235625088095,0.013194193496869554,0.5809632550802278,0.013194193496869554,0.23779054382654907,-6.924733641510555e-05,0.048097254950261355,0.07508345408474397,0.11460983479154374,T033_033_033,0
38,1.408981243444521,375,125,False,projected_continuous_optimization_loss,38,500,5.015206365648668e-05,0.48013926838717796,0.04270915356213434,0.04270915356213434,0.04270915356213434,0.0291963945484834,0.0291963945484834,0.0291963945484834,0.0291963945484834,0.0291963945484834,0.27025518027301865,0.27025518027301865,0.27025518027301865,0.48013926838717796,0.05998949268761862,0.08315261352446066,0.34978395061728396,0.04270915356213434,453.20877960009966,453.20877960009966,11.965470900002401,902.3692629337311,,fixed_iterations,,0.15730108303941534,0.15730108303941534,0.060967724481485644,0.060967724481485644,0.26187046086627697,0.26187046086627697,38,0.04536467501069427,0.04536467501069427,0.01703701435866083,0.5665532130406689,0.01703701435866083,0.2473027082281557,0.0026555214485599332,0.04650423151325502,0.07601242322211965,0.12478605349278102,T033_033_033,0
39,1.4220984954269564,375,125,False,projected_continuous_optimization_loss,39,500,5.217130251103971e-05,0.4810378462807844,0.04228811367882857,0.04228811367882857,0.04228811367882857,0.028822027829184232,0.028822027829184232,0.028822027829184232,0.028822027829184232,0.028822027829184232,0.26932171699288676,0.26932171699288676,0.26932171699288676,0.4810378462807844,0.05991184783195559,0.08305093016130284,0.3495987654320988,0.04228811367882857,465.16934920009226,465.16934920009226,11.960569599992596,926.3351397514343,,fixed_iterations,,0.15780667911552987,0.15780667911552987,0.0616196939222788,0.0616196939222788,0.26161147324297573,0.26161147324297573,39,0.045458607488371924,0.045458607488371924,0.01744468409798274,0.5602784678077837,0.01744468409798274,0.25148248663923456,0.0031704938095433524,0.04623029864087191,0.07823898951389407,0.12701319848446854,T033_033_033,0
40,1.4353378656422435,375,125,False,projected_continuous_optimization_loss,40,500,5.2315887173784153e-05,0.48085496465257493,0.04095770851971319,0.04095770851971319,0.04095770851971319,0.027482130133419224,0.027482130133419224,0.027482130133419224,0.027482130133419224,0.027482130133419224,0.2695115677258793,0.2695115677258793,0.2695115677258793,0.48085496465257493,0.059860996612019185,0.08300482829988591,0.3492901234567901,0.04095770851971319,477.1263912000577,477.1263912000577,11.95704199996544,950.2912404537201,,fixed_iterations,,0.16122691146424079,0.16122691146424079,0.062187065707003636,0.062187065707003636,0.25744098748133043,0.25744098748133043,40,0.04388590892175401,0.04388590892175401,0.015906303965965627,0.5595920991157676,0.015906303965965627,0.25194111253473667,0.002928200402040816,0.04820095069144585,0.0783257044824542,0.1254144573608366,T033_033_033,0
41,1.4487004909796344,375,125,False,projected_continuous_optimization_loss,41,500,4.951424885065133e-05,0.48040132923274814,0.03940717335185605,0.03940717335185605,0.03940717335185605,0.02590803441870129,0.02590803441870129,0.02590803441870129,0.02590803441870129,0.02590803441870129,0.2699827786630951,0.2699827786630951,0.2699827786630951,0.48040132923274814,0.059824643874533144,0.08298716621751234,0.3488888888888889,0.03940717335185605,489.11507590004476,489.11507590004476,11.988684699987061,974.2095956802368,,fixed_iterations,,0.1655832380826665,0.1655832380826665,0.06282298371417634,0.06282298371417634,0.25199510743590525,0.25199510743590525,41,0.0412672051870135,0.0412672051870135,0.01413324208703095,0.5426792619996511,0.01413324208703095,0.2633323259436103,0.0018600318351574552,0.053248557432367546,0.08104399721927759,0.12903977129196517,T033_033_033,0
42,1.4621875189125266,375,125,False,projected_continuous_optimization_loss,42,500,4.952838290696333e-05,0.4804416699686839,0.038451921371307485,0.038451921371307485,0.038451921371307485,0.02495487845606099,0.02495487845606099,0.02495487845606099,0.02495487845606099,0.02495487845606099,0.2699408583049299,0.2699408583049299,0.2699408583049299,0.4804416699686839,0.059788178701841846,0.0829600631819793,0.34925925925925927,0.038451921371307485,501.0780673000263,501.0780673000263,11.962991399981547,998.1922428607941,,fixed_iterations,,0.16809813838302132,0.16809813838302132,0.06347402078197703,0.06347402078197703,0.2488695108036856,0.2488695108036856,42,0.03862637611983283,0.03862637611983283,0.0115444440479064,0.5416386414385286,0.0115444440479064,0.26403896744560684,0.00017445474852534337,0.05591718334080358,0.08321255616799908,0.1249092279368042,T033_033_033,0
43,1.4758001075969998,375,125,False,projected_continuous_optimization_loss,43,500,5.1094848642058315e-05,0.4812315122797099,0.038396895461080424,0.038396895461080424,0.038396895461080424,0.024940858268500583,0.024940858268500583,0.024940858268500583,0.024940858268500583,0.024940858268500583,0.26912074385159684,0.26912074385159684,0.26912074385159684,0.4812315122797099,0.05974483319069512,0.0829045903096639,0.3490740740740741,0.038396895461080424,513.0273675000644,513.0273675000644,11.949300200038124,1022.1792936325073,,fixed_iterations,,0.16743545218486328,0.16743545218486328,0.06401727587248611,0.06401727587248611,0.24977878422236044,0.24977878422236044,43,0.03980279926376671,0.03980279926376671,0.013194425374263444,0.5321674777900652,0.013194425374263444,0.27050190007782393,0.0014059038026862855,0.055971445627518476,0.08336622921114795,0.13116422523915755,T033_033_033,0
44,1.4895394259712669,375,125,False,projected_continuous_optimization_loss,44,500,4.969741682965896e-05,0.4824708993307351,0.0389006766072544,0.0389006766072544,0.0389006766072544,0.0255088581052775,0.0255088581052775,0.0255088581052775,0.0255088581052775,0.0255088581052775,0.26783637003953803,0.26783637003953803,0.26783637003953803,0.4824708993307351,0.059698926396481396,0.08283466063603284,0.3487345679012346,0.0389006766072544,525.0227362000733,525.0227362000733,11.99536870000884,1046.1568355560303,,fixed_iterations,,0.164805229204481,0.164805229204481,0.06451969662237614,0.06451969662237614,0.25314597350387796,0.25314597350387796,44,0.04388071747222676,0.04388071747222676,0.017589169278733864,0.5258309638698578,0.017589169278733864,0.2748579698639322,0.004980040864972356,0.052775442943485615,0.08168865482575273,0.14039387209469384,T033_033_033,0
45,1.5034066538560549,375,125,False,projected_continuous_optimization_loss,45,500,4.8541763620135266e-05,0.48349317392561236,0.03922129348769464,0.03922129348769464,0.03922129348769464,0.025882328418622758,0.025882328418622758,0.025882328418622758,0.025882328418622758,0.025882328418622758,0.2667793013814377,0.2667793013814377,0.2667793013814377,0.48349317392561236,0.05966101429823196,0.0827776754709819,0.3484567901234568,0.03922129348769464,537.0090502001112,537.0090502001112,11.986314000037964,1070.146934747696,,fixed_iterations,,0.16280029330497248,0.16280029330497248,0.06509103716603845,0.06509103716603845,0.25560184345460146,0.25560184345460146,45,0.046981391957259484,0.046981391957259484,0.02092060036987256,0.5212158317477384,0.02092060036987256,0.278047209474374,0.007760098469564845,0.05194519019398788,0.07867914761720753,0.1474228716631786,T033_033_033,0
46,1.5174029820559174,375,125,False,projected_continuous_optimization_loss,46,500,4.9821115294486004e-05,0.4837668398345679,0.038842552338164645,0.038842552338164645,0.038842552338164645,0.02551771855544521,0.02551771855544521,0.02551771855544521,0.02551771855544521,0.02551771855544521,0.26649667565438867,0.26649667565438867,0.26649667565438867,0.4837668398345679,0.0596381792171744,0.08275500640089221,0.34824074074074074,0.038842552338164645,548.9507240001112,548.9507240001112,11.94167379999999,1094.1075978279114,,fixed_iterations,,0.1632493971749412,0.1632493971749412,0.06562838935199758,0.06562838935199758,0.2548890533076292,0.2548890533076292,46,0.046294597694878134,0.046294597694878134,0.019901012561195794,0.5278717026736467,0.019901012561195794,0.27345220207226095,0.0074520453567134895,0.050996327501656835,0.07924515927527877,0.14321071529532534,T033_033_033,0
47,1.531529612461491,375,125,False,projected_continuous_optimization_loss,47,500,4.9767019133236445e-05,0.4834034021634774,0.03795751415681967,0.03795751415681967,0.03795751415681967,0.02461391191200618,0.02461391191200618,0.02461391191200618,0.02461391191200618,0.02461391191200618,0.2668720448962698,0.2668720448962698,0.2668720448962698,0.4834034021634774,0.05962735968595754,0.08275910879116888,0.3485185185185185,0.03795751415681967,560.8765666001127,560.8765666001127,11.925842600001488,1118.0651152133942,,fixed_iterations,,0.16591502472227548,0.16591502472227548,0.06595148631661953,0.06595148631661953,0.2515368911245824,0.2515368911245824,47,0.045551790897768354,0.045551790897768354,0.01941354284333357,0.5227649610886956,0.01941354284333357,0.2769751310717621,0.007594276740948681,0.05180236939016462,0.08092558394456724,0.14424717773703022,T033_033_033,0
48,1.5457877581527044,375,125,False,projected_continuous_optimization_loss,48,500,4.8427714129469625e-05,0.48298861785525776,0.03714609851075555,0.03714609851075555,0.03714609851075555,0.02378106004739471,0.02378106004739471,0.02378106004739471,0.02378106004739471,0.02378106004739471,0.26730076926721674,0.26730076926721674,0.26730076926721674,0.48298861785525776,0.05961881072716067,0.0827656990531528,0.34867283950617284,0.03714609851075555,572.827400700131,572.827400700131,11.950834100018255,1142.0290591716766,,fixed_iterations,,0.16881153902794235,0.16881153902794235,0.0661182816758484,0.0661182816758484,0.24805879715146698,0.24805879715146698,48,0.04333916357442233,0.04333916357442233,0.017831732953879645,0.5101486124108537,0.017831732953879645,0.2857531152249568,0.006193065063666778,0.05574316463279189,0.08317076475546484,0.14683918583670005,T033_033_033,0
49,1.5601786435029474,375,125,False,projected_continuous_optimization_loss,49,500,4.897583233998623e-05,0.4830081544076965,0.03678767432037357,0.03678767432037357,0.03678767432037357,0.02342364589992676,0.02342364589992676,0.02342364589992676,0.02342364589992676,0.02342364589992676,0.26728056840893616,0.26728056840893616,0.26728056840893616,0.4830081544076965,0.05960451335393864,0.08275529703613337,0.34882716049382717,0.03678767432037357,584.8051764001139,584.8051764001139,11.977775699982885,1166.0056784152985,,fixed_iterations,,0.1698376157135601,0.1698376157135601,0.06637189117553435,0.06637189117553435,0.24679864751860203,0.24679864751860203,49,0.042190198685173985,0.042190198685173985,0.016517373202729797,0.5134565096488838,0.016517373202729797,0.28344120293664404,0.005402524364800418,0.0564954951145926,0.08333414175459262,0.1436115660674588,T033_033_033,0
50,1.5747035042842101,375,125,False,projected_continuous_optimization_loss,50,500,4.954235435491963e-05,0.483530765722033,0.036927924942209686,0.036927924942209686,0.036927924942209686,0.023590901444426205,0.023590901444426205,0.023590901444426205,0.023590901444426205,0.023590901444426205,0.26674046995566963,0.26674046995566963,0.26674046995566963,0.483530765722033,0.059582627308615035,0.08272549218725511,0.3484567901234568,0.036927924942209686,596.7153720001224,596.7153720001224,11.910195600008592,1189.9144043922424,,fixed_iterations,,0.16850226437737087,0.16850226437737087,0.06677751898607856,0.06677751898607856,0.2482509823585835,0.2482509823585835,50,0.043834811445510956,0.043834811445510956,0.01869840311872549,0.5027281665357093,0.01869840311872549,0.29096673806110523,0.00690688650330127,0.05706306012839167,0.08261525486452269,0.15128842306819093,T033_033_033,0
51,1.589363587773202,375,125,False,projected_continuous_optimization_loss,51,500,4.8542274671043285e-05,0.48422358132002247,0.037334948950353365,0.037334948950353365,0.037334948950353365,0.024033683247036187,0.024033683247036187,0.024033683247036187,0.024033683247036187,0.024033683247036187,0.26602531406634355,0.26602531406634355,0.26602531406634355,0.48422358132002247,0.0595576592204271,0.08268598877279834,0.34814814814814815,0.037334948950353365,608.6064341001329,608.6064341001329,11.891062100010458,1213.7978746891022,,fixed_iterations,,0.16627810650627484,0.16627810650627484,0.06713011995484594,0.06713011995484594,0.25081535485890166,0.25081535485890166,51,0.04527993355088965,0.04527993355088965,0.01988039335392019,0.507990803939389,0.01988039335392019,0.287265263973062,0.007944984600536283,0.05601795082370397,0.07989475015023582,0.1513525629991222,T033_033_033,0
52,1.6041601528584555,375,125,False,projected_continuous_optimization_loss,52,500,4.858200811739244e-05,0.4845897442121789,0.03753398965838799,0.03753398965838799,0.03753398965838799,0.02425160306982462,0.02425160306982462,0.02425160306982462,0.02425160306982462,0.02425160306982462,0.26564773177126727,0.26564773177126727,0.26564773177126727,0.4845897442121789,0.059537586154209524,0.08265665835866057,0.3479320987654321,0.03753398965838799,620.5710522001027,620.5710522001027,11.964618099969812,1237.7879092693329,,fixed_iterations,,0.16528888166203784,0.16528888166203784,0.06728264778406254,0.06728264778406254,0.25201821476607844,0.25201821476607844,52,0.0459135245337503,0.0459135245337503,0.020586062436693867,0.5065492419411286,0.020586062436693867,0.2882772717264619,0.008379534875362311,0.05544912476482824,0.07998247664087418,0.15284567032075946,T033_033_033,0
53,1.6190944701484322,375,125,False,projected_continuous_optimization_loss,53,500,4.9241666787135656e-05,0.4843965315683664,0.03718854980918408,0.03718854980918408,0.03718854980918408,0.02389620297624755,0.02389620297624755,0.02389620297624755,0.02389620297624755,0.02389620297624755,0.2658469366587306,0.2658469366587306,0.2658469366587306,0.4843965315683664,0.05952675508970983,0.0826498529954638,0.3480246913580247,0.03718854980918408,632.4887564001256,632.4887564001256,11.917704200022854,1261.7128520011902,,fixed_iterations,,0.16646210362344896,0.16646210362344896,0.06736053771322982,0.06736053771322982,0.2505738902316876,0.2505738902316876,53,0.0450152578905231,0.0450152578905231,0.019502911952939503,0.5102469187516719,0.019502911952939503,0.2856843003603575,0.00782670808133902,0.05626055708784106,0.07937409612714541,0.15004964714537106,T033_033_033,0
54,1.63416782208063,375,125,False,projected_continuous_optimization_loss,54,500,4.862292865406475e-05,0.4839167786769099,0.036531702572063805,0.036531702572063805,0.036531702572063805,0.02321460800550293,0.02321460800550293,0.02321460800550293,0.02321460800550293,0.02321460800550293,0.26634189133121755,0.26634189133121755,0.26634189133121755,0.4839167786769099,0.05952086105153442,0.08265598632204363,0.34814814814814815,0.036531702572063805,644.4520025001257,644.4520025001257,11.963246100000106,1285.7162375450134,,fixed_iterations,,0.1687711994927829,0.1687711994927829,0.06750262023948195,0.06750262023948195,0.24764295894464508,0.24764295894464508,54,0.04275001019629579,0.04275001019629579,0.017373191965661866,0.5075363646126784,0.017373191965661866,0.2875841350638811,0.006218307624231985,0.05756259279291988,0.0825274290647792,0.14749411320618203,T033_033_033,0
55,1.6493815030317087,375,125,False,projected_continuous_optimization_loss,55,500,4.83878500061799e-05,0.48362517862125465,0.0361273514416638,0.0361273514416638,0.0361273514416638,0.022795203633967243,0.022795203633967243,0.022795203633967243,0.022795203633967243,0.022795203633967243,0.2666429561539311,0.2666429561539311,0.2666429561539311,0.48362517862125465,0.05951112350337181,0.08265158642069667,0.348179012345679,0.0361273514416638,656.4240150001715,656.4240150001715,11.972012500045821,1309.7097988128662,,fixed_iterations,,0.1701874417342618,0.1701874417342618,0.06762902013042392,0.06762902013042392,0.24580871675656898,0.24580871675656898,55,0.042169115550628675,0.042169115550628675,0.01696974144807208,0.503987482051132,0.01696974144807208,0.29007924241424526,0.006041764108964877,0.059119147701010503,0.08257028260328794,0.14838981210994678,T033_033_033,0
56,1.6647368194286418,375,125,False,projected_continuous_optimization_loss,56,500,4.895610979497478e-05,0.4837478091413207,0.036252145400619065,0.036252145400619065,0.036252145400619065,0.02292632917229975,0.02292632917229975,0.02292632917229975,0.02292632917229975,0.02292632917229975,0.2665163245663863,0.2665163245663863,0.2665163245663863,0.4837478091413207,0.05949304422508611,0.08262545073498148,0.347962962962963,0.036252145400619065,668.3869054001407,668.3869054001407,11.962890399969183,1333.6433668136597,,fixed_iterations,,0.16957779817272597,0.16957779817272597,0.0676672837602236,0.0676672837602236,0.24650272720837108,0.24650272720837108,56,0.04332089967788735,0.04332089967788735,0.01819704663713825,0.5024770608149821,0.01819704663713825,0.29114383630035207,0.007068754277268288,0.05853744306857355,0.08164186922578145,0.15096452400599705,T033_033_033,0
57,1.6802350898609004,375,125,False,projected_continuous_optimization_loss,57,500,4.856816410599121e-05,0.48410730475804453,0.036658063989854,0.036658063989854,0.036658063989854,0.023350800339653543,0.023350800339653543,0.023350800339653543,0.023350800339653543,0.023350800339653543,0.26614527300400914,0.26614527300400914,0.26614527300400914,0.48410730475804453,0.05947023903662294,0.08258759957701091,0.34790123456790123,0.036658063989854,680.3528898001532,680.3528898001532,11.96598440001253,1357.6573123931885,,fixed_iterations,,0.1677570755057931,0.1677570755057931,0.06774209201568049,0.06774209201568049,0.24860813723657094,0.24860813723657094,57,0.044805547757748566,0.044805547757748566,0.019171817494295935,0.5126746052690526,0.019171817494295935,0.283987007611557,0.008147483767894564,0.05548263836603572,0.08007639747055224,0.14842797177496903,T033_033_033,0
58,1.6958776451936843,375,125,False,projected_continuous_optimization_loss,58,500,4.829970196567869e-05,0.4843011349914671,0.03687107974767083,0.03687107974767083,0.03687107974767083,0.02357381377911637,0.02357381377911637,0.02357381377911637,0.02357381377911637,0.02357381377911637,0.26594531937108906,0.26594531937108906,0.26594531937108906,0.4843011349914671,0.059450240156521,0.08255749335673888,0.3478395061728395,0.03687107974767083,692.3210856001824,692.3210856001824,11.968195800029207,1381.653967142105,,fixed_iterations,,0.16658869299674656,0.16658869299674656,0.06789556237900068,0.06789556237900068,0.24981687961571988,0.24981687961571988,58,0.04575844816332437,0.04575844816332437,0.02024934010516437,0.5101821611631999,0.02024934010516437,0.2857296302077203,0.008887368415653539,0.05538778743231929,0.07927612603845566,0.15106571673694535,T033_033_033,0
59,1.711665828682204,375,125,False,projected_continuous_optimization_loss,59,500,4.8725247755090076e-05,0.48409123685804406,0.03668821423428875,0.03668821423428875,0.03668821423428875,0.02338012163995561,0.02338012163995561,0.02338012163995561,0.02338012163995561,0.02338012163995561,0.26616185188666275,0.26616185188666275,0.26616185188666275,0.48409123685804406,0.05943700272874081,0.08254356800405599,0.3476851851851852,0.03668821423428875,704.152737200202,704.152737200202,11.83165160001954,1405.481234550476,,fixed_iterations,,0.1671637530523925,0.1671637530523925,0.06794706834096234,0.06794706834096234,0.24898041546468924,0.24898041546468924,59,0.0455144691444828,0.0455144691444828,0.019956365052962832,0.5111620818303995,0.019956365052962832,0.2850440000738511,0.00882625491019405,0.055448009476709456,0.0793290768984761,0.15026691369866557,T033_033_033,0
60,1.72760099608703,375,125,False,projected_continuous_optimization_loss,60,500,4.8467263657427076e-05,0.48364055141529855,0.03631556908882985,0.03631556908882985,0.03631556908882985,0.022984215081695004,0.022984215081695004,0.022984215081695004,0.022984215081695004,0.022984215081695004,0.26662708014269687,0.26662708014269687,0.26662708014269687,0.48364055141529855,0.0594277420801201,0.08253716685654462,0.3475617283950617,0.03631556908882985,716.1104736002162,716.1104736002162,11.957736400014255,1429.4575016498566,,fixed_iterations,,0.16884794071645026,0.16884794071645026,0.06783861074562757,0.06783861074562757,0.24695399995322076,0.24695399995322076,60,0.04422862542186461,0.04422862542186461,0.01872895029181221,0.509993502601048,0.01872895029181221,0.2858617062493791,0.007913056333034761,0.056236737067608455,0.08087132969888727,0.14875363948288337,T033_033_033,0
61,1.7436845157905145,375,125,False,projected_continuous_optimization_loss,61,500,4.8222437125251706e-05,0.48330879263715704,0.036069186859497164,0.036069186859497164,0.036069186859497164,0.022720696671193547,0.022720696671193547,0.022720696671193547,0.022720696671193547,0.022720696671193547,0.2669698037660723,0.2669698037660723,0.2669698037660723,0.48330879263715704,0.0594166974886572,0.0825261375405073,0.3475308641975309,0.036069186859497164,727.891207300243,727.891207300243,11.780733700026758,1453.2552454471588,,fixed_iterations,,0.16997936958616464,0.16997936958616464,0.0677725918193819,0.0677725918193819,0.2455568312316105,0.2455568312316105,61,0.043320722603369326,0.043320722603369326,0.01814509300625067,0.5035125919423731,0.01814509300625067,0.29041378822417,0.007251535743872162,0.05784965048299565,0.0822611273801837,0.15030301036099067,T033_033_033,0
62,1.7599177689142957,375,125,False,projected_continuous_optimization_loss,62,500,4.854492200025578e-05,0.483302840253047,0.03613295756414316,0.03613295756414316,0.03613295756414316,0.022784159819614746,0.022784159819614746,0.022784159819614746,0.022784159819614746,0.022784159819614746,0.26697595489056836,0.26697595489056836,0.26697595489056836,0.483302840253047,0.05940055956401985,0.0825032111827721,0.3474074074074074,0.03613295756414316,740.582840500283,740.582840500283,12.691633200040087,1478.0863256454468,,fixed_iterations,,0.16952235840373525,0.16952235840373525,0.06784108687437074,0.06784108687437074,0.24593939497494097,0.24593939497494097,62,0.04426641240965162,0.04426641240965162,0.01875669897812499,0.5101942686305327,0.01875669897812499,0.2857211548487994,0.00813345484550846,0.05621289535011445,0.08077633730126026,0.14873192219742473,T033_033_033,0
63,1.7763021494378985,375,125,False,projected_continuous_optimization_loss,63,500,4.832680192400672e-05,0.48351441305281695,0.036453468524799255,0.036453468524799255,0.036453468524799255,0.023115600448590446,0.023115600448590446,0.023115600448590446,0.023115600448590446,0.023115600448590446,0.2667573615241762,0.2667573615241762,0.2667573615241762,0.48351441305281695,0.05938124405920407,0.08247166677003352,0.3472530864197531,0.036453468524799255,753.2748902002932,753.2748902002932,12.692049700010102,1502.950073003769,,fixed_iterations,,0.16807944504855946,0.16807944504855946,0.06788223436926409,0.06788223436926409,0.24755273363499342,0.24755273363499342,63,0.044761368273549484,0.044761368273549484,0.019127853117216893,0.5126703031266518,0.019127853117216893,0.28399001185273137,0.008307899748750229,0.05576918005970927,0.07976751548592367,0.1484533163070984,T033_033_033,0
64,1.792839064318438,375,125,False,projected_continuous_optimization_loss,64,500,4.818394234514258e-05,0.48362388409308155,0.036692804655352365,0.036692804655352365,0.036692804655352365,0.023360590001396595,0.023360590001396595,0.023360590001396595,0.023360590001396595,0.023360590001396595,0.2666442930791153,0.2666442930791153,0.2666442930791153,0.48362388409308155,0.05936475996642022,0.08244512432935255,0.3472222222222222,0.036692804655352365,765.3281263003009,765.3281263003009,12.05323610000778,1527.1214187145233,,fixed_iterations,,0.16722980044834496,0.16722980044834496,0.06781680110423127,0.06781680110423127,0.2485772825405053,0.2485772825405053,64,0.045518895699672345,0.045518895699672345,0.02023152688524305,0.5057473762885859,0.02023152688524305,0.28884082211604273,0.00882609104431998,0.05578529643875181,0.08044504814845553,0.1526104775288354,T033_033_033,0
65,1.809529933611436,375,125,False,projected_continuous_optimization_loss,65,500,4.8429204208276984e-05,0.48343568327878444,0.036558952673746196,0.036558952673746196,0.036558952673746196,0.023217018008263382,0.023217018008263382,0.023217018008263382,0.023217018008263382,0.023217018008263382,0.26683869330965626,0.26683869330965626,0.26683869330965626,0.48343568327878444,0.05935526408159675,0.08243432695135136,0.3472222222222222,0.036558952673746196,777.3603475003038,777.3603475003038,12.032221200002823,1551.2328186035156,,fixed_iterations,,0.16785736936327766,0.16785736936327766,0.06775979302949234,0.06775979302949234,0.24781852088601444,0.24781852088601444,65,0.04510542028530544,0.04510542028530544,0.019580315387645323,0.5105020979532022,0.019580315387645323,0.2855057047441161,0.008546467611559243,0.05571761887914533,0.07986823499717549,0.14991985086779527,T033_033_033,0
66,1.8263761905927665,375,125,False,projected_continuous_optimization_loss,66,500,4.8226402277630954e-05,0.4831178159747053,0.03623087015287629,0.03623087015287629,0.03623087015287629,0.022872510544738368,0.022872510544738368,0.022872510544738368,0.022872510544738368,0.022872510544738368,0.2671671921627585,0.2671671921627585,0.2671671921627585,0.4831178159747053,0.05935019966932278,0.08243295626866257,0.3473148148148148,0.03623087015287629,789.424087100313,789.424087100313,12.063739600009285,1575.4393169879913,,fixed_iterations,,0.16924752013489544,0.16924752013489544,0.06773183334941218,0.06773183334941218,0.2461384624903977,0.2461384624903977,66,0.04361039266617828,0.04361039266617828,0.0180849243183766,0.5105093669560334,0.0180849243183766,0.28550061794566023,0.007379522513301984,0.05669512513221759,0.08121972201540881,0.1475857707980338,T033_033_033,0
67,1.843379281881731,375,125,False,projected_continuous_optimization_loss,67,500,4.818331477892708e-05,0.48299312923575766,0.03611737561360092,0.03611737561360092,0.03611737561360092,0.02275257039272922,0.02275257039272922,0.02275257039272922,0.02275257039272922,0.02275257039272922,0.267296104417434,0.267296104417434,0.267296104417434,0.48299312923575766,0.05934385974102514,0.08242623694299675,0.3473456790123457,0.03611737561360092,801.3888121002819,801.3888121002819,11.964724999968894,1599.3674669265747,,fixed_iterations,,0.1699126722577908,0.1699126722577908,0.06764673796744676,0.06764673796744676,0.24543371901052005,0.24543371901052005,67,0.04293234711771826,0.04293234711771826,0.01735023947820657,0.5116421527902337,0.01735023947820657,0.2847083442467445,0.006814971504117341,0.05731216927282066,0.08129754935544319,0.1460986256184807,T033_033_033,0
68,1.8605406675652836,375,125,False,projected_continuous_optimization_loss,68,500,4.8354484975359003e-05,0.48317640245827065,0.03631326372378442,0.03631326372378442,0.03631326372378442,0.02295793217498565,0.02295793217498565,0.02295793217498565,0.02295793217498565,0.02295793217498565,0.2671066309759754,0.2671066309759754,0.2671066309759754,0.48317640245827065,0.059334653115626336,0.08241079793973448,0.3474074074074074,0.03631326372378442,813.287785500288,813.287785500288,11.89897340000607,1623.249655008316,,fixed_iterations,,0.16926735474648688,0.16926735474648688,0.06757285026393366,0.06757285026393366,0.2463361974478501,0.2463361974478501,68,0.04311379799464396,0.04311379799464396,0.01755449084156296,0.51118614306162,0.01755449084156296,0.28502717320053333,0.00680053427085954,0.05700532018473752,0.08151492534447467,0.14650692767132115,T033_033_033,0
69,1.8778618213234128,375,125,False,projected_continuous_optimization_loss,69,500,4.817685070825274e-05,0.4834879801647839,0.0365636942093364,0.0365636942093364,0.0365636942093364,0.02322446087762367,0.02322446087762367,0.02322446087762367,0.02322446087762367,0.02322446087762367,0.26678466663425465,0.26678466663425465,0.26678466663425465,0.4834879801647839,0.059326520898122716,0.08239656194926323,0.3472530864197531,0.0365636942093364,825.2335081002675,825.2335081002675,11.94572259997949,1647.188297510147,,fixed_iterations,,0.16823189929813592,0.16823189929813592,0.06759490100177623,0.06759490100177623,0.2476611798648717,0.2476611798648717,69,0.044340412129385345,0.044340412129385345,0.018790829851947768,0.5109916455487515,0.018790829851947768,0.2851632035570976,0.007776717920048942,0.05643514657148893,0.08010814699750617,0.1486199099881025,T033_033_033,0
70,1.8953442305556858,375,125,False,projected_continuous_optimization_loss,70,500,4.823836672933629e-05,0.4836708389231159,0.03661940936888601,0.03661940936888601,0.03661940936888601,0.02328961923996806,0.02328961923996806,0.02328961923996806,0.02328961923996806,0.02328961923996806,0.2665958025783589,0.2665958025783589,0.2665958025783589,0.4836708389231159,0.0593241618333063,0.08239345438205417,0.34728395061728395,0.03661940936888601,837.2180324002402,837.2180324002402,11.98452429997269,1671.1728785037994,,fixed_iterations,,0.16810337734857606,0.16810337734857606,0.06757855411087477,0.06757855411087477,0.24798890746366511,0.24798890746366511,70,0.04404756135421781,0.04404756135421781,0.01850396805643251,0.5108718659557059,0.01850396805643251,0.2852469895441462,0.007428151985331796,0.05668550544154966,0.08033005129239963,0.14823143281019688,T033_033_033,0
71,1.9129893965089777,375,125,False,projected_continuous_optimization_loss,71,500,4.833211661000449e-05,0.48368698480511463,0.03646180344698026,0.03646180344698026,0.03646180344698026,0.023132846963998564,0.023132846963998564,0.023132846963998564,0.023132846963998564,0.023132846963998564,0.26657912965963393,0.26657912965963393,0.26657912965963393,0.48368698480511463,0.05932840725905603,0.0824024295332733,0.3474382716049383,0.03646180344698026,849.2089559002197,849.2089559002197,11.990923499979544,1695.1791133880615,,fixed_iterations,,0.16910130699554965,0.16910130699554965,0.06745118993063257,0.06745118993063257,0.24713448787893244,0.24713448787893244,71,0.04281648457208164,0.04281648457208164,0.017337089517313133,0.5095879010953701,0.017337089517313133,0.28614574239879315,0.0063546811251013816,0.05731030503406611,0.08213397974531474,0.1467014576194123,T033_033_033,0
72,1.9307988344063838,375,125,False,projected_continuous_optimization_loss,72,500,4.819692491025948e-05,0.48375672978758266,0.03627276270987067,0.03627276270987067,0.03627276270987067,0.022947407007890122,0.022947407007890122,0.022947407007890122,0.022947407007890122,0.022947407007890122,0.2665071140396109,0.2665071140396109,0.2665071140396109,0.48375672978758266,0.059336038211498826,0.0824170548795386,0.3475617283950617,0.03627276270987067,861.1279881002265,861.1279881002265,11.919032200006768,1719.0520977973938,,fixed_iterations,,0.17018773889226682,0.17018773889226682,0.06736768654206814,0.06736768654206814,0.24620130435324772,0.24620130435324772,72,0.04154780315591365,0.04154780315591365,0.016129883168225476,0.5083583997537634,0.016129883168225476,0.2870074335915112,0.005275040446042982,0.058234519513709414,0.08369454613038964,0.14507836794741213,T033_033_033,0
73,1.948774073577336,375,125,False,projected_continuous_optimization_loss,73,500,4.831981361109826e-05,0.48409076701349246,0.036282278829204824,0.036282278829204824,0.036282278829204824,0.022974161995168493,0.022974161995168493,0.022974161995168493,0.022974161995168493,0.022974161995168493,0.2661623366807266,0.2661623366807266,0.2661623366807266,0.48409076701349246,0.05934352235840666,0.0824283340820388,0.3475617283950617,0.036282278829204824,873.0625582002103,873.0625582002103,11.93457009998383,1743.0163879394531,,fixed_iterations,,0.17030054961365498,0.17030054961365498,0.06736366660465919,0.06736366660465919,0.24642655079517828,0.24642655079517828,73,0.04098700547507842,0.04098700547507842,0.01554272402676366,0.5088856289662952,0.01554272402676366,0.28663779959525804,0.004704726645873597,0.058085490589191505,0.08489843552987522,0.14365387347619127,T033_033_033,0
74,1.966916657588929,375,125,False,projected_continuous_optimization_loss,74,500,4.8319640568949056e-05,0.48464956685478777,0.036507560929465326,0.036507560929465326,0.036507560929465326,0.023228257482317424,0.023228257482317424,0.023228257482317424,0.023228257482317424,0.023228257482317424,0.265586068942958,0.265586068942958,0.265586068942958,0.48464956685478777,0.05935132680299048,0.08243680548068003,0.3475925925925926,0.036507560929465326,885.0176510002348,885.0176510002348,11.955092800024431,1766.9625141620636,,fixed_iterations,,0.16961703878646653,0.16961703878646653,0.06732119007870122,0.06732119007870122,0.24771133798961997,0.24771133798961997,74,0.0411365362097513,0.0411365362097513,0.015741211840108835,0.5079064873928494,0.015741211840108835,0.2873244164468313,0.0046289752802859754,0.05811006097019901,0.08485307813203477,0.14436127734459753,T033_033_033,0
75,1.9852281443784687,375,125,False,projected_continuous_optimization_loss,75,500,4.8272107087352144e-05,0.48520775436276875,0.03665653525642848,0.03665653525642848,0.03665653525642848,0.02340598244801731,0.02340598244801731,0.02340598244801731,0.02340598244801731,0.02340598244801731,0.26501105616822346,0.26501105616822346,0.26501105616822346,0.48520775436276875,0.05936398244039553,0.08245330601331587,0.34746913580246913,0.03665653525642848,896.982605500205,896.982605500205,11.96495449997019,1790.9254541397095,,fixed_iterations,,0.16932077704171627,0.16932077704171627,0.06726583151749913,0.06726583151749913,0.24862114580355338,0.24862114580355338,75,0.04161066003682223,0.04161066003682223,0.01619057824092447,0.5084016359179553,0.01619057824092447,0.2869771140293214,0.004954124780393754,0.05733917013466027,0.08483940584794569,0.14479853804671547,T033_033_033,0
76,2.0037101063872553,375,125,False,projected_continuous_optimization_loss,76,500,4.8390728056199403e-05,0.4856442982099613,0.036539742866370385,0.036539742866370385,0.036539742866370385,0.023311653468174227,0.023311653468174227,0.023311653468174227,0.023311653468174227,0.023311653468174227,0.26456178796392316,0.26456178796392316,0.26456178796392316,0.4856442982099613,0.059384238692150995,0.08248493332641142,0.3476543209876543,0.036539742866370385,908.9050352001796,908.9050352001796,11.9224296999746,1814.8066518306732,,fixed_iterations,,0.17009102365228554,0.17009102365228554,0.06724186158783448,0.06724186158783448,0.24831141296984127,0.24831141296984127,76,0.040925962852150555,0.040925962852150555,0.015494983493868094,0.5086195871656491,0.015494983493868094,0.28682429432456896,0.0043862199857801695,0.05806636818135547,0.08513721337925832,0.14362071276395516,T033_033_033,0
77,2.022364130695613,375,125,False,projected_continuous_optimization_loss,77,500,4.832303728442301e-05,0.48608538353297653,0.036362630157698826,0.036362630157698826,0.036362630157698826,0.02315721850677643,0.02315721850677643,0.02315721850677643,0.02315721850677643,0.02315721850677643,0.2641082330184479,0.2641082330184479,0.2641082330184479,0.48608538353297653,0.05940945685436464,0.08252471407330415,0.34762345679012346,0.036362630157698826,920.8590050002094,920.8590050002094,11.953969800029881,1838.724441766739,,fixed_iterations,,0.1712644627270174,0.1712644627270174,0.06716984395536975,0.06716984395536975,0.24765107685058937,0.24765107685058937,77,0.041349967443256946,0.041349967443256946,0.016172806590631212,0.5035432170525147,0.016172806590631212,0.2903922089967482,0.00498733728555812,0.05839403872480751,0.08534605906833082,0.14665211120360988,T033_033_033,0
78,2.0411918191591734,375,125,False,projected_continuous_optimization_loss,78,500,4.835754172912753e-05,0.4867246341906658,0.03635712879169872,0.03635712879169872,0.03635712879169872,0.02318454873436342,0.02318454873436342,0.02318454873436342,0.02318454873436342,0.02318454873436342,0.26345160114670596,0.26345160114670596,0.26345160114670596,0.4867246341906658,0.05943592807838965,0.08256343611245659,0.34771604938271605,0.03635712879169872,932.7182378002326,932.7182378002326,11.859232800023165,1862.4768562316895,,fixed_iterations,,0.17175747602672048,0.17175747602672048,0.0670914061858481,0.0670914061858481,0.2478757519780972,0.2478757519780972,78,0.04101936370169885,0.04101936370169885,0.0158937157525537,0.5025129589829029,0.0158937157525537,0.291118515559263,0.004662234910000125,0.05882764595182797,0.08572539635130277,0.14656547325613223,T033_033_033,0
79,2.060194788546431,375,125,False,projected_continuous_optimization_loss,79,500,4.839144561682675e-05,0.4875825812662714,0.03649461789026816,0.03649461789026816,0.03649461789026816,0.02336603733918129,0.02336603733918129,0.02336603733918129,0.02336603733918129,0.02336603733918129,0.26257161102173737,0.26257161102173737,0.26257161102173737,0.4875825812662714,0.05946363152298787,0.0826025094480549,0.3477777777777778,0.03649461789026816,944.5906630001846,944.5906630001846,11.872425199951977,1886.311451435089,,fixed_iterations,,0.17147725218482807,0.17147725218482807,0.06710005981050274,0.06710005981050274,0.2490052692709406,0.2490052692709406,79,0.04142924681045364,0.04142924681045364,0.01632129458828262,0.5021590444434203,0.01632129458828262,0.291368188377476,0.00493462892018548,0.05854754878058506,0.08538820922246645,0.1474324303744245,T033_033_033,0
80,2.0793746706775784,375,125,False,projected_continuous_optimization_loss,80,500,4.833123840485237e-05,0.488477378141906,0.036611238148053546,0.036611238148053546,0.036611238148053546,0.02352846851442461,0.02352846851442461,0.02352846851442461,0.02352846851442461,0.02352846851442461,0.2616553926725787,0.2616553926725787,0.2616553926725787,0.488477378141906,0.05949553397277446,0.08264822550728596,0.34814814814814815,0.036611238148053546,956.4535564001999,956.4535564001999,11.86289340001531,1910.067982673645,,fixed_iterations,,0.17136237619832045,0.17136237619832045,0.0670886968784878,0.0670886968784878,0.2500263050650977,0.2500263050650977,80,0.04095137787696326,0.04095137787696326,0.015874146540609476,0.5015446267270758,0.015874146540609476,0.2918018450129401,0.004340139728909717,0.0591133047415956,0.08575520640201281,0.14693333386933166,T033_033_033,0
81,2.0987331125646334,375,125,False,projected_continuous_optimization_loss,81,500,4.839255016011227e-05,0.48927769337348037,0.036561055546891943,0.036561055546891943,0.036561055546891943,0.023519191822596302,0.023519191822596302,0.023519191822596302,0.023519191822596302,0.023519191822596302,0.26083727448591276,0.26083727448591276,0.26083727448591276,0.48927769337348037,0.05953396963807545,0.08270589393465641,0.3482716049382716,0.036561055546891943,968.4366166002001,968.4366166002001,11.983060200000182,1934.038688659668,,fixed_iterations,,0.1721255657594858,0.1721255657594858,0.06701031395294793,0.06701031395294793,0.25014181366104665,0.25014181366104665,81,0.040939612265396386,0.040939612265396386,0.0158207089480112,0.5023780663477038,0.0158207089480112,0.29121366664720194,0.004378556718504442,0.058941056783559896,0.08577036709785256,0.14650224276578946,T033_033_033,0
82,2.118271776552871,375,125,False,projected_continuous_optimization_loss,82,500,4.833621218917426e-05,0.49008647467318933,0.03639944062502601,0.03639944062502601,0.03639944062502601,0.02339885045946521,0.02339885045946521,0.02339885045946521,0.02339885045946521,0.02339885045946521,0.260011803311216,0.260011803311216,0.260011803311216,0.49008647467318933,0.05957749995198481,0.08277235068391836,0.3484567901234568,0.03639944062502601,980.3804133002413,980.3804133002413,11.943796700041275,1957.9957056045532,,fixed_iterations,,0.17332275917928427,0.17332275917928427,0.06697255577710066,0.06697255577710066,0.24979115971680438,0.24979115971680438,82,0.04046911470699793,0.04046911470699793,0.015512992512476564,0.49912244389042726,0.015512992512476564,0.2935140172017372,0.004069674081971925,0.05916000576991283,0.08746695983608133,0.14688705159574303,T033_033_033,0
83,2.137992340463571,375,125,False,projected_continuous_optimization_loss,83,500,4.8328358412324514e-05,0.4910434428459552,0.03636909607738098,0.03636909607738098,0.03636909607738098,0.02341725722387605,0.02341725722387605,0.02341725722387605,0.02341725722387605,0.02341725722387605,0.25903677707009853,0.25903677707009853,0.25903677707009853,0.4910434428459552,0.05962238809187849,0.08283835951015034,0.348641975308642,0.03636909607738098,992.2912698002183,992.2912698002183,11.910856499976944,1981.9201662540436,,fixed_iterations,,0.17395454963054835,0.17395454963054835,0.06694463678911672,0.06694463678911672,0.2501442564262901,0.2501442564262901,83,0.04056800851523196,0.04056800851523196,0.015636312039286115,0.4986339295189169,0.015636312039286115,0.29385983720020786,0.004198912437850977,0.05903035584926022,0.08759641776709987,0.14723306358384777,T033_033_033,0
84,2.157896497738097,375,125,False,projected_continuous_optimization_loss,84,500,4.83234184619238e-05,0.4921386771469767,0.03650484134356412,0.03650484134356412,0.03650484134356412,0.023608685181062978,0.023608685181062978,0.023608685181062978,0.023608685181062978,0.023608685181062978,0.2579231232500228,0.2579231232500228,0.2579231232500228,0.4921386771469767,0.05966799402068838,0.08290258963690744,0.3491358024691358,0.03650484134356412,1004.1511897001765,1004.1511897001765,11.859919899958186,2005.895431280136,,fixed_iterations,,0.17389956335129086,0.17389956335129086,0.06690114203035667,0.06690114203035667,0.2513379717653292,0.2513379717653292,84,0.04104451807932531,0.04104451807932531,0.016135350192205758,0.49818335774239103,0.016135350192205758,0.29417894779031206,0.0045396767357611945,0.05819708392221315,0.08794443370238236,0.14803743016571652,T033_033_033,0
85,2.177985957583316,375,125,False,projected_continuous_optimization_loss,85,500,4.825957061471809e-05,0.4932575910853835,0.03657418848032816,0.03657418848032816,0.03657418848032816,0.02373479503069874,0.02373479503069874,0.02373479503069874,0.02373479503069874,0.02373479503069874,0.25678786899258843,0.25678786899258843,0.25678786899258843,0.4932575910853835,0.05971739429915367,0.0829731617467091,0.3498456790123457,0.03657418848032816,1016.107552000205,1016.107552000205,11.956362300028559,2029.8823745250702,,fixed_iterations,,0.17406988302730123,0.17406988302730123,0.06689935435722813,0.06689935435722813,0.2522883537008541,0.2522883537008541,85,0.041413203345865825,0.041413203345865825,0.01659925540736876,0.49627895876994127,0.01659925540736876,0.29552930595379534,0.004839014865537665,0.05804573764899098,0.08797484394374354,0.14950872436106083,T033_033_033,0
86,2.1982624451183685,375,125,False,projected_continuous_optimization_loss,86,500,4.8268876466033566e-05,0.49429662423356063,0.036492708237825064,0.036492708237825064,0.036492708237825064,0.02370591302474644,0.02370591302474644,0.02370591302474644,0.02370591302474644,0.02370591302474644,0.2557359042615725,0.2557359042615725,0.2557359042615725,0.49429662423356063,0.05977202534565326,0.08305413836001244,0.3503395061728395,0.036492708237825064,1028.075722100155,1028.075722100155,11.96817009994993,2053.8569111824036,,fixed_iterations,,0.17500744476300348,0.17500744476300348,0.06685775862316011,0.06685775862316011,0.25243142084739706,0.25243142084739706,86,0.04239846758551276,0.04239846758551276,0.017457207217616923,0.4988252073579166,0.017457207217616923,0.29372441118362547,0.005905759347687695,0.0571382226811995,0.08647303795464001,0.1501131505477859,T033_033_033,0
87,2.2187277015228113,375,125,False,projected_continuous_optimization_loss,87,500,4.819645431217271e-05,0.49532761310214124,0.03638714702121348,0.03638714702121348,0.03638714702121348,0.02365243611635437,0.02365243611635437,0.02365243611635437,0.02365243611635437,0.02365243611635437,0.2546942180971822,0.2546942180971822,0.2546942180971822,0.49532761310214124,0.05982967569897554,0.0831401618937629,0.35074074074074074,0.03638714702121348,1040.0757825001492,1040.0757825001492,12.000060399994254,2077.861711502075,,fixed_iterations,,0.17614883870425055,0.17614883870425055,0.06678172080439877,0.06678172080439877,0.25239705359349185,0.25239705359349185,87,0.04312247937524296,0.04312247937524296,0.018170660931244458,0.49903636887997,0.018170660931244458,0.2935749375340863,0.006735332354029483,0.05647065441029906,0.0859271842243435,0.15117709889944375,T033_033_033,0
88,2.2393834841861313,375,125,False,projected_continuous_optimization_loss,88,500,4.817677127796537e-05,0.4964834312055468,0.036383394836291896,0.036383394836291896,0.036383394836291896,0.023706948083764928,0.023706948083764928,0.023706948083764928,0.023706948083764928,0.023706948083764928,0.2535289350505393,0.2535289350505393,0.2535289350505393,0.4964834312055468,0.0598876066723376,0.08322356820713288,0.35095679012345676,0.036383394836291896,1052.0405014001299,1052.0405014001299,11.964718899980653,2101.805864572525,,fixed_iterations,,0.17670688529352355,0.17670688529352355,0.06676896219655697,0.06676896219655697,0.2530075837154663,0.2530075837154663,88,0.04229687693387777,0.04229687693387777,0.017472953047158717,0.49647847773438103,0.017472953047158717,0.2953877110535319,0.0059134820975858746,0.05769448513123693,0.08659219677813734,0.15110102914415763,T033_033_033,0
89,2.2602315668586597,375,125,False,projected_continuous_optimization_loss,89,500,4.81284358451012e-05,0.4976937655414967,0.036488628437965076,0.036488628437965076,0.036488628437965076,0.02387305077917103,0.02387305077917103,0.02387305077917103,0.02387305077917103,0.02387305077917103,0.252311553175881,0.252311553175881,0.252311553175881,0.4976937655414967,0.0599457873333119,0.08330364468583398,0.35117283950617284,0.036488628437965076,1064.269582300156,1064.269582300156,12.22908090002602,2126.218108654022,,fixed_iterations,,0.1767973730876507,0.1767973730876507,0.06674173595481975,0.06674173595481975,0.2541546564990262,0.2541546564990262,89,0.04324660892214087,0.04324660892214087,0.018146949156848443,0.5019931953058484,0.018146949156848443,0.29148521871040095,0.0067579804841757934,0.055914463234186404,0.08558688816059955,0.149983867315615,T033_033_033,0
90,2.2812737398038863,375,125,False,projected_continuous_optimization_loss,90,500,4.807970612115153e-05,0.4988574091518006,0.03651848936043646,0.03651848936043646,0.03651848936043646,0.02396129454233416,0.02396129454233416,0.02396129454233416,0.02396129454233416,0.02396129454233416,0.25114389636204587,0.25114389636204587,0.25114389636204587,0.4988574091518006,0.060006844768206585,0.08338796925008789,0.35151234567901235,0.03651848936043646,1076.6165079001803,1076.6165079001803,12.346925600024406,2150.986764907837,,fixed_iterations,,0.17728245316125246,0.17728245316125246,0.06669300043633775,0.06669300043633775,0.2548819555542104,0.2548819555542104,90,0.04305242546300578,0.04305242546300578,0.017954436543125302,0.5019597783976094,0.017954436543125302,0.2915088014677886,0.006533936102569318,0.05592796120364403,0.08596390771061202,0.14961693255353256,T033_033_033,0
91,2.3025118099521906,375,125,False,projected_continuous_optimization_loss,91,500,4.805206650400013e-05,0.49998048817022833,0.03640969249705056,0.03640969249705056,0.03640969249705056,0.023908716886526404,0.023908716886526404,0.023908716886526404,0.023908716886526404,0.023908716886526404,0.2500195122104832,0.2500195122104832,0.2500195122104832,0.49998048817022833,0.060071324954469235,0.08347937484774037,0.35185185185185186,0.03640969249705056,1088.7416328001418,1088.7416328001418,12.12512489996152,2175.3146102428436,,fixed_iterations,,0.17839303331161582,0.17839303331161582,0.06665646646035663,0.06665646646035663,0.2549309883982559,0.2549309883982559,91,0.04315406546001273,0.04315406546001273,0.018062445522406236,0.5018323987521297,0.018062445522406236,0.29159870218065687,0.006744372962962167,0.056141776535616666,0.08548776436247481,0.14996916128256535,T033_033_033,0
92,2.32394760105601,375,125,False,projected_continuous_optimization_loss,92,500,4.79871154040375e-05,0.5010936574407586,0.03635291268442385,0.03635291268442385,0.03635291268442385,0.023907535752131892,0.023907535752131892,0.023907535752131892,0.023907535752131892,0.023907535752131892,0.24890753864583923,0.24890753864583923,0.24890753864583923,0.5010936574407586,0.06013624898091501,0.08357121793462872,0.35237654320987655,0.03635291268442385,1100.6806788001559,1100.6806788001559,11.93904600001406,2199.2632620334625,,fixed_iterations,,0.17934495652825375,0.17934495652825375,0.06658295272753077,0.06658295272753077,0.25516574818497406,0.25516574818497406,92,0.04150604199765821,0.04150604199765821,0.01642789808437481,0.501562878265668,0.01642789808437481,0.29178895923201825,0.005153129313234361,0.0575516090156932,0.08686505753428231,0.14737229268204274,T033_033_033,0
93,2.3455829538464448,375,125,False,projected_continuous_optimization_loss,93,500,4.7964392216013496e-05,0.5022764854113844,0.03640399206487459,0.03640399206487459,0.03640399206487459,0.024017557216152393,0.024017557216152393,0.024017557216152393,0.024017557216152393,0.024017557216152393,0.24772869697444388,0.24772869697444388,0.24772869697444388,0.5022764854113844,0.06020004148679518,0.08365772485957038,0.35262345679012347,0.03640399206487459,1112.6227617001277,1112.6227617001277,11.942082899971865,2223.216630220413,,fixed_iterations,,0.17969684065107552,0.17969684065107552,0.06654888800723914,0.06654888800723914,0.2560307567530697,0.2560307567530697,93,0.04188520136133814,0.04188520136133814,0.016642446483890554,0.5048550975489515,0.016642446483890554,0.28946844014572337,0.005481209296463549,0.05691861587117936,0.08598687338123304,0.146562950893311,T033_033_033,0
94,2.3674197261913283,375,125,False,projected_continuous_optimization_loss,94,500,4.7903416388970055e-05,0.5034549639444716,0.03646603111893834,0.03646603111893834,0.03646603111893834,0.024138182477369045,0.024138182477369045,0.024138182477369045,0.024138182477369045,0.024138182477369045,0.24655697283138595,0.24655697283138595,0.24655697283138595,0.5034549639444716,0.060264207479697386,0.08374396400731116,0.3528395061728395,0.03646603111893834,1124.591788900143,1124.591788900143,11.969027200015262,2247.1820063591003,,fixed_iterations,,0.1799853044441446,0.1799853044441446,0.06651761049059204,0.06651761049059204,0.256952049009735,0.256952049009735,94,0.04172318213859191,0.04172318213859191,0.016553662477838484,0.5033903932150685,0.016553662477838484,0.2904998990732499,0.005257151019653572,0.05740112338665223,0.08606533102180561,0.14703344466479212,T033_033_033,0
95,2.3894597932547637,375,125,False,projected_continuous_optimization_loss,95,500,4.7880960719359734e-05,0.5045466048937904,0.03643400352058467,0.03643400352058467,0.03643400352058467,0.024160300184471184,0.024160300184471184,0.024160300184471184,0.024160300184471184,0.024160300184471184,0.2454740667222698,0.2454740667222698,0.2454740667222698,0.5045466048937904,0.06033051538332568,0.08383560526341928,0.3530864197530864,0.03643400352058467,1136.5583697001566,1136.5583697001566,11.966580800013617,2271.0618200302124,,fixed_iterations,,0.1808205647353011,0.1808205647353011,0.06643851295446906,0.06643851295446906,0.2572875272040203,0.2572875272040203,95,0.04289508233572474,0.04289508233572474,0.017364119787710033,0.5106192509602941,0.017364119787710033,0.2854237262822854,0.006461078815140069,0.05523130005835134,0.08464471408292139,0.14554771214101267,T033_033_033,0
96,2.4117050476581485,375,125,False,projected_continuous_optimization_loss,96,500,4.78293238138584e-05,0.5056421332526878,0.03634097272674952,0.03634097272674952,0.03634097272674952,0.024121487706001855,0.024121487706001855,0.024121487706001855,0.024121487706001855,0.024121487706001855,0.24438970041495328,0.24438970041495328,0.24438970041495328,0.5056421332526878,0.060397874081176015,0.08392899243069904,0.35345679012345677,0.03634097272674952,1148.5045958001865,1148.5045958001865,11.94622610002989,2295.02925491333,,fixed_iterations,,0.18190471411658643,0.18190471411658643,0.06638551288576998,0.06638551288576998,0.2573519062503314,0.2573519062503314,96,0.04210173162916414,0.04210173162916414,0.016759205435628297,0.5068505238707168,0.016759205435628297,0.2880656463755124,0.00576075890241462,0.056405062431000956,0.08568158277464133,0.14597900116987012,T033_033_033,0
97,2.434157399642697,375,125,False,projected_continuous_optimization_loss,97,500,4.7800216342400825e-05,0.5067221691753485,0.036358538590648935,0.036358538590648935,0.036358538590648935,0.024192387671495258,0.024192387671495258,0.024192387671495258,0.024192387671495258,0.024192387671495258,0.2433230183830735,0.2433230183830735,0.2433230183830735,0.5067221691753485,0.060463675110025684,0.08401745326470382,0.3537037037037037,0.036358538590648935,1160.4574351001647,1160.4574351001647,11.952839299978223,2318.9806718826294,,fixed_iterations,,0.18248189907418585,0.18248189907418585,0.06631030948337485,0.06631030948337485,0.25792996061778783,0.25792996061778783,97,0.042026739005376644,0.042026739005376644,0.0166224146621789,0.5080864868639549,0.0166224146621789,0.28719814333578314,0.005668200414727709,0.0561963482461073,0.08576453752666872,0.14523725756300712,T033_033_033,0
98,2.4568187772334764,375,125,False,projected_continuous_optimization_loss,98,500,4.7760544245757473e-05,0.5078262515432244,0.03642197710910683,0.03642197710910683,0.03642197710910683,0.024310227175607158,0.024310227175607158,0.024310227175607158,0.024310227175607158,0.024310227175607158,0.24223499866999346,0.24223499866999346,0.24223499866999346,0.5078262515432244,0.060528537034664175,0.08410495042413367,0.3541358024691358,0.03642197710910683,1172.4388656001538,1172.4388656001538,11.981430499989074,2343.035947084427,,fixed_iterations,,0.1827578364968315,0.1827578364968315,0.06626570848401972,0.06626570848401972,0.25880270656237314,0.25880270656237314,98,0.043274347106016374,0.043274347106016374,0.01790493569932392,0.5073882281338491,0.01790493569932392,0.28768811035203884,0.006852369996909545,0.0554345973371365,0.08458326049987279,0.14767025251502958,T033_033_033,0
99,2.4796911264049717,375,125,False,projected_continuous_optimization_loss,99,500,4.7730362226687845e-05,0.5088760255102291,0.036417789863010724,0.036417789863010724,0.036417789863010724,0.024357651947079274,0.024357651947079274,0.024357651947079274,0.024357651947079274,0.024357651947079274,0.24120275831862908,0.24120275831862908,0.24120275831862908,0.5088760255102291,0.06059458927772981,0.08419605450300424,0.35453703703703704,0.036417789863010724,1184.3455703001237,1184.3455703001237,11.90670469996985,2366.966091632843,,fixed_iterations,,0.1834169682813524,0.1834169682813524,0.06619642572272517,0.06619642572272517,0.25926263150615164,0.25926263150615164,99,0.04341517201516671,0.04341517201516671,0.018195564981039997,0.5043921406825342,0.018195564981039997,0.2897942969233954,0.006997382152155986,0.05540258522785695,0.08526918042099978,0.1491225312745387,T033_033_033,0
100,2.502776411248186,375,125,False,projected_continuous_optimization_loss,100,500,4.77000682879667e-05,0.5098804109017457,0.03635106250687317,0.03635106250687317,0.03635106250687317,0.02434020192598109,0.02434020192598109,0.02434020192598109,0.02434020192598109,0.02434020192598109,0.2402172116178416,0.2402172116178416,0.2402172116178416,0.5098804109017457,0.0606617416294513,0.08429052402975878,0.35512345679012347,0.03635106250687317,1196.2401571001392,1196.2401571001392,11.894586800015531,2390.8788459300995,,fixed_iterations,,0.18443703119017305,0.18443703119017305,0.06610548316677903,0.06610548316677903,0.25933789654479367,0.25933789654479367,100,0.04283787040288421,0.04283787040288421,0.017952125430080065,0.49771489945608294,0.017952125430080065,0.2945108792787214,0.00648680789601104,0.05686940547493719,0.08631937450646503,0.15132209929731913,T033_033_033,0
101,2.5260766141393045,375,125,False,projected_continuous_optimization_loss,101,500,4.76676555179032e-05,0.5109089799108413,0.03633227375899721,0.03633227375899721,0.03633227375899721,0.024371772462404517,0.024371772462404517,0.024371772462404517,0.024371772462404517,0.024371772462404517,0.23921002593185386,0.23921002593185386,0.23921002593185386,0.5109089799108413,0.06072790045335439,0.08438262757840728,0.355679012345679,0.03633227375899721,1208.2256708001369,1208.2256708001369,11.985513699997682,2414.833907842636,,fixed_iterations,,0.1851547458206186,0.1851547458206186,0.06604147743822374,0.06604147743822374,0.25971275665199894,0.25971275665199894,101,0.04282294736293396,0.04282294736293396,0.017976154774283572,0.49693585177300764,0.017976154774283572,0.29506322852825473,0.00649067360393675,0.057448947727144095,0.08575225112394591,0.1518620296771647,T033_033_033,0
102,2.549593735909923,375,125,False,projected_continuous_optimization_loss,102,500,4.764369188422568e-05,0.5118944686415507,0.03639932598092197,0.03639932598092197,0.03639932598092197,0.024486975493786266,0.024486975493786266,0.024486975493786266,0.024486975493786266,0.024486975493786266,0.2382470097427141,0.2382470097427141,0.2382470097427141,0.5118944686415507,0.06079280494695907,0.08447062645351706,0.3558950617283951,0.03639932598092197,1220.1846901001409,1220.1846901001409,11.959019300004002,2438.7834281921387,,fixed_iterations,,0.18545670369416292,0.18545670369416292,0.0659570631964046,0.0659570631964046,0.26048070175098326,0.26048070175098326,102,0.043216178667783434,0.043216178667783434,0.01833027807915957,0.49771801177247726,0.01833027807915957,0.2945086734959265,0.006816852686861462,0.05690186433544311,0.08552341099111742,0.15208339816936597,T033_033_033,0
103,2.5733297960188635,375,125,False,projected_continuous_optimization_loss,103,500,4.76146375929808e-05,0.5129115365389212,0.03639444627217509,0.03639444627217509,0.03639444627217509,0.024531687710331356,0.024531687710331356,0.024531687710331356,0.024531687710331356,0.024531687710331356,0.2372551712368747,0.2372551712368747,0.2372551712368747,0.5129115365389212,0.06085879714889952,0.08456281643687609,0.3562345679012346,0.03639444627217509,1232.1156142001273,1232.1156142001273,11.930924099986441,2462.746509552002,,fixed_iterations,,0.1860732100562708,0.1860732100562708,0.06590218324789274,0.06590218324789274,0.26093614323475767,0.26093614323475767,103,0.042829962875958805,0.042829962875958805,0.017818818942668558,0.500222878665805,0.017818818942668558,0.29273563735629593,0.006435516603783713,0.05678563655441884,0.08568867477210963,0.15026132602976744,T033_033_033,0
104,2.5972868327255894,375,125,False,projected_continuous_optimization_loss,104,500,4.759505375674805e-05,0.5138238286969179,0.036354752716401026,0.036354752716401026,0.036354752716401026,0.02453638923925483,0.02453638923925483,0.02453638923925483,0.02453638923925483,0.02453638923925483,0.23636726954292384,0.23636726954292384,0.23636726954292384,0.5138238286969179,0.06092610937137584,0.08465880004979774,0.35669753086419753,0.036354752716401026,1244.5639138001134,1244.5639138001134,12.448299599986058,2487.143199443817,,fixed_iterations,,0.18701283656602624,0.18701283656602624,0.06577767894019362,0.06577767894019362,0.26103331319069795,0.26103331319069795,104,0.042277451202335586,0.042277451202335586,0.017466306036417047,0.49622290331837077,0.017466306036417047,0.2955690925872355,0.0059226984859345605,0.057980548174374105,0.0862974479913041,0.1512910964215573,T033_033_033,0
105,2.6214669032652327,375,125,False,projected_continuous_optimization_loss,105,500,4.756695570049546e-05,0.5148528505949506,0.03631571268452155,0.03631571268452155,0.03631571268452155,0.024547324855729285,0.024547324855729285,0.024547324855729285,0.024547324855729285,0.024547324855729285,0.23536775657584535,0.23536775657584535,0.23536775657584535,0.5148528505949506,0.06099319831249606,0.08475519326822877,0.3570987654320988,0.03631571268452155,1256.5347522001248,1256.5347522001248,11.970838400011417,2510.996762275696,,fixed_iterations,,0.187792049540234,0.187792049540234,0.06573440258585724,0.06573440258585724,0.26132639846885936,0.26132639846885936,105,0.04233891984451876,0.04233891984451876,0.01782550648289181,0.4902682672325389,0.01782550648289181,0.29980840676816256,0.006023207159997213,0.059226615622064306,0.08622593009560328,0.15435586105049495,T033_033_033,0
106,2.645872084025255,375,125,False,projected_continuous_optimization_loss,106,500,4.755107499716625e-05,0.5156972890482144,0.03640059140742371,0.03640059140742371,0.03640059140742371,0.024673135615661274,0.024673135615661274,0.024673135615661274,0.024673135615661274,0.024673135615661274,0.23454911583524865,0.23454911583524865,0.23454911583524865,0.5156972890482144,0.06105952862184287,0.08484810348931679,0.3573148148148148,0.03640059140742371,1268.5121404001256,1268.5121404001256,11.97738820000086,2534.938489675522,,fixed_iterations,,0.18808720860633937,0.18808720860633937,0.06559121224358434,0.06559121224358434,0.26201886819829084,0.26201886819829084,106,0.042897112011002984,0.042897112011002984,0.01816796552543704,0.4945829297113189,0.01816796552543704,0.2967340974344633,0.0064965206035792755,0.05846191702916527,0.08489508753485801,0.15337709287044002,T033_033_033,0
107,2.6705044707237495,375,125,False,projected_continuous_optimization_loss,107,500,4.753032475429028e-05,0.51683497658676,0.036342082526781685,0.036342082526781685,0.036342082526781685,0.02466966053428585,0.02466966053428585,0.02466966053428585,0.02466966053428585,0.02466966053428585,0.23344843984991673,0.23344843984991673,0.23344843984991673,0.51683497658676,0.061127685286448644,0.08494796198448469,0.35802469135802467,0.036342082526781685,1280.5169518000912,1280.5169518000912,12.004811399965547,2558.962336063385,,fixed_iterations,,0.18885667705398412,0.18885667705398412,0.06561004216167339,0.06561004216167339,0.26236825737110253,0.26236825737110253,107,0.04321513480444599,0.04321513480444599,0.018631202495583685,0.4916786461772461,0.018631202495583685,0.2988019921753584,0.006873052277664306,0.05816965646124223,0.08556321315988309,0.1550691225542331,T033_033_033,0
108,2.6953661785894028,375,125,False,projected_continuous_optimization_loss,108,500,4.75326831615866e-05,0.5174373285530679,0.03639680165299189,0.03639680165299189,0.03639680165299189,0.024753465059291907,0.024753465059291907,0.024753465059291907,0.024753465059291907,0.024753465059291907,0.23286673187399964,0.23286673187399964,0.23286673187399964,0.5174373285530679,0.06119729606579958,0.08504648056887186,0.35848765432098767,0.03639680165299189,1292.4814426000812,1292.4814426000812,11.964490799990017,2582.954665660858,,fixed_iterations,,0.18957751233182432,0.18957751233182432,0.06532958284994268,0.06532958284994268,0.26253023337130094,0.26253023337130094,108,0.0420870571452588,0.0420870571452588,0.017553730774494805,0.4906665274152799,0.017553730774494805,0.29952407078095833,0.005690255492266913,0.05961849065012369,0.08605837326863573,0.1538472068621989,T033_033_033,0
109,2.7204593425431383,375,125,False,projected_continuous_optimization_loss,109,500,4.7561243420338e-05,0.5190402776219473,0.036197015365035744,0.036197015365035744,0.036197015365035744,0.02463090263753707,0.02463090263753707,0.02463090263753707,0.02463090263753707,0.02463090263753707,0.23132225454997346,0.23132225454997346,0.23132225454997346,0.5190402776219473,0.061267853709545295,0.08515218869030522,0.3587962962962963,0.036197015365035744,1304.4426296001184,1304.4426296001184,11.961187000037171,2606.923253297806,,fixed_iterations,,0.1907422716701285,0.1907422716701285,0.0655705185710544,0.0655705185710544,0.2627274873807644,0.2627274873807644,109,0.04376573020920123,0.04376573020920123,0.019504295953121562,0.4852286851215934,0.019504295953121562,0.303416419141541,0.007568714844165485,0.05972017673094589,0.08434124668806094,0.15935499572253414,T033_033_033,0
110,2.7457861173814395,375,125,False,projected_continuous_optimization_loss,110,500,4.7780822703760274e-05,0.5186757813332193,0.03659468412514716,0.03659468412514716,0.03659468412514716,0.025011033951387807,0.025011033951387807,0.025011033951387807,0.025011033951387807,0.025011033951387807,0.231673003475187,0.231673003475187,0.231673003475187,0.5186757813332193,0.06133770138654618,0.0852392440628712,0.35962962962962963,0.03659468412514716,1316.4294905001298,1316.4294905001298,11.98686090001138,2630.8860442638397,,fixed_iterations,,0.1902528357072313,0.1902528357072313,0.06487958983545172,0.06487958983545172,0.2635433557905363,0.2635433557905363,110,0.04397821137579677,0.04397821137579677,0.01921700026011639,0.4952242223136075,0.01921700026011639,0.29627830620791046,0.007383527250649613,0.05839415361529513,0.08277151498698535,0.15511263760563,T033_033_033,0
111,2.7713486779613903,375,125,False,projected_continuous_optimization_loss,111,500,4.8657432783918605e-05,0.5223340093420036,0.03582936826854792,0.03582936826854792,0.03582936826854792,0.02442112833698366,0.02442112833698366,0.02442112833698366,0.02442112833698366,0.02442112833698366,0.2281647986312851,0.2281647986312851,0.2281647986312851,0.5223340093420036,0.06141150191423701,0.08536501281064528,0.36,0.03582936826854792,1328.3709493001224,1328.3709493001224,11.941458799992688,2654.872119665146,,fixed_iterations,,0.19289566022780621,0.19289566022780621,0.06607998480770229,0.06607998480770229,0.26335836430649506,0.26335836430649506,111,0.04613044655023467,0.04613044655023467,0.021764071216588826,0.48732750667291674,0.021764071216588826,0.3019115337774755,0.010301078281686749,0.05817696592675433,0.08157387030529605,0.16216069754542511,T033_033_033,0
112,2.797149219387434,375,125,False,projected_continuous_optimization_loss,112,500,5.271457482388583e-05,0.5175583734500964,0.037049774553741706,0.037049774553741706,0.037049774553741706,0.02541227840233587,0.02541227840233587,0.02541227840233587,0.02541227840233587,0.02541227840233587,0.23274992302811667,0.23274992302811667,0.23274992302811667,0.5175583734500964,0.06148261947491718,0.0854218232545455,0.36021604938271606,0.037049774553741706,1340.363555200107,1340.363555200107,11.992605899984483,2678.8029794692993,,fixed_iterations,,0.18977906895461055,0.18977906895461055,0.063953507865679,0.063953507865679,0.2638257966298068,0.2638257966298068,112,0.04402935135441044,0.04402935135441044,0.01866366794848928,0.5073136681184233,0.01866366794848928,0.2877404489103545,0.006979576800668734,0.05920680075948065,0.07810966654373291,0.15042398160714093,T033_033_033,0
113,2.8231899571998684,375,125,False,projected_continuous_optimization_loss,113,500,6.859343959366854e-05,0.528673740811282,0.03453738488748008,0.03453738488748008,0.03453738488748008,0.023429962757438555,0.023429962757438555,0.023429962757438555,0.023429962757438555,0.023429962757438555,0.22214844260083053,0.22214844260083053,0.22214844260083053,0.528673740811282,0.0615665290974242,0.08561713986618734,0.3601234567901235,0.03453738488748008,1352.231965000101,1352.231965000101,11.86840979999397,2702.6730422973633,,fixed_iterations,,0.1969797364455745,0.1969797364455745,0.06838015519239701,0.06838015519239701,0.26331384917331047,0.26331384917331047,113,0.046164030796363595,0.046164030796363595,0.02300871399511112,0.46310633602504947,0.02300871399511112,0.3194808334623856,0.011626645908883515,0.06306459452414594,0.08229384480618475,0.17412239413205488,T033_033_033,0
114,2.8494731275651026,375,125,False,projected_continuous_optimization_loss,114,500,0.00011327634213881304,0.5144727956118923,0.03688322691738692,0.03688322691738692,0.03688322691738692,0.025096393607340357,0.025096393607340357,0.025096393607340357,0.025096393607340357,0.025096393607340357,0.2357366662009313,0.2357366662009313,0.2357366662009313,0.5144727956118923,0.06159928319387649,0.08555294812707248,0.36141975308641977,0.03688322691738692,1364.063254100096,1364.063254100096,11.831289099995047,2726.480150938034,,fixed_iterations,,0.1878787008224671,0.1878787008224671,0.06449200733379393,0.06449200733379393,0.26210208745563124,0.26210208745563124,114,0.04452768390590467,0.04452768390590467,0.018939082629015103,0.5117720255377912,0.018939082629015103,0.28461756693514534,0.007644456988517748,0.05793136186888749,0.07759656525710293,0.1490896398091549,T033_033_033,0
115,2.876000987467676,375,125,False,projected_continuous_optimization_loss,115,500,0.0001318895021665339,0.5269627622957129,0.03544509312186153,0.03544509312186153,0.03544509312186153,0.024256881709116423,0.024256881709116423,0.024256881709116423,0.024256881709116423,0.024256881709116423,0.22376422825490208,0.22376422825490208,0.22376422825490208,0.5269627622957129,0.0617100627073205,0.08579674394012272,0.361358024691358,0.03544509312186153,1376.037924100121,1376.037924100121,11.974670000025071,2750.4583139419556,,fixed_iterations,,0.19538550168682378,0.19538550168682378,0.06673389981953853,0.06673389981953853,0.2648433607893507,0.2648433607893507,115,0.04677757487375521,0.04677757487375521,0.022756645879901904,0.48041857987706604,0.022756645879901904,0.3068776587953133,0.011332481751893678,0.05989538806666075,0.0802883187631468,0.1666939519655058,T033_033_033,0
116,2.9027758149040723,375,125,False,projected_continuous_optimization_loss,116,500,6.88115934431968e-05,0.5261907547702775,0.0353798691209298,0.0353798691209298,0.0353798691209298,0.02415510907767184,0.02415510907767184,0.02415510907767184,0.02415510907767184,0.02415510907767184,0.22449520086515926,0.22449520086515926,0.22449520086515926,0.5261907547702775,0.06177905247896446,0.08588936537504493,0.3619753086419753,0.0353798691209298,1387.9537450001226,1387.9537450001226,11.915820900001563,2774.3639159202576,,fixed_iterations,,0.19584845657205655,0.19584845657205655,0.06658980377040714,0.06658980377040714,0.2637524944278138,0.2637524944278138,116,0.045027603317261994,0.045027603317261994,0.02092155079853217,0.4821210503745964,0.02092155079853217,0.30565062801598475,0.009647734196332192,0.0611231209618303,0.08120586378189128,0.1633216432722632,T033_033_033,0
117,2.929799909078336,375,125,False,projected_continuous_optimization_loss,117,500,5.9573555513121635e-05,0.5159764612512219,0.03617806097985062,0.03617806097985062,0.03617806097985062,0.02446412167670613,0.02446412167670613,0.02446412167670613,0.02446412167670613,0.02446412167670613,0.23427878606288982,0.23427878606288982,0.23427878606288982,0.5159764612512219,0.06181622797272085,0.08586274538330595,0.36287037037037034,0.03617806097985062,1399.8831266001216,1399.8831266001216,11.929381599999033,2798.2924959659576,,fixed_iterations,,0.18961100300939576,0.18961100300939576,0.06552583237552606,0.06552583237552606,0.26083962586630016,0.26083962586630016,117,0.04339205160933837,0.04339205160933837,0.017915365273944713,0.5095337267078731,0.017915365273944713,0.28618368839884784,0.00721399062948775,0.059234558234040696,0.07854216134546195,0.1484069688193452,T033_033_033,0
118,2.957075590599507,375,125,False,projected_continuous_optimization_loss,118,500,0.000105956392269547,0.5272434447103471,0.035239957529274835,0.035239957529274835,0.035239957529274835,0.0240650195008079,0.0240650195008079,0.0240650195008079,0.0240650195008079,0.0240650195008079,0.22349876056933862,0.22349876056933862,0.22349876056933862,0.5272434447103471,0.061925438053011386,0.08608861128315369,0.36287037037037034,0.035239957529274835,1411.8670790001052,1411.8670790001052,11.983952399983536,2822.27965593338,,fixed_iterations,,0.19529576583953095,0.19529576583953095,0.06724186213007495,0.06724186213007495,0.2647058167407412,0.2647058167407412,118,0.04689603534708156,0.04689603534708156,0.02294321866646684,0.47905633361229444,0.02294321866646684,0.3078610445782621,0.011656077817806726,0.0610432432155821,0.07907729374023219,0.1677405076224478,T033_033_033,0
119,2.9846052016808984,375,125,False,projected_continuous_optimization_loss,119,500,6.517354549251984e-05,0.5264847656689542,0.03510517993217689,0.03510517993217689,0.03510517993217689,0.023894346074997633,0.023894346074997633,0.023894346074997633,0.023894346074997633,0.023894346074997633,0.22421667714358523,0.22421667714358523,0.22421667714358523,0.5264847656689542,0.061998680312133424,0.08618761881448278,0.3635185185185185,0.03510517993217689,1423.8437532001408,1423.8437532001408,11.976674200035632,2846.2435851097107,,fixed_iterations,,0.1956315601711287,0.1956315601711287,0.06729066825961202,0.06729066825961202,0.2635625372382135,0.2635625372382135,119,0.04572435420383883,0.04572435420383883,0.021332368203850854,0.48783971999975945,0.021332368203850854,0.3015447616348207,0.010619174271661938,0.06089001942127245,0.07871001228735189,0.16194472992619632,T033_033_033,0
120,3.0123911063412234,375,125,False,projected_continuous_optimization_loss,120,500,5.84576227681952e-05,0.516676064091946,0.03551087360576948,0.03551087360576948,0.03551087360576948,0.023830772254686845,0.023830772254686845,0.023830772254686845,0.023830772254686845,0.023830772254686845,0.2336020270216527,0.2336020270216527,0.2336020270216527,0.516676064091946,0.062044553030425525,0.086186410222032,0.36462962962962964,0.03551087360576948,1435.786137300136,1435.786137300136,11.942384099995252,2870.192798614502,,fixed_iterations,,0.1905872989177277,0.1905872989177277,0.06666121618295807,0.06666121618295807,0.25942754899126025,0.25942754899126025,120,0.04501374779720544,0.04501374779720544,0.020290292693471632,0.49446910207467615,0.020290292693471632,0.2968150299710067,0.009502874191435959,0.060123416712200464,0.07895814638942285,0.15773346686938342,T033_033_033,0
121,3.040435690607601,375,125,False,projected_continuous_optimization_loss,121,500,9.119338590432457e-05,0.5259837219913054,0.03494354842048096,0.03494354842048096,0.03494354842048096,0.023708976829620153,0.023708976829620153,0.023708976829620153,0.023708976829620153,0.023708976829620153,0.22469143181721615,0.22469143181721615,0.22469143181721615,0.5259837219913054,0.06214937662400645,0.08638879984956783,0.3645987654320988,0.03494354842048096,1447.7276273001335,1447.7276273001335,11.94148999999743,2894.109456539154,,fixed_iterations,,0.1950985608963242,0.1950985608963242,0.06774002552823385,0.06774002552823385,0.2631451355667473,0.2631451355667473,121,0.04663470214483878,0.04663470214483878,0.02237948702689727,0.4851043023588301,0.02237948702689727,0.30350570543698635,0.01169115372435782,0.0605517803703158,0.07840770427733919,0.16454622078933137,T033_033_033,0
122,3.0687413627204463,375,125,False,projected_continuous_optimization_loss,122,500,5.4189488260582795e-05,0.5273520386900177,0.03467045267056079,0.03467045267056079,0.03467045267056079,0.023500647904036664,0.023500647904036664,0.023500647904036664,0.023500647904036664,0.023500647904036664,0.22339609533048255,0.22339609533048255,0.22339609533048255,0.5273520386900177,0.06223265099003833,0.08651104572100105,0.3645679012345679,0.03467045267056079,1459.6642254001345,1459.6642254001345,11.936598100000992,2918.0033304691315,,fixed_iterations,,0.1958575640196,0.1958575640196,0.06827369851360819,0.06827369851360819,0.26322077615680955,0.26322077615680955,122,0.04763159564308257,0.04763159564308257,0.023560254736321812,0.48142681813521526,0.023560254736321812,0.30615072376256297,0.01296114297252178,0.060340685222538555,0.07809846367620871,0.16771157486381572,T033_033_033,0
123,3.0973105533402725,375,125,False,projected_continuous_optimization_loss,123,500,6.281319292046557e-05,0.5175979885928198,0.03493405441246787,0.03493405441246787,0.03493405441246787,0.02329846938198321,0.02329846938198321,0.02329846938198321,0.02329846938198321,0.02329846938198321,0.2327117006096932,0.2327117006096932,0.2327117006096932,0.5175979885928198,0.0622878941632812,0.08652780405476433,0.3668518518518519,0.03493405441246787,1471.6031960001565,1471.6031960001565,11.938970600022003,2941.832006454468,,fixed_iterations,,0.19126151962154683,0.19126151962154683,0.06777598801911543,0.06777598801911543,0.25856048095215756,0.25856048095215756,123,0.047037467222804816,0.047037467222804816,0.023090671000906383,0.4789359244379686,0.023090671000906383,0.3079480334267024,0.012103412810336944,0.06295312892800387,0.07664159853003395,0.16835330596866457,T033_033_033,0
124,3.1261457157564143,375,125,False,projected_continuous_optimization_loss,124,500,7.73422645241058e-05,0.5245037197797515,0.03453479941386532,0.03453479941386532,0.03453479941386532,0.02322996378870067,0.02322996378870067,0.02322996378870067,0.02322996378870067,0.02322996378870067,0.22609671250329308,0.22609671250329308,0.22609671250329308,0.5245037197797515,0.06238888517765491,0.0867092195101483,0.36648148148148146,0.03453479941386532,1483.53205180011,1483.53205180011,11.928855799953453,2965.6617119312286,,fixed_iterations,,0.1949924056749431,0.1949924056749431,0.06841648755166434,0.06841648755166434,0.26109482655314403,0.26109482655314403,124,0.04651903308203806,0.04651903308203806,0.022475424545022677,0.48087217074030764,0.022475424545022677,0.30655052762273466,0.011984233668172736,0.06104342614507526,0.07917887461757803,0.16632822686008136,T033_033_033,0
125,3.1552493260976986,375,125,False,projected_continuous_optimization_loss,125,500,4.8099372783755675e-05,0.5281110995245246,0.03419588579886551,0.03419588579886551,0.03419588579886551,0.02306192907926785,0.02306192907926785,0.02306192907926785,0.02306192907926785,0.02306192907926785,0.2226791343919531,0.2226791343919531,0.2226791343919531,0.5281110995245246,0.062481358898491546,0.08685761129557404,0.36712962962962964,0.03419588579886551,1495.4203960000887,1495.4203960000887,11.888344199978746,2989.5637998580933,,fixed_iterations,,0.1965936559827117,0.1965936559827117,0.06916124197985704,0.06916124197985704,0.2623562015619558,0.2623562015619558,125,0.04799544921365592,0.04799544921365592,0.024383102823566972,0.4722469278017789,0.024383102823566972,0.31279775334929316,0.013799563414790411,0.06119045249382385,0.07903901176770559,0.17256828908776373,T033_033_033,0
126,3.1846238835450724,375,125,False,projected_continuous_optimization_loss,126,500,6.521031286895363e-05,0.5189938344420708,0.03440194775190318,0.03440194775190318,0.03440194775190318,0.022833601186666077,0.022833601186666077,0.022833601186666077,0.022833601186666077,0.022833601186666077,0.23136693130474198,0.23136693130474198,0.23136693130474198,0.5189938344420708,0.06254682252472983,0.08689651218983262,0.368179012345679,0.03440194775190318,1507.3703898001113,1507.3703898001113,11.94999380002264,3013.5141141414642,,fixed_iterations,,0.1921665801847681,0.1921665801847681,0.06880957942817809,0.06880957942817809,0.25801767482912463,0.25801767482912463,126,0.04785326190748519,0.04785326190748519,0.023762993010156077,0.48180537794658224,0.023762993010156077,0.30587798050588955,0.013451314155582011,0.061542041230327235,0.07623564513967704,0.16810029413588531,T033_033_033,0
127,3.2142719105462123,375,125,False,projected_continuous_optimization_loss,127,500,6.524969486262887e-05,0.5236487642004207,0.03408372073038038,0.03408372073038038,0.03408372073038038,0.02273819573799105,0.02273819573799105,0.02273819573799105,0.02273819573799105,0.02273819573799105,0.2269104998477865,0.2269104998477865,0.2269104998477865,0.5236487642004207,0.06264546362016825,0.0870635110498866,0.36876543209876544,0.03408372073038038,1519.318980600161,1519.318980600161,11.948590800049715,3037.3828949928284,,fixed_iterations,,0.19510481568942953,0.19510481568942953,0.06921617121359201,0.06921617121359201,0.25932777729739914,0.25932777729739914,127,0.04720827474833464,0.04720827474833464,0.0235975889451772,0.4722137160631488,0.0235975889451772,0.31282191823141736,0.01312455401795426,0.06320457229953753,0.07791750418207115,0.17169984174980868,T033_033_033,0
128,3.2441959530321327,375,125,False,projected_continuous_optimization_loss,128,500,4.7082915944646675e-05,0.5287591644318274,0.03373109217881751,0.03373109217881751,0.03373109217881751,0.022627695923468027,0.022627695923468027,0.022627695923468027,0.022627695923468027,0.022627695923468027,0.22206792510698953,0.22206792510698953,0.22206792510698953,0.5287591644318274,0.06274423473228745,0.0872297277882671,0.36919753086419754,0.03373109217881751,1531.2585640001344,1531.2585640001344,11.939583399973344,3061.3233807086945,,fixed_iterations,,0.1976847632355,0.1976847632355,0.06990718170047336,0.06990718170047336,0.261167219495854,0.261167219495854,128,0.04716963102578181,0.04716963102578181,0.023783163869966192,0.4677293431163123,0.023783163869966192,0.3160925917082691,0.013438538846964304,0.06297795086629891,0.07947250412832653,0.17364213671364362,T033_033_033,0
129,3.2743985806358085,375,125,False,projected_continuous_optimization_loss,129,500,6.396458005588975e-05,0.5206639846106245,0.03387752521585026,0.03387752521585026,0.03387752521585026,0.02238937443338208,0.02238937443338208,0.02238937443338208,0.02238937443338208,0.02238937443338208,0.22976301564936366,0.22976301564936366,0.22976301564936366,0.5206639846106245,0.06281967647683244,0.08729462278843286,0.3693518518518519,0.03387752521585026,1543.2147267001565,1543.2147267001565,11.956162700022105,3085.2792868614197,,fixed_iterations,,0.1935229370925563,0.1935229370925563,0.06973403124568431,0.06973403124568431,0.2574070162723838,0.2574070162723838,129,0.04794687013095865,0.04794687013095865,0.02388906600290565,0.48115608256105996,0.02388906600290565,0.30634584801858217,0.01406934491510839,0.062156275378494504,0.07556133633192101,0.16862823630816665,T033_033_033,0
130,3.304882386912836,375,125,False,projected_continuous_optimization_loss,130,500,5.7586695017159134e-05,0.5238652649520447,0.03362437900453606,0.03362437900453606,0.03362437900453606,0.022289164708576725,0.022289164708576725,0.022289164708576725,0.022289164708576725,0.022289164708576725,0.22670428591918673,0.22670428591918673,0.22670428591918673,0.5238652649520447,0.06291782817872353,0.08744973614668489,0.37003086419753084,0.03362437900453606,1555.1606793001993,1555.1606793001993,11.945952600042801,3109.28426361084,,fixed_iterations,,0.19575978016255186,0.19575978016255186,0.07003002101221008,0.07003002101221008,0.2580754637772827,0.2580754637772827,130,0.04891815704042878,0.04891815704042878,0.02498102909528105,0.47874255890295464,0.02498102909528105,0.308087752021288,0.01529377803589272,0.06163823442374753,0.07534546950451453,0.17110404809302593,T033_033_033,0
131,3.3356499895641454,375,125,False,projected_continuous_optimization_loss,131,500,4.7494492749053226e-05,0.5295400441630274,0.03329657471654529,0.03329657471654529,0.03329657471654529,0.022229946214238978,0.022229946214238978,0.022229946214238978,0.022229946214238978,0.022229946214238978,0.22133257004612625,0.22133257004612625,0.22133257004612625,0.5295400441630274,0.06301960012951957,0.08761899159249487,0.3705246913580247,0.03329657471654529,1567.0254055002006,1567.0254055002006,11.864726200001314,3133.0736603736877,,fixed_iterations,,0.1990018612390155,0.1990018612390155,0.07055353016820144,0.07055353016820144,0.2599846527558104,0.2599846527558104,131,0.048542136420394594,0.048542136420394594,0.025110127920288938,0.468640170002113,0.025110127920288938,0.3154270163071632,0.015245561703849303,0.06272165236839602,0.07738501655091158,0.1753203473878556,T033_033_033,0
132,3.366704030660785,375,125,False,projected_continuous_optimization_loss,132,500,6.080883139104829e-05,0.5223824813532988,0.03336196815053139,0.03336196815053139,0.03336196815053139,0.021956043444619794,0.021956043444619794,0.021956043444619794,0.021956043444619794,0.021956043444619794,0.22811849411823198,0.22811849411823198,0.22811849411823198,0.5223824813532988,0.06310353564714834,0.08770540006293036,0.37132716049382714,0.03336196815053139,1578.9636256002123,1578.9636256002123,11.938220100011677,3156.933545589447,,fixed_iterations,,0.19524425288734965,0.19524425288734965,0.07054909803311343,0.07054909803311343,0.2565891304328357,0.2565891304328357,132,0.049562314867181254,0.049562314867181254,0.02618317880094612,0.4675827213247027,0.02618317880094612,0.3161997942931703,0.016200346716649862,0.06482916956540048,0.07379801134279045,0.17757261338497937,T033_033_033,0
133,3.3980471768708056,375,125,False,projected_continuous_optimization_loss,133,500,5.4123433057841645e-05,0.5252537571894675,0.03316702299701353,0.03316702299701353,0.03316702299701353,0.02189782324387768,0.02189782324387768,0.02189782324387768,0.02189782324387768,0.02189782324387768,0.22538399506271703,0.22538399506271703,0.22538399506271703,0.5252537571894675,0.06320246662910389,0.0878574045027888,0.3714506172839506,0.03316702299701353,1590.9404457001947,1590.9404457001947,11.976820099982433,3180.814167737961,,fixed_iterations,,0.19717705437464167,0.19717705437464167,0.07078559067467308,0.07078559067467308,0.25729111214015277,0.25729111214015277,133,0.05066396286309831,0.05066396286309831,0.02731780750055816,0.4669231072508029,0.02731780750055816,0.3166822794257397,0.017496939866084776,0.06330047541024447,0.07406001746408439,0.17932178655141082,T033_033_033,0
134,3.4296821196882483,375,125,False,projected_continuous_optimization_loss,134,500,4.724565354461027e-05,0.5306003258665193,0.03288896095282171,0.03288896095282171,0.03288896095282171,0.021872158248990817,0.021872158248990817,0.021872158248990817,0.021872158248990817,0.021872158248990817,0.22033605407661788,0.22033605407661788,0.22033605407661788,0.5306003258665193,0.06330460554732914,0.08802164490219902,0.37203703703703705,0.03288896095282171,1602.826380000217,1602.826380000217,11.8859343000222,3204.6856341362,,fixed_iterations,,0.20053917726627604,0.20053917726627604,0.07113469519964465,0.07113469519964465,0.25892645340059856,0.25892645340059856,134,0.05075774947022338,0.05075774947022338,0.027862232183042967,0.4579103457436082,0.027862232183042967,0.3233092687618603,0.017868788517401667,0.06598877012622577,0.07334864183967792,0.1839718567959566,T033_033_033,0
135,3.4616115756642714,375,125,False,projected_continuous_optimization_loss,135,500,5.718587114381737e-05,0.5240774361837861,0.03286481858375545,0.03286481858375545,0.03286481858375545,0.021539704246285537,0.021539704246285537,0.021539704246285537,0.021539704246285537,0.021539704246285537,0.22650228674939818,0.22650228674939818,0.22650228674939818,0.5240774361837861,0.06339506863692247,0.08811379771247255,0.3729320987654321,0.03286481858375545,1614.7735716002062,1614.7735716002062,11.94719159998931,3228.627678632736,,fixed_iterations,,0.19718204223172944,0.19718204223172944,0.07128091546095618,0.07128091546095618,0.25561447849110047,0.25561447849110047,135,0.04862579431144425,0.04862579431144425,0.02563893907976247,0.4597371046336356,0.02563893907976247,0.32196083842182416,0.0157609757276888,0.07050918696065993,0.07122573971159972,0.1802259117495645,T033_033_033,0
136,3.493838286640422,375,125,False,projected_continuous_optimization_loss,136,500,5.3430737682986665e-05,0.5277853858820815,0.03272098768334672,0.03272098768334672,0.03272098768334672,0.021571655594019985,0.021571655594019985,0.021571655594019985,0.021571655594019985,0.021571655594019985,0.2229866417865346,0.2229866417865346,0.2229866417865346,0.5277853858820815,0.06349482359422337,0.08826258330896951,0.3735185185185185,0.03272098768334672,1626.690638700209,1626.690638700209,11.917067100002896,3252.6493711471558,,fixed_iterations,,0.19939597751686536,0.19939597751686536,0.07145650456850752,0.07145650456850752,0.25693290379670863,0.25693290379670863,136,0.04919953352679504,0.04919953352679504,0.02616525284587326,0.46068561361843563,0.02616525284587326,0.3212617488173843,0.016478545843448322,0.06829383717033082,0.0724280393884025,0.18053987225865095,T033_033_033,0
137,3.526365019984085,375,125,False,projected_continuous_optimization_loss,137,500,4.6585631812985185e-05,0.5317949772506132,0.03249641874137145,0.03249641874137145,0.03249641874137145,0.02153562157498376,0.02153562157498376,0.02153562157498376,0.02153562157498376,0.02153562157498376,0.21921594332775382,0.21921594332775382,0.21921594332775382,0.5317949772506132,0.06359591830866766,0.08841465122995591,0.37376543209876545,0.03249641874137145,1638.7921466002008,1638.7921466002008,12.101507899991702,3277.1367778778076,,fixed_iterations,,0.20226057358524768,0.20226057358524768,0.07167038725880304,0.07167038725880304,0.2578640164065624,0.2578640164065624,137,0.04800692446661299,0.04800692446661299,0.025418081401372684,0.45177686130480615,0.025418081401372684,0.3278565173232682,0.015510505725241541,0.07042906970533143,0.07425352348151898,0.18317392413641778,T033_033_033,0
138,3.559194568826123,375,125,False,projected_continuous_optimization_loss,138,500,5.300036556361739e-05,0.5259287539952944,0.03238875386013794,0.03238875386013794,0.03238875386013794,0.021151576545715232,0.021151576545715232,0.021151576545715232,0.021151576545715232,0.021151576545715232,0.2247435462884541,0.2247435462884541,0.2247435462884541,0.5259287539952944,0.06369121051295329,0.08851987057696573,0.37487654320987657,0.03238875386013794,1650.9898445002036,1650.9898445002036,12.197697900002822,3301.8061289787292,,fixed_iterations,,0.19932215410605597,0.19932215410605597,0.07196125081072459,0.07196125081072459,0.2546453490785138,0.2546453490785138,138,0.04574560823504349,0.04574560823504349,0.022647935438091165,0.4619534559390465,0.022647935438091165,0.32032842053014565,0.013356854374905552,0.07270728384452592,0.07267005755370264,0.17495107913191707,T033_033_033,0
139,3.5923297523007247,375,125,False,projected_continuous_optimization_loss,139,500,5.3991067878802885e-05,0.5313694642458417,0.032297510391673875,0.032297510391673875,0.032297510391673875,0.02131678143961241,0.02131678143961241,0.02131678143961241,0.02131678143961241,0.02131678143961241,0.21961457904122939,0.21961457904122939,0.21961457904122939,0.5313694642458417,0.06379056680971917,0.08866986724683144,0.3754320987654321,0.032297510391673875,1662.9491076002014,1662.9491076002014,11.95926309999777,3325.763975381851,,fixed_iterations,,0.20234011728223572,0.20234011728223572,0.07204099823501722,0.07204099823501722,0.25698834872858883,0.25698834872858883,139,0.04731016427711754,0.04731016427711754,0.024612654007485926,0.4539502053926323,0.024612654007485926,0.32624173074267043,0.015012653885443664,0.07248504302384846,0.07262696475695773,0.18112972296186422,T033_033_033,0
140,3.625773415787494,375,125,False,projected_continuous_optimization_loss,140,500,4.74196614007444e-05,0.5326734909710349,0.03209839313981455,0.03209839313981455,0.03209839313981455,0.021178689837754578,0.021178689837754578,0.021178689837754578,0.021178689837754578,0.021178689837754578,0.2183940660411994,0.2183940660411994,0.2183940660411994,0.5326734909710349,0.06389092917346588,0.08881319150569617,0.37617283950617286,0.03209839313981455,1674.907231400197,1674.907231400197,11.95812379999552,3349.7013993263245,,fixed_iterations,,0.2039806439376957,0.2039806439376957,0.07220375335355425,0.07220375335355425,0.2564890936797849,0.2564890936797849,140,0.04531342691451803,0.04531342691451803,0.022909667026419042,0.4480751977619797,0.022909667026419042,0.33061580705697885,0.013215033774703476,0.07580290790966338,0.07384683644682569,0.1809660627004898,T033_033_033,0
141,3.6595284311557825,375,125,False,projected_continuous_optimization_loss,141,500,4.815891981122855e-05,0.5285581074968079,0.031945228520149645,0.031945228520149645,0.031945228520149645,0.020832355619800073,0.020832355619800073,0.020832355619800073,0.020832355619800073,0.020832355619800073,0.22225745800699145,0.22225745800699145,0.22225745800699145,0.5285581074968079,0.06398929361820861,0.08893470243497908,0.3768827160493827,0.031945228520149645,1686.8345655001467,1686.8345655001467,11.927334099949803,3373.6435582637787,,fixed_iterations,,0.20190643765529456,0.20190643765529456,0.07258519762016678,0.07258519762016678,0.25406647222134643,0.25406647222134643,141,0.04302275183092884,0.04302275183092884,0.02035742262815209,0.4533065840555349,0.02035742262815209,0.3267195353676635,0.011077523310779193,0.0793969736340799,0.07260748589651311,0.17471507583707052,T033_033_033,0
142,3.6935976970113056,375,125,False,projected_continuous_optimization_loss,142,500,5.28257699182165e-05,0.5354910830599405,0.031899740763088866,0.031899740763088866,0.031899740763088866,0.02111131406724751,0.02111131406724751,0.02111131406724751,0.02111131406724751,0.02111131406724751,0.21576853391682707,0.21576853391682707,0.21576853391682707,0.5354910830599405,0.06408666517848094,0.08908783600199877,0.37787037037037036,0.031899740763088866,1698.6297048001434,1698.6297048001434,11.795139299996663,3397.4378349781036,,fixed_iterations,,0.20573212261341056,0.20573212261341056,0.07255281379097912,0.07255281379097912,0.25720614665555086,0.25720614665555086,142,0.045732279384395655,0.045732279384395655,0.023745924898915704,0.43972708970959906,0.023745924898915704,0.33688078770887736,0.013832538621306789,0.07805307090769573,0.07317303857593804,0.1856546782252436,T033_033_033,0
143,3.7279841389450503,375,125,False,projected_continuous_optimization_loss,143,500,5.114627071976803e-05,0.5329014236936356,0.031658050660623174,0.031658050660623174,0.031658050660623174,0.02074899666125155,0.02074899666125155,0.02074899666125155,0.02074899666125155,0.02074899666125155,0.21818107998743255,0.21818107998743255,0.21818107998743255,0.5329014236936356,0.06418850792423389,0.08922252152393403,0.37842592592592594,0.031658050660623174,1710.5695025001187,1710.5695025001187,11.939797699975315,3421.232655763626,,fixed_iterations,,0.20550437472503796,0.20550437472503796,0.0728360131278376,0.0728360131278376,0.25456103584076006,0.25456103584076006,143,0.04390454166811936,0.04390454166811936,0.02171885051825098,0.44371382299736756,0.02171885051825098,0.3338815248040575,0.012246491007496182,0.0805534501098389,0.07259930256764344,0.18072877212657512,T033_033_033,0
144,3.7626907097845,375,125,False,projected_continuous_optimization_loss,144,500,4.6538280481212434e-05,0.5330514138335357,0.03156846491289424,0.03156846491289424,0.03156846491289424,0.020666415806751232,0.020666415806751232,0.020666415806751232,0.020666415806751232,0.020666415806751232,0.21804098212286002,0.21804098212286002,0.21804098212286002,0.5330514138335357,0.06428645456063506,0.08935187128860599,0.3795679012345679,0.03156846491289424,1722.4401766000665,1722.4401766000665,11.870674099947792,3445.107718706131,,fixed_iterations,,0.20542987801824947,0.20542987801824947,0.07308608691647153,0.07308608691647153,0.2545354488988147,0.2545354488988147,144,0.04260094325215814,0.04260094325215814,0.020684207507972476,0.4383347148837132,0.020684207507972476,0.3379314877720636,0.0110324783392639,0.08203993751467606,0.07464770343483455,0.181243846822553,T033_033_033,0
145,3.797720389847204,375,125,False,projected_continuous_optimization_loss,145,500,4.7445872088099784e-05,0.5384580667937766,0.03150005894536497,0.03150005894536497,0.03150005894536497,0.02084901113997807,0.02084901113997807,0.02084901113997807,0.02084901113997807,0.02084901113997807,0.21302095610773797,0.21302095610773797,0.21302095610773797,0.5384580667937766,0.06438319886393618,0.08949423733210231,0.38070987654320987,0.03150005894536497,1734.2863000000943,1734.2863000000943,11.846123400027864,3468.956465482712,,fixed_iterations,,0.20879417496401667,0.20879417496401667,0.07305435301514752,0.07305435301514752,0.25660953881461235,0.25660953881461235,145,0.04307026162191749,0.04307026162191749,0.02180952106537244,0.425214811130901,0.02180952106537244,0.3479150276759163,0.011570202676552517,0.08451894890785433,0.07497114697764905,0.18842493179041295,T033_033_033,0
146,3.833076187196695,375,125,False,projected_continuous_optimization_loss,146,500,5.121501169162886e-05,0.5336619614622312,0.031185179307054674,0.031185179307054674,0.031185179307054674,0.020311620997691997,0.020311620997691997,0.020311620997691997,0.020311620997691997,0.020311620997691997,0.2174711661872535,0.2174711661872535,0.2174711661872535,0.5336619614622312,0.06448788713029825,0.08962237604936656,0.38179012345679014,0.031185179307054674,1746.1811782000586,1746.1811782000586,11.894878199964296,3492.8665175437927,,fixed_iterations,,0.20727721254453624,0.20727721254453624,0.07358684699682634,0.07358684699682634,0.25279790192086865,0.25279790192086865,146,0.041064442319596856,0.041064442319596856,0.01927592345213677,0.4357703773492016,0.01927592345213677,0.3398709388693741,0.009879263012542182,0.08649596413812953,0.07375871226304237,0.17961626246820217,T033_033_033,0
147,3.8687611379008042,375,125,False,projected_continuous_optimization_loss,147,500,5.1224372855001203e-05,0.5395085060761069,0.031257900744539435,0.031257900744539435,0.031257900744539435,0.020655279945726496,0.020655279945726496,0.020655279945726496,0.020655279945726496,0.020655279945726496,0.21205241597625876,0.21205241597625876,0.21205241597625876,0.5395085060761069,0.06458099535536789,0.08975321990395096,0.38243827160493826,0.031257900744539435,1758.1175723000779,1758.1175723000779,11.936394100019243,3516.7841386795044,,fixed_iterations,,0.20997586576942456,0.20997586576942456,0.07345980462706543,0.07345980462706543,0.25607283567961703,0.25607283567961703,147,0.04241505982792231,0.04241505982792231,0.0213477810426692,0.4213455757050622,0.0213477810426692,0.35088862611639426,0.011157159083382877,0.08658552837662277,0.07513829295149842,0.18916480478827305,T033_033_033,0
148,3.9047783062923695,375,125,False,projected_continuous_optimization_loss,148,500,4.834604862007602e-05,0.5382906356241504,0.030996546337660386,0.030996546337660386,0.030996546337660386,0.020337769480042827,0.020337769480042827,0.020337769480042827,0.020337769480042827,0.020337769480042827,0.21317553715235119,0.21317553715235119,0.21317553715235119,0.5382906356241504,0.06468452480841186,0.08988823151022739,0.383179012345679,0.030996546337660386,1770.0464740000316,1770.0464740000316,11.928901699953713,3540.6696829795837,,fixed_iterations,,0.2105470464989603,0.2105470464989603,0.07379783764914226,0.07379783764914226,0.2539457514760477,0.2539457514760477,148,0.04113042787066558,0.04113042787066558,0.020012289597867893,0.4223627654559536,0.020012289597867893,0.3501055736075639,0.010133881533005193,0.08851573950512433,0.07526443888857076,0.1863253952138688,T033_033_033,0
149,3.941130785232378,375,125,False,projected_continuous_optimization_loss,149,500,4.598762615131542e-05,0.5386371150830624,0.03086167577555861,0.03086167577555861,0.03086167577555861,0.02021889019661464,0.02021889019661464,0.02021889019661464,0.02021889019661464,0.02021889019661464,0.21285571157887936,0.21285571157887936,0.21285571157887936,0.5386371150830624,0.06478429741820085,0.09002018364517374,0.38407407407407407,0.03086167577555861,1781.9662586000632,1781.9662586000632,11.919784600031562,3564.573137521744,,fixed_iterations,,0.21093870517836932,0.21093870517836932,0.07407160302109758,0.07407160302109758,0.25362680688359557,0.25362680688359557,149,0.04081746360060095,0.04081746360060095,0.019753652152756304,0.4212762289568929,0.019753652152756304,0.35094204499375176,0.00995578782504234,0.08892458837121366,0.07570103561819723,0.1863164210043409,T033_033_033,0
150,3.977821696375555,375,125,False,projected_continuous_optimization_loss,150,500,4.654374575169499e-05,0.5431580178248868,0.030860268501825362,0.030860268501825362,0.030860268501825362,0.020425038667941046,0.020425038667941046,0.020425038667941046,0.020425038667941046,0.020425038667941046,0.20870459667768632,0.20870459667768632,0.20870459667768632,0.5431580178248868,0.06487929147854975,0.09015395525548725,0.38462962962962965,0.030860268501825362,1793.9060879000463,1793.9060879000463,11.939829299983103,3588.478300333023,,fixed_iterations,,0.2135145040189105,0.2135145040189105,0.07400114326914357,0.07400114326914357,0.2556423705368328,0.2556423705368328,150,0.04094281524522677,0.04094281524522677,0.020257548441131593,0.4137053360819035,0.020257548441131593,0.35680070267303343,0.010082546743401408,0.09017228538459969,0.07632319875772947,0.19030521853070428,T033_033_033,0
151,4.0148541904384265,375,125,False,projected_continuous_optimization_loss,151,500,4.900886285187298e-05,0.5390825220204131,0.030466789609739118,0.030466789609739118,0.030466789609739118,0.019844543534385962,0.019844543534385962,0.019844543534385962,0.019844543534385962,0.019844543534385962,0.2124449215070631,0.2124449215070631,0.2124449215070631,0.5390825220204131,0.06498843772743652,0.09029864766054466,0.3861728395061728,0.030466789609739118,1805.8532340000966,1805.8532340000966,11.947146100050304,3612.4229640960693,,fixed_iterations,,0.21258182343294632,0.21258182343294632,0.07471032977876084,0.07471032977876084,0.25179036880870587,0.25179036880870587,151,0.04051047832129998,0.04051047832129998,0.019222706601518796,0.4257554343956237,0.019222706601518796,0.34750062498449574,0.010043688711560864,0.09023991137768182,0.07394370361214533,0.1833170099946686,T033_033_033,0
152,4.052231447469876,375,125,False,projected_continuous_optimization_loss,152,500,5.116725139322855e-05,0.5465936319962651,0.030652988603221396,0.030652988603221396,0.030652988603221396,0.020374121875904483,0.020374121875904483,0.020374121875904483,0.020374121875904483,0.020374121875904483,0.20557733454633828,0.20557733454633828,0.20557733454633828,0.5465936319962651,0.06507695608652822,0.09042774650720986,0.386820987654321,0.030652988603221396,1817.8050099001266,1817.8050099001266,11.951775900030043,3636.374559879303,,fixed_iterations,,0.21606800165127185,0.21606800165127185,0.07432211733461674,0.07432211733461674,0.25620351301037647,0.25620351301037647,152,0.03900403935143361,0.03900403935143361,0.018586708034550852,0.40834662633765506,0.018586708034550852,0.36097994840720765,0.008351050748212213,0.09497871998877339,0.07686625926900206,0.18913496914943217,T033_033_033,0
153,4.089956677124223,375,125,False,projected_continuous_optimization_loss,153,500,5.291506214365239e-05,0.5408228697068596,0.03014302087727066,0.03014302087727066,0.03014302087727066,0.01960083902805848,0.01960083902805848,0.01960083902805848,0.01960083902805848,0.01960083902805848,0.21084363698424358,0.21084363698424358,0.21084363698424358,0.5408228697068596,0.06519102285243877,0.09057476892573771,0.3876851851851852,0.03014302087727066,1829.7436002001632,1829.7436002001632,11.938590300036594,3660.2378454208374,,fixed_iterations,,0.21447071877851936,0.21447071877851936,0.07529826845121104,0.07529826845121104,0.25105388247712923,0.25105388247712923,153,0.03903066919521626,0.03903066919521626,0.01808921303255704,0.41882912325318433,0.01808921303255704,0.3528299116513617,0.008887648317945598,0.09537897292860659,0.07388754753491839,0.18356339118783668,T033_033_033,0
154,4.128033118936839,375,125,False,projected_continuous_optimization_loss,154,500,5.3372772373232866e-05,0.5492573392372739,0.030383131156467923,0.030383131156467923,0.030383131156467923,0.020224683844894824,0.020224683844894824,0.020224683844894824,0.020224683844894824,0.020224683844894824,0.20316894623146195,0.20316894623146195,0.20316894623146195,0.5492573392372739,0.06527721422895076,0.09070049454747936,0.38895061728395064,0.030383131156467923,1841.633106200141,1841.633106200141,11.8895059999777,3684.1225924491882,,fixed_iterations,,0.21856215992452888,0.21856215992452888,0.07474817611862805,0.07474817611862805,0.25594700319411695,0.25594700319411695,154,0.037985757855688876,0.037985757855688876,0.018279337254194557,0.39412841202988624,0.018279337254194557,0.3722035265869309,0.007602626699220953,0.09963009751606558,0.07840232794076192,0.19417110113010344,T033_033_033,0
155,4.166464042602335,375,125,False,projected_continuous_optimization_loss,155,500,5.419470709953474e-05,0.5427407361651142,0.029826134079638182,0.029826134079638182,0.029826134079638182,0.019371832361497098,0.019371832361497098,0.019371832361497098,0.019371832361497098,0.019371832361497098,0.2090860343628217,0.2090860343628217,0.2090860343628217,0.5427407361651142,0.06539344924031922,0.09084900499089066,0.3891975308641975,0.029826134079638182,1853.5895783001324,1853.5895783001324,11.956472099991515,3708.006394147873,,fixed_iterations,,0.21623626824926076,0.21623626824926076,0.07593843641344146,0.07593843641344146,0.250566031502412,0.250566031502412,155,0.03972128044619451,0.03972128044619451,0.019244980118181026,0.4095260065602697,0.019244980118181026,0.36005780998572245,0.009895146366556327,0.09630186480618128,0.07425385172028129,0.1895020934592599,T033_033_033,0
156,4.2052527482553375,375,125,False,projected_continuous_optimization_loss,156,500,5.4812478757623616e-05,0.5522123818002289,0.03011167200724437,0.03011167200724437,0.03011167200724437,0.02008598445659317,0.02008598445659317,0.02008598445659317,0.02008598445659317,0.02008598445659317,0.20051375101302396,0.20051375101302396,0.20051375101302396,0.5522123818002289,0.06547713580127551,0.09097425923323182,0.3902777777777778,0.03011167200724437,1865.5330666001537,1865.5330666001537,11.943488300021272,3731.963049888611,,fixed_iterations,,0.22119411194370045,0.22119411194370045,0.07521029860089012,0.07521029860089012,0.2558079712556383,0.2558079712556383,156,0.03810899098643977,0.03810899098643977,0.019028943122166957,0.38160095728545623,0.019028943122166957,0.382261416709741,0.007997318979195402,0.10338857176966369,0.07829950421958602,0.2005733407204913,T033_033_033,0
157,4.244402566753873,375,125,False,projected_continuous_optimization_loss,157,500,5.7303525674867795e-05,0.5437506827003907,0.02942564833839511,0.02942564833839511,0.02942564833839511,0.019017476361577138,0.019017476361577138,0.019017476361577138,0.019017476361577138,0.019017476361577138,0.20816343953635943,0.20816343953635943,0.20816343953635943,0.5437506827003907,0.06559786405721756,0.09113042025668967,0.3907098765432099,0.02942564833839511,1877.44341850013,1877.44341850013,11.910351899976376,3755.892434358597,,fixed_iterations,,0.2175847552476208,0.2175847552476208,0.07680405997840495,0.07680405997840495,0.249361867474365,0.249361867474365,157,0.040056548790071665,0.040056548790071665,0.020012745458271818,0.4008760666359969,0.020012745458271818,0.3668522552863377,0.010630900451676556,0.10023676217721583,0.07268244723914992,0.19393304586997193,T033_033_033,0
158,4.283916859965399,375,125,False,projected_continuous_optimization_loss,158,500,6.127398466437698e-05,0.5563779298354095,0.029892023935084423,0.029892023935084423,0.029892023935084423,0.02005199687822858,0.02005199687822858,0.02005199687822858,0.02005199687822858,0.02005199687822858,0.1968005411371169,0.1968005411371169,0.1968005411371169,0.5563779298354095,0.06567310353177071,0.09124181376370245,0.39219135802469135,0.029892023935084423,1889.4232826001244,1889.4232826001244,11.979864099994302,3779.8804478645325,,fixed_iterations,,0.2241653148567933,0.2241653148567933,0.075623050132921,0.075623050132921,0.2565895648456951,0.2565895648456951,158,0.03755823907883314,0.03755823907883314,0.019299358056650867,0.3651776204436454,0.019299358056650867,0.395700719474493,0.007666215143748718,0.10768683800578287,0.08002962931559592,0.20798425215311422,T033_033_033,0
159,4.323799021055488,375,125,False,projected_continuous_optimization_loss,159,500,7.051852097020252e-05,0.5428173983144542,0.02884740212082155,0.02884740212082155,0.02884740212082155,0.018396605556623327,0.018396605556623327,0.018396605556623327,0.018396605556623327,0.018396605556623327,0.20901593128396442,0.20901593128396442,0.20901593128396442,0.5428173983144542,0.06580506688713707,0.09141715335128434,0.39296296296296296,0.02884740212082155,1901.4079132000916,1901.4079132000916,11.984630599967204,3803.9098036289215,,fixed_iterations,,0.21809421905982274,0.21809421905982274,0.07812689072129977,0.07812689072129977,0.24659628853333176,0.24659628853333176,159,0.03841519654835733,0.03841519654835733,0.01878621211356922,0.3925796886957622,0.01878621211356922,0.37343820041773834,0.009567794427535782,0.10753307352771797,0.07200673480599061,0.19389839208402973,T033_033_033,0
160,4.364052474779214,375,125,False,projected_continuous_optimization_loss,160,500,8.440706981132832e-05,0.5617025467334141,0.029709069576978088,0.029709069576978088,0.029709069576978088,0.020103836699979335,0.020103836699979335,0.020103836699979335,0.020103836699979335,0.020103836699979335,0.19210465753997502,0.19210465753997502,0.19210465753997502,0.5617025467334141,0.06586238819268449,0.09150148724981477,0.39361111111111113,0.029709069576978088,1913.3393208000925,1913.3393208000925,11.931407600000966,3827.8197269439697,,fixed_iterations,,0.22716780038342052,0.22716780038342052,0.07606203136860265,0.07606203136860265,0.25847271498139096,0.25847271498139096,160,0.03746691571381831,0.03746691571381831,0.02007629152193134,0.3478124838377394,0.02007629152193134,0.4102437080982185,0.0077578461368402254,0.11290397618775945,0.0805386898263666,0.21680104208409243,T033_033_033,0
161,4.404680677775235,375,125,False,projected_continuous_optimization_loss,161,500,0.0001070758942108406,0.5409391070527373,0.02817269928971695,0.02817269928971695,0.02817269928971695,0.01763585411804004,0.01763585411804004,0.01763585411804004,0.01763585411804004,0.01763585411804004,0.2107369034335382,0.2107369034335382,0.2107369034335382,0.5409391070527373,0.0660083414292794,0.09169479169255729,0.3945679012345679,0.02817269928971695,1925.2984882001183,1925.2984882001183,11.959167400025763,3851.8235354423523,,fixed_iterations,,0.21844916514914203,0.21844916514914203,0.0796974203412313,0.0796974203412313,0.24279252156236394,0.24279252156236394,161,0.036713459991271055,0.036713459991271055,0.017119431394910317,0.3918805719272147,0.017119431394910317,0.3739963483115975,0.008540760701554104,0.10837676309327753,0.07456174319712283,0.19105784202119716,T033_033_033,0
162,4.445687118862622,375,125,False,projected_continuous_optimization_loss,162,500,0.00011922550894742999,0.5625022284800233,0.02931415635645534,0.02931415635645534,0.02931415635645534,0.019743941352208045,0.019743941352208045,0.019743941352208045,0.019743941352208045,0.019743941352208045,0.19140430008494583,0.19140430008494583,0.19140430008494583,0.5625022284800233,0.0660531126305456,0.09175753671358679,0.39530864197530863,0.02931415635645534,1937.3063772001187,1937.3063772001187,12.007889000000432,3875.8732619285583,,fixed_iterations,,0.2271868760631133,0.2271868760631133,0.07716186395606349,0.07716186395606349,0.25815348846084646,0.25815348846084646,162,0.03660036798389628,0.03660036798389628,0.019203681944857654,0.3479337207807725,0.019203681944857654,0.4101409314244863,0.00728621162744094,0.11311606802418932,0.08196993653987728,0.21505492686041974,T033_033_033,0
163,4.487075319340455,375,125,False,projected_continuous_optimization_loss,163,500,0.0001100927400560364,0.545850800669256,0.02799802282558036,0.02799802282558036,0.02799802282558036,0.017685448062942564,0.017685448062942564,0.017685448062942564,0.017685448062942564,0.017685448062942564,0.20625149525275588,0.20625149525275588,0.20625149525275588,0.545850800669256,0.06619238808687296,0.0919507596951255,0.3963888888888889,0.02799802282558036,1949.2899655001238,1949.2899655001238,11.983588300005067,3899.8869795799255,,fixed_iterations,,0.22266151016966346,0.22266151016966346,0.07997910123140156,0.07997910123140156,0.24321018926819093,0.24321018926819093,163,0.03537173513254327,0.03537173513254327,0.016829012650852137,0.37085444963382264,0.016829012650852137,0.3910217987203297,0.007373712306962911,0.1159351876053813,0.07668241637317855,0.1984041947417699,T033_033_033,0
164,4.528848833290199,375,125,False,projected_continuous_optimization_loss,164,500,7.026459939567158e-05,0.5521616545604857,0.028432745102885553,0.028432745102885553,0.028432745102885553,0.018404785920585465,0.018404785920585465,0.018404785920585465,0.018404785920585465,0.018404785920585465,0.20055918364600173,0.20055918364600173,0.20055918364600173,0.5521616545604857,0.06625749545223857,0.09202334217935712,0.39685185185185184,0.028432745102885553,1961.2896288001211,1961.2896288001211,11.999663299997337,3923.8962733745575,,fixed_iterations,,0.2213044654257242,0.2213044654257242,0.07954354813454548,0.07954354813454548,0.2513136410002161,0.2513136410002161,164,0.04029852163465328,0.04029852163465328,0.022288308170469808,0.36020426928366933,0.022288308170469808,0.3998297997370501,0.011865776531767725,0.10838456578278112,0.07586610163324489,0.21557913232102405,T033_033_033,0
165,4.571011247880897,375,125,False,projected_continuous_optimization_loss,165,500,4.689181782983066e-05,0.5575803550768939,0.02809251785554415,0.02809251785554415,0.02809251785554415,0.018305760744849783,0.018305760744849783,0.018305760744849783,0.018305760744849783,0.018305760744849783,0.19573514221388733,0.19573514221388733,0.19573514221388733,0.5575803550768939,0.0663566456056667,0.09218154421168652,0.3974382716049383,0.02809251785554415,1973.2218404001324,1973.2218404001324,11.932211600011215,3947.844096660614,,fixed_iterations,,0.230596378502943,0.230596378502943,0.07961244425929527,0.07961244425929527,0.24737153231465564,0.24737153231465564,165,0.035626005280676484,0.035626005280676484,0.018270850717989437,0.34710309125374095,0.018270850717989437,0.4108454436620719,0.007533487425132334,0.11749195341025455,0.08078215489854726,0.21257133535327005,T033_033_033,0
166,4.613566183677216,375,125,False,projected_continuous_optimization_loss,166,500,6.0726678897611055e-05,0.5425042075981278,0.027558439621409858,0.027558439621409858,0.027558439621409858,0.01709331961813901,0.01709331961813901,0.01709331961813901,0.01709331961813901,0.01709331961813901,0.20930240006541695,0.20930240006541695,0.20930240006541695,0.5425042075981278,0.06646012019331463,0.09228025708374257,0.3987654320987654,0.027558439621409858,1985.2175235000905,1985.2175235000905,11.995683099958114,3971.8122301101685,,fixed_iterations,,0.2146168847709578,0.2146168847709578,0.0821500304875363,0.0821500304875363,0.24573729233963373,0.24573729233963373,166,0.0418413753010507,0.0418413753010507,0.02357723184967177,0.36528286902757856,0.02357723184967177,0.3956136425864838,0.01428293567964084,0.10664337542378971,0.07336705288571196,0.21560321427698212,T033_033_033,0
167,4.656517294950345,375,125,False,projected_continuous_optimization_loss,167,500,9.021948835357572e-05,0.5626992078312437,0.02777073137363742,0.02777073137363742,0.02777073137363742,0.018209132232066327,0.018209132232066327,0.018209132232066327,0.018209132232066327,0.018209132232066327,0.1912319828314218,0.1912319828314218,0.1912319828314218,0.5626992078312437,0.0665317650934391,0.09243039060060211,0.39944444444444444,0.02777073137363742,1997.1806485000998,1997.1806485000998,11.963125000009313,3995.773080587387,,fixed_iterations,,0.2363893378400277,0.2363893378400277,0.0803262688286,0.0803262688286,0.24598360116261606,0.24598360116261606,167,0.034407849007206,0.034407849007206,0.017784915461433556,0.3324586709154488,0.017784915461433556,0.42340770824138757,0.0066371176335685775,0.12163106467117447,0.08382691185398242,0.21794973171623072,T033_033_033,0
168,4.699868269991793,375,125,False,projected_continuous_optimization_loss,168,500,0.00010333295670893185,0.5433708656232726,0.027384991121880947,0.027384991121880947,0.027384991121880947,0.01695948280379898,0.01695948280379898,0.01695948280379898,0.01695948280379898,0.01695948280379898,0.20851016636163933,0.20851016636163933,0.20851016636163933,0.5433708656232726,0.06663310036784238,0.09250487796440388,0.40021604938271604,0.027384991121880947,2009.1665555001236,2009.1665555001236,11.985907000023872,4019.6714992523193,,fixed_iterations,,0.21218943418068417,0.21218943418068417,0.08320645933844913,0.08320645933844913,0.24797497210413932,0.24797497210413932,168,0.04338007541050288,0.04338007541050288,0.02526395565546166,0.3623223951008244,0.02526395565546166,0.39806778197140463,0.01599508428862193,0.10345684683965761,0.07406605356881195,0.22054488156293506,T033_033_033,0
169,4.743622831430113,375,125,False,projected_continuous_optimization_loss,169,500,8.447971250066917e-05,0.5541316631848555,0.02696158162674297,0.02696158162674297,0.02696158162674297,0.017021652938027813,0.017021652938027813,0.017021652938027813,0.017021652938027813,0.017021652938027813,0.19879857377430313,0.19879857377430313,0.19879857377430313,0.5541316631848555,0.06673400492944603,0.09271545552536038,0.40089506172839506,0.02696158162674297,2021.140863900131,2021.140863900131,11.97430840000743,4043.6605067253113,,fixed_iterations,,0.23522323013686386,0.23522323013686386,0.08247107658941807,0.08247107658941807,0.23643735645857356,0.23643735645857356,169,0.03420125872965498,0.03420125872965498,0.01678028538885572,0.3484194668159852,0.01678028538885572,0.4097293274979815,0.007239677102912012,0.11987060151760097,0.08155546970861142,0.20830325627176915,T033_033_033,0
170,4.787784736550571,375,125,False,projected_continuous_optimization_loss,170,500,6.654373618492972e-05,0.553161611471249,0.027640208746211356,0.027640208746211356,0.027640208746211356,0.017656981473062803,0.017656981473062803,0.017656981473062803,0.017656981473062803,0.017656981473062803,0.19966454546297105,0.19966454546297105,0.19966454546297105,0.553161611471249,0.06677643195202781,0.09270155760949514,0.4017283950617284,0.027640208746211356,2033.12159110012,2033.12159110012,11.980727199988905,4067.6612491607666,,fixed_iterations,,0.21494956506111784,0.21494956506111784,0.08306134240894919,0.08306134240894919,0.25515070400118195,0.25515070400118195,170,0.04477535261073631,0.04477535261073631,0.02722837566194931,0.35093953897574,0.02722837566194931,0.407598498503135,0.017135143864524957,0.10023380346987748,0.07730700420610424,0.23005769082715333,T033_033_033,0
171,4.832357777617789,375,125,False,projected_continuous_optimization_loss,171,500,8.488266621047319e-05,0.5434224158207941,0.026004471423823047,0.026004471423823047,0.026004471423823047,0.015581316905077055,0.015581316905077055,0.015581316905077055,0.015581316905077055,0.015581316905077055,0.20846309037491986,0.20846309037491986,0.20846309037491986,0.5434224158207941,0.06695543831280917,0.0930219121783222,0.4032716049382716,0.026004471423823047,2045.1422213001642,2045.1422213001642,12.020630200044252,4091.699462890625,,fixed_iterations,,0.23269280614410798,0.23269280614410798,0.08530252625001067,0.08530252625001067,0.2254270834266754,0.2254270834266754,171,0.03312325036000782,0.03312325036000782,0.015081664109173975,0.360831725016677,0.015081664109173975,0.3993072956854919,0.007118778936184775,0.1223355575734978,0.0791551898602401,0.197816548251754,T033_033_033,0
172,4.877345782201393,375,125,False,projected_continuous_optimization_loss,172,500,0.0001277043434454465,0.5572806584897025,0.02745574336351696,0.02745574336351696,0.02745574336351696,0.01765572259615139,0.01765572259615139,0.01765572259615139,0.01765572259615139,0.01765572259615139,0.19600041534731139,0.19600041534731139,0.19600041534731139,0.5572806584897025,0.06692777767300435,0.09291881293807906,0.40271604938271605,0.02745574336351696,2057.088620200171,2057.088620200171,11.946398900006898,4115.646885633469,,fixed_iterations,,0.21705554515519723,0.21705554515519723,0.08356638612007682,0.08356638612007682,0.25665872721442845,0.25665872721442845,172,0.044210581781120674,0.044210581781120674,0.02746105755203838,0.3349904845816459,0.02746105755203838,0.4212163749883331,0.016754838417603713,0.10375624872239303,0.07935140693792962,0.23810871932801048,T033_033_033,0
173,4.922752613504697,375,125,False,projected_continuous_optimization_loss,173,500,0.00013342825249483726,0.5440718735860108,0.025716201593563706,0.025716201593563706,0.025716201593563706,0.015322678770795182,0.015322678770795182,0.015322678770795182,0.015322678770795182,0.015322678770795182,0.20787045645537047,0.20787045645537047,0.20787045645537047,0.5440718735860108,0.06712832738033438,0.09325449612404527,0.4047530864197531,0.025716201593563706,2069.0594935001573,2069.0594935001573,11.970873299986124,4139.616389274597,,fixed_iterations,,0.23000010068452648,0.23000010068452648,0.08612041814913154,0.08612041814913154,0.22795135475235284,0.22795135475235284,173,0.033154016830798605,0.033154016830798605,0.014658145360022003,0.36991742941553213,0.014658145360022003,0.39179162335961526,0.007437815237234899,0.11812575391870132,0.07975053844716136,0.19391533099375258,T033_033_033,0
174,4.968582170696439,375,125,False,projected_continuous_optimization_loss,174,500,8.463016927830687e-05,0.5478811230075171,0.02600272672185745,0.02600272672185745,0.02600272672185745,0.015782152775210254,0.015782152775210254,0.015782152775210254,0.015782152775210254,0.015782152775210254,0.20441147893294387,0.20441147893294387,0.20441147893294387,0.5478811230075171,0.06716983283196573,0.09329065221551755,0.4049074074074074,0.02600272672185745,2080.9231507001678,2080.9231507001678,11.863657200010493,4163.487860918045,,fixed_iterations,,0.22248719599156247,0.22248719599156247,0.08579145387075032,0.08579145387075032,0.23960247314520436,0.23960247314520436,174,0.03927710668336845,0.03927710668336845,0.02147006381430466,0.35614085738127577,0.02147006381430466,0.4032246173129493,0.013274379961511002,0.11098566068723908,0.07665893006546862,0.2155800265602416,T033_033_033,0
175,5.014838389245616,375,125,False,projected_continuous_optimization_loss,175,500,4.5259608739925636e-05,0.5530302357255176,0.026148782649070324,0.026148782649070324,0.026148782649070324,0.016159684140290998,0.016159684140290998,0.016159684140290998,0.016159684140290998,0.016159684140290998,0.1997819701755865,0.1997819701755865,0.1997819701755865,0.5530302357255176,0.06723309081884199,0.09338348937736822,0.40521604938271605,0.026148782649070324,2092.955808600178,2092.955808600178,12.032657900010236,4187.6284556388855,,fixed_iterations,,0.2236358096127017,0.2236358096127017,0.08560513701783957,0.08560513701783957,0.24378928909497619,0.24378928909497619,175,0.04094745175522145,0.04094745175522145,0.02353532153816557,0.3482426043411177,0.02353532153816557,0.4098791612380413,0.014798669106151126,0.11021963420427458,0.07629102339302737,0.2233685036407393,T033_033_033,0
176,5.061525241259424,375,125,False,projected_continuous_optimization_loss,176,500,6.833722676937966e-05,0.5407596928731482,0.02512731632720068,0.02512731632720068,0.02512731632720068,0.01458223334270242,0.01458223334270242,0.01458223334270242,0.01458223334270242,0.01458223334270242,0.2109016596899652,0.2109016596899652,0.2109016596899652,0.5407596928731482,0.06741338467221004,0.09366329064898106,0.4071296296296296,0.02512731632720068,2104.9447600001586,2104.9447600001586,11.988951399980579,4211.64842748642,,fixed_iterations,,0.22995238021170594,0.22995238021170594,0.08799650685161386,0.08799650685161386,0.22281080580982843,0.22281080580982843,176,0.0353444941050656,0.0353444941050656,0.015964412676085317,0.3876016285796056,0.015964412676085317,0.37742339541257613,0.01021717777786492,0.11420490046703213,0.07407501768646893,0.18914347725907504,T033_033_033,0
177,5.108646735824352,375,125,False,projected_continuous_optimization_loss,177,500,0.00010353664362096549,0.5531400708248856,0.025972327266226752,0.025972327266226752,0.025972327266226752,0.01598813745110734,0.01598813745110734,0.01598813745110734,0.01598813745110734,0.01598813745110734,0.19968379630238828,0.19968379630238828,0.19968379630238828,0.5531400708248856,0.06739761272382587,0.09361365033677607,0.4065432098765432,0.025972327266226752,2116.899871900154,2116.899871900154,11.955111899995245,4235.629555940628,,fixed_iterations,,0.22108760966180357,0.22108760966180357,0.08648312850969858,0.08648312850969858,0.24556933265338343,0.24556933265338343,177,0.04339557901209254,0.04339557901209254,0.026106932559737672,0.34577292904709733,0.026106932559737672,0.411975400984706,0.017423251745865787,0.10684458569341695,0.07543142586163595,0.2296993894296531,T033_033_033,0
178,5.156206919350452,375,125,False,projected_continuous_optimization_loss,178,500,9.022569651614676e-05,0.5465107975637595,0.025120878921319895,0.025120878921319895,0.025120878921319895,0.014838256085007018,0.014838256085007018,0.014838256085007018,0.014838256085007018,0.014838256085007018,0.20565245672625748,0.20565245672625748,0.20565245672625748,0.5465107975637595,0.06756586813720818,0.09388810492477612,0.408641975308642,0.025120878921319895,2128.8701477001887,2128.8701477001887,11.97027580003487,4259.6184425354,,fixed_iterations,,0.23100456943488482,0.23100456943488482,0.08804578879352858,0.08804578879352858,0.2274604393353461,0.2274604393353461,178,0.03510571665441993,0.03510571665441993,0.017955240788776566,0.3430095173128672,0.017955240788776566,0.41432985622206486,0.009984837733100035,0.12079233008452302,0.08044668144462423,0.2130908446929176,T033_033_033,0
179,5.204209875918808,375,125,False,projected_continuous_optimization_loss,179,500,5.2952278071001884e-05,0.5441686514517775,0.024893492548205276,0.024893492548205276,0.024893492548205276,0.01450438163224072,0.01450438163224072,0.01450438163224072,0.01450438163224072,0.01450438163224072,0.2077822183192911,0.2077822183192911,0.2077822183192911,0.5441686514517775,0.06765094935936913,0.09399706983676356,0.4094753086419753,0.024893492548205276,2140.8179381001974,2140.8179381001974,11.947790400008671,4283.576223611832,,fixed_iterations,,0.22524744442738312,0.22524744442738312,0.0887505641187994,0.0887505641187994,0.23017064290559494,0.23017064290559494,179,0.03697981072646078,0.03697981072646078,0.019991705098289268,0.3397621125634303,0.019991705098289268,0.4171088330027377,0.012086318178255506,0.11961014427938503,0.07850550017917218,0.21899318854418054,T033_033_033,0
180,5.252659727632249,375,125,False,projected_continuous_optimization_loss,180,500,5.108958343754896e-05,0.5553985922011928,0.025275315023475374,0.025275315023475374,0.025275315023475374,0.015391794432641303,0.015391794432641303,0.015391794432641303,0.015391794432641303,0.015391794432641303,0.19767041181668135,0.19767041181668135,0.19767041181668135,0.5553985922011928,0.06768436919221389,0.09405786022162259,0.4097222222222222,0.025275315023475374,2152.7843492001994,2152.7843492001994,11.966411100002006,4307.4778525829315,,fixed_iterations,,0.22880152031356,0.22880152031356,0.08785590150249398,0.08785590150249398,0.23874117038513873,0.23874117038513873,180,0.03775236815433124,0.03775236815433124,0.02118846703978168,0.3312780222909912,0.02118846703978168,0.42443243464299424,0.012477053130855863,0.11640274249674268,0.08153125618899072,0.22649843595726082,T033_033_033,0
181,5.301560634969313,375,125,False,projected_continuous_optimization_loss,181,500,8.017807425586487e-05,0.5416747127351547,0.02440540929209698,0.02440540929209698,0.02440540929209698,0.013902305844776829,0.013902305844776829,0.013902305844776829,0.013902305844776829,0.013902305844776829,0.210062068946403,0.210062068946403,0.210062068946403,0.5416747127351547,0.06787002373250298,0.09432904164477339,0.4108641975308642,0.02440540929209698,2164.7268004001817,2164.7268004001817,11.942451199982315,4331.462354660034,,fixed_iterations,,0.22967449912105553,0.22967449912105553,0.09035454991469151,0.09035454991469151,0.22164566369940758,0.22164566369940758,181,0.03524064410088422,0.03524064410088422,0.018329544254250766,0.33822199693266897,0.018329544254250766,0.4184314340228927,0.010835234808787238,0.12397854540508849,0.07915527760191439,0.21529761101588982,T033_033_033,0
182,5.350916797141525,375,125,False,projected_continuous_optimization_loss,182,500,8.74001715191295e-05,0.5545118852895435,0.024854719217409366,0.024854719217409366,0.024854719217409366,0.014931736199995528,0.014931736199995528,0.014931736199995528,0.014931736199995528,0.014931736199995528,0.19845966034827672,0.19845966034827672,0.19845966034827672,0.5545118852895435,0.06787787899899518,0.0943475131238396,0.4112037037037037,0.024854719217409366,2176.650571900187,2176.650571900187,11.923771500005387,4355.394462347031,,fixed_iterations,,0.22989284172809896,0.22989284172809896,0.08906752219689681,0.08906752219689681,0.23555152136454788,0.23555152136454788,182,0.03526330251631543,0.03526330251631543,0.019414511010070315,0.3169758301249023,0.019414511010070315,0.43699393420239036,0.010408583298906066,0.12590583272340827,0.08296035937282392,0.2281277421061582,T033_033_033,0
183,5.400732452453983,375,125,False,projected_continuous_optimization_loss,183,500,6.300443412873293e-05,0.5496076568672134,0.024426228162791795,0.024426228162791795,0.024426228162791795,0.0142835650251597,0.0142835650251597,0.0142835650251597,0.0142835650251597,0.0142835650251597,0.20285326275264193,0.20285326275264193,0.20285326275264193,0.5496076568672134,0.06800587338685532,0.09453519255723582,0.41194444444444445,0.024426228162791795,2188.5178969001863,2188.5178969001863,11.867324999999255,4379.283174276352,,fixed_iterations,,0.23022867873224911,0.23022867873224911,0.09031130946249441,0.09031130946249441,0.22906766867246978,0.22906766867246978,183,0.035147480588351404,0.035147480588351404,0.019212313621039208,0.3187033393462439,0.019212313621039208,0.4354618353501299,0.010721252425559609,0.12840225216526618,0.08104326891738158,0.22601631426748212,T033_033_033,0
184,5.451011878669315,375,125,False,projected_continuous_optimization_loss,184,500,4.361230744011033e-05,0.548519839157012,0.02419668514120969,0.02419668514120969,0.02419668514120969,0.014004968359469171,0.014004968359469171,0.014004968359469171,0.014004968359469171,0.014004968359469171,0.20383433563481035,0.20383433563481035,0.20383433563481035,0.548519839157012,0.06811895332950339,0.09470785719817536,0.4129320987654321,0.02419668514120969,2200.444271900167,2200.444271900167,11.926374999980908,4403.1789219379425,,fixed_iterations,,0.23353955431652013,0.23353955431652013,0.091212251045546,0.091212251045546,0.2237680337949458,0.2237680337949458,184,0.033086447814642775,0.033086447814642775,0.017539596742767494,0.3109370214375055,0.017539596742767494,0.4423827285337142,0.008889762673433086,0.13438888326071413,0.08314033910957938,0.2248535061634207,T033_033_033,0
185,5.501759393375013,375,125,False,projected_continuous_optimization_loss,185,500,5.398859486889721e-05,0.5579799973462373,0.024441462416514834,0.024441462416514834,0.024441462416514834,0.014672378279213213,0.014672378279213213,0.014672378279213213,0.014672378279213213,0.014672378279213213,0.1953816827460324,0.1953816827460324,0.1953816827460324,0.5579799973462373,0.06813563495098245,0.09473762914058352,0.41262345679012347,0.024441462416514834,2212.355741000152,2212.355741000152,11.91146909998497,4427.0028030872345,,fixed_iterations,,0.23108149646552117,0.23108149646552117,0.09045967997021713,0.09045967997021713,0.23643882091049892,0.23643882091049892,185,0.034837682937010526,0.034837682937010526,0.01931946507338596,0.3103643572724913,0.01931946507338596,0.4428964573147184,0.010396220520495693,0.12978598918756223,0.08276081565643659,0.23034965247071962,T033_033_033,0
186,5.552979354354196,375,125,False,projected_continuous_optimization_loss,186,500,7.363993106217373e-05,0.5485822798048515,0.023826941288075432,0.023826941288075432,0.023826941288075432,0.013638043382766168,0.013638043382766168,0.013638043382766168,0.013638043382766168,0.013638043382766168,0.20377795810618526,0.20377795810618526,0.20377795810618526,0.5485822798048515,0.0683148397742559,0.09500137068548246,0.41425925925925927,0.023826941288075432,2224.3251703002024,2224.3251703002024,11.969429300050251,4451.013339281082,,fixed_iterations,,0.235692669376428,0.235692669376428,0.09270319653439942,0.09270319653439942,0.22018641389402416,0.22018641389402416,186,0.0301543234278809,0.0301543234278809,0.014583927512761686,0.31140791830238435,0.014583927512761686,0.44196064807006274,0.006327382139805469,0.13629228874591684,0.08816742412398079,0.21750093520016509,T033_033_033,0
187,5.604676159959824,375,125,False,projected_continuous_optimization_loss,187,500,7.467283865754186e-05,0.5593095037896737,0.02406020047772582,0.02406020047772582,0.02406020047772582,0.01434979480522064,0.01434979480522064,0.01434979480522064,0.01434979480522064,0.01434979480522064,0.1942081134501036,0.1942081134501036,0.1942081134501036,0.5593095037896737,0.06832180108931037,0.09502400617857833,0.4137345679012346,0.02406020047772582,2236.3368972002063,2236.3368972002063,12.01172690000385,4474.952890872955,,fixed_iterations,,0.23464864343803218,0.23464864343803218,0.09168908601652552,0.09168908601652552,0.232971774335116,0.232971774335116,187,0.034587921133809,0.034587921133809,0.01985997351743112,0.2945589523275576,0.01985997351743112,0.4572671446028372,0.010527720656083178,0.1343030997181828,0.084134442782944,0.23882960210171042,T033_033_033,0
188,5.656854249492381,375,125,False,projected_continuous_optimization_loss,188,500,5.8091051043380165e-05,0.5550880402292881,0.023645034959197942,0.023645034959197942,0.023645034959197942,0.013747702361847166,0.013747702361847166,0.013747702361847166,0.013747702361847166,0.013747702361847166,0.19794665194701552,0.19794665194701552,0.19794665194701552,0.5550880402292881,0.06844555016013279,0.09520727849418635,0.4144753086419753,0.023645034959197942,2248.2914239002275,2248.2914239002275,11.954526700021233,4498.947045087814,,fixed_iterations,,0.2348239830423883,0.2348239830423883,0.09309218916244044,0.09309218916244044,0.22717186802445943,0.22717186802445943,188,0.0325065025684501,0.0325065025684501,0.01710886381537754,0.30795277506145113,0.01710886381537754,0.44506507132687056,0.008861467609252157,0.13492200544703264,0.08472861567760007,0.2254144502022379,T033_033_033,0
189,5.709518103581098,375,125,False,projected_continuous_optimization_loss,189,500,4.426775252512223e-05,0.5578079218615077,0.02363933516233523,0.02363933516233523,0.02363933516233523,0.013862643463913306,0.013862643463913306,0.013862643463913306,0.013862643463913306,0.013862643463913306,0.19553383396843846,0.19553383396843846,0.19553383396843846,0.5578079218615077,0.06853697262205144,0.09535745175521274,0.41487654320987655,0.02363933516233523,2260.266717100225,2260.266717100225,11.975293199997395,4522.936116933823,,fixed_iterations,,0.24069786681532976,0.24069786681532976,0.09358667456324284,0.09358667456324284,0.22352338048293513,0.22352338048293513,189,0.029327617080567227,0.029327617080567227,0.014578972565805065,0.2949728902952432,0.014578972565805065,0.4568859325194722,0.005688281918231997,0.1431186707882711,0.08978841456851738,0.22397884716268376,T033_033_033,0
190,5.762672244568709,375,125,False,projected_continuous_optimization_loss,190,500,4.782725581762452e-05,0.5615077150785702,0.02351139988535441,0.02351139988535441,0.02351139988535441,0.01389762568857359,0.01389762568857359,0.01389762568857359,0.01389762568857359,0.01389762568857359,0.19227548393561636,0.19227548393561636,0.19227548393561636,0.5615077150785702,0.06856164145039685,0.09538661141759133,0.4145679012345679,0.02351139988535441,2272.2241018002387,2272.2241018002387,11.95738470001379,4546.895153284073,,fixed_iterations,,0.23207008168782492,0.23207008168782492,0.09358072308911329,0.09358072308911329,0.23585691030163203,0.23585691030163203,190,0.036490866909085054,0.036490866909085054,0.022197931640175136,0.2858587053781983,0.022197931640175136,0.46534244101649674,0.012979467023730644,0.13336559022628502,0.08319060033759085,0.24878625045262082,T033_033_033,0
191,5.816321236899792,375,125,False,projected_continuous_optimization_loss,191,500,6.417742327479123e-05,0.5606373908644872,0.023676913565462636,0.023676913565462636,0.023676913565462636,0.014024938450144362,0.014024938450144362,0.014024938450144362,0.014024938450144362,0.014024938450144362,0.19303950230636543,0.19303950230636543,0.19303950230636543,0.5606373908644872,0.06872678326900102,0.09566332082448822,0.41608024691358025,0.023676913565462636,2284.1845562002272,2284.1845562002272,11.960454399988521,4570.835383653641,,fixed_iterations,,0.2497037752059707,0.2497037752059707,0.09503373969076047,0.09503373969076047,0.21589987596775598,0.21589987596775598,191,0.0266111852705674,0.0266111852705674,0.012028094903454073,0.29166180734226654,0.012028094903454073,0.45994277401161776,0.002934271705104765,0.15608336594694297,0.09019627280352271,0.21366313526115202,T033_033_033,0
192,5.870469687512725,375,125,False,projected_continuous_optimization_loss,192,500,8.582764031305969e-05,0.5613827611510651,0.023217072448232016,0.023217072448232016,0.023217072448232016,0.013597818337458835,0.013597818337458835,0.013597818337458835,0.013597818337458835,0.013597818337458835,0.1923850822154636,0.1923850822154636,0.1923850822154636,0.5613827611510651,0.06870245905506626,0.09558271447826998,0.4158024691358025,0.023217072448232016,2296.0431358002243,2296.0431358002243,11.858579599997029,4594.704716205597,,fixed_iterations,,0.22460075490656958,0.22460075490656958,0.09507755093307757,0.09507755093307757,0.24170445531141788,0.24170445531141788,192,0.03655316089077284,0.03655316089077284,0.022465462928462857,0.2817539592461996,0.022465462928462857,0.4691949894300171,0.013336088442540823,0.13238600774104067,0.08482213916453744,0.251986842524439,T033_033_033,0
193,5.925122246235296,375,125,False,projected_continuous_optimization_loss,193,500,0.000112612855721819,0.570485057430169,0.024583199880060407,0.024583199880060407,0.024583199880060407,0.015359045585522145,0.015359045585522145,0.015359045585522145,0.015359045585522145,0.015359045585522145,0.18448308589076526,0.18448308589076526,0.18448308589076526,0.570485057430169,0.06885831301204282,0.09588665708651939,0.4169135802469136,0.024583199880060407,2308.064870400238,2308.064870400238,12.021734600013588,4618.862328290939,,fixed_iterations,,0.2641193610783108,0.2641193610783108,0.09491044886760923,0.09491044886760923,0.211455247484249,0.211455247484249,193,0.023357723750776854,0.023357723750776854,0.010193280681593095,0.26328886138367513,0.010193280681593095,0.48688318933826086,-0.0012254761292835523,0.17754407573057707,0.09593165285954831,0.21340746074813546,T033_033_033,0
194,5.980283606183988,375,125,False,projected_continuous_optimization_loss,194,500,0.00016424417103841064,0.5517448389177199,0.02237302453684647,0.02237302453684647,0.02237302453684647,0.012326390065001419,0.012326390065001419,0.012326390065001419,0.012326390065001419,0.012326390065001419,0.200932689436901,0.200932689436901,0.200932689436901,0.5517448389177199,0.06892591759576329,0.09588267284667672,0.4178395061728395,0.02237302453684647,2320.5848309002467,2320.5848309002467,12.519960500008892,4643.781408071518,,fixed_iterations,,0.21309825356138493,0.21309825356138493,0.09868410951110604,0.09868410951110604,0.2399624758452288,0.2399624758452288,194,0.03835560065885582,0.03835560065885582,0.023728304255457276,0.2925459280679708,0.023728304255457276,0.45912484983318863,0.015982576122009352,0.12511477516950614,0.08383170728393843,0.250178367379744,T033_033_033,0
195,6.035958504166994,375,125,False,projected_continuous_optimization_loss,195,500,0.00025988077837280315,0.5811743644353848,0.024536144403198935,0.024536144403198935,0.024536144403198935,0.01576539875289375,0.01576539875289375,0.01576539875289375,0.01576539875289375,0.01576539875289375,0.17541491300610373,0.17541491300610373,0.17541491300610373,0.5811743644353848,0.06888736898510474,0.09595358519219697,0.4165432098765432,0.024536144403198935,2333.0146338002523,2333.0146338002523,12.429802900005598,4668.718907117844,,fixed_iterations,,0.2657697632558005,0.2657697632558005,0.09371316933586575,0.09371316933586575,0.2216914318437187,0.2216914318437187,195,0.023934318962813235,0.023934318962813235,0.011002450738841589,0.25863736447943286,0.011002450738841589,0.4914359779934951,-0.0006018254403857004,0.17537087273536067,0.09569808527150349,0.22036701998663089,T033_033_033,0
196,6.092151721090964,375,125,False,projected_continuous_optimization_loss,196,500,0.0003078149416475729,0.5450501562664909,0.021429786317395734,0.021429786317395734,0.021429786317395734,0.011080818301738515,0.011080818301738515,0.011080818301738515,0.011080818301738515,0.011080818301738515,0.20697936031314434,0.20697936031314434,0.20697936031314434,0.5450501562664909,0.06917459322482529,0.09628118665326853,0.41910493827160494,0.021429786317395734,2344.984503900225,2344.984503900225,11.969870099972468,4692.913558959961,,fixed_iterations,,0.22856818379834404,0.22856818379834404,0.10088952090964975,0.10088952090964975,0.21559245155849707,0.21559245155849707,196,0.03061754158513328,0.03061754158513328,0.015642985256048885,0.2994911265816879,0.015642985256048885,0.45274217540387063,0.009187755267737546,0.1431250828563525,0.08578578589579207,0.2238313066517261,T033_033_033,0
197,6.148868082371556,375,125,False,projected_continuous_optimization_loss,197,500,0.0002512077178260953,0.565088858227435,0.02266942529706919,0.02266942529706919,0.02266942529706919,0.013212040235173387,0.013212040235173387,0.013212040235173387,0.013212040235173387,0.013212040235173387,0.189147701237916,0.189147701237916,0.189147701237916,0.565088858227435,0.06906087027889705,0.09615835588123013,0.4177469135802469,0.02266942529706919,2356.9147146001924,2356.9147146001924,11.930210699967574,4716.871695280075,,fixed_iterations,,0.23147131984546337,0.23147131984546337,0.09656162039251813,0.09656162039251813,0.2370559179894536,0.2370559179894536,197,0.03260674903980969,0.03260674903980969,0.0189876096724963,0.27238278734626775,0.0189876096724963,0.4780969559906096,0.009937323742740499,0.14414070133740842,0.08737700686541135,0.24657924778778978,T033_033_033,0
198,6.206112458347806,375,125,False,projected_continuous_optimization_loss,198,500,0.00014151044304227888,0.5615547959181153,0.023642526224745174,0.023642526224745174,0.023642526224745174,0.014030816375624902,0.014030816375624902,0.014030816375624902,0.014030816375624902,0.014030816375624902,0.19223419698240543,0.19223419698240543,0.19223419698240543,0.5615547959181153,0.06921690889788518,0.09642279488143679,0.4189506172839506,0.023642526224745174,2368.8606827001786,2368.8606827001786,11.945968099986203,4740.843926906586,,fixed_iterations,,0.25581826987674333,0.25581826987674333,0.097155653224533,0.097155653224533,0.20858087281683904,0.20858087281683904,198,0.024866943051273516,0.024866943051273516,0.010346543792538292,0.29040798517470445,0.010346543792538292,0.46110484769789917,0.0012244168265283413,0.16760907684386597,0.09058095465626172,0.2029148161977715,T033_033_033,0
199,6.263889764700348,375,125,False,projected_continuous_optimization_loss,199,500,0.00013192871083955233,0.5402420309815282,0.02125716196376515,0.02125716196376515,0.02125716196376515,0.010688292459965642,0.010688292459965642,0.010688292459965642,0.010688292459965642,0.010688292459965642,0.21137739007599016,0.21137739007599016,0.21137739007599016,0.5402420309815282,0.0693760950409407,0.096591614360996,0.42027777777777775,0.02125716196376515,2380.818743600161,2380.818743600161,11.958060899982229,4764.771679639816,,fixed_iterations,,0.22148258285777828,0.22148258285777828,0.10112457425588757,0.10112457425588757,0.21763487386786234,0.21763487386786234,199,0.0314825146509955,0.0314825146509955,0.016139294728317686,0.3068643984535561,0.016139294728317686,0.4460465737505037,0.010225352687230346,0.13973468149432747,0.08418850264368949,0.22212338961248673,T033_033_033,0
200,6.322204962873537,375,125,False,projected_continuous_optimization_loss,200,500,0.00018115335351440908,0.559720165731872,0.02244635696892813,0.02244635696892813,0.02244635696892813,0.012754040345769616,0.012754040345769616,0.012754040345769616,0.012754040345769616,0.012754040345769616,0.19384633246317026,0.19384633246317026,0.19384633246317026,0.559720165731872,0.06927904785317351,0.09652324347542537,0.4187345679012346,0.02244635696892813,2392.7453890001634,2392.7453890001634,11.926645400002599,4788.702444076538,,fixed_iterations,,0.23220058631498763,0.23220058631498763,0.09718558113448778,0.09718558113448778,0.23033399828239665,0.23033399828239665,200,0.031541069229215735,0.031541069229215735,0.017016450274559534,0.2904923790931239,0.017016450274559534,0.4610265506603095,0.009094712260287605,0.14594477805955103,0.08419014563795121,0.23089162696280724,T033_033_033,0
201,6.381063060501492,375,125,False,projected_continuous_optimization_loss,201,500,0.00016726630969216949,0.5485215097241803,0.02323725032354155,0.02323725032354155,0.02323725032354155,0.013045608964454876,0.013045608964454876,0.013045608964454876,0.013045608964454876,0.013045608964454876,0.20383282718173348,0.20383282718173348,0.20383282718173348,0.5485215097241803,0.06947929759393014,0.09681893262838387,0.42055555555555557,0.02323725032354155,2404.6407428001403,2404.6407428001403,11.895353799976874,4812.586968660355,,fixed_iterations,,0.24946466735653405,0.24946466735653405,0.09894602770576764,0.09894602770576764,0.20011081466187858,0.20011081466187858,201,0.025176686388362166,0.025176686388362166,0.010049969766281586,0.30253433244161154,0.010049969766281586,0.449968789574981,0.0019394360648206169,0.16506665029098871,0.08876898024207275,0.1961331590419195,T033_033_033,0
202,6.4404691118381185,375,125,False,projected_continuous_optimization_loss,202,500,0.00013200586194179158,0.5358457049058465,0.021243591527775253,0.021243591527775253,0.021243591527775253,0.010471631045057724,0.010471631045057724,0.010471631045057724,0.010471631045057724,0.010471631045057724,0.21543920965435054,0.21543920965435054,0.21543920965435054,0.5358457049058465,0.06957419223675711,0.096924351859886,0.4212345679012346,0.021243591527775253,2416.5916238001664,2416.5916238001664,11.95088100002613,4836.5545880794525,,fixed_iterations,,0.21841681889374556,0.21841681889374556,0.10107795889237582,0.10107795889237582,0.21635092711972514,0.21635092711972514,202,0.033647046890006554,0.033647046890006554,0.017703051364619863,0.31887991050773373,0.017703051364619863,0.43530547150894605,0.012403455362231301,0.13651032333704632,0.0788533393177129,0.21994180885418682,T033_033_033,0
203,6.500428218191119,375,125,False,projected_continuous_optimization_loss,203,500,0.00012814371306286835,0.550822252785319,0.022170269168410313,0.022170269168410313,0.022170269168410313,0.012082236738767523,0.012082236738767523,0.012082236738767523,0.012082236738767523,0.012082236738767523,0.20176064859285583,0.20176064859285583,0.20176064859285583,0.550822252785319,0.06950779033364227,0.09689376822411633,0.4203395061728395,0.022170269168410313,2428.5293289002148,2428.5293289002148,11.937705100048333,4860.5052053928375,,fixed_iterations,,0.22847137630109776,0.22847137630109776,0.0980158130256112,0.0980158130256112,0.22433506345861007,0.22433506345861007,203,0.03259074282580194,0.03259074282580194,0.01697924637256094,0.31222992906482,0.01697924637256094,0.4412246166259469,0.010420473657391627,0.1409761728838925,0.07990768115018969,0.22034076259186472,T033_033_033,0
204,6.560945528360053,375,125,False,projected_continuous_optimization_loss,204,500,0.0001501825685247486,0.540632700862389,0.023025090756722703,0.023025090756722703,0.023025090756722703,0.01247417498087354,0.01247417498087354,0.01247417498087354,0.01247417498087354,0.01247417498087354,0.21101831551698327,0.21101831551698327,0.21101831551698327,0.540632700862389,0.06971021659784399,0.09717684992386433,0.42138888888888887,0.023025090756722703,2440.457756300224,2440.457756300224,11.928427400009241,4884.374484777451,,fixed_iterations,,0.24567266452461123,0.24567266452461123,0.09999248910450091,0.09999248910450091,0.19496754723327694,0.19496754723327694,204,0.02686103538979258,0.02686103538979258,0.010809326084617649,0.3210341861034986,0.010809326084617649,0.43340121240555185,0.003835944633069875,0.15709230077534508,0.0840616333419747,0.1922472782882321,T033_033_033,0
205,6.622026239078485,375,125,False,projected_continuous_optimization_loss,205,500,0.0001414719919123353,0.5325974549095291,0.02114386815218406,0.02114386815218406,0.02114386815218406,0.010220611194331574,0.010220611194331574,0.010220611194331574,0.010220611194331574,0.010220611194331574,0.21846513915704965,0.21846513915704965,0.21846513915704965,0.5325974549095291,0.06978294650725106,0.0972768618345964,0.42191358024691356,0.02114386815218406,2452.3438742002472,2452.3438742002472,11.886117900023237,4908.167929172516,,fixed_iterations,,0.21810124234245432,0.21810124234245432,0.10144129171871248,0.10144129171871248,0.21305492084836236,0.21305492084836236,205,0.034965575943966584,0.034965575943966584,0.01823352882923997,0.33464094229453223,0.01823352882923997,0.421518416633224,0.013821707791782524,0.1280053933277829,0.07789187787707347,0.21562114542836766,T033_033_033,0
206,6.68367559546022,375,125,False,projected_continuous_optimization_loss,206,500,9.665364401162198e-05,0.5441536177130336,0.021849197124004585,0.021849197124004585,0.021849197124004585,0.011459400911798825,0.011459400911798825,0.011459400911798825,0.011459400911798825,0.011459400911798825,0.2077959242441152,0.2077959242441152,0.2077959242441152,0.5441536177130336,0.06973614704770208,0.09725398840246409,0.4212037037037037,0.021849197124004585,2464.247521800222,2464.247521800222,11.903647599974647,4932.061339139938,,fixed_iterations,,0.2246111494229543,0.2246111494229543,0.09903950968571916,0.09903950968571916,0.22050295860436006,0.22050295860436006,206,0.03271173849838234,0.03271173849838234,0.016635746198219,0.3215198460032668,0.016635746198219,0.432972799591354,0.010862541374377754,0.13647792377000503,0.08019034768812075,0.21630452813322823,T033_033_033,0
207,6.745898891449722,375,125,False,projected_continuous_optimization_loss,207,500,0.00013487346785079644,0.5367921909610769,0.02270614414561628,0.02270614414561628,0.02270614414561628,0.011978070427884305,0.011978070427884305,0.011978070427884305,0.011978070427884305,0.011978070427884305,0.21456147435463946,0.21456147435463946,0.21456147435463946,0.5367921909610769,0.06993292812227148,0.09753055910340039,0.42194444444444446,0.02270614414561628,2476.1603260001866,2476.1603260001866,11.91280419996474,4955.995125293732,,fixed_iterations,,0.24329871815180212,0.24329871815180212,0.10125257582443362,0.10125257582443362,0.19224089698484115,0.19224089698484115,207,0.026970957378493518,0.026970957378493518,0.01031955423939322,0.3330280627820059,0.01031955423939322,0.422914163419335,0.004264813232877238,0.15781302922922053,0.08199518502467823,0.1831059491654363,T033_033_033,0
208,6.808701470276715,375,125,False,projected_continuous_optimization_loss,208,500,0.00013899467972307246,0.5321411675403416,0.02092049462009527,0.02092049462009527,0.02092049462009527,0.00997590026456954,0.00997590026456954,0.00997590026456954,0.00997590026456954,0.00997590026456954,0.21889188711051463,0.21889188711051463,0.21889188711051463,0.5321411675403416,0.06999893928839693,0.09763006535535815,0.42277777777777775,0.02092049462009527,2488.063174300187,2488.063174300187,11.902848300000187,4979.910002231598,,fixed_iterations,,0.22040693897618044,0.22040693897618044,0.10249189806129563,0.10249189806129563,0.2092423305028656,0.2092423305028656,208,0.03352153146234829,0.03352153146234829,0.01587419087428177,0.35294681176133036,0.01587419087428177,0.405906731429037,0.01260103684225302,0.12844186525983223,0.07637976292248992,0.20108510324671489,T033_033_033,0
209,6.872088724915009,375,125,False,projected_continuous_optimization_loss,209,500,7.256920731502164e-05,0.5416017866228132,0.021409118072164786,0.021409118072164786,0.021409118072164786,0.01090267197079494,0.01090267197079494,0.01090267197079494,0.01090267197079494,0.01090267197079494,0.21012892202739686,0.21012892202739686,0.21012892202739686,0.5416017866228132,0.06996165674392592,0.09761268249954314,0.42126543209876544,0.021409118072164786,2500.0121874001925,2500.0121874001925,11.949013100005686,5003.8632090091705,,fixed_iterations,,0.22238953398063535,0.22238953398063535,0.1005871191928122,0.1005871191928122,0.21862513344936566,0.21862513344936566,209,0.03400305857755157,0.03400305857755157,0.016356988136797656,0.35292140881507833,0.016356988136797656,0.4059281114081576,0.012593940505386786,0.12600842917032015,0.07688831016445481,0.20303137207338262,T033_033_033,0
210,6.936066098545613,375,125,False,projected_continuous_optimization_loss,210,500,0.00012989821666834427,0.5365474320707391,0.022108072686260246,0.022108072686260246,0.022108072686260246,0.011368658550248935,0.011368658550248935,0.011368658550248935,0.011368658550248935,0.011368658550248935,0.2147882827202262,0.2147882827202262,0.2147882827202262,0.5365474320707391,0.07015358517922958,0.0978847026506899,0.4229320987654321,0.022108072686260246,2511.9530929002212,2511.9530929002212,11.940905500028748,5027.70138835907,,fixed_iterations,,0.24163579192941564,0.24163579192941564,0.10326707227054222,0.10326707227054222,0.19164456787078124,0.19164456787078124,210,0.02865762359443512,0.02865762359443512,0.011410429901767988,0.3449438738533426,0.011410429901767988,0.41268077346868454,0.006549550908174873,0.1490598347908949,0.07874723445901605,0.1848737042187736,T033_033_033,0
211,7.0006390850241464,375,125,False,projected_continuous_optimization_loss,211,500,0.00012566009644399264,0.5348872758687326,0.020558753485001403,0.020558753485001403,0.020558753485001403,0.00974226117756098,0.00974226117756098,0.00974226117756098,0.00974226117756098,0.00974226117756098,0.21632984614880843,0.21632984614880843,0.21632984614880843,0.5348872758687326,0.07021441221778976,0.09799065179939398,0.4230555555555556,0.020558753485001403,2523.8902247002115,2523.8902247002115,11.937131799990311,5051.674678325653,,fixed_iterations,,0.22458974185357708,0.22458974185357708,0.10441804663145769,0.10441804663145769,0.2058794873836979,0.2058794873836979,211,0.033498799685739516,0.033498799685739516,0.015478607202490243,0.36040384966498545,0.015478607202490243,0.3996635529430306,0.012940046200738114,0.1295285662094014,0.07425308300836035,0.19588190372526884,T033_033_033,0
212,7.0658132293526075,375,125,False,projected_continuous_optimization_loss,212,500,5.554582643391913e-05,0.543048912004565,0.02079708063776295,0.02079708063776295,0.02079708063776295,0.01035686579675236,0.01035686579675236,0.01035686579675236,0.01035686579675236,0.01035686579675236,0.20880429682021182,0.20880429682021182,0.20880429682021182,0.543048912004565,0.0701811567931138,0.09798246360204121,0.4224382716049383,0.02079708063776295,2535.863882700214,2535.863882700214,11.973658000002615,5075.493532657623,,fixed_iterations,,0.2222920793231459,0.2222920793231459,0.10290124424928977,0.10290124424928977,0.21785558843212924,0.21785558843212924,212,0.03497306920428839,0.03497306920428839,0.01726646890054135,0.3541320060749408,0.01726646890054135,0.4049100857223836,0.014175988566525438,0.125595229661675,0.07500143356337245,0.20431342249733617,T033_033_033,0
213,7.131594128155533,375,125,False,projected_continuous_optimization_loss,213,500,0.00012851139374305397,0.539332734016474,0.021199975196083326,0.021199975196083326,0.021199975196083326,0.010589258698646494,0.010589258698646494,0.010589258698646494,0.010589258698646494,0.010589258698646494,0.21221432994873662,0.21221432994873662,0.21221432994873662,0.539332734016474,0.07036903427037998,0.09825277586285996,0.42342592592592593,0.021199975196083326,2548.011277900194,2548.011277900194,12.147395199979655,5099.636689186096,,fixed_iterations,,0.2403001142475677,0.2403001142475677,0.10623734153152008,0.10623734153152008,0.19279527823738626,0.19279527823738626,213,0.028811825093292408,0.028811825093292408,0.011045064007904769,0.3553352217077527,0.011045064007904769,0.4038999901797075,0.007611849897209082,0.14731042021589158,0.07747917062905775,0.1791103993347582,T033_033_033,0
214,7.1979874301605875,375,125,False,projected_continuous_optimization_loss,214,500,0.00010633181459997459,0.5402338563953035,0.02004208449991797,0.02004208449991797,0.02004208449991797,0.009472839159661253,0.009472839159661253,0.009472839159661253,0.009472839159661253,0.009472839159661253,0.21138490680513428,0.21138490680513428,0.21138490680513428,0.5402338563953035,0.07042036467396237,0.09835340905944857,0.4238271604938272,0.02004208449991797,2559.963500500191,2559.963500500191,11.952222599997185,5123.73645567894,,fixed_iterations,,0.22948664873997376,0.22948664873997376,0.10724778009176986,0.10724778009176986,0.20349942756355996,0.20349942756355996,214,0.03080165583180599,0.03080165583180599,0.012905799638205389,0.357917123872012,0.012905799638205389,0.4017382480284971,0.01075957133188802,0.1360448277233808,0.07698114594809859,0.1887122743570177,T033_033_033,0
215,7.264998836683641,375,125,False,projected_continuous_optimization_loss,215,500,4.675243442088566e-05,0.5473209502322722,0.019998019928438353,0.019998019928438353,0.019998019928438353,0.009752103823507701,0.009752103823507701,0.009752103823507701,0.009752103823507701,0.009752103823507701,0.20491832209861305,0.20491832209861305,0.20491832209861305,0.5473209502322722,0.07039084108480463,0.09835146693156432,0.42299382716049383,0.019998019928438353,2572.4205678001745,2572.4205678001745,12.457067299983464,5148.473682880402,,fixed_iterations,,0.223834763635509,0.223834763635509,0.10609339956450149,0.10609339956450149,0.21739278703226164,0.21739278703226164,215,0.03374580628621611,0.03374580628621611,0.016125934796919022,0.35239742978594174,0.016125934796919022,0.40636928163550895,0.013747786357777757,0.12903864614129698,0.07570844799003235,0.20162218750417962,T033_033_033,0
216,7.332634102118338,375,125,False,projected_continuous_optimization_loss,216,500,0.00012273691362451136,0.5443551358310219,0.020064677370759124,0.020064677370759124,0.020064677370759124,0.009684065258580798,0.009684065258580798,0.009684065258580798,0.009684065258580798,0.009684065258580798,0.2076122422435665,0.2076122422435665,0.2076122422435665,0.5443551358310219,0.07057291236831321,0.09861675581551997,0.42441358024691356,0.020064677370759124,2584.4441885001725,2584.4441885001725,12.023620699997991,5172.635763168335,,fixed_iterations,,0.239241534725807,0.239241534725807,0.11013437569857502,0.11013437569857502,0.19497922540663984,0.19497922540663984,216,0.027928248438079527,0.027928248438079527,0.010197714760969841,0.35461067354219367,0.010197714760969841,0.40450804074094016,0.007863571067320402,0.14922513180826819,0.07918896825585632,0.17609394067681572,T033_033_033,0
217,7.400899034430244,375,125,False,projected_continuous_optimization_loss,217,500,8.813436644557883e-05,0.5472290546131945,0.01936316560453273,0.01936316560453273,0.01936316560453273,0.00911308915520965,0.00911308915520965,0.00911308915520965,0.00911308915520965,0.00911308915520965,0.20500152898646162,0.20500152898646162,0.20500152898646162,0.5472290546131945,0.0706088877464318,0.09869802303269345,0.4246913580246914,0.01936316560453273,2596.3627626001253,2596.3627626001253,11.91857409995282,5196.473172187805,,fixed_iterations,,0.2341083327547049,0.2341083327547049,0.11085542763536162,0.11085542763536162,0.20226529422312792,0.20226529422312792,217,0.029004950537719273,0.029004950537719273,0.011385272379509188,0.3523935631642017,0.011385272379509188,0.4063725384012279,0.009641784933186542,0.14814581568086369,0.07715686203500226,0.18106986068536196,T033_033_033,0
218,7.469799495655587,375,125,False,projected_continuous_optimization_loss,218,500,4.393696539057864e-05,0.5530151644693205,0.019017054266068555,0.019017054266068555,0.019017054266068555,0.009027282106349125,0.009027282106349125,0.009027282106349125,0.009027282106349125,0.009027282106349125,0.19979544319438858,0.19979544319438858,0.19979544319438858,0.5530151644693205,0.07058873343840631,0.09869917919285018,0.4241358024691358,0.019017054266068555,2608.2839739001356,2608.2839739001356,11.921211300010327,5220.407171964645,,fixed_iterations,,0.22594404636094353,0.22594404636094353,0.11021679889701809,0.11021679889701809,0.21685431921135892,0.21685431921135892,218,0.032698715036593246,0.032698715036593246,0.015589909441952732,0.3421761118928103,0.015589909441952732,0.4150417861993814,0.013681660770524691,0.13551927836953426,0.07633987582295575,0.2031826320068914,T033_033_033,0
219,7.53934140240464,375,125,False,projected_continuous_optimization_loss,219,500,0.00011000797661805264,0.5508333869953563,0.018831158959517768,0.018831158959517768,0.018831158959517768,0.008743626647614602,0.008743626647614602,0.008743626647614602,0.008743626647614602,0.008743626647614602,0.20175064623806332,0.20175064623806332,0.20175064623806332,0.5508333869953563,0.070759676901011,0.09894303762050892,0.4251234567901235,0.018831158959517768,2620.3388298001373,2620.3388298001373,12.054855900001712,5244.550214290619,,fixed_iterations,,0.2387137973669363,0.2387137973669363,0.11480176631897901,0.11480176631897901,0.197317823309441,0.197317823309441,219,0.027225588634229046,0.027225588634229046,0.010107298340263055,0.3423658058793198,0.010107298340263055,0.41487966547100774,0.008394429674711278,0.15795638388284744,0.08029941277298254,0.1766238688151778,T033_033_033,0
220,7.609530726369791,375,125,False,projected_continuous_optimization_loss,220,500,7.550409227359004e-05,0.5550525854197399,0.018537197827816404,0.018537197827816404,0.018537197827816404,0.008638287740733512,0.008638287740733512,0.008638287740733512,0.008638287740733512,0.008638287740733512,0.19797820174165787,0.19797820174165787,0.19797820174165787,0.5550525854197399,0.07077568103481716,0.0989863915359446,0.4255555555555556,0.018537197827816404,2632.3720121001243,2632.3720121001243,12.033182299986947,5268.635005474091,,fixed_iterations,,0.23793322251489193,0.23793322251489193,0.1150635181294384,0.1150635181294384,0.20205584477540955,0.20205584477540955,220,0.02686132767556805,0.02686132767556805,0.010125833326652999,0.33470988697830095,0.010125833326652999,0.42145882862297435,0.008324129847751646,0.15770109086279188,0.08212268355745017,0.18163505420273227,T033_033_033,0
221,7.680373494838347,375,125,False,projected_continuous_optimization_loss,221,500,4.4398717457852735e-05,0.5591215840738754,0.017855146772257392,0.017855146772257392,0.017855146772257392,0.008136457890780947,0.008136457890780947,0.008136457890780947,0.008136457890780947,0.008136457890780947,0.19437377762952887,0.19437377762952887,0.19437377762952887,0.5591215840738754,0.07077630231049299,0.09901159601061069,0.42478395061728397,0.017855146772257392,2644.365270300128,2644.365270300128,11.993258200003766,5292.65345954895,,fixed_iterations,,0.22748600838758665,0.22748600838758665,0.11534269053896473,0.11534269053896473,0.21629288514732406,0.21629288514732406,221,0.029176491034105752,0.029176491034105752,0.012091303207165805,0.3417037565387989,0.012091303207165805,0.4154456769993067,0.01132134426184836,0.14414009141561618,0.07991825854470838,0.19138732703898212,T033_033_033,0
222,7.7518757912101,375,125,False,projected_continuous_optimization_loss,222,500,9.377253858140798e-05,0.5583061394940528,0.017638119993299256,0.017638119993299256,0.017638119993299256,0.007883446672866902,0.007883446672866902,0.007883446672866902,0.007883446672866902,0.007883446672866902,0.1950934664086471,0.1950934664086471,0.1950934664086471,0.5583061394940528,0.07092450588120651,0.09922037808717611,0.4255246913580247,0.017638119993299256,2656.3703715001466,2656.3703715001466,12.005101200018544,5316.70029592514,,fixed_iterations,,0.23930660071558493,0.23930660071558493,0.11996586001907489,0.11996586001907489,0.19903367875939304,0.19903367875939304,222,0.02498600459815159,0.02498600459815159,0.008939647010806401,0.3209271517469038,0.008939647010806401,0.4334956736732686,0.007347884604852334,0.1676383229328757,0.08690367098764715,0.17895367975274573,T033_033_033,0
223,7.824043755519732,375,125,False,projected_continuous_optimization_loss,223,500,6.704395120832565e-05,0.56307951680013,0.0175548283219559,0.0175548283219559,0.0175548283219559,0.0080098528899755,0.0080098528899755,0.0080098528899755,0.0080098528899755,0.0080098528899755,0.19089950863960797,0.19089950863960797,0.19089950863960797,0.56307951680013,0.07092340031606811,0.09923397793081691,0.42540123456790124,0.0175548283219559,2668.349298000161,2668.349298000161,11.978926500014495,5340.726850748062,,fixed_iterations,,0.24051270532146582,0.24051270532146582,0.11984717621493117,0.11984717621493117,0.202719635263733,0.202719635263733,223,0.024893496092541156,0.024893496092541156,0.00927908835679814,0.3122881547148603,0.00927908835679814,0.4411725179316425,0.0073386677705852554,0.170719250589173,0.08738189268268595,0.1830713746597836,T033_033_033,0
224,7.896883584964057,375,125,False,projected_continuous_optimization_loss,224,500,4.62984585686897e-05,0.5653744152268542,0.016533655797135213,0.016533655797135213,0.016533655797135213,0.007088685850165269,0.007088685850165269,0.007088685850165269,0.007088685850165269,0.007088685850165269,0.1888993989393989,0.1888993989393989,0.1888993989393989,0.5653744152268542,0.07095553340109412,0.09930178095338452,0.4255864197530864,0.016533655797135213,2680.3288247002056,2680.3288247002056,11.979526700044516,5364.762358665466,,fixed_iterations,,0.22801283636286854,0.22801283636286854,0.121506662800578,0.121506662800578,0.2158549160634077,0.2158549160634077,224,0.02727347650558279,0.02727347650558279,0.010281820134855168,0.33983312741455235,0.010281820134855168,0.41704792013875414,0.010739820708447576,0.15131548550248408,0.08218090342699833,0.18355153120927176,T033_033_033,0
225,7.970401534434195,375,125,False,projected_continuous_optimization_loss,225,500,8.182290932381644e-05,0.5666767351749166,0.01661792299320742,0.01661792299320742,0.01661792299320742,0.007229470401273946,0.007229470401273946,0.007229470401273946,0.007229470401273946,0.007229470401273946,0.1877690518386695,0.1877690518386695,0.1877690518386695,0.5666767351749166,0.0710616917828076,0.0994482017090536,0.42583333333333334,0.01661792299320742,2692.3522129001794,2692.3522129001794,12.023388199973851,5388.785854101181,,fixed_iterations,,0.24175012656075504,0.24175012656075504,0.12522284343005394,0.12522284343005394,0.19970376518410754,0.19970376518410754,225,0.02359166849113903,0.02359166849113903,0.00828162290735151,0.3062009116757503,0.00828162290735151,0.44664576293684133,0.006973745497931609,0.18270376049771636,0.09171874551053143,0.17222325692859358,T033_033_033,0
226,8.044603917052697,375,125,False,projected_continuous_optimization_loss,226,500,6.06233965364935e-05,0.5706997708457672,0.016300401296383382,0.016300401296383382,0.016300401296383382,0.007085466958789542,0.007085466958789542,0.007085466958789542,0.007085466958789542,0.007085466958789542,0.18429868675187683,0.18429868675187683,0.18429868675187683,0.5706997708457672,0.07106620671720301,0.09946509593555694,0.42604938271604936,0.016300401296383382,2704.296764200204,2704.296764200204,11.944551300024614,5412.686014413834,,fixed_iterations,,0.24072054811899934,0.24072054811899934,0.12562133572200096,0.12562133572200096,0.2043578870047669,0.2043578870047669,226,0.02306610696939173,0.02306610696939173,0.008258656016107714,0.2961490190656803,0.008258656016107714,0.4558042456379503,0.006765705673008347,0.18383476653951294,0.09343490573013367,0.1785345733683037,T033_033_033,0
227,8.119497104715647,375,125,False,projected_continuous_optimization_loss,227,500,4.2887867695888574e-05,0.5724153296567491,0.015209497353433337,0.015209497353433337,0.015209497353433337,0.006068064837806009,0.006068064837806009,0.006068064837806009,0.006068064837806009,0.006068064837806009,0.18282865031254653,0.18282865031254653,0.18282865031254653,0.5724153296567491,0.0711173348832281,0.09954939760760316,0.4261111111111111,0.015209497353433337,2716.189428900194,2716.189428900194,11.892664699989837,5436.587729215622,,fixed_iterations,,0.22897313999792293,0.22897313999792293,0.1282494027608905,0.1282494027608905,0.21519278689793564,0.21519278689793564,227,0.023953866943730025,0.023953866943730025,0.00848309647746477,0.3094154093253051,0.00848309647746477,0.44374878937182977,0.008744369590296688,0.16606491213533334,0.09131702181148606,0.18636685542501036,T033_033_033,0
228,8.195087528639842,375,125,False,projected_continuous_optimization_loss,228,500,7.474012075842155e-05,0.5756565277341068,0.015730901764781712,0.015730901764781712,0.015730901764781712,0.0067275326420479726,0.0067275326420479726,0.0067275326420479726,0.0067275326420479726,0.0067275326420479726,0.18006738245467477,0.18006738245467477,0.18006738245467477,0.5756565277341068,0.07117576263360675,0.09962933035243732,0.4267901234567901,0.015730901764781712,2728.1309093001764,2728.1309093001764,11.941480399982538,5460.537959098816,,fixed_iterations,,0.24545454512342643,0.24545454512342643,0.13057813125763892,0.13057813125763892,0.19962385135304153,0.19962385135304153,228,0.022338577311443432,0.022338577311443432,0.007877024017435865,0.28923106588015135,0.007877024017435865,0.46219793057282554,0.00660767554666172,0.19153146958360479,0.09697479865049612,0.17369166233872466,T033_033_033,0
229,8.271381679915047,375,125,False,projected_continuous_optimization_loss,229,500,6.421852143932644e-05,0.5777923362573621,0.014701605714491387,0.014701605714491387,0.014701605714491387,0.00578864014834057,0.00578864014834057,0.00578864014834057,0.00578864014834057,0.00578864014834057,0.17825931132301634,0.17825931132301634,0.17825931132301634,0.5777923362573621,0.07122043105910003,0.09970208323903156,0.4271604938271605,0.014701605714491387,2740.0860569001525,2740.0860569001525,11.955147599976044,5484.517624616623,,fixed_iterations,,0.23765480962962843,0.23765480962962843,0.1329725440995192,0.1329725440995192,0.20716498252821455,0.20716498252821455,229,0.021125732033858924,0.021125732033858924,0.007138596648461198,0.2797427077079545,0.007138596648461198,0.47109291202711734,0.006424126319367536,0.183847531603176,0.10076196862937521,0.18648341179456618,T033_033_033,0
230,8.3483861100614,375,125,False,projected_continuous_optimization_loss,230,500,3.785904479086525e-05,0.5811932732122705,0.014213532466976524,0.014213532466976524,0.014213532466976524,0.0054435787468439375,0.0054435787468439375,0.0054435787468439375,0.0054435787468439375,0.0054435787468439375,0.17539907440265176,0.17539907440265176,0.17539907440265176,0.5811932732122705,0.07123595071779779,0.09972825685242838,0.42694444444444446,0.014213532466976524,2752.079381400137,2752.079381400137,11.993324499984737,5508.524596691132,,fixed_iterations,,0.23352861760751648,0.23352861760751648,0.1342058013212052,0.1342058013212052,0.21345885428354894,0.21345885428354894,230,0.021073921378731243,0.021073921378731243,0.007279417632637799,0.2758900749218689,0.007279417632637799,0.47474760836159063,0.006860388911754719,0.17895460150522044,0.10164204043094119,0.194150966425429,T033_033_033,0
231,8.426107431592001,375,125,False,projected_continuous_optimization_loss,231,500,5.713676535852695e-05,0.5838198171062641,0.014446093566835346,0.014446093566835346,0.014446093566835346,0.005785796335162167,0.005785796335162167,0.005785796335162167,0.005785796335162167,0.005785796335162167,0.1732059446334636,0.1732059446334636,0.1732059446334636,0.5838198171062641,0.07131101139926996,0.0998390464046056,0.42799382716049383,0.014446093566835346,2764.015734200133,2764.015734200133,11.936352799995802,5532.464520692825,,fixed_iterations,,0.2462002706142089,0.2462002706142089,0.1377990499857258,0.1377990499857258,0.1998204965063293,0.1998204965063293,231,0.020233315406385028,0.020233315406385028,0.007086423994527634,0.26293782823714784,0.007086423994527634,0.48722536311051035,0.005787221839549682,0.2008281703982409,0.10556486165228088,0.1808323310599886,T033_033_033,0
232,8.504552318580744,375,125,False,projected_continuous_optimization_loss,232,500,6.544090458256579e-05,0.5861900840977905,0.013315302367979613,0.013315302367979613,0.013315302367979613,0.004753370043029928,0.004753370043029928,0.004753370043029928,0.004753370043029928,0.004753370043029928,0.1712386464989937,0.1712386464989937,0.1712386464989937,0.5861900840977905,0.07134717427458401,0.09989791402500058,0.42780864197530866,0.013315302367979613,2775.970728900167,2775.970728900167,11.954994700034149,5556.422258377075,,fixed_iterations,,0.23558817572372123,0.23558817572372123,0.1401085585625561,0.1401085585625561,0.2104933498115131,0.2104933498115131,232,0.02075817522493675,0.02075817522493675,0.006904847740394185,0.27706654969085126,0.006904847740394185,0.47362888596461594,0.007442872856957137,0.18000986957301635,0.10258319706733932,0.19103581932426028,T033_033_033,0
233,8.583727507235427,375,125,False,projected_continuous_optimization_loss,233,500,4.362187581253008e-05,0.5904178520748137,0.013317801509005401,0.013317801509005401,0.013317801509005401,0.0049299247140549415,0.0049299247140549415,0.0049299247140549415,0.0049299247140549415,0.0049299247140549415,0.1677575358990092,0.1677575358990092,0.1677575358990092,0.5904178520748137,0.0713441302031704,0.09989499376303038,0.42799382716049383,0.013317801509005401,2787.843871200166,2787.843871200166,11.873142299999017,5580.237947225571,,fixed_iterations,,0.2392515942599469,0.2392515942599469,0.14056051977471667,0.14056051977471667,0.2106057380401501,0.2106057380401501,233,0.019911540965242686,0.019911540965242686,0.0067245986837905026,0.26373884562904365,0.0067245986837905026,0.48644489523611617,0.006593739456237285,0.19068072319353555,0.10573621464120546,0.19002795740137518,T033_033_033,0
234,8.663639796476206,375,125,False,projected_continuous_optimization_loss,234,500,4.694115159347186e-05,0.5915636388937541,0.012746937784132484,0.012746937784132484,0.012746937784132484,0.004405924730446898,0.004405924730446898,0.004405924730446898,0.004405924730446898,0.004405924730446898,0.16682026107371173,0.16682026107371173,0.16682026107371173,0.5915636388937541,0.0714702942364257,0.1000883237239475,0.42919753086419754,0.012746937784132484,2799.794489900174,2799.794489900174,11.950618700007908,5604.201453447342,,fixed_iterations,,0.24306447341720888,0.24306447341720888,0.14715221421846952,0.14715221421846952,0.20134695125807567,0.20134695125807567,234,0.018987305978106474,0.018987305978106474,0.005923792978201198,0.26127025999810555,0.005923792978201198,0.48885397389972257,0.006240368193973989,0.19884853118551352,0.11098759141089314,0.1790178513033159,T033_033_033,0
235,8.744296048519423,375,125,False,projected_continuous_optimization_loss,235,500,6.662984534705455e-05,0.5966412092684742,0.012605462409396579,0.012605462409396579,0.012605462409396579,0.004470546706376637,0.004470546706376637,0.004470546706376637,0.004470546706376637,0.004470546706376637,0.16269831406039884,0.16269831406039884,0.16269831406039884,0.5966412092684742,0.07140283266210695,0.09999365378809288,0.42799382716049383,0.012605462409396579,2811.7095433001523,2811.7095433001523,11.915053399978206,5628.040020465851,,fixed_iterations,,0.23915143939867559,0.23915143939867559,0.14452755798763184,0.14452755798763184,0.2129622118821668,0.2129622118821668,235,0.019844329266789387,0.019844329266789387,0.006717481917875118,0.26253694697828533,0.006717481917875118,0.48761640641187065,0.007238866857392808,0.19230351386651776,0.10604674133622863,0.1892661512091243,T033_033_033,0
236,8.825703189466903,375,125,False,projected_continuous_optimization_loss,236,500,6.36179819802255e-05,0.5968708173454923,0.011573881329926266,0.011573881329926266,0.011573881329926266,0.003448224434541694,0.003448224434541694,0.003448224434541694,0.003448224434541694,0.003448224434541694,0.16251313790769142,0.16251313790769142,0.16251313790769142,0.5968708173454923,0.07155269004373506,0.10023146916810839,0.4290432098765432,0.011573881329926266,2823.623091600195,2823.623091600195,11.913548300042748,5651.934378623962,,fixed_iterations,,0.23720103999808234,0.23720103999808234,0.15252717587229433,0.15252717587229433,0.20714260147511562,0.20714260147511562,236,0.018935275757256738,0.018935275757256738,0.005334204670997478,0.2720214217251852,0.005334204670997478,0.47844327084660754,0.007361394427330472,0.18971545134274567,0.11051165059547853,0.1782161689083833,T033_033_033,0
237,8.907868209900675,375,125,False,projected_continuous_optimization_loss,237,500,5.5768442503251284e-05,0.6023744408253354,0.012503173096093377,0.012503173096093377,0.012503173096093377,0.004597868830645143,0.004597868830645143,0.004597868830645143,0.004597868830645143,0.004597868830645143,0.1581060853089647,0.1581060853089647,0.1581060853089647,0.6023744408253354,0.07148070972607155,0.10011835945957596,0.4284876543209877,0.012503173096093377,2835.6650340001797,2835.6650340001797,12.041942399984691,5675.904383182526,,fixed_iterations,,0.24924428529635537,0.24924428529635537,0.14932937365883037,0.14932937365883037,0.20380078187014972,0.20380078187014972,237,0.018089011467878356,0.018089011467878356,0.005711066360338004,0.24755890215080706,0.005711066360338004,0.5024470860794733,0.005585838371784979,0.20547084169764204,0.11561988601073646,0.18135635837109482,T033_033_033,0
238,8.990798165483293,375,125,False,projected_continuous_optimization_loss,238,500,7.938754296395775e-05,0.6010986346552709,0.01034803474048582,0.01034803474048582,0.01034803474048582,0.002391919776791366,0.002391919776791366,0.002391919776791366,0.002391919776791366,0.002391919776791366,0.15912229927388905,0.15912229927388905,0.15912229927388905,0.6010986346552709,0.07166318124363813,0.1004261039264092,0.42953703703703705,0.01034803474048582,2847.60766100022,2847.60766100022,11.942627000040375,5699.783185005188,,fixed_iterations,,0.22665405089997642,0.22665405089997642,0.1593281480556153,0.1593281480556153,0.21511643569967917,0.21511643569967917,238,0.019796659365726516,0.019796659365726516,0.005719950598358799,0.28153417534735437,0.005719950598358799,0.46940205866649437,0.009448624625240697,0.17749337015823127,0.10647123176365458,0.18543745674460843,T033_033_033,0
239,9.074500177563701,375,125,False,projected_continuous_optimization_loss,239,500,0.00013778980178816012,0.6087339186247681,0.012764310852696366,0.012764310852696366,0.012764310852696366,0.005109853530959892,0.005109853530959892,0.005109853530959892,0.005109853530959892,0.005109853530959892,0.15308914643472948,0.15308914643472948,0.15308914643472948,0.6087339186247681,0.07148424980579247,0.10013741918593519,0.4283641975308642,0.012764310852696366,2859.5338414001744,2859.5338414001744,11.926180399954319,5723.713593959808,,fixed_iterations,,0.25690454628645193,0.25690454628645193,0.15034545883131314,0.15034545883131314,0.20148391350700315,0.20148391350700315,239,0.017710050443169426,0.017710050443169426,0.005431089589361264,0.24557921707616326,0.005431089589361264,0.5044405009727255,0.00494573959047306,0.20376799404441504,0.11684977754951464,0.1838227293787959,T033_033_033,0
240,9.158981433788773,375,125,False,projected_continuous_optimization_loss,240,500,0.0002192229120987155,0.6018313245653805,0.009261124021300223,0.009261124021300223,0.009261124021300223,0.0013342093164322559,0.0013342093164322559,0.0013342093164322559,0.0013342093164322559,0.0013342093164322559,0.1585382940973593,0.1585382940973593,0.1585382940973593,0.6018313245653805,0.07186175925830134,0.10075012838149873,0.43070987654320986,0.009261124021300223,2871.4826989001594,2871.4826989001594,11.948857499985024,5747.651157140732,,fixed_iterations,,0.22075254065799443,0.22075254065799443,0.17003086467584438,0.17003086467584438,0.2110479192315417,0.2110479192315417,240,0.018553051921047035,0.018553051921047035,0.004487753285747311,0.28130597270599444,0.004487753285747311,0.4696171451621061,0.009291927899746812,0.17690963516791713,0.11209919572758249,0.1806083142666065,T033_033_033,0
241,9.24424918872052,375,125,False,projected_continuous_optimization_loss,241,500,0.0003424460795115218,0.6094393488125442,0.012344657976815492,0.012344657976815492,0.012344657976815492,0.0047177768640170184,0.0047177768640170184,0.0047177768640170184,0.0047177768640170184,0.0047177768640170184,0.15253762225596948,0.15253762225596948,0.15253762225596948,0.6094393488125442,0.07150130524226264,0.10019438817852916,0.42833333333333334,0.012344657976815492,2883.4505934001645,2883.4505934001645,11.967894500005059,5771.6160480976105,,fixed_iterations,,0.250730111188552,0.250730111188552,0.14885485907595072,0.14885485907595072,0.2098543785480416,0.2098543785480416,241,0.018901487999278856,0.018901487999278856,0.006244133237724554,0.253147095231086,0.006244133237724554,0.4968627471245187,0.006556830022463364,0.19885766729666607,0.11048310624627154,0.18752197358158113,T033_033_033,0
242,9.330310764459051,375,125,False,projected_continuous_optimization_loss,242,500,0.0003809733670794891,0.5991270528889955,0.00969427849640405,0.00969427849640405,0.00969427849640405,0.0016593225101309355,0.0016593225101309355,0.0016593225101309355,0.0016593225101309355,0.0016593225101309355,0.1606991197254623,0.1606991197254623,0.1606991197254623,0.5991270528889955,0.07193543740481352,0.1008807009473489,0.4308641975308642,0.00969427849640405,2895.2490413001506,2895.2490413001506,11.798447899986058,5795.399846792221,,fixed_iterations,,0.22957272359271777,0.22957272359271777,0.16979223720886802,0.16979223720886802,0.19976209208740964,0.19976209208740964,242,0.018125058590925128,0.018125058590925128,0.0040977019129798085,0.28054713355890637,0.0040977019129798085,0.4703329974796369,0.008430780094521077,0.18018799987565104,0.11427208671634793,0.17587291088763793,T033_033_033,0
243,9.417173551271343,375,125,False,projected_continuous_optimization_loss,243,500,0.00017959992063359918,0.5947777372547541,0.010287459397834571,0.010287459397834571,0.010287459397834571,0.002077205286615717,0.002077205286615717,0.002077205286615717,0.002077205286615717,0.002077205286615717,0.16420508222437707,0.16420508222437707,0.16420508222437707,0.5947777372547541,0.07187428782169941,0.10078759912079883,0.43049382716049384,0.010287459397834571,2907.1816334001487,2907.1816334001487,11.932592099998146,5819.352028131485,,fixed_iterations,,0.22511338097497188,0.22511338097497188,0.16113847614922802,0.16113847614922802,0.20852588013055423,0.20852588013055423,243,0.020096539067800057,0.020096539067800057,0.004983657438135649,0.30225763259328814,0.004983657438135649,0.4502203781574947,0.009809079669965486,0.17208383382788,0.10512822851326468,0.17300831581635,T033_033_033,0
244,9.504845008225848,375,125,False,projected_continuous_optimization_loss,244,500,4.976312332289801e-05,0.5943208427903993,0.011566132489050772,0.011566132489050772,0.011566132489050772,0.003337353559336178,0.003337353559336178,0.003337353559336178,0.003337353559336178,0.003337353559336178,0.1645755785942919,0.1645755785942919,0.1645755785942919,0.5943208427903993,0.07179863055133776,0.10066794110275604,0.4296913580246914,0.011566132489050772,2919.16001910012,2919.16001910012,11.978385699971113,5843.277578830719,,fixed_iterations,,0.238200763982117,0.238200763982117,0.1543412545180664,0.1543412545180664,0.20177882429021587,0.20177882429021587,244,0.019967197923126793,0.019967197923126793,0.0053574324333591885,0.2921953097953521,0.0053574324333591885,0.45944906826890763,0.008401065434076021,0.18199903724771524,0.10598108994638174,0.1714689410748107,T033_033_033,0
245,9.593332663833026,375,125,False,projected_continuous_optimization_loss,245,500,0.0001760109282673726,0.5893878495041691,0.009454786260790613,0.009454786260790613,0.009454786260790613,0.0010246693540500696,0.0010246693540500696,0.0010246693540500696,0.0010246693540500696,0.0010246693540500696,0.16860233813481088,0.16860233813481088,0.16860233813481088,0.5893878495041691,0.07214444420797264,0.10120707487433923,0.43166666666666664,0.009454786260790613,2931.113641500124,2931.113641500124,11.953622400003951,5867.216325759888,,fixed_iterations,,0.21733078760353045,0.21733078760353045,0.17163023176129624,0.17163023176129624,0.2004268301393424,0.2004268301393424,245,0.019981650249477376,0.019981650249477376,0.004002839846797726,0.319576208053593,0.004002839846797726,0.4346892818514822,0.010526863988686764,0.16636691883455507,0.10607565091213346,0.16224671210479366,T033_033_033,0
246,9.68264411669182,375,125,False,projected_continuous_optimization_loss,246,500,0.0001885307908984544,0.5858667837656236,0.010579385281231332,0.010579385281231332,0.010579385281231332,0.00200406924179989,0.00200406924179989,0.00200406924179989,0.00200406924179989,0.00200406924179989,0.17150632078862885,0.17150632078862885,0.17150632078862885,0.5858667837656236,0.07202160327603879,0.10101489680397056,0.4305864197530864,0.010579385281231332,2943.0767124001286,2943.0767124001286,11.963070900004823,5891.199288368225,,fixed_iterations,,0.22214589072973415,0.22214589072973415,0.1597054828378234,0.1597054828378234,0.20401541019806602,0.20401541019806602,246,0.021691583534069653,0.021691583534069653,0.0053603641515274384,0.3266243876508443,0.0053603641515274384,0.42848938098155664,0.011112198252838322,0.16768648890626034,0.09857569957272731,0.162227192502569,T033_033_033,0
247,9.772787036142184,375,125,False,projected_continuous_optimization_loss,247,500,5.126929383074702e-05,0.5863001415300066,0.011051724278118867,0.011051724278118867,0.011051724278118867,0.002494345633214241,0.002494345633214241,0.002494345633214241,0.002494345633214241,0.002494345633214241,0.17114757289809254,0.17114757289809254,0.17114757289809254,0.5863001415300066,0.07203763199723655,0.10103519838576569,0.43061728395061727,0.011051724278118867,2955.028419300157,2955.028419300157,11.951706900028512,5915.152942419052,,fixed_iterations,,0.23013410823606958,0.23013410823606958,0.15851177328791796,0.15851177328791796,0.19765426000601904,0.19765426000601904,247,0.021633538964044713,0.021633538964044713,0.005480322340720971,0.3230643324664748,0.005480322340720971,0.4316125155613692,0.010581814685925846,0.1777136687519688,0.10101902091798871,0.15287982589141164,T033_033_033,0
248,9.863769162923635,375,125,False,projected_continuous_optimization_loss,248,500,0.00010614354721703091,0.5866385803491732,0.009329382606547153,0.009329382606547153,0.009329382606547153,0.000785999443759808,0.000785999443759808,0.000785999443759808,0.000785999443759808,0.000785999443759808,0.1708676632557469,0.1708676632557469,0.1708676632557469,0.5866385803491732,0.07230496577844775,0.10145116099168408,0.431820987654321,0.009329382606547153,2966.977018200152,2966.977018200152,11.948598899994977,5939.135935544968,,fixed_iterations,,0.21103969788554633,0.21103969788554633,0.17277579485267633,0.17277579485267633,0.20282308761095055,0.20282308761095055,248,0.02087300052946437,0.02087300052946437,0.003986452670416801,0.3377309571809514,0.003986452670416801,0.41885375577144834,0.011543617922917217,0.16309976118888495,0.10266751436620097,0.15308648021636237,T033_033_033,0
249,9.955598309839981,375,125,False,projected_continuous_optimization_loss,249,500,0.0001553846810277211,0.5864505908942892,0.010275776384293805,0.010275776384293805,0.010275776384293805,0.0017246206957096716,0.0017246206957096716,0.0017246206957096716,0.0017246206957096716,0.0017246206957096716,0.17102311377168267,0.17102311377168267,0.17102311377168267,0.5864505908942892,0.07219844872546892,0.10128285982109791,0.43114197530864196,0.010275776384293805,2978.85538140015,2978.85538140015,11.878363199997693,5963.014403581619,,fixed_iterations,,0.2224133052839446,0.2224133052839446,0.16342297526586044,0.16342297526586044,0.2006143103444841,0.2006143103444841,249,0.022248574615432882,0.022248574615432882,0.005522665095730256,0.3345181903940525,0.005522665095730256,0.4216245247297803,0.011972798231139076,0.17141101821763297,0.0975762535962538,0.15263725291589356,T033_033_033,0
250,10.048282362430227,375,125,False,projected_continuous_optimization_loss,250,500,4.610158213346644e-05,0.5890622487591993,0.01039810579428542,0.01039810579428542,0.01039810579428542,0.0019546140245431136,0.0019546140245431136,0.0019546140245431136,0.0019546140245431136,0.0019546140245431136,0.1688698353948461,0.1688698353948461,0.1688698353948461,0.5890622487591993,0.07221274973018388,0.10130526158363973,0.4312962962962963,0.01039810579428542,2990.71214600018,2990.71214600018,11.856764600030147,5986.855366706848,,fixed_iterations,,0.22644885286642907,0.22644885286642907,0.1629195121715349,0.1629195121715349,0.1996938837212354,0.1996938837212354,250,0.0221336505088422,0.0221336505088422,0.005658422798049235,0.3295045542158593,0.005658422798049235,0.42597512752855443,0.011735544714556779,0.1789558785284762,0.10080808969537598,0.14621115930470233,T033_033_033,0
251,10.141829279645698,375,125,False,projected_continuous_optimization_loss,251,500,8.262626553043431e-05,0.5943915734925371,0.008880199250663103,0.008880199250663103,0.008880199250663103,0.0006542894679701024,0.0006542894679701024,0.0006542894679701024,0.0006542894679701024,0.0006542894679701024,0.16451819565386,0.16451819565386,0.16451819565386,0.5943915734925371,0.072439877673624,0.10166851073422338,0.4321913580246914,0.008880199250663103,3002.640947800188,3002.640947800188,11.928801800007932,6010.833526611328,,fixed_iterations,,0.2120393762426501,0.2120393762426501,0.17697574991047424,0.17697574991047424,0.20537644733941265,0.20537644733941265,251,0.021048010688213922,0.021048010688213922,0.004495014065290353,0.3310599324584713,0.004495014065290353,0.42462192216033173,0.012167811437550819,0.16960173204571966,0.10250742751585416,0.1525127625987579,T033_033_033,0
252,10.236247094533518,375,125,False,projected_continuous_optimization_loss,252,500,0.00012343868164103414,0.5977932480629076,0.009498900310263875,0.009498900310263875,0.009498900310263875,0.0014103867450745858,0.0014103867450745858,0.0014103867450745858,0.0014103867450745858,0.0014103867450745858,0.1617702713037858,0.1617702713037858,0.1617702713037858,0.5977932480629076,0.07236380511695702,0.10154154167562074,0.43200617283950615,0.009498900310263875,3014.5889417001745,3014.5889417001745,11.947993899986614,6034.792918205261,,fixed_iterations,,0.22624264710231173,0.22624264710231173,0.17127881270353257,0.17127881270353257,0.20027178825706324,0.20027178825706324,252,0.02122763909240811,0.02122763909240811,0.004639036097881408,0.33177205989053404,0.004639036097881408,0.424003420244066,0.011728738782144234,0.17516318002707548,0.10460307770941918,0.14423716250757138,T033_033_033,0
253,10.331543914926398,375,125,False,projected_continuous_optimization_loss,253,500,4.448308070325191e-05,0.6003390597656619,0.009505722764933756,0.009505722764933756,0.009505722764933756,0.0015192794074839972,0.0015192794074839972,0.0015192794074839972,0.0015192794074839972,0.0015192794074839972,0.15972886714899515,0.15972886714899515,0.15972886714899515,0.6003390597656619,0.07234485700186646,0.1015149527206048,0.4314197530864198,0.009505722764933756,3026.539398000168,3026.539398000168,11.950456299993675,6058.747097492218,,fixed_iterations,,0.22512033331982143,0.22512033331982143,0.16883933186356934,0.16883933186356934,0.20637939458227117,0.20637939458227117,253,0.020887608349994466,0.020887608349994466,0.004919001303750988,0.31937214092486954,0.004919001303750988,0.4348698017935428,0.01138188558506071,0.18073358714618937,0.10620266216044946,0.14793355248690399,T033_033_033,0
254,10.427727924138882,375,125,False,projected_continuous_optimization_loss,254,500,7.638572972280603e-05,0.6101369371498648,0.008173503267989405,0.008173503267989405,0.008173503267989405,0.0005738428792449814,0.0005738428792449814,0.0005738428792449814,0.0005738428792449814,0.0005738428792449814,0.15199320777488845,0.15199320777488845,0.15199320777488845,0.6101369371498648,0.07255502859866939,0.10186576419124647,0.4326851851851852,0.008173503267989405,3038.4996806001873,3038.4996806001873,11.960282600019127,6082.70180106163,,fixed_iterations,,0.2206292773307779,0.2206292773307779,0.18489205378874415,0.18489205378874415,0.20461560603034282,0.20461560603034282,254,0.020373419544714597,0.020373419544714597,0.004103062249478849,0.325407145904715,0.004103062249478849,0.42955530863657343,0.012199916276725191,0.17725018654258606,0.1098642413386036,0.14244088075538375,T033_033_033,0
255,10.524807381670067,375,125,False,projected_continuous_optimization_loss,255,500,8.942277659376134e-05,0.6127518518460642,0.00851451498194376,0.00851451498194376,0.00851451498194376,0.0010164585695111234,0.0010164585695111234,0.0010164585695111234,0.0010164585695111234,0.0010164585695111234,0.1499611282486527,0.1499611282486527,0.1499611282486527,0.6127518518460642,0.07248799160288852,0.10175665928276242,0.4321604938271605,0.00851451498194376,3050.448513300158,3050.448513300158,11.948832699970808,6106.666077613831,,fixed_iterations,,0.2269744778742114,0.2269744778742114,0.17928037008756256,0.17928037008756256,0.20649700388429013,0.20649700388429013,255,0.02057717938886818,0.02057717938886818,0.004843016401646222,0.31468325974443917,0.004843016401646222,0.43903363759986547,0.012062664406924422,0.18340971158556058,0.10857992928946852,0.14704399672483628,T033_033_033,0
256,10.622790623912847,375,125,False,projected_continuous_optimization_loss,256,500,3.4493408464466755e-05,0.6165379459119105,0.008595233058874148,0.008595233058874148,0.008595233058874148,0.0012430757126013021,0.0012430757126013021,0.0012430757126013021,0.0012430757126013021,0.0012430757126013021,0.1470431469254569,0.1470431469254569,0.1470431469254569,0.6165379459119105,0.07246369548620332,0.10171729837712712,0.43169753086419754,0.008595233058874148,3062.3969555001822,3062.3969555001822,11.948442200024147,6130.536004543304,,fixed_iterations,,0.230300847691892,0.230300847691892,0.17737262874393525,0.17737262874393525,0.2088644694760832,0.2088644694760832,256,0.02147354874154147,0.02147354874154147,0.005680547967574261,0.31586001547934417,0.005680547967574261,0.4379857515335184,0.012878315682667322,0.18503563536140363,0.10430642084197185,0.1486436953301429,T033_033_033,0
257,10.721686064869795,375,125,False,projected_continuous_optimization_loss,257,500,6.644557237725725e-05,0.6262170224836553,0.007488366511959795,0.007488366511959795,0.007488366511959795,0.0005026807979105859,0.0005026807979105859,0.0005026807979105859,0.0005026807979105859,0.0005026807979105859,0.13971371428098417,0.13971371428098417,0.13971371428098417,0.6262170224836553,0.07263950664813955,0.10201345645203803,0.4325925925925926,0.007488366511959795,3074.180686300213,3074.180686300213,11.783730800030753,6154.338039398193,,fixed_iterations,,0.22675822864531275,0.22675822864531275,0.19250662220182113,0.19250662220182113,0.20695217163652152,0.20695217163652152,257,0.01899960934024447,0.01899960934024447,0.0037367920438271507,0.3052563459283464,0.0037367920438271507,0.44749991318702365,0.011511242828284675,0.18312544361933847,0.1161381496397464,0.1482363199279388,T033_033_033,0
258,10.821502196875674,375,125,False,projected_continuous_optimization_loss,258,500,7.318445434736505e-05,0.6273692315780304,0.007703810558089996,0.007703810558089996,0.007703810558089996,0.0007611260793526187,0.0007611260793526187,0.0007611260793526187,0.0007611260793526187,0.0007611260793526187,0.13885368957474756,0.13885368957474756,0.13885368957474756,0.6273692315780304,0.0725739407638171,0.1019099140611909,0.4319753086419753,0.007703810558089996,3086.1341390002635,3086.1341390002635,11.953452700050548,6178.182501792908,,fixed_iterations,,0.22843628666383547,0.22843628666383547,0.18644303846096077,0.18644303846096077,0.2124899064532341,0.2124899064532341,258,0.020828655850600755,0.020828655850600755,0.005135207631628654,0.31386896437944195,0.005135207631628654,0.4397599047020626,0.013124845292510758,0.18480942637638745,0.10762830188355772,0.14732217644211743,T033_033_033,0
259,10.922247591326686,375,125,False,projected_continuous_optimization_loss,259,500,3.7491417900652984e-05,0.6321878419996586,0.00790715346183805,0.00790715346183805,0.00790715346183805,0.0011428642831946454,0.0011428642831946454,0.0011428642831946454,0.0011428642831946454,0.0011428642831946454,0.1352857835728681,0.1352857835728681,0.1352857835728681,0.6321878419996586,0.07255935533914962,0.10188548244142567,0.43194444444444446,0.00790715346183805,3098.039182300272,3098.039182300272,11.905043300008401,6202.086468458176,,fixed_iterations,,0.2386039540898726,0.2386039540898726,0.18667314159761123,0.18667314159761123,0.20691074631217476,0.20691074631217476,259,0.019797232967495,0.019797232967495,0.005340900460693383,0.28912665013603234,0.005340900460693383,0.4622950157046781,0.011890079505656948,0.19860017736598615,0.11678591054283459,0.14690892779585737,T033_033_033,0
260,11.023930899416529,375,125,False,projected_continuous_optimization_loss,260,500,6.561548544540427e-05,0.6372373762822557,0.006915536125328724,0.006915536125328724,0.006915536125328724,0.0003357000669996417,0.0003357000669996417,0.0003357000669996417,0.0003357000669996417,0.0003357000669996417,0.13159672116658164,0.13159672116658164,0.13159672116658164,0.6372373762822557,0.07267588576229421,0.1020857080189532,0.43296296296296294,0.006915536125328724,3109.9940300002927,3109.9940300002927,11.954847700020764,6226.060324907303,,fixed_iterations,,0.22418622499401783,0.22418622499401783,0.19650005057451767,0.19650005057451767,0.21655110071372033,0.21655110071372033,260,0.018511089069831344,0.018511089069831344,0.003456910423467499,0.3010835729272769,0.003456910423467499,0.4512891718516237,0.01159555294450262,0.18425013006333196,0.11944128941877034,0.1475977523695214,T033_033_033,0
261,11.126560852879281,375,125,False,projected_continuous_optimization_loss,261,500,7.93228364546589e-05,0.6414461823538594,0.007342101724068308,0.007342101724068308,0.007342101724068308,0.0009140597166372157,0.0009140597166372157,0.0009140597166372157,0.0009140597166372157,0.0009140597166372157,0.12856084014862185,0.12856084014862185,0.12856084014862185,0.6414461823538594,0.07263633258466524,0.10201244991255809,0.43287037037037035,0.007342101724068308,3121.9329584002844,3121.9329584002844,11.93892839999171,6250.04417181015,,fixed_iterations,,0.24083708491055453,0.24083708491055453,0.1962412532863891,0.1962412532863891,0.2043678441569158,0.2043678441569158,261,0.019902292713051776,0.019902292713051776,0.005191540311602555,0.2942150480289844,0.005191540311602555,0.4575840636292252,0.012560190988983467,0.19898373510445766,0.12584592374955875,0.13275440477520878,T033_033_033,0
262,11.230146264739213,375,125,False,projected_continuous_optimization_loss,262,500,6.458139217506803e-05,0.638361206257292,0.007289860119536699,0.007289860119536699,0.007289860119536699,0.0007507292625526518,0.0007507292625526518,0.0007507292625526518,0.0007507292625526518,0.0007507292625526518,0.13078261713968092,0.13078261713968092,0.13078261713968092,0.638361206257292,0.07255801685837754,0.10190509708608757,0.43237654320987656,0.007289860119536699,3133.849988700298,3133.849988700298,11.917030300013721,6273.897604942322,,fixed_iterations,,0.22776026979836092,0.22776026979836092,0.18824932857757373,0.18824932857757373,0.2223516078813573,0.2223516078813573,262,0.018093618444565467,0.018093618444565467,0.003322384165767344,0.2954246855759624,0.003322384165767344,0.4564701612827844,0.010803758325028768,0.1805000775436526,0.1171069795511329,0.15886310418799887,T033_033_033,0
263,11.334696030067576,375,125,False,projected_continuous_optimization_loss,263,500,0.00011638169170045316,0.6498676068022254,0.007142542843897567,0.007142542843897567,0.007142542843897567,0.0010129082055775156,0.0010129082055775156,0.0010129082055775156,0.0010129082055775156,0.0010129082055775156,0.12259269276640102,0.12259269276640102,0.12259269276640102,0.6498676068022254,0.0727154000203294,0.10211381977282838,0.43382716049382714,0.007142542843897567,3145.804803600302,3145.804803600302,11.95481490000384,6297.839163303375,,fixed_iterations,,0.24499992704393625,0.24499992704393625,0.2085748368562547,0.2085748368562547,0.19629284290203453,0.19629284290203453,263,0.021988163045280236,0.021988163045280236,0.006965357118947878,0.30045611852664716,0.006965357118947878,0.45186122329591827,0.014845620201382668,0.20323619078425573,0.13185900326061964,0.11676602925104289,T033_033_033,0
264,11.440219126746443,375,125,False,projected_continuous_optimization_loss,264,500,0.0002000251955085211,0.6409172545730599,0.007107127148535593,0.007107127148535593,0.007107127148535593,0.0006601062453681592,0.0006601062453681592,0.0006601062453681592,0.0006601062453681592,0.0006601062453681592,0.12894041806334866,0.12894041806334866,0.12894041806334866,0.6409172545730599,0.0725668377640001,0.10193054949889155,0.432283950617284,0.007107127148535593,3157.754709700297,3157.754709700297,11.949906099995133,6321.657696008682,,fixed_iterations,,0.21848763317196673,0.21848763317196673,0.1914891592088526,0.1914891592088526,0.2309404621922406,0.2309404621922406,264,0.018026632279450373,0.018026632279450373,0.003204862271727624,0.296435400154455,0.003204862271727624,0.4555411859888252,0.01091950513091478,0.17909219856181713,0.1172274530154239,0.15922153441158415,T033_033_033,0
265,11.546724616239654,375,125,False,projected_continuous_optimization_loss,265,500,0.00027613242168282733,0.647358620014445,0.008298332559766556,0.008298332559766556,0.008298332559766556,0.0020805354158607227,0.0020805354158607227,0.0020805354158607227,0.0020805354158607227,0.0020805354158607227,0.12435594287811667,0.12435594287811667,0.12435594287811667,0.647358620014445,0.07261820929942898,0.10193393609422259,0.43354938271604937,0.008298332559766556,3169.68109390029,3169.68109390029,11.926384199992754,6345.505731105804,,fixed_iterations,,0.25658629989462844,0.25658629989462844,0.2030906518052601,0.2030906518052601,0.18768166831455635,0.18768166831455635,265,0.026681332217008635,0.026681332217008635,0.010805042663802113,0.31752579106413037,0.010805042663802113,0.4365057311168724,0.018382999657242077,0.20883458476643094,0.12277279824619997,0.10489834810424152,T033_033_033,0
266,11.654221644370931,375,125,False,projected_continuous_optimization_loss,266,500,0.0003502597540487567,0.6419092077264982,0.006585998543978335,0.006585998543978335,0.006585998543978335,0.00017454776842512395,0.00017454776842512395,0.00017454776842512395,0.00017454776842512395,0.00017454776842512395,0.12822901551106422,0.12822901551106422,0.12822901551106422,0.6419092077264982,0.07261239444464607,0.10198759622585832,0.4333641975308642,0.006585998543978335,3181.619947200292,3181.619947200292,11.938853300001938,6369.384796142578,,fixed_iterations,,0.2169261895836135,0.2169261895836135,0.20242535411574475,0.20242535411574475,0.22255766402713997,0.22255766402713997,266,0.020036154713609394,0.020036154713609394,0.004714805891430649,0.30642697644357486,0.004714805891430649,0.44644153294925126,0.01345015616963106,0.19194679376560975,0.12347593131843826,0.1310188078652032,T033_033_033,0
267,11.762719442109278,375,125,False,projected_continuous_optimization_loss,267,500,0.0002140397855813691,0.6389541289575762,0.007105588943452565,0.007105588943452565,0.007105588943452565,0.0005878828936134392,0.0005878828936134392,0.0005878828936134392,0.0005878828936134392,0.0005878828936134392,0.1303541209967825,0.1303541209967825,0.1303541209967825,0.6389541289575762,0.0725158897300752,0.10179804754165371,0.4333641975308642,0.007105588943452565,3193.5731399002834,3193.5731399002834,11.953192699991632,6393.389318227768,,fixed_iterations,,0.2348912895705688,0.2348912895705688,0.2017280713388156,0.2017280713388156,0.20233476804819178,0.20233476804819178,267,0.02491012816200956,0.02491012816200956,0.00882412606256372,0.32172004198891674,0.00882412606256372,0.43279629586107543,0.017804539218556993,0.2007108089911517,0.1255161270860987,0.10656935978382502,T033_033_033,0
268,11.872227326361616,375,125,False,projected_continuous_optimization_loss,268,500,3.492369765186505e-05,0.6380984357472711,0.00781504771263275,0.00781504771263275,0.00781504771263275,0.0012664106022041495,0.0012664106022041495,0.0012664106022041495,0.0012664106022041495,0.0012664106022041495,0.130972742208572,0.130972742208572,0.130972742208572,0.6380984357472711,0.07245787333616142,0.10167446951477024,0.43246913580246915,0.00781504771263275,3205.4094437002786,3205.4094437002786,11.836303799995221,6417.118236064911,,fixed_iterations,,0.2439168513865877,0.2439168513865877,0.20361556037088274,0.20361556037088274,0.19056602398980074,0.19056602398980074,268,0.026712008808016975,0.026712008808016975,0.010195007908817428,0.33034001798399093,0.010195007908817428,0.42524786387174596,0.018896961095384225,0.20078760671677992,0.12453014790193409,0.09993010925303196,T033_033_033,0
269,11.98275470077288,375,125,False,projected_continuous_optimization_loss,269,500,0.0001336961048339481,0.637528468379007,0.006606884002906058,0.006606884002906058,0.006606884002906058,3.7603441122631504e-05,3.7603441122631504e-05,3.7603441122631504e-05,3.7603441122631504e-05,3.7603441122631504e-05,0.13138561123566853,0.13138561123566853,0.13138561123566853,0.637528468379007,0.07248362315999321,0.1017595946560147,0.43253086419753084,0.006606884002906058,3217.2451919002924,3217.2451919002924,11.835748200013768,6440.8766477108,,fixed_iterations,,0.2145840065806307,0.2145840065806307,0.207034017106341,0.207034017106341,0.21591044469203532,0.21591044469203532,269,0.0214796079799872,0.0214796079799872,0.005019381986687917,0.32920451986598565,0.005019381986687917,0.4262365296866786,0.014872723977081143,0.1844823094926235,0.1252729364755878,0.11648128371846725,T033_033_033,0
270,12.09431105653351,375,125,False,projected_continuous_optimization_loss,270,500,0.00021747535765098068,0.6373008901114062,0.007478023921591085,0.007478023921591085,0.007478023921591085,0.0009004917058921774,0.0009004917058921774,0.0009004917058921774,0.0009004917058921774,0.0009004917058921774,0.13155064431397814,0.13155064431397814,0.13155064431397814,0.6373008901114062,0.0724012784359996,0.10157310048675608,0.43222222222222223,0.007478023921591085,3229.0809383002925,3229.0809383002925,11.835746400000062,6464.612636089325,,fixed_iterations,,0.23655623538412254,0.23655623538412254,0.21096384604095728,0.21096384604095728,0.18978080868632646,0.18978080868632646,270,0.029693878584677015,0.029693878584677015,0.012834389709260369,0.3371897775083329,0.012834389709260369,0.4193195564612728,0.02221585466308593,0.20243192737199978,0.12942943585951608,0.08745819322975694,T033_033_033,0
271,12.206905973194479,375,125,False,projected_continuous_optimization_loss,271,500,7.697765612437501e-05,0.6375934410613266,0.0074017795101959955,0.0074017795101959955,0.0074017795101959955,0.0008348538121074884,0.0008348538121074884,0.0008348538121074884,0.0008348538121074884,0.0008348538121074884,0.13133851396177013,0.13133851396177013,0.13133851396177013,0.6375934410613266,0.07230936569722429,0.10143549638300295,0.43132716049382713,0.0074017795101959955,3240.9715061003226,3240.9715061003226,11.890567800030112,6488.411411046982,,fixed_iterations,,0.23703821941542974,0.23703821941542974,0.20793505601903758,0.20793505601903758,0.19262016562685932,0.19262016562685932,271,0.0284940512917468,0.0284940512917468,0.011742562596122491,0.3350297739124862,0.011742562596122491,0.42118243468905836,0.021092271781550806,0.20223857896968292,0.12547352263058686,0.09347033308878858,T033_033_033,0
272,12.320549119489911,375,125,False,projected_continuous_optimization_loss,272,500,7.010270900084904e-05,0.642188360263227,0.006431528407219088,0.006431528407219088,0.006431528407219088,3.0069930663176288e-05,3.0069930663176288e-05,3.0069930663176288e-05,3.0069930663176288e-05,3.0069930663176288e-05,0.12802916953111823,0.12802916953111823,0.12802916953111823,0.642188360263227,0.07238208215798873,0.10158832455944972,0.431820987654321,0.006431528407219088,3252.8173210003297,3252.8173210003297,11.845814900007099,6512.12948179245,,fixed_iterations,,0.21653369872383374,0.21653369872383374,0.21657198967382235,0.21657198967382235,0.2090826718655709,0.2090826718655709,272,0.025485781853406733,0.025485781853406733,0.008160999385207644,0.3464956493639818,0.008160999385207644,0.41136118938352206,0.019054253446187646,0.1873793761609412,0.12529536281885098,0.09868645040372996,T033_033_033,0
273,12.435250254167356,375,125,False,projected_continuous_optimization_loss,273,500,0.0001611849660501852,0.6452218568296368,0.007339780748524917,0.007339780748524917,0.007339780748524917,0.0010464042049543815,0.0010464042049543815,0.0010464042049543815,0.0010464042049543815,0.0010464042049543815,0.1258675308714107,0.1258675308714107,0.1258675308714107,0.6452218568296368,0.07230931932936693,0.1014336332284859,0.43166666666666664,0.007339780748524917,3264.6499172003823,3264.6499172003823,11.832596200052649,6535.794328927994,,fixed_iterations,,0.23692353352211998,0.23692353352211998,0.22133612196723035,0.22133612196723035,0.18696220134028652,0.18696220134028652,273,0.029834573210970494,0.029834573210970494,0.012469411952865364,0.3473032251621026,0.012469411952865364,0.4106756197457104,0.022494792462445578,0.19594341173925933,0.13058721180646085,0.08414499619999015,T033_033_033,0
274,12.551019226825776,375,125,False,projected_continuous_optimization_loss,274,500,8.759330050065996e-05,0.6497297237355633,0.006808505624655199,0.006808505624655199,0.006808505624655199,0.0006740423029369572,0.0006740423029369572,0.0006740423029369572,0.0006740423029369572,0.0006740423029369572,0.12268926643436484,0.12268926643436484,0.12268926643436484,0.6497297237355633,0.07222805643444669,0.10132645154846201,0.43080246913580245,0.006808505624655199,3276.4366073004203,3276.4366073004203,11.786690100037958,6559.464368343353,,fixed_iterations,,0.2370830031777791,0.2370830031777791,0.2168795871868863,0.2168795871868863,0.19576713337089785,0.19576713337089785,274,0.02534626454498067,0.02534626454498067,0.008538117053012537,0.3361629498393626,0.008538117053012537,0.4202043895997809,0.01853775892032547,0.1919149760322616,0.12980719519386422,0.09848221837365512,T033_033_033,0
275,12.66786597876137,375,125,False,projected_continuous_optimization_loss,275,500,6.53814835263342e-05,0.6576015514429591,0.006083433487873715,0.006083433487873715,0.006083433487873715,0.0002215986091602876,0.0002215986091602876,0.0002215986091602876,0.0002215986091602876,0.0002215986091602876,0.11723669757426854,0.11723669757426854,0.11723669757426854,0.6576015514429591,0.07234327438621599,0.10152999954004104,0.4316358024691358,0.006083433487873715,3288.294311700447,3288.294311700447,11.857704400026705,6583.197776317596,,fixed_iterations,,0.2208323532294684,0.2208323532294684,0.2302902666958937,0.2302902666958937,0.2064789315175971,0.2064789315175971,275,0.02455246168936353,0.02455246168936353,0.0076476557573776595,0.3380961186397174,0.0076476557573776595,0.41853966718294755,0.018469028201489816,0.187283683126913,0.13289094813786612,0.09836503591816846,T033_033_033,0
276,12.785800543821232,375,125,False,projected_continuous_optimization_loss,276,500,0.0001270340445421631,0.6631152941725341,0.006738695510113174,0.006738695510113174,0.006738695510113174,0.0010641302590902668,0.0010641302590902668,0.0010641302590902668,0.0010641302590902668,0.0010641302590902668,0.11349130502045815,0.11349130502045815,0.11349130502045815,0.6631152941725341,0.07226207045974939,0.10138273910217682,0.4309876543209877,0.006738695510113174,3300.1555737004383,3300.1555737004383,11.861261999991257,6606.9580137729645,,fixed_iterations,,0.24061340623310531,0.24061340623310531,0.2316101514301694,0.2316101514301694,0.19089173650925945,0.19089173650925945,276,0.02739137643091222,0.02739137643091222,0.011352031285630455,0.32078690290563533,0.011352031285630455,0.4336194716397505,0.020652680920799048,0.2008349295900909,0.14511262508647446,0.08767191696318519,T033_033_033,0
277,12.904833049264985,375,125,False,projected_continuous_optimization_loss,277,500,7.101519112722292e-05,0.6703716604915604,0.006060640512564212,0.006060640512564212,0.006060640512564212,0.0006278984022096549,0.0006278984022096549,0.0006278984022096549,0.0006278984022096549,0.0006278984022096549,0.10865484220709114,0.10865484220709114,0.10865484220709114,0.6703716604915604,0.07221598997129765,0.1013334883553444,0.43083333333333335,0.006060640512564212,3311.9802261004224,3311.9802261004224,11.824652399984188,6630.71616768837,,fixed_iterations,,0.2409309150269748,0.2409309150269748,0.2286583451030786,0.2286583451030786,0.20078240036150696,0.20078240036150696,277,0.02575310720705816,0.02575310720705816,0.009376245130088667,0.32753724153938985,0.009376245130088667,0.42769130572794034,0.019692466694493947,0.19579679626000138,0.13709756546387034,0.09479694400406863,T033_033_033,0
278,13.02497371663444,375,125,False,projected_continuous_optimization_loss,278,500,6.07751464279945e-05,0.6787429431025503,0.005680023158715689,0.005680023158715689,0.005680023158715689,0.0005197183283951247,0.0005197183283951247,0.0005197183283951247,0.0005197183283951247,0.0005197183283951247,0.10320609660641128,0.10320609660641128,0.10320609660641128,0.6787429431025503,0.07234190370998671,0.10155236035665481,0.43132716049382713,0.005680023158715689,3323.822703400394,3323.822703400394,11.842477299971506,6654.453716993332,,fixed_iterations,,0.22685908203532798,0.22685908203532798,0.24488565540122303,0.24488565540122303,0.2069982056659993,0.2069982056659993,278,0.023966443633039,0.023966443633039,0.008194347662694472,0.3154419194068906,0.008194347662694472,0.4383578368686246,0.01828642047432331,0.18993228489652483,0.154580926559317,0.09384462541278277,T033_033_033,0
279,13.146232862631312,375,125,False,projected_continuous_optimization_loss,279,500,0.00011447725345817347,0.6849602233025213,0.0058850525079681155,0.0058850525079681155,0.0058850525079681155,0.0009225494628882486,0.0009225494628882486,0.0009225494628882486,0.0009225494628882486,0.0009225494628882486,0.09925006090159734,0.09925006090159734,0.09925006090159734,0.6849602233025213,0.07223521888772605,0.1013575865259731,0.43061728395061727,0.0058850525079681155,3335.6529533003923,3335.6529533003923,11.830249899998307,6678.1624801158905,,fixed_iterations,,0.2467816636967306,0.2467816636967306,0.23892930981754662,0.23892930981754662,0.19924924978824396,0.19924924978824396,279,0.026610558726372413,0.026610558726372413,0.010949760445573614,0.3132159656159759,0.010949760445573614,0.44034299288226914,0.0207255062184043,0.20296760269090375,0.14727211278983268,0.0901032774015327,T033_033_033,0
280,13.26862090000315,375,125,False,projected_continuous_optimization_loss,280,500,5.8111297269305166e-05,0.6920795639313853,0.005432264003564887,0.005432264003564887,0.005432264003564887,0.0006915142561305935,0.0006915142561305935,0.0006915142561305935,0.0006915142561305935,0.0006915142561305935,0.09481499494868587,0.09481499494868587,0.09481499494868587,0.6920795639313853,0.07224311071972088,0.10138509835092706,0.4303395061728395,0.005432264003564887,3347.4995345004136,3347.4995345004136,11.846581200021319,6701.947510480881,,fixed_iterations,,0.24505202282062524,0.24505202282062524,0.2420122582724063,0.2420122582724063,0.20501528283835366,0.20501528283835366,280,0.025386300109751566,0.025386300109751566,0.010168933203101839,0.3043473381329945,0.010168933203101839,0.44832315787864124,0.01995403610618668,0.20452304765660195,0.15001263109765403,0.09378747912438529,T033_033_033,0
281,13.392148338437503,375,125,False,projected_continuous_optimization_loss,281,500,3.737671790651572e-05,0.6993450666737367,0.005177650776101378,0.005177650776101378,0.005177650776101378,0.0006579813294303841,0.0006579813294303841,0.0006579813294303841,0.0006579813294303841,0.0006579813294303841,0.09039338893341987,0.09039338893341987,0.09039338893341987,0.6993450666737367,0.07232467918098075,0.10154012508504937,0.4310185185185185,0.005177650776101378,3359.3417577004293,3359.3417577004293,11.842223200015724,6725.683448553085,,fixed_iterations,,0.2340593295426576,0.2340593295426576,0.25459834515015195,0.25459834515015195,0.21068739198092715,0.21068739198092715,281,0.02382575483824641,0.02382575483824641,0.009426671800802483,0.28798166074887854,0.009426671800802483,0.46336077226047045,0.01864810406214503,0.20177664891096342,0.16762005511683212,0.093964068232675,T033_033_033,0
282,13.516825785464395,375,125,False,projected_continuous_optimization_loss,282,500,9.180890354731796e-05,0.7048244499451967,0.0051277756179975605,0.0051277756179975605,0.0051277756179975605,0.0007713453504897749,0.0007713453504897749,0.0007713453504897749,0.0007713453504897749,0.0007713453504897749,0.08712860535015571,0.08712860535015571,0.08712860535015571,0.7048244499451967,0.07221448841886167,0.10134446875559186,0.43006172839506174,0.0051277756179975605,3371.2023839004687,3371.2023839004687,11.860626200039405,6749.461009263992,,fixed_iterations,,0.25272164221617294,0.25272164221617294,0.244427475001536,0.244427475001536,0.20767533272748775,0.20767533272748775,282,0.024303055084981935,0.024303055084981935,0.010173156802862847,0.2825979656423817,0.010173156802862847,0.46840055902739924,0.019175279466984375,0.21211532660984636,0.15972583787151068,0.09655939454604218,T033_033_033,0
283,13.64266394736722,375,125,False,projected_continuous_optimization_loss,283,500,6.706575198107075e-05,0.7104824090005734,0.005070767449028011,0.005070767449028011,0.005070767449028011,0.0008797456741224465,0.0008797456741224465,0.0008797456741224465,0.0008797456741224465,0.0008797456741224465,0.08382043549811129,0.08382043549811129,0.08382043549811129,0.7104824090005734,0.0722612499392835,0.1014260558962491,0.4309567901234568,0.005070767449028011,3383.030205000483,3383.030205000483,11.827821100014262,6773.197217702866,,fixed_iterations,,0.24805748407121653,0.24805748407121653,0.25511934530310926,0.25511934530310926,0.2073055796262476,0.2073055796262476,283,0.023174427691564657,0.023174427691564657,0.009205621940496992,0.27937611502135334,0.009205621940496992,0.4714395824303967,0.018103660242536644,0.2043273746052889,0.1709656330395444,0.09614657478556346,T033_033_033,0
284,13.769673630102112,375,125,False,projected_continuous_optimization_loss,284,500,3.588352894622044e-05,0.716117634081176,0.004482365847697598,0.004482365847697598,0.004482365847697598,0.0004529059637141477,0.0004529059637141477,0.0004529059637141477,0.0004529059637141477,0.0004529059637141477,0.08058919767966902,0.08058919767966902,0.08058919767966902,0.716117634081176,0.07227139034401306,0.10147922910328859,0.43064814814814817,0.004482365847697598,3394.880169600481,3394.880169600481,11.849964599998202,6796.9477705955505,,fixed_iterations,,0.24130719901035796,0.24130719901035796,0.2559340257872886,0.2559340257872886,0.21887640928352953,0.21887640928352953,284,0.02220248229747967,0.02220248229747967,0.009221274967970379,0.2596241465901858,0.009221274967970379,0.4904667365223484,0.01772011644978207,0.21401069289123992,0.1758183688388559,0.10063767479225266,T033_033_033,0
285,13.897865740225868,375,125,False,projected_continuous_optimization_loss,285,500,6.316578050538687e-05,0.7199715980971032,0.004847265276635883,0.004847265276635883,0.004847265276635883,0.0009264699830213687,0.0009264699830213687,0.0009264699830213687,0.0009264699830213687,0.0009264699830213687,0.07841590587229029,0.07841590587229029,0.07841590587229029,0.7199715980971032,0.07221001069529777,0.10134771209412453,0.4304320987654321,0.004847265276635883,3406.695653100498,3406.695653100498,11.815483500016853,6820.652547359467,,fixed_iterations,,0.2569018239317882,0.2569018239317882,0.25402649428108864,0.25402649428108864,0.2090432798842264,0.2090432798842264,285,0.02244527338896952,0.02244527338896952,0.00948918376744095,0.25912179243057143,0.00948918376744095,0.49095993042730773,0.017598008112333637,0.21103859250747728,0.18175671036157592,0.0981646275582545,T033_033_033,0
286,14.027251285832513,375,125,False,projected_continuous_optimization_loss,286,500,5.551602347690445e-05,0.7247206384846004,0.004478588368707756,0.004478588368707756,0.004478588368707756,0.0006896520248914534,0.0006896520248914534,0.0006896520248914534,0.0006896520248914534,0.0006896520248914534,0.07577872687632604,0.07577872687632604,0.07577872687632604,0.7247206384846004,0.07222942464324163,0.10140384429627886,0.43070987654320986,0.004478588368707756,3418.4931861005025,3418.4931861005025,11.797533000004478,6844.360570669174,,fixed_iterations,,0.25019802019625664,0.25019802019625664,0.2593416713347732,0.2593416713347732,0.21518094695357057,0.21518094695357057,286,0.02225702143782307,0.02225702143782307,0.009698057923284292,0.2511792702907756,0.009698057923284292,0.49882211711730967,0.017778433069115314,0.2137315481466896,0.18648269179769977,0.09860787717292031,T033_033_033,0
287,14.157841377498587,375,125,False,projected_continuous_optimization_loss,287,500,2.8410673262625742e-05,0.729210863195651,0.004133740937086039,0.004133740937086039,0.004133740937086039,0.00046740310652381676,0.00046740310652381676,0.00046740310652381676,0.00046740310652381676,0.00046740310652381676,0.07332675661124445,0.07332675661124445,0.07332675661124445,0.729210863195651,0.07222416179126748,0.10141875480475844,0.4300925925925926,0.004133740937086039,3430.3238357005175,3430.3238357005175,11.830649600015022,6868.1991510391235,,fixed_iterations,,0.2470020122721415,0.2470020122721415,0.2601101481755257,0.2601101481755257,0.2220987027479838,0.2220987027479838,287,0.02171446249473371,0.02171446249473371,0.009366073681418315,0.24696777626630784,0.009366073681418315,0.5030414742996073,0.01758072155764767,0.21675213757085998,0.1849671235811555,0.10132221314759185,T033_033_033,0
288,14.289647229237245,375,125,False,projected_continuous_optimization_loss,288,500,4.6879303552710416e-05,0.7323301035641686,0.0046300489239092316,0.0046300489239092316,0.0046300489239092316,0.0010476902510107996,0.0010476902510107996,0.0010476902510107996,0.0010476902510107996,0.0010476902510107996,0.07164717345796864,0.07164717345796864,0.07164717345796864,0.7323301035641686,0.07217864166824522,0.10131469943991245,0.4304320987654321,0.0046300489239092316,3442.1821898004855,3442.1821898004855,11.858354099967983,6891.87010717392,,fixed_iterations,,0.26007336690918803,0.26007336690918803,0.2616568824947488,0.2616568824947488,0.21059985416023183,0.21059985416023183,288,0.0226032174598333,0.0226032174598333,0.010255133137616274,0.24696168644434047,0.010255133137616274,0.5030476014301364,0.017973168535924067,0.21511206100366906,0.19093082057702737,0.09700471984944004,T033_033_033,0
289,14.4226801594612,375,125,False,projected_continuous_optimization_loss,289,500,6.218795162839759e-05,0.7370675331838931,0.0038468401090479784,0.0038468401090479784,0.0038468401090479784,0.0003901660037478167,0.0003901660037478167,0.0003901660037478167,0.0003901660037478167,0.0003901660037478167,0.06913348210600323,0.06913348210600323,0.06913348210600323,0.7370675331838931,0.0721815113148662,0.10136294078383627,0.4295679012345679,0.0038468401090479784,3454.042007200478,3454.042007200478,11.859817399992608,6915.681359529495,,fixed_iterations,,0.25142203133500973,0.25142203133500973,0.2599487011147477,0.2599487011147477,0.22569680073413553,0.22569680073413553,289,0.020160241803297486,0.020160241803297486,0.00846801673565746,0.23384450135280047,0.00846801673565746,0.5164252887579827,0.016313401694249507,0.21924867260780154,0.19010061807443748,0.10707599807574364,T033_033_033,0
290,14.556951591954668,375,125,False,projected_continuous_optimization_loss,290,500,4.755795430056272e-05,0.7408531282155488,0.00431329860019272,0.00431329860019272,0.00431329860019272,0.0009554435424093812,0.0009554435424093812,0.0009554435424093812,0.0009554435424093812,0.0009554435424093812,0.06715710115566677,0.06715710115566677,0.06715710115566677,0.7408531282155488,0.07219325682756708,0.10136846785420629,0.43030864197530866,0.00431329860019272,3465.8540698005236,3465.8540698005236,11.812062600045465,6939.405978679657,,fixed_iterations,,0.25231920219068943,0.25231920219068943,0.271925579645972,0.271925579645972,0.21660834637888737,0.21660834637888737,290,0.022520998530586242,0.022520998530586242,0.010765440645218087,0.23511115770736307,0.010765440645218087,0.5151173773918445,0.01820769993039352,0.2161941210166776,0.2023808116092445,0.09654244476592232,T033_033_033,0
291,14.692473056854354,375,125,False,projected_continuous_optimization_loss,291,500,5.794644629023691e-05,0.7442588247455223,0.0037096977103423293,0.0037096977103423293,0.0037096977103423293,0.0004395202743152524,0.0004395202743152524,0.0004395202743152524,0.0004395202743152524,0.0004395202743152524,0.06540354872054154,0.06540354872054154,0.06540354872054154,0.7442588247455223,0.07212357647399688,0.10125927143953452,0.42929012345679013,0.0037096977103423293,3477.596913200512,3477.596913200512,11.742843399988487,6963.056048631668,,fixed_iterations,,0.2632722984161213,0.2632722984161213,0.2543578912936109,0.2543578912936109,0.22662863503579003,0.22662863503579003,291,0.01906820277603095,0.01906820277603095,0.007825885073996367,0.22484635404069164,0.007825885073996367,0.5258203356946951,0.015358505065688621,0.22088124222823075,0.19352536444577978,0.11141372902068455,T033_033_033,0
292,14.829256191639562,375,125,False,projected_continuous_optimization_loss,292,500,9.826133443960703e-05,0.7497118332208362,0.004351044844935508,0.004351044844935508,0.004351044844935508,0.0012188365234517835,0.0012188365234517835,0.0012188365234517835,0.0012188365234517835,0.0012188365234517835,0.06264416642967449,0.06264416642967449,0.06264416642967449,0.7497118332208362,0.07220522819628361,0.1013878669729477,0.4302469135802469,0.004351044844935508,3489.462291600532,3489.462291600532,11.865378400019836,6986.830224514008,,fixed_iterations,,0.25209660401625605,0.25209660401625605,0.28080757378855314,0.28080757378855314,0.21680765541602706,0.21680765541602706,292,0.022021784123393177,0.022021784123393177,0.010776039433718064,0.22491489379350224,0.010776039433718064,0.5257480692780446,0.017670739278457668,0.21551184795483763,0.21214549977163105,0.09809072155157603,T033_033_033,0
293,14.967312742131524,375,125,False,projected_continuous_optimization_loss,293,500,0.0001344130167331665,0.7531907368107239,0.003160566022220004,0.003160566022220004,0.003160566022220004,0.00011482540241833333,0.00011482540241833333,0.00011482540241833333,0.00011482540241833333,0.00011482540241833333,0.06091481239603341,0.06091481239603341,0.06091481239603341,0.7531907368107239,0.07214440633729902,0.10129588170757622,0.429320987654321,0.003160566022220004,3501.324683200568,3501.324683200568,11.862391600036062,7010.607867002487,,fixed_iterations,,0.2611498571787763,0.2611498571787763,0.25064756418425516,0.25064756418425516,0.24139331544769235,0.24139331544769235,293,0.017835204474109797,0.017835204474109797,0.006908562783780746,0.21853283380658103,0.006908562783780746,0.5325250447279759,0.014674638451889793,0.22451886306680532,0.18979742371497457,0.11820875794619592,T033_033_033,0
294,15.106654563502042,375,125,False,projected_continuous_optimization_loss,294,500,0.0001924908945134517,0.7590945238843438,0.004596802878430426,0.004596802878430426,0.004596802878430426,0.0016950304573048773,0.0016950304573048773,0.0016950304573048773,0.0016950304573048773,0.0016950304573048773,0.05803544842251098,0.05803544842251098,0.05803544842251098,0.7590945238843438,0.07224113466833365,0.10139929603788461,0.43132716049382713,0.004596802878430426,3513.1887800005497,3513.1887800005497,11.86409679998178,7034.395868778229,,fixed_iterations,,0.26719194125892737,0.26719194125892737,0.2822099275744107,0.2822099275744107,0.20969265505100573,0.20969265505100573,294,0.021793266946510084,0.021793266946510084,0.011082858377519197,0.2142081713798177,0.011082858377519197,0.5371737136032378,0.017196464068079658,0.22316706033571418,0.21477717911607855,0.09922947415144513,T033_033_033,0
295,15.247293621291504,375,125,False,projected_continuous_optimization_loss,295,500,0.0002727351569303266,0.762401645993096,0.0028392788178688167,0.0028392788178688167,0.0028392788178688167,1.662992652931308e-05,1.662992652931308e-05,1.662992652931308e-05,1.662992652931308e-05,1.662992652931308e-05,0.05645297782679007,0.05645297782679007,0.05645297782679007,0.762401645993096,0.07226722061470635,0.10147190099675542,0.4305555555555556,0.0028392788178688167,3525.0018388005556,3525.0018388005556,11.81305880000582,7058.064987182617,,fixed_iterations,,0.25808816612652163,0.25808816612652163,0.25049177706163483,0.25049177706163483,0.25382170280493954,0.25382170280493954,295,0.01594020801635674,0.01594020801635674,0.005563325010410458,0.20753766011892566,0.005563325010410458,0.5444369855673908,0.013100929198487923,0.22618375688745057,0.19034623274613982,0.12790699593380042,T033_033_033,0
296,15.389241992436402,375,125,False,projected_continuous_optimization_loss,296,500,0.00023142149249868755,0.7704173081649954,0.0033589562615037975,0.0033589562615037975,0.0033589562615037975,0.0007235456419934661,0.0007235456419934661,0.0007235456419934661,0.0007235456419934661,0.0007235456419934661,0.05270821239020662,0.05270821239020662,0.05270821239020662,0.7704173081649954,0.07238220291520502,0.10161598942732407,0.43179012345679013,0.0033589562615037975,3536.897884500562,3536.897884500562,11.896045700006653,7081.881666183472,,fixed_iterations,,0.2720038811005016,0.2720038811005016,0.2709080047582417,0.2709080047582417,0.22750542230625215,0.22750542230625215,296,0.01764922856551328,0.01764922856551328,0.00753246529868367,0.2023352653365922,0.00753246529868367,0.5501830757557112,0.014290272304009484,0.22532817280483458,0.20826737180875396,0.11658753114212274,T033_033_033,0
297,15.53251186630638,375,125,False,projected_continuous_optimization_loss,297,500,8.492541845207581e-05,0.7762106053520322,0.002841248601102843,0.002841248601102843,0.002841248601102843,0.0003371639432576494,0.0003371639432576494,0.0003371639432576494,0.0003371639432576494,0.0003371639432576494,0.05008169315690386,0.05008169315690386,0.05008169315690386,0.7762106053520322,0.07246352294780432,0.10175511764372187,0.432283950617284,0.002841248601102843,3548.7731637005345,3548.7731637005345,11.875279199972283,7105.6860892772675,,fixed_iterations,,0.27157923520322863,0.27157923520322863,0.2657700001621509,0.2657700001621509,0.23886136998665272,0.23886136998665272,297,0.016563804278345313,0.016563804278345313,0.006538390216258498,0.2005082812417363,0.006538390216258498,0.5522184893927214,0.013722555677242471,0.2244913321725052,0.2058818503061304,0.12184530691408581,T033_033_033,0
298,15.677115545750977,375,125,False,projected_continuous_optimization_loss,298,500,3.2688374436418574e-05,0.7813598139930247,0.002450593990681954,0.002450593990681954,0.002450593990681954,6.041744382371552e-05,6.041744382371552e-05,6.041744382371552e-05,6.041744382371552e-05,6.041744382371552e-05,0.047803530937164766,0.047803530937164766,0.047803530937164766,0.7813598139930247,0.07252460689757376,0.10188150422258599,0.432283950617284,0.002450593990681954,3560.6180108005065,3560.6180108005065,11.844847099971958,7129.502889156342,,fixed_iterations,,0.267846989994094,0.267846989994094,0.2529710366898725,0.2529710366898725,0.26054178730905814,0.26054178730905814,298,0.01380863040133942,0.01380863040133942,0.003660612128586066,0.20296036545506707,0.003660612128586066,0.5494887732197264,0.011358036410657467,0.22249952914792376,0.18579686450419997,0.14119237956760272,T033_033_033,0
299,15.823065448156097,375,125,False,projected_continuous_optimization_loss,299,500,0.00013088949544609553,0.7963428932193541,0.0028236526596797772,0.0028236526596797772,0.0028236526596797772,0.0007498418025666076,0.0007498418025666076,0.0007498418025666076,0.0007498418025666076,0.0007498418025666076,0.04147621714226339,0.04147621714226339,0.04147621714226339,0.7963428932193541,0.0726382678782157,0.1020459768051647,0.43314814814814817,0.0028236526596797772,3572.4380923004937,3572.4380923004937,11.820081499987282,7153.277306556702,,fixed_iterations,,0.2845506099154106,0.2845506099154106,0.27686251757490116,0.27686251757490116,0.23492976572904234,0.23492976572904234,299,0.017039637140914117,0.017039637140914117,0.00724929437869708,0.19580685524434074,0.00724929437869708,0.557499316108618,0.01421598448123434,0.23083850157228328,0.20646469112883642,0.12019612340749829,T033_033_033,0
300,15.970374106510286,375,125,False,projected_continuous_optimization_loss,300,500,0.00014934788136932502,0.8013549836385502,0.00206808168109884,0.00206808168109884,0.00206808168109884,9.508955483680826e-05,9.508955483680826e-05,9.508955483680826e-05,9.508955483680826e-05,9.508955483680826e-05,0.039459842525240624,0.039459842525240624,0.039459842525240624,0.8013549836385502,0.07270843096134495,0.10219294283749393,0.43311728395061727,0.00206808168109884,3584.27454410051,3584.27454410051,11.83645180001622,7177.039749383926,,fixed_iterations,,0.2779510322419272,0.2779510322419272,0.2635953454887387,0.2635953454887387,0.2598086059078843,0.2598086059078843,300,0.014245358937475467,0.014245358937475467,0.0047504048040484335,0.18989908266854066,0.0047504048040484335,0.5642258811396199,0.012177277256376627,0.23135373911325913,0.19582442240694298,0.13704771961941778,T033_033_033,0
301,16.119054170480993,375,125,False,projected_continuous_optimization_loss,301,500,4.022598694386753e-05,0.8104728238819965,0.001897827854622671,0.001897827854622671,0.001897827854622671,0.00010180033025943454,0.00010180033025943454,0.00010180033025943454,0.00010180033025943454,0.00010180033025943454,0.035920550487264724,0.035920550487264724,0.035920550487264724,0.8104728238819965,0.0727797398475731,0.1023040077461397,0.4330555555555556,0.001897827854622671,3596.139131900505,3596.139131900505,11.864587799995206,7200.739777326584,,fixed_iterations,,0.28163524550158264,0.28163524550158264,0.26319336222906214,0.26319336222906214,0.2656442161513517,0.2656442161513517,301,0.012984167594824347,0.012984167594824347,0.003952095783225079,0.1806414362319854,0.003952095783225079,0.5749806636963615,0.011086339740201677,0.23413300507708965,0.19505932517264551,0.1457883334466263,T033_033_033,0
302,16.269118407500805,375,125,False,projected_continuous_optimization_loss,302,500,5.5464651789183955e-05,0.8264910358262503,0.0020730424005585813,0.0020730424005585813,0.0020730424005585813,0.0005677743681262029,0.0005677743681262029,0.0005677743681262029,0.0005677743681262029,0.0005677743681262029,0.030105360648647564,0.030105360648647564,0.030105360648647564,0.8264910358262503,0.07287623629561951,0.10242432555033373,0.4333641975308642,0.0020730424005585813,3608.0300519004813,3608.0300519004813,11.890919999976177,7224.553227901459,,fixed_iterations,,0.2944816409226311,0.2944816409226311,0.2836525641707425,0.2836525641707425,0.24835683073287662,0.24835683073287662,302,0.01393229930146508,0.01393229930146508,0.0050430471169948575,0.17778504368940448,0.0050430471169948575,0.5783543624209964,0.011859256900906499,0.23263493099841112,0.20945583980072507,0.13626359162186014,T033_033_033,0
303,16.420579703863808,375,125,False,projected_continuous_optimization_loss,303,500,0.00012157511501005819,0.8298829541121873,0.001522580900067135,0.001522580900067135,0.001522580900067135,7.559043498732926e-05,7.559043498732926e-05,7.559043498732926e-05,7.559043498732926e-05,7.559043498732926e-05,0.02893980930159611,0.02893980930159611,0.02893980930159611,0.8298829541121873,0.07292135673539636,0.10253284037267413,0.4332716049382716,0.001522580900067135,3619.8899259004393,3619.8899259004393,11.859873999957927,7248.329202413559,,fixed_iterations,,0.2866288522667359,0.2866288522667359,0.2698745291318352,0.2698745291318352,0.2733795727136163,0.2733795727136163,303,0.011041300651965704,0.011041300651965704,0.0027333614685274964,0.16615878366876416,0.0027333614685274964,0.5923742112319633,0.00951871975189857,0.23355442920835964,0.20089300101880386,0.15792678100479976,T033_033_033,0
304,16.573451065832174,375,125,False,projected_continuous_optimization_loss,304,500,5.817965609436861e-05,0.8393930079686835,0.0014564111889885704,0.0014564111889885704,0.0014564111889885704,0.000166680894521203,0.000166680894521203,0.000166680894521203,0.000166680894521203,0.000166680894521203,0.025794605889347347,0.025794605889347347,0.025794605889347347,0.8393930079686835,0.07296958472608334,0.10260473936512583,0.43354938271604937,0.0014564111889885704,3631.7509094004636,3631.7509094004636,11.860983500024304,7272.034048318863,,fixed_iterations,,0.2949993013553432,0.2949993013553432,0.2738829672190486,0.2738829672190486,0.27051073939429177,0.27051073939429177,304,0.011045529887268944,0.011045529887268944,0.0029594304462503096,0.16172198882037267,0.0029594304462503096,0.5978532745124329,0.009589118698280373,0.23469480967631495,0.20700079472383162,0.1561576701122863,T033_033_033,0
305,16.727745620753016,375,125,False,projected_continuous_optimization_loss,305,500,3.183558120005985e-05,0.8528450736427186,0.0014625355178095895,0.0014625355178095895,0.0014625355178095895,0.0003798069002487463,0.0003798069002487463,0.0003798069002487463,0.0003798069002487463,0.0003798069002487463,0.02165457235121686,0.02165457235121686,0.02165457235121686,0.8528450736427186,0.07304457300306258,0.10271445063751523,0.43410493827160496,0.0014625355178095895,3643.632685100427,3643.632685100427,11.881775699963327,7295.877101898193,,fixed_iterations,,0.2995551900046045,0.2995551900046045,0.29211801491695044,0.29211801491695044,0.2611718687211638,0.2611718687211638,305,0.01181938468483847,0.01181938468483847,0.00446717723452777,0.147044149006214,0.00446717723452777,0.6165366392910347,0.01035684916702888,0.24198793665612733,0.22663447163728945,0.14791423099761797,T033_033_033,0
306,16.883476618185657,375,125,False,projected_continuous_optimization_loss,306,500,8.436927080258616e-05,0.8533972119456628,0.0012018363695399383,0.0012018363695399383,0.0012018363695399383,0.00012721749627468874,0.00012721749627468874,0.00012721749627468874,0.00012721749627468874,0.00012721749627468874,0.021492377465304992,0.021492377465304992,0.021492377465304992,0.8533972119456628,0.07304460422347542,0.1027589624591396,0.433179012345679,0.0012018363695399383,3655.443163300457,3655.443163300457,11.810478200030047,7319.563942193985,,fixed_iterations,,0.2977312675160779,0.2977312675160779,0.275188068336449,0.275188068336449,0.28047787609313574,0.28047787609313574,306,0.00933786050225402,0.00933786050225402,0.0018761305020437338,0.14923460000420571,0.0018761305020437338,0.6136910562720483,0.008136024132714081,0.2359538059312264,0.20678142517201673,0.1709558251688052,T033_033_033,0
307,17.040657431039406,375,125,False,projected_continuous_optimization_loss,307,500,6.0622299429595515e-05,0.8631415765492535,0.0010772922458705566,0.0010772922458705566,0.0010772922458705566,0.000140780842399363,0.000140780842399363,0.000140780842399363,0.000140780842399363,0.000140780842399363,0.01873022806942387,0.01873022806942387,0.01873022806942387,0.8631415765492535,0.07309167328887287,0.10283624414018618,0.433179012345679,0.0010772922458705566,3667.317420100444,3667.317420100444,11.874256799987052,7343.339913606644,,fixed_iterations,,0.30084549593804866,0.30084549593804866,0.28643911747719325,0.28643911747719325,0.2758569631340115,0.2758569631340115,307,0.00978929070088954,0.00978929070088954,0.00299981324330679,0.13578954915165498,0.00299981324330679,0.6315036646699794,0.008711998455018983,0.2444446115349272,0.22403131247959945,0.16302774065545284,T033_033_033,0
308,17.199301556721903,375,125,False,projected_continuous_optimization_loss,308,500,2.4388421423936523e-05,0.8718264401604237,0.0011486207110625562,0.0011486207110625562,0.0011486207110625562,0.00032719763896508466,0.00032719763896508466,0.00032719763896508466,0.00032719763896508466,0.00032719763896508466,0.01642846144194943,0.01642846144194943,0.01642846144194943,0.8718264401604237,0.07311833288889218,0.10287648279333211,0.433179012345679,0.0011486207110625562,3679.173075600411,3679.173075600411,11.855655499966815,7367.067354679108,,fixed_iterations,,0.30657926137532615,0.30657926137532615,0.29610519997714446,0.29610519997714446,0.2691419788079531,0.2691419788079531,308,0.010556095467489836,0.010556095467489836,0.004063215701089748,0.12985759532800176,0.004063215701089748,0.639642406312838,0.009407474756427281,0.25047940196109153,0.2326882695168185,0.1564747348349279,T033_033_033,0
309,17.359422618298193,375,125,False,projected_continuous_optimization_loss,309,500,5.761528256324149e-05,0.8717116746068848,0.0009272914692192757,0.0009272914692192757,0.0009272914692192757,0.0001043967476107855,0.0001043967476107855,0.0001043967476107855,0.0001043967476107855,0.0001043967476107855,0.016457894432169804,0.016457894432169804,0.016457894432169804,0.8717116746068848,0.07310888802262576,0.10289910371658559,0.43314814814814817,0.0009272914692192757,3691.02468780044,3691.02468780044,11.851612200029194,7390.858451366425,,fixed_iterations,,0.3030540342906168,0.3030540342906168,0.2828742363086745,0.2828742363086745,0.2857834040075936,0.2857834040075936,309,0.009192838645465986,0.009192838645465986,0.0028448744131843464,0.12695928464563278,0.0028448744131843464,0.6436865359748066,0.00826554717624671,0.25061909599213,0.22469414104710567,0.168373298935571,T033_033_033,0
310,17.521034365660512,375,125,False,projected_continuous_optimization_loss,310,500,5.703154783752712e-05,0.8799500953516993,0.0008804399120068395,0.0008804399120068395,0.0008804399120068395,0.00015984093170353666,0.00015984093170353666,0.00015984093170353666,0.00015984093170353666,0.00015984093170353666,0.014411979606066057,0.014411979606066057,0.014411979606066057,0.8799500953516993,0.07313204913376432,0.10294112424101526,0.43296296296296294,0.0008804399120068395,3702.891538400436,3702.891538400436,11.866850599995814,7414.653128147125,,fixed_iterations,,0.3057897641304312,0.3057897641304312,0.29538481144939427,0.29538481144939427,0.2787755197718739,0.2787755197718739,310,0.009474218188805025,0.009474218188805025,0.0034990979723312754,0.119502404329475,0.0034990979723312754,0.6543088020653764,0.008593778276798185,0.25446648126089455,0.23535165721537493,0.16449066358910705,T033_033_033,0
311,17.68415067670907,375,125,False,projected_continuous_optimization_loss,311,500,2.5480135263557418e-05,0.8849218873566911,0.0009657354673905825,0.0009657354673905825,0.0009657354673905825,0.00030358686691327647,0.00030358686691327647,0.00030358686691327647,0.00030358686691327647,0.00030358686691327647,0.013242972009546121,0.013242972009546121,0.013242972009546121,0.8849218873566911,0.07312455418915392,0.10294112601219776,0.4328395061728395,0.0009657354673905825,3714.7574089004193,3714.7574089004193,11.86587049998343,7438.43581533432,,fixed_iterations,,0.31206545269710084,0.31206545269710084,0.2981548109889236,0.2981548109889236,0.27470162367066653,0.27470162367066653,311,0.009794615054619501,0.009794615054619501,0.00394262647982766,0.11703977149583682,0.00394262647982766,0.6578892408943606,0.00882887958722892,0.2575213625153158,0.2384435918494205,0.1619242865296243,T033_033_033,0
312,17.848785558543735,375,125,False,projected_continuous_optimization_loss,312,500,4.161188194434526e-05,0.8856197257532966,0.0006932435238213639,0.0006932435238213639,0.0006932435238213639,3.910116698381131e-05,3.910116698381131e-05,3.910116698381131e-05,3.910116698381131e-05,3.910116698381131e-05,0.013082847136751051,0.013082847136751051,0.013082847136751051,0.8856197257532966,0.07312351953131573,0.1029720691120102,0.43296296296296294,0.0006932435238213639,3726.5931953003746,3726.5931953003746,11.835786399955396,7462.2896184921265,,fixed_iterations,,0.3029354337074262,0.3029354337074262,0.29243779011396903,0.29243779011396903,0.29024650193190143,0.29024650193190143,312,0.0087913937502216,0.0087913937502216,0.0034106320379442734,0.10761523424554652,0.0034106320379442734,0.671952390276127,0.008098150226400236,0.25748971941896387,0.24554562199720126,0.16891704885996187,T033_033_033,0
313,18.01495314866687,375,125,False,projected_continuous_optimization_loss,313,500,5.543890296824237e-05,0.8907207374498907,0.0009134995649076194,0.0009134995649076194,0.0009134995649076194,0.00031640170373283417,0.00031640170373283417,0.00031640170373283417,0.00031640170373283417,0.00031640170373283417,0.011941957223495704,0.011941957223495704,0.011941957223495704,0.8907207374498907,0.07309374236509895,0.10291703467783905,0.4324074074074074,0.0009134995649076194,3738.479465500335,3738.479465500335,11.886270199960563,7486.045732498169,,fixed_iterations,,0.31654320043359163,0.31654320043359163,0.2964351020730556,0.2964351020730556,0.27774243494324347,0.27774243494324347,313,0.009316762305055293,0.009316762305055293,0.004368187630929307,0.09897149348251968,0.004368187630929307,0.68540264864033,0.008403262740147674,0.27048522239894923,0.24933945005473815,0.16557797618664263,T033_033_033,0
314,18.182667716197333,375,125,False,projected_continuous_optimization_loss,314,500,4.099024715394356e-05,0.8963581710985418,0.0006889950098892404,0.0006889950098892404,0.0006889950098892404,0.0001519135749872832,0.0001519135749872832,0.0001519135749872832,0.0001519135749872832,0.0001519135749872832,0.010741628698039143,0.010741628698039143,0.010741628698039143,0.8963581710985418,0.0731178228956958,0.10296409029843126,0.4325925925925926,0.0006889950098892404,3750.3618883003364,3750.3618883003364,11.882422800001223,7509.865260839462,,fixed_iterations,,0.302068754014763,0.302068754014763,0.31037354766178804,0.31037354766178804,0.2839158694219908,0.2839158694219908,314,0.008318749975423527,0.008318749975423527,0.0037531866247812544,0.09131126701284543,0.0037531866247812544,0.697822457795346,0.007629754965534287,0.2555054835351975,0.26961689637373953,0.17270007788640898,T033_033_033,0
315,18.351943663095803,375,125,False,projected_continuous_optimization_loss,315,500,6.784322315313872e-05,0.8917652279354659,0.001130482786749972,0.001130482786749972,0.001130482786749972,0.000544744492556889,0.000544744492556889,0.000544744492556889,0.000544744492556889,0.000544744492556889,0.01171476588386166,0.01171476588386166,0.01171476588386166,0.8917652279354659,0.07302151622088372,0.10281655521473379,0.4320679012345679,0.001130482786749972,3762.148036000319,3762.148036000319,11.786147699982394,7533.565567016602,,fixed_iterations,,0.326568369698458,0.326568369698458,0.28028406297607533,0.28028406297607533,0.2849127952609326,0.2849127952609326,315,0.009761457478912394,0.009761457478912394,0.005060457964959217,0.09401999027906355,0.005060457964959217,0.6933732068473736,0.00863097469216242,0.29080854798946204,0.23255051343187563,0.1700141454260359,T033_033_033,0
316,18.522795525401495,375,125,False,projected_continuous_optimization_loss,316,500,0.00017674741645695667,0.9054127849250821,0.0009661600562746476,0.0009661600562746476,0.0009661600562746476,0.0005188229934932092,0.0005188229934932092,0.0005188229934932092,0.0005188229934932092,0.0005188229934932092,0.008946741255628768,0.008946741255628768,0.008946741255628768,0.9054127849250821,0.07314128430256978,0.10301261387808311,0.43253086419753084,0.0009661600562746476,3773.9093463002937,3773.9093463002937,11.761310299974866,7557.263559341431,,fixed_iterations,,0.28284953465878016,0.28284953465878016,0.330478339185299,0.330478339185299,0.29208491108100293,0.29208491108100293,316,0.008016818606754787,0.008016818606754787,0.004177429355892343,0.07678778501724888,0.004177429355892343,0.7228939101765375,0.007050658550480139,0.24186386550128902,0.29773326726471433,0.18329677741053407,T033_033_033,0
317,18.695237974480403,375,125,False,projected_continuous_optimization_loss,317,500,0.00040938866655393293,0.8964334333492144,0.00240552420614817,0.00240552420614817,0.00240552420614817,0.0018692225197565898,0.0018692225197565898,0.0018692225197565898,0.0018692225197565898,0.0018692225197565898,0.010726033727831609,0.010726033727831609,0.010726033727831609,0.8964334333492144,0.07295182253757199,0.1026756384780994,0.43160493827160495,0.00240552420614817,3785.7593525002594,3785.7593525002594,11.85000619996572,7580.97922039032,,fixed_iterations,,0.35361841805588634,0.35361841805588634,0.271920332363852,0.271920332363852,0.27089468292947616,0.27089468292947616,317,0.011585129126778119,0.011585129126778119,0.006871134505866564,0.0942798924182311,0.006871134505866564,0.6929496907374444,0.009179604920629948,0.30632280361105535,0.21961983215314318,0.16700705497324578,T033_033_033,0
318,18.869285818285146,375,125,False,projected_continuous_optimization_loss,318,500,0.0007526109164007977,0.9057268863211558,0.001029061125858499,0.001029061125858499,0.001029061125858499,0.0005846901277232853,0.0005846901277232853,0.0005846901277232853,0.0005846901277232853,0.0005846901277232853,0.008887419962704275,0.008887419962704275,0.008887419962704275,0.9057268863211558,0.07315868864026559,0.10308009602594988,0.4330555555555556,0.001029061125858499,3797.5713137002895,3797.5713137002895,11.811961200030055,7604.726504802704,,fixed_iterations,,0.2724335411599566,0.2724335411599566,0.3248848620064739,0.3248848620064739,0.3084084831547254,0.3084084831547254,318,0.006705391060388425,0.006705391060388425,0.0029222015207972414,0.07566379079182367,0.0029222015207972414,0.7249294803294551,0.0056763299345299265,0.23159684903928904,0.2938661970079244,0.19946643428224162,T033_033_033,0
319,19.044954002626582,375,125,False,projected_continuous_optimization_loss,319,500,0.0006521412998689059,0.9073409716366515,0.0007764935091773898,0.0007764935091773898,0.0007764935091773898,0.0003472087323153977,0.0003472087323153977,0.0003472087323153977,0.0003472087323153977,0.0003472087323153977,0.008585695537239842,0.008585695537239842,0.008585695537239842,0.9073409716366515,0.07311370140360743,0.10298349267971585,0.43265432098765433,0.0007764935091773898,3809.4552526002517,3809.4552526002517,11.883938899962232,7628.543008327484,,fixed_iterations,,0.3153160386808499,0.3153160386808499,0.31346409304710643,0.31346409304710643,0.2785608399086951,0.2785608399086951,319,0.007970018238996363,0.007970018238996363,0.004575985451586961,0.06788065574818804,0.004575985451586961,0.739460836440684,0.007193524729818973,0.27942450909524064,0.2842360290714486,0.17580029827399465,T033_033_033,0
320,19.2222576124572,375,125,False,projected_continuous_optimization_loss,320,500,6.813441772281127e-05,0.8994091193261889,0.0015732833674309077,0.0015732833674309077,0.0015732833674309077,0.001067357103694264,0.001067357103694264,0.001067357103694264,0.001067357103694264,0.001067357103694264,0.010118525274732872,0.010118525274732872,0.010118525274732872,0.8994091193261889,0.07299537393975625,0.10281265349786417,0.43246913580246915,0.0015732833674309077,3821.3627727002604,3821.3627727002604,11.907520100008696,7652.403458118439,,fixed_iterations,,0.3413552058141412,0.3413552058141412,0.27947386306040056,0.27947386306040056,0.2785800504516473,0.2785800504516473,320,0.008905357892874055,0.008905357892874055,0.004930867245015057,0.07948981295717995,0.004930867245015057,0.7180606218401199,0.007332074525443147,0.3048178689754635,0.23110465214448578,0.18213810072017056,T033_033_033,0
321,19.401211873166503,375,125,False,projected_continuous_optimization_loss,321,500,0.00046634897642151385,0.9049295535240531,0.0006660712693583534,0.0006660712693583534,0.0006660712693583534,0.00021415177970155938,0.00021415177970155938,0.00021415177970155938,0.00021415177970155938,0.00021415177970155938,0.009038389793135879,0.009038389793135879,0.009038389793135879,0.9049295535240531,0.07308225289915411,0.10320609235199238,0.431820987654321,0.0006660712693583534,3833.161454600282,3833.161454600282,11.79868190002162,7676.065474748611,,fixed_iterations,,0.2836732527028544,0.2836732527028544,0.3151958300952393,0.3151958300952393,0.3060604707259594,0.3060604707259594,321,0.005648425669268315,0.005648425669268315,0.002173087752649032,0.06950675833238566,0.002173087752649032,0.7363586558743381,0.0049823543999099615,0.2501907226303015,0.28492432276109425,0.2012436104829424,T033_033_033,0
322,19.58183215188845,375,125,False,projected_continuous_optimization_loss,322,500,0.00032286270368919674,0.9208254296396329,0.0010342159918877668,0.0010342159918877668,0.0010342159918877668,0.0007207853623003314,0.0007207853623003314,0.0007207853623003314,0.0007207853623003314,0.0007207853623003314,0.006268612591748707,0.006268612591748707,0.006268612591748707,0.9208254296396329,0.07309897024338594,0.10327142307674143,0.4311111111111111,0.0010342159918877668,3845.019817400258,3845.019817400258,11.858362799976021,7699.836503982544,,fixed_iterations,,0.3027076324903083,0.3027076324903083,0.33911394344201057,0.33911394344201057,0.279003853707314,0.279003853707314,322,0.0061460833014190756,0.0061460833014190756,0.0036761767108256425,0.04939813181186865,0.0036761767108256425,0.7777430950186954,0.0051118673095313085,0.2751491714494721,0.30738483792374244,0.19520908564548095,T033_033_033,0
323,19.764133958821045,375,125,False,projected_continuous_optimization_loss,323,500,0.0002773205636165216,0.9256728739096217,0.0008598343486703193,0.0008598343486703193,0.0008598343486703193,0.0005836082650275697,0.0005836082650275697,0.0005836082650275697,0.0005836082650275697,0.0005836082650275697,0.0055245216728549915,0.0055245216728549915,0.0055245216728549915,0.9256728739096217,0.07299440526296988,0.10297132227988355,0.43030864197530866,0.0008598343486703193,3856.908697000239,3856.908697000239,11.88887959998101,7723.677154779434,,fixed_iterations,,0.3392633228532393,0.3392633228532393,0.2866484861989766,0.2866484861989766,0.29976106485740583,0.29976106485740583,323,0.004990369298154884,0.004990369298154884,0.0027390235060424754,0.04502691584224817,0.0027390235060424754,0.7878045338791421,0.004130534949484565,0.31208854012698395,0.26456343273780575,0.21115256101435242,T033_033_033,0
324,19.948132948558253,375,125,False,projected_continuous_optimization_loss,324,500,0.0004663847940730159,0.9369395027600295,0.00032065234338501833,0.00032065234338501833,0.00032065234338501833,0.00012182102777740242,0.00012182102777740242,0.00012182102777740242,0.00012182102777740242,0.00012182102777740242,0.0039766263121523175,0.0039766263121523175,0.0039766263121523175,0.9369395027600295,0.07298671675011592,0.1030304208967581,0.42962962962962964,0.00032065234338501833,3868.796400300227,3868.796400300227,11.887703299988061,7747.512267589569,,fixed_iterations,,0.32116700053014297,0.32116700053014297,0.3179668832688414,0.3179668832688414,0.2978056189610451,0.2978056189610451,324,0.004386791903131612,0.004386791903131612,0.002894144564241498,0.029852946777802276,0.002894144564241498,0.8272199468173417,0.0040661395597465936,0.3031184497237794,0.3111269978601017,0.21297449923346062,T033_033_033,0
325,20.133844921434253,375,125,False,projected_continuous_optimization_loss,325,500,3.176714212230615e-05,0.9471385271439565,0.0011037263803511353,0.0011037263803511353,0.0011037263803511353,0.0009640096147256243,0.0009640096147256243,0.0009640096147256243,0.0009640096147256243,0.0009640096147256243,0.0027943353125102215,0.0027943353125102215,0.0027943353125102215,0.9471385271439565,0.0729322668165482,0.10301472720386368,0.4276234567901235,0.0011037263803511353,3880.665230900224,3880.665230900224,11.868830599996727,7771.324928045273,,fixed_iterations,,0.29939463875874844,0.29939463875874844,0.3569999586200809,0.3569999586200809,0.2907439297651272,0.2907439297651272,325,0.005969545773027478,0.005969545773027478,0.004837255518845618,0.022645805083637196,0.004837255518845618,0.8495147678885492,0.004865819392676342,0.2833776854136321,0.35543124006354704,0.21070584241137008,T033_033_033,0
326,20.321285824880267,375,125,False,projected_continuous_optimization_loss,326,500,0.00042499538477959963,0.9515696738264473,0.00012249289399126758,0.00012249289399126758,0.00012249289399126758,5.218069327431869e-06,5.218069327431869e-06,5.218069327431869e-06,5.218069327431869e-06,5.218069327431869e-06,0.002345496493276714,0.002345496493276714,0.002345496493276714,0.9515696738264473,0.07284933476000821,0.1027924984944071,0.4275,0.00012249289399126758,3892.6393253002316,3892.6393253002316,11.974094400007743,7795.395129919052,,fixed_iterations,,0.3167960687204279,0.3167960687204279,0.3147465370580446,0.3147465370580446,0.3200270680479747,0.3200270680479747,326,0.0028038966278754705,0.0028038966278754705,0.0017982053953735835,0.020113824650037734,0.0017982053953735835,0.8581767838115434,0.002681403733884203,0.29947350330683603,0.3223808899924651,0.2363223905122422,T033_033_033,0
327,20.51047175479399,375,125,False,projected_continuous_optimization_loss,327,500,0.00016445113966729607,0.9558299072431566,0.0008922018572596394,0.0008922018572596394,0.0008922018572596394,0.0007946520025522326,0.0007946520025522326,0.0007946520025522326,0.0007946520025522326,0.0007946520025522326,0.0019509970941481364,0.0019509970941481364,0.0019509970941481364,0.9558299072431566,0.07276987646702085,0.10263995126604546,0.42799382716049383,0.0008922018572596394,3904.6613512002514,3904.6613512002514,12.022025900019798,7819.522022008896,,fixed_iterations,,0.3525007257325795,0.3525007257325795,0.316749896574402,0.316749896574402,0.28657928493617524,0.28657928493617524,327,0.004678689882032584,0.004678689882032584,0.0037375068476000824,0.01882366068865003,0.0037375068476000824,0.862800653468575,0.0037864880247729443,0.32597519226582405,0.3238109356573592,0.2130145255453918,T033_033_033,0
328,20.701418956921774,375,125,False,projected_continuous_optimization_loss,328,500,0.0003632715794686037,0.9615186911005513,0.00022761494223541473,0.00022761494223541473,0.00022761494223541473,0.00015357438550467575,0.00015357438550467575,0.00015357438550467575,0.00015357438550467575,0.00015357438550467575,0.0014808111346147792,0.0014808111346147792,0.0014808111346147792,0.9615186911005513,0.07263708218644775,0.10246130982929352,0.4266666666666667,0.00022761494223541473,3916.4791962002637,3916.4791962002637,11.817845000012312,7843.257082223892,,fixed_iterations,,0.318188086978715,0.318188086978715,0.3361201672823104,0.3361201672823104,0.307210436839526,0.307210436839526,328,0.003289335520570397,0.003289335520570397,0.0025127099783710132,0.015532510843987674,0.0025127099783710132,0.8753705057220094,0.0030617205783349823,0.30184282048504185,0.33979536937941235,0.23373231585755525,T033_033_033,0
329,20.894143828253668,375,125,False,projected_continuous_optimization_loss,329,500,4.076514797965819e-05,0.9649568279892088,0.0003787791860088239,0.0003787791860088239,0.0003787791860088239,0.00031737799077992846,0.00031737799077992846,0.00031737799077992846,0.00031737799077992846,0.00031737799077992846,0.0012280239045779084,0.0012280239045779084,0.0012280239045779084,0.9649568279892088,0.07249378971298193,0.1022403225035496,0.42580246913580244,0.0003787791860088239,3928.3225869002636,3928.3225869002636,11.843390699999873,7867.044239759445,,fixed_iterations,,0.29985491286509197,0.29985491286509197,0.3418752287738643,0.3418752287738643,0.3232266863502525,0.3232266863502525,329,0.00301227534748508,0.00301227534748508,0.002252123142682043,0.015203044096060742,0.002252123142682043,0.8766993751189365,0.002633496161476256,0.2846558173163219,0.3465531269789616,0.24549043082365293,T033_033_033,0
330,21.088662918431496,375,125,False,projected_continuous_optimization_loss,330,500,0.00027629370984667227,0.9677519472799853,0.00040646590391090213,0.00040646590391090213,0.00040646590391090213,0.00035446905869925926,0.00035446905869925926,0.00035446905869925926,0.00035446905869925926,0.00035446905869925926,0.0010399369042328574,0.0010399369042328574,0.0010399369042328574,0.9677519472799853,0.07235484729403609,0.10196659951645073,0.42617283950617285,0.00040646590391090213,3940.2134772002464,3940.2134772002464,11.890890299982857,7890.831604003906,,fixed_iterations,,0.3340889854773406,0.3340889854773406,0.3367987013928805,0.3367987013928805,0.29686426040976405,0.29686426040976405,330,0.0034579708847327674,0.0034579708847327674,0.002707775659184078,0.015003904510973786,0.002707775659184078,0.8775095737987094,0.003051504980821865,0.3137003299643426,0.3347306145678822,0.22907862926648473,T033_033_033,0
331,21.28499293116995,375,125,False,projected_continuous_optimization_loss,331,500,9.01282613105436e-05,0.9684958640620123,0.00026380483035662474,0.00026380483035662474,0.00026380483035662474,0.00021417930129666424,0.00021417930129666424,0.00021417930129666424,0.00021417930129666424,0.00021417930129666424,0.0009925105811992101,0.0009925105811992101,0.0009925105811992101,0.9684958640620123,0.07220419511279748,0.10169737831501052,0.42583333333333334,0.00026380483035662474,3952.0319510002737,3952.0319510002737,11.818473800027277,7914.578722715378,,fixed_iterations,,0.3426950451808247,0.3426950451808247,0.3152324558265014,0.3152324558265014,0.3105683630546861,0.3105683630546861,331,0.0025015965859961522,0.0025015965859961522,0.0017340931183266956,0.015350069353389131,0.0017340931183266956,0.8761046031791773,0.0022377917556395273,0.318693147351806,0.3169618513770456,0.2404496044503257,T033_033_033,0
332,21.483150725691015,375,125,False,projected_continuous_optimization_loss,332,500,0.00019201410316672224,0.971283300400497,5.5099096211624756e-05,5.5099096211624756e-05,5.5099096211624756e-05,1.3866654417219763e-05,1.3866654417219763e-05,1.3866654417219763e-05,1.3866654417219763e-05,1.3866654417219763e-05,0.0008246488358880998,0.0008246488358880998,0.0008246488358880998,0.971283300400497,0.0720832255169228,0.1015395501326701,0.42419753086419754,5.5099096211624756e-05,3963.9140755002736,3963.9140755002736,11.882124499999918,7938.420218467712,,fixed_iterations,,0.32018666063786144,0.32018666063786144,0.3287169248389412,0.3287169248389412,0.3223797149236943,0.3223797149236943,332,0.002163680436642993,0.002163680436642993,0.001424562827635717,0.014782352180145515,0.001424562827635717,0.8784173031219265,0.002108581340431368,0.2989255901734864,0.3300042231072175,0.24948748984122246,T033_033_033,0
333,21.683153318171676,375,125,False,projected_continuous_optimization_loss,333,500,5.873322878392251e-05,0.9752401043382991,0.000556645962155005,0.000556645962155005,0.000556645962155005,0.0005259933404960893,0.0005259933404960893,0.0005259933404960893,0.0005259933404960893,0.0005259933404960893,0.0006130524331783147,0.0006130524331783147,0.0006130524331783147,0.9752401043382991,0.07193551459255823,0.10131960480378906,0.42311728395061726,0.000556645962155005,3975.7473827002686,3975.7473827002686,11.833307199995033,7962.192702293396,,fixed_iterations,,0.3148976136324494,0.3148976136324494,0.3561065843133531,0.3561065843133531,0.30423590639249654,0.30423590639249654,333,0.0035098336748588805,0.0035098336748588805,0.002846861621968623,0.01325944105780515,0.002846861621968623,0.884850353635779,0.0029531877127038754,0.29331235080781,0.35357433928159443,0.23796366354637463,T033_033_033,0
334,21.88501788320514,375,125,False,projected_continuous_optimization_loss,334,500,0.00022769548920219683,0.9739126401572238,4.593321112558798e-05,4.593321112558798e-05,4.593321112558798e-05,1.1905693947263328e-05,1.1905693947263328e-05,1.1905693947263328e-05,1.1905693947263328e-05,1.1905693947263328e-05,0.000680550343566493,0.000680550343566493,0.000680550343566493,0.9739126401572238,0.07178377755292549,0.10105754304881717,0.42246913580246914,4.593321112558798e-05,3987.6287889002124,3987.6287889002124,11.88140619994374,7985.910330295563,,fixed_iterations,,0.3253108425106499,0.3253108425106499,0.3283750778538812,0.3283750778538812,0.32022671979269274,0.32022671979269274,334,0.001758784848519085,0.001758784848519085,0.0010694956311283926,0.013785784347813848,0.0010694956311283926,0.8825871201791989,0.0017128516373934972,0.29831032008271346,0.32730861447137793,0.25696818562510765,T033_033_033,0
335,22.088761755275648,375,125,False,projected_continuous_optimization_loss,335,500,3.344285990200627e-05,0.9741240339877117,0.0001508824022466987,0.0001508824022466987,0.0001508824022466987,0.00011740412139324444,0.00011740412139324444,0.00011740412139324444,0.00011740412139324444,0.00011740412139324444,0.0006695656170690854,0.0006695656170690854,0.0006695656170690854,0.9741240339877117,0.07161481406606393,0.10076568753022089,0.42228395061728397,0.0001508824022466987,3999.514735400211,3999.514735400211,11.885946499998681,8009.733944177628,,fixed_iterations,,0.33960916570186717,0.33960916570186717,0.31649785508689326,0.31649785508689326,0.3180170131989514,0.3180170131989514,335,0.0015224584192279384,0.0015224584192279384,0.0008139932263068374,0.01416930385842202,0.0008139932263068374,0.8809651149518679,0.0013715760169812395,0.31372670131069935,0.30902503102773843,0.2582133826134302,T033_033_033,0
336,22.29440243024702,375,125,False,projected_continuous_optimization_loss,336,500,0.00014447349991696682,0.9775435438402187,0.00022146651036710418,0.00022146651036710418,0.00022146651036710418,0.00019625188920429517,0.00019625188920429517,0.00019625188920429517,0.00019625188920429517,0.00019625188920429517,0.00050429242325618,0.00050429242325618,0.00050429242325618,0.9775435438402187,0.07149155345063284,0.10061258107541393,0.4216666666666667,0.00022146651036710418,4011.313021700247,4011.313021700247,11.798286300036125,8033.446980476379,,fixed_iterations,,0.332829472768338,0.332829472768338,0.33800144689007705,0.33800144689007705,0.30671262418180373,0.30671262418180373,336,0.002612960912260219,0.002612960912260219,0.0019350965007364108,0.013557288230476156,0.0019350965007364108,0.883564231309807,0.002391494401893115,0.3072203083763897,0.33448726013041646,0.2418566628030008,T033_033_033,0
337,22.50195756686505,375,125,False,projected_continuous_optimization_loss,337,500,5.909095133116538e-05,0.9783518768255165,0.00015747192748673817,0.00015747192748673817,0.00015747192748673817,0.00013403986563785745,0.00013403986563785745,0.00013403986563785745,0.00013403986563785745,0.00013403986563785745,0.00046864123697761445,0.00046864123697761445,0.00046864123697761445,0.9783518768255165,0.07139941569044982,0.1005025053193638,0.4209259259259259,0.00015747192748673817,4023.1520884002675,4023.1520884002675,11.83906670002034,8057.205269575119,,fixed_iterations,,0.3138823712020111,0.3138823712020111,0.3411890209870485,0.3411890209870485,0.32328048463645676,0.32328048463645676,337,0.0019862369391473967,0.0019862369391473967,0.0013789395599365349,0.012145947584217236,0.0013789395599365349,0.8897913452390547,0.0018287650116606585,0.29264022263968725,0.33889771602020463,0.2582534065791629,T033_033_033,0
338,22.711444988273907,375,125,False,projected_continuous_optimization_loss,338,500,0.00010736204165587351,0.9782214012081698,4.8779919635937065e-05,4.8779919635937065e-05,4.8779919635937065e-05,2.5064551369161688e-05,2.5064551369161688e-05,2.5064551369161688e-05,2.5064551369161688e-05,2.5064551369161688e-05,0.0004743073653355076,0.0004743073653355076,0.0004743073653355076,0.9782214012081698,0.07125199250629663,0.10026279391850293,0.42027777777777775,4.8779919635937065e-05,4034.9244011002593,4034.9244011002593,11.772312699991744,8080.944960355759,,fixed_iterations,,0.32130448854130594,0.32130448854130594,0.33280785805754415,0.33280785805754415,0.32410905460931966,0.32410905460931966,338,0.0015311846556898046,0.0015311846556898046,0.0009252348189695546,0.012118996734404999,0.0009252348189695546,0.889913685072099,0.0014824047360538675,0.3005142585017193,0.3276820552992569,0.2617173712711227,T033_033_033,0
339,22.922882683546625,375,125,False,projected_continuous_optimization_loss,339,500,4.3916329358294914e-05,0.9789194918013369,0.00022850316241914431,0.00022850316241914431,0.00022850316241914431,0.00020628377112344912,0.00020628377112344912,0.00020628377112344912,0.00020628377112344912,0.00020628377112344912,0.0004443878259139038,0.0004443878259139038,0.0004443878259139038,0.9789194918013369,0.07107310095926583,0.09995327555503374,0.41932098765432096,0.00022850316241914431,4046.8166200002306,4046.8166200002306,11.89221889997134,8104.766033411026,,fixed_iterations,,0.3416877766477749,0.3416877766477749,0.32952821960137874,0.32952821960137874,0.3077034955521833,0.3077034955521833,339,0.0018444501119915886,0.0018444501119915886,0.0011815888849668894,0.013257224540493984,0.0011815888849668894,0.8848599785457117,0.0016159469495724444,0.31600530335678234,0.3169134330088553,0.25194124218007397,T033_033_033,0
340,23.13628880922989,375,125,False,projected_continuous_optimization_loss,340,500,0.00010344914394372261,0.9787631487559385,5.7391953953694406e-05,5.7391953953694406e-05,5.7391953953694406e-05,3.4841761415574356e-05,3.4841761415574356e-05,3.4841761415574356e-05,3.4841761415574356e-05,3.4841761415574356e-05,0.00045100385076240096,0.00045100385076240096,0.00045100385076240096,0.9787631487559385,0.07095896523279353,0.09977792542913028,0.41858024691358026,5.7391953953694406e-05,4058.645081900235,4058.645081900235,11.828461900004186,8128.434298753738,,fixed_iterations,,0.333952269930964,0.333952269930964,0.3247767948313801,0.3247767948313801,0.32003408399359434,0.32003408399359434,340,0.0013557402952040542,0.0013557402952040542,0.0007406841845867926,0.012301122212345231,0.0007406841845867926,0.8890895757273232,0.0012983483412503597,0.3067214574522663,0.3194289543684281,0.2629391639066286,T033_033_033,0
341,23.35168169090314,375,125,False,projected_continuous_optimization_loss,341,500,4.333805908117478e-05,0.9804580803144827,6.15127692790654e-05,6.15127692790654e-05,6.15127692790654e-05,4.241843802930492e-05,4.241843802930492e-05,4.241843802930492e-05,4.241843802930492e-05,4.241843802930492e-05,0.0003818866249952097,0.0003818866249952097,0.0003818866249952097,0.9804580803144827,0.07086271507506582,0.09966132948803573,0.4183641975308642,6.15127692790654e-05,4070.48706040025,4070.48706040025,11.841978500015102,8152.191709518433,,fixed_iterations,,0.3196071125277032,0.3196071125277032,0.3351321553427819,0.3351321553427819,0.32571881244399753,0.32571881244399753,341,0.001467626094648641,0.001467626094648641,0.0008699073728946415,0.011954374435079986,0.0008699073728946415,0.8906639380850033,0.0014061133253695755,0.29417999409571605,0.3303297146658506,0.2661542293234367,T033_033_033,0
342,23.56907982475222,375,125,False,projected_continuous_optimization_loss,342,500,5.773512368246686e-05,0.9824590285492396,0.00018299922422575888,0.00018299922422575888,0.00018299922422575888,0.00016761494025393912,0.00016761494025393912,0.00016761494025393912,0.00016761494025393912,0.00016761494025393912,0.00030768567943639493,0.00030768567943639493,0.00030768567943639493,0.9824590285492396,0.07073201965097013,0.09945811096570291,0.4174074074074074,0.00018299922422575888,4082.34695150028,4082.34695150028,11.859891100029927,8175.949929475784,,fixed_iterations,,0.32374374398132627,0.32374374398132627,0.3445949024738331,0.3445949024738331,0.3141203820940801,0.3141203820940801,342,0.0017855536667925054,0.0017855536667925054,0.001218986552377954,0.011331342288291028,0.001218986552377954,0.8935512222320472,0.0016025544425667464,0.29876357599352615,0.33559453863455935,0.25919310760396164,T033_033_033,0
343,23.788501879157717,375,125,False,projected_continuous_optimization_loss,343,500,7.558611236831893e-05,0.9805073804475406,4.097549806409316e-05,4.097549806409316e-05,4.097549806409316e-05,2.1977387213247035e-05,2.1977387213247035e-05,2.1977387213247035e-05,2.1977387213247035e-05,2.1977387213247035e-05,0.0003799622170169225,0.0003799622170169225,0.0003799622170169225,0.9805073804475406,0.07060551930597735,0.09922897637789849,0.4171604938271605,4.097549806409316e-05,4094.125146700302,4094.125146700302,11.77819520002231,8199.641453504562,,fixed_iterations,,0.3328036496725066,0.3328036496725066,0.3260838903680328,0.3260838903680328,0.3216198404070012,0.3216198404070012,343,0.0012536255769000334,0.0012536255769000334,0.0006731533974982735,0.011609443588035196,0.0006731533974982735,0.8922528720195514,0.0012126500788359402,0.3079449251713151,0.31900063825734853,0.26530730859088775,T033_033_033,0
344,24.009966696298015,375,125,False,projected_continuous_optimization_loss,344,500,3.2203498776577904e-05,0.9806075709291577,6.650203366963217e-05,6.650203366963217e-05,6.650203366963217e-05,4.7698718406249755e-05,4.7698718406249755e-05,4.7698718406249755e-05,4.7698718406249755e-05,4.7698718406249755e-05,0.0003760663052676482,0.0003760663052676482,0.0003760663052676482,0.9806075709291577,0.0704917782412133,0.09904193196811344,0.4164814814814815,6.650203366963217e-05,4105.989275900298,4105.989275900298,11.86412919999566,8223.438612699509,,fixed_iterations,,0.33644388653690177,0.33644388653690177,0.3218723272606139,0.3218723272606139,0.32229135713164214,0.32229135713164214,344,0.00105842493606054,0.00105842493606054,0.0004634213547656919,0.011900071625896961,0.0004634213547656919,0.8909125505573765,0.0009919229023909078,0.30970130090493825,0.3113467798244693,0.26986446982796886,T033_033_033,0
345,24.23349329376732,375,125,False,projected_continuous_optimization_loss,345,500,6.216279796131319e-05,0.9837071592402321,0.00010649974910886353,0.00010649974910886353,0.00010649974910886353,9.322691610770565e-05,9.322691610770565e-05,9.322691610770565e-05,9.322691610770565e-05,9.322691610770565e-05,0.00026545666002315756,0.00026545666002315756,0.00026545666002315756,0.9837071592402321,0.07040286539941107,0.09893229750784933,0.41608024691358025,0.00010649974910886353,4117.913015100348,4117.913015100348,11.923739200050477,8247.29358625412,,fixed_iterations,,0.33021548518260396,0.33021548518260396,0.3382048021822413,0.3382048021822413,0.31528687187538673,0.31528687187538673,345,0.0014647602982473312,0.0014647602982473312,0.0009255776750843243,0.01078365246326014,0.0009255776750843243,0.8961556334543845,0.0013582605491384676,0.30600861410403773,0.3278627038743151,0.26228431547603176,T033_033_033,0
346,24.459100866208733,375,125,False,projected_continuous_optimization_loss,346,500,3.609530050413915e-05,0.9840445489626511,6.339525819483232e-05,6.339525819483232e-05,6.339525819483232e-05,5.066643730457067e-05,5.066643730457067e-05,5.066643730457067e-05,5.066643730457067e-05,5.066643730457067e-05,0.00025457641780523313,0.00025457641780523313,0.00025457641780523313,0.9840445489626511,0.07032219896103782,0.09882039258399168,0.415462962962963,6.339525819483232e-05,4129.764050500351,4129.764050500351,11.85103540000273,8271.06698513031,,fixed_iterations,,0.32094456889311523,0.32094456889311523,0.3375584951373387,0.3375584951373387,0.32554148493219737,0.32554148493219737,346,0.0011748442904957897,0.0011748442904957897,0.0006674471064724163,0.010147943680467465,0.0006674471064724163,0.8992629974613724,0.0011114490323009575,0.29632372095506987,0.329767938537611,0.2731713379686916,T033_033_033,0
347,24.68680878696254,375,125,False,projected_continuous_optimization_loss,347,500,5.321026167417548e-05,0.9840306591991188,1.8127656552232036e-05,1.8127656552232036e-05,1.8127656552232036e-05,5.376664271497774e-06,5.376664271497774e-06,5.376664271497774e-06,5.376664271497774e-06,5.376664271497774e-06,0.00025501984561468525,0.00025501984561468525,0.00025501984561468525,0.9840306591991188,0.07022741310461637,0.09865737318721038,0.4148456790123457,1.8127656552232036e-05,4141.634124100325,4141.634124100325,11.870073599973693,8294.834531545639,,fixed_iterations,,0.32767402826134306,0.32767402826134306,0.33095764978843273,0.33095764978843273,0.32539898114934307,0.32539898114934307,347,0.0010540437263810284,0.0010540437263810284,0.0005327045309522724,0.01042678390857512,0.0005327045309522724,0.8978883752524958,0.0010359160698287964,0.3043619392628311,0.3217623291492238,0.27176410684044083,T033_033_033,0
348,24.91663660972982,375,125,False,projected_continuous_optimization_loss,348,500,2.324090945654689e-05,0.9851986466874061,0.0001110869331500418,0.0001110869331500418,0.0001110869331500418,0.00010013293015583007,0.00010013293015583007,0.00010013293015583007,0.00010013293015583007,0.00010013293015583007,0.00021908005988423477,0.00021908005988423477,0.00021908005988423477,0.9851986466874061,0.0701287549316077,0.09848340427219057,0.41432098765432096,0.0001110869331500418,4153.539920800307,4153.539920800307,11.905796699982602,8318.675789356232,,fixed_iterations,,0.33918658377149113,0.33918658377149113,0.3306556001541101,0.3306556001541101,0.31535646276180485,0.31535646276180485,348,0.001325022876551996,0.001325022876551996,0.000808006597834756,0.0103403255743448,0.000808006597834756,0.8983126085773424,0.0012139359434019542,0.31332387893270347,0.3213635064462545,0.26362522319838433,T033_033_033,0
349,25.14860407025157,375,125,False,projected_continuous_optimization_loss,349,500,5.592551908776269e-05,0.9854596282983226,2.1030221761350528e-05,2.1030221761350528e-05,2.1030221761350528e-05,1.045910130020343e-05,1.045910130020343e-05,1.045910130020343e-05,1.045910130020343e-05,1.045910130020343e-05,0.00021142240922294195,0.00021142240922294195,0.00021142240922294195,0.9854596282983226,0.0700524045520822,0.09837140160838193,0.4141358024691358,2.1030221761350528e-05,4165.359614800313,4165.359614800313,11.819694000005256,8342.403661489487,,fixed_iterations,,0.3325268502188443,0.3325268502188443,0.3281963219825832,0.3281963219825832,0.32473645609689505,0.32473645609689505,349,0.000896987083376165,0.000896987083376165,0.0004149264113214529,0.009641213441094244,0.0004149264113214529,0.9018103190702086,0.0008759568616148145,0.3078931362555661,0.318552826177287,0.2753643566373555,T033_033_033,0
350,25.382731088003432,375,125,False,projected_continuous_optimization_loss,350,500,2.4802607845904663e-05,0.9872564699809484,3.130526675508608e-05,3.130526675508608e-05,3.130526675508608e-05,2.3185388887762757e-05,2.3185388887762757e-05,2.3185388887762757e-05,2.3185388887762757e-05,2.3185388887762757e-05,0.00016239755734646637,0.00016239755734646637,0.00016239755734646637,0.9872564699809484,0.06997937387112331,0.09827435593769036,0.4136111111111111,3.130526675508608e-05,4177.122936600295,4177.122936600295,11.763321799982805,8365.987754821777,,fixed_iterations,,0.3245824234130589,0.3245824234130589,0.33566011634767673,0.33566011634767673,0.32701393022021286,0.32701393022021286,350,0.0008990629356311489,0.0008990629356311489,0.00046848134712520795,0.00861163177011882,0.00046848134712520795,0.907201121935021,0.0008677576688760629,0.3019056190677435,0.32669284213692096,0.2786026607303566,T033_033_033,0
351,25.619037767906264,375,125,False,projected_continuous_optimization_loss,351,500,3.3770337102297855e-05,0.9889704992098972,7.258520968314671e-05,7.258520968314671e-05,7.258520968314671e-05,6.650271529920269e-05,6.650271529920269e-05,6.650271529920269e-05,6.650271529920269e-05,6.650271529920269e-05,0.00012164988767888043,0.00012164988767888043,0.00012164988767888043,0.9889704992098972,0.06990287204057379,0.09815401240308426,0.41333333333333333,7.258520968314671e-05,4188.983632500283,4188.983632500283,11.860695899988059,8389.795681476593,,fixed_iterations,,0.3282175267928713,0.3282175267928713,0.3401750591070783,0.3401750591070783,0.3205779133099476,0.3205779133099476,351,0.0011081042071536013,0.0011081042071536013,0.0007042935798573161,0.008076212545925703,0.0007042935798573161,0.910132249689192,0.0010355189974704546,0.3042374519246172,0.3325199845385786,0.2733748132259963,T033_033_033,0
352,25.857544402052515,375,125,False,projected_continuous_optimization_loss,352,500,3.7052631027003725e-05,0.987961616007341,1.666283608627486e-05,1.666283608627486e-05,1.666283608627486e-05,9.416701628539174e-06,9.416701628539174e-06,9.416701628539174e-06,9.416701628539174e-06,9.416701628539174e-06,0.0001449226891547137,0.0001449226891547137,0.0001449226891547137,0.987961616007341,0.06982910209970532,0.09802077536170145,0.4131172839506173,1.666283608627486e-05,4200.8450450002565,4200.8450450002565,11.861412499973085,8413.547800064087,,fixed_iterations,,0.3335716623660694,0.3335716623660694,0.32767765099423635,0.32767765099423635,0.32671230264703516,0.32671230264703516,352,0.0006863870786143831,0.0006863870786143831,0.00028647176791626655,0.00799830621396233,0.00028647176791626655,0.9105667499530384,0.0006697242425281083,0.30975314245241553,0.318494541745747,0.2823190657548759,T033_033_033,0
353,26.0982714714488,375,125,False,projected_continuous_optimization_loss,353,500,2.7666690131876996e-05,0.9890087996481778,2.8979466215968295e-05,2.8979466215968295e-05,2.8979466215968295e-05,2.2939141957273453e-05,2.2939141957273453e-05,2.2939141957273453e-05,2.2939141957273453e-05,2.2939141957273453e-05,0.00012080648517389682,0.00012080648517389682,0.00012080648517389682,0.9890087996481778,0.0697594012076491,0.09790902621332823,0.4129320987654321,2.8979466215968295e-05,4212.718592600257,4212.718592600257,11.873547600000165,8437.356607675552,,fixed_iterations,,0.3360323506678428,0.3360323506678428,0.3283028967611476,0.3283028967611476,0.3246735522191873,0.3246735522191873,353,0.0007400268939535815,0.0007400268939535815,0.0003342236027098362,0.008116065824874905,0.0003342236027098362,0.9099107896311945,0.0007110474277376131,0.3114732642824419,0.31832417684472236,0.2801133485040301,T033_033_033,0
354,26.34123964777462,375,125,False,projected_continuous_optimization_loss,354,500,2.979942917231139e-05,0.9911610372191585,4.2473998393282996e-05,4.2473998393282996e-05,4.2473998393282996e-05,3.8567635241227925e-05,3.8567635241227925e-05,3.8567635241227925e-05,3.8567635241227925e-05,3.8567635241227925e-05,7.812726304110145e-05,7.812726304110145e-05,7.812726304110145e-05,0.9911610372191585,0.06969531294604445,0.09782319252727112,0.41280864197530864,4.2473998393282996e-05,4224.580768900225,4224.580768900225,11.862176299968269,8461.146744966507,,fixed_iterations,,0.3310503093320854,0.3310503093320854,0.3375722320979991,0.3375722320979991,0.322538495789074,0.322538495789074,354,0.0008824002225267193,0.0008824002225267193,0.000518943290245198,0.007269138645630424,0.000518943290245198,0.9147407562452586,0.0008399262241334363,0.3067188970795523,0.3294843439863079,0.27853751517939834,T033_033_033,0
355,26.586469795157473,375,125,False,projected_continuous_optimization_loss,355,500,2.4481767048489407e-05,0.9912574663406843,1.912167641305033e-05,1.912167641305033e-05,1.912167641305033e-05,1.5300081673837163e-05,1.5300081673837163e-05,1.5300081673837163e-05,1.5300081673837163e-05,1.5300081673837163e-05,7.643189478426329e-05,7.643189478426329e-05,7.643189478426329e-05,0.9912574663406843,0.06963185876626297,0.09772746717721228,0.4125,1.912167641305033e-05,4236.423892200226,4236.423892200226,11.843123300001025,8484.935517549515,,fixed_iterations,,0.32551455040611604,0.32551455040611604,0.33499495254946576,0.33499495254946576,0.33074796338510265,0.33074796338510265,355,0.0006593737288532826,0.0006593737288532826,0.00031691903855872325,0.0068490938058911885,0.00031691903855872325,0.917240747913655,0.0006402520524402323,0.30100638913671507,0.32769001966177436,0.28854433911516564,T033_033_033,0
356,26.833982971964517,375,125,False,projected_continuous_optimization_loss,356,500,3.444962409488713e-05,0.992013247500374,1.4598306419531045e-05,1.4598306419531045e-05,1.4598306419531045e-05,1.1408895645016943e-05,1.1408895645016943e-05,1.1408895645016943e-05,1.1408895645016943e-05,1.1408895645016943e-05,6.378821549028205e-05,6.378821549028205e-05,6.378821549028205e-05,0.992013247500374,0.06957131972465824,0.09762448454854902,0.41219135802469137,1.4598306419531045e-05,4248.23800310021,4248.23800310021,11.814110899984371,8508.629961967468,,fixed_iterations,,0.3321680540168202,0.3321680540168202,0.3338162302926417,0.3338162302926417,0.3260289631909122,0.3260289631909122,356,0.0006971187812359895,0.0006971187812359895,0.0003395581962063259,0.007151211700593271,0.0003395581962063259,0.9154351627412831,0.0006825204748164584,0.3085239766870097,0.3239073114068147,0.28300387464745874,T033_033_033,0
357,27.08380043261086,375,125,False,projected_continuous_optimization_loss,357,500,1.6293259330256496e-05,0.9924496176382109,3.4867317840044394e-05,3.4867317840044394e-05,3.4867317840044394e-05,3.201690414958371e-05,3.201690414958371e-05,3.201690414958371e-05,3.201690414958371e-05,3.201690414958371e-05,5.7008273809213747e-05,5.7008273809213747e-05,5.7008273809213747e-05,0.9924496176382109,0.06951108002102385,0.09752240791826183,0.4116666666666667,3.4867317840044394e-05,4260.067511100206,4260.067511100206,11.829507999995258,8532.358237028122,,fixed_iterations,,0.3373500917110163,0.3373500917110163,0.3314596725886641,0.3314596725886641,0.3236398533385306,0.3236398533385306,357,0.0007693210683674794,0.0007693210683674794,0.0004006271476163028,0.007373878415023532,0.0004006271476163028,0.9141287101819034,0.000734453750527435,0.3113504127231279,0.3230476177907759,0.2797306796679996,T033_033_033,0
358,27.33594362938475,375,125,False,projected_continuous_optimization_loss,358,500,2.9311774872355094e-05,0.9926226940880054,3.359607390367176e-06,3.359607390367176e-06,3.359607390367176e-06,6.383752644096584e-07,6.383752644096584e-07,6.383752644096584e-07,6.383752644096584e-07,6.383752644096584e-07,5.442464251915035e-05,5.442464251915035e-05,5.442464251915035e-05,0.9926226940880054,0.0694512437584545,0.09743237086854978,0.4112654320987654,3.359607390367176e-06,4271.922622300219,4271.922622300219,11.855111200013198,8556.140300273895,,fixed_iterations,,0.3319731433153752,0.3319731433153752,0.3301304022067175,0.3301304022067175,0.33051914856591275,0.33051914856591275,358,0.0005538135216555612,0.0005538135216555612,0.0002376652001040354,0.006322966431030516,0.0002376652001040354,0.9204829173634336,0.000550453914265194,0.30899801798481075,0.3230202876733133,0.2884646117053095,T033_033_033,0
359,27.590434214289694,375,125,False,projected_continuous_optimization_loss,359,500,2.177867598730094e-05,0.994401446754453,2.588669453590741e-05,2.588669453590741e-05,2.588669453590741e-05,2.431950461374621e-05,2.431950461374621e-05,2.431950461374621e-05,2.431950461374621e-05,2.431950461374621e-05,3.134379844322397e-05,3.134379844322397e-05,3.134379844322397e-05,0.994401446754453,0.06939294796571335,0.09735264483727313,0.4108950617283951,2.588669453590741e-05,4283.777988200192,4283.777988200192,11.855365899973549,8579.944997549057,,fixed_iterations,,0.3291166841641174,0.3291166841641174,0.3382929055871912,0.3382929055871912,0.3269918570031444,0.3269918570031444,359,0.000806049237403761,0.000806049237403761,0.00047619547156424236,0.006597075316790372,0.00047619547156424236,0.9187776181290503,0.0007801625428678536,0.3022618737289156,0.33256812236132594,0.28394762203880886,T033_033_033,0
360,27.84729404090376,375,125,False,projected_continuous_optimization_loss,360,500,2.5381407974587503e-05,0.994449092631614,9.878696872809234e-06,9.878696872809234e-06,9.878696872809234e-06,8.338068242189174e-06,8.338068242189174e-06,8.338068242189174e-06,8.338068242189174e-06,8.338068242189174e-06,3.0812572612401176e-05,3.0812572612401176e-05,3.0812572612401176e-05,0.994449092631614,0.06933810004708896,0.09726114577025319,0.41064814814814815,9.878696872809234e-06,4295.664729300188,4295.664729300188,11.886741099995561,8603.72754073143,,fixed_iterations,,0.33056754894125495,0.33056754894125495,0.3353671483313074,0.3353671483313074,0.3285143953590517,0.3285143953590517,360,0.0006896621104484698,0.0006896621104484698,0.0003610043240996985,0.006573155726975423,0.0003610043240996985,0.9189249993711044,0.0006797834135756606,0.3036021654214208,0.3289162542472433,0.2864065797024402,T033_033_033,0
361,28.106545166256222,375,125,False,projected_continuous_optimization_loss,361,500,1.7454961903093445e-05,0.9940203129313665,7.156566495490696e-06,7.156566495490696e-06,7.156566495490696e-06,5.368733623551495e-06,5.368733623551495e-06,5.368733623551495e-06,5.368733623551495e-06,5.368733623551495e-06,3.575665743878402e-05,3.575665743878402e-05,3.575665743878402e-05,0.9940203129313665,0.06928478670863869,0.09716644571906483,0.41064814814814815,7.156566495490696e-06,4307.526716400229,4307.526716400229,11.861987100041006,8627.492028713226,,fixed_iterations,,0.33455079546379923,0.33455079546379923,0.32925970601607113,0.32925970601607113,0.3302098114514961,0.3302098114514961,361,0.00048776384322005747,0.00048776384322005747,0.00019097873158431997,0.005935702232714749,0.00019097873158431997,0.9229564913005985,0.0004806072767245668,0.31096532243473984,0.32135119274809143,0.2906399761177672,T033_033_033,0
362,28.368209852721584,375,125,False,projected_continuous_optimization_loss,362,500,2.2835476974871737e-05,0.9952039434400232,1.954433692157167e-05,1.954433692157167e-05,1.954433692157167e-05,1.8394228995246777e-05,1.8394228995246777e-05,1.8394228995246777e-05,1.8394228995246777e-05,1.8394228995246777e-05,2.3002158526497902e-05,2.3002158526497902e-05,2.3002158526497902e-05,0.9952039434400232,0.06923219240379548,0.09708870490744895,0.4104320987654321,1.954433692157167e-05,4319.391907300218,4319.391907300218,11.865190899989102,8651.32897400856,,fixed_iterations,,0.3357630601314874,0.3357630601314874,0.33361354318283376,0.33361354318283376,0.32582734012570197,0.32582734012570197,362,0.0006345762843434056,0.0006345762843434056,0.0003240675433535579,0.006210174819796954,0.0003240675433535579,0.9211953375757694,0.000615031947421834,0.3109446545374217,0.3251557647408561,0.2850949182974916,T033_033_033,0
363,28.632310569931313,375,125,False,projected_continuous_optimization_loss,363,500,2.1948395994704374e-05,0.9954791056172552,4.329464844145058e-06,4.329464844145058e-06,4.329464844145058e-06,3.307540543148469e-06,3.307540543148469e-06,3.307540543148469e-06,3.307540543148469e-06,3.307540543148469e-06,2.043848601993178e-05,2.043848601993178e-05,2.043848601993178e-05,0.9954791056172552,0.06917659288010129,0.09700263584772718,0.4099074074074074,4.329464844145058e-06,4331.28129420022,4331.28129420022,11.889386900002137,8675.088424444199,,fixed_iterations,,0.32980304524191245,0.32980304524191245,0.3341967704933835,0.3341967704933835,0.3314792898819594,0.3314792898819594,363,0.0005475578444315676,0.0005475578444315676,0.00025188405702825854,0.005913475748066179,0.00025188405702825854,0.9231008729043939,0.0005432283795874226,0.30288608568783615,0.32755929692086894,0.2926554902956888,T033_033_033,0
364,28.89886999670336,375,125,False,projected_continuous_optimization_loss,364,500,1.875423834845593e-05,0.9960082245566847,6.235474987508772e-06,6.235474987508772e-06,6.235474987508772e-06,5.438761428015973e-06,5.438761428015973e-06,5.438761428015973e-06,5.438761428015973e-06,5.438761428015973e-06,1.593427118985598e-05,1.593427118985598e-05,1.593427118985598e-05,0.9960082245566847,0.06912526886726078,0.0969219606159149,0.4094753086419753,6.235474987508772e-06,4343.051845400187,4343.051845400187,11.770551199966576,8698.689241409302,,fixed_iterations,,0.32978565055158554,0.32978565055158554,0.33521045872615024,0.33521045872615024,0.3310121152789488,0.3310121152789488,364,0.0005436651885624706,0.0005436651885624706,0.0002598499339771256,0.005676305091706898,0.0002598499339771256,0.9246587424334654,0.0005374297135749618,0.3028949668159969,0.32854516848249504,0.2932186071349735,T033_033_033,0
365,29.167911022989617,375,125,False,projected_continuous_optimization_loss,365,500,1.8774287344069962e-05,0.9962760935653551,9.924653876731406e-06,9.924653876731406e-06,9.924653876731406e-06,9.23127992003187e-06,9.23127992003187e-06,9.23127992003187e-06,9.23127992003187e-06,9.23127992003187e-06,1.3867479133990742e-05,1.3867479133990742e-05,1.3867479133990742e-05,0.9962760935653551,0.06907819351080963,0.09684307202380235,0.40953703703703703,9.924653876731406e-06,4354.893830700137,4354.893830700137,11.841985299950466,8722.316615819931,,fixed_iterations,,0.33476020275320334,0.33476020275320334,0.3336570190528901,0.3336570190528901,0.32785887175926154,0.32785887175926154,365,0.0005351710861408347,0.0005351710861408347,0.00024237637231594068,0.005855894276497879,0.00024237637231594068,0.9234761849062798,0.0005252464322641032,0.3095469120504482,0.3245096683230195,0.2894196045328122,T033_033_033,0
366,29.439456751841526,375,125,False,projected_continuous_optimization_loss,366,500,1.798803393731035e-05,0.995931879903998,5.0432811041623005e-06,5.0432811041623005e-06,5.0432811041623005e-06,4.215801048387538e-06,4.215801048387538e-06,4.215801048387538e-06,4.215801048387538e-06,4.215801048387538e-06,1.654960111549526e-05,1.654960111549526e-05,1.654960111549526e-05,0.995931879903998,0.06902824154502127,0.09675663883396089,0.4091358024691358,5.0432811041623005e-06,4366.768081000133,4366.768081000133,11.874250299995765,8746.100640773773,,fixed_iterations,,0.3344765139659115,0.3344765139659115,0.3294676126834076,0.3294676126834076,0.3319877532546789,0.3319877532546789,366,0.0004571676423171931,0.0004571676423171931,0.00018141475727637002,0.0055150577008164624,0.00018141475727637002,0.9257365655196553,0.0004521243612130308,0.3102641830301581,0.32293734938763297,0.2925350331018642,T033_033_033,0
367,29.713530501393976,375,125,False,projected_continuous_optimization_loss,367,500,2.1122546475237195e-05,0.9971741295084955,5.859455965088586e-06,5.859455965088586e-06,5.859455965088586e-06,5.460178763350757e-06,5.460178763350757e-06,5.460178763350757e-06,5.460178763350757e-06,5.460178763350757e-06,7.98554403475658e-06,7.98554403475658e-06,7.98554403475658e-06,0.9971741295084955,0.0689785542909674,0.09668526248216397,0.408858024691358,5.859455965088586e-06,4378.626103800139,4378.626103800139,11.858022800006438,8769.878365278244,,fixed_iterations,,0.33234448416355095,0.33234448416355095,0.3352683109072543,0.3352683109072543,0.3295613344376901,0.3295613344376901,367,0.0005050044750827216,0.0005050044750827216,0.00023235534208888742,0.005452982659876683,0.00023235534208888742,0.9261556863402692,0.000499145019117633,0.30531307307087274,0.32745835974289783,0.2933842535264988,T033_033_033,0
368,29.990155806867683,375,125,False,projected_continuous_optimization_loss,368,500,1.636426765273424e-05,0.9974349405130041,4.4254955120172905e-06,4.4254955120172905e-06,4.4254955120172905e-06,4.096519003425901e-06,4.096519003425901e-06,4.096519003425901e-06,4.096519003425901e-06,4.096519003425901e-06,6.579530171827794e-06,6.579530171827794e-06,6.579530171827794e-06,0.9974349405130041,0.0689293147913515,0.09660538352466863,0.4084259259259259,4.4254955120172905e-06,4390.541745400173,4390.541745400173,11.915641600033268,8793.751528024673,,fixed_iterations,,0.3302131453932889,0.3302131453932889,0.3351159077131896,0.3351159077131896,0.3321058874065256,0.3321058874065256,368,0.000491427860447967,0.000491427860447967,0.00022327215780485105,0.005363114052862317,0.00022327215780485105,0.92676671485682,0.00048700236493594973,0.30436485300680394,0.32769560299064326,0.29470625885937274,T033_033_033,0
369,30.269356422590196,375,125,False,projected_continuous_optimization_loss,369,500,1.7888355657782212e-05,0.997395619730329,4.7215582992643167e-07,4.7215582992643167e-07,4.7215582992643167e-07,1.3301600047384567e-07,1.3301600047384567e-07,1.3301600047384567e-07,1.3301600047384567e-07,1.3301600047384567e-07,6.7827965890517206e-06,6.7827965890517206e-06,6.7827965890517206e-06,0.997395619730329,0.06888499653849428,0.09652914315249861,0.4082098765432099,4.7215582992643167e-07,4402.478845800157,4402.478845800157,11.937100399984047,8817.668406486511,,fixed_iterations,,0.33293887090991736,0.33293887090991736,0.3320545421464201,0.3320545421464201,0.33240220667399145,0.33240220667399145,369,0.00047310065562088794,0.00047310065562088794,0.00019676507583769182,0.005526711595663922,0.00019676507583769182,0.925658143716585,0.0004726284997909615,0.30689305660840566,0.3252201354831149,0.29354495162506444,T033_033_033,0
370,30.551156324035713,375,125,False,projected_continuous_optimization_loss,370,500,1.5097165595938642e-05,0.9979882071850852,7.185599280900082e-06,7.185599280900082e-06,7.185599280900082e-06,6.983233764392938e-06,6.983233764392938e-06,6.983233764392938e-06,6.983233764392938e-06,6.983233764392938e-06,4.0473103301428735e-06,4.0473103301428735e-06,4.0473103301428735e-06,0.9979882071850852,0.06884114321426706,0.09645912306770897,0.40793209876543207,7.185599280900082e-06,4414.436312200152,4414.436312200152,11.95746639999561,8841.667363405228,,fixed_iterations,,0.3358144795886913,0.3358144795886913,0.33281389291265945,0.33281389291265945,0.32935983468373436,0.32935983468373436,370,0.00048812369848689357,0.00048812369848689357,0.00022433006651917996,0.005275872639354273,0.00022433006651917996,0.9273647975196992,0.0004809380992059935,0.311226271892203,0.3249827305308366,0.2911557950966598,T033_033_033,0
371,30.83557970988395,375,125,False,projected_continuous_optimization_loss,371,500,1.9043936900294668e-05,0.9981013281367545,1.2457751373237914e-06,1.2457751373237914e-06,1.2457751373237914e-06,1.0655273951097752e-06,1.0655273951097752e-06,1.0655273951097752e-06,1.0655273951097752e-06,1.0655273951097752e-06,3.604954844280325e-06,3.604954844280325e-06,3.604954844280325e-06,0.9981013281367545,0.06879284665485468,0.0963793570308791,0.4076851851851852,1.2457751373237914e-06,4426.35762380017,4426.35762380017,11.921311600017361,8865.60051035881,,fixed_iterations,,0.3320603797948043,0.3320603797948043,0.3318869102380348,0.3318869102380348,0.3341540381039153,0.3341540381039153,371,0.0004443486741407738,0.0004443486741407738,0.00019479940231560623,0.0049909854365033516,0.00019479940231560623,0.9293530932276342,0.00044310289900345004,0.3069693561641776,0.326889904578799,0.2954938324846576,T033_033_033,0
372,31.12265100409806,375,125,False,projected_continuous_optimization_loss,372,500,1.6227335410649364e-05,0.9991378281648048,4.585959427524608e-06,4.585959427524608e-06,4.585959427524608e-06,4.5487924138544045e-06,4.5487924138544045e-06,4.5487924138544045e-06,4.5487924138544045e-06,4.5487924138544045e-06,7.433402734040737e-07,7.433402734040737e-07,7.433402734040737e-07,0.9991378281648048,0.06874752824295365,0.0963120724208339,0.4074382716049383,4.585959427524608e-06,4438.328006400203,4438.328006400203,11.97038260003319,8889.569770812988,,fixed_iterations,,0.33145814379625205,0.33145814379625205,0.33605808452904623,0.33605808452904623,0.33162159983950645,0.33162159983950645,372,0.0005020370365324794,0.0005020370365324794,0.0002469756082804247,0.005101228565041093,0.0002469756082804247,0.9285771145567397,0.0004974510771049548,0.30621489582020256,0.32882233967954766,0.2935398790569894,T033_033_033,0
373,31.41239485802199,375,125,False,projected_continuous_optimization_loss,373,500,1.770921133103047e-05,0.9990154610279132,2.102675204641103e-07,2.102675204641103e-07,2.102675204641103e-07,1.6180167108622026e-07,1.6180167108622026e-07,1.6180167108622026e-07,1.6180167108622026e-07,1.6180167108622026e-07,9.693169875578011e-07,9.693169875578011e-07,9.693169875578011e-07,0.9990154610279132,0.06870500654521915,0.09623753187624451,0.4070987654320988,2.102675204641103e-07,4450.108836600208,4450.108836600208,11.780830200004857,8913.41450548172,,fixed_iterations,,0.3329287378600438,0.3329287378600438,0.3325556677157758,0.3325556677157758,0.33353105545209366,0.33353105545209366,373,0.00044896898904542217,0.00044896898904542217,0.00019965461220729686,0.004986287536762506,0.00019965461220729686,0.9293863502093079,0.00044875872152495806,0.3074505947373272,0.3269227026731118,0.2950130527988689,T033_033_033,0
374,31.70483615249736,375,125,False,projected_continuous_optimization_loss,374,500,1.4169875297411887e-05,0.9993161062466649,2.0577011773255835e-06,2.0577011773255835e-06,2.0577011773255835e-06,2.0343156440330446e-06,2.0343156440330446e-06,2.0343156440330446e-06,2.0343156440330446e-06,2.0343156440330446e-06,4.6771066585078083e-07,4.6771066585078083e-07,4.6771066585078083e-07,0.9993161062466649,0.06866319714111996,0.0961678817337265,0.40694444444444444,2.0577011773255835e-06,4462.072696400224,4462.072696400224,11.963859800016508,8937.27182674408,,fixed_iterations,,0.33500565485450795,0.33500565485450795,0.33157300094259384,0.33157300094259384,0.3327374504495631,0.3327374504495631,374,0.0004565462617218643,0.0004565462617218643,0.00020840216617970154,0.004962881910843256,0.00020840216617970154,0.9295522753323909,0.0004544885605445387,0.3107295672577494,0.3258287551201216,0.2929939529545199,T033_033_033,0
375,32.0,375,125,False,projected_continuous_optimization_loss,375,500,1.5790340605549576e-05,1.000014902682395,2.58592500255958e-07,2.58592500255958e-07,2.58592500255958e-07,2.5858139575882967e-07,2.5858139575882967e-07,2.5858139575882967e-07,2.5858139575882967e-07,2.5858139575882967e-07,2.2208994256662116e-10,2.2208994256662116e-10,2.2208994256662116e-10,1.000014902682395,0.0686187412501097,0.09609870968740293,0.4067283950617284,2.58592500255958e-07,4473.978494300216,4473.978494300216,11.90579789999174,8961.1389067173,,fixed_iterations,,0.3334993757188609,0.3334993757188609,0.33386474357206924,0.33386474357206924,0.33265078339146487,0.33265078339146487,375,0.0004539165413048183,0.0004539165413048183,0.00021442754008957842,0.004789780024304797,0.00021442754008957842,0.9307917633203618,0.00045365794880456237,0.3072275969749514,0.32826683361808984,0.2952973327273207,T033_033_033,0
376,32.0,375,125,False,projected_continuous_optimization_loss,376,500,1.3982340750277898e-05,1.0002996001739064,2.2681741048164273e-06,2.2681741048164273e-06,2.2681741048164273e-06,2.2636860916061902e-06,2.2636860916061902e-06,2.2636860916061902e-06,2.2636860916061902e-06,2.2636860916061902e-06,8.976026420474528e-08,8.976026420474528e-08,8.976026420474528e-08,1.0002996001739064,0.06857347918701762,0.09602517687500624,0.4065740740740741,2.2681741048164273e-06,4485.934111300216,4485.934111300216,11.95561699999962,8985.126433610916,,fixed_iterations,,0.33138216199021503,0.33138216199021503,0.3339662800825173,0.3339662800825173,0.3349511581011742,0.3349511581011742,376,0.00039436751830988857,0.00039436751830988857,0.0001646103649845864,0.004595143066506043,0.0001646103649845864,0.9322125154139347,0.00039209934420507213,0.3047885523870952,0.32742445987737223,0.2999995031494674,T033_033_033,0
377,32.0,375,125,False,projected_continuous_optimization_loss,377,500,1.598286994221995e-05,1.0007508652043742,8.159126405565737e-07,8.159126405565737e-07,8.159126405565737e-07,7.877227127995803e-07,7.877227127995803e-07,7.877227127995803e-07,7.877227127995803e-07,7.877227127995803e-07,5.637985551398697e-07,5.637985551398697e-07,5.637985551398697e-07,1.0007508652043742,0.06853279232512051,0.09595924550483635,0.40632716049382717,8.159126405565737e-07,4498.052142000233,4498.052142000233,12.118030700017698,9010.14897608757,,fixed_iterations,,0.33391690761012494,0.33391690761012494,0.3344658112671034,0.3344658112671034,0.3323681463271459,0.3323681463271459,377,0.0004452978191925831,0.0004452978191925831,0.00021621563311695664,0.00458164372151253,0.00021621563311695664,0.9323121597219075,0.0004444819065520265,0.3083539107672455,0.3286381506084783,0.29532009834618383,T033_033_033,0
378,32.0,375,125,False,projected_continuous_optimization_loss,378,500,1.4522471105580676e-05,1.0005296043584109,2.035073437681927e-06,2.035073437681927e-06,2.035073437681927e-06,2.0210493988595373e-06,2.0210493988595373e-06,2.0210493988595373e-06,2.0210493988595373e-06,2.0210493988595373e-06,2.8048077644779285e-07,2.8048077644779285e-07,2.8048077644779285e-07,1.0005296043584109,0.06848986606187153,0.09588463635497105,0.40617283950617283,2.035073437681927e-06,4510.153241100197,4510.153241100197,12.101099099963903,9034.608984470367,,fixed_iterations,,0.33476208543751534,0.33476208543751534,0.3315203996914963,0.3315203996914963,0.3342471192293992,0.3342471192293992,378,0.00038447278394159254,0.00038447278394159254,0.00014815477803674384,0.004726360118096974,0.00014815477803674384,0.9312514718841417,0.0003824377105039106,0.31076931245090544,0.3241203173612533,0.29636184207198285,T033_033_033,0
379,32.0,375,125,False,projected_continuous_optimization_loss,379,500,1.5733046650056234e-05,1.0010416660937698,3.917667420244829e-07,3.917667420244829e-07,3.917667420244829e-07,3.375133294790047e-07,3.375133294790047e-07,3.375133294790047e-07,3.375133294790047e-07,3.375133294790047e-07,1.0850682509095637e-06,1.0850682509095637e-06,1.0850682509095637e-06,1.0010416660937698,0.06844502183244054,0.0958159030186782,0.4060185185185185,3.917667420244829e-07,4522.724929700198,4522.724929700198,12.571688600000925,9059.80461859703,,fixed_iterations,,0.33398110983856555,0.33398110983856555,0.334193283050858,0.334193283050858,0.3328672732043463,0.3328672732043463,379,0.0004481640301746188,0.0004481640301746188,0.00022019296742739126,0.004559421254944551,0.00022019296742739126,0.9324765133087417,0.0004477722634325943,0.30923926656452655,0.3285095581073281,0.2947276886368869,T033_033_033,0
380,32.0,375,125,False,projected_continuous_optimization_loss,380,500,1.4080771108512591e-05,1.0010601441269478,1.1995310311962437e-06,1.1995310311962437e-06,1.1995310311962437e-06,1.1433357527011747e-06,1.1433357527011747e-06,1.1433357527011747e-06,1.1433357527011747e-06,1.1433357527011747e-06,1.1239055699013802e-06,1.1239055699013802e-06,1.1239055699013802e-06,1.0010601441269478,0.06839856559809512,0.09574082588998019,0.4057098765432099,1.1995310311962437e-06,4534.740214100224,4534.740214100224,12.015284400025848,9084.0909678936,,fixed_iterations,,0.33217323652952646,0.33217323652952646,0.3344695250249971,0.3344695250249971,0.33441738257242404,0.33441738257242404,380,0.00042455508371069535,0.00042455508371069535,0.00019265774360540725,0.004637946802105762,0.00019265774360540725,0.9318975271953671,0.0004233555526794991,0.30659740776604893,0.32810172570424184,0.29719839372507645,T033_033_033,0
381,32.0,375,125,False,projected_continuous_optimization_loss,381,500,1.4879244150815268e-05,1.000949729305924,5.6256153711902535e-08,5.6256153711902535e-08,5.6256153711902535e-08,1.1156865985361895e-08,1.1156865985361895e-08,1.1156865985361895e-08,1.1156865985361895e-08,1.1156865985361895e-08,9.019857545308127e-07,9.019857545308127e-07,9.019857545308127e-07,1.000949729305924,0.06835473274100559,0.09566818973324247,0.4054938271604938,5.6256153711902535e-08,4546.5183358002105,4546.5183358002105,11.778121699986514,9107.770869493484,,fixed_iterations,,0.33352482776574305,0.33352482776574305,0.3336415073313941,0.3336415073313941,0.3337833942087868,0.3337833942087868,381,0.00044447212620080047,0.00044447212620080047,0.00021334900804727137,0.004622462363070581,0.00021334900804727137,0.9320113070939691,0.00044441587004708855,0.30911517126998567,0.3280665128621304,0.29482962296185294,T033_033_033,0
382,32.0,375,125,False,projected_continuous_optimization_loss,382,500,1.372720270191302e-05,1.000803313077585,1.0418905913190138e-06,1.0418905913190138e-06,1.0418905913190138e-06,1.0096249962880711e-06,1.0096249962880711e-06,1.0096249962880711e-06,1.0096249962880711e-06,1.0096249962880711e-06,6.453119006188515e-07,6.453119006188515e-07,6.453119006188515e-07,1.000803313077585,0.06831043161576035,0.09559496478793868,0.40530864197530864,1.0418905913190138e-06,4558.382274500211,4558.382274500211,11.86393870000029,9131.495683670044,,fixed_iterations,,0.335018451652195,0.335018451652195,0.33299350788557647,0.33299350788557647,0.33279135353981343,0.33279135353981343,382,0.0004353538524996825,0.0004353538524996825,0.00019895470042925983,0.004727983041408453,0.00019895470042925983,0.9312396695658867,0.00043431196190836345,0.3124021357740226,0.32541362949414904,0.29342390429771503,T033_033_033,0
383,32.0,375,125,False,projected_continuous_optimization_loss,383,500,1.4703976914471084e-05,1.0005722283188638,3.494750840274362e-07,3.494750840274362e-07,3.494750840274362e-07,3.331028215819498e-07,3.331028215819498e-07,3.331028215819498e-07,3.331028215819498e-07,3.331028215819498e-07,3.274452489097276e-07,3.274452489097276e-07,3.274452489097276e-07,1.0005722283188638,0.06826321059516112,0.09551816266121123,0.4049074074074074,3.494750840274362e-07,4570.234566700237,4570.234566700237,11.852292200026568,9155.297347068787,,fixed_iterations,,0.33342152517355134,0.33342152517355134,0.33287368305531184,0.33287368305531184,0.3342770200900006,0.3342770200900006,383,0.0004138140545856943,0.0004138140545856943,0.00017614084778234894,0.004753464136066907,0.00017614084778234894,0.9310546293354883,0.00041346457950166687,0.3080043601768807,0.3265218992824699,0.29652836987613773,T033_033_033,0
384,32.0,375,125,False,projected_continuous_optimization_loss,384,500,1.400211720305966e-05,1.000686327582709,1.1351772415637649e-06,1.1351772415637649e-06,1.1351772415637649e-06,1.1116249640244113e-06,1.1116249640244113e-06,1.1116249640244113e-06,1.1116249640244113e-06,1.1116249640244113e-06,4.710455507870739e-07,4.710455507870739e-07,4.710455507870739e-07,1.000686327582709,0.06821623704598373,0.09544516034210745,0.4047530864197531,1.1351772415637649e-06,4581.9711280002375,4581.9711280002375,11.736561300000176,9178.945503473282,,fixed_iterations,,0.33267947879277826,0.33267947879277826,0.33504527358218905,0.33504527358218905,0.3329615752077416,0.3329615752077416,384,0.0004360189806584902,0.0004360189806584902,0.00020259930319241053,0.004668393549321594,0.00020259930319241053,0.9316743565758683,0.00043488380341692647,0.3068481951900306,0.32833372267889327,0.29649243870694447,T033_033_033,0
385,32.0,375,125,False,projected_continuous_optimization_loss,385,500,1.4778424650760512e-05,1.0001534346353138,3.9186175370579716e-07,3.9186175370579716e-07,3.9186175370579716e-07,3.9068464434010306e-07,3.9068464434010306e-07,3.9068464434010306e-07,3.9068464434010306e-07,3.9068464434010306e-07,2.354218731388169e-08,2.354218731388169e-08,2.354218731388169e-08,1.0001534346353138,0.06817064551444203,0.09536772939773047,0.40444444444444444,3.9186175370579716e-07,4593.821725500224,4593.821725500224,11.85059749998618,9202.698301792145,,fixed_iterations,,0.33301498613245917,0.33301498613245917,0.33287365720471673,0.33287365720471673,0.3342647912981379,0.3342647912981379,385,0.00041682795778434493,0.00041682795778434493,0.00017778325094187277,0.004780894136849442,0.00017778325094187277,0.9308559898700586,0.0004164360960306391,0.3078913955317799,0.3265413040597398,0.2964232902785388,T033_033_033,0
386,32.0,375,125,False,projected_continuous_optimization_loss,386,500,1.4025990856594205e-05,1.000021788309501,8.037139475304975e-07,8.037139475304975e-07,8.037139475304975e-07,8.036902110089518e-07,8.036902110089518e-07,8.036902110089518e-07,8.036902110089518e-07,8.036902110089518e-07,4.747304309139152e-10,4.747304309139152e-10,4.747304309139152e-10,1.000021788309501,0.06812576638239093,0.09529487298704244,0.404320987654321,8.037139475304975e-07,4605.693197700253,4605.693197700253,11.87147220002953,9226.60774898529,,fixed_iterations,,0.33455484544453884,0.33455484544453884,0.33304936184540107,0.33304936184540107,0.332417581019561,0.332417581019561,386,0.0004499634156228642,0.0004499634156228642,0.00021022866814664272,0.00479469494952443,0.00021022866814664272,0.9307562641856724,0.0004491597016753337,0.31195726565946175,0.3258616740182215,0.292937324507989,T033_033_033,0
387,32.0,375,125,False,projected_continuous_optimization_loss,387,500,1.4428867224008683e-05,0.999753397346431,9.397492686375318e-08,9.397492686375318e-08,9.397492686375318e-08,9.093428342639189e-08,9.093428342639189e-08,9.093428342639189e-08,9.093428342639189e-08,9.093428342639189e-08,6.08128687472258e-08,6.08128687472258e-08,6.08128687472258e-08,0.999753397346431,0.06807921406481607,0.09521906047985887,0.40410493827160493,9.397492686375318e-08,4617.556585300248,4617.556585300248,11.863387599994894,9250.422241210938,,fixed_iterations,,0.33326998857144335,0.33326998857144335,0.332872831110463,0.332872831110463,0.33361057766452473,0.33361057766452473,387,0.0004353007113628987,0.0004353007113628987,0.00019313147483815507,0.004843384730494872,0.00019313147483815507,0.9304055696876908,0.000435206736436035,0.3088296717528036,0.3265834995813162,0.2949923983535709,T033_033_033,0
388,32.0,375,125,False,projected_continuous_optimization_loss,388,500,1.3709817739826967e-05,0.9997297255747009,4.679258752886927e-07,4.679258752886927e-07,4.679258752886927e-07,4.6427346204015357e-07,4.6427346204015357e-07,4.6427346204015357e-07,4.6427346204015357e-07,4.6427346204015357e-07,7.304826497078258e-08,7.304826497078258e-08,7.304826497078258e-08,0.9997297255747009,0.06803309267107442,0.09514586882091755,0.4040740740740741,4.679258752886927e-07,4629.4750394002185,4629.4750394002185,11.918454099970404,9274.254076957703,,fixed_iterations,,0.3323482007246867,0.3323482007246867,0.3339993233219919,0.3339993233219919,0.3333822015280223,0.3333822015280223,388,0.0004336054441275382,0.0004336054441275382,0.00019330193939191755,0.004806070094712412,0.00019330193939191755,0.9306741744029514,0.0004331375182522495,0.3065977336863501,0.3275713364356004,0.29650510428100085,T033_033_033,0
389,32.0,375,125,False,projected_continuous_optimization_loss,389,500,1.4074544409503576e-05,0.9995462425014843,4.320899228851325e-08,4.320899228851325e-08,4.320899228851325e-08,3.291419891554064e-08,3.291419891554064e-08,3.291419891554064e-08,3.291419891554064e-08,3.291419891554064e-08,2.058958674594522e-07,2.058958674594522e-07,2.058958674594522e-07,0.9995462425014843,0.06798899238924462,0.09507300221270724,0.40391975308641975,4.320899228851325e-08,4641.3343145002145,4641.3343145002145,11.859275099996012,9298.018305778503,,fixed_iterations,,0.33310040203393493,0.33310040203393493,0.33343345035888994,0.33343345035888994,0.3330123901086593,0.3330123901086593,389,0.00044015563588021607,0.00044015563588021607,0.00019870554481760482,0.0048290018212522245,0.00019870554481760482,0.9305089802834047,0.00044011242688792756,0.30875621550767024,0.32689432605693963,0.2948584387187949,T033_033_033,0
390,32.0,375,125,False,projected_continuous_optimization_loss,390,500,1.3641007470137438e-05,0.9993048841372257,4.825155795165598e-07,4.825155795165598e-07,4.825155795165598e-07,4.583562763825392e-07,4.583562763825392e-07,4.583562763825392e-07,4.583562763825392e-07,4.583562763825392e-07,4.831860626804106e-07,4.831860626804106e-07,4.831860626804106e-07,0.9993048841372257,0.06794549006890657,0.09500011378341695,0.403641975308642,4.825155795165598e-07,4653.193788400211,4653.193788400211,11.859473899996374,9321.639156103134,,fixed_iterations,,0.3338024660545431,0.3338024660545431,0.3321871181987536,0.3321871181987536,0.33331529988392905,0.33331529988392905,390,0.0004344149260177519,0.0004344149260177519,0.00019065086664649852,0.004875281187425068,0.00019065086664649852,0.9301767861852158,0.0004339324104382353,0.30892003099767595,0.3263274899934338,0.2949292651941061,T033_033_033,0
391,32.0,375,125,False,projected_continuous_optimization_loss,391,500,1.4071613593297875e-05,0.9994719148475826,1.980879737162382e-07,1.980879737162382e-07,1.980879737162382e-07,1.8414427730606324e-07,1.8414427730606324e-07,1.8414427730606324e-07,1.8414427730606324e-07,1.8414427730606324e-07,2.788739282034989e-07,2.788739282034989e-07,2.788739282034989e-07,0.9994719148475826,0.0679015105059209,0.0949303421432763,0.40348765432098765,1.980879737162382e-07,4665.07087910024,4665.07087910024,11.87709070002893,9345.433715581894,,fixed_iterations,,0.3334498850507489,0.3334498850507489,0.33347114794933114,0.33347114794933114,0.33255088184750264,0.33255088184750264,391,0.00044122379118210716,0.00044122379118210716,0.00019952217547861755,0.004834032314069791,0.00019952217547861755,0.9304727944321806,0.00044102570320839093,0.3089597417833502,0.3268200628391043,0.29469298980972625,T033_033_033,0
392,32.0,375,125,False,projected_continuous_optimization_loss,392,500,1.377839007490042e-05,0.9994281819286734,5.120186059990251e-07,5.120186059990251e-07,5.120186059990251e-07,4.956698106642439e-07,4.956698106642439e-07,4.956698106642439e-07,4.956698106642439e-07,4.956698106642439e-07,3.2697590669562396e-07,3.2697590669562396e-07,3.2697590669562396e-07,0.9994281819286734,0.06785776327792103,0.09485888321880827,0.4033333333333333,5.120186059990251e-07,4676.962959300261,4676.962959300261,11.892080200021155,9369.172155380249,,fixed_iterations,,0.33222428797570963,0.33222428797570963,0.3332702746189196,0.3332702746189196,0.33393361933404414,0.33393361933404414,392,0.00042422729392572886,0.00042422729392572886,0.00017815186328851412,0.004921508612744294,0.00017815186328851412,0.9298465352762653,0.0004237152753197298,0.30691229808980497,0.32643821020956704,0.2964960269768933,T033_033_033,0
393,32.0,375,125,False,projected_continuous_optimization_loss,393,500,1.4083571261583233e-05,0.999600620996995,1.9067734203996503e-07,1.9067734203996503e-07,1.9067734203996503e-07,1.827021626379009e-07,1.827021626379009e-07,1.827021626379009e-07,1.827021626379009e-07,1.827021626379009e-07,1.595035880412823e-07,1.595035880412823e-07,1.595035880412823e-07,0.999600620996995,0.06781579979586988,0.09479069060930059,0.40314814814814814,1.9067734203996503e-07,4688.770221000304,4688.770221000304,11.807261700043455,9392.913486242294,,fixed_iterations,,0.3332292956940874,0.3332292956940874,0.33370834780650477,0.33370834780650477,0.3326629774964028,0.3326629774964028,393,0.0004348571569726772,0.0004348571569726772,0.00019312932234221404,0.004834556692609263,0.00019312932234221404,0.9304690235031231,0.00043466647963063724,0.3089942020675991,0.3265423526321367,0.29493246880338725,T033_033_033,0
394,32.0,375,125,False,projected_continuous_optimization_loss,394,500,1.3753837301213942e-05,0.999509595548407,3.554220308180265e-07,3.554220308180265e-07,3.554220308180265e-07,3.433972045109157e-07,3.433972045109157e-07,3.433972045109157e-07,3.433972045109157e-07,3.433972045109157e-07,2.404965261422164e-07,2.404965261422164e-07,2.404965261422164e-07,0.999509595548407,0.06777417300710294,0.09472033000866409,0.4028703703703704,3.554220308180265e-07,4700.603867100261,4700.603867100261,11.83364609995624,9416.64952301979,,fixed_iterations,,0.3337091867948628,0.3337091867948628,0.33235574145869023,0.33235574145869023,0.33344466729485406,0.33344466729485406,394,0.0004325839518388374,0.0004325839518388374,0.0001903358680644421,0.004844961675487905,0.0001903358680644421,0.930394241075268,0.0004322285298080194,0.30919606288101154,0.32629894510221696,0.2948992330920396,T033_033_033,0
395,32.0,375,125,False,projected_continuous_optimization_loss,395,500,1.3910256632238615e-05,0.999777170313195,5.249993924434706e-08,5.249993924434706e-08,5.249993924434706e-08,5.001728577826675e-08,5.001728577826675e-08,5.001728577826675e-08,5.001728577826675e-08,5.001728577826675e-08,4.965306932160625e-08,4.965306932160625e-08,4.965306932160625e-08,0.999777170313195,0.06773192925453941,0.09465289805080057,0.40271604938271605,5.249993924434706e-08,4712.48396840028,4712.48396840028,11.880101300019305,9440.464040279388,,fixed_iterations,,0.3334581190246608,0.3334581190246608,0.33337230055063405,0.33337230055063405,0.3329467507379002,0.3329467507379002,395,0.0004325839518388374,0.0004325839518388374,0.0001903358680644421,0.004844961675487905,0.0001903358680644421,0.930394241075268,0.00043253145189959305,0.30919606288101154,0.32629894510221696,0.2948992330920396,T033_033_033,0
396,32.0,375,125,False,projected_continuous_optimization_loss,396,500,1.359888579015223e-05,0.999924876972151,2.017685104301848e-07,2.017685104301848e-07,2.017685104301848e-07,2.0148633696452506e-07,2.0148633696452506e-07,2.0148633696452506e-07,2.0148633696452506e-07,2.0148633696452506e-07,5.643469313194964e-09,5.643469313194964e-09,5.643469313194964e-09,0.999924876972151,0.0676895870104309,0.09458435216506507,0.40237654320987654,2.017685104301848e-07,4724.317315900291,4724.317315900291,11.83334750001086,9464.225561380386,,fixed_iterations,,0.3326790205466388,0.3326790205466388,0.3336950175391288,0.3336950175391288,0.3335508388863835,0.3335508388863835,396,0.0004230171997385905,0.0004230171997385905,0.0001837147658509423,0.004786048677752963,0.0001837147658509423,0.9308187259603224,0.00042281543122816033,0.3071590717109596,0.32704462914220783,0.29661502510715504,T033_033_033,0
397,32.0,375,125,False,projected_continuous_optimization_loss,397,500,1.3739685912516365e-05,1.0000110489405594,1.0718739475835546e-08,1.0718739475835546e-08,1.0718739475835546e-08,1.071263552146108e-08,1.071263552146108e-08,1.071263552146108e-08,1.071263552146108e-08,1.071263552146108e-08,1.2207908748931234e-10,1.2207908748931234e-10,1.2207908748931234e-10,1.0000110489405594,0.06764819502997904,0.09451600509614079,0.40228395061728395,1.0718739475835546e-08,4736.174378900323,4736.174378900323,11.857063000032213,9487.997694730759,,fixed_iterations,,0.3332020934940707,0.3332020934940707,0.333355323039155,0.333355323039155,0.3334536324073338,0.3334536324073338,397,0.0004158385403448955,0.0004158385403448955,0.00017637729108706428,0.004789224985156624,0.00017637729108706428,0.9307957733577161,0.0004158278216054196,0.3085560483672673,0.3261871712368884,0.29605255375356027,T033_033_033,0
398,32.0,375,125,False,projected_continuous_optimization_loss,398,500,1.3540357745471644e-05,1.000109281997206,1.9167047343401647e-07,1.9167047343401647e-07,1.9167047343401647e-07,1.9107334568835044e-07,1.9107334568835044e-07,1.9107334568835044e-07,1.9107334568835044e-07,1.9107334568835044e-07,1.1942554913320293e-08,1.1942554913320293e-08,1.1942554913320293e-08,1.000109281997206,0.06760681152091354,0.09444781906783918,0.40209876543209877,1.9167047343401647e-07,4748.070548100339,4748.070548100339,11.89616920001572,9511.764424562454,,fixed_iterations,,0.33398260541155667,0.33398260541155667,0.3331339686880225,0.3331339686880225,0.33299270789762675,0.33299270789762675,398,0.0004353605952457847,0.0004353605952457847,0.00019700147299998066,0.004767182444916081,0.00019700147299998066,0.930955214209065,0.0004351689247723507,0.3105120344550907,0.32622399687042897,0.2942191828835455,T033_033_033,0
399,32.0,375,125,False,projected_continuous_optimization_loss,399,500,1.3713032777616725e-05,1.0001599701039894,7.279603967774716e-08,7.279603967774716e-08,7.279603967774716e-08,7.151651796923203e-08,7.151651796923203e-08,7.151651796923203e-08,7.151651796923203e-08,7.151651796923203e-08,2.559043417030263e-08,2.559043417030263e-08,2.559043417030263e-08,1.0001599701039894,0.06756442207958982,0.09437862585546779,0.40194444444444444,7.279603967774716e-08,4759.873011500342,4759.873011500342,11.802463400003035,9535.492355585098,,fixed_iterations,,0.333382162348229,0.333382162348229,0.33306134632292766,0.33306134632292766,0.33371646143283246,0.33371646143283246,399,0.00041823633449159696,0.00041823633449159696,0.0001773077963411353,0.0048185707630092325,0.0001773077963411353,0.9305840741399407,0.0004181635384519192,0.30916666354827593,0.32585884273100785,0.29555856786065704,T033_033_033,0
400,32.0,375,125,False,projected_continuous_optimization_loss,400,500,1.3585680455595712e-05,1.0003662853581277,2.2383352110125088e-07,2.2383352110125088e-07,2.2383352110125088e-07,2.1712527292231545e-07,2.1712527292231545e-07,2.1712527292231545e-07,2.1712527292231545e-07,2.1712527292231545e-07,1.3416496357870843e-07,1.3416496357870843e-07,1.3416496357870843e-07,1.0003662853581277,0.06752176926243843,0.09431078844504863,0.40185185185185185,2.2383352110125088e-07,4771.732908600301,4771.732908600301,11.859897099959198,9559.178847789764,,fixed_iterations,,0.3330836934361867,0.3330836934361867,0.334112768495296,0.334112768495296,0.3331698234266449,0.3331698234266449,400,0.0004128184813883654,0.0004128184813883654,0.00017735493648209436,0.00470927089812542,0.00017735493648209436,0.9313758723324994,0.00041259464786726414,0.3080737486971753,0.3267012118807122,0.29660091175461184,T033_033_033,0
401,32.0,375,125,False,projected_continuous_optimization_loss,401,500,1.3728187373588936e-05,1.0002563994271125,1.027442686269086e-07,1.027442686269086e-07,1.027442686269086e-07,9.94572353157269e-08,9.94572353157269e-08,9.94572353157269e-08,9.94572353157269e-08,9.94572353157269e-08,6.574066622363373e-08,6.574066622363373e-08,6.574066622363373e-08,1.0002563994271125,0.06747952934972332,0.09424024648701405,0.4016358024691358,1.027442686269086e-07,4783.528645900311,4783.528645900311,11.795737300009932,9582.89630818367,,fixed_iterations,,0.3332193625259875,0.3332193625259875,0.33317293062856473,0.33317293062856473,0.33386410627256025,0.33386410627256025,401,0.0004077601504152693,0.0004077601504152693,0.00017123870998527366,0.004730428808599913,0.00017123870998527366,0.9312218871398762,0.0004076574061466424,0.3079406061855673,0.32641146543329264,0.2968698155210163,T033_033_033,0
402,32.0,375,125,False,projected_continuous_optimization_loss,402,500,1.3598650138571574e-05,1.000316518593649,1.912196720536105e-07,1.912196720536105e-07,1.912196720536105e-07,1.862104710473438e-07,1.862104710473438e-07,1.862104710473438e-07,1.862104710473438e-07,1.862104710473438e-07,1.0018402012533418e-07,1.0018402012533418e-07,1.0018402012533418e-07,1.000316518593649,0.06743718595700705,0.09417116686211308,0.4013888888888889,1.912196720536105e-07,4795.4427281003445,4795.4427281003445,11.91408220003359,9606.702983617783,,fixed_iterations,,0.33399411237109755,0.33399411237109755,0.333380854213598,0.333380854213598,0.33294155200895326,0.33294155200895326,402,0.0004292528698088421,0.0004292528698088421,0.00019267854974508946,0.004731486401275053,0.00019267854974508946,0.9312141991303797,0.0004290616501367885,0.3106977383081637,0.326087326228538,0.294429134593678,T033_033_033,0
403,32.0,375,125,False,projected_continuous_optimization_loss,403,500,1.3678656863455022e-05,1.000232879529858,6.069127847770829e-08,6.069127847770829e-08,6.069127847770829e-08,5.797963470636261e-08,5.797963470636261e-08,5.797963470636261e-08,5.797963470636261e-08,5.797963470636261e-08,5.4232875426913615e-08,5.4232875426913615e-08,5.4232875426913615e-08,1.000232879529858,0.06739394006836481,0.09410052592350546,0.4012345679012346,6.069127847770829e-08,4807.288436700357,4807.288436700357,11.845708600012586,9630.477498054504,,fixed_iterations,,0.333385079096962,0.333385079096962,0.33312977846646374,0.33312977846646374,0.3337180219664323,0.3337180219664323,403,0.00041684083120163213,0.00041684083120163213,0.00017833955212116567,0.004770025581609329,0.00017833955212116567,0.9309346282019034,0.0004167801399231544,0.30878058869371605,0.326245283560321,0.2959087559478663,T033_033_033,0
404,32.0,375,125,False,projected_continuous_optimization_loss,404,500,1.3539479292150671e-05,1.0002943504565018,1.1728237536364392e-07,1.1728237536364392e-07,1.1728237536364392e-07,1.1295026580150199e-07,1.1295026580150199e-07,1.1295026580150199e-07,1.1295026580150199e-07,1.1295026580150199e-07,8.664219124283873e-08,8.664219124283873e-08,8.664219124283873e-08,1.0002943504565018,0.06735048607354123,0.09403107664197255,0.4010493827160494,1.1728237536364392e-07,4819.173364000395,4819.173364000395,11.884927300037816,9654.263733386993,,fixed_iterations,,0.3330976096619772,0.3330976096619772,0.33389152231965263,0.33389152231965263,0.333305218474872,0.333305218474872,404,0.00041863771210327443,0.00041863771210327443,0.00018405541698596434,0.004691645902346202,0.00018405541698596434,0.9315044096138575,0.0004185204297279108,0.3080619065530401,0.32705402213801127,0.29638848092280623,T033_033_033,0
405,32.0,375,125,False,projected_continuous_optimization_loss,405,500,1.358737959007189e-05,1.0001562488638822,1.1333563848937242e-08,1.1333563848937242e-08,1.1333563848937242e-08,1.0112878475713117e-08,1.0112878475713117e-08,1.0112878475713117e-08,1.0112878475713117e-08,1.0112878475713117e-08,2.4413707464482476e-08,2.4413707464482476e-08,2.4413707464482476e-08,1.0001562488638822,0.06730746621644287,0.09396008130802769,0.4009567901234568,1.1333563848937242e-08,4831.0268789004185,4831.0268789004185,11.853514900023583,9677.999233484268,,fixed_iterations,,0.3333001719947685,0.3333001719947685,0.3333294275004782,0.3333294275004782,0.3335266493686356,0.3335266493686356,405,0.000414406763460886,0.000414406763460886,0.00017661113068815577,0.004755912655454605,0.00017661113068815577,0.9310368746687434,0.0004143954298970371,0.3082645700107162,0.3264323996359591,0.29633990502206803,T033_033_033,0
406,32.0,375,125,False,projected_continuous_optimization_loss,406,500,1.3472826807137513e-05,1.000067776440623,7.161916333322071e-08,7.161916333322071e-08,7.161916333322071e-08,7.138948103804492e-08,7.138948103804492e-08,7.138948103804492e-08,7.138948103804492e-08,7.138948103804492e-08,4.593645903515781e-09,4.593645903515781e-09,4.593645903515781e-09,1.000067776440623,0.06726441852614426,0.09388955398628694,0.40074074074074073,7.161916333322071e-08,4842.885212900408,4842.885212900408,11.858333999989554,9701.773164749146,,fixed_iterations,,0.33372511306206615,0.33372511306206615,0.33310151668605514,0.33310151668605514,0.3332411466925016,0.3332411466925016,406,0.00041684083120163213,0.00041684083120163213,0.00017833955212116567,0.004770025581609329,0.00017833955212116567,0.9309346282019034,0.0004167692120382989,0.30878058869371605,0.326245283560321,0.2959087559478663,T033_033_033,0
407,32.0,375,125,False,projected_continuous_optimization_loss,407,500,1.3524502868562073e-05,1.0000258855630493,3.196523834107955e-09,3.196523834107955e-09,3.196523834107955e-09,3.16302071538905e-09,3.16302071538905e-09,3.16302071538905e-09,3.16302071538905e-09,3.16302071538905e-09,6.700623743781019e-10,6.700623743781019e-10,6.700623743781019e-10,1.0000258855630493,0.06722088743744839,0.09381933989027494,0.4004938271604938,3.196523834107955e-09,4854.673728700436,4854.673728700436,11.788515800028108,9725.49224948883,,fixed_iterations,,0.33339643829554144,0.33339643829554144,0.3333649134207858,0.3333649134207858,0.33326453384672206,0.33326453384672206,407,0.000414406763460886,0.000414406763460886,0.00017661113068815577,0.004755912655454605,0.00017661113068815577,0.9310368746687434,0.0004144035669370519,0.3082645700107162,0.3264323996359591,0.29633990502206803,T033_033_033,0
408,32.0,375,125,False,projected_continuous_optimization_loss,408,500,1.3447374011323787e-05,0.9999577208167745,6.975565889926823e-08,6.975565889926823e-08,6.975565889926823e-08,6.966628243255736e-08,6.966628243255736e-08,6.966628243255736e-08,6.966628243255736e-08,6.966628243255736e-08,1.7875293342174524e-09,1.7875293342174524e-09,1.7875293342174524e-09,0.9999577208167745,0.06717739091964373,0.09374902918521652,0.4003703703703704,6.975565889926823e-08,4866.567887500394,4866.567887500394,11.89415879995795,9749.330461502075,,fixed_iterations,,0.3329496285579521,0.3329496285579521,0.3334589798113775,0.3334589798113775,0.3335491124474448,0.3335491124474448,408,0.00042054652928902813,0.00042054652928902813,0.0001861972187339088,0.004686986211102385,0.0001861972187339088,0.9315384325982644,0.00042047677363012885,0.30806053591544114,0.32716141844675567,0.29631647823606755,T033_033_033,0
409,32.0,375,125,False,projected_continuous_optimization_loss,409,500,1.3505233842828014e-05,0.9999152306338418,2.4286393008208963e-08,2.4286393008208963e-08,2.4286393008208963e-08,2.392710073626488e-08,2.392710073626488e-08,2.392710073626488e-08,2.392710073626488e-08,2.392710073626488e-08,7.185845438881706e-09,7.185845438881706e-09,7.185845438881706e-09,0.9999152306338418,0.06713444796562781,0.0936791460745616,0.4001851851851852,2.4286393008208963e-08,4878.400735900388,4878.400735900388,11.832848399993964,9773.09363079071,,fixed_iterations,,0.3333431842844674,0.3333431842844674,0.3334725585216944,0.3334725585216944,0.3330994878276799,0.3330994878276799,409,0.00042103787228970875,0.00042103787228970875,0.0001824623208931929,0.004771511027930317,0.0001824623208931929,0.9309238751236703,0.00042101358589670054,0.3082890132183494,0.326618768735914,0.29601609316940675,T033_033_033,0
410,32.0,375,125,False,projected_continuous_optimization_loss,410,500,1.3451175986133773e-05,0.9997814451720691,8.235365122945043e-08,8.235365122945043e-08,8.235365122945043e-08,7.996534058885576e-08,7.996534058885576e-08,7.996534058885576e-08,7.996534058885576e-08,7.996534058885576e-08,4.776621281189326e-08,4.776621281189326e-08,4.776621281189326e-08,0.9997814451720691,0.06709168020446178,0.09360877610909366,0.40012345679012346,8.235365122945043e-08,4890.219484800356,4890.219484800356,11.818748899968341,9796.851972818375,,fixed_iterations,,0.3334832153742208,0.3334832153742208,0.33286155990073873,0.33286155990073873,0.3334366698971095,0.3334366698971095,410,0.00042103787228970875,0.00042103787228970875,0.0001824623208931929,0.004771511027930317,0.0001824623208931929,0.9309238751236703,0.0004209555186384793,0.3082890132183494,0.326618768735914,0.29601609316940675,T033_033_033,0
411,32.0,375,125,False,projected_continuous_optimization_loss,411,500,1.3500689692121808e-05,0.9998423343579371,4.229121295964082e-08,4.229121295964082e-08,4.229121295964082e-08,4.104829022528587e-08,4.104829022528587e-08,4.104829022528587e-08,4.104829022528587e-08,4.104829022528587e-08,2.485845468709905e-08,2.485845468709905e-08,2.485845468709905e-08,0.9998423343579371,0.06704868253944458,0.09353995262260263,0.39987654320987653,4.229121295964082e-08,4902.07367350033,4902.07367350033,11.854188699973747,9820.61547613144,,fixed_iterations,,0.33336646535960923,0.33336646535960923,0.33347467548376797,0.33347467548376797,0.3330011935145599,0.3330011935145599,411,0.00042103787228970875,0.00042103787228970875,0.0001824623208931929,0.004771511027930317,0.0001824623208931929,0.9309238751236703,0.0004209955810767491,0.3082890132183494,0.326618768735914,0.29601609316940675,T033_033_033,0
412,32.0,375,125,False,projected_continuous_optimization_loss,412,500,1.3452027720848558e-05,0.999782004007321,8.311760014589812e-08,8.311760014589812e-08,8.311760014589812e-08,8.074148750469254e-08,8.074148750469254e-08,8.074148750469254e-08,8.074148750469254e-08,8.074148750469254e-08,4.752225282411174e-08,4.752225282411174e-08,4.752225282411174e-08,0.999782004007321,0.06700592819565027,0.09347051871792762,0.3995061728395062,8.311760014589812e-08,4913.971036100294,4913.971036100294,11.897362599964254,9844.37418270111,,fixed_iterations,,0.33291234517177787,0.33291234517177787,0.333261443036299,0.333261443036299,0.33360821579924405,0.33360821579924405,412,0.00042607469213066607,0.00042607469213066607,0.00019009847032180858,0.00471952443617715,0.00019009847032180858,0.9313012049874442,0.0004259915745305202,0.3079467414994302,0.32725529346632604,0.29609917002168806,T033_033_033,0
413,32.0,375,125,False,projected_continuous_optimization_loss,413,500,1.3484303239275953e-05,0.9998337118501718,4.264844728492876e-08,4.264844728492876e-08,4.264844728492876e-08,4.126585984626229e-08,4.126585984626229e-08,4.126585984626229e-08,4.126585984626229e-08,4.126585984626229e-08,2.765174877332941e-08,2.765174877332941e-08,2.765174877332941e-08,0.9998337118501718,0.06696364976761272,0.0934020753134137,0.399320987654321,4.264844728492876e-08,4925.848999300331,4925.848999300331,11.877963200036902,9868.211356639862,,fixed_iterations,,0.3333600622342685,0.3333600622342685,0.3334751852863499,0.3334751852863499,0.3329984643295533,0.3329984643295533,413,0.00042172117064483226,0.00042172117064483226,0.00018252823736762759,0.004783858665544094,0.00018252823736762759,0.930834555842212,0.00042167852219754734,0.3081511863257145,0.3266333526445323,0.2960500168719652,T033_033_033,0
414,32.0,375,125,False,projected_continuous_optimization_loss,414,500,1.3435378400807475e-05,0.9997646049257928,6.860260650676172e-08,6.860260650676172e-08,6.860260650676172e-08,6.58320644587079e-08,6.58320644587079e-08,6.58320644587079e-08,6.58320644587079e-08,6.58320644587079e-08,5.541084096107632e-08,5.541084096107632e-08,5.541084096107632e-08,0.9997646049257928,0.06692156905712895,0.09333299533476322,0.39904320987654324,6.860260650676172e-08,4937.646115500305,4937.646115500305,11.79711619997397,9891.855185985565,,fixed_iterations,,0.33342007191392703,0.33342007191392703,0.332892565881839,0.332892565881839,0.3334519671300267,0.3334519671300267,414,0.00042340250171027686,0.00042340250171027686,0.00018417922460285893,0.004784465542148359,0.00018417922460285893,0.9308301688440086,0.0004233338991037701,0.3082687038077344,0.32665433301964336,0.2959071320166308,T033_033_033,0
415,32.0,375,125,False,projected_continuous_optimization_loss,415,500,1.3452916417932553e-05,0.9998807857706888,3.0483567814601294e-08,3.0483567814601294e-08,3.0483567814601294e-08,2.9772966191085955e-08,2.9772966191085955e-08,2.9772966191085955e-08,2.9772966191085955e-08,2.9772966191085955e-08,1.4212032470306726e-08,1.4212032470306726e-08,1.4212032470306726e-08,0.9998807857706888,0.06687926676400259,0.09326533658217052,0.3988888888888889,3.0483567814601294e-08,4949.299136100279,4949.299136100279,11.653020599973388,9915.302768230438,,fixed_iterations,,0.33334410005905096,0.33334410005905096,0.333475069125454,0.333475069125454,0.3330616165861838,0.3330616165861838,415,0.00042340250171027686,0.00042340250171027686,0.00018417922460285893,0.004784465542148359,0.00018417922460285893,0.9308301688440086,0.00042337201814246223,0.3082687038077344,0.32665433301964336,0.2959071320166308,T033_033_033,0
416,32.0,375,125,False,projected_continuous_optimization_loss,416,500,1.340633692061512e-05,0.9998817390303167,4.813739095251818e-08,4.813739095251818e-08,4.813739095251818e-08,4.743810810499694e-08,4.743810810499694e-08,4.743810810499694e-08,4.743810810499694e-08,4.743810810499694e-08,1.398565695042477e-08,1.398565695042477e-08,1.398565695042477e-08,0.9998817390303167,0.06683715148744997,0.09319700447953978,0.39873456790123457,4.813739095251818e-08,4961.203287900251,4961.203287900251,11.904151799972169,9939.121529579163,,fixed_iterations,,0.33301914313730796,0.33301914313730796,0.33331081362937176,0.33331081362937176,0.33355178226363696,0.33355178226363696,416,0.0004208876758097919,0.0004208876758097919,0.00018600595016196077,0.004697634512956623,0.00018600595016196077,0.9314607082546323,0.0004208395384188394,0.3079349084501473,0.3271638398982544,0.2963619599062306,T033_033_033,0
417,32.0,375,125,False,projected_continuous_optimization_loss,417,500,1.3415567688442513e-05,0.9999520512334314,1.656281861749505e-08,1.656281861749505e-08,1.656281861749505e-08,1.6447864406722784e-08,1.6447864406722784e-08,1.6447864406722784e-08,1.6447864406722784e-08,1.6447864406722784e-08,2.299084215445369e-09,2.299084215445369e-09,2.299084215445369e-09,0.9999520512334314,0.06679530623106432,0.09312921210236613,0.3985493827160494,1.656281861749505e-08,4973.062966600293,4973.062966600293,11.859678700042423,9962.825686693192,,fixed_iterations,,0.3333925590625345,0.3333925590625345,0.33342266975308055,0.33342266975308055,0.33313682241781634,0.33313682241781634,417,0.00042736984155308105,0.00042736984155308105,0.00019144086700113272,0.004718579491038967,0.00019144086700113272,0.931308082782332,0.00042735327873446357,0.3080782529896074,0.3272640569669938,0.2959657728257307,T033_033_033,0
418,32.0,375,125,False,projected_continuous_optimization_loss,418,500,1.3375624064830359e-05,0.9999407048208372,3.075782909266715e-08,3.075782909266715e-08,3.075782909266715e-08,3.058203317907032e-08,3.058203317907032e-08,3.058203317907032e-08,3.058203317907032e-08,3.058203317907032e-08,3.515918271936626e-09,3.515918271936626e-09,3.515918271936626e-09,0.9999407048208372,0.06675347531418616,0.09306092081719304,0.3983333333333333,3.075782909266715e-08,4984.94743490027,4984.94743490027,11.884468299977016,9986.542343139648,,fixed_iterations,,0.3334657900205795,0.3334657900205795,0.3330686705089279,0.3330686705089279,0.33340624429132987,0.33340624429132987,418,0.00041665775299592903,0.00041665775299592903,0.00018017811035692154,0.00472959285278015,0.00018017811035692154,0.9312279646020262,0.0004166269951668364,0.308625021841431,0.32653249166770526,0.29607045109288993,T033_033_033,0
419,32.0,375,125,False,projected_continuous_optimization_loss,419,500,1.3381452891929899e-05,1.0000313652492416,7.142595707197173e-09,7.142595707197173e-09,7.142595707197173e-09,7.093406764196989e-09,7.093406764196989e-09,7.093406764196989e-09,7.093406764196989e-09,7.093406764196989e-09,9.83778860003673e-10,9.83778860003673e-10,9.83778860003673e-10,1.0000313652492416,0.06671135394104738,0.09299333333104108,0.3980864197530864,7.142595707197173e-09,4996.800245600229,4996.800245600229,11.852810699958354,10010.338257789612,,fixed_iterations,,0.33333980110320116,0.33333980110320116,0.3334488784047504,0.3334488784047504,0.3332426857412902,0.3332426857412902,419,0.0004275962052970362,0.0004275962052970362,0.0001943484538799508,0.004664955028341708,0.0001943484538799508,0.9316995239523054,0.00042758906270132897,0.30819420223214117,0.32752730726890045,0.2959780144512638,T033_033_033,0
420,32.0,375,125,False,projected_continuous_optimization_loss,420,500,1.3349413383916674e-05,1.00005109713258,1.9549422545132932e-08,1.9549422545132932e-08,1.9549422545132932e-08,1.9418876697239148e-08,1.9418876697239148e-08,1.9418876697239148e-08,1.9418876697239148e-08,1.9418876697239148e-08,2.610916957875659e-09,2.610916957875659e-09,2.610916957875659e-09,1.00005109713258,0.06666926912814511,0.09292526038415737,0.3978703703703704,1.9549422545132932e-08,5008.656560700212,5008.656560700212,11.856315099983476,10034.093967676163,,fixed_iterations,,0.3331558003553179,0.3331558003553179,0.33342045401998943,0.33342045401998943,0.33347484275727257,0.33347484275727257,420,0.00042974406694421577,0.00042974406694421577,0.00019542829639364431,0.004686315411011429,0.00019542829639364431,0.9315433318732834,0.0004297245175216706,0.3081949931858266,0.3274965017744347,0.29585183691302214,T033_033_033,0
421,32.0,375,125,False,projected_continuous_optimization_loss,421,500,1.3353403248174155e-05,1.0000730678085057,2.8523309997328543e-09,2.8523309997328543e-09,2.8523309997328543e-09,2.585385767741652e-09,2.585385767741652e-09,2.585385767741652e-09,2.585385767741652e-09,2.585385767741652e-09,5.3389046398240465e-09,5.3389046398240465e-09,5.3389046398240465e-09,1.0000730678085057,0.06662729471968874,0.09285713810537913,0.39780864197530863,2.8523309997328543e-09,5020.527352700185,5020.527352700185,11.870791999972425,10057.90618467331,,fixed_iterations,,0.33341715975044467,0.33341715975044467,0.3333629696229861,0.3333629696229861,0.33329293843507485,0.33329293843507485,421,0.0004257137326128312,0.0004257137326128312,0.00019173914302055201,0.004679491791845584,0.00019173914302055201,0.9315931889952062,0.00042571088028183147,0.308138408663633,0.32738983541292227,0.2960649449186509,T033_033_033,0
422,32.0,375,125,False,projected_continuous_optimization_loss,422,500,1.3328311274937483e-05,1.000066373367793,1.3256370753588504e-08,1.3256370753588504e-08,1.3256370753588504e-08,1.3036099555979084e-08,1.3036099555979084e-08,1.3036099555979084e-08,1.3036099555979084e-08,1.3036099555979084e-08,4.405423952188396e-09,4.405423952188396e-09,4.405423952188396e-09,1.000066373367793,0.06658519340777483,0.09278882266340083,0.39753086419753086,1.3256370753588504e-08,5032.376294400194,5032.376294400194,11.848941700009163,10081.643584489822,,fixed_iterations,,0.3334984270902143,0.3334984270902143,0.3332189609906242,0.3332189609906242,0.33334898528695445,0.33334898528695445,422,0.0004257137326128312,0.0004257137326128312,0.00019173914302055201,0.004679491791845584,0.00019173914302055201,0.9315931889952062,0.0004257004762420776,0.308138408663633,0.32738983541292227,0.2960649449186509,T033_033_033,0
423,32.0,375,125,False,projected_continuous_optimization_loss,423,500,1.3330295052308555e-05,1.0000922071300606,1.8186295809313927e-09,1.8186295809313927e-09,1.8186295809313927e-09,1.393521839230406e-09,1.393521839230406e-09,1.393521839230406e-09,1.393521839230406e-09,1.393521839230406e-09,8.502154834019734e-09,8.502154834019734e-09,8.502154834019734e-09,1.0000922071300606,0.06654282572858146,0.09272070693230176,0.39728395061728394,1.8186295809313927e-09,5044.223082200217,5044.223082200217,11.846787800022867,10105.396787166595,,fixed_iterations,,0.3333163094573598,0.3333163094573598,0.3334074407504137,0.3334074407504137,0.3333684569222871,0.3333684569222871,423,0.0004239669215408616,0.0004239669215408616,0.00018943004360896562,0.004690737558637919,0.00018943004360896562,0.931511040607716,0.0004239651029112807,0.3079908509943344,0.3273106762324397,0.296209513380942,T033_033_033,0
424,32.0,375,125,False,projected_continuous_optimization_loss,424,500,1.3310383775297223e-05,1.0000933366217541,9.91548803959933e-09,9.91548803959933e-09,9.91548803959933e-09,9.47990179157549e-09,9.47990179157549e-09,9.47990179157549e-09,9.47990179157549e-09,9.47990179157549e-09,8.711724960476816e-09,8.711724960476816e-09,8.711724960476816e-09,1.0000933366217541,0.06650045333336321,0.09265239947317025,0.39709876543209877,9.91548803959933e-09,5056.08701240021,5056.08701240021,11.863930199993774,10129.189774036407,,fixed_iterations,,0.3332350452158515,0.3332350452158515,0.3334699399947886,0.3334699399947886,0.33338835141111406,0.33338835141111406,424,0.0004266331913887298,0.0004266331913887298,0.00019274027193916007,0.004677858388991394,0.00019274027193916007,0.9316051289277377,0.0004266232759006902,0.3078176125871222,0.32755827751718475,0.2962292388234307,T033_033_033,0
425,32.0,375,125,False,projected_continuous_optimization_loss,425,500,1.3310006154712243e-05,1.0000581725619804,2.343750327700121e-09,2.343750327700121e-09,2.343750327700121e-09,2.1745479793320974e-09,2.1745479793320974e-09,2.1745479793320974e-09,2.1745479793320974e-09,2.1745479793320974e-09,3.3840469673604692e-09,3.3840469673604692e-09,3.3840469673604692e-09,1.0000581725619804,0.06645817411918226,0.09258382946953339,0.39694444444444443,2.343750327700121e-09,5067.946493200201,5067.946493200201,11.859480799990706,10152.922086954117,,fixed_iterations,,0.3334014684337198,0.3334014684337198,0.3332898786926923,0.3332898786926923,0.33336682543556817,0.33336682543556817,425,0.0004260339389129237,0.0004260339389129237,0.00019225178817682952,0.004675643014721884,0.00019225178817682952,0.9316213263164463,0.00042603159516259597,0.30785469600027465,0.32753190430819046,0.2962347260079814,T033_033_033,0
426,32.0,375,125,False,projected_continuous_optimization_loss,426,500,1.3293978574164151e-05,1.000042125265623,8.262729931190088e-09,8.262729931190088e-09,8.262729931190088e-09,8.174003030998389e-09,8.174003030998389e-09,8.174003030998389e-09,8.174003030998389e-09,8.174003030998389e-09,1.7745380038340102e-09,1.7745380038340102e-09,1.7745380038340102e-09,1.000042125265623,0.0664157683455784,0.09251535317143705,0.3966358024691358,8.262729931190088e-09,5079.817770800146,5079.817770800146,11.871277599944733,10176.708530426025,,fixed_iterations,,0.3334748626344648,0.3334748626344648,0.33329213024434606,0.33329213024434606,0.33327513238681233,0.33327513238681233,426,0.0004260339389129237,0.0004260339389129237,0.00019225178817682952,0.004675643014721884,0.00019225178817682952,0.9316213263164463,0.0004260256761829925,0.30785469600027465,0.32753190430819046,0.2962347260079814,T033_033_033,0
427,32.0,375,125,False,projected_continuous_optimization_loss,427,500,1.329141639904687e-05,1.0000204848439476,3.964633433698163e-09,3.964633433698163e-09,3.964633433698163e-09,3.9436519921203564e-09,3.9436519921203564e-09,3.9436519921203564e-09,3.9436519921203564e-09,3.9436519921203564e-09,4.196288315561223e-10,4.196288315561223e-10,4.196288315561223e-10,1.0000204848439476,0.06637323832662659,0.09244690603771066,0.39641975308641975,3.964633433698163e-09,5091.643286600127,5091.643286600127,11.825515799981076,10200.453426599503,,fixed_iterations,,0.333262000530094,0.333262000530094,0.3333427201910455,0.3333427201910455,0.33341576412280804,0.33341576412280804,427,0.00042133031405020254,0.00042133031405020254,0.0001889569098549186,0.004647468083905679,0.0001889569098549186,0.9318276589524337,0.0004213263494167688,0.3077868111297738,0.3275166565016757,0.2965241913209843,T033_033_033,0
428,32.0,375,125,False,projected_continuous_optimization_loss,428,500,1.3278612298759017e-05,1.0000159304217577,8.342846889616694e-09,8.342846889616694e-09,8.342846889616694e-09,8.330157972747726e-09,8.330157972747726e-09,8.330157972747726e-09,8.330157972747726e-09,8.330157972747726e-09,2.537783373793861e-10,2.537783373793861e-10,2.537783373793861e-10,1.0000159304217577,0.0663307587975464,0.09237860140003426,0.396358024691358,8.342846889616694e-09,5103.485887400166,5103.485887400166,11.842600800038781,10224.206173658371,,fixed_iterations,,0.3332626888603388,0.3332626888603388,0.3334670022366503,0.3334670022366503,0.33328623932476864,0.33328623932476864,428,0.00043091343744441695,0.00043091343744441695,0.00019612660309475274,0.004695736686993283,0.00019612660309475274,0.931474554456076,0.00043090509459752733,0.3078781752144847,0.32761369414669367,0.2959826850948976,T033_033_033,0
429,32.0,375,125,False,projected_continuous_optimization_loss,429,500,1.3274494606398896e-05,0.9999558190688995,7.041517264235432e-09,7.041517264235432e-09,7.041517264235432e-09,6.943919530590167e-09,6.943919530590167e-09,6.943919530590167e-09,6.943919530590167e-09,6.943919530590167e-09,1.9519546729052965e-09,1.9519546729052965e-09,1.9519546729052965e-09,0.9999558190688995,0.06628844850925084,0.09231001904577002,0.3960493827160494,7.041517264235432e-09,5115.352343100123,5115.352343100123,11.866455699957442,10248.005306720734,,fixed_iterations,,0.3333552832304788,0.3333552832304788,0.33320328305376684,0.33320328305376684,0.3333972527846539,0.3333972527846539,429,0.00042614778221475324,0.00042614778221475324,0.0001927707496396705,0.004667540651501654,0.0001927707496396705,0.9316805982791003,0.000426140740697489,0.30781020963175626,0.3275980163129794,0.29627237233436476,T033_033_033,0
430,32.0,375,125,False,projected_continuous_optimization_loss,430,500,1.3264731219114405e-05,0.9999595985148695,1.0869109555719028e-08,1.0869109555719028e-08,1.0869109555719028e-08,1.078749555568147e-08,1.078749555568147e-08,1.078749555568147e-08,1.078749555568147e-08,1.078749555568147e-08,1.632280000751189e-09,1.632280000751189e-09,1.632280000751189e-09,0.9999595985148695,0.06624606044210597,0.09224193464457338,0.3957716049382716,1.0869109555719028e-08,5127.178697200085,5127.178697200085,11.826354099961463,10271.753156423569,,fixed_iterations,,0.33343482911026434,0.33343482911026434,0.33334155273828736,0.33334155273828736,0.33318321666631784,0.33318321666631784,430,0.00042614778221475324,0.00042614778221475324,0.0001927707496396705,0.004667540651501654,0.0001927707496396705,0.9316805982791003,0.00042613691310519755,0.30781020963175626,0.3275980163129794,0.29627237233436476,T033_033_033,0
431,32.0,375,125,False,projected_continuous_optimization_loss,431,500,1.3260081197976914e-05,0.9999234174984822,1.3037874264942443e-08,1.3037874264942443e-08,1.3037874264942443e-08,1.274463028800653e-08,1.274463028800653e-08,1.274463028800653e-08,1.274463028800653e-08,1.274463028800653e-08,5.864879538718244e-09,5.864879538718244e-09,5.864879538718244e-09,0.9999234174984822,0.06620371583814945,0.09217377262763359,0.39564814814814814,1.3037874264942443e-08,5139.053322600084,5139.053322600084,11.874625399999786,10295.561585903168,,fixed_iterations,,0.3332010555975944,0.3332010555975944,0.33325838353824183,0.33325838353824183,0.33346397836264596,0.33346397836264596,431,0.00042556949021466627,0.00042556949021466627,0.00019256106955114775,0.00466016841327037,0.00019256106955114775,0.9317345738073044,0.0004255564523404013,0.3079051443291204,0.32757973881974967,0.2962496906584344,T033_033_033,0
432,32.0,375,125,False,projected_continuous_optimization_loss,432,500,1.3253781041894832e-05,0.9999515201988457,1.8230122370857297e-08,1.8230122370857297e-08,1.8230122370857297e-08,1.8112607814858737e-08,1.8112607814858737e-08,1.8112607814858737e-08,1.8112607814858737e-08,1.8112607814858737e-08,2.350291119971206e-09,2.350291119971206e-09,2.350291119971206e-09,0.9999515201988457,0.0661614390816201,0.09210605536773253,0.39546296296296296,1.8230122370857297e-08,5150.898197600094,5150.898197600094,11.844875000009779,10319.361012458801,,fixed_iterations,,0.33329865648573787,0.33329865648573787,0.3334904718529714,0.3334904718529714,0.33316239186013635,0.33316239186013635,432,0.0004256701049406658,0.0004256701049406658,0.00019304192239164532,0.00465256365098041,0.00019304192239164532,0.9317902965042333,0.00042565187481829493,0.3077878267317681,0.32766937114139694,0.2963330986310682,T033_033_033,0
433,32.0,375,125,False,projected_continuous_optimization_loss,433,500,1.325051793869488e-05,0.9998862873514575,2.5906179885930104e-08,2.5906179885930104e-08,2.5906179885930104e-08,2.5259651564003393e-08,2.5259651564003393e-08,2.5259651564003393e-08,2.5259651564003393e-08,2.5259651564003393e-08,1.2930566438534211e-08,1.2930566438534211e-08,1.2930566438534211e-08,0.9998862873514575,0.06611940838047478,0.09203792524205832,0.3952777777777778,2.5906179885930104e-08,5162.777011200087,5162.777011200087,11.87881359999301,10342.953350305557,,fixed_iterations,binary_loss_plateau,0.3333016917326885,0.3333016917326885,0.3330977433297513,0.3330977433297513,0.33348685228901775,0.33348685228901775,433,0.0004256701049406658,0.0004256701049406658,0.00019304192239164532,0.00465256365098041,0.00019304192239164532,0.9317902965042333,0.0004256441987607799,0.3077878267317681,0.32766937114139694,0.2963330986310682,T033_033_033,0
