rank_parameterization,x_upper_px,y_upper_px,x_lower_px,y_lower_px,x_upper_norm,y_upper_norm,x_lower_norm,y_lower_norm,T_total_pred,target_name,loss_pred,target_mse_loss_pred,total_power_loss_pred,ratio_mse_diagnostic_pred,total_power_weight,initial_train_rank,initial_train_sample,initial_train_loss_fdfd,T_1_pred,target_1,T_2_pred,target_2,T_3_pred,target_3,T_4_pred,target_4,search_strategy,candidate_count,inverse_candidate_count,batch_size,batch_count,mlp_inference_time_sec,mlp_screening_time_sec,average_inference_time_per_candidate_sec
0,223.9453887939453,171.94740295410156,122.69673156738281,99.9793701171875,0.999620795249939,0.6656926870346069,0.29650506377220154,0.9996179342269897,0.8879360556602478,T040_010_040_010,0.003376633394509554,0.002748717088252306,0.012558327987790108,0.002748717088252306,0.05,55,50220,0.016167016234712516,0.33673185110092163,0.4000000059604645,0.03477843850851059,0.10000000149011612,0.35408130288124084,0.4000000059604645,0.16234445571899414,0.10000000149011612,frozen_mlp_surrogate_adjoint,900,900,900,700,58.44581460952759,58.44581460952759,0.06493979401058621
1,223.89865112304688,171.9241180419922,122.53495788574219,99.97203063964844,0.9992961883544922,0.6652615070343018,0.29538166522979736,0.9994819760322571,0.8877889513969421,T040_010_040_010,0.003387128235772252,0.0027575623244047165,0.012591319158673286,0.0027575623244047165,0.05,62,51683,0.016727993886937215,0.3365750014781952,0.4000000059604645,0.03482838347554207,0.10000000149011612,0.3538656532764435,0.4000000059604645,0.16251985728740692,0.10000000149011612,frozen_mlp_surrogate_adjoint,900,900,900,700,58.44581460952759,58.44581460952759,0.06493979401058621
2,223.6800079345703,171.95449829101562,122.36439514160156,99.9943618774414,0.9977778792381287,0.6658239364624023,0.2941972017288208,0.9998955726623535,0.8882020115852356,T040_010_040_010,0.003393867053091526,0.002768927486613393,0.01249879039824009,0.002768927486613393,0.05,6,51527,0.008226115008971911,0.3373029828071594,0.4000000059604645,0.03438938781619072,0.10000000149011612,0.3538670539855957,0.4000000059604645,0.16264258325099945,0.10000000149011612,frozen_mlp_surrogate_adjoint,900,900,900,700,58.44581460952759,58.44581460952759,0.06493979401058621
3,223.87400817871094,171.91661071777344,122.556884765625,99.9627914428711,0.999125063419342,0.6651223301887512,0.2955338954925537,0.9993109703063965,0.8874397277832031,T040_010_040_010,0.003397252643480897,0.002763761905953288,0.012669814750552177,0.002763761905953288,0.05,5,51087,0.007428971569331385,0.33650439977645874,0.4000000059604645,0.03481811657547951,0.10000000149011612,0.35351482033729553,0.4000000059604645,0.16260239481925964,0.10000000149011612,frozen_mlp_surrogate_adjoint,900,900,900,700,58.44581460952759,58.44581460952759,0.06493979401058621
4,223.87362670898438,171.90126037597656,122.43680572509766,99.94905090332031,0.9991224408149719,0.6648380756378174,0.294700026512146,0.9990565180778503,0.8872774243354797,T040_010_040_010,0.0034076902084052563,0.002772371284663677,0.012706379406154156,0.002772371284663677,0.05,9,51474,0.008492918761961475,0.33649376034736633,0.4000000059604645,0.03490256145596504,0.10000000149011612,0.3530552387237549,0.4000000059604645,0.16282588243484497,0.10000000149011612,frozen_mlp_surrogate_adjoint,900,900,900,700,58.44581460952759,58.44581460952759,0.06493979401058621
5,223.96104431152344,171.85357666015625,122.4427490234375,99.91631317138672,0.9997294545173645,0.6639552116394043,0.29474133253097534,0.9984502792358398,0.8864703178405762,T040_010_040_010,0.0034252137411385775,0.002780764363706112,0.012888988479971886,0.002780764363706112,0.05,267,50099,0.03384698828865809,0.3358253240585327,0.4000000059604645,0.035231076180934906,0.10000000149011612,0.3523980975151062,0.4000000059604645,0.16301587224006653,0.10000000149011612,frozen_mlp_surrogate_adjoint,900,900,900,700,58.44581460952759,58.44581460952759,0.06493979401058621
6,223.81314086914062,171.79678344726562,122.07492065429688,99.90229797363281,0.9987024068832397,0.6629034280776978,0.2921869456768036,0.998190701007843,0.886055588722229,T040_010_040_010,0.003453053766861558,0.002803887240588665,0.01298332866281271,0.002803887240588665,0.05,34,51030,0.01275232185342089,0.33540380001068115,0.4000000059604645,0.035298291593790054,0.10000000149011612,0.3519432246685028,0.4000000059604645,0.16341033577919006,0.10000000149011612,frozen_mlp_surrogate_adjoint,900,900,900,700,58.44581460952759,58.44581460952759,0.06493979401058621
7,223.9210968017578,171.77182006835938,122.19867706298828,99.87767028808594,0.9994520545005798,0.6624412536621094,0.29304635524749756,0.997734546661377,0.885411262512207,T040_010_040_010,0.0034625506959855556,0.0028060218319296837,0.013130579143762589,0.0028060218319296837,0.05,40,50369,0.013796478826870453,0.33493995666503906,0.4000000059604645,0.035542652010917664,0.10000000149011612,0.35146456956863403,0.4000000059604645,0.16346406936645508,0.10000000149011612,frozen_mlp_surrogate_adjoint,900,900,900,700,58.44581460952759,58.44581460952759,0.06493979401058621
8,223.93374633789062,171.85194396972656,122.87435913085938,99.87749481201172,0.999539852142334,0.6639249324798584,0.297738641500473,0.9977313876152039,0.8847217559814453,T040_010_040_010,0.0034641630481928587,0.00279970932751894,0.0132890734821558,0.00279970932751894,0.05,75,50479,0.018008072937225707,0.33563312888145447,0.4000000059604645,0.03509720042347908,0.10000000149011612,0.3508577048778534,0.4000000059604645,0.16313377022743225,0.10000000149011612,frozen_mlp_surrogate_adjoint,900,900,900,700,58.44581460952759,58.44581460952759,0.06493979401058621
9,223.9578857421875,171.81700134277344,122.62576293945312,99.86605834960938,0.9997075200080872,0.6632777452468872,0.2960122525691986,0.9975195527076721,0.8847827911376953,T040_010_040_010,0.0034701768308877945,0.002806426491588354,0.013275004923343658,0.002806426491588354,0.05,36,51426,0.012955932674386026,0.33537688851356506,0.4000000059604645,0.03532885015010834,0.10000000149011612,0.35070425271987915,0.4000000059604645,0.16337278485298157,0.10000000149011612,frozen_mlp_surrogate_adjoint,900,900,900,700,58.44581460952759,58.44581460952759,0.06493979401058621
10,223.98110961914062,171.66348266601562,122.08904266357422,99.7914810180664,0.9998688697814941,0.660434901714325,0.2922850251197815,0.9961385130882263,0.8831732273101807,T040_010_040_010,0.003532843431457877,0.0028504186775535345,0.013648495078086853,0.0028504186775535345,0.05,151,50588,0.026010152038959865,0.33378732204437256,0.4000000059604645,0.03608174994587898,0.10000000149011612,0.3490440845489502,0.4000000059604645,0.16426002979278564,0.10000000149011612,frozen_mlp_surrogate_adjoint,900,900,900,700,58.44581460952759,58.44581460952759,0.06493979401058621
11,223.4952850341797,171.625732421875,121.34515380859375,99.84663391113281,0.9964950680732727,0.6597356796264648,0.2871191203594208,0.9971598386764526,0.8840838670730591,T040_010_040_010,0.0035383279900997877,0.002866500522941351,0.01343655027449131,0.002866500522941351,0.05,122,50176,0.022297841590843484,0.33368298411369324,0.4000000059604645,0.03560616821050644,0.10000000149011612,0.3504543602466583,0.4000000059604645,0.16434039175510406,0.10000000149011612,frozen_mlp_surrogate_adjoint,900,900,900,700,58.44581460952759,58.44581460952759,0.06493979401058621
12,223.9182586669922,171.6173095703125,121.8492431640625,99.78643798828125,0.999432384967804,0.6595798134803772,0.29061976075172424,0.9960451722145081,0.8829962015151978,T040_010_040_010,0.0035443727392703295,0.0028598783537745476,0.013689888641238213,0.0028598783537745476,0.05,113,51081,0.021758385707933578,0.3332633972167969,0.4000000059604645,0.03621278330683708,0.10000000149011612,0.3491147756576538,0.4000000059604645,0.1644052267074585,0.10000000149011612,frozen_mlp_surrogate_adjoint,900,900,900,700,58.44581460952759,58.44581460952759,0.06493979401058621
13,223.7128143310547,171.55322265625,121.32350158691406,99.76814270019531,0.9980056881904602,0.6583928465843201,0.28696879744529724,0.9957062602043152,0.8825784921646118,T040_010_040_010,0.003584379330277443,0.002894988749176264,0.013787810690701008,0.002894988749176264,0.05,141,50558,0.025059676052797554,0.3329797089099884,0.4000000059604645,0.03624451160430908,0.10000000149011612,0.34834539890289307,0.4000000059604645,0.16500893235206604,0.10000000149011612,frozen_mlp_surrogate_adjoint,900,900,900,700,58.44581460952759,58.44581460952759,0.06493979401058621
14,223.80697631835938,171.48800659179688,121.39005279541016,99.73611450195312,0.998659610748291,0.6571851372718811,0.28743091225624084,0.9951131939888,0.8815243244171143,T040_010_040_010,0.0036040167324244976,0.0029021925292909145,0.01403648592531681,0.0029021925292909145,0.05,348,50194,0.039364346372789016,0.33186206221580505,0.4000000059604645,0.03663494437932968,0.10000000149011612,0.3479662835597992,0.4000000059604645,0.16506096720695496,0.10000000149011612,frozen_mlp_surrogate_adjoint,900,900,900,700,58.44581460952759,58.44581460952759,0.06493979401058621
15,223.8165740966797,171.48153686523438,121.20417785644531,99.71757507324219,0.9987261891365051,0.6570655703544617,0.2861401438713074,0.9947698712348938,0.8814939260482788,T040_010_040_010,0.0036200350150465965,0.0029178503900766373,0.014043689705431461,0.0029178503900766373,0.05,305,50557,0.03674795268607656,0.33217620849609375,0.4000000059604645,0.036710888147354126,0.10000000149011612,0.34715011715888977,0.4000000059604645,0.16545669734477997,0.10000000149011612,frozen_mlp_surrogate_adjoint,900,900,900,700,58.44581460952759,58.44581460952759,0.06493979401058621
16,223.9000701904297,171.19032287597656,120.69355773925781,99.57830047607422,0.9993060827255249,0.6516726613044739,0.2825941741466522,0.9921907782554626,0.8775663375854492,T040_010_040_010,0.003748067654669285,0.00299856741912663,0.014990001916885376,0.00299856741912663,0.05,333,50865,0.03859949574139264,0.3284246027469635,0.4000000059604645,0.03809387981891632,0.10000000149011612,0.3444463312625885,0.4000000059604645,0.16660156846046448,0.10000000149011612,frozen_mlp_surrogate_adjoint,900,900,900,700,58.44581460952759,58.44581460952759,0.06493979401058621
17,222.93011474609375,171.51019287109375,123.39352416992188,99.65690612792969,0.9925702214241028,0.6575960516929626,0.3013438880443573,0.993646502494812,0.8734261989593506,T040_010_040_010,0.0038002454675734043,0.0029991990886628628,0.01602092757821083,0.0029991990886628628,0.05,860,51630,0.06271010353585994,0.33082178235054016,0.4000000059604645,0.03464743494987488,0.10000000149011612,0.34319910407066345,0.4000000059604645,0.16475781798362732,0.10000000149011612,frozen_mlp_surrogate_adjoint,900,900,900,700,58.44581460952759,58.44581460952759,0.06493979401058621
18,223.6652069091797,171.3353271484375,123.02914428710938,99.52194213867188,0.9976750016212463,0.6543580293655396,0.29881349205970764,0.991146981716156,0.8721430897712708,T040_010_040_010,0.003842645790427923,0.00302527635358274,0.016347389668226242,0.00302527635358274,0.05,583,51050,0.0509787359024759,0.32887184619903564,0.4000000059604645,0.036606647074222565,0.10000000149011612,0.3408394455909729,0.4000000059604645,0.16582518815994263,0.10000000149011612,frozen_mlp_surrogate_adjoint,900,900,900,700,58.44581460952759,58.44581460952759,0.06493979401058621
19,223.7393341064453,171.4656982421875,127.8239974975586,99.50389862060547,0.9981898665428162,0.6567721366882324,0.33211109042167664,0.9908129572868347,0.8631734848022461,T040_010_040_010,0.003878238145262003,0.002942163497209549,0.01872149482369423,0.002942163497209549,0.05,762,51531,0.0578605949672985,0.3250645399093628,0.4000000059604645,0.03505953773856163,0.10000000149011612,0.34112969040870667,0.4000000059604645,0.1619197130203247,0.10000000149011612,frozen_mlp_surrogate_adjoint,900,900,900,700,58.44581460952759,58.44581460952759,0.06493979401058621
20,223.87107849121094,171.21499633789062,128.48736572265625,99.46100616455078,0.9991046786308289,0.6521297097206116,0.33671775460243225,0.9900186061859131,0.8593106269836426,T040_010_040_010,0.003920884802937508,0.002931209746748209,0.019793499261140823,0.002931209746748209,0.05,864,50222,0.06300111962589948,0.31959742307662964,0.4000000059604645,0.036065127700567245,0.10000000149011612,0.34296080470085144,0.4000000059604645,0.16068729758262634,0.10000000149011612,frozen_mlp_surrogate_adjoint,900,900,900,700,58.44581460952759,58.44581460952759,0.06493979401058621
21,223.79354858398438,171.191162109375,128.25985717773438,99.46061706542969,0.9985663294792175,0.6516880393028259,0.33513784408569336,0.9900113940238953,0.8593607544898987,T040_010_040_010,0.003930201288312674,0.002941231243312359,0.019779397174715996,0.002941231243312359,0.05,711,51602,0.056433642768598344,0.3194577097892761,0.4000000059604645,0.03611920773983002,0.10000000149011612,0.34290680289268494,0.4000000059604645,0.1608770340681076,0.10000000149011612,frozen_mlp_surrogate_adjoint,900,900,900,700,58.44581460952759,58.44581460952759,0.06493979401058621
22,223.2416229248047,171.5120849609375,125.87554931640625,99.50267028808594,0.994733452796936,0.6576312780380249,0.3185802400112152,0.9907901287078857,0.86612468957901,T040_010_040_010,0.003933324478566647,0.0030371947214007378,0.017922598868608475,0.0030371947214007378,0.05,489,50981,0.04701589635051765,0.3289510905742645,0.4000000059604645,0.034571997821331024,0.10000000149011612,0.3383161127567291,0.4000000059604645,0.16428548097610474,0.10000000149011612,frozen_mlp_surrogate_adjoint,900,900,900,700,58.44581460952759,58.44581460952759,0.06493979401058621
23,222.92181396484375,171.3712158203125,125.54087829589844,99.51863098144531,0.992512583732605,0.6550226211547852,0.3162561058998108,0.9910857081413269,0.8650193214416504,T040_010_040_010,0.00395419355481863,0.0030432045459747314,0.018219783902168274,0.0030432045459747314,0.05,556,51600,0.05002781401468985,0.3265293836593628,0.4000000059604645,0.0346728079020977,0.10000000149011612,0.33982622623443604,0.4000000059604645,0.16399088501930237,0.10000000149011612,frozen_mlp_surrogate_adjoint,900,900,900,700,58.44581460952759,58.44581460952759,0.06493979401058621
24,223.5786895751953,171.19105529785156,128.91183471679688,99.45350646972656,0.9970742464065552,0.6516861915588379,0.3396654725074768,0.9898797273635864,0.857367992401123,T040_010_040_010,0.003961934242397547,0.0029447395354509354,0.02034389041364193,0.0029447395354509354,0.05,761,50051,0.05775262621360013,0.31893861293792725,0.4000000059604645,0.035568900406360626,0.10000000149011612,0.34252429008483887,0.4000000059604645,0.16033616662025452,0.10000000149011612,frozen_mlp_surrogate_adjoint,900,900,900,700,58.44581460952759,58.44581460952759,0.06493979401058621
25,223.7832794189453,171.1353302001953,128.4352569580078,99.4244613647461,0.9984949827194214,0.6506542563438416,0.33635595440864563,0.9893418550491333,0.8578511476516724,T040_010_040_010,0.003962497692555189,0.0029521826654672623,0.02020629681646824,0.0029521826654672623,0.05,477,51647,0.04615693249696502,0.3185434341430664,0.4000000059604645,0.036322180181741714,0.10000000149011612,0.3421171009540558,0.4000000059604645,0.16086842119693756,0.10000000149011612,frozen_mlp_surrogate_adjoint,900,900,900,700,58.44581460952759,58.44581460952759,0.06493979401058621
26,221.7434539794922,171.08718872070312,120.48558807373047,99.59431457519531,0.9843295216560364,0.6497626900672913,0.2811499238014221,0.9924873113632202,0.8711674213409424,T040_010_040_010,0.004005307797342539,0.0031754160299897194,0.01659783348441124,0.0031754160299897194,0.05,744,51263,0.05740983987877221,0.32746922969818115,0.4000000059604645,0.035008788108825684,0.10000000149011612,0.34136584401130676,0.4000000059604645,0.16732358932495117,0.10000000149011612,frozen_mlp_surrogate_adjoint,900,900,900,700,58.44581460952759,58.44581460952759,0.06493979401058621
27,222.8246307373047,171.20269775390625,131.7804412841797,99.38499450683594,0.9918376803398132,0.6519019603729248,0.3595863878726959,0.9886110424995422,0.848450779914856,T040_010_040_010,0.004118387587368488,0.0029700291343033314,0.02296716533601284,0.0029700291343033314,0.05,743,50632,0.05738235048177499,0.31713253259658813,0.4000000059604645,0.033404119312763214,0.10000000149011612,0.3395097851753235,0.4000000059604645,0.1584043800830841,0.10000000149011612,frozen_mlp_surrogate_adjoint,900,900,900,700,58.44581460952759,58.44581460952759,0.06493979401058621
28,215.864501953125,171.2154541015625,115.20211791992188,99.97059631347656,0.9435034394264221,0.6521381139755249,0.2444591522216797,0.9994555115699768,0.8810261487960815,T040_010_040_010,0.004150030203163624,0.0034422914031893015,0.014154776930809021,0.0034422914031893015,0.05,136,51648,0.024560940286066337,0.33668434619903564,0.4000000059604645,0.028508931398391724,0.10000000149011612,0.34505659341812134,0.4000000059604645,0.17077623307704926,0.10000000149011612,frozen_mlp_surrogate_adjoint,900,900,900,700,58.44581460952759,58.44581460952759,0.06493979401058621
29,198.39764404296875,166.3693389892578,223.92385864257812,85.77188873291016,0.8222058415412903,0.5623950958251953,0.9994712471961975,0.7365164756774902,0.7145057916641235,T040_010_040_010,0.0041729058139026165,9.755847713677213e-05,0.08150694519281387,9.755847713677213e-05,0.05,821,50211,0.06102867275536665,0.27370619773864746,0.4000000059604645,0.07676614820957184,0.10000000149011612,0.2901042103767395,0.4000000059604645,0.07392928004264832,0.10000000149011612,frozen_mlp_surrogate_adjoint,900,900,900,700,58.44581460952759,58.44581460952759,0.06493979401058621
30,198.40011596679688,166.37155151367188,223.9208526611328,85.7393569946289,0.8222230076789856,0.5624362826347351,0.9994503855705261,0.7359139919281006,0.7143725752830505,T040_010_040_010,0.0041741724126040936,9.502094326307997e-05,0.08158302307128906,9.502094326307997e-05,0.05,1,50595,0.006003929720585905,0.27379506826400757,0.4000000059604645,0.07689396291971207,0.10000000149011612,0.28930336236953735,0.4000000059604645,0.07438022643327713,0.10000000149011612,frozen_mlp_surrogate_adjoint,900,900,900,700,58.44581460952759,58.44581460952759,0.06493979401058621
31,198.40386962890625,166.3733673095703,223.9133758544922,85.76792907714844,0.8222490549087524,0.5624697208404541,0.9993984699249268,0.7364431023597717,0.714401125907898,T040_010_040_010,0.0041744764894247055,9.614109876565635e-05,0.0815667137503624,9.614109876565635e-05,0.05,238,51018,0.03144034510330043,0.27374595403671265,0.4000000059604645,0.07676681131124496,0.10000000149011612,0.28987404704093933,0.4000000059604645,0.07401429116725922,0.10000000149011612,frozen_mlp_surrogate_adjoint,900,900,900,700,58.44581460952759,58.44581460952759,0.06493979401058621
32,198.39353942871094,166.36843872070312,223.9109649658203,85.80697631835938,0.8221773505210876,0.562378466129303,0.9993816614151001,0.7371662259101868,0.7144967913627625,T040_010_040_010,0.00417545298114419,9.984894859371707e-05,0.08151207864284515,9.984894859371707e-05,0.05,29,51572,0.011736869907930322,0.2736170291900635,0.4000000059604645,0.07661321759223938,0.10000000149011612,0.29075875878334045,0.4000000059604645,0.07350780069828033,0.10000000149011612,frozen_mlp_surrogate_adjoint,900,900,900,700,58.44581460952759,58.44581460952759,0.06493979401058621
33,198.53823852539062,166.3780517578125,223.8975372314453,85.76856994628906,0.8231822848320007,0.5625563859939575,0.9992884397506714,0.7364549040794373,0.7137696743011475,T040_010_040_010,0.004178602714091539,8.221260213758796e-05,0.08192779868841171,8.221260213758796e-05,0.05,20,50495,0.010490213387676292,0.2744070887565613,0.4000000059604645,0.07646492123603821,0.10000000149011612,0.28893059492111206,0.4000000059604645,0.07396706938743591,0.10000000149011612,frozen_mlp_surrogate_adjoint,900,900,900,700,58.44581460952759,58.44581460952759,0.06493979401058621
34,198.36949157714844,166.356201171875,223.88014221191406,85.7569351196289,0.822010338306427,0.5621518492698669,0.9991676807403564,0.7362395524978638,0.7141870260238647,T040_010_040_010,0.004179209936410189,9.475716797169298e-05,0.08168905973434448,9.475716797169298e-05,0.05,0,50526,0.00514830144024928,0.27374154329299927,0.4000000059604645,0.07687471807003021,0.10000000149011612,0.2892136573791504,0.4000000059604645,0.07435711473226547,0.10000000149011612,frozen_mlp_surrogate_adjoint,900,900,900,700,58.44581460952759,58.44581460952759,0.06493979401058621
35,198.36972045898438,166.362548828125,223.83282470703125,85.80517578125,0.8220118880271912,0.562269389629364,0.9988390803337097,0.7371329069137573,0.7139921188354492,T040_010_040_010,0.004184958525002003,9.493290417594835e-05,0.08180050551891327,9.493290417594835e-05,0.05,891,50121,0.06463466548749618,0.2736701965332031,0.4000000059604645,0.07666061073541641,0.10000000149011612,0.28977838158607483,0.4000000059604645,0.07388295233249664,0.10000000149011612,frozen_mlp_surrogate_adjoint,900,900,900,700,58.44581460952759,58.44581460952759,0.06493979401058621
36,198.34449768066406,166.35235595703125,223.82989501953125,85.74998474121094,0.8218367695808411,0.5620805621147156,0.9988186955451965,0.7361109256744385,0.7139001488685608,T040_010_040_010,0.004185942001640797,9.328598389402032e-05,0.08185312151908875,9.328598389402032e-05,0.05,49,51132,0.01560266294419432,0.2737448215484619,0.4000000059604645,0.07695672661066055,0.10000000149011612,0.2885054349899292,0.4000000059604645,0.07469314336776733,0.10000000149011612,frozen_mlp_surrogate_adjoint,900,900,900,700,58.44581460952759,58.44581460952759,0.06493979401058621
37,198.28903198242188,166.3548583984375,223.7754364013672,85.8348388671875,0.8214516639709473,0.5621271133422852,0.9984405636787415,0.7376821041107178,0.7139226794242859,T040_010_040_010,0.004192187916487455,0.00010017618478741497,0.08184023201465607,0.00010017618478741497,0.05,137,18,0.024693510366856734,0.27333149313926697,0.4000000059604645,0.07669296860694885,0.10000000149011612,0.2901138663291931,0.4000000059604645,0.07378437370061874,0.10000000149011612,frozen_mlp_surrogate_adjoint,900,900,900,700,58.44581460952759,58.44581460952759,0.06493979401058621
38,198.34878540039062,166.34860229492188,223.7822265625,85.80979919433594,0.8218666315078735,0.5620111227035522,0.9984877109527588,0.7372184991836548,0.71363365650177,T040_010_040_010,0.004192332271486521,9.204809612128884e-05,0.08200567960739136,9.204809612128884e-05,0.05,14,51432,0.009467004145501213,0.2737026810646057,0.4000000059604645,0.07666318118572235,0.10000000149011612,0.28919553756713867,0.4000000059604645,0.07407227158546448,0.10000000149011612,frozen_mlp_surrogate_adjoint,900,900,900,700,58.44581460952759,58.44581460952759,0.06493979401058621
39,198.28309631347656,166.34954833984375,223.7680206298828,85.82667541503906,0.8214104175567627,0.5620285272598267,0.9983890056610107,0.7375310063362122,0.7138432264328003,T040_010_040_010,0.004193237517029047,9.895267430692911e-05,0.0818856954574585,9.895267430692911e-05,0.05,465,51225,0.04548689544532748,0.27335959672927856,0.4000000059604645,0.07673580199480057,0.10000000149011612,0.2898050546646118,0.4000000059604645,0.07394275814294815,0.10000000149011612,frozen_mlp_surrogate_adjoint,900,900,900,700,58.44581460952759,58.44581460952759,0.06493979401058621
40,198.1672821044922,166.3507843017578,223.65699768066406,85.85427856445312,0.8206061124801636,0.56205153465271,0.9976180195808411,0.7380422353744507,0.7135719656944275,T040_010_040_010,0.004206436220556498,0.00010438542813062668,0.08204101771116257,0.00010438542813062668,0.05,82,51516,0.018790084908566755,0.2729167938232422,0.4000000059604645,0.07686038315296173,0.10000000149011612,0.28971076011657715,0.4000000059604645,0.07408402860164642,0.10000000149011612,frozen_mlp_surrogate_adjoint,900,900,900,700,58.44581460952759,58.44581460952759,0.06493979401058621
41,198.30517578125,166.36749267578125,223.640625,85.9012222290039,0.8215637803077698,0.5623608231544495,0.9975042939186096,0.738911509513855,0.7130999565124512,T040_010_040_010,0.00420975498855114,9.417323599336669e-05,0.08231163769960403,9.417323599336669e-05,0.05,27,51492,0.011506069794602477,0.2734198570251465,0.4000000059604645,0.07635711878538132,0.10000000149011612,0.28993555903434753,0.4000000059604645,0.07338736206293106,0.10000000149011612,frozen_mlp_surrogate_adjoint,900,900,900,700,58.44581460952759,58.44581460952759,0.06493979401058621
42,198.15188598632812,166.35116577148438,223.58055114746094,85.90167999267578,0.8204991817474365,0.5620586276054382,0.9970871806144714,0.7389199733734131,0.7131984233856201,T040_010_040_010,0.00421627564355731,0.00010351825039833784,0.08225514739751816,0.00010351825039833784,0.05,19,50175,0.010325431337542533,0.2728480398654938,0.4000000059604645,0.07667691260576248,0.10000000149011612,0.28990283608436584,0.4000000059604645,0.07377064973115921,0.10000000149011612,frozen_mlp_surrogate_adjoint,900,900,900,700,58.44581460952759,58.44581460952759,0.06493979401058621
43,198.132080078125,166.3430633544922,223.5792694091797,85.89102935791016,0.8203616738319397,0.5619086027145386,0.9970782995223999,0.7387227416038513,0.7131977081298828,T040_010_040_010,0.004216547589749098,0.00010376959835411981,0.08225555717945099,0.00010376959835411981,0.05,182,51040,0.028006136959936503,0.2728157937526703,0.4000000059604645,0.07675956934690475,0.10000000149011612,0.28966856002807617,0.4000000059604645,0.07395372539758682,0.10000000149011612,frozen_mlp_surrogate_adjoint,900,900,900,700,58.44581460952759,58.44581460952759,0.06493979401058621
44,198.129150390625,166.3415069580078,223.5408172607422,85.89598846435547,0.8203413486480713,0.5618798136711121,0.9968112111091614,0.7388145923614502,0.7129329442977905,T040_010_040_010,0.004221531096845865,0.00010115592158399522,0.08240749686956406,0.00010115592158399522,0.05,404,50389,0.04210722049134142,0.2728632986545563,0.4000000059604645,0.07673783600330353,0.10000000149011612,0.2892828583717346,0.4000000059604645,0.0740489661693573,0.10000000149011612,frozen_mlp_surrogate_adjoint,900,900,900,700,58.44581460952759,58.44581460952759,0.06493979401058621
45,198.12669372558594,166.35321044921875,223.53277587890625,85.87813568115234,0.8203242421150208,0.5620965957641602,0.9967554211616516,0.7384840250015259,0.7128505110740662,T040_010_040_010,0.004223376978188753,0.00010063523222925141,0.08245483040809631,0.00010063523222925141,0.05,100,51170,0.020804299907978635,0.2728560268878937,0.4000000059604645,0.07681383937597275,0.10000000149011612,0.2888835370540619,0.4000000059604645,0.07429711520671844,0.10000000149011612,frozen_mlp_surrogate_adjoint,900,900,900,700,58.44581460952759,58.44581460952759,0.06493979401058621
46,198.0712127685547,166.3480682373047,223.48155212402344,85.91971588134766,0.8199389576911926,0.5620013475418091,0.9963996410369873,0.7392539978027344,0.7128173112869263,T040_010_040_010,0.004228636156767607,0.0001049413185683079,0.08247389644384384,0.0001049413185683079,0.05,97,50541,0.020526434215056642,0.27259451150894165,0.4000000059604645,0.07675819844007492,0.10000000149011612,0.2894735038280487,0.4000000059604645,0.0739910826086998,0.10000000149011612,frozen_mlp_surrogate_adjoint,900,900,900,700,58.44581460952759,58.44581460952759,0.06493979401058621
47,198.04150390625,166.33253479003906,223.45394897460938,85.89244079589844,0.819732666015625,0.5617135763168335,0.9962079524993896,0.7387488484382629,0.7126065492630005,T040_010_040_010,0.0042324853129684925,0.00010273515363223851,0.08259499818086624,0.00010273515363223851,0.05,148,50193,0.02583179134698312,0.2726396918296814,0.4000000059604645,0.07693390548229218,0.10000000149011612,0.2884973883628845,0.4000000059604645,0.0745355412364006,0.10000000149011612,frozen_mlp_surrogate_adjoint,900,900,900,700,58.44581460952759,58.44581460952759,0.06493979401058621
48,198.08175659179688,166.344482421875,223.41595458984375,85.93905639648438,0.8200122714042664,0.5619348287582397,0.995944082736969,0.7396121025085449,0.7123363018035889,T040_010_040_010,0.004237123765051365,9.960361057892442e-05,0.08275040239095688,9.960361057892442e-05,0.05,295,50605,0.036030286069917206,0.27272796630859375,0.4000000059604645,0.07664148509502411,0.10000000149011612,0.28896981477737427,0.4000000059604645,0.07399699836969376,0.10000000149011612,frozen_mlp_surrogate_adjoint,900,900,900,700,58.44581460952759,58.44581460952759,0.06493979401058621
49,197.98240661621094,166.33840942382812,223.39651489257812,85.96281433105469,0.8193222880363464,0.5618222951889038,0.9958090782165527,0.7400521636009216,0.712615966796875,T040_010_040_010,0.004239389672875404,0.00010991029557771981,0.08258958160877228,0.00010991029557771981,0.05,399,51246,0.041902209929844766,0.27224022150039673,0.4000000059604645,0.07674918323755264,0.10000000149011612,0.2897935211658478,0.4000000059604645,0.07383303344249725,0.10000000149011612,frozen_mlp_surrogate_adjoint,900,900,900,700,58.44581460952759,58.44581460952759,0.06493979401058621
50,197.98887634277344,166.33425903320312,223.36572265625,85.96739959716797,0.8193671703338623,0.5617455244064331,0.9955952763557434,0.7401370406150818,0.7123500108718872,T040_010_040_010,0.004243555478751659,0.00010642940469551831,0.08274251967668533,0.00010642940469551831,0.05,526,50163,0.0486356578222806,0.2723308801651001,0.4000000059604645,0.07670482993125916,0.10000000149011612,0.2894132733345032,0.4000000059604645,0.07390104234218597,0.10000000149011612,frozen_mlp_surrogate_adjoint,900,900,900,700,58.44581460952759,58.44581460952759,0.06493979401058621
51,198.07406616210938,166.35519409179688,223.35122680664062,85.98115539550781,0.8199588656425476,0.5621331930160522,0.9954946041107178,0.740391731262207,0.7119722962379456,T040_010_040_010,0.004247147124260664,9.914901602314785e-05,0.08295995742082596,9.914901602314785e-05,0.05,447,51386,0.044401175494648414,0.27263596653938293,0.4000000059604645,0.07644522190093994,0.10000000149011612,0.28923168778419495,0.4000000059604645,0.07365942001342773,0.10000000149011612,frozen_mlp_surrogate_adjoint,900,900,900,700,58.44581460952759,58.44581460952759,0.06493979401058621
52,197.95611572265625,166.33755493164062,223.33346557617188,85.99454498291016,0.8191396594047546,0.5618064999580383,0.9953712821006775,0.7406396865844727,0.7123289704322815,T040_010_040_010,0.004247688222676516,0.00010995699267368764,0.08275461941957474,0.00010995699267368764,0.05,168,50582,0.027289053345075198,0.2721424698829651,0.4000000059604645,0.07665687054395676,0.10000000149011612,0.28985321521759033,0.4000000059604645,0.07367639988660812,0.10000000149011612,frozen_mlp_surrogate_adjoint,900,900,900,700,58.44581460952759,58.44581460952759,0.06493979401058621
53,198.05059814453125,166.35037231445312,223.34262084960938,85.95890808105469,0.8197958469390869,0.5620440244674683,0.9954348206520081,0.7399797439575195,0.711920976638794,T040_010_040_010,0.004248237702995539,9.876154217636213e-05,0.08298952132463455,9.876154217636213e-05,0.05,207,51298,0.02975246115602926,0.27261584997177124,0.4000000059604645,0.07658921927213669,0.10000000149011612,0.288689523935318,0.4000000059604645,0.07402636855840683,0.10000000149011612,frozen_mlp_surrogate_adjoint,900,900,900,700,58.44581460952759,58.44581460952759,0.06493979401058621
54,222.44485473632812,171.1095428466797,135.32931518554688,99.35633850097656,0.9892003536224365,0.6501766443252563,0.38423141837120056,0.9880802631378174,0.83771151304245,T040_010_040_010,0.004253321792930365,0.0029364442452788353,0.026337552815675735,0.0029364442452788353,0.05,671,50370,0.054626529368646475,0.3137640357017517,0.4000000059604645,0.031034357845783234,0.10000000149011612,0.33846259117126465,0.4000000059604645,0.15445053577423096,0.10000000149011612,frozen_mlp_surrogate_adjoint,900,900,900,700,58.44581460952759,58.44581460952759,0.06493979401058621
55,197.74502563476562,166.326416015625,223.07000732421875,86.06173706054688,0.8176738619804382,0.5616003274917603,0.9935417175292969,0.7418841123580933,0.7113233804702759,T040_010_040_010,0.004281424451619387,0.00011471455218270421,0.08333419263362885,0.00011471455218270421,0.05,323,50969,0.03790477713424526,0.27144497632980347,0.4000000059604645,0.07677452266216278,0.10000000149011612,0.2891005277633667,0.4000000059604645,0.07400335371494293,0.10000000149011612,frozen_mlp_surrogate_adjoint,900,900,900,700,58.44581460952759,58.44581460952759,0.06493979401058621
56,197.72213745117188,166.32730102539062,222.9706573486328,86.08624267578125,0.8175148963928223,0.5616165995597839,0.9928517937660217,0.7423378825187683,0.7107014656066895,T040_010_040_010,0.004295291379094124,0.00011060942779295146,0.08369363844394684,0.00011060942779295146,0.05,96,50011,0.020495248571146776,0.2714329659938812,0.4000000059604645,0.07668639719486237,0.10000000149011612,0.2884979248046875,0.4000000059604645,0.07408415526151657,0.10000000149011612,frozen_mlp_surrogate_adjoint,900,900,900,700,58.44581460952759,58.44581460952759,0.06493979401058621
57,197.59332275390625,166.2704620361328,222.7262725830078,86.15061950683594,0.8166202306747437,0.5605642199516296,0.991154670715332,0.7435299158096313,0.7093408107757568,T040_010_040_010,0.0043281628750264645,0.00010402472980786115,0.08448276668787003,0.00010402472980786115,0.05,297,50813,0.036067838599532165,0.2713141441345215,0.4000000059604645,0.07662130892276764,0.10000000149011612,0.286979079246521,0.4000000059604645,0.07442629337310791,0.10000000149011612,frozen_mlp_surrogate_adjoint,900,900,900,700,58.44581460952759,58.44581460952759,0.06493979401058621
58,216.6045684814453,173.05282592773438,144.54176330566406,99.9192123413086,0.9486428499221802,0.6861633658409119,0.44820666313171387,0.9985039234161377,0.8201274871826172,T040_010_040_010,0.004332186654210091,0.0027144805062562227,0.032354120165109634,0.0027144805062562227,0.05,167,50618,0.027078396634142732,0.3314550518989563,0.4000000059604645,0.021013103425502777,0.10000000149011612,0.32592979073524475,0.4000000059604645,0.14172951877117157,0.10000000149011612,frozen_mlp_surrogate_adjoint,900,900,900,700,58.44581460952759,58.44581460952759,0.06493979401058621
59,197.58428955078125,166.2726287841797,222.5288543701172,86.20801544189453,0.8165575265884399,0.5606042742729187,0.9897837042808533,0.7445928454399109,0.7080866694450378,T040_010_040_010,0.00435512512922287,9.445525938645005e-05,0.08521339297294617,9.445525938645005e-05,0.05,755,50722,0.05762248377407085,0.27145916223526,0.4000000059604645,0.0763639435172081,0.10000000149011612,0.2858133018016815,0.4000000059604645,0.07445025444030762,0.10000000149011612,frozen_mlp_surrogate_adjoint,900,900,900,700,58.44581460952759,58.44581460952759,0.06493979401058621
60,215.2790069580078,173.02359008789062,134.43264770507812,99.9192123413086,0.9394375681877136,0.6856222152709961,0.3780045211315155,0.9985039234161377,0.8446924090385437,T040_010_040_010,0.004380015656352043,0.003173992969095707,0.024120448157191277,0.003173992969095707,0.05,24,50774,0.01102175410192536,0.3366740942001343,0.4000000059604645,0.021610744297504425,0.10000000149011612,0.33083030581474304,0.4000000059604645,0.15557725727558136,0.10000000149011612,frozen_mlp_surrogate_adjoint,900,900,900,700,58.44581460952759,58.44581460952759,0.06493979401058621
61,197.49932861328125,166.23095703125,222.2855987548828,86.2869644165039,0.8159675002098083,0.5598326921463013,0.9880943894386292,0.7460548877716064,0.7065756916999817,T040_010_040_010,0.004391798749566078,8.690780668985099e-05,0.0860978215932846,8.690780668985099e-05,0.05,153,50925,0.02605734663852835,0.2714344263076782,0.4000000059604645,0.07611588388681412,0.10000000149011612,0.28451046347618103,0.4000000059604645,0.07451490312814713,0.10000000149011612,frozen_mlp_surrogate_adjoint,900,900,900,700,58.44581460952759,58.44581460952759,0.06493979401058621
62,197.18447875976562,166.19921875,222.18850708007812,86.22517395019531,0.8137811422348022,0.559244692325592,0.9874201416969299,0.7449105381965637,0.7067501544952393,T040_010_040_010,0.0044112009927630424,0.00011142696166643873,0.08599547296762466,0.00011142696166643873,0.05,635,50004,0.05316213602438059,0.27033403515815735,0.4000000059604645,0.07704664766788483,0.10000000149011612,0.28333646059036255,0.4000000059604645,0.07603298127651215,0.10000000149011612,frozen_mlp_surrogate_adjoint,900,900,900,700,58.44581460952759,58.44581460952759,0.06493979401058621
63,197.2113037109375,166.13449096679688,222.12130737304688,86.35812377929688,0.8139673471450806,0.5580461025238037,0.9869535565376282,0.7473726868629456,0.7060738801956177,T040_010_040_010,0.004417614545673132,9.798628161661327e-05,0.08639256656169891,9.798628161661327e-05,0.05,289,51238,0.03551398783318742,0.270516037940979,0.4000000059604645,0.07630117237567902,0.10000000149011612,0.284615695476532,0.4000000059604645,0.07464100420475006,0.10000000149011612,frozen_mlp_surrogate_adjoint,900,900,900,700,58.44581460952759,58.44581460952759,0.06493979401058621
64,214.8421630859375,172.83982849121094,134.32443237304688,99.86170959472656,0.9364039301872253,0.6822190284729004,0.37725305557250977,0.9974390268325806,0.841990053653717,T040_010_040_010,0.004433133639395237,0.003184776520356536,0.024967143312096596,0.003184776520356536,0.05,189,51106,0.02857935217618813,0.33515509963035583,0.4000000059604645,0.02203211933374405,0.10000000149011612,0.32915112376213074,0.4000000059604645,0.1556517481803894,0.10000000149011612,frozen_mlp_surrogate_adjoint,900,900,900,700,58.44581460952759,58.44581460952759,0.06493979401058621
65,197.20303344726562,165.9453887939453,221.98866271972656,86.71760559082031,0.8139098882675171,0.5545443296432495,0.9860323667526245,0.7540296316146851,0.7049415111541748,T040_010_040_010,0.004450464621186256,9.748904267325997e-05,0.08705951273441315,9.748904267325997e-05,0.05,662,51231,0.05402762913747652,0.2705901265144348,0.4000000059604645,0.0744275152683258,0.10000000149011612,0.2889348864555359,0.4000000059604645,0.0709889829158783,0.10000000149011612,frozen_mlp_surrogate_adjoint,900,900,900,700,58.44581460952759,58.44581460952759,0.06493979401058621
66,197.1758270263672,165.9396209716797,221.95257568359375,86.74308776855469,0.8137210011482239,0.5544373393058777,0.985781729221344,0.7545016407966614,0.7048157453536987,T040_010_040_010,0.004456396214663982,9.970876999432221e-05,0.0871337428689003,9.970876999432221e-05,0.05,748,50585,0.05747741307739828,0.2704622745513916,0.4000000059604645,0.07434016466140747,0.10000000149011612,0.2891123294830322,0.4000000059604645,0.07090099900960922,0.10000000149011612,frozen_mlp_surrogate_adjoint,900,900,900,700,58.44581460952759,58.44581460952759,0.06493979401058621
67,197.24609375,165.9356689453125,221.83273315429688,86.78327941894531,0.814208984375,0.5543642044067383,0.9849495887756348,0.7552458643913269,0.7037651538848877,T040_010_040_010,0.004472241271287203,8.448660810245201e-05,0.08775508403778076,8.448660810245201e-05,0.05,456,51058,0.045001233313986776,0.27094727754592896,0.4000000059604645,0.07399120181798935,0.10000000149011612,0.28803718090057373,0.4000000059604645,0.07078942656517029,0.10000000149011612,frozen_mlp_surrogate_adjoint,900,900,900,700,58.44581460952759,58.44581460952759,0.06493979401058621
68,197.12648010253906,165.88475036621094,221.8112030029297,86.80659484863281,0.8133783340454102,0.5534212589263916,0.9847999811172485,0.7556777000427246,0.7039355635643005,T040_010_040_010,0.0044741565361619,9.144888463197276e-05,0.08765415102243423,9.144888463197276e-05,0.05,599,51613,0.05154477044146311,0.2705745995044708,0.4000000059604645,0.07408236712217331,0.10000000149011612,0.2883870005607605,0.4000000059604645,0.07089153677225113,0.10000000149011612,frozen_mlp_surrogate_adjoint,900,900,900,700,58.44581460952759,58.44581460952759,0.06493979401058621
69,199.8359832763672,173.53736877441406,80.07189178466797,99.88616943359375,0.8321943283081055,0.6951364874839783,0.000499228946864605,0.9978920817375183,0.9457442760467529,T040_010_040_010,0.0044984836131334305,0.0043512992560863495,0.002943683648481965,0.0043512992560863495,0.05,130,51099,0.023766427404071276,0.36817771196365356,0.4000000059604645,0.027949199080467224,0.10000000149011612,0.3531033396720886,0.4000000059604645,0.19651401042938232,0.10000000149011612,frozen_mlp_surrogate_adjoint,900,900,900,700,58.44581460952759,58.44581460952759,0.06493979401058621
70,215.0777587890625,172.73097229003906,134.58782958984375,99.79145812988281,0.9380399584770203,0.6802031397819519,0.37908217310905457,0.9961381554603577,0.8400540947914124,T040_010_040_010,0.004498804919421673,0.0032196701504290104,0.0255826935172081,0.0032196701504290104,0.05,221,50729,0.030692873948811657,0.33413246273994446,0.4000000059604645,0.021949678659439087,0.10000000149011612,0.3280602991580963,0.4000000059604645,0.1559116095304489,0.10000000149011612,frozen_mlp_surrogate_adjoint,900,900,900,700,58.44581460952759,58.44581460952759,0.06493979401058621
71,200.1647186279297,173.56268310546875,81.30298614501953,99.92881774902344,0.8344771862030029,0.6956053376197815,0.009048505686223507,0.9986817240715027,0.942643404006958,T040_010_040_010,0.004500482697039843,0.004335993900895119,0.003289779182523489,0.004335993900895119,0.05,355,51078,0.03964437400447203,0.36848750710487366,0.4000000059604645,0.02675142139196396,0.10000000149011612,0.3523065745830536,0.4000000059604645,0.1950979232788086,0.10000000149011612,frozen_mlp_surrogate_adjoint,900,900,900,700,58.44581460952759,58.44581460952759,0.06493979401058621
72,209.9949493408203,171.11534118652344,144.7676239013672,99.9874038696289,0.9027427434921265,0.6502841711044312,0.44977518916130066,0.9997667670249939,0.7943521738052368,T040_010_040_010,0.004526147153228521,0.002411595778539777,0.042291026562452316,0.002411595778539777,0.05,12,50667,0.008935743220167285,0.30777546763420105,0.4000000059604645,0.028915535658597946,0.10000000149011612,0.3196457028388977,0.4000000059604645,0.138015478849411,0.10000000149011612,frozen_mlp_surrogate_adjoint,900,900,900,700,58.44581460952759,58.44581460952759,0.06493979401058621
73,210.0645751953125,171.12892150878906,144.76779174804688,99.97677612304688,0.9032262563705444,0.6505356431007385,0.4497763514518738,0.999569833278656,0.7943176031112671,T040_010_040_010,0.004534143954515457,0.00241888128221035,0.042305249720811844,0.00241888128221035,0.05,10,51269,0.008637743603946382,0.3079261779785156,0.4000000059604645,0.02881721407175064,0.10000000149011612,0.31945863366127014,0.4000000059604645,0.13811559975147247,0.10000000149011612,frozen_mlp_surrogate_adjoint,900,900,900,700,58.44581460952759,58.44581460952759,0.06493979401058621
74,210.2978973388672,171.0848388671875,144.8629150390625,99.94540405273438,0.9048465490341187,0.6497191190719604,0.45043694972991943,0.9989890456199646,0.7937530279159546,T040_010_040_010,0.004557215608656406,0.0024303251411765814,0.042537812143564224,0.0024303251411765814,0.05,73,50142,0.01789948776644921,0.3075962960720062,0.4000000059604645,0.028639018535614014,0.10000000149011612,0.31941500306129456,0.4000000059604645,0.1381026804447174,0.10000000149011612,frozen_mlp_surrogate_adjoint,900,900,900,700,58.44581460952759,58.44581460952759,0.06493979401058621
75,199.78631591796875,173.48394775390625,80.08650207519531,99.831298828125,0.8318493962287903,0.6941471695899963,0.0006007012561894953,0.9968760013580322,0.9439504146575928,T040_010_040_010,0.0045613739639520645,0.004404296167194843,0.0031415559351444244,0.004404296167194843,0.05,173,51267,0.027463633813322872,0.3680035471916199,0.4000000059604645,0.02796107903122902,0.10000000149011612,0.3511507213115692,0.4000000059604645,0.19683507084846497,0.10000000149011612,frozen_mlp_surrogate_adjoint,900,900,900,700,58.44581460952759,58.44581460952759,0.06493979401058621
76,209.90597534179688,170.9175567626953,144.790283203125,99.92472839355469,0.90212482213974,0.6466215252876282,0.4499324858188629,0.9986061453819275,0.7926187515258789,T040_010_040_010,0.0045733219012618065,0.002422973047941923,0.043006982654333115,0.002422973047941923,0.05,174,51016,0.02746613819888488,0.306635320186615,0.4000000059604645,0.02930363267660141,0.10000000149011612,0.31840261816978455,0.4000000059604645,0.13827714323997498,0.10000000149011612,frozen_mlp_surrogate_adjoint,900,900,900,700,58.44581460952759,58.44581460952759,0.06493979401058621
77,216.56536865234375,172.40216064453125,145.26646423339844,99.63134002685547,0.9483705759048462,0.6741139888763428,0.4532393217086792,0.9931729435920715,0.809798538684845,T040_010_040_010,0.004578869789838791,0.0027700397185981274,0.03617659583687782,0.0027700397185981274,0.05,309,50513,0.037082240376847334,0.32600346207618713,0.4000000059604645,0.0216996967792511,0.10000000149011612,0.3200221061706543,0.4000000059604645,0.14207328855991364,0.10000000149011612,frozen_mlp_surrogate_adjoint,900,900,900,700,58.44581460952759,58.44581460952759,0.06493979401058621
78,199.93942260742188,173.45323181152344,80.4865493774414,99.83013916015625,0.8329126238822937,0.69357830286026,0.003378838999196887,0.9968544840812683,0.9422852993011475,T040_010_040_010,0.004579673521220684,0.004413124173879623,0.003330986713990569,0.004413124173879623,0.05,198,50959,0.02919833698470176,0.36762094497680664,0.4000000059604645,0.027570001780986786,0.10000000149011612,0.3506263792514801,0.4000000059604645,0.19646801054477692,0.10000000149011612,frozen_mlp_surrogate_adjoint,900,900,900,700,58.44581460952759,58.44581460952759,0.06493979401058621
79,210.55923461914062,171.04232788085938,144.9187469482422,99.90609741210938,0.9066613912582397,0.6489320397377014,0.45082464814186096,0.998261034488678,0.7931990623474121,T040_010_040_010,0.004586508497595787,0.002448177430778742,0.04276662692427635,0.002448177430778742,0.05,91,50612,0.020075229680593422,0.3073308765888214,0.4000000059604645,0.028420791029930115,0.10000000149011612,0.31924042105674744,0.4000000059604645,0.13820695877075195,0.10000000149011612,frozen_mlp_surrogate_adjoint,900,900,900,700,58.44581460952759,58.44581460952759,0.06493979401058621
80,210.54293823242188,171.03366088867188,144.91490173339844,99.9052734375,0.9065482020378113,0.6487714052200317,0.4507979154586792,0.9982458353042603,0.7931488752365112,T040_010_040_010,0.004587136209011078,0.00244776695035398,0.04278738796710968,0.00244776695035398,0.05,281,51124,0.03524386711125404,0.30727577209472656,0.4000000059604645,0.028450898826122284,0.10000000149011612,0.31921088695526123,0.4000000059604645,0.13821129500865936,0.10000000149011612,frozen_mlp_surrogate_adjoint,900,900,900,700,58.44581460952759,58.44581460952759,0.06493979401058621
81,214.85755920410156,172.4889373779297,134.31930541992188,99.6983642578125,0.9365108013153076,0.6757211089134216,0.37721744179725647,0.994414210319519,0.8373828530311584,T040_010_040_010,0.004588709212839603,0.0032664923928678036,0.026444336399435997,0.0032664923928678036,0.05,574,50566,0.05059844355873773,0.33224862813949585,0.4000000059604645,0.02229303866624832,0.10000000149011612,0.3262753486633301,0.4000000059604645,0.1565658301115036,0.10000000149011612,frozen_mlp_surrogate_adjoint,900,900,900,700,58.44581460952759,58.44581460952759,0.06493979401058621
82,210.5888214111328,171.006103515625,144.87554931640625,99.89028930664062,0.9068668484687805,0.6482612490653992,0.4505247175693512,0.9979683756828308,0.7929818630218506,T040_010_040_010,0.004598648753017187,0.0024558231234550476,0.04285651072859764,0.0024558231234550476,0.05,138,51431,0.02477917803706759,0.30713093280792236,0.4000000059604645,0.02843385934829712,0.10000000149011612,0.3190842568874359,0.4000000059604645,0.1383328139781952,0.10000000149011612,frozen_mlp_surrogate_adjoint,900,900,900,700,58.44581460952759,58.44581460952759,0.06493979401058621
83,196.6536102294922,165.57786560058594,220.79672241210938,87.32389831542969,0.8100945353507996,0.5477381348609924,0.9777550101280212,0.7652574181556702,0.6988314986228943,T040_010_040_010,0.004607056267559528,7.193308556452394e-05,0.09070246666669846,7.193308556452394e-05,0.05,371,50923,0.040638518412845194,0.270209401845932,0.4000000059604645,0.07204832881689072,0.10000000149011612,0.28652408719062805,0.4000000059604645,0.0700496956706047,0.10000000149011612,frozen_mlp_surrogate_adjoint,900,900,900,700,58.44581460952759,58.44581460952759,0.06493979401058621
84,217.00978088378906,172.40293884277344,144.5374755859375,99.60044860839844,0.9514568448066711,0.6741285920143127,0.44817692041397095,0.9926008582115173,0.8122954368591309,T040_010_040_010,0.004607391078025103,0.0028457408770918846,0.03523300215601921,0.0028457408770918846,0.05,135,51234,0.02452512651046758,0.3263796269893646,0.4000000059604645,0.02136079967021942,0.10000000149011612,0.3208153545856476,0.4000000059604645,0.14373967051506042,0.10000000149011612,frozen_mlp_surrogate_adjoint,900,900,900,700,58.44581460952759,58.44581460952759,0.06493979401058621
85,196.55438232421875,165.5537567138672,220.76959228515625,87.33592987060547,0.809405505657196,0.5472916960716248,0.977566659450531,0.7654801607131958,0.6989394426345825,T040_010_040_010,0.004609552212059498,7.767938222968951e-05,0.0906374603509903,7.767938222968951e-05,0.05,698,50543,0.055959771190407105,0.26985496282577515,0.4000000059604645,0.07215311378240585,0.10000000149011612,0.2867961823940277,0.4000000059604645,0.07013518363237381,0.10000000149011612,frozen_mlp_surrogate_adjoint,900,900,900,700,58.44581460952759,58.44581460952759,0.06493979401058621
86,199.87982177734375,173.39581298828125,80.39017486572266,99.79878234863281,0.8324987888336182,0.6925151944160461,0.0027095358818769455,0.9962737560272217,0.9412740468978882,T040_010_040_010,0.0046122134663164616,0.004439776763319969,0.0034487375523895025,0.004439776763319969,0.05,602,45,0.051585028325837334,0.367027223110199,0.4000000059604645,0.02769777923822403,0.10000000149011612,0.3498499095439911,0.4000000059604645,0.1966991424560547,0.10000000149011612,frozen_mlp_surrogate_adjoint,900,900,900,700,58.44581460952759,58.44581460952759,0.06493979401058621
87,216.7682342529297,172.33721923828125,145.0987548828125,99.58885192871094,0.9497794508934021,0.6729115843772888,0.45207470655441284,0.9923861026763916,0.8096683025360107,T040_010_040_010,0.004617006052285433,0.0028056984301656485,0.03622615337371826,0.0028056984301656485,0.05,191,51309,0.028705830272958817,0.3255866467952728,0.4000000059604645,0.02161620557308197,0.10000000149011612,0.31973525881767273,0.4000000059604645,0.1427302360534668,0.10000000149011612,frozen_mlp_surrogate_adjoint,900,900,900,700,58.44581460952759,58.44581460952759,0.06493979401058621
88,210.71307373046875,170.95606994628906,144.90585327148438,99.86126708984375,0.9077296257019043,0.6473346948623657,0.45073503255844116,0.9974308609962463,0.7924589514732361,T040_010_040_010,0.004620454739779234,0.0024667903780937195,0.04307328537106514,0.0024667903780937195,0.05,274,50094,0.03443296027149459,0.306829571723938,0.4000000059604645,0.028373822569847107,0.10000000149011612,0.3188318908214569,0.4000000059604645,0.1384236216545105,0.10000000149011612,frozen_mlp_surrogate_adjoint,900,900,900,700,58.44581460952759,58.44581460952759,0.06493979401058621
89,199.8096923828125,173.36614990234375,80.04438018798828,99.76553344726562,0.8320117592811584,0.691965639591217,0.000308210524963215,0.9956580400466919,0.9415321350097656,T040_010_040_010,0.004637150559574366,0.0044662258587777615,0.0034184912219643593,0.0044662258587777615,0.05,781,51458,0.0588693199139059,0.3668254613876343,0.4000000059604645,0.028028178960084915,0.10000000149011612,0.3494258522987366,0.4000000059604645,0.19725260138511658,0.10000000149011612,frozen_mlp_surrogate_adjoint,900,900,900,700,58.44581460952759,58.44581460952759,0.06493979401058621
90,196.37962341308594,165.4991455078125,220.4636993408203,87.46145629882812,0.8081918358802795,0.5462803840637207,0.9754423499107361,0.7678046822547913,0.6975876092910767,T040_010_040_010,0.004648949485272169,7.628670573467389e-05,0.09145325422286987,7.628670573467389e-05,0.05,893,51214,0.06469814480460559,0.269477903842926,0.4000000059604645,0.07175544649362564,0.10000000149011612,0.2863214910030365,0.4000000059604645,0.07003280520439148,0.10000000149011612,frozen_mlp_surrogate_adjoint,900,900,900,700,58.44581460952759,58.44581460952759,0.06493979401058621
91,199.91201782226562,173.32167053222656,80.48734283447266,99.75920104980469,0.8327223658561707,0.6911420822143555,0.0033843140117824078,0.9955407977104187,0.9393337965011597,T040_010_040_010,0.004663543310016394,0.004479523748159409,0.0036803882103413343,0.004479523748159409,0.05,798,51108,0.05979006294100257,0.3663104772567749,0.4000000059604645,0.027626246213912964,0.10000000149011612,0.3485715985298157,0.4000000059604645,0.1968255341053009,0.10000000149011612,frozen_mlp_surrogate_adjoint,900,900,900,700,58.44581460952759,58.44581460952759,0.06493979401058621
92,209.94911193847656,170.5801544189453,144.82177734375,99.8004379272461,0.9024243950843811,0.640373170375824,0.4501512050628662,0.9963043928146362,0.7896450757980347,T040_010_040_010,0.004669465124607086,0.0024570049718022346,0.044249195605516434,0.0024570049718022346,0.05,506,51186,0.04789099971224512,0.30468031764030457,0.4000000059604645,0.029749415814876556,0.10000000149011612,0.3164111375808716,0.4000000059604645,0.13880416750907898,0.10000000149011612,frozen_mlp_surrogate_adjoint,900,900,900,700,58.44581460952759,58.44581460952759,0.06493979401058621
93,223.7689971923828,177.94699096679688,89.46223449707031,99.97634887695312,0.9983958601951599,0.7767960429191589,0.06570995599031448,0.9995620846748352,0.9591501951217651,T040_010_040_010,0.004687069915235043,0.004603634588420391,0.0016687065362930298,0.004603634588420391,0.05,13,50229,0.009392377761271064,0.40109455585479736,0.4000000059604645,0.01501474529504776,0.10000000149011612,0.35183969140052795,0.4000000059604645,0.19120119512081146,0.10000000149011612,frozen_mlp_surrogate_adjoint,900,900,900,700,58.44581460952759,58.44581460952759,0.06493979401058621
94,199.91290283203125,173.27926635742188,80.3068618774414,99.73258209228516,0.8327284455299377,0.6903566718101501,0.0021310069132596254,0.9950478076934814,0.9390445947647095,T040_010_040_010,0.00468811159953475,0.004502333700656891,0.003715561470016837,0.004502333700656891,0.05,786,50316,0.05905383327312253,0.3658549189567566,0.4000000059604645,0.02779579907655716,0.10000000149011612,0.3482206165790558,0.4000000059604645,0.19717323780059814,0.10000000149011612,frozen_mlp_surrogate_adjoint,900,900,900,700,58.44581460952759,58.44581460952759,0.06493979401058621
95,200.24612426757812,173.2631378173828,81.61346435546875,99.77755737304688,0.8350424766540527,0.6900580525398254,0.011204625479876995,0.9958806037902832,0.9351822733879089,T040_010_040_010,0.0046920268796384335,0.004481960088014603,0.004201337695121765,0.004481960088014603,0.05,440,50407,0.044064438670247126,0.365459144115448,0.4000000059604645,0.02655826508998871,0.10000000149011612,0.3475731313228607,0.4000000059604645,0.1955917626619339,0.10000000149011612,frozen_mlp_surrogate_adjoint,900,900,900,700,58.44581460952759,58.44581460952759,0.06493979401058621
96,195.9510498046875,165.34500122070312,219.80767822265625,87.73184204101562,0.80521559715271,0.5434260964393616,0.9708867073059082,0.7728118300437927,0.6947751641273499,T040_010_040_010,0.004732264671474695,7.41548792575486e-05,0.09316220134496689,7.41548792575486e-05,0.05,726,50878,0.056924478813886605,0.268623411655426,0.4000000059604645,0.07096174359321594,0.10000000149011612,0.28529682755470276,0.4000000059604645,0.06989320367574692,0.10000000149011612,frozen_mlp_surrogate_adjoint,900,900,900,700,58.44581460952759,58.44581460952759,0.06493979401058621
97,212.40953063964844,170.92300415039062,145.16604614257812,99.68665313720703,0.9195106029510498,0.646722137928009,0.4525420367717743,0.9941972494125366,0.7910971641540527,T040_010_040_010,0.004753603599965572,0.0025715837255120277,0.043640393763780594,0.0025715837255120277,0.05,416,50353,0.042779311389333836,0.3065808415412903,0.4000000059604645,0.02658712863922119,0.10000000149011612,0.3190278708934784,0.4000000059604645,0.13890135288238525,0.10000000149011612,frozen_mlp_surrogate_adjoint,900,900,900,700,58.44581460952759,58.44581460952759,0.06493979401058621
98,212.06451416015625,170.81797790527344,145.05874633789062,99.6810073852539,0.9171147346496582,0.6447772979736328,0.4517967998981476,0.9940927624702454,0.7905257940292358,T040_010_040_010,0.004757879301905632,0.0025639068335294724,0.043879441916942596,0.0025639068335294724,0.05,551,50640,0.049869269310446454,0.3060084879398346,0.4000000059604645,0.02710363268852234,0.10000000149011612,0.31834676861763,0.4000000059604645,0.13906694948673248,0.10000000149011612,frozen_mlp_surrogate_adjoint,900,900,900,700,58.44581460952759,58.44581460952759,0.06493979401058621
99,195.79727172851562,165.23776245117188,219.50367736816406,87.84675598144531,0.8041476607322693,0.541439950466156,0.9687755107879639,0.774940013885498,0.6932321786880493,T040_010_040_010,0.004767920821905136,6.259593646973372e-05,0.09410649538040161,6.259593646973372e-05,0.05,595,51437,0.05133003572687148,0.268733948469162,0.4000000059604645,0.07054150849580765,0.10000000149011612,0.284016489982605,0.4000000059604645,0.06994019448757172,0.10000000149011612,frozen_mlp_surrogate_adjoint,900,900,900,700,58.44581460952759,58.44581460952759,0.06493979401058621
100,210.5880889892578,170.2965087890625,145.20428466796875,99.64601135253906,0.9068617224693298,0.6351205706596375,0.4528075158596039,0.993444561958313,0.7862582206726074,T040_010_040_010,0.004787682555615902,0.0025034048594534397,0.0456855483353138,0.0025034048594534397,0.05,867,51176,0.06311016049383956,0.3028969466686249,0.4000000059604645,0.029514692723751068,0.10000000149011612,0.3148576617240906,0.4000000059604645,0.1389889121055603,0.10000000149011612,frozen_mlp_surrogate_adjoint,900,900,900,700,58.44581460952759,58.44581460952759,0.06493979401058621
101,212.53526306152344,170.79800415039062,145.26873779296875,99.63066101074219,0.9203838109970093,0.6444075107574463,0.4532551169395447,0.9931603670120239,0.7897595167160034,T040_010_040_010,0.004795938730239868,0.0025858855806291103,0.04420106112957001,0.0025858855806291103,0.05,663,50786,0.05406678512682579,0.30583277344703674,0.4000000059604645,0.026645183563232422,0.10000000149011612,0.31825557351112366,0.4000000059604645,0.13902601599693298,0.10000000149011612,frozen_mlp_surrogate_adjoint,900,900,900,700,58.44581460952759,58.44581460952759,0.06493979401058621
102,200.06793212890625,173.14854431152344,81.15665435791016,99.66693878173828,0.8338050842285156,0.687936007976532,0.008032325655221939,0.9938322305679321,0.9332318305969238,T040_010_040_010,0.004807071294635534,0.004584171809256077,0.0044579883106052876,0.004584171809256077,0.05,792,51003,0.05925581367034412,0.36480262875556946,0.4000000059604645,0.02704155445098877,0.10000000149011612,0.3446896970272064,0.4000000059604645,0.19669798016548157,0.10000000149011612,frozen_mlp_surrogate_adjoint,900,900,900,700,58.44581460952759,58.44581460952759,0.06493979401058621
103,200.12110900878906,173.12326049804688,81.16331481933594,99.66417694091797,0.834174394607544,0.6874679327011108,0.00807858444750309,0.9937810301780701,0.9329493045806885,T040_010_040_010,0.004810983315110207,0.004586193710565567,0.00449579581618309,0.004586193710565567,0.05,731,50020,0.05698453821819161,0.3643937110900879,0.4000000059604645,0.027028970420360565,0.10000000149011612,0.3448178768157959,0.4000000059604645,0.1967087686061859,0.10000000149011612,frozen_mlp_surrogate_adjoint,900,900,900,700,58.44581460952759,58.44581460952759,0.06493979401058621
104,213.14041137695312,170.86370849609375,145.1138916015625,99.59461975097656,0.9245862364768982,0.6456243991851807,0.452179878950119,0.9924929738044739,0.7905012369155884,T040_010_040_010,0.004825890529900789,0.002631403971463442,0.04388973116874695,0.002631403971463442,0.05,754,51420,0.05758522478303277,0.30625370144844055,0.4000000059604645,0.025857046246528625,0.10000000149011612,0.3189988434314728,0.4000000059604645,0.13939166069030762,0.10000000149011612,frozen_mlp_surrogate_adjoint,900,900,900,700,58.44581460952759,58.44581460952759,0.06493979401058621
105,212.9689483642578,170.73077392578125,145.30613708496094,99.56068420410156,0.9233954548835754,0.6431623101234436,0.45351484417915344,0.9918646216392517,0.7889113426208496,T040_010_040_010,0.004850325174629688,0.002622404368594289,0.04455842077732086,0.002622404368594289,0.05,678,50523,0.05513527200283446,0.3054720163345337,0.4000000059604645,0.02626817673444748,0.10000000149011612,0.31784576177597046,0.4000000059604645,0.13932541012763977,0.10000000149011612,frozen_mlp_surrogate_adjoint,900,900,900,700,58.44581460952759,58.44581460952759,0.06493979401058621
106,205.88136291503906,168.89236450195312,101.56217956542969,99.84140014648438,0.8741761445999146,0.6091177463531494,0.1497373878955841,0.9970628619194031,0.8492841720581055,T040_010_040_010,0.004880646709352732,0.0037448834627866745,0.022715261206030846,0.0037448834627866745,0.05,193,51557,0.028789662042960327,0.3212581276893616,0.4000000059604645,0.025314711034297943,0.10000000149011612,0.33480125665664673,0.4000000059604645,0.16791009902954102,0.10000000149011612,frozen_mlp_surrogate_adjoint,900,900,900,700,58.44581460952759,58.44581460952759,0.06493979401058621
107,220.1631317138672,178.79293823242188,85.17835998535156,99.8746337890625,0.9733551144599915,0.7924618124961853,0.0359608493745327,0.9976783394813538,0.9652116298675537,T040_010_040_010,0.004977228119969368,0.004916716367006302,0.0012102307518944144,0.004916716367006302,0.05,128,50331,0.02341722210277968,0.4052063822746277,0.4000000059604645,0.01265917718410492,0.10000000149011612,0.3520161211490631,0.4000000059604645,0.1953299343585968,0.10000000149011612,frozen_mlp_surrogate_adjoint,900,900,900,700,58.44581460952759,58.44581460952759,0.06493979401058621
108,216.1892547607422,170.03367614746094,145.95767211914062,99.38887786865234,0.9457587599754333,0.6302531957626343,0.45803937315940857,0.9886829257011414,0.7867686748504639,T040_010_040_010,0.004987719468772411,0.002714339876547456,0.045467596501111984,0.002714339876547456,0.05,425,51489,0.04327402433121518,0.298429399728775,0.4000000059604645,0.024466894567012787,0.10000000149011612,0.32722723484039307,0.4000000059604645,0.1366451233625412,0.10000000149011612,frozen_mlp_surrogate_adjoint,900,900,900,700,58.44581460952759,58.44581460952759,0.06493979401058621
109,216.1790771484375,169.99755859375,145.9244384765625,99.38661193847656,0.9456880688667297,0.6295844912528992,0.4578085243701935,0.9886409044265747,0.7866957187652588,T040_010_040_010,0.004988276399672031,0.002713340800255537,0.045498717576265335,0.002713340800255537,0.05,411,50842,0.04246754188285276,0.29815053939819336,0.4000000059604645,0.0245630145072937,0.10000000149011612,0.3273928463459015,0.4000000059604645,0.13658928871154785,0.10000000149011612,frozen_mlp_surrogate_adjoint,900,900,900,700,58.44581460952759,58.44581460952759,0.06493979401058621
110,216.14768981933594,169.7865753173828,146.0811309814453,99.31486511230469,0.9454700350761414,0.6256772875785828,0.4588967561721802,0.987312376499176,0.7848113775253296,T040_010_040_010,0.005016041919589043,0.002700734417885542,0.04630614444613457,0.002700734417885542,0.05,800,50527,0.05991311717557283,0.2971072196960449,0.4000000059604645,0.025139346718788147,0.10000000149011612,0.3259333372116089,0.4000000059604645,0.13663147389888763,0.10000000149011612,frozen_mlp_surrogate_adjoint,900,900,900,700,58.44581460952759,58.44581460952759,0.06493979401058621
111,216.15086364746094,169.66452026367188,146.0574951171875,99.28543853759766,0.9454920887947083,0.6234170794487,0.45873263478279114,0.9867673516273499,0.7841482758522034,T040_010_040_010,0.0050273472443223,0.0026977488305419683,0.04659196734428406,0.0026977488305419683,0.05,895,50748,0.0647406471970845,0.2963392734527588,0.4000000059604645,0.02546408772468567,0.10000000149011612,0.3257457911968231,0.4000000059604645,0.1365991085767746,0.10000000149011612,frozen_mlp_surrogate_adjoint,900,900,900,700,58.44581460952759,58.44581460952759,0.06493979401058621
112,193.68304443359375,169.36837768554688,93.15337371826172,99.98471069335938,0.7894655466079712,0.6179329752922058,0.09134285897016525,0.9997168183326721,0.8574451208114624,T040_010_040_010,0.00505021633580327,0.00403412152081728,0.02032189443707466,0.00403412152081728,0.05,129,50987,0.023626336784666687,0.3227884769439697,0.4000000059604645,0.03306581825017929,0.10000000149011612,0.3245205581188202,0.4000000059604645,0.17707028985023499,0.10000000149011612,frozen_mlp_surrogate_adjoint,900,900,900,700,58.44581460952759,58.44581460952759,0.06493979401058621
113,195.37120056152344,169.17129516601562,94.16563415527344,99.92098999023438,0.8011888861656189,0.6142831444740295,0.09837247431278229,0.9985369443893433,0.853043794631958,T040_010_040_010,0.00511856097728014,0.004038754850625992,0.02159612625837326,0.004038754850625992,0.05,483,51004,0.04651035278197881,0.32136133313179016,0.4000000059604645,0.031214214861392975,0.10000000149011612,0.3247973322868347,0.4000000059604645,0.17567090690135956,0.10000000149011612,frozen_mlp_surrogate_adjoint,900,900,900,700,58.44581460952759,58.44581460952759,0.06493979401058621
114,111.2215576171875,143.966064453125,188.82127380371094,90.82584381103516,0.21681639552116394,0.1475197970867157,0.7557032704353333,0.8301082253456116,0.7546355724334717,T040_010_040_010,0.005155738443136215,0.002145553007721901,0.06020370125770569,0.002145553007721901,0.05,199,51545,0.029202556742013986,0.2435460090637207,0.4000000059604645,0.08808457851409912,0.10000000149011612,0.3127698004245758,0.4000000059604645,0.11023519188165665,0.10000000149011612,frozen_mlp_surrogate_adjoint,900,900,900,700,58.44581460952759,58.44581460952759,0.06493979401058621
115,111.20951843261719,143.9651641845703,188.827392578125,90.8288345336914,0.21673274040222168,0.14750298857688904,0.7557457089424133,0.8301635980606079,0.7546331882476807,T040_010_040_010,0.005155794322490692,0.0021455504465848207,0.060204870998859406,0.0021455504465848207,0.05,340,51415,0.03901490429031347,0.2435104250907898,0.4000000059604645,0.08812633901834488,0.10000000149011612,0.3128662407398224,0.4000000059604645,0.1101301908493042,0.10000000149011612,frozen_mlp_surrogate_adjoint,900,900,900,700,58.44581460952759,58.44581460952759,0.06493979401058621
116,111.24933624267578,143.97105407714844,188.88308715820312,90.83403015136719,0.2170092761516571,0.1476120501756668,0.7561325430870056,0.8302597403526306,0.7545009851455688,T040_010_040_010,0.005156060680747032,0.002142572309821844,0.06026976555585861,0.002142572309821844,0.05,359,51224,0.039905228860622095,0.24336206912994385,0.4000000059604645,0.08818331360816956,0.10000000149011612,0.31331348419189453,0.4000000059604645,0.10964217782020569,0.10000000149011612,frozen_mlp_surrogate_adjoint,900,900,900,700,58.44581460952759,58.44581460952759,0.06493979401058621
117,111.22440338134766,143.96498107910156,188.81924438476562,90.82477569580078,0.2168361246585846,0.147499680519104,0.7556892037391663,0.8300884366035461,0.7546309232711792,T040_010_040_010,0.005156221799552441,0.0021459227427840233,0.060205984860658646,0.0021459227427840233,0.05,285,50726,0.03529641155858644,0.24355106055736542,0.4000000059604645,0.08810467272996902,0.10000000149011612,0.3127056658267975,0.4000000059604645,0.11026954650878906,0.10000000149011612,frozen_mlp_surrogate_adjoint,900,900,900,700,58.44581460952759,58.44581460952759,0.06493979401058621
118,111.21052551269531,143.96575927734375,188.82798767089844,90.8355712890625,0.21673977375030518,0.14751411974430084,0.7557499408721924,0.8302883505821228,0.7546285390853882,T040_010_040_010,0.005156253464519978,0.0021458957344293594,0.06020715460181236,0.0021458957344293594,0.05,772,50559,0.05833769801016028,0.24346637725830078,0.4000000059604645,0.08813431113958359,0.10000000149011612,0.31300777196884155,0.4000000059604645,0.11002006381750107,0.10000000149011612,frozen_mlp_surrogate_adjoint,900,900,900,700,58.44581460952759,58.44581460952759,0.06493979401058621
119,111.27496337890625,143.97268676757812,188.84475708007812,90.818603515625,0.21718727052211761,0.1476423293352127,0.7558663487434387,0.8299741148948669,0.7545373439788818,T040_010_040_010,0.005156413186341524,0.002143817488104105,0.06025191396474838,0.002143817488104105,0.05,377,50087,0.04082955850627377,0.24353419244289398,0.4000000059604645,0.08802361786365509,0.10000000149011612,0.312780499458313,0.4000000059604645,0.11019905656576157,0.10000000149011612,frozen_mlp_surrogate_adjoint,900,900,900,700,58.44581460952759,58.44581460952759,0.06493979401058621
120,111.26988983154297,143.97418212890625,188.87969970703125,90.82787322998047,0.21715199947357178,0.1476699411869049,0.7561090588569641,0.8301458358764648,0.7544834613800049,T040_010_040_010,0.005156467203050852,0.0021425485610961914,0.06027837097644806,0.0021425485610961914,0.05,177,50693,0.027646121034354997,0.24340087175369263,0.4000000059604645,0.08810625225305557,0.10000000149011612,0.313197523355484,0.4000000059604645,0.10977879911661148,0.10000000149011612,frozen_mlp_surrogate_adjoint,900,900,900,700,58.44581460952759,58.44581460952759,0.06493979401058621
121,111.25093841552734,143.9709930419922,188.82431030273438,90.82280731201172,0.2170204073190689,0.14761100709438324,0.755724310874939,0.8300519585609436,0.7545968294143677,T040_010_040_010,0.005156506784260273,0.00214537070132792,0.06022271513938904,0.00214537070132792,0.05,344,50525,0.03914705411380962,0.2435506284236908,0.4000000059604645,0.0880037471652031,0.10000000149011612,0.3127666413784027,0.4000000059604645,0.11027577519416809,0.10000000149011612,frozen_mlp_surrogate_adjoint,900,900,900,700,58.44581460952759,58.44581460952759,0.06493979401058621
122,111.23088073730469,143.9691619873047,188.85549926757812,90.82888793945312,0.21688112616539001,0.1475769579410553,0.7559409141540527,0.8301644921302795,0.7545613050460815,T040_010_040_010,0.005156570114195347,0.0021445625461637974,0.06024015322327614,0.0021445625461637974,0.05,503,50645,0.04743488196053371,0.2434399127960205,0.4000000059604645,0.08812659233808517,0.10000000149011612,0.31306391954421997,0.4000000059604645,0.10993089526891708,0.10000000149011612,frozen_mlp_surrogate_adjoint,900,900,900,700,58.44581460952759,58.44581460952759,0.06493979401058621
123,111.20042419433594,143.9671173095703,188.80267333984375,90.82727813720703,0.21666961908340454,0.14753922820091248,0.7555741667747498,0.8301348090171814,0.7546876668930054,T040_010_040_010,0.005156796425580978,0.00214788899756968,0.06017814204096794,0.00214788899756968,0.05,104,51678,0.021076345771312937,0.2435569316148758,0.4000000059604645,0.08801864087581635,0.10000000149011612,0.3127700090408325,0.4000000059604645,0.11034206300973892,0.10000000149011612,frozen_mlp_surrogate_adjoint,900,900,900,700,58.44581460952759,58.44581460952759,0.06493979401058621
124,111.22296142578125,143.96737670898438,188.84860229492188,90.84390258789062,0.21682609617710114,0.1475439965724945,0.7558930516242981,0.8304426670074463,0.7545765042304993,T040_010_040_010,0.005156803876161575,0.0021451693028211594,0.06023269146680832,0.0021451693028211594,0.05,382,51218,0.041098869425249235,0.24337100982666016,0.4000000059604645,0.08818454295396805,0.10000000149011612,0.31328466534614563,0.4000000059604645,0.10973624885082245,0.10000000149011612,frozen_mlp_surrogate_adjoint,900,900,900,700,58.44581460952759,58.44581460952759,0.06493979401058621
125,111.215087890625,143.96669006347656,188.88462829589844,90.83934783935547,0.2167714387178421,0.14753125607967377,0.7561432719230652,0.8303582668304443,0.7544969916343689,T040_010_040_010,0.005156839266419411,0.0021432528737932444,0.0602717287838459,0.0021432528737932444,0.05,214,51702,0.03031818498718986,0.24330851435661316,0.4000000059604645,0.08830238878726959,0.10000000149011612,0.3133787512779236,0.4000000059604645,0.10950732976198196,0.10000000149011612,frozen_mlp_surrogate_adjoint,900,900,900,700,58.44581460952759,58.44581460952759,0.06493979401058621
126,111.2278823852539,143.9657745361328,188.84512329101562,90.82362365722656,0.2168603092432022,0.1475142538547516,0.7558689713478088,0.8300670981407166,0.7545724511146545,T040_010_040_010,0.005157066509127617,0.002145332284271717,0.0602346807718277,0.002145332284271717,0.05,500,50723,0.04741047577569309,0.2434876263141632,0.4000000059604645,0.08815108239650726,0.10000000149011612,0.31283462047576904,0.4000000059604645,0.11009914427995682,0.10000000149011612,frozen_mlp_surrogate_adjoint,900,900,900,700,58.44581460952759,58.44581460952759,0.06493979401058621
127,111.24713897705078,143.97239685058594,188.83990478515625,90.83169555664062,0.2169940024614334,0.14763711392879486,0.7558326125144958,0.830216646194458,0.7545700669288635,T040_010_040_010,0.005157082341611385,0.002145289909094572,0.060235850512981415,0.002145289909094572,0.05,436,50931,0.043786762300187895,0.243455171585083,0.4000000059604645,0.08804313093423843,0.10000000149011612,0.31306180357933044,0.4000000059604645,0.11000994592905045,0.10000000149011612,frozen_mlp_surrogate_adjoint,900,900,900,700,58.44581460952759,58.44581460952759,0.06493979401058621
128,111.24411010742188,143.96807861328125,188.8982391357422,90.83576202392578,0.2169729620218277,0.14755704998970032,0.7562377452850342,0.8302918672561646,0.7544710636138916,T040_010_040_010,0.0051571074873209,0.0021428847685456276,0.060284458100795746,0.0021428847685456276,0.05,870,50030,0.06321282931140197,0.24330301582813263,0.4000000059604645,0.08829793334007263,0.10000000149011612,0.3133760988712311,0.4000000059604645,0.10949394106864929,0.10000000149011612,frozen_mlp_surrogate_adjoint,900,900,900,700,58.44581460952759,58.44581460952759,0.06493979401058621
129,111.20935821533203,143.96693420410156,188.84896850585938,90.84574127197266,0.21673166751861572,0.14753593504428864,0.7558956742286682,0.830476701259613,0.7545754313468933,T040_010_040_010,0.005157284904271364,0.0021456237882375717,0.0602332204580307,0.0021456237882375717,0.05,247,51615,0.03189898821303819,0.24334776401519775,0.4000000059604645,0.08820715546607971,0.10000000149011612,0.3133333921432495,0.4000000059604645,0.10968714952468872,0.10000000149011612,frozen_mlp_surrogate_adjoint,900,900,900,700,58.44581460952759,58.44581460952759,0.06493979401058621
130,111.19735717773438,143.96417236328125,188.80630493164062,90.84364318847656,0.21664834022521973,0.14748479425907135,0.755599319934845,0.8304377794265747,0.7546551823616028,T040_010_040_010,0.005157407373189926,0.0021477031987160444,0.06019407883286476,0.0021477031987160444,0.05,533,50570,0.04908256230309024,0.24345213174819946,0.4000000059604645,0.08814030140638351,0.10000000149011612,0.31301891803741455,0.4000000059604645,0.11004380881786346,0.10000000149011612,frozen_mlp_surrogate_adjoint,900,900,900,700,58.44581460952759,58.44581460952759,0.06493979401058621
131,111.27081298828125,143.97828674316406,188.90252685546875,90.8359375,0.21715843677520752,0.1477460116147995,0.7562674880027771,0.8302951455116272,0.7544424533843994,T040_010_040_010,0.005157602019608021,0.0021426761522889137,0.060298509895801544,0.0021426761522889137,0.05,452,51020,0.044840245394783027,0.2432880997657776,0.4000000059604645,0.08811545372009277,0.10000000149011612,0.3135690689086914,0.4000000059604645,0.10946983098983765,0.10000000149011612,frozen_mlp_surrogate_adjoint,900,900,900,700,58.44581460952759,58.44581460952759,0.06493979401058621
132,111.30870819091797,143.98011779785156,188.87176513671875,90.82787322998047,0.21742157638072968,0.14777997136116028,0.7560538649559021,0.8301457762718201,0.7544491291046143,T040_010_040_010,0.005157634615898132,0.0021428726613521576,0.0602952316403389,0.0021428726613521576,0.05,43,51216,0.014255540188878944,0.24341100454330444,0.4000000059604645,0.0879911258816719,0.10000000149011612,0.31318697333335876,0.4000000059604645,0.10986004769802094,0.10000000149011612,frozen_mlp_surrogate_adjoint,900,900,900,700,58.44581460952759,58.44581460952759,0.06493979401058621
133,111.21586608886719,143.9678955078125,188.8834228515625,90.84944152832031,0.21677683293819427,0.14755353331565857,0.7561349272727966,0.83054518699646,0.7544984817504883,T040_010_040_010,0.005157649517059326,0.00214409944601357,0.060270994901657104,0.00214409944601357,0.05,152,51414,0.02603559532725761,0.24324795603752136,0.4000000059604645,0.0883011594414711,0.10000000149011612,0.3135906755924225,0.4000000059604645,0.10935864597558975,0.10000000149011612,frozen_mlp_surrogate_adjoint,900,900,900,700,58.44581460952759,58.44581460952759,0.06493979401058621
134,111.20541381835938,143.96885681152344,188.80718994140625,90.83883666992188,0.21670427918434143,0.14757144451141357,0.7556054592132568,0.8303487300872803,0.7546643018722534,T040_010_040_010,0.005157710984349251,0.0021482310257852077,0.06018960475921631,0.0021482310257852077,0.05,378,50927,0.04090740958989907,0.24347060918807983,0.4000000059604645,0.08803393691778183,0.10000000149011612,0.313036173582077,0.4000000059604645,0.11012355983257294,0.10000000149011612,frozen_mlp_surrogate_adjoint,900,900,900,700,58.44581460952759,58.44581460952759,0.06493979401058621
135,111.21878814697266,143.9728240966797,188.8256072998047,90.83381652832031,0.21679715812206268,0.1476448029279709,0.7557333707809448,0.8302558064460754,0.754623532295227,T040_010_040_010,0.005157896317541599,0.0021474158857017756,0.06020960956811905,0.0021474158857017756,0.05,403,51134,0.0420426162626404,0.24345311522483826,0.4000000059604645,0.08799946308135986,0.10000000149011612,0.3131042420864105,0.4000000059604645,0.1100667342543602,0.10000000149011612,frozen_mlp_surrogate_adjoint,900,900,900,700,58.44581460952759,58.44581460952759,0.06493979401058621
136,111.1976318359375,143.96600341796875,188.87841796875,90.84468841552734,0.21665023267269135,0.14751869440078735,0.7561001777648926,0.8304572105407715,0.7544974684715271,T040_010_040_010,0.005158025771379471,0.002144451253116131,0.0602714940905571,0.002144451253116131,0.05,441,51357,0.044116009140175626,0.24326962232589722,0.4000000059604645,0.08833229541778564,0.10000000149011612,0.3134511709213257,0.4000000059604645,0.10944439470767975,0.10000000149011612,frozen_mlp_surrogate_adjoint,900,900,900,700,58.44581460952759,58.44581460952759,0.06493979401058621
137,111.22126770019531,143.97195434570312,188.877685546875,90.85289001464844,0.21681435406208038,0.14762867987155914,0.7560949921607971,0.8306090235710144,0.7545269131660461,T040_010_040_010,0.005158185493201017,0.002145333681255579,0.06025703623890877,0.002145333681255579,0.05,801,51166,0.05995019139464283,0.24323607981204987,0.4000000059604645,0.0882016271352768,0.10000000149011612,0.3137255311012268,0.4000000059604645,0.10936369001865387,0.10000000149011612,frozen_mlp_surrogate_adjoint,900,900,900,700,58.44581460952759,58.44581460952759,0.06493979401058621
138,111.30097198486328,143.9830322265625,188.89146423339844,90.83136749267578,0.21736787259578705,0.14783404767513275,0.7561907172203064,0.8302105069160461,0.754425048828125,T040_010_040_010,0.005158393178135157,0.0021430402994155884,0.060307055711746216,0.0021430402994155884,0.05,23,51123,0.010743981771142426,0.24333152174949646,0.4000000059604645,0.08799788355827332,0.10000000149011612,0.3134514093399048,0.4000000059604645,0.10964421182870865,0.10000000149011612,frozen_mlp_surrogate_adjoint,900,900,900,700,58.44581460952759,58.44581460952759,0.06493979401058621
139,111.18885040283203,143.97145080566406,188.84185791015625,90.85482788085938,0.21658922731876373,0.14761939644813538,0.7558462023735046,0.830644965171814,0.7546104192733765,T040_010_040_010,0.005159283056855202,0.0021484806202352047,0.06021604686975479,0.0021484806202352047,0.05,11,50208,0.008767248288188263,0.24327649176120758,0.4000000059604645,0.08812445402145386,0.10000000149011612,0.3136258125305176,0.4000000059604645,0.10958366841077805,0.10000000149011612,frozen_mlp_surrogate_adjoint,900,900,900,700,58.44581460952759,58.44581460952759,0.06493979401058621
140,191.96636962890625,165.0372314453125,178.7295379638672,99.99131774902344,0.7775442600250244,0.5377265810966492,0.6856217980384827,0.9998393058776855,0.6995425820350647,T040_010_040_010,0.005169892217963934,0.0006561591872014105,0.09027466177940369,0.0006561591872014105,0.05,391,51156,0.04151079696632863,0.26924261450767517,0.4000000059604645,0.04619702696800232,0.10000000149011612,0.29391390085220337,0.4000000059604645,0.09018902480602264,0.10000000149011612,frozen_mlp_surrogate_adjoint,900,900,900,700,58.44581460952759,58.44581460952759,0.06493979401058621
141,192.0155792236328,165.0310821533203,178.68707275390625,99.98844909667969,0.7778859734535217,0.5376126766204834,0.685326874256134,0.9997861981391907,0.6995263695716858,T040_010_040_010,0.005170891992747784,0.0006566719966940582,0.09028439968824387,0.0006566719966940582,0.05,21,51299,0.010595071399592947,0.2692687511444092,0.4000000059604645,0.04617815837264061,0.10000000149011612,0.29379236698150635,0.4000000059604645,0.09028707444667816,0.10000000149011612,frozen_mlp_surrogate_adjoint,900,900,900,700,58.44581460952759,58.44581460952759,0.06493979401058621
142,192.00491333007812,165.02713012695312,178.85052490234375,99.9767837524414,0.7778118848800659,0.5375393033027649,0.6864620447158813,0.9995700716972351,0.6992362141609192,T040_010_040_010,0.005172530189156532,0.0006495871348306537,0.09045885503292084,0.0006495871348306537,0.05,560,51745,0.05012247628141567,0.26928454637527466,0.4000000059604645,0.0462128221988678,0.10000000149011612,0.29377710819244385,0.4000000059604645,0.0899617001414299,0.10000000149011612,frozen_mlp_surrogate_adjoint,900,900,900,700,58.44581460952759,58.44581460952759,0.06493979401058621
143,192.06375122070312,165.0207061767578,178.81866455078125,99.9705810546875,0.7782204747200012,0.537420392036438,0.6862406730651855,0.9994552731513977,0.6991676688194275,T040_010_040_010,0.005174166522920132,0.0006491614622063935,0.09050009399652481,0.0006491614622063935,0.05,2,50265,0.006940909651841831,0.26932305097579956,0.4000000059604645,0.04619592800736427,0.10000000149011612,0.2935810685157776,0.4000000059604645,0.09006760269403458,0.10000000149011612,frozen_mlp_surrogate_adjoint,900,900,900,700,58.44581460952759,58.44581460952759,0.06493979401058621
144,191.99937438964844,165.04360961914062,178.9012451171875,99.96649169921875,0.7777734398841858,0.5378445982933044,0.6868141293525696,0.9993793964385986,0.6990784406661987,T040_010_040_010,0.005174190737307072,0.0006465012556873262,0.09055378288030624,0.0006465012556873262,0.05,825,50579,0.06116488628976868,0.26932239532470703,0.4000000059604645,0.046230193227529526,0.10000000149011612,0.2935137152671814,0.4000000059604645,0.09001212567090988,0.10000000149011612,frozen_mlp_surrogate_adjoint,900,900,900,700,58.44581460952759,58.44581460952759,0.06493979401058621
145,196.56289672851562,169.10671997070312,94.82933044433594,99.86756134033203,0.8094645142555237,0.61308753490448,0.10298147052526474,0.997547447681427,0.850741982460022,T040_010_040_010,0.0051760063506662846,0.0040621086955070496,0.02227795496582985,0.0040621086955070496,0.05,795,50199,0.059572085223195695,0.32119306921958923,0.4000000059604645,0.02980337291955948,0.10000000149011612,0.3246901333332062,0.4000000059604645,0.1750553846359253,0.10000000149011612,frozen_mlp_surrogate_adjoint,900,900,900,700,58.44581460952759,58.44581460952759,0.06493979401058621
146,192.05862426757812,165.03811645507812,178.98541259765625,99.94409942626953,0.7781848907470703,0.5377429723739624,0.6873987317085266,0.998964786529541,0.698716402053833,T040_010_040_010,0.005178589373826981,0.0006399988778866827,0.09077180922031403,0.0006399988778866827,0.05,61,50685,0.016630100953767244,0.26939865946769714,0.4000000059604645,0.04624851793050766,0.10000000149011612,0.29304301738739014,0.4000000059604645,0.09002619981765747,0.10000000149011612,frozen_mlp_surrogate_adjoint,900,900,900,700,58.44581460952759,58.44581460952759,0.06493979401058621
147,192.0515594482422,165.04441833496094,179.12689208984375,99.93528747558594,0.7781358361244202,0.5378594994544983,0.6883812546730042,0.9988017082214355,0.6984776258468628,T040_010_040_010,0.005179853644222021,0.0006340668769553304,0.0909157395362854,0.0006340668769553304,0.05,201,50733,0.029312205641702352,0.2694205641746521,0.4000000059604645,0.04626955837011337,0.10000000149011612,0.29306113719940186,0.4000000059604645,0.08972634375095367,0.10000000149011612,frozen_mlp_surrogate_adjoint,900,900,900,700,58.44581460952759,58.44581460952759,0.06493979401058621
148,192.09060668945312,165.035400390625,179.23104858398438,99.9269790649414,0.7784069180488586,0.5376925468444824,0.6891044974327087,0.9986477494239807,0.6982508301734924,T040_010_040_010,0.005181718152016401,0.0006290896562859416,0.09105256199836731,0.0006290896562859416,0.05,134,50583,0.024472218817759808,0.269448459148407,0.4000000059604645,0.04626976698637009,0.10000000149011612,0.2930944561958313,0.4000000059604645,0.08943812549114227,0.10000000149011612,frozen_mlp_surrogate_adjoint,900,900,900,700,58.44581460952759,58.44581460952759,0.06493979401058621
149,192.13519287109375,165.0504608154297,179.19027709960938,99.92489624023438,0.7787166237831116,0.5379713773727417,0.6888214349746704,0.9986091256141663,0.6982476115226746,T040_010_040_010,0.0051824175752699375,0.0006296922219917178,0.0910545065999031,0.0006296922219917178,0.05,3,51717,0.0071347137140541535,0.2694934904575348,0.4000000059604645,0.04624219983816147,0.10000000149011612,0.2929636240005493,0.4000000059604645,0.08954831212759018,0.10000000149011612,frozen_mlp_surrogate_adjoint,900,900,900,700,58.44581460952759,58.44581460952759,0.06493979401058621
150,192.08950805664062,165.05137634277344,179.29672241210938,99.90692138671875,0.7783994078636169,0.5379884243011475,0.6895605325698853,0.9982763528823853,0.6979753971099854,T040_010_040_010,0.005185183137655258,0.0006242396775633097,0.09121885895729065,0.0006242396775633097,0.05,101,50256,0.02100373844508857,0.2695118188858032,0.4000000059604645,0.04630722105503082,0.10000000149011612,0.29254207015037537,0.4000000059604645,0.08961428701877594,0.10000000149011612,frozen_mlp_surrogate_adjoint,900,900,900,700,58.44581460952759,58.44581460952759,0.06493979401058621
151,192.08740234375,165.06251525878906,179.38784790039062,99.89842224121094,0.7783846855163574,0.5381947755813599,0.6901934146881104,0.9981189370155334,0.6977849006652832,T040_010_040_010,0.005186869762837887,0.0006201715441420674,0.09133396297693253,0.0006201715441420674,0.05,571,50178,0.050460859880464025,0.26953914761543274,0.4000000059604645,0.04631961137056351,0.10000000149011612,0.292449027299881,0.4000000059604645,0.08947710692882538,0.10000000149011612,frozen_mlp_surrogate_adjoint,900,900,900,700,58.44581460952759,58.44581460952759,0.06493979401058621
152,221.6346893310547,178.98814392089844,82.63087463378906,99.68199920654297,0.9835742712020874,0.7960767149925232,0.018269943073391914,0.9941111207008362,0.963388204574585,T040_010_040_010,0.005186892580240965,0.005119871348142624,0.0013404235942289233,0.005119871348142624,0.05,890,50982,0.06460719211056384,0.4035907983779907,0.4000000059604645,0.011511795222759247,0.10000000149011612,0.35059961676597595,0.4000000059604645,0.19768595695495605,0.10000000149011612,frozen_mlp_surrogate_adjoint,900,900,900,700,58.44581460952759,58.44581460952759,0.06493979401058621
153,192.12725830078125,165.03526306152344,179.40023803710938,99.87738037109375,0.7786615490913391,0.5376900434494019,0.6902794241905212,0.9977293610572815,0.6975248456001282,T040_010_040_010,0.005191394593566656,0.0006168335094116628,0.0914912223815918,0.0006168335094116628,0.05,47,51321,0.014755727011659527,0.2695801258087158,0.4000000059604645,0.046356141567230225,0.10000000149011612,0.2918612062931061,0.4000000059604645,0.08972731977701187,0.10000000149011612,frozen_mlp_surrogate_adjoint,900,900,900,700,58.44581460952759,58.44581460952759,0.06493979401058621
154,192.20513916015625,165.05902099609375,179.67837524414062,99.85269165039062,0.7792023420333862,0.5381298661231995,0.6922109723091125,0.9972720742225647,0.696926474571228,T040_010_040_010,0.005196141079068184,0.0006034631514921784,0.0918535590171814,0.0006034631514921784,0.05,674,51584,0.05501540623955596,0.26970186829566956,0.4000000059604645,0.046358298510313034,0.10000000149011612,0.29175418615341187,0.4000000059604645,0.08911213278770447,0.10000000149011612,frozen_mlp_surrogate_adjoint,900,900,900,700,58.44581460952759,58.44581460952759,0.06493979401058621
155,192.21597290039062,165.04393005371094,179.67767333984375,99.84132385253906,0.7792775630950928,0.5378504395484924,0.6922060251235962,0.997061550617218,0.6968011856079102,T040_010_040_010,0.005198553204536438,0.0006020774599164724,0.09192951768636703,0.0006020774599164724,0.05,25,51681,0.011138934438640686,0.26971834897994995,0.4000000059604645,0.04638439044356346,0.10000000149011612,0.2914047837257385,0.4000000059604645,0.08929365128278732,0.10000000149011612,frozen_mlp_surrogate_adjoint,900,900,900,700,58.44581460952759,58.44581460952759,0.06493979401058621
156,192.37098693847656,164.947998046875,179.86444091796875,99.81607055664062,0.7803540825843811,0.5360740423202515,0.6935030221939087,0.9965938925743103,0.6961396336555481,T040_010_040_010,0.005205191671848297,0.0005886352737434208,0.09233111888170242,0.0005886352737434208,0.05,8,50820,0.008461137749314111,0.2697826027870178,0.4000000059604645,0.0464126355946064,0.10000000149011612,0.2912693917751312,0.4000000059604645,0.08867494761943817,0.10000000149011612,frozen_mlp_surrogate_adjoint,900,900,900,700,58.44581460952759,58.44581460952759,0.06493979401058621
157,192.30682373046875,165.0611572265625,179.90878295898438,99.79762268066406,0.7799084782600403,0.5381696224212646,0.6938109993934631,0.9962523579597473,0.6960397958755493,T040_010_040_010,0.00520824920386076,0.0005886584986001253,0.09239180386066437,0.0005886584986001253,0.05,35,50898,0.012847870439256694,0.2698827385902405,0.4000000059604645,0.046420492231845856,0.10000000149011612,0.29056668281555176,0.4000000059604645,0.08916983008384705,0.10000000149011612,frozen_mlp_surrogate_adjoint,900,900,900,700,58.44581460952759,58.44581460952759,0.06493979401058621
158,192.32427978515625,165.04403686523438,180.14256286621094,99.76701354980469,0.7800297737121582,0.5378525257110596,0.6954344511032104,0.9956854581832886,0.695457935333252,T040_010_040_010,0.005214528180658817,0.0005772346630692482,0.09274587035179138,0.0005772346630692482,0.05,50,44,0.015689027745972986,0.26994287967681885,0.4000000059604645,0.0464874692261219,0.10000000149011612,0.2901343107223511,0.4000000059604645,0.08889331668615341,0.10000000149011612,frozen_mlp_surrogate_adjoint,900,900,900,700,58.44581460952759,58.44581460952759,0.06493979401058621
159,192.33554077148438,165.0885772705078,180.41561889648438,99.7448501586914,0.7801079750061035,0.5386773943901062,0.69733065366745,0.9952750205993652,0.6949283480644226,T040_010_040_010,0.0052191102877259254,0.0005656745051965117,0.09306871145963669,0.0005656745051965117,0.05,142,51171,0.025134405521082585,0.2700437903404236,0.4000000059604645,0.04650856927037239,0.10000000149011612,0.2899758815765381,0.4000000059604645,0.08840004354715347,0.10000000149011612,frozen_mlp_surrogate_adjoint,900,900,900,700,58.44581460952759,58.44581460952759,0.06493979401058621
160,192.289794921875,165.11114501953125,180.442626953125,99.71571350097656,0.7797902226448059,0.5390953421592712,0.6975182294845581,0.9947354197502136,0.6946066617965698,T040_010_040_010,0.005226906854659319,0.0005636523710563779,0.0932650938630104,0.0005636523710563779,0.05,702,50746,0.05608793064478482,0.27008169889450073,0.4000000059604645,0.046589165925979614,0.10000000149011612,0.2889583110809326,0.4000000059604645,0.08897744864225388,0.10000000149011612,frozen_mlp_surrogate_adjoint,900,900,900,700,58.44581460952759,58.44581460952759,0.06493979401058621
161,192.41505432128906,165.03445434570312,180.4921417236328,99.71295928955078,0.780660092830658,0.5376750826835632,0.6978620886802673,0.9946843981742859,0.6944674849510193,T040_010_040_010,0.0052280789241194725,0.0005605727201327682,0.0933501198887825,0.0005605727201327682,0.05,22,51161,0.010698840699644826,0.2700745165348053,0.4000000059604645,0.04655519127845764,0.10000000149011612,0.2892409563064575,0.4000000059604645,0.08859680593013763,0.10000000149011612,frozen_mlp_surrogate_adjoint,900,900,900,700,58.44581460952759,58.44581460952759,0.06493979401058621
162,192.35659790039062,165.10702514648438,180.67864990234375,99.69523620605469,0.7802541851997375,0.5390190482139587,0.6991573572158813,0.9943562150001526,0.6941167712211609,T040_010_040_010,0.0052314153872430325,0.0005531880306079984,0.09356454759836197,0.0005531880306079984,0.05,549,51685,0.04966305656075372,0.2701679766178131,0.4000000059604645,0.04659174010157585,0.10000000149011612,0.288896381855011,0.4000000059604645,0.08846066147089005,0.10000000149011612,frozen_mlp_surrogate_adjoint,900,900,900,700,58.44581460952759,58.44581460952759,0.06493979401058621
163,120.7439193725586,145.1262664794922,193.23562622070312,89.10975646972656,0.28294387459754944,0.16900505125522614,0.7863584756851196,0.7983287572860718,0.7376681566238403,T040_010_040_010,0.005237984005361795,0.001797084347344935,0.06881799548864365,0.001797084347344935,0.05,419,51564,0.042979577779971884,0.2445676475763321,0.4000000059604645,0.07680472731590271,0.10000000149011612,0.3081722557544708,0.4000000059604645,0.1081235408782959,0.10000000149011612,frozen_mlp_surrogate_adjoint,900,900,900,700,58.44581460952759,58.44581460952759,0.06493979401058621
164,120.70585632324219,145.1278076171875,193.20179748535156,89.13031005859375,0.28267958760261536,0.16903337836265564,0.7861235737800598,0.798709511756897,0.7377665042877197,T040_010_040_010,0.00523806968703866,0.0017997492104768753,0.06876640766859055,0.0017997492104768753,0.05,188,51211,0.028577354932493488,0.2445579320192337,0.4000000059604645,0.07668802887201309,0.10000000149011612,0.30843451619148254,0.4000000059604645,0.10808601975440979,0.10000000149011612,frozen_mlp_surrogate_adjoint,900,900,900,700,58.44581460952759,58.44581460952759,0.06493979401058621
165,120.72665405273438,145.12388610839844,193.19647216796875,89.11795806884766,0.28282400965690613,0.16896085441112518,0.7860865592956543,0.7984806895256042,0.7377561926841736,T040_010_040_010,0.005238596349954605,0.0018000054406002164,0.06877181679010391,0.0018000054406002164,0.05,871,50832,0.06330081026486577,0.2446187287569046,0.4000000059604645,0.07675191015005112,0.10000000149011612,0.3080648183822632,0.4000000059604645,0.10832076519727707,0.10000000149011612,frozen_mlp_surrogate_adjoint,900,900,900,700,58.44581460952759,58.44581460952759,0.06493979401058621
166,122.96424865722656,145.32350158691406,194.7275848388672,88.3973617553711,0.2983628511428833,0.17265747487545013,0.7967193126678467,0.785136342048645,0.7311663627624512,T040_010_040_010,0.0052533685229718685,0.0016397922299802303,0.07227152585983276,0.0016397922299802303,0.05,317,50626,0.037442902042570475,0.24516616761684418,0.4000000059604645,0.0766354650259018,0.10000000149011612,0.30214184522628784,0.4000000059604645,0.10722292959690094,0.10000000149011612,frozen_mlp_surrogate_adjoint,900,900,900,700,58.44581460952759,58.44581460952759,0.06493979401058621
167,123.07849884033203,145.33316040039062,194.79397583007812,88.35953521728516,0.2991562485694885,0.17283645272254944,0.7971803545951843,0.7844358682632446,0.7308668494224548,T040_010_040_010,0.005253390409052372,0.001631757477298379,0.07243265211582184,0.001631757477298379,0.05,562,50324,0.0501654704025816,0.2452523112297058,0.4000000059604645,0.07662280648946762,0.10000000149011612,0.3017268776893616,0.4000000059604645,0.10726480185985565,0.10000000149011612,frozen_mlp_surrogate_adjoint,900,900,900,700,58.44581460952759,58.44581460952759,0.06493979401058621
168,123.06126403808594,145.33187866210938,194.77230834960938,88.37242889404297,0.29903656244277954,0.1728125661611557,0.797029972076416,0.7846746444702148,0.7309561967849731,T040_010_040_010,0.005253521725535393,0.0016342937014997005,0.07238456606864929,0.0016342937014997005,0.05,680,50358,0.05514614849485241,0.2452358901500702,0.4000000059604645,0.07660898566246033,0.10000000149011612,0.30183547735214233,0.4000000059604645,0.10727585852146149,0.10000000149011612,frozen_mlp_surrogate_adjoint,900,900,900,700,58.44581460952759,58.44581460952759,0.06493979401058621
169,122.84481811523438,145.3131866455078,194.6076202392578,88.42462158203125,0.29753345251083374,0.1724664568901062,0.7958862781524658,0.7856411337852478,0.7315993309020996,T040_010_040_010,0.0052535440772771835,0.0016515979077666998,0.0720389187335968,0.0016515979077666998,0.05,154,51631,0.02622046601181682,0.2453048825263977,0.4000000059604645,0.07648617774248123,0.10000000149011612,0.30207499861717224,0.4000000059604645,0.10773322731256485,0.10000000149011612,frozen_mlp_surrogate_adjoint,900,900,900,700,58.44581460952759,58.44581460952759,0.06493979401058621
170,122.86029815673828,145.31495666503906,194.62710571289062,88.44324493408203,0.29764094948768616,0.17249928414821625,0.7960216403007507,0.7859860062599182,0.7315703630447388,T040_010_040_010,0.005253589246422052,0.001650865888223052,0.07205446809530258,0.001650865888223052,0.05,450,50508,0.04457372771671896,0.24515339732170105,0.4000000059604645,0.07656287401914597,0.10000000149011612,0.3024631440639496,0.4000000059604645,0.10739096999168396,0.10000000149011612,frozen_mlp_surrogate_adjoint,900,900,900,700,58.44581460952759,58.44581460952759,0.06493979401058621
171,122.97295379638672,145.32418823242188,194.83837890625,88.3809814453125,0.29842329025268555,0.17267024517059326,0.7974886894226074,0.7848330736160278,0.730821967124939,T040_010_040_010,0.005253847222775221,0.0016310063656419516,0.07245681434869766,0.0016310063656419516,0.05,455,51451,0.04494799507475442,0.24490228295326233,0.4000000059604645,0.07688900828361511,0.10000000149011612,0.30253297090530396,0.4000000059604645,0.10649772733449936,0.10000000149011612,frozen_mlp_surrogate_adjoint,900,900,900,700,58.44581460952759,58.44581460952759,0.06493979401058621
172,123.09171295166016,145.336181640625,194.83151245117188,88.35530853271484,0.29924800992012024,0.17289216816425323,0.7974410057067871,0.7843575477600098,0.7307440638542175,T040_010_040_010,0.005253850016742945,0.0016289119375869632,0.07249876111745834,0.0016289119375869632,0.05,200,50197,0.02925308792936526,0.2451590597629547,0.4000000059604645,0.07666847109794617,0.10000000149011612,0.301899254322052,0.4000000059604645,0.10701725631952286,0.10000000149011612,frozen_mlp_surrogate_adjoint,900,900,900,700,58.44581460952759,58.44581460952759,0.06493979401058621
173,123.28334045410156,145.352783203125,194.9450225830078,88.30867004394531,0.3005787432193756,0.17319965362548828,0.7982293367385864,0.7834938764572144,0.7302577495574951,T040_010_040_010,0.005253979470580816,0.001615935587324202,0.07276087999343872,0.001615935587324202,0.05,810,51277,0.060625132148309516,0.24520720541477203,0.4000000059604645,0.07668077945709229,0.10000000149011612,0.30148646235466003,0.4000000059604645,0.10688326507806778,0.10000000149011612,frozen_mlp_surrogate_adjoint,900,900,900,700,58.44581460952759,58.44581460952759,0.06493979401058621
174,192.6407470703125,165.10568237304688,181.7995147705078,99.51728820800781,0.7822273373603821,0.5389941334724426,0.7069410681724548,0.9910609126091003,0.6912134289741516,T040_010_040_010,0.005280560348182917,0.0005131029756739736,0.09534914791584015,0.0005131029756739736,0.05,557,51471,0.05003168038135912,0.2704000473022461,0.4000000059604645,0.046714141964912415,0.10000000149011612,0.2865145802497864,0.4000000059604645,0.08758465945720673,0.10000000149011612,frozen_mlp_surrogate_adjoint,900,900,900,700,58.44581460952759,58.44581460952759,0.06493979401058621
175,192.73275756835938,165.13726806640625,181.94912719726562,99.49796295166016,0.7828664183616638,0.5395790338516235,0.7079800367355347,0.9907029867172241,0.6908442974090576,T040_010_040_010,0.005287263076752424,0.0005084006115794182,0.09557724744081497,0.0005084006115794182,0.05,123,51127,0.02259132182800378,0.27047067880630493,0.4000000059604645,0.04667506366968155,0.10000000149011612,0.2863413989543915,0.4000000059604645,0.08735718578100204,0.10000000149011612,frozen_mlp_surrogate_adjoint,900,900,900,700,58.44581460952759,58.44581460952759,0.06493979401058621
176,192.7509765625,165.107421875,182.095703125,99.48114776611328,0.7829928398132324,0.5390262007713318,0.708997905254364,0.9903916120529175,0.6905114650726318,T040_010_040_010,0.005292074754834175,0.0005029171006754041,0.09578315168619156,0.0005029171006754041,0.05,349,25,0.03939582634620356,0.2704528272151947,0.4000000059604645,0.046706657856702805,0.10000000149011612,0.28624534606933594,0.4000000059604645,0.0871066153049469,0.10000000149011612,frozen_mlp_surrogate_adjoint,900,900,900,700,58.44581460952759,58.44581460952759,0.06493979401058621
177,192.78530883789062,165.1584930419922,182.578125,99.40315246582031,0.783231258392334,0.5399721264839172,0.7123481631278992,0.9889472723007202,0.6894267797470093,T040_010_040_010,0.005314059089869261,0.0004912724834866822,0.09645572304725647,0.0004912724834866822,0.05,771,50209,0.05831192780985862,0.2704007625579834,0.4000000059604645,0.046726375818252563,0.10000000149011612,0.28561902046203613,0.4000000059604645,0.08668065816164017,0.10000000149011612,frozen_mlp_surrogate_adjoint,900,900,900,700,58.44581460952759,58.44581460952759,0.06493979401058621
178,137.83737182617188,146.96408081054688,198.6459503173828,88.50605773925781,0.40164846181869507,0.2030385583639145,0.8239302039146423,0.7871492505073547,0.7049990296363831,T040_010_040_010,0.005320495925843716,0.0009692173916846514,0.08702557533979416,0.0009692173916846514,0.05,740,50485,0.05726834500033646,0.24906909465789795,0.4000000059604645,0.06783375889062881,0.10000000149011612,0.2897528409957886,0.4000000059604645,0.09834332764148712,0.10000000149011612,frozen_mlp_surrogate_adjoint,900,900,900,700,58.44581460952759,58.44581460952759,0.06493979401058621
179,137.79483032226562,146.95912170410156,198.67098999023438,88.51676940917969,0.4013529419898987,0.2029467672109604,0.8241040706634521,0.7873474955558777,0.7051365971565247,T040_010_040_010,0.005320497322827578,0.0009732759208418429,0.08694442361593246,0.0009732759208418429,0.05,112,50236,0.02169583528562366,0.24884822964668274,0.4000000059604645,0.06795884668827057,0.10000000149011612,0.29026323556900024,0.4000000059604645,0.09806626290082932,0.10000000149011612,frozen_mlp_surrogate_adjoint,900,900,900,700,58.44581460952759,58.44581460952759,0.06493979401058621
180,137.73216247558594,146.95120239257812,198.6705322265625,88.51529693603516,0.40091776847839355,0.20280002057552338,0.8241008520126343,0.7873203158378601,0.7053074836730957,T040_010_040_010,0.005320710130035877,0.000978525960817933,0.08684367686510086,0.000978525960817933,0.05,490,50468,0.047035482303697564,0.24874316155910492,0.4000000059604645,0.06804081052541733,0.10000000149011612,0.29048264026641846,0.4000000059604645,0.0980408787727356,0.10000000149011612,frozen_mlp_surrogate_adjoint,900,900,900,700,58.44581460952759,58.44581460952759,0.06493979401058621
181,137.79690551757812,146.9599609375,198.6476593017578,88.50804138183594,0.4013674259185791,0.20296214520931244,0.8239420652389526,0.7871859669685364,0.7051112055778503,T040_010_040_010,0.005320713855326176,0.0009727436117827892,0.08695939928293228,0.0009727436117827892,0.05,474,50445,0.04602255753741543,0.24897779524326324,0.4000000059604645,0.06788323819637299,0.10000000149011612,0.2899630665779114,0.4000000059604645,0.09828712046146393,0.10000000149011612,frozen_mlp_surrogate_adjoint,900,900,900,700,58.44581460952759,58.44581460952759,0.06493979401058621
182,137.72840881347656,146.951416015625,198.63722229003906,88.51243591308594,0.4008917510509491,0.2028038501739502,0.8238695859909058,0.78726726770401,0.7053072452545166,T040_010_040_010,0.005320741795003414,0.000978550873696804,0.0868438184261322,0.000978550873696804,0.05,728,51708,0.0569375357913684,0.24887029826641083,0.4000000059604645,0.06795745342969894,0.10000000149011612,0.2902110815048218,0.4000000059604645,0.09826837480068207,0.10000000149011612,frozen_mlp_surrogate_adjoint,900,900,900,700,58.44581460952759,58.44581460952759,0.06493979401058621
183,137.79055786132812,146.95925903320312,198.6526641845703,88.521240234375,0.4013233184814453,0.2029491364955902,0.8239768147468567,0.7874304056167603,0.70514315366745,T040_010_040_010,0.005320749245584011,0.0009737216169014573,0.08694055676460266,0.0009737216169014573,0.05,92,51605,0.020154593761938747,0.2488812953233719,0.4000000059604645,0.06792084872722626,0.10000000149011612,0.2902068495750427,0.4000000059604645,0.09813414514064789,0.10000000149011612,frozen_mlp_surrogate_adjoint,900,900,900,700,58.44581460952759,58.44581460952759,0.06493979401058621
184,137.83518981933594,146.9656982421875,198.66029357910156,88.51117706298828,0.40163326263427734,0.20306836068630219,0.824029803276062,0.7872440218925476,0.705015242099762,T040_010_040_010,0.005320773459970951,0.00096997304353863,0.08701600879430771,0.00096997304353863,0.05,146,50635,0.025681321836887597,0.2489834427833557,0.4000000059604645,0.06785635650157928,0.10000000149011612,0.2899683713912964,0.4000000059604645,0.09820705652236938,0.10000000149011612,frozen_mlp_surrogate_adjoint,900,900,900,700,58.44581460952759,58.44581460952759,0.06493979401058621
185,137.72366333007812,146.94895935058594,198.68348693847656,88.51953125,0.4008588194847107,0.2027585208415985,0.8241908550262451,0.7873987555503845,0.705342173576355,T040_010_040_010,0.0053208027966320515,0.0009796408703550696,0.0868232324719429,0.0009796408703550696,0.05,241,51528,0.031551827369325366,0.2486554980278015,0.4000000059604645,0.0681079775094986,0.10000000149011612,0.29065805673599243,0.4000000059604645,0.09792062640190125,0.10000000149011612,frozen_mlp_surrogate_adjoint,900,900,900,700,58.44581460952759,58.44581460952759,0.06493979401058621
186,137.71595764160156,146.95022583007812,198.62562561035156,88.51219177246094,0.4008052349090576,0.20278194546699524,0.8237890601158142,0.7872628569602966,0.7053388357162476,T040_010_040_010,0.005320842377841473,0.0009795821970328689,0.08682519942522049,0.0009795821970328689,0.05,770,50145,0.05826971426067802,0.2488899976015091,0.4000000059604645,0.06794311106204987,0.10000000149011612,0.2901723086833954,0.4000000059604645,0.09833339601755142,0.10000000149011612,frozen_mlp_surrogate_adjoint,900,900,900,700,58.44581460952759,58.44581460952759,0.06493979401058621
187,137.7605743408203,146.95558166503906,198.65206909179688,88.5258560180664,0.4011151194572449,0.20288103818893433,0.823972761631012,0.7875158786773682,0.7052300572395325,T040_010_040_010,0.0053209285251796246,0.0009764624992385507,0.08688931912183762,0.0009764624992385507,0.05,469,50371,0.04564986766330941,0.24880404770374298,0.4000000059604645,0.06796642392873764,0.10000000149011612,0.29038286209106445,0.4000000059604645,0.09807673841714859,0.10000000149011612,frozen_mlp_surrogate_adjoint,900,900,900,700,58.44581460952759,58.44581460952759,0.06493979401058621
188,137.7069854736328,146.94937133789062,198.6436767578125,88.5284194946289,0.40074294805526733,0.2027660757303238,0.8239143490791321,0.7875633239746094,0.7053840756416321,T040_010_040_010,0.005321062635630369,0.0009811354102566838,0.0867985412478447,0.0009811354102566838,0.05,396,50304,0.04178033394958158,0.2487252652645111,0.4000000059604645,0.06801705062389374,0.10000000149011612,0.29057037830352783,0.4000000059604645,0.09807141125202179,0.10000000149011612,frozen_mlp_surrogate_adjoint,900,900,900,700,58.44581460952759,58.44581460952759,0.06493979401058621
189,137.77090454101562,146.95755004882812,198.5807647705078,88.50848388671875,0.40118682384490967,0.2029176950454712,0.8234775066375732,0.7871940732002258,0.7051700353622437,T040_010_040_010,0.005321205127984285,0.0009749693563207984,0.086924709379673,0.0009749693563207984,0.05,143,50705,0.025138570591492375,0.24916842579841614,0.4000000059604645,0.06775646656751633,0.10000000149011612,0.28956741094589233,0.4000000059604645,0.09867773205041885,0.10000000149011612,frozen_mlp_surrogate_adjoint,900,900,900,700,58.44581460952759,58.44581460952759,0.06493979401058621
190,137.5701904296875,146.93316650390625,198.6007080078125,88.52593994140625,0.39979299902915955,0.20246601104736328,0.8236159682273865,0.7875174283981323,0.7057655453681946,T040_010_040_010,0.005321246571838856,0.0009925507474690676,0.08657391369342804,0.0009925507474690676,0.05,102,51119,0.021032010628571705,0.24864685535430908,0.4000000059604645,0.06808995455503464,0.10000000149011612,0.2907569110393524,0.4000000059604645,0.09827180951833725,0.10000000149011612,frozen_mlp_surrogate_adjoint,900,900,900,700,58.44581460952759,58.44581460952759,0.06493979401058621
191,137.7479248046875,146.95596313476562,198.68014526367188,88.51535034179688,0.40102729201316833,0.2028881311416626,0.8241677284240723,0.7873212099075317,0.7052614092826843,T040_010_040_010,0.005321482662111521,0.0009779409738257527,0.08687083423137665,0.0009779409738257527,0.05,898,51604,0.06483785567902774,0.24872590601444244,0.4000000059604645,0.06801339983940125,0.10000000149011612,0.2905334234237671,0.4000000059604645,0.09798868745565414,0.10000000149011612,frozen_mlp_surrogate_adjoint,900,900,900,700,58.44581460952759,58.44581460952759,0.06493979401058621
192,137.70787048339844,146.9518585205078,198.63717651367188,88.52645874023438,0.4007490873336792,0.2028122842311859,0.8238693475723267,0.7875270843505859,0.7053802013397217,T040_010_040_010,0.005321532022207975,0.000981490476988256,0.08680082857608795,0.000981490476988256,0.05,4,51152,0.0073812864052782475,0.24875301122665405,0.4000000059604645,0.06797412037849426,0.10000000149011612,0.29052454233169556,0.4000000059604645,0.0981285348534584,0.10000000149011612,frozen_mlp_surrogate_adjoint,900,900,900,700,58.44581460952759,58.44581460952759,0.06493979401058621
193,192.882080078125,165.21923828125,183.1254425048828,99.30206298828125,0.7839033603668213,0.5410970449447632,0.7161489129066467,0.98707515001297,0.6880269646644592,T040_010_040_010,0.005343859549611807,0.00047750084195286036,0.09732717275619507,0.00047750084195286036,0.05,544,50875,0.04942609637401793,0.2704026699066162,0.4000000059604645,0.04675235599279404,0.10000000149011612,0.284508615732193,0.4000000059604645,0.0863632932305336,0.10000000149011612,frozen_mlp_surrogate_adjoint,900,900,900,700,58.44581460952759,58.44581460952759,0.06493979401058621
194,133.06703186035156,146.41766357421875,196.93052673339844,88.58529663085938,0.3685210645198822,0.1929197758436203,0.812017560005188,0.7886165976524353,0.7177071571350098,T040_010_040_010,0.005345586687326431,0.001361124450340867,0.07968924939632416,0.001361124450340867,0.05,430,50580,0.04355791958693769,0.246575728058815,0.4000000059604645,0.07035601884126663,0.10000000149011612,0.2961497902870178,0.4000000059604645,0.10462558269500732,0.10000000149011612,frozen_mlp_surrogate_adjoint,900,900,900,700,58.44581460952759,58.44581460952759,0.06493979401058621
195,133.11209106445312,146.4195556640625,197.02871704101562,88.5386962890625,0.368833988904953,0.19295483827590942,0.8126994371414185,0.787753701210022,0.7173771858215332,T040_010_040_010,0.0053456067107617855,0.0013518240302801132,0.0798756554722786,0.0013518240302801132,0.05,521,51212,0.04838575611302735,0.24655139446258545,0.4000000059604645,0.07050131261348724,0.10000000149011612,0.2958873510360718,0.4000000059604645,0.10443710535764694,0.10000000149011612,frozen_mlp_surrogate_adjoint,900,900,900,700,58.44581460952759,58.44581460952759,0.06493979401058621
196,133.09458923339844,146.4195556640625,196.97149658203125,88.56587219238281,0.3687123954296112,0.19295470416545868,0.8123019933700562,0.7882568836212158,0.7175462245941162,T040_010_040_010,0.005345618352293968,0.001356611610390246,0.07978013157844543,0.001356611610390246,0.05,44,50226,0.01430869955069105,0.2465784251689911,0.4000000059604645,0.07040003687143326,0.10000000149011612,0.2960141897201538,0.4000000059604645,0.10455358028411865,0.10000000149011612,frozen_mlp_surrogate_adjoint,900,900,900,700,58.44581460952759,58.44581460952759,0.06493979401058621
197,133.06640625,146.4164276123047,196.97091674804688,88.56073760986328,0.3685167729854584,0.19289681315422058,0.8122979998588562,0.7881618142127991,0.7175983190536499,T040_010_040_010,0.005345701240003109,0.0013581657549366355,0.07975070923566818,0.0013581657549366355,0.05,118,51629,0.022063432979728053,0.24656321108341217,0.4000000059604645,0.07043793797492981,0.10000000149011612,0.29602324962615967,0.4000000059604645,0.10457387566566467,0.10000000149011612,frozen_mlp_surrogate_adjoint,900,900,900,700,58.44581460952759,58.44581460952759,0.06493979401058621
198,133.08639526367188,146.41812133789062,196.970703125,88.57479858398438,0.3686554729938507,0.19292806088924408,0.8122965097427368,0.7884222269058228,0.7176038026809692,T040_010_040_010,0.005345731973648071,0.0013583514373749495,0.07974760979413986,0.0013583514373749495,0.05,59,51594,0.016532850371717974,0.24651798605918884,0.4000000059604645,0.07043932378292084,0.10000000149011612,0.29616183042526245,0.4000000059604645,0.1044846624135971,0.10000000149011612,frozen_mlp_surrogate_adjoint,900,900,900,700,58.44581460952759,58.44581460952759,0.06493979401058621
199,192.97531127929688,165.2322540283203,183.5247802734375,99.22931671142578,0.7845508456230164,0.5413379669189453,0.7189221382141113,0.9857280850410461,0.6869822144508362,T040_010_040_010,0.005366419907659292,0.000467413105070591,0.09798013418912888,0.000467413105070591,0.05,161,50032,0.026829072329232553,0.2703893780708313,0.4000000059604645,0.0467720627784729,0.10000000149011612,0.28373876214027405,0.4000000059604645,0.08608201891183853,0.10000000149011612,frozen_mlp_surrogate_adjoint,900,900,900,700,58.44581460952759,58.44581460952759,0.06493979401058621
200,137.1469268798828,146.8175811767578,191.54205322265625,92.8013687133789,0.39685362577438354,0.20032569766044617,0.7745975255966187,0.8666920065879822,0.7107406854629517,T040_010_040_010,0.005409437231719494,0.0012258898932486773,0.0836709514260292,0.0012258898932486773,0.05,523,51395,0.04855611622149288,0.24624422192573547,0.4000000059604645,0.06551694869995117,0.10000000149011612,0.301236629486084,0.4000000059604645,0.09774293005466461,0.10000000149011612,frozen_mlp_surrogate_adjoint,900,900,900,700,58.44581460952759,58.44581460952759,0.06493979401058621
201,137.11041259765625,146.819091796875,191.5169677734375,92.79684448242188,0.39660003781318665,0.20035356283187866,0.7744234204292297,0.8666083216667175,0.7108344435691833,T040_010_040_010,0.005409496370702982,0.0012286602286621928,0.0836167186498642,0.0012286602286621928,0.05,239,51096,0.03144118712637508,0.24631929397583008,0.4000000059604645,0.06537014245986938,0.10000000149011612,0.30122312903404236,0.4000000059604645,0.09792191535234451,0.10000000149011612,frozen_mlp_surrogate_adjoint,900,900,900,700,58.44581460952759,58.44581460952759,0.06493979401058621
202,137.13381958007812,146.82333374023438,191.548095703125,92.7958755493164,0.3967626988887787,0.20043222606182098,0.7746396064758301,0.8665903210639954,0.7108144760131836,T040_010_040_010,0.005409530363976955,0.0012281166855245829,0.08362826704978943,0.0012281166855245829,0.05,872,51028,0.06342826385330562,0.24629122018814087,0.4000000059604645,0.06538066267967224,0.10000000149011612,0.3013695180416107,0.4000000059604645,0.09777309000492096,0.10000000149011612,frozen_mlp_surrogate_adjoint,900,900,900,700,58.44581460952759,58.44581460952759,0.06493979401058621
203,137.13848876953125,146.81776428222656,191.52987670898438,92.80188751220703,0.3967950642108917,0.20032909512519836,0.7745130062103271,0.866701602935791,0.7107486724853516,T040_010_040_010,0.005409552715718746,0.001226235879585147,0.08366633206605911,0.001226235879585147,0.05,625,51075,0.052803923343858306,0.24626746773719788,0.4000000059604645,0.06547629833221436,0.10000000149011612,0.30120527744293213,0.4000000059604645,0.09779968857765198,0.10000000149011612,frozen_mlp_surrogate_adjoint,900,900,900,700,58.44581460952759,58.44581460952759,0.06493979401058621
204,137.14866638183594,146.8121337890625,191.51686096191406,92.80818939208984,0.39686572551727295,0.2002246379852295,0.7744226455688477,0.8668183088302612,0.7106713652610779,T040_010_040_010,0.005409593693912029,0.0012240407522767782,0.08371105790138245,0.0012240407522767782,0.05,170,50184,0.02736119502832944,0.24623185396194458,0.4000000059604645,0.06559301167726517,0.10000000149011612,0.3010503649711609,0.4000000059604645,0.09779615700244904,0.10000000149011612,frozen_mlp_surrogate_adjoint,900,900,900,700,58.44581460952759,58.44581460952759,0.06493979401058621
205,137.16354370117188,146.81903076171875,191.55758666992188,92.80360412597656,0.3969690799713135,0.20035244524478912,0.7747055292129517,0.8667334914207458,0.710716962814331,T040_010_040_010,0.0054096076637506485,0.0012253738241270185,0.08368467539548874,0.0012253738241270185,0.05,793,50799,0.05947569597738957,0.24621325731277466,0.4000000059604645,0.06554928421974182,0.10000000149011612,0.30131810903549194,0.4000000059604645,0.09763633459806442,0.10000000149011612,frozen_mlp_surrogate_adjoint,900,900,900,700,58.44581460952759,58.44581460952759,0.06493979401058621
206,137.16244506835938,146.81155395507812,191.5314178466797,92.81089782714844,0.39696139097213745,0.20021404325962067,0.7745237350463867,0.8668683767318726,0.7106608152389526,T040_010_040_010,0.005409622564911842,0.0012237641494721174,0.08371716737747192,0.0012237641494721174,0.05,192,51697,0.02874055143423411,0.24618594348430634,0.4000000059604645,0.06566165387630463,0.10000000149011612,0.3011249601840973,0.4000000059604645,0.09768828749656677,0.10000000149011612,frozen_mlp_surrogate_adjoint,900,900,900,700,58.44581460952759,58.44581460952759,0.06493979401058621
207,137.17645263671875,146.8203887939453,191.57962036132812,92.79943084716797,0.3970586359500885,0.20037752389907837,0.7748584747314453,0.8666561245918274,0.7106951475143433,T040_010_040_010,0.00540962815284729,0.0012247634585946798,0.08369729667901993,0.0012247634585946798,0.05,175,51554,0.027586435122475283,0.24619483947753906,0.4000000059604645,0.06557541340589523,0.10000000149011612,0.3013527989387512,0.4000000059604645,0.09757210314273834,0.10000000149011612,frozen_mlp_surrogate_adjoint,900,900,900,700,58.44581460952759,58.44581460952759,0.06493979401058621
208,137.16775512695312,146.81932067871094,191.559814453125,92.80224609375,0.39699825644493103,0.20035773515701294,0.7747209072113037,0.8667082190513611,0.710688591003418,T040_010_040_010,0.005409629084169865,0.0012245745165273547,0.08370108902454376,0.0012245745165273547,0.05,352,50195,0.039434395694486125,0.2462179809808731,0.4000000059604645,0.0655510276556015,0.10000000149011612,0.30127739906311035,0.4000000059604645,0.09764216840267181,0.10000000149011612,frozen_mlp_surrogate_adjoint,900,900,900,700,58.44581460952759,58.44581460952759,0.06493979401058621
209,137.16432189941406,146.82476806640625,191.58018493652344,92.79534149169922,0.39697444438934326,0.20045854151248932,0.7748624086380005,0.8665803670883179,0.7107486724853516,T040_010_040_010,0.005409661680459976,0.0012263449607416987,0.08366633206605911,0.0012263449607416987,0.05,760,51258,0.05775204441448436,0.24623948335647583,0.4000000059604645,0.06546106934547424,0.10000000149011612,0.30143284797668457,0.4000000059604645,0.09761522710323334,0.10000000149011612,frozen_mlp_surrogate_adjoint,900,900,900,700,58.44581460952759,58.44581460952759,0.06493979401058621
210,137.13900756835938,146.81439208984375,191.52581787109375,92.80510711669922,0.39679867029190063,0.20026639103889465,0.7744848728179932,0.8667612671852112,0.7107385993003845,T040_010_040_010,0.005409697070717812,0.0012260889634490013,0.08367215842008591,0.0012260889634490013,0.05,715,50961,0.056499481041293265,0.24623507261276245,0.4000000059604645,0.06554500013589859,0.10000000149011612,0.30117762088775635,0.4000000059604645,0.09778086096048355,0.10000000149011612,frozen_mlp_surrogate_adjoint,900,900,900,700,58.44581460952759,58.44581460952759,0.06493979401058621
211,137.1831512451172,146.81640625,191.57391357421875,92.80164337158203,0.39710524678230286,0.20030373334884644,0.7748187780380249,0.8666971325874329,0.7106416821479797,T040_010_040_010,0.005409726407378912,0.0012233144370839,0.08372823894023895,0.0012233144370839,0.05,273,51340,0.034321321079822206,0.2461697906255722,0.4000000059604645,0.0656571090221405,0.10000000149011612,0.3012368977069855,0.4000000059604645,0.09757786989212036,0.10000000149011612,frozen_mlp_surrogate_adjoint,900,900,900,700,58.44581460952759,58.44581460952759,0.06493979401058621
212,137.15469360351562,146.80819702148438,191.50204467773438,92.81063842773438,0.39690759778022766,0.20015184581279755,0.7743197083473206,0.8668636083602905,0.7105849981307983,T040_010_040_010,0.005409742705523968,0.0012216904433444142,0.08376104384660721,0.0012216904433444142,0.05,52,51006,0.01614122706115204,0.2462284117937088,0.4000000059604645,0.06565574556589127,0.10000000149011612,0.30085283517837524,0.4000000059604645,0.09784799814224243,0.10000000149011612,frozen_mlp_surrogate_adjoint,900,900,900,700,58.44581460952759,58.44581460952759,0.06493979401058621
213,137.15440368652344,146.81936645507812,191.56622314453125,92.79820251464844,0.3969056010246277,0.20035864412784576,0.7747654318809509,0.8666334748268127,0.7107551693916321,T040_010_040_010,0.005409805104136467,0.0012266768608242273,0.08366256952285767,0.0012266768608242273,0.05,746,51164,0.05743150053519451,0.24621210992336273,0.4000000059604645,0.06553339213132858,0.10000000149011612,0.30135905742645264,0.4000000059604645,0.09765058755874634,0.10000000149011612,frozen_mlp_surrogate_adjoint,900,900,900,700,58.44581460952759,58.44581460952759,0.06493979401058621
214,137.1153564453125,146.82127380371094,191.50958251953125,92.79698944091797,0.39663445949554443,0.20039398968219757,0.7743721008300781,0.8666108846664429,0.7107793688774109,T040_010_040_010,0.005409809295088053,0.0012273808242753148,0.08364856988191605,0.0012273808242753148,0.05,466,51499,0.04556824632343234,0.24635231494903564,0.4000000059604645,0.06531673669815063,0.10000000149011612,0.30114856362342834,0.4000000059604645,0.09796173870563507,0.10000000149011612,frozen_mlp_surrogate_adjoint,900,900,900,700,58.44581460952759,58.44581460952759,0.06493979401058621
215,137.17556762695312,146.82313537597656,191.58010864257812,92.80386352539062,0.39705249667167664,0.20042847096920013,0.7748618721961975,0.8667381405830383,0.7107396125793457,T040_010_040_010,0.005409816280007362,0.0012262376258149743,0.08367156982421875,0.0012262376258149743,0.05,26,50128,0.01144262604546219,0.24619263410568237,0.4000000059604645,0.0655307024717331,0.10000000149011612,0.3015013039112091,0.4000000059604645,0.09751500934362411,0.10000000149011612,frozen_mlp_surrogate_adjoint,900,900,900,700,58.44581460952759,58.44581460952759,0.06493979401058621
216,137.17909240722656,146.8125,191.5389404296875,92.81363677978516,0.3970770239830017,0.2002316117286682,0.77457594871521,0.866919219493866,0.7106091380119324,T040_010_040_010,0.0054098377004265785,0.0012224838137626648,0.08374707400798798,0.0012224838137626648,0.05,93,51650,0.020214612236350033,0.24616795778274536,0.4000000059604645,0.06568809598684311,0.10000000149011612,0.3011339008808136,0.4000000059604645,0.09761917591094971,0.10000000149011612,frozen_mlp_surrogate_adjoint,900,900,900,700,58.44581460952759,58.44581460952759,0.06493979401058621
217,137.19393920898438,146.8239288330078,191.60394287109375,92.803955078125,0.39718014001846313,0.20044301450252533,0.7750273942947388,0.866739809513092,0.7107208967208862,T040_010_040_010,0.005409842357039452,0.0012257221387699246,0.08368240296840668,0.0012257221387699246,0.05,515,50392,0.04819244831352201,0.24614955484867096,0.4000000059604645,0.06559202075004578,0.10000000149011612,0.30158865451812744,0.4000000059604645,0.09739066660404205,0.10000000149011612,frozen_mlp_surrogate_adjoint,900,900,900,700,58.44581460952759,58.44581460952759,0.06493979401058621
218,137.19134521484375,146.81175231933594,191.5599365234375,92.81401062011719,0.3971621096134186,0.20021754503250122,0.7747218012809753,0.8669261336326599,0.7106108665466309,T040_010_040_010,0.005409863777458668,0.0012225601822137833,0.08374606817960739,0.0012225601822137833,0.05,7,51726,0.008411848038258079,0.24611526727676392,0.4000000059604645,0.06576680392026901,0.10000000149011612,0.301224946975708,0.4000000059604645,0.09750381112098694,0.10000000149011612,frozen_mlp_surrogate_adjoint,900,900,900,700,58.44581460952759,58.44581460952759,0.06493979401058621
219,137.15333557128906,146.81716918945312,191.56005859375,92.80030059814453,0.39689815044403076,0.20031796395778656,0.7747225761413574,0.8666722178459167,0.710741400718689,T040_010_040_010,0.005409939680248499,0.0012264130637049675,0.08367053419351578,0.0012264130637049675,0.05,816,51448,0.06073740150274175,0.2461986094713211,0.4000000059604645,0.0655687153339386,0.10000000149011612,0.3013172745704651,0.4000000059604645,0.09765681624412537,0.10000000149011612,frozen_mlp_surrogate_adjoint,900,900,900,700,58.44581460952759,58.44581460952759,0.06493979401058621
220,137.2237548828125,146.80958557128906,191.58639526367188,92.80915832519531,0.39738723635673523,0.20017753541469574,0.7749055027961731,0.8668361902236938,0.7104827165603638,T040_010_040_010,0.005410004407167435,0.0012189915869385004,0.08382026106119156,0.0012189915869385004,0.05,316,50344,0.037425330356636255,0.2460700273513794,0.4000000059604645,0.0658959448337555,0.10000000149011612,0.3010859787464142,0.4000000059604645,0.09743073582649231,0.10000000149011612,frozen_mlp_surrogate_adjoint,900,900,900,700,58.44581460952759,58.44581460952759,0.06493979401058621
221,137.0699462890625,146.81558227539062,191.4781494140625,92.7908935546875,0.39631912112236023,0.20028845965862274,0.7741537690162659,0.8664979934692383,0.7108794450759888,T040_010_040_010,0.005410036072134972,0.0012305011041462421,0.08359069377183914,0.0012305011041462421,0.05,114,51222,0.02185948463944203,0.24638839066028595,0.4000000059604645,0.0652804747223854,0.10000000149011612,0.30101966857910156,0.4000000059604645,0.09819088131189346,0.10000000149011612,frozen_mlp_surrogate_adjoint,900,900,900,700,58.44581460952759,58.44581460952759,0.06493979401058621
222,137.11465454101562,146.82669067382812,191.5380859375,92.78592681884766,0.39662960171699524,0.2004941701889038,0.774570107460022,0.8664060831069946,0.7108255624771118,T040_010_040_010,0.005410070065408945,0.0012289773439988494,0.08362185209989548,0.0012289773439988494,0.05,194,51007,0.028860193912836268,0.24637022614479065,0.4000000059604645,0.06523387879133224,0.10000000149011612,0.30127936601638794,0.4000000059604645,0.09794209152460098,0.10000000149011612,frozen_mlp_surrogate_adjoint,900,900,900,700,58.44581460952759,58.44581460952759,0.06493979401058621
223,137.2930450439453,146.8135986328125,191.66734313964844,92.81169891357422,0.3978683352470398,0.20025186240673065,0.7754676342010498,0.8668833374977112,0.7103955745697021,T040_010_040_010,0.005410348996520042,0.0012168122921139002,0.08387072384357452,0.0012168122921139002,0.05,18,50906,0.010096646689583454,0.24592608213424683,0.4000000059604645,0.06609230488538742,0.10000000149011612,0.30139413475990295,0.4000000059604645,0.09698309004306793,0.10000000149011612,frozen_mlp_surrogate_adjoint,900,900,900,700,58.44581460952759,58.44581460952759,0.06493979401058621
224,137.19476318359375,146.8171844482422,191.53724670410156,92.81022644042969,0.3971858024597168,0.20031830668449402,0.7745642066001892,0.8668560981750488,0.7104784250259399,T040_010_040_010,0.0054104747250676155,0.0012193373404443264,0.08382274210453033,0.0012193373404443264,0.05,81,51090,0.01872829876943922,0.24622328579425812,0.4000000059604645,0.06560243666172028,0.10000000149011612,0.3009793162345886,0.4000000059604645,0.0976734459400177,0.10000000149011612,frozen_mlp_surrogate_adjoint,900,900,900,700,58.44581460952759,58.44581460952759,0.06493979401058621
225,137.14645385742188,146.82110595703125,191.50991821289062,92.8126449584961,0.3968503177165985,0.20039094984531403,0.7743744850158691,0.8669008612632751,0.710701048374176,T040_010_040_010,0.005410565994679928,0.001225871266797185,0.08369388431310654,0.001225871266797185,0.05,65,51121,0.01713147526188229,0.24628427624702454,0.4000000059604645,0.06540019810199738,0.10000000149011612,0.3012392222881317,0.4000000059604645,0.09777730703353882,0.10000000149011612,frozen_mlp_surrogate_adjoint,900,900,900,700,58.44581460952759,58.44581460952759,0.06493979401058621
226,137.15084838867188,146.82167053222656,191.50572204589844,92.79782104492188,0.3968808352947235,0.20040123164653778,0.7743452787399292,0.8666263818740845,0.7105408906936646,T040_010_040_010,0.005410851910710335,0.0012215229216963053,0.08378657698631287,0.0012215229216963053,0.05,37,50069,0.013351856458680512,0.24636560678482056,0.4000000059604645,0.06534861028194427,0.10000000149011612,0.3008452355861664,0.4000000059604645,0.09798143059015274,0.10000000149011612,frozen_mlp_surrogate_adjoint,900,900,900,700,58.44581460952759,58.44581460952759,0.06493979401058621
227,193.63946533203125,165.33392333984375,185.38494873046875,99.07826232910156,0.7891629934310913,0.5432208180427551,0.7318398952484131,0.9829307198524475,0.6842930316925049,T040_010_040_010,0.005422539543360472,0.00043899519369006157,0.0996708869934082,0.00043899519369006157,0.05,779,50405,0.05879166261145686,0.2698884606361389,0.4000000059604645,0.04659450054168701,0.10000000149011612,0.28567591309547424,0.4000000059604645,0.08213411271572113,0.10000000149011612,frozen_mlp_surrogate_adjoint,900,900,900,700,58.44581460952759,58.44581460952759,0.06493979401058621
228,137.09854125976562,146.7155303955078,190.69448852539062,93.13385772705078,0.39651766419410706,0.19843582808971405,0.7687116861343384,0.8728492259979248,0.709990382194519,T040_010_040_010,0.005423576571047306,0.0012182977516204119,0.08410558104515076,0.0012182977516204119,0.05,196,51086,0.028941678467633496,0.24584144353866577,0.4000000059604645,0.06647853553295135,0.10000000149011612,0.2994301915168762,0.4000000059604645,0.09824022650718689,0.10000000149011612,frozen_mlp_surrogate_adjoint,900,900,900,700,58.44581460952759,58.44581460952759,0.06493979401058621
229,194.11361694335938,165.36154174804688,186.64501953125,98.91659545898438,0.7924557328224182,0.5437321662902832,0.7405903935432434,0.979936957359314,0.6826533675193787,T040_010_040_010,0.005459998734295368,0.00042455398943275213,0.10070888698101044,0.00042455398943275213,0.05,384,50819,0.04114839622725788,0.269609659910202,0.4000000059604645,0.04669088125228882,0.10000000149011612,0.2849149703979492,0.4000000059604645,0.08143787831068039,0.10000000149011612,frozen_mlp_surrogate_adjoint,900,900,900,700,58.44581460952759,58.44581460952759,0.06493979401058621
230,112.08438110351562,144.09423828125,193.12203979492188,89.0159912109375,0.22280818223953247,0.1498931646347046,0.7855697870254517,0.7965923547744751,0.7427158355712891,T040_010_040_010,0.005483133718371391,0.0021733767352998257,0.06619513779878616,0.0021733767352998257,0.05,594,50795,0.05130506804609751,0.23880541324615479,0.4000000059604645,0.09209354966878891,0.10000000149011612,0.305852472782135,0.4000000059604645,0.10596444457769394,0.10000000149011612,frozen_mlp_surrogate_adjoint,900,900,900,700,58.44581460952759,58.44581460952759,0.06493979401058621
231,158.14901733398438,149.6402130126953,220.57565307617188,80.77053833007812,0.5427015423774719,0.2525966167449951,0.9762198328971863,0.6438989043235779,0.6922401785850525,T040_010_040_010,0.005496036261320114,0.0007602308178320527,0.09471610933542252,0.0007602308178320527,0.05,804,51324,0.060359987198998634,0.2470184862613678,0.4000000059604645,0.0668012797832489,0.10000000149011612,0.28874480724334717,0.4000000059604645,0.08967558294534683,0.10000000149011612,frozen_mlp_surrogate_adjoint,900,900,900,700,58.44581460952759,58.44581460952759,0.06493979401058621
232,158.15127563476562,149.6405029296875,220.5749053955078,80.76956176757812,0.5427171587944031,0.25260183215141296,0.976214587688446,0.6438807845115662,0.6922289729118347,T040_010_040_010,0.005496039986610413,0.0007598892552778125,0.09472300857305527,0.0007598892552778125,0.05,398,51350,0.041885360865196036,0.2470269501209259,0.4000000059604645,0.06679894030094147,0.10000000149011612,0.2887086868286133,0.4000000059604645,0.08969437330961227,0.10000000149011612,frozen_mlp_surrogate_adjoint,900,900,900,700,58.44581460952759,58.44581460952759,0.06493979401058621
233,158.14639282226562,149.64028930664062,220.5760040283203,80.77271270751953,0.5426833033561707,0.25259798765182495,0.9762222170829773,0.6439391374588013,0.6922570466995239,T040_010_040_010,0.005496068857610226,0.0007607822772115469,0.0947057232260704,0.0007607822772115469,0.05,300,50403,0.036341053937898424,0.24700559675693512,0.4000000059604645,0.06679992377758026,0.10000000149011612,0.2888090908527374,0.4000000059604645,0.08964237570762634,0.10000000149011612,frozen_mlp_surrogate_adjoint,900,900,900,700,58.44581460952759,58.44581460952759,0.06493979401058621
234,158.14950561523438,149.63931274414062,220.5714874267578,80.77131652832031,0.5427048802375793,0.2525797188282013,0.9761909246444702,0.6439133286476135,0.6922175884246826,T040_010_040_010,0.005496071185916662,0.0007595702190883458,0.09473001211881638,0.0007595702190883458,0.05,262,51734,0.03327600466423769,0.24702587723731995,0.4000000059604645,0.06680464744567871,0.10000000149011612,0.28870388865470886,0.4000000059604645,0.08968314528465271,0.10000000149011612,frozen_mlp_surrogate_adjoint,900,900,900,700,58.44581460952759,58.44581460952759,0.06493979401058621
235,158.15493774414062,149.64059448242188,220.57110595703125,80.76904296875,0.5427426099777222,0.25260353088378906,0.9761882424354553,0.6438711285591125,0.6922011375427246,T040_010_040_010,0.005496072117239237,0.0007590651512145996,0.0947401374578476,0.0007590651512145996,0.05,308,51589,0.0369103830161542,0.24704264104366302,0.4000000059604645,0.06679552048444748,0.10000000149011612,0.28864139318466187,0.4000000059604645,0.08972153812646866,0.10000000149011612,frozen_mlp_surrogate_adjoint,900,900,900,700,58.44581460952759,58.44581460952759,0.06493979401058621
236,158.15478515625,149.640869140625,220.5781707763672,80.77006530761719,0.5427415370941162,0.2526088356971741,0.9762372970581055,0.6438901424407959,0.6922352313995361,T040_010_040_010,0.0054960851557552814,0.000760127673856914,0.09471914917230606,0.000760127673856914,0.05,567,51660,0.050340247769228005,0.24702085554599762,0.4000000059604645,0.06679616868495941,0.10000000149011612,0.28874242305755615,0.4000000059604645,0.08967581391334534,0.10000000149011612,frozen_mlp_surrogate_adjoint,900,900,900,700,58.44581460952759,58.44581460952759,0.06493979401058621
237,158.14675903320312,149.63681030273438,220.56947326660156,80.77006530761719,0.542685866355896,0.2525334656238556,0.9761768579483032,0.6438902020454407,0.692194938659668,T040_010_040_010,0.005496099125593901,0.0007589011802338064,0.09474395215511322,0.0007589011802338064,0.05,797,50534,0.05975943081827073,0.2470310777425766,0.4000000059604645,0.06682325899600983,0.10000000149011612,0.2886365056037903,0.4000000059604645,0.08970408141613007,0.10000000149011612,frozen_mlp_surrogate_adjoint,900,900,900,700,58.44581460952759,58.44581460952759,0.06493979401058621
238,158.1589813232422,149.6470489501953,220.57748413085938,80.76939392089844,0.5427706837654114,0.25272315740585327,0.9762325286865234,0.6438776254653931,0.6922615766525269,T040_010_040_010,0.005496100522577763,0.0007609532331116498,0.09470293670892715,0.0007609532331116498,0.05,264,50496,0.03353791688275497,0.24703122675418854,0.4000000059604645,0.06675195693969727,0.10000000149011612,0.2887803316116333,0.4000000059604645,0.08969810605049133,0.10000000149011612,frozen_mlp_surrogate_adjoint,900,900,900,700,58.44581460952759,58.44581460952759,0.06493979401058621
239,158.16270446777344,149.64031982421875,220.5716552734375,80.7645492553711,0.5427965521812439,0.25259846448898315,0.9761919975280762,0.6437879204750061,0.6921621561050415,T040_010_040_010,0.005496110301464796,0.0007579031516797841,0.09476413577795029,0.0007579031516797841,0.05,592,51670,0.051269576117407296,0.24706816673278809,0.4000000059604645,0.06679832190275192,0.10000000149011612,0.2885094881057739,0.4000000059604645,0.08978617191314697,0.10000000149011612,frozen_mlp_surrogate_adjoint,900,900,900,700,58.44581460952759,58.44581460952759,0.06493979401058621
240,158.15489196777344,149.6437530517578,220.57801818847656,80.7690200805664,0.5427423119544983,0.2526620626449585,0.9762362837791443,0.6438707709312439,0.6922511458396912,T040_010_040_010,0.005496110767126083,0.0007606430444866419,0.0947093591094017,0.0007606430444866419,0.05,243,50149,0.03170405456122481,0.24702639877796173,0.4000000059604645,0.06677626073360443,0.10000000149011612,0.2887495458126068,0.4000000059604645,0.08969895541667938,0.10000000149011612,frozen_mlp_surrogate_adjoint,900,900,900,700,58.44581460952759,58.44581460952759,0.06493979401058621
241,158.1566619873047,149.63729858398438,220.57322692871094,80.76620483398438,0.542754590511322,0.252542644739151,0.9762029647827148,0.6438185572624207,0.6921705007553101,T040_010_040_010,0.005496119149029255,0.0007581689860671759,0.094759002327919,0.0007581689860671759,0.05,610,51051,0.05218453495820995,0.2470497190952301,0.4000000059604645,0.06682038307189941,0.10000000149011612,0.2885507345199585,0.4000000059604645,0.08974966406822205,0.10000000149011612,frozen_mlp_surrogate_adjoint,900,900,900,700,58.44581460952759,58.44581460952759,0.06493979401058621
242,158.15521240234375,149.63833618164062,220.56515502929688,80.76644134521484,0.5427444577217102,0.25256189703941345,0.9761468768119812,0.643822968006134,0.6921507716178894,T040_010_040_010,0.005496121011674404,0.0007575636263936758,0.09477114677429199,0.0007575636263936758,0.05,86,50422,0.019625042979595664,0.24706698954105377,0.4000000059604645,0.06680963933467865,0.10000000149011612,0.28849291801452637,0.4000000059604645,0.08978122472763062,0.10000000149011612,frozen_mlp_surrogate_adjoint,900,900,900,700,58.44581460952759,58.44581460952759,0.06493979401058621
243,158.15542602539062,149.64817810058594,220.58055114746094,80.774658203125,0.5427459478378296,0.25274407863616943,0.976253867149353,0.6439750790596008,0.692310631275177,T040_010_040_010,0.0054961442947387695,0.0007625069702044129,0.09467274695634842,0.0007625069702044129,0.05,219,50266,0.0306749006359379,0.24699899554252625,0.4000000059604645,0.06674301624298096,0.10000000149011612,0.288957417011261,0.4000000059604645,0.0896112322807312,0.10000000149011612,frozen_mlp_surrogate_adjoint,900,900,900,700,58.44581460952759,58.44581460952759,0.06493979401058621
244,158.15304565429688,149.6427001953125,220.5725860595703,80.76915740966797,0.5427295565605164,0.2526426911354065,0.9761985540390015,0.6438732743263245,0.6922268867492676,T040_010_040_010,0.0054961456917226315,0.000759931281208992,0.09472429007291794,0.000759931281208992,0.05,164,51555,0.026921217021209157,0.24703529477119446,0.4000000059604645,0.06678101420402527,0.10000000149011612,0.2886972427368164,0.4000000059604645,0.08971332013607025,0.10000000149011612,frozen_mlp_surrogate_adjoint,900,900,900,700,58.44581460952759,58.44581460952759,0.06493979401058621
245,158.15011596679688,149.6390380859375,220.5728302001953,80.77590942382812,0.5427091121673584,0.2525748908519745,0.9762001633644104,0.6439983248710632,0.6922336220741272,T040_010_040_010,0.0054961685091257095,0.000760161317884922,0.09472014009952545,0.000760161317884922,0.05,79,51024,0.018341503811848642,0.24700458347797394,0.4000000059604645,0.06680329889059067,0.10000000149011612,0.2888107895851135,0.4000000059604645,0.08961490541696548,0.10000000149011612,frozen_mlp_surrogate_adjoint,900,900,900,700,58.44581460952759,58.44581460952759,0.06493979401058621
246,158.15634155273438,149.63475036621094,220.5778045654297,80.7681655883789,0.5427523255348206,0.2524954080581665,0.9762347936630249,0.6438549160957336,0.6921772956848145,T040_010_040_010,0.005496171768754721,0.0007584308041259646,0.09475481510162354,0.0007584308041259646,0.05,848,50803,0.06205387511422655,0.24702894687652588,0.4000000059604645,0.06683915108442307,0.10000000149011612,0.28861063718795776,0.4000000059604645,0.08969852328300476,0.10000000149011612,frozen_mlp_surrogate_adjoint,900,900,900,700,58.44581460952759,58.44581460952759,0.06493979401058621
247,158.1768035888672,149.6490020751953,220.57058715820312,80.76690673828125,0.5428944826126099,0.25275927782058716,0.976184606552124,0.6438316702842712,0.692184567451477,T040_010_040_010,0.005496188532561064,0.0007586717838421464,0.09475033730268478,0.0007586717838421464,0.05,16,51705,0.009684213007223063,0.24707993865013123,0.4000000059604645,0.06673119962215424,0.10000000149011612,0.28859418630599976,0.4000000059604645,0.08977928757667542,0.10000000149011612,frozen_mlp_surrogate_adjoint,900,900,900,700,58.44581460952759,58.44581460952759,0.06493979401058621
248,158.14373779296875,149.6351776123047,220.583740234375,80.7741470336914,0.5426648259162903,0.2525033950805664,0.9762759208679199,0.6439656615257263,0.6922622919082642,T040_010_040_010,0.005496195983141661,0.0007610711036249995,0.09470249712467194,0.0007610711036249995,0.05,51,51376,0.015843638270422226,0.24697330594062805,0.4000000059604645,0.06684395670890808,0.10000000149011612,0.2888646125793457,0.4000000059604645,0.08958040177822113,0.10000000149011612,frozen_mlp_surrogate_adjoint,900,900,900,700,58.44581460952759,58.44581460952759,0.06493979401058621
249,158.1361541748047,149.62930297851562,220.580810546875,80.77426147460938,0.5426121950149536,0.2523946166038513,0.9762555956840515,0.6439678072929382,0.6922296285629272,T040_010_040_010,0.0054962895810604095,0.000760159338824451,0.09472259879112244,0.000760159338824451,0.05,223,50900,0.030804887077484043,0.24696533381938934,0.4000000059604645,0.06689338386058807,0.10000000149011612,0.2887909412384033,0.4000000059604645,0.08957992494106293,0.10000000149011612,frozen_mlp_surrogate_adjoint,900,900,900,700,58.44581460952759,58.44581460952759,0.06493979401058621
250,208.38426208496094,184.9481964111328,223.6338653564453,84.44140625,0.8915573954582214,0.9064480066299438,0.9974574446678162,0.7118778824806213,0.699212372303009,T040_010_040_010,0.005514332093298435,0.0009906718041747808,0.09047319740056992,0.0009906718041747808,0.05,17,51562,0.010066776903527834,0.2873735725879669,0.4000000059604645,0.03218187764286995,0.10000000149011612,0.29360273480415344,0.4000000059604645,0.08605415374040604,0.10000000149011612,frozen_mlp_surrogate_adjoint,900,900,900,700,58.44581460952759,58.44581460952759,0.06493979401058621
251,158.49148559570312,149.683349609375,219.59698486328125,81.1529312133789,0.5450798273086548,0.25339531898498535,0.9694235324859619,0.6509802341461182,0.6886501908302307,T040_010_040_010,0.005517032463103533,0.0006700969533994794,0.09693870693445206,0.0006700969533994794,0.05,471,50688,0.045929255795974,0.24821770191192627,0.4000000059604645,0.06551428139209747,0.10000000149011612,0.2857666611671448,0.4000000059604645,0.08915158361196518,0.10000000149011612,frozen_mlp_surrogate_adjoint,900,900,900,700,58.44581460952759,58.44581460952759,0.06493979401058621
252,158.4896240234375,149.68399047851562,219.57037353515625,81.18040466308594,0.5450668931007385,0.25340715050697327,0.9692386984825134,0.6514889597892761,0.6886274218559265,T040_010_040_010,0.005517628043889999,0.0006699836812913418,0.096952885389328,0.0006699836812913418,0.05,57,50388,0.0164117583734827,0.24815945327281952,0.4000000059604645,0.0654844343662262,0.10000000149011612,0.2860802412033081,0.4000000059604645,0.08890332281589508,0.10000000149011612,frozen_mlp_surrogate_adjoint,900,900,900,700,58.44581460952759,58.44581460952759,0.06493979401058621
253,208.2889862060547,184.92300415039062,223.36705017089844,84.51593780517578,0.8908957242965698,0.9059816002845764,0.9956045150756836,0.7132580876350403,0.6981082558631897,T040_010_040_010,0.005520184524357319,0.0009632533183321357,0.09113862365484238,0.0009632533183321357,0.05,76,51699,0.018070257877174308,0.2866733968257904,0.4000000059604645,0.03268030285835266,0.10000000149011612,0.29290062189102173,0.4000000059604645,0.0858539417386055,0.10000000149011612,frozen_mlp_surrogate_adjoint,900,900,900,700,58.44581460952759,58.44581460952759,0.06493979401058621
254,207.3779296875,182.90460205078125,223.81210327148438,84.07929229736328,0.8845689296722412,0.8686038851737976,0.9986951947212219,0.705172061920166,0.6980420351028442,T040_010_040_010,0.005520826671272516,0.0009618960320949554,0.09117861092090607,0.0009618960320949554,0.05,631,51599,0.05302033021504722,0.28660422563552856,0.4000000059604645,0.032755639404058456,0.10000000149011612,0.29208239912986755,0.4000000059604645,0.08659976720809937,0.10000000149011612,frozen_mlp_surrogate_adjoint,900,900,900,700,58.44581460952759,58.44581460952759,0.06493979401058621
255,207.33279418945312,182.907470703125,223.78697204589844,84.07695007324219,0.884255588054657,0.8686566948890686,0.9985206723213196,0.7051286697387695,0.6978887915611267,T040_010_040_010,0.005521793849766254,0.000958234362769872,0.09127118438482285,0.000958234362769872,0.05,869,50049,0.06321111940406512,0.28632277250289917,0.4000000059604645,0.03285492584109306,0.10000000149011612,0.2920001149177551,0.4000000059604645,0.08671097457408905,0.10000000149011612,frozen_mlp_surrogate_adjoint,900,900,900,700,58.44581460952759,58.44581460952759,0.06493979401058621
256,158.53077697753906,149.70635986328125,219.281982421875,81.26980590820312,0.5453526377677917,0.2538214325904846,0.9672360420227051,0.6531445980072021,0.6878126859664917,T040_010_040_010,0.005523211322724819,0.0006501651369035244,0.09746091812849045,0.0006501651369035244,0.05,839,50355,0.061755102372342455,0.2485407590866089,0.4000000059604645,0.06500318646430969,0.10000000149011612,0.285386860370636,0.4000000059604645,0.08888185024261475,0.10000000149011612,frozen_mlp_surrogate_adjoint,900,900,900,700,58.44581460952759,58.44581460952759,0.06493979401058621
257,208.1614532470703,184.889892578125,223.0103759765625,84.61337280273438,0.8900101184844971,0.905368447303772,0.9931275844573975,0.7150623798370361,0.6966332793235779,T040_010_040_010,0.005528811365365982,0.0009272431489080191,0.09203136712312698,0.0009272431489080191,0.05,319,51192,0.03760569307722205,0.2857573330402374,0.4000000059604645,0.03334403783082962,0.10000000149011612,0.29191312193870544,0.4000000059604645,0.08561877906322479,0.10000000149011612,frozen_mlp_surrogate_adjoint,900,900,900,700,58.44581460952759,58.44581460952759,0.06493979401058621
258,208.09902954101562,184.87034606933594,222.83558654785156,84.65364837646484,0.8895765542984009,0.905006468296051,0.9919137954711914,0.7158083319664001,0.6959096193313599,T040_010_040_010,0.00553350243717432,0.0009099543676711619,0.09247095882892609,0.0009099543676711619,0.05,30,50419,0.012040415202997451,0.2853970527648926,0.4000000059604645,0.03366176038980484,0.10000000149011612,0.2912522256374359,0.4000000059604645,0.08559860289096832,0.10000000149011612,frozen_mlp_surrogate_adjoint,900,900,900,700,58.44581460952759,58.44581460952759,0.06493979401058621
259,194.9483642578125,165.33055114746094,189.0237274169922,98.60592651367188,0.7982525825500488,0.5431584715843201,0.7571092247962952,0.9741839170455933,0.6792864799499512,T040_010_040_010,0.0055352323688566685,0.00039237429155036807,0.10285716503858566,0.00039237429155036807,0.05,648,51092,0.053531653328209375,0.2691882252693176,0.4000000059604645,0.0469336174428463,0.10000000149011612,0.283021479845047,0.4000000059604645,0.08014315366744995,0.10000000149011612,frozen_mlp_surrogate_adjoint,900,900,900,700,58.44581460952759,58.44581460952759,0.06493979401058621
260,207.91180419921875,184.82615661621094,222.33358764648438,84.79399108886719,0.8882763981819153,0.9041880369186401,0.9884276986122131,0.718407154083252,0.6938253045082092,T040_010_040_010,0.0055476645939052105,0.0008605173788964748,0.09374294430017471,0.0008605173788964748,0.05,84,50356,0.01950010849503507,0.28400856256484985,0.4000000059604645,0.034611672163009644,0.10000000149011612,0.28997695446014404,0.4000000059604645,0.08522816002368927,0.10000000149011612,frozen_mlp_surrogate_adjoint,900,900,900,700,58.44581460952759,58.44581460952759,0.06493979401058621
261,207.912109375,184.82254028320312,222.3108673095703,84.79121398925781,0.888278603553772,0.9041211009025574,0.9882699251174927,0.7183557748794556,0.6937386989593506,T040_010_040_010,0.005548649933189154,0.0008588506607338786,0.09379598498344421,0.0008588506607338786,0.05,171,50847,0.027436915090864017,0.2841370105743408,0.4000000059604645,0.034630194306373596,0.10000000149011612,0.2896402180194855,0.4000000059604645,0.08533132821321487,0.10000000149011612,frozen_mlp_surrogate_adjoint,900,900,900,700,58.44581460952759,58.44581460952759,0.06493979401058621
262,207.9026336669922,184.8060302734375,222.26210021972656,84.81753540039062,0.8882127404212952,0.903815507888794,0.9879312515258789,0.7188431620597839,0.6935020685195923,T040_010_040_010,0.005550989881157875,0.0008539409609511495,0.09394098073244095,0.0008539409609511495,0.05,850,50535,0.06222646141446095,0.28405800461769104,0.4000000059604645,0.03470010310411453,0.10000000149011612,0.28965872526168823,0.4000000059604645,0.08508524298667908,0.10000000149011612,frozen_mlp_surrogate_adjoint,900,900,900,700,58.44581460952759,58.44581460952759,0.06493979401058621
263,207.88681030273438,184.80087280273438,222.24554443359375,84.80880737304688,0.8881028890609741,0.9037198424339294,0.9878162741661072,0.7186815738677979,0.693426251411438,T040_010_040_010,0.005551730282604694,0.0008523573633283377,0.09398746490478516,0.0008523573633283377,0.05,68,51497,0.017348181338715327,0.28407639265060425,0.4000000059604645,0.03473672270774841,0.10000000149011612,0.2893649935722351,0.4000000059604645,0.08524812757968903,0.10000000149011612,frozen_mlp_surrogate_adjoint,900,900,900,700,58.44581460952759,58.44581460952759,0.06493979401058621
264,207.80792236328125,184.71807861328125,222.01014709472656,84.89637756347656,0.8875550031661987,0.9021867513656616,0.9861816167831421,0.7203032374382019,0.6922755837440491,T040_010_040_010,0.005563674494624138,0.000828958407510072,0.09469431638717651,0.000828958407510072,0.05,446,50075,0.044371542157327956,0.2837565541267395,0.4000000059604645,0.035106707364320755,0.10000000149011612,0.288809210062027,0.4000000059604645,0.08460313826799393,0.10000000149011612,frozen_mlp_surrogate_adjoint,900,900,900,700,58.44581460952759,58.44581460952759,0.06493979401058621
265,157.8660430908203,149.3013153076172,217.15737915039062,82.17286682128906,0.5407364368438721,0.2463206946849823,0.9524818062782288,0.669867992401123,0.683978259563446,T040_010_040_010,0.0055662100203335285,0.0005727227544412017,0.0998697429895401,0.0005727227544412017,0.05,606,50913,0.05175159078859648,0.24807332456111908,0.4000000059604645,0.06637343764305115,0.10000000149011612,0.28305086493492126,0.4000000059604645,0.08648068457841873,0.10000000149011612,frozen_mlp_surrogate_adjoint,900,900,900,700,58.44581460952759,58.44581460952759,0.06493979401058621
266,207.7542724609375,184.66282653808594,221.8667755126953,84.94779968261719,0.8871824145317078,0.9011634588241577,0.9851859211921692,0.7212554812431335,0.691567599773407,T040_010_040_010,0.005571223329752684,0.000814695842564106,0.0951305478811264,0.000814695842564106,0.05,212,51327,0.030221865109291052,0.2835414409637451,0.4000000059604645,0.03533916920423508,0.10000000149011612,0.2884606122970581,0.4000000059604645,0.08422636985778809,0.10000000149011612,frozen_mlp_surrogate_adjoint,900,900,900,700,58.44581460952759,58.44581460952759,0.06493979401058621
267,207.5809783935547,184.53367614746094,221.61500549316406,85.00331115722656,0.8859789967536926,0.8987718820571899,0.9834375381469727,0.7222836017608643,0.6902567148208618,T040_010_040_010,0.005584517493844032,0.0007874724688008428,0.09594090282917023,0.0007874724688008428,0.05,484,51418,0.04664666361583109,0.28285956382751465,0.4000000059604645,0.03585624322295189,0.10000000149011612,0.28756242990493774,0.4000000059604645,0.08397848904132843,0.10000000149011612,frozen_mlp_surrogate_adjoint,900,900,900,700,58.44581460952759,58.44581460952759,0.06493979401058621
268,207.42263793945312,184.38966369628906,221.27842712402344,85.1062240600586,0.884879469871521,0.8961048722267151,0.9811002016067505,0.7241893410682678,0.6885690093040466,T040_010_040_010,0.005603451281785965,0.0007539881626144052,0.09698925912380219,0.0007539881626144052,0.05,664,50724,0.054122200230880366,0.28226399421691895,0.4000000059604645,0.03644416108727455,0.10000000149011612,0.28655022382736206,0.4000000059604645,0.08331064134836197,0.10000000149011612,frozen_mlp_surrogate_adjoint,900,900,900,700,58.44581460952759,58.44581460952759,0.06493979401058621
269,207.2167510986328,184.23094177246094,220.90414428710938,85.22236633300781,0.8834496736526489,0.893165647983551,0.97850102186203,0.726340115070343,0.686646580696106,T040_010_040_010,0.005625886842608452,0.0007163680857047439,0.09819036722183228,0.0007163680857047439,0.05,542,50596,0.04934472908883867,0.28131479024887085,0.4000000059604645,0.03714599460363388,0.10000000149011612,0.28563743829727173,0.4000000059604645,0.08254840224981308,0.10000000149011612,frozen_mlp_surrogate_adjoint,900,900,900,700,58.44581460952759,58.44581460952759,0.06493979401058621
270,207.05467224121094,184.0949249267578,220.61607360839844,85.298828125,0.8823240995407104,0.8906468152999878,0.9765005111694336,0.7277560234069824,0.6851845383644104,T040_010_040_010,0.005643307697027922,0.0006878686253912747,0.09910877794027328,0.0006878686253912747,0.05,725,51169,0.05683939058205697,0.28071075677871704,0.4000000059604645,0.03768729418516159,0.10000000149011612,0.28467637300491333,0.4000000059604645,0.08211009204387665,0.10000000149011612,frozen_mlp_surrogate_adjoint,900,900,900,700,58.44581460952759,58.44581460952759,0.06493979401058621
271,207.015380859375,184.07408142089844,220.563232421875,85.31488037109375,0.8820512294769287,0.8902608156204224,0.9761335849761963,0.7280533909797668,0.6848939657211304,T040_010_040_010,0.005647016689181328,0.0006824257434345782,0.09929181635379791,0.0006824257434345782,0.05,877,51056,0.0639284047797505,0.2804809510707855,0.4000000059604645,0.037801019847393036,0.10000000149011612,0.2846006155014038,0.4000000059604645,0.08201136440038681,0.10000000149011612,frozen_mlp_surrogate_adjoint,900,900,900,700,58.44581460952759,58.44581460952759,0.06493979401058621
272,80.05513000488281,142.44827270507812,142.7572021484375,63.518333435058594,0.0003828243934549391,0.1194123923778534,0.4358139634132385,0.32441359758377075,0.7047868967056274,T040_010_040_010,0.005660836584866047,0.0013032980496063828,0.08715077489614487,0.0013032980496063828,0.05,28,50150,0.011640247855047837,0.30808109045028687,0.4000000059604645,0.05265016108751297,0.10000000149011612,0.24988704919815063,0.4000000059604645,0.09416863322257996,0.10000000149011612,frozen_mlp_surrogate_adjoint,900,900,900,700,58.44581460952759,58.44581460952759,0.06493979401058621
273,80.10513305664062,142.51504516601562,142.94085693359375,63.488616943359375,0.0007301027653738856,0.12064889818429947,0.43708929419517517,0.32386326789855957,0.7050992846488953,T040_010_040_010,0.005665716249495745,0.0013173945480957627,0.08696643263101578,0.0013173945480957627,0.05,395,50744,0.04170783581210383,0.30688971281051636,0.4000000059604645,0.05192016810178757,0.10000000149011612,0.25029879808425903,0.4000000059604645,0.09599058330059052,0.10000000149011612,frozen_mlp_surrogate_adjoint,900,900,900,700,58.44581460952759,58.44581460952759,0.06493979401058621
274,80.13148498535156,142.4831085205078,142.826416015625,63.501747131347656,0.0009130838443525136,0.12005747854709625,0.4362945258617401,0.3241063952445984,0.7047968506813049,T040_010_040_010,0.005668646190315485,0.0013114013709127903,0.0871448963880539,0.0013114013709127903,0.05,166,47,0.026940902938922952,0.3076768219470978,0.4000000059604645,0.0520702600479126,0.10000000149011612,0.2501703202724457,0.4000000059604645,0.09487942606210709,0.10000000149011612,frozen_mlp_surrogate_adjoint,900,900,900,700,58.44581460952759,58.44581460952759,0.06493979401058621
275,80.14178466796875,142.53627014160156,142.8280029296875,63.4898796081543,0.000984632526524365,0.12104194611310959,0.43630555272102356,0.3238866627216339,0.7044103145599365,T040_010_040_010,0.005670762620866299,0.0013020990882068872,0.0873732641339302,0.0013020990882068872,0.05,105,50561,0.02116512955447955,0.3068401515483856,0.4000000059604645,0.05150078609585762,0.10000000149011612,0.2506069839000702,0.4000000059604645,0.09546235203742981,0.10000000149011612,frozen_mlp_surrogate_adjoint,900,900,900,700,58.44581460952759,58.44581460952759,0.06493979401058621
276,80.15653228759766,142.4993896484375,142.96177673339844,63.491695404052734,0.0010870440164580941,0.12035907804965973,0.4372345507144928,0.32392027974128723,0.7052518129348755,T040_010_040_010,0.005672469735145569,0.0013286450412124395,0.08687649667263031,0.0013286450412124395,0.05,85,51148,0.019515437221286708,0.30729201436042786,0.4000000059604645,0.05190049111843109,0.10000000149011612,0.2501789331436157,0.4000000059604645,0.09588037431240082,0.10000000149011612,frozen_mlp_surrogate_adjoint,900,900,900,700,58.44581460952759,58.44581460952759,0.06493979401058621
277,80.2291259765625,142.5005645751953,142.84803771972656,63.481895446777344,0.0015911615919321775,0.1203806921839714,0.4364447295665741,0.32373881340026855,0.7046805024147034,T040_010_040_010,0.005681606009602547,0.0013209257740527391,0.08721360564231873,0.0013209257740527391,0.05,80,51526,0.018457078431163204,0.3077244758605957,0.4000000059604645,0.05157555267214775,0.10000000149011612,0.2503364086151123,0.4000000059604645,0.09504405409097672,0.10000000149011612,frozen_mlp_surrogate_adjoint,900,900,900,700,58.44581460952759,58.44581460952759,0.06493979401058621
278,80.24554443359375,142.50987243652344,142.88429260253906,63.48645782470703,0.0017051907489076257,0.12055318057537079,0.43669649958610535,0.3238232433795929,0.7047749757766724,T040_010_040_010,0.00568275386467576,0.0013248631730675697,0.08715781569480896,0.0013248631730675697,0.05,462,51462,0.04538173141614115,0.30755528807640076,0.4000000059604645,0.05142766982316971,0.10000000149011612,0.25041693449020386,0.4000000059604645,0.09537506848573685,0.10000000149011612,frozen_mlp_surrogate_adjoint,900,900,900,700,58.44581460952759,58.44581460952759,0.06493979401058621
279,80.26209259033203,142.5032501220703,142.8892822265625,63.484588623046875,0.0018200860358774662,0.12043043226003647,0.43673110008239746,0.32378870248794556,0.7048302292823792,T040_010_040_010,0.005684864707291126,0.001328604994341731,0.08712519705295563,0.001328604994341731,0.05,41,32,0.013898193193355099,0.307719349861145,0.4000000059604645,0.05144171789288521,0.10000000149011612,0.2503649592399597,0.4000000059604645,0.09530419111251831,0.10000000149011612,frozen_mlp_surrogate_adjoint,900,900,900,700,58.44581460952759,58.44581460952759,0.06493979401058621
280,145.0889892578125,147.5928192138672,205.14523315429688,86.26007080078125,0.4520069360733032,0.2146819680929184,0.8690641522407532,0.7455568313598633,0.6878477334976196,T040_010_040_010,0.005687955766916275,0.0008160036522895098,0.09743903577327728,0.0008160036522895098,0.05,564,51691,0.05022525321280044,0.24439124763011932,0.4000000059604645,0.06788193434476852,0.10000000149011612,0.2839934229850769,0.4000000059604645,0.09158111363649368,0.10000000149011612,frozen_mlp_surrogate_adjoint,900,900,900,700,58.44581460952759,58.44581460952759,0.06493979401058621
281,80.31080627441406,142.50350952148438,142.9214630126953,63.48252868652344,0.0021583912894129753,0.12043531984090805,0.4369545876979828,0.3237505555152893,0.7049368619918823,T040_010_040_010,0.005690723657608032,0.0013376108836382627,0.08706225454807281,0.0013376108836382627,0.05,699,50455,0.05602639645030581,0.30783405900001526,0.4000000059604645,0.051279403269290924,0.10000000149011612,0.2503780722618103,0.4000000059604645,0.09544532746076584,0.10000000149011612,frozen_mlp_surrogate_adjoint,900,900,900,700,58.44581460952759,58.44581460952759,0.06493979401058621
282,80.31678009033203,142.50843811035156,142.9261474609375,63.481239318847656,0.002199852606281638,0.12052654474973679,0.43698713183403015,0.3237266540527344,0.704919159412384,T040_010_040_010,0.005691441707313061,0.0013378066942095757,0.0870727002620697,0.0013378066942095757,0.05,367,51423,0.04034703488318209,0.30776649713516235,0.4000000059604645,0.05121065303683281,0.10000000149011612,0.2504202127456665,0.4000000059604645,0.09552179276943207,0.10000000149011612,frozen_mlp_surrogate_adjoint,900,900,900,700,58.44581460952759,58.44581460952759,0.06493979401058621
283,80.32481384277344,142.50401306152344,142.9268341064453,63.476715087890625,0.0022556751500815153,0.12044458836317062,0.43699193000793457,0.3236428201198578,0.704942524433136,T040_010_040_010,0.005692769773304462,0.0013398239389061928,0.0870589166879654,0.0013398239389061928,0.05,853,50453,0.062356147556862127,0.307876855134964,0.4000000059604645,0.051236070692539215,0.10000000149011612,0.25037601590156555,0.4000000059604645,0.09545356035232544,0.10000000149011612,frozen_mlp_surrogate_adjoint,900,900,900,700,58.44581460952759,58.44581460952759,0.06493979401058621
284,80.31494903564453,142.43679809570312,142.90916442871094,63.48558807373047,0.002187164733186364,0.11920005828142166,0.43686917424201965,0.3238071799278259,0.7053431272506714,T040_010_040_010,0.005692840553820133,0.0013517069164663553,0.08682267367839813,0.0013517069164663553,0.05,45,50674,0.014387237146459304,0.3089849352836609,0.4000000059604645,0.05194868519902229,0.10000000149011612,0.24981410801410675,0.4000000059604645,0.09459539502859116,0.10000000149011612,frozen_mlp_surrogate_adjoint,900,900,900,700,58.44581460952759,58.44581460952759,0.06493979401058621
285,80.34294128417969,142.52772521972656,142.84458923339844,63.49269104003906,0.002381544793024659,0.12088390439748764,0.436420738697052,0.3239387273788452,0.7044013142585754,T040_010_040_010,0.005695047322660685,0.0013261180138215423,0.08737858384847641,0.0013261180138215423,0.05,89,50591,0.019895652819319112,0.3076419234275818,0.4000000059604645,0.05084780603647232,0.10000000149011612,0.2507009506225586,0.4000000059604645,0.09521061182022095,0.10000000149011612,frozen_mlp_surrogate_adjoint,900,900,900,700,58.44581460952759,58.44581460952759,0.06493979401058621
286,80.34867858886719,142.5064697265625,142.96327209472656,63.47332763671875,0.002421391662210226,0.12049021571874619,0.4372449815273285,0.32358014583587646,0.7050710916519165,T040_010_040_010,0.005695600062608719,0.0013464470393955708,0.08698306232690811,0.0013464470393955708,0.05,433,50112,0.043591655458556214,0.3078647553920746,0.4000000059604645,0.05114752799272537,0.10000000149011612,0.250381201505661,0.4000000059604645,0.09567761421203613,0.10000000149011612,frozen_mlp_surrogate_adjoint,900,900,900,700,58.44581460952759,58.44581460952759,0.06493979401058621
287,80.35089874267578,142.50355529785156,142.94488525390625,63.48535919189453,0.0024368104059249163,0.12043624371290207,0.43711721897125244,0.3238029479980469,0.7049999833106995,T040_010_040_010,0.0056963348761200905,0.001345084747299552,0.08702500909566879,0.001345084747299552,0.05,421,51129,0.04303319423371796,0.3079296946525574,0.4000000059604645,0.05113944411277771,0.10000000149011612,0.2503834068775177,0.4000000059604645,0.09554743021726608,0.10000000149011612,frozen_mlp_surrogate_adjoint,900,900,900,700,58.44581460952759,58.44581460952759,0.06493979401058621
288,80.4011001586914,142.49600219726562,142.94810485839844,63.47203063964844,0.0027853925712406635,0.12029633671045303,0.437139630317688,0.3235560953617096,0.7050358057022095,T040_010_040_010,0.005702365189790726,0.0013521709479391575,0.08700387924909592,0.0013521709479391575,0.05,77,51709,0.01818591578057166,0.3082483410835266,0.4000000059604645,0.05105700343847275,0.10000000149011612,0.25034430623054504,0.4000000059604645,0.09538613259792328,0.10000000149011612,frozen_mlp_surrogate_adjoint,900,900,900,700,58.44581460952759,58.44581460952759,0.06493979401058621
289,80.4069595336914,142.4991912841797,142.96560668945312,63.47368621826172,0.0028260936960577965,0.12035537511110306,0.4372612237930298,0.32358673214912415,0.7050876617431641,T040_010_040_010,0.005702977068722248,0.0013543122913688421,0.08697328716516495,0.0013543122913688421,0.05,144,51361,0.025524454132266408,0.3081834018230438,0.4000000059604645,0.05100849270820618,0.10000000149011612,0.2503642439842224,0.4000000059604645,0.09553155303001404,0.10000000149011612,frozen_mlp_surrogate_adjoint,900,900,900,700,58.44581460952759,58.44581460952759,0.06493979401058621
290,80.45684814453125,142.5031280517578,143.0122833251953,63.461822509765625,0.0031725666485726833,0.12042827904224396,0.43758532404899597,0.32336705923080444,0.7052276730537415,T040_010_040_010,0.005709432996809483,0.001364896772429347,0.08689072728157043,0.001364896772429347,0.05,397,50956,0.04185762552042027,0.308236300945282,0.4000000059604645,0.05082924664020538,0.10000000149011612,0.2503776550292969,0.4000000059604645,0.0957845076918602,0.10000000149011612,frozen_mlp_surrogate_adjoint,900,900,900,700,58.44581460952759,58.44581460952759,0.06493979401058621
291,80.49141693115234,142.49888610839844,143.01126098632812,63.45301818847656,0.0034126003738492727,0.12034979462623596,0.4375782608985901,0.32320404052734375,0.7052173614501953,T040_010_040_010,0.005714506842195988,0.0013696663081645966,0.08689680695533752,0.0013696663081645966,0.05,270,51508,0.03403093882988886,0.3084462881088257,0.4000000059604645,0.05076177418231964,0.10000000149011612,0.2503472566604614,0.4000000059604645,0.09566203504800797,0.10000000149011612,frozen_mlp_surrogate_adjoint,900,900,900,700,58.44581460952759,58.44581460952759,0.06493979401058621
292,80.51506042480469,142.49769592285156,143.0352783203125,63.450931549072266,0.00357682048343122,0.12032761424779892,0.43774494528770447,0.3231653869152069,0.7053163051605225,T040_010_040_010,0.0057173827663064,0.0013754585525020957,0.08683847635984421,0.0013754585525020957,0.05,149,50970,0.02586371324459298,0.30851268768310547,0.4000000059604645,0.050703201442956924,0.10000000149011612,0.2503335773944855,0.4000000059604645,0.0957668274641037,0.10000000149011612,frozen_mlp_surrogate_adjoint,900,900,900,700,58.44581460952759,58.44581460952759,0.06493979401058621
293,80.51656341552734,142.51242065429688,143.06683349609375,63.45995330810547,0.003587236162275076,0.12060033529996872,0.43796417117118835,0.32333245873451233,0.7053542137145996,T040_010_040_010,0.0057174693793058395,0.001376662403345108,0.08681613951921463,0.001376662403345108,0.05,64,50775,0.01712956105050976,0.3082018196582794,0.4000000059604645,0.05054482817649841,0.10000000149011612,0.2504492700099945,0.4000000059604645,0.09615827351808548,0.10000000149011612,frozen_mlp_surrogate_adjoint,900,900,900,700,58.44581460952759,58.44581460952759,0.06493979401058621
294,80.55540466308594,142.4935760498047,143.07208251953125,63.456809997558594,0.003856971859931946,0.12025136500597,0.43800055980682373,0.3232742249965668,0.7054803967475891,T040_010_040_010,0.005722327157855034,0.001385236973874271,0.08674179762601852,0.001385236973874271,0.05,322,51185,0.037808915315629146,0.3086498975753784,0.4000000059604645,0.0506061390042305,0.10000000149011612,0.2503088414669037,0.4000000059604645,0.09591548889875412,0.10000000149011612,frozen_mlp_surrogate_adjoint,900,900,900,700,58.44581460952759,58.44581460952759,0.06493979401058621
295,80.56275177001953,142.49293518066406,143.06991577148438,63.45743942260742,0.003908014856278896,0.12023963779211044,0.43798547983169556,0.32328590750694275,0.7054686546325684,T040_010_040_010,0.005723331123590469,0.0013858953025192022,0.08674871176481247,0.0013858953025192022,0.05,601,50258,0.05157771083270292,0.308688223361969,0.4000000059604645,0.05058332532644272,0.10000000149011612,0.2503114938735962,0.4000000059604645,0.09588561952114105,0.10000000149011612,frozen_mlp_surrogate_adjoint,900,900,900,700,58.44581460952759,58.44581460952759,0.06493979401058621
296,80.5822982788086,142.49282836914062,143.0802459716797,63.457210540771484,0.004043723456561565,0.12023743242025375,0.4380572438240051,0.3232816755771637,0.7054978609085083,T040_010_040_010,0.0057260203175246716,0.0013894446892663836,0.08673150837421417,0.0013894446892663836,0.05,277,51147,0.03481164103499385,0.3087416887283325,0.4000000059604645,0.05051856487989426,0.10000000149011612,0.250313937664032,0.4000000059604645,0.09592367708683014,0.10000000149011612,frozen_mlp_surrogate_adjoint,900,900,900,700,58.44581460952759,58.44581460952759,0.06493979401058621
297,80.59562683105469,142.49542236328125,143.09815979003906,63.44158935546875,0.004136322531849146,0.12028560042381287,0.43818163871765137,0.32299238443374634,0.7055515050888062,T040_010_040_010,0.005727675277739763,0.0013926791725680232,0.08669991791248322,0.0013926791725680232,0.05,145,0,0.02558069260388708,0.3087441325187683,0.4000000059604645,0.05047918111085892,0.10000000149011612,0.25031065940856934,0.4000000059604645,0.0960175171494484,0.10000000149011612,frozen_mlp_surrogate_adjoint,900,900,900,700,58.44581460952759,58.44581460952759,0.06493979401058621
298,80.59912109375,142.4917755126953,143.09048461914062,63.455299377441406,0.004160566255450249,0.12021797150373459,0.4381283223628998,0.3232463300228119,0.7055374979972839,T040_010_040_010,0.005728225223720074,0.0013928168918937445,0.08670816570520401,0.0013928168918937445,0.05,334,51393,0.038604888664091945,0.3088044226169586,0.4000000059604645,0.05047627165913582,0.10000000149011612,0.2503061294555664,0.4000000059604645,0.09595067799091339,0.10000000149011612,frozen_mlp_surrogate_adjoint,900,900,900,700,58.44581460952759,58.44581460952759,0.06493979401058621
299,80.60890197753906,142.48980712890625,143.07212829589844,63.443641662597656,0.004228482488542795,0.1201816201210022,0.43800088763237,0.3230304419994354,0.7054644823074341,T040_010_040_010,0.005729495547711849,0.0013919371413066983,0.08675117045640945,0.0013919371413066983,0.05,380,50029,0.041046266147338736,0.3089224100112915,0.4000000059604645,0.05047096684575081,0.10000000149011612,0.2502991259098053,0.4000000059604645,0.09577195346355438,0.10000000149011612,frozen_mlp_surrogate_adjoint,900,900,900,700,58.44581460952759,58.44581460952759,0.06493979401058621
300,80.62763214111328,142.49020385742188,143.10874938964844,63.448062896728516,0.004358556587249041,0.12018898129463196,0.4382552206516266,0.32311227917671204,0.705612063407898,T040_010_040_010,0.0057316916063427925,0.001398478401824832,0.08666425943374634,0.001398478401824832,0.05,737,50524,0.05715568509898467,0.30891239643096924,0.4000000059604645,0.050409287214279175,0.10000000149011612,0.2502932846546173,0.4000000059604645,0.09599709510803223,0.10000000149011612,frozen_mlp_surrogate_adjoint,900,900,900,700,58.44581460952759,58.44581460952759,0.06493979401058621
301,80.63754272460938,142.49563598632812,143.13156127929688,63.44209289550781,0.004427387844771147,0.12028966844081879,0.4384136199951172,0.3230016827583313,0.7056705951690674,T040_010_040_010,0.0057328250259160995,0.0014013348845764995,0.08662980049848557,0.0014013348845764995,0.05,172,50202,0.027460681870773336,0.30882906913757324,0.4000000059604645,0.05033841356635094,0.10000000149011612,0.2503221929073334,0.4000000059604645,0.09618094563484192,0.10000000149011612,frozen_mlp_surrogate_adjoint,900,900,900,700,58.44581460952759,58.44581460952759,0.06493979401058621
302,80.67810821533203,142.4939422607422,143.1480712890625,63.43095016479492,0.00470906775444746,0.12025827169418335,0.4385282099246979,0.32279539108276367,0.7057185769081116,T040_010_040_010,0.005738580599427223,0.001408503158017993,0.08660155534744263,0.001408503158017993,0.05,230,50262,0.03112216549643937,0.3089926838874817,0.4000000059604645,0.05023549124598503,0.10000000149011612,0.2503024935722351,0.4000000059604645,0.09618788957595825,0.10000000149011612,frozen_mlp_surrogate_adjoint,900,900,900,700,58.44581460952759,58.44581460952759,0.06493979401058621
303,80.69499969482422,142.48696899414062,143.1472625732422,63.43519592285156,0.004826408810913563,0.12012907862663269,0.4385226368904114,0.3228739798069,0.7057568430900574,T040_010_040_010,0.005740390159189701,0.0014114383375272155,0.08657903224229813,0.0014114383375272155,0.05,643,50957,0.05341203562923126,0.3091604709625244,0.4000000059604645,0.05023707076907158,0.10000000149011612,0.2502693831920624,0.4000000059604645,0.0960899069905281,0.10000000149011612,frozen_mlp_surrogate_adjoint,900,900,900,700,58.44581460952759,58.44581460952759,0.06493979401058621
304,80.70304107666016,142.4871826171875,143.1346893310547,63.43330764770508,0.004882254172116518,0.12013305723667145,0.4384353458881378,0.32283902168273926,0.7056896090507507,T040_010_040_010,0.005741736851632595,0.001410806318745017,0.08661860972642899,0.001410806318745017,0.05,884,51060,0.06427857663551627,0.3092089593410492,0.4000000059604645,0.05020204931497574,0.10000000149011612,0.25028252601623535,0.4000000059604645,0.09599607437849045,0.10000000149011612,frozen_mlp_surrogate_adjoint,900,900,900,700,58.44581460952759,58.44581460952759,0.06493979401058621
305,80.73676300048828,142.48468017578125,143.17355346679688,63.43865966796875,0.005116415210068226,0.12008678913116455,0.4387052357196808,0.32293814420700073,0.705849289894104,T040_010_040_010,0.005746390670537949,0.0014201583107933402,0.08652464300394058,0.0014201583107933402,0.05,478,50577,0.04616537095018296,0.30929499864578247,0.4000000059604645,0.05011550709605217,0.10000000149011612,0.2502557933330536,0.4000000059604645,0.09618300199508667,0.10000000149011612,frozen_mlp_surrogate_adjoint,900,900,900,700,58.44581460952759,58.44581460952759,0.06493979401058621
306,80.7412338256836,142.4872589111328,143.16537475585938,63.4272346496582,0.005147453397512436,0.12013453245162964,0.43864837288856506,0.3227265775203705,0.7057949304580688,T040_010_040_010,0.005746844224631786,0.001419012900441885,0.08655662089586258,0.001419012900441885,0.05,875,50427,0.06379463967471097,0.3093012571334839,0.4000000059604645,0.05008741468191147,0.10000000149011612,0.2502764165401459,0.4000000059604645,0.09612986445426941,0.10000000149011612,frozen_mlp_surrogate_adjoint,900,900,900,700,58.44581460952759,58.44581460952759,0.06493979401058621
307,80.77629089355469,142.4856414794922,143.1850128173828,63.429683685302734,0.005390896927565336,0.12010447680950165,0.4387848377227783,0.32277190685272217,0.7058704495429993,T040_010_040_010,0.005751222372055054,0.001425612485036254,0.08651219308376312,0.001425612485036254,0.05,185,50028,0.028136980108892103,0.30941224098205566,0.4000000059604645,0.04998043179512024,0.10000000149011612,0.2502809464931488,0.4000000059604645,0.09619680792093277,0.10000000149011612,frozen_mlp_surrogate_adjoint,900,900,900,700,58.44581460952759,58.44581460952759,0.06493979401058621
308,80.81925201416016,142.48330688476562,143.22769165039062,63.43622589111328,0.00568926427513361,0.12006136775016785,0.43908122181892395,0.32289308309555054,0.706025242805481,T040_010_040_010,0.005758039187639952,0.0014369814889505506,0.08642115443944931,0.0014369814889505506,0.05,413,50619,0.04258637942766141,0.3095210790634155,0.4000000059604645,0.04985961318016052,0.10000000149011612,0.250246524810791,0.4000000059604645,0.09639802575111389,0.10000000149011612,frozen_mlp_surrogate_adjoint,900,900,900,700,58.44581460952759,58.44581460952759,0.06493979401058621
309,80.86243438720703,142.47735595703125,143.24700927734375,63.41638946533203,0.005989124067127705,0.11995106935501099,0.43921539187431335,0.32252568006515503,0.7061387300491333,T040_010_040_010,0.0057626934722065926,0.0014449707232415676,0.08635444939136505,0.0014449707232415676,0.05,703,51469,0.056167629820290665,0.3097730278968811,0.4000000059604645,0.0498051755130291,0.10000000149011612,0.25020450353622437,0.4000000059604645,0.09635600447654724,0.10000000149011612,frozen_mlp_surrogate_adjoint,900,900,900,700,58.44581460952759,58.44581460952759,0.06493979401058621
310,80.86516571044922,142.47900390625,143.24916076660156,63.41600799560547,0.006008070893585682,0.11998169869184494,0.4392302930355072,0.32251864671707153,0.706134557723999,T040_010_040_010,0.005763060878962278,0.0014452157774940133,0.08635690063238144,0.0014452157774940133,0.05,739,50458,0.05726022318330441,0.30975186824798584,0.4000000059604645,0.04977967217564583,0.10000000149011612,0.25021854043006897,0.4000000059604645,0.09638448059558868,0.10000000149011612,frozen_mlp_surrogate_adjoint,900,900,900,700,58.44581460952759,58.44581460952759,0.06493979401058621
311,80.9184799194336,142.4761505126953,143.281005859375,63.423851013183594,0.006378316320478916,0.11992866545915604,0.4394514560699463,0.32266390323638916,0.7062368988990784,T040_010_040_010,0.005771367810666561,0.0014565300662070513,0.08629675954580307,0.0014565300662070513,0.05,767,50418,0.058200319528562465,0.30992037057876587,0.4000000059604645,0.0496179461479187,0.10000000149011612,0.25019973516464233,0.4000000059604645,0.09649883210659027,0.10000000149011612,frozen_mlp_surrogate_adjoint,900,900,900,700,58.44581460952759,58.44581460952759,0.06493979401058621
312,80.93163299560547,142.47610473632812,143.290283203125,63.41552734375,0.006469693034887314,0.11992785334587097,0.4395158290863037,0.3225097954273224,0.7062764167785645,T040_010_040_010,0.005772666539996862,0.0014589893398806453,0.08627354353666306,0.0014589893398806453,0.05,429,51669,0.04346096901994898,0.3099658489227295,0.4000000059604645,0.049588464200496674,0.10000000149011612,0.2501983046531677,0.4000000059604645,0.09652373194694519,0.10000000149011612,frozen_mlp_surrogate_adjoint,900,900,900,700,58.44581460952759,58.44581460952759,0.06493979401058621
313,80.93846893310547,142.48867797851562,143.27833557128906,63.38838195800781,0.006517134606838226,0.12016063183546066,0.43943285942077637,0.32200708985328674,0.7061145305633545,T040_010_040_010,0.005774799268692732,0.0014563653385266662,0.08636867254972458,0.0014563653385266662,0.05,332,51435,0.038475865510966385,0.30985110998153687,0.4000000059604645,0.04947555810213089,0.10000000149011612,0.2502669095993042,0.4000000059604645,0.09652099013328552,0.10000000149011612,frozen_mlp_surrogate_adjoint,900,900,900,700,58.44581460952759,58.44581460952759,0.06493979401058621
314,80.97276306152344,142.47384643554688,143.3087158203125,63.39325714111328,0.006755305919796228,0.11988616734743118,0.43964383006095886,0.3220973610877991,0.7063391208648682,T040_010_040_010,0.00577859953045845,0.0014667634386569262,0.08623671531677246,0.0014667634386569262,0.05,785,50190,0.05904117229785548,0.3101581931114197,0.4000000059604645,0.04950964078307152,0.10000000149011612,0.2501591444015503,0.4000000059604645,0.09651215374469757,0.10000000149011612,frozen_mlp_surrogate_adjoint,900,900,900,700,58.44581460952759,58.44581460952759,0.06493979401058621
315,81.00569915771484,142.45806884765625,143.2985382080078,63.38936996459961,0.006984024774283171,0.1195937767624855,0.43957316875457764,0.3220253586769104,0.7063749432563782,T040_010_040_010,0.0057835946790874004,0.00147281086537987,0.08621567487716675,0.00147281086537987,0.05,304,51074,0.03670951881699208,0.31056156754493713,0.4000000059604645,0.04955446720123291,0.10000000149011612,0.2500479519367218,0.4000000059604645,0.09621096402406693,0.10000000149011612,frozen_mlp_surrogate_adjoint,900,900,900,700,58.44581460952759,58.44581460952759,0.06493979401058621
316,207.77996826171875,183.04010009765625,183.74632263183594,99.66471862792969,0.8873609304428101,0.8711130619049072,0.7204605937004089,0.9937911629676819,0.7188104391098022,T040_010_040_010,0.005793838296085596,0.0018404601141810417,0.07906756550073624,0.0018404601141810417,0.05,115,51128,0.021875465518500815,0.30907315015792847,0.4000000059604645,0.01874604821205139,0.10000000149011612,0.300380140542984,0.4000000059604645,0.09061112999916077,0.10000000149011612,frozen_mlp_surrogate_adjoint,900,900,900,700,58.44581460952759,58.44581460952759,0.06493979401058621
317,207.74972534179688,183.02273559570312,183.76918029785156,99.66304779052734,0.8871508836746216,0.8707912564277649,0.7206193208694458,0.9937601685523987,0.7185388207435608,T040_010_040_010,0.005796308163553476,0.0018352885963395238,0.07922039180994034,0.0018352885963395238,0.05,245,50918,0.03176099461944436,0.30887264013290405,0.4000000059604645,0.0188019797205925,0.10000000149011612,0.3003670573234558,0.4000000059604645,0.09049712121486664,0.10000000149011612,frozen_mlp_surrogate_adjoint,900,900,900,700,58.44581460952759,58.44581460952759,0.06493979401058621
318,207.7799530029297,183.0236358642578,183.79562377929688,99.66133117675781,0.8873608112335205,0.8708081245422363,0.7208029627799988,0.9937282800674438,0.7185656428337097,T040_010_040_010,0.005796768236905336,0.0018365035066381097,0.07920529693365097,0.0018365035066381097,0.05,257,51433,0.032704564366711944,0.30899083614349365,0.4000000059604645,0.018787957727909088,0.10000000149011612,0.30039840936660767,0.4000000059604645,0.0903884544968605,0.10000000149011612,frozen_mlp_surrogate_adjoint,900,900,900,700,58.44581460952759,58.44581460952759,0.06493979401058621
319,81.13326263427734,142.46922302246094,143.43592834472656,63.397560119628906,0.007869863882660866,0.11980047821998596,0.4405272603034973,0.32217705249786377,0.7068026661872864,T040_010_040_010,0.005801273975521326,0.0015030399663373828,0.08596467971801758,0.0015030399663373828,0.05,628,50750,0.05286540058019389,0.31057682633399963,0.4000000059604645,0.0490267239511013,0.10000000149011612,0.25012892484664917,0.4000000059604645,0.09707017987966537,0.10000000149011612,frozen_mlp_surrogate_adjoint,900,900,900,700,58.44581460952759,58.44581460952759,0.06493979401058621
320,207.76495361328125,183.0429229736328,183.87579345703125,99.64860534667969,0.8872565627098083,0.8711652755737305,0.7213596105575562,0.9934927821159363,0.7182096242904663,T040_010_040_010,0.0058039529249072075,0.0018336620414629579,0.07940581440925598,0.0018336620414629579,0.05,324,50041,0.03790798903592415,0.30865955352783203,0.4000000059604645,0.018793247640132904,0.10000000149011612,0.30050089955329895,0.4000000059604645,0.09025588631629944,0.10000000149011612,frozen_mlp_surrogate_adjoint,900,900,900,700,58.44581460952759,58.44581460952759,0.06493979401058621
321,81.21617126464844,142.4644775390625,143.46180725097656,63.38508605957031,0.008445635437965393,0.11971253901720047,0.4407070279121399,0.32194605469703674,0.7068939805030823,T040_010_040_010,0.005812455900013447,0.0015168986283242702,0.08591113984584808,0.0015168986283242702,0.05,534,50478,0.04909683487889021,0.3109227418899536,0.4000000059604645,0.048804741352796555,0.10000000149011612,0.2501212954521179,0.4000000059604645,0.09704522043466568,0.10000000149011612,frozen_mlp_surrogate_adjoint,900,900,900,700,58.44581460952759,58.44581460952759,0.06493979401058621
322,81.22642517089844,142.462158203125,143.4674835205078,63.37953567504883,0.008516858331859112,0.11966951191425323,0.4407464265823364,0.3218432664871216,0.7069330215454102,T040_010_040_010,0.005813567899167538,0.0015191551065072417,0.08588825166225433,0.0015191551065072417,0.05,888,51567,0.06452634994892024,0.3109976351261139,0.4000000059604645,0.04880325496196747,0.10000000149011612,0.25010210275650024,0.4000000059604645,0.09703003615140915,0.10000000149011612,frozen_mlp_surrogate_adjoint,900,900,900,700,58.44581460952759,58.44581460952759,0.06493979401058621
323,81.25469207763672,142.46072387695312,143.48495483398438,63.376220703125,0.008713134564459324,0.11964312195777893,0.44086769223213196,0.32178187370300293,0.706998348236084,T040_010_040_010,0.005817584227770567,0.0015250853030011058,0.08584997057914734,0.0015250853030011058,0.05,665,50350,0.05412309020418658,0.31109702587127686,0.4000000059604645,0.04872893542051315,0.10000000149011612,0.2500915825366974,0.4000000059604645,0.09708084166049957,0.10000000149011612,frozen_mlp_surrogate_adjoint,900,900,900,700,58.44581460952759,58.44581460952759,0.06493979401058621
324,213.74853515625,188.08030700683594,180.57432556152344,99.99344635009766,0.9288092851638794,0.9644501209259033,0.6984328031539917,0.9998786449432373,0.76302570104599,T040_010_040_010,0.005844056140631437,0.003036215202882886,0.05615681782364845,0.003036215202882886,0.05,120,51351,0.02223682152695102,0.341031938791275,0.4000000059604645,0.005419090390205383,0.10000000149011612,0.3141239285469055,0.4000000059604645,0.10245072841644287,0.10000000149011612,frozen_mlp_surrogate_adjoint,900,900,900,700,58.44581460952759,58.44581460952759,0.06493979401058621
325,81.52401733398438,142.45004272460938,143.63719177246094,63.340065002441406,0.010583433322608471,0.11944527179002762,0.44192495942115784,0.32111236453056335,0.7075468897819519,T040_010_040_010,0.005855991039425135,0.0015795500949025154,0.08552882075309753,0.0015795500949025154,0.05,525,51262,0.048593214692524866,0.312025785446167,0.4000000059604645,0.047989845275878906,0.10000000149011612,0.25003209710121155,0.4000000059604645,0.09749918431043625,0.10000000149011612,frozen_mlp_surrogate_adjoint,900,900,900,700,58.44581460952759,58.44581460952759,0.06493979401058621
326,81.585693359375,142.44517517089844,143.67501831054688,63.338592529296875,0.011011763475835323,0.11935514211654663,0.4421875774860382,0.3210850954055786,0.7076935172080994,T040_010_040_010,0.005865514278411865,0.001593360211700201,0.08544307947158813,0.001593360211700201,0.05,883,50781,0.06427436982394574,0.31226301193237305,0.4000000059604645,0.04783656448125839,0.10000000149011612,0.24999476969242096,0.4000000059604645,0.09759915620088577,0.10000000149011612,frozen_mlp_surrogate_adjoint,900,900,900,700,58.44581460952759,58.44581460952759,0.06493979401058621
327,207.70025634765625,182.91835021972656,184.62210083007812,99.47744750976562,0.886807382106781,0.868858277797699,0.7265424132347107,0.9903231859207153,0.7139172554016113,T040_010_040_010,0.005881424527615309,0.0017892573960125446,0.08184333890676498,0.0017892573960125446,0.05,580,50213,0.05086212664925014,0.3073657155036926,0.4000000059604645,0.019405394792556763,0.10000000149011612,0.29798024892807007,0.4000000059604645,0.08916589617729187,0.10000000149011612,frozen_mlp_surrogate_adjoint,900,900,900,700,58.44581460952759,58.44581460952759,0.06493979401058621
328,207.60482788085938,182.90542602539062,184.75344848632812,99.43514251708984,0.8861445784568787,0.8686190843582153,0.7274545431137085,0.9895396828651428,0.7127446532249451,T040_010_040_010,0.0059022605419158936,0.0017764789517968893,0.08251563459634781,0.0017764789517968893,0.05,252,50936,0.03225164180964174,0.3066295385360718,0.4000000059604645,0.0195605605840683,0.10000000149011612,0.29732394218444824,0.4000000059604645,0.08923061192035675,0.10000000149011612,frozen_mlp_surrogate_adjoint,900,900,900,700,58.44581460952759,58.44581460952759,0.06493979401058621
329,203.2478485107422,181.36721801757812,182.5926513671875,99.68063354492188,0.8558878302574158,0.8401336669921875,0.7124488949775696,0.9940859079360962,0.6954842209815979,T040_010_040_010,0.005912328138947487,0.0012758350931107998,0.09272985905408859,0.0012758350931107998,0.05,712,51095,0.0564504013239661,0.2845720052719116,0.4000000059604645,0.028013233095407486,0.10000000149011612,0.28926753997802734,0.4000000059604645,0.09363145381212234,0.10000000149011612,frozen_mlp_surrogate_adjoint,900,900,900,700,58.44581460952759,58.44581460952759,0.06493979401058621
330,143.78384399414062,147.332275390625,188.37362670898438,95.29060363769531,0.44294342398643494,0.2098570168018341,0.7525946497917175,0.9127888679504395,0.6835877895355225,T040_010_040_010,0.005968406796455383,0.0009625728125683963,0.10011668503284454,0.0009625728125683963,0.05,899,50575,0.06486716180259659,0.24052833020687103,0.4000000059604645,0.06400320678949356,0.10000000149011612,0.29332005977630615,0.4000000059604645,0.08573613315820694,0.10000000149011612,frozen_mlp_surrogate_adjoint,900,900,900,700,58.44581460952759,58.44581460952759,0.06493979401058621
331,146.66552734375,147.52618408203125,187.3291015625,96.35783386230469,0.4629550278186798,0.21344780921936035,0.7453409433364868,0.9325525760650635,0.6814128160476685,T040_010_040_010,0.005996854975819588,0.0009219648782163858,0.10149779170751572,0.0009219648782163858,0.05,657,50782,0.05386082206465774,0.24054446816444397,0.4000000059604645,0.06372720748186111,0.10000000149011612,0.2921621799468994,0.4000000059604645,0.08497896790504456,0.10000000149011612,frozen_mlp_surrogate_adjoint,900,900,900,700,58.44581460952759,58.44581460952759,0.06493979401058621
332,147.1220703125,147.55300903320312,186.8753204345703,96.61119079589844,0.4661254584789276,0.2139447182416916,0.7421897053718567,0.937244176864624,0.6815688610076904,T040_010_040_010,0.0060045598074793816,0.0009346400038339198,0.10139839351177216,0.0009346400038339198,0.05,775,51616,0.05855654671661154,0.2404027283191681,0.4000000059604645,0.06366703659296036,0.10000000149011612,0.29241886734962463,0.4000000059604645,0.08508028090000153,0.10000000149011612,frozen_mlp_surrogate_adjoint,900,900,900,700,58.44581460952759,58.44581460952759,0.06493979401058621
333,145.9521026611328,147.40345764160156,185.1705322265625,97.03659057617188,0.45800068974494934,0.21117526292800903,0.7303509712219238,0.9451221227645874,0.6878491044044495,T040_010_040_010,0.006032978184521198,0.0011610692599788308,0.09743817895650864,0.0011610692599788308,0.05,356,42,0.0396778103507796,0.2387981414794922,0.4000000059604645,0.06384839862585068,0.10000000149011612,0.2962072491645813,0.4000000059604645,0.08899527788162231,0.10000000149011612,frozen_mlp_surrogate_adjoint,900,900,900,700,58.44581460952759,58.44581460952759,0.06493979401058621
334,145.90585327148438,147.420166015625,185.32839965820312,97.02965545654297,0.4576795995235443,0.21148447692394257,0.7314472198486328,0.9449936151504517,0.6883977055549622,T040_010_040_010,0.006033222656697035,0.0011784228263422847,0.09709598869085312,0.0011784228263422847,0.05,682,50292,0.0552137329214986,0.2388453483581543,0.4000000059604645,0.0636398196220398,0.10000000149011612,0.29753315448760986,0.4000000059604645,0.08837936818599701,0.10000000149011612,frozen_mlp_surrogate_adjoint,900,900,900,700,58.44581460952759,58.44581460952759,0.06493979401058621
335,145.6946563720703,147.369384765625,184.84909057617188,97.08317565917969,0.4562128782272339,0.21054430305957794,0.7281187176704407,0.9459846615791321,0.688744068145752,T040_010_040_010,0.006040491163730621,0.0011964779114350677,0.09688025712966919,0.0011964779114350677,0.05,692,50120,0.055699307785122776,0.2385636866092682,0.4000000059604645,0.0638415738940239,0.10000000149011612,0.296138733625412,0.4000000059604645,0.09020006656646729,0.10000000149011612,frozen_mlp_surrogate_adjoint,900,900,900,700,58.44581460952759,58.44581460952759,0.06493979401058621
336,145.46749877929688,147.3594512939453,184.6593475341797,97.14221954345703,0.454635351896286,0.21036016941070557,0.7268010377883911,0.9470781087875366,0.6901461482048035,T040_010_040_010,0.0060470327734947205,0.0012465623440220952,0.09600941091775894,0.0012465623440220952,0.05,723,50884,0.056681878849394046,0.23839759826660156,0.4000000059604645,0.06360965967178345,0.10000000149011612,0.29739752411842346,0.4000000059604645,0.09074133634567261,0.10000000149011612,frozen_mlp_surrogate_adjoint,900,900,900,700,58.44581460952759,58.44581460952759,0.06493979401058621
337,207.51153564453125,182.52626037597656,187.83290100097656,99.05117797851562,0.8854967951774597,0.8615974187850952,0.7488396167755127,0.9824292659759521,0.6994742751121521,T040_010_040_010,0.006129398941993713,0.0016136129852384329,0.09031571447849274,0.0016136129852384329,0.05,406,51667,0.04220014646138493,0.30036497116088867,0.4000000059604645,0.021733269095420837,0.10000000149011612,0.29735296964645386,0.4000000059604645,0.08002306520938873,0.10000000149011612,frozen_mlp_surrogate_adjoint,900,900,900,700,58.44581460952759,58.44581460952759,0.06493979401058621
338,207.61355590820312,182.46128845214844,188.31503295898438,98.96958923339844,0.88620525598526,0.8603942394256592,0.7521877884864807,0.9809184074401855,0.6980032920837402,T040_010_040_010,0.006158798933029175,0.0015986983198672533,0.091202013194561,0.0015986983198672533,0.05,516,51201,0.04821776820116645,0.30019211769104004,0.4000000059604645,0.021989695727825165,0.10000000149011612,0.29645025730133057,0.4000000059604645,0.07937124371528625,0.10000000149011612,frozen_mlp_surrogate_adjoint,900,900,900,700,58.44581460952759,58.44581460952759,0.06493979401058621
339,207.48236083984375,182.3199462890625,189.34747314453125,98.8026123046875,0.8852941989898682,0.8577767610549927,0.7593573927879333,0.9778261184692383,0.6939587593078613,T040_010_040_010,0.006216994021087885,0.0015339321689680219,0.09366124123334885,0.0015339321689680219,0.05,301,50314,0.03638249846100097,0.29769107699394226,0.4000000059604645,0.02289925515651703,0.10000000149011612,0.29527220129966736,0.4000000059604645,0.07809625566005707,0.10000000149011612,frozen_mlp_surrogate_adjoint,900,900,900,700,58.44581460952759,58.44581460952759,0.06493979401058621
340,147.75830078125,147.43043518066406,181.74533081054688,98.19884490966797,0.4705437421798706,0.21167472004890442,0.706564724445343,0.9666453003883362,0.6923782229423523,T040_010_040_010,0.006249611731618643,0.0015180540503934026,0.09463115781545639,0.0015180540503934026,0.05,482,51014,0.04641117596426507,0.23616422712802887,0.4000000059604645,0.06169554591178894,0.10000000149011612,0.2977534532546997,0.4000000059604645,0.09676499664783478,0.10000000149011612,frozen_mlp_surrogate_adjoint,900,900,900,700,58.44581460952759,58.44581460952759,0.06493979401058621
341,144.13909912109375,147.2095489501953,180.7197723388672,98.37783813476562,0.4454104006290436,0.20758436620235443,0.6994428634643555,0.9699599146842957,0.7077750563621521,T040_010_040_010,0.006275679916143417,0.002005909103900194,0.08539541810750961,0.002005909103900194,0.05,361,51391,0.04005211349104126,0.2348761260509491,0.4000000059604645,0.062205031514167786,0.10000000149011612,0.309791624546051,0.4000000059604645,0.10090223699808121,0.10000000149011612,frozen_mlp_surrogate_adjoint,900,900,900,700,58.44581460952759,58.44581460952759,0.06493979401058621
342,144.8119659423828,147.23265075683594,180.45394897460938,98.53656005859375,0.45008307695388794,0.20801207423210144,0.6975969076156616,0.9728992581367493,0.7077701091766357,T040_010_040_010,0.0062858909368515015,0.002015975071117282,0.08539830893278122,0.002015975071117282,0.05,686,50157,0.055379745565180084,0.23474982380867004,0.4000000059604645,0.06218916177749634,0.10000000149011612,0.3098747730255127,0.4000000059604645,0.10095631331205368,0.10000000149011612,frozen_mlp_surrogate_adjoint,900,900,900,700,58.44581460952759,58.44581460952759,0.06493979401058621
343,145.3738555908203,147.25335693359375,180.27651977539062,98.65020751953125,0.4539851248264313,0.2083956003189087,0.69636470079422,0.9750037789344788,0.707467257976532,T040_010_040_010,0.0062932237051427364,0.002014453522861004,0.0855754017829895,0.002014453522861004,0.05,443,50536,0.04428500249178296,0.23467156291007996,0.4000000059604645,0.062159355729818344,0.10000000149011612,0.30971425771713257,0.4000000059604645,0.10092204064130783,0.10000000149011612,frozen_mlp_surrogate_adjoint,900,900,900,700,58.44581460952759,58.44581460952759,0.06493979401058621
344,145.8331298828125,147.2701873779297,180.13771057128906,98.74189758300781,0.4571744501590729,0.2087072730064392,0.6954007744789124,0.9767017364501953,0.7071999311447144,T040_010_040_010,0.006299150176346302,0.002012555953115225,0.0857318788766861,0.002012555953115225,0.05,292,50160,0.03574951911689899,0.23460280895233154,0.4000000059604645,0.062144987285137177,0.10000000149011612,0.30959272384643555,0.4000000059604645,0.10085942596197128,0.10000000149011612,frozen_mlp_surrogate_adjoint,900,900,900,700,58.44581460952759,58.44581460952759,0.06493979401058621
345,146.64801025390625,147.29859924316406,179.82449340820312,98.92974853515625,0.46283334493637085,0.2092333287000656,0.693225622177124,0.9801805019378662,0.7071252465248108,T040_010_040_010,0.0063112648203969,0.0020224840845912695,0.08577562123537064,0.0020224840845912695,0.05,572,50861,0.05053314171955389,0.23445945978164673,0.4000000059604645,0.062116287648677826,0.10000000149011612,0.30962884426116943,0.4000000059604645,0.10092061012983322,0.10000000149011612,frozen_mlp_surrogate_adjoint,900,900,900,700,58.44581460952759,58.44581460952759,0.06493979401058621
346,146.77114868164062,147.30360412597656,179.8063201904297,98.94682312011719,0.46368858218193054,0.20932601392269135,0.6930994391441345,0.9804968237876892,0.7069345712661743,T040_010_040_010,0.006312379613518715,0.0020180128049105406,0.08588734269142151,0.0020180128049105406,0.05,283,37,0.03528223193103664,0.23444917798042297,0.4000000059604645,0.062110304832458496,0.10000000149011612,0.30951473116874695,0.4000000059604645,0.1008603423833847,0.10000000149011612,frozen_mlp_surrogate_adjoint,900,900,900,700,58.44581460952759,58.44581460952759,0.06493979401058621
347,207.176025390625,182.1715087890625,190.45504760742188,98.4520492553711,0.8831669092178345,0.8550280928611755,0.7670488953590393,0.9713342785835266,0.6882472038269043,T040_010_040_010,0.006312629673629999,0.0014531392371281981,0.09718980640172958,0.0014531392371281981,0.05,637,50880,0.053196342539676277,0.29488253593444824,0.4000000059604645,0.024012356996536255,0.10000000149011612,0.2925717830657959,0.4000000059604645,0.07678057253360748,0.10000000149011612,frozen_mlp_surrogate_adjoint,900,900,900,700,58.44581460952759,58.44581460952759,0.06493979401058621
348,147.13124084472656,147.31771850585938,179.71694946289062,99.010498046875,0.4661891758441925,0.20958751440048218,0.6924788355827332,0.9816758036613464,0.7065945863723755,T040_010_040_010,0.006316519342362881,0.002012182492762804,0.08608673512935638,0.002012182492762804,0.05,392,51397,0.041612911232542356,0.23441016674041748,0.4000000059604645,0.06208537518978119,0.10000000149011612,0.30932149291038513,0.4000000059604645,0.10077749937772751,0.10000000149011612,frozen_mlp_surrogate_adjoint,900,900,900,700,58.44581460952759,58.44581460952759,0.06493979401058621
349,147.15377807617188,147.3169708251953,179.64561462402344,99.04087829589844,0.4663456082344055,0.20957361161708832,0.6919834613800049,0.9822385311126709,0.7069911360740662,T040_010_040_010,0.006318450905382633,0.0020257409196347,0.0858541950583458,0.0020257409196347,0.05,634,51290,0.053123419261361986,0.23437824845314026,0.4000000059604645,0.062091927975416183,0.10000000149011612,0.30960613489151,0.4000000059604645,0.1009148433804512,0.10000000149011612,frozen_mlp_surrogate_adjoint,900,900,900,700,58.44581460952759,58.44581460952759,0.06493979401058621
350,147.2408447265625,147.3179168701172,179.6239776611328,99.05497741699219,0.46695029735565186,0.20959100127220154,0.6918331980705261,0.9824995994567871,0.7068933844566345,T040_010_040_010,0.0063193682581186295,0.0020237937569618225,0.08591149002313614,0.0020237937569618225,0.05,745,50244,0.05743007595728801,0.23434752225875854,0.4000000059604645,0.06213484704494476,0.10000000149011612,0.3095095753669739,0.4000000059604645,0.10090143978595734,0.10000000149011612,frozen_mlp_surrogate_adjoint,900,900,900,700,58.44581460952759,58.44581460952759,0.06493979401058621
351,147.22549438476562,147.31935119628906,179.49685668945312,99.09405517578125,0.46684369444847107,0.20961759984493256,0.6909503936767578,0.9832231402397156,0.7075718641281128,T040_010_040_010,0.006321977823972702,0.0020462668035179377,0.08551421761512756,0.0020462668035179377,0.05,464,50778,0.045416343212111035,0.23438748717308044,0.4000000059604645,0.06199228763580322,0.10000000149011612,0.30980974435806274,0.4000000059604645,0.10138235986232758,0.10000000149011612,frozen_mlp_surrogate_adjoint,900,900,900,700,58.44581460952759,58.44581460952759,0.06493979401058621
352,146.95962524414062,147.28285217285156,179.11892700195312,99.22024536132812,0.4649973511695862,0.20894165337085724,0.6883258819580078,0.9855600595474243,0.710591733455658,T040_010_040_010,0.006331732962280512,0.0021438756957650185,0.08375714719295502,0.0021438756957650185,0.05,439,50646,0.04404671685490738,0.23407718539237976,0.4000000059604645,0.062374211847782135,0.10000000149011612,0.3117380440235138,0.4000000059604645,0.10240226984024048,0.10000000149011612,frozen_mlp_surrogate_adjoint,900,900,900,700,58.44581460952759,58.44581460952759,0.06493979401058621
353,159.71356201171875,150.34201049804688,179.6085205078125,99.9336166381836,0.5535663962364197,0.26559293270111084,0.6917258501052856,0.9987706542015076,0.6845835447311401,T040_010_040_010,0.006996601819992065,0.002022224711254239,0.0994875431060791,0.002022224711254239,0.05,846,50963,0.06199994477966008,0.2547839283943176,0.4000000059604645,0.028407089412212372,0.10000000149011612,0.297160267829895,0.4000000059604645,0.10423223674297333,0.10000000149011612,frozen_mlp_surrogate_adjoint,900,900,900,700,58.44581460952759,58.44581460952759,0.06493979401058621
354,160.0303497314453,150.60101318359375,180.0655975341797,99.80325317382812,0.5557663440704346,0.2703891396522522,0.6948999762535095,0.9963564872741699,0.6846034526824951,T040_010_040_010,0.007010757457464933,0.0020370082929730415,0.09947498142719269,0.0020370082929730415,0.05,314,51416,0.037366464961752714,0.25633740425109863,0.4000000059604645,0.027288883924484253,0.10000000149011612,0.2962524890899658,0.4000000059604645,0.10472464561462402,0.10000000149011612,frozen_mlp_surrogate_adjoint,900,900,900,700,58.44581460952759,58.44581460952759,0.06493979401058621
355,159.71969604492188,150.5950927734375,180.49179077148438,99.63911437988281,0.5536089539527893,0.27027949690818787,0.6978597044944763,0.9933170080184937,0.6824406385421753,T040_010_040_010,0.007031037472188473,0.0019888398237526417,0.10084395110607147,0.0019888398237526417,0.05,494,50095,0.04728923494458615,0.2565419673919678,0.4000000059604645,0.027132324874401093,0.10000000149011612,0.29507917165756226,0.4000000059604645,0.10368714481592178,0.10000000149011612,frozen_mlp_surrogate_adjoint,900,900,900,700,58.44581460952759,58.44581460952759,0.06493979401058621
356,159.58078002929688,150.88919067382812,181.8421630859375,99.30841064453125,0.5526443123817444,0.2757258117198944,0.707237184047699,0.9871928691864014,0.679136335849762,T040_010_040_010,0.007085141725838184,0.0019374669063836336,0.10295349359512329,0.0019374669063836336,0.05,691,50015,0.055696043584637006,0.25814393162727356,0.4000000059604645,0.025571197271347046,0.10000000149011612,0.29515141248703003,0.4000000059604645,0.10026977956295013,0.10000000149011612,frozen_mlp_surrogate_adjoint,900,900,900,700,58.44581460952759,58.44581460952759,0.06493979401058621
357,165.78294372558594,151.9510955810547,183.13021850585938,99.4919662475586,0.5957148671150208,0.2953905463218689,0.7161821126937866,0.9905919432640076,0.680488109588623,T040_010_040_010,0.007100619375705719,0.0019962270744144917,0.1020878478884697,0.0019962270744144917,0.05,514,50340,0.04819044966743257,0.26226842403411865,0.4000000059604645,0.023070968687534332,0.10000000149011612,0.2937861680984497,0.4000000059604645,0.10136260837316513,0.10000000149011612,frozen_mlp_surrogate_adjoint,900,900,900,700,58.44581460952759,58.44581460952759,0.06493979401058621
358,212.06285095214844,189.98976135253906,204.7710723876953,93.05070495605469,0.917103111743927,0.9998103976249695,0.8664658069610596,0.8713093996047974,0.6703673601150513,T040_010_040_010,0.007472516503185034,0.0020396322943270206,0.10865768045186996,0.0020396322943270206,0.05,32,50326,0.012383755074488894,0.2894076108932495,0.4000000059604645,0.017491281032562256,0.10000000149011612,0.29569825530052185,0.4000000059604645,0.06777022778987885,0.10000000149011612,frozen_mlp_surrogate_adjoint,900,900,900,700,58.44581460952759,58.44581460952759,0.06493979401058621
359,163.91590881347656,143.92384338378906,140.2597198486328,99.98971557617188,0.5827493667602539,0.14673775434494019,0.4184702932834625,0.9998094439506531,0.7778671383857727,T040_010_040_010,0.009447907097637653,0.006980756763368845,0.049343008548021317,0.006980756763368845,0.05,561,51552,0.050132451564785144,0.24704836308956146,0.4000000059604645,0.09931859374046326,0.10000000149011612,0.2568742632865906,0.4000000059604645,0.1746259331703186,0.10000000149011612,frozen_mlp_surrogate_adjoint,900,900,900,700,58.44581460952759,58.44581460952759,0.06493979401058621
360,163.99517822265625,143.9460906982422,140.46435546875,99.91765594482422,0.5832998752593994,0.14714987576007843,0.419891357421875,0.9984751343727112,0.7767081260681152,T040_010_040_010,0.009601190686225891,0.007108227349817753,0.04985925927758217,0.007108227349817753,0.05,389,50367,0.04138134468816204,0.24747654795646667,0.4000000059604645,0.09896095097064972,0.10000000149011612,0.2547454237937927,0.4000000059604645,0.17552520334720612,0.10000000149011612,frozen_mlp_surrogate_adjoint,900,900,900,700,58.44581460952759,58.44581460952759,0.06493979401058621
361,177.91127014160156,149.17872619628906,158.34915161132812,99.9975814819336,0.6799393892288208,0.24405044317245483,0.5440914034843445,0.9999551773071289,0.6920360922813416,T040_010_040_010,0.009630654007196426,0.004888565745204687,0.09484177082777023,0.004888565745204687,0.05,15,51304,0.009636482048844396,0.23278898000717163,0.4000000059604645,0.05188998952507973,0.10000000149011612,0.2562708854675293,0.4000000059604645,0.15108627080917358,0.10000000149011612,frozen_mlp_surrogate_adjoint,900,900,900,700,58.44581460952759,58.44581460952759,0.06493979401058621
362,163.92584228515625,143.91864013671875,140.31298828125,99.89358520507812,0.582818329334259,0.14664149284362793,0.4188402593135834,0.9980294108390808,0.7770975232124329,T040_010_040_010,0.009651925414800644,0.007167649455368519,0.0496855154633522,0.007167649455368519,0.05,350,51646,0.039404413578447844,0.24768435955047607,0.4000000059604645,0.09952402114868164,0.10000000149011612,0.254066526889801,0.4000000059604645,0.17582260072231293,0.10000000149011612,frozen_mlp_surrogate_adjoint,900,900,900,700,58.44581460952759,58.44581460952759,0.06493979401058621
363,163.9217529296875,143.930908203125,140.48345947265625,99.89178466796875,0.582789957523346,0.14686866104602814,0.4200240671634674,0.9979959726333618,0.7770205140113831,T040_010_040_010,0.009667845442891121,0.0071818530559539795,0.04971985146403313,0.0071818530559539795,0.05,719,51652,0.05654967218215075,0.2478596270084381,0.4000000059604645,0.09919053316116333,0.10000000149011612,0.25388282537460327,0.4000000059604645,0.17608757317066193,0.10000000149011612,frozen_mlp_surrogate_adjoint,900,900,900,700,58.44581460952759,58.44581460952759,0.06493979401058621
364,121.35552978515625,152.2948760986328,151.87423706054688,62.90577697753906,0.2871911823749542,0.30175691843032837,0.4991266429424286,0.3130699694156647,0.6096305847167969,T040_010_040_010,0.009673641994595528,0.0020542279817163944,0.15238827466964722,0.0020542279817163944,0.05,203,51739,0.029429645335416515,0.25565749406814575,0.4000000059604645,0.027058109641075134,0.10000000149011612,0.22732758522033691,0.4000000059604645,0.09958736598491669,0.10000000149011612,frozen_mlp_surrogate_adjoint,900,900,900,700,58.44581460952759,58.44581460952759,0.06493979401058621
365,121.35948181152344,152.2928466796875,151.87359619140625,62.90339660644531,0.2872186005115509,0.30171942710876465,0.4991222023963928,0.3130258321762085,0.6096232533454895,T040_010_040_010,0.009673740714788437,0.002054039854556322,0.15239401161670685,0.002054039854556322,0.05,78,26,0.01831290028636265,0.25570976734161377,0.4000000059604645,0.027045801281929016,0.10000000149011612,0.22731629014015198,0.4000000059604645,0.09955139458179474,0.10000000149011612,frozen_mlp_surrogate_adjoint,900,900,900,700,58.44581460952759,58.44581460952759,0.06493979401058621
366,121.34652709960938,152.29714965820312,151.8778839111328,62.91141891479492,0.2871286869049072,0.3017989993095398,0.49915194511413574,0.31317442655563354,0.6096748113632202,T040_010_040_010,0.009673835709691048,0.0020561483688652515,0.15235374867916107,0.0020561483688652515,0.05,512,50807,0.04816741333781653,0.25557464361190796,0.4000000059604645,0.02706972509622574,0.10000000149011612,0.2273549735546112,0.4000000059604645,0.09967545419931412,0.10000000149011612,frozen_mlp_surrogate_adjoint,900,900,900,700,58.44581460952759,58.44581460952759,0.06493979401058621
367,121.35765075683594,152.2914276123047,151.87051391601562,62.90450668334961,0.28720590472221375,0.30169302225112915,0.49910086393356323,0.3130464255809784,0.6096269488334656,T040_010_040_010,0.009673871099948883,0.0020543155260384083,0.15239112079143524,0.0020543155260384083,0.05,131,51401,0.024184740612675826,0.2557365894317627,0.4000000059604645,0.02703704684972763,0.10000000149011612,0.22731342911720276,0.4000000059604645,0.0995398759841919,0.10000000149011612,frozen_mlp_surrogate_adjoint,900,900,900,700,58.44581460952759,58.44581460952759,0.06493979401058621
368,121.36164093017578,152.29483032226562,151.90567016601562,62.902862548828125,0.2872336208820343,0.30175596475601196,0.49934497475624084,0.31301596760749817,0.6097580194473267,T040_010_040_010,0.009673923254013062,0.0020594829693436623,0.15228880941867828,0.0020594829693436623,0.05,224,50999,0.03080548355377362,0.2555920481681824,0.4000000059604645,0.027057796716690063,0.10000000149011612,0.2273702174425125,0.4000000059604645,0.09973793476819992,0.10000000149011612,frozen_mlp_surrogate_adjoint,900,900,900,700,58.44581460952759,58.44581460952759,0.06493979401058621
369,121.35652160644531,152.29364013671875,151.89634704589844,62.91105651855469,0.2871980369091034,0.3017340898513794,0.49928018450737,0.3131676912307739,0.6098130941390991,T040_010_040_010,0.009673947468400002,0.00206165574491024,0.15224581956863403,0.00206165574491024,0.05,110,50994,0.021595614573116345,0.255637526512146,0.4000000059604645,0.02705863118171692,0.10000000149011612,0.22735267877578735,0.4000000059604645,0.09976420551538467,0.10000000149011612,frozen_mlp_surrogate_adjoint,900,900,900,700,58.44581460952759,58.44581460952759,0.06493979401058621
370,121.36481475830078,152.29141235351562,151.88583374023438,62.894432067871094,0.2872556447982788,0.3016928732395172,0.49920713901519775,0.31285980343818665,0.6095895767211914,T040_010_040_010,0.009673994034528732,0.002052979078143835,0.1524202972650528,0.002052979078143835,0.05,360,51748,0.03996729193561376,0.25569987297058105,0.4000000059604645,0.027027636766433716,0.10000000149011612,0.22733789682388306,0.4000000059604645,0.0995241180062294,0.10000000149011612,frozen_mlp_surrogate_adjoint,900,900,900,700,58.44581460952759,58.44581460952759,0.06493979401058621
371,121.34587860107422,152.29493713378906,151.897705078125,62.92692565917969,0.2871241569519043,0.3017580509185791,0.4992895722389221,0.31346163153648376,0.6099826097488403,T040_010_040_010,0.009674007073044777,0.002068327972665429,0.15211357176303864,0.002068327972665429,0.05,842,51464,0.061830357470389105,0.2556019723415375,0.4000000059604645,0.027080774307250977,0.10000000149011612,0.22735951840877533,0.4000000059604645,0.09994035959243774,0.10000000149011612,frozen_mlp_surrogate_adjoint,900,900,900,700,58.44581460952759,58.44581460952759,0.06493979401058621
372,121.34883117675781,152.29949951171875,151.90780639648438,62.910179138183594,0.2871446907520294,0.30184248089790344,0.49935972690582275,0.3131515085697174,0.6097883582115173,T040_010_040_010,0.0096740098670125,0.0020607532933354378,0.15226513147354126,0.0020607532933354378,0.05,48,50659,0.014881383711885177,0.2554550766944885,0.4000000059604645,0.02708332985639572,0.10000000149011612,0.22740624845027924,0.4000000059604645,0.09984368085861206,0.10000000149011612,frozen_mlp_surrogate_adjoint,900,900,900,700,58.44581460952759,58.44581460952759,0.06493979401058621
373,121.36360168457031,152.30055236816406,151.93002319335938,62.90480041503906,0.28724727034568787,0.30186209082603455,0.499514102935791,0.31305181980133057,0.6098588109016418,T040_010_040_010,0.009674019180238247,0.002063511870801449,0.15221014618873596,0.002063511870801449,0.05,263,51403,0.03330203335652315,0.2554396986961365,0.4000000059604645,0.027092933654785156,0.10000000149011612,0.2274092137813568,0.4000000059604645,0.09991700202226639,0.10000000149011612,frozen_mlp_surrogate_adjoint,900,900,900,700,58.44581460952759,58.44581460952759,0.06493979401058621
374,121.3369140625,152.29727172851562,151.87881469726562,62.91490936279297,0.287061870098114,0.30180126428604126,0.49915850162506104,0.31323906779289246,0.6096910238265991,T040_010_040_010,0.009674059227108955,0.002057003788650036,0.1523410975933075,0.002057003788650036,0.05,369,50254,0.04040582947788352,0.25552457571029663,0.4000000059604645,0.02706671506166458,0.10000000149011612,0.22738227248191833,0.4000000059604645,0.09971746802330017,0.10000000149011612,frozen_mlp_surrogate_adjoint,900,900,900,700,58.44581460952759,58.44581460952759,0.06493979401058621
375,121.34407043457031,152.29510498046875,151.8868408203125,62.90860366821289,0.2871116101741791,0.30176109075546265,0.49921417236328125,0.31312230229377747,0.6096844673156738,T040_010_040_010,0.009674103930592537,0.002056793076917529,0.15234620869159698,0.002056793076917529,0.05,232,51226,0.031242401158722358,0.2555586099624634,0.4000000059604645,0.027051791548728943,0.10000000149011612,0.22738388180732727,0.4000000059604645,0.09969018399715424,0.10000000149011612,frozen_mlp_surrogate_adjoint,900,900,900,700,58.44581460952759,58.44581460952759,0.06493979401058621
376,121.37273406982422,152.29852294921875,151.9478302001953,62.88585662841797,0.2873106598854065,0.3018246293067932,0.4996376931667328,0.312701016664505,0.6097416877746582,T040_010_040_010,0.00967410672456026,0.002059029182419181,0.15230154991149902,0.002059029182419181,0.05,613,51036,0.052248494106901626,0.2554115056991577,0.4000000059604645,0.027063146233558655,0.10000000149011612,0.22744768857955933,0.4000000059604645,0.09981933236122131,0.10000000149011612,frozen_mlp_surrogate_adjoint,900,900,900,700,58.44581460952759,58.44581460952759,0.06493979401058621
377,121.34660339355469,152.2952423095703,151.89596557617188,62.9058837890625,0.2871291935443878,0.30176371335983276,0.4992775022983551,0.3130719065666199,0.6096982955932617,T040_010_040_010,0.00967418123036623,0.0020574103109538555,0.15233542025089264,0.0020574103109538555,0.05,133,51377,0.0242769272547934,0.2555350661277771,0.4000000059604645,0.027050510048866272,0.10000000149011612,0.22739765048027039,0.4000000059604645,0.09971514344215393,0.10000000149011612,frozen_mlp_surrogate_adjoint,900,900,900,700,58.44581460952759,58.44581460952759,0.06493979401058621
378,121.35313415527344,152.30226135253906,151.93069458007812,62.92456817626953,0.2871745228767395,0.30189383029937744,0.4995187520980835,0.3134179413318634,0.6100718975067139,T040_010_040_010,0.009674184024333954,0.0020719883032143116,0.1520439237356186,0.0020719883032143116,0.05,258,51162,0.03295721285408588,0.25541335344314575,0.4000000059604645,0.027122043073177338,0.10000000149011612,0.22740676999092102,0.4000000059604645,0.10012970864772797,0.10000000149011612,frozen_mlp_surrogate_adjoint,900,900,900,700,58.44581460952759,58.44581460952759,0.06493979401058621
379,121.34691619873047,152.30015563964844,151.91673278808594,62.93563461303711,0.2871313691139221,0.3018547594547272,0.49942177534103394,0.3136228621006012,0.610146164894104,T040_010_040_010,0.00967419520020485,0.0020748935639858246,0.1519860178232193,0.0020748935639858246,0.05,108,50033,0.02136414654356794,0.25549182295799255,0.4000000059604645,0.027121059596538544,0.10000000149011612,0.2273777574300766,0.4000000059604645,0.10015551745891571,0.10000000149011612,frozen_mlp_surrogate_adjoint,900,900,900,700,58.44581460952759,58.44581460952759,0.06493979401058621
380,121.34745788574219,152.29696655273438,151.92446899414062,62.929832458496094,0.28713515400886536,0.30179569125175476,0.49947553873062134,0.3135153651237488,0.6101357340812683,T040_010_040_010,0.00967421568930149,0.0020745079964399338,0.15199413895606995,0.0020745079964399338,0.05,517,50214,0.048270007877630076,0.2555069327354431,0.4000000059604645,0.02709817886352539,0.10000000149011612,0.22739866375923157,0.4000000059604645,0.10013192147016525,0.10000000149011612,frozen_mlp_surrogate_adjoint,900,900,900,700,58.44581460952759,58.44581460952759,0.06493979401058621
381,121.39524841308594,152.295654296875,151.9600830078125,62.85804748535156,0.28746703267097473,0.3017713129520416,0.49972274899482727,0.31218603253364563,0.6095286011695862,T040_010_040_010,0.00967421941459179,0.002050823997706175,0.15246790647506714,0.002050823997706175,0.05,106,50965,0.021288157854166385,0.25546425580978394,0.4000000059604645,0.027023345232009888,0.10000000149011612,0.22744882106781006,0.4000000059604645,0.09959215670824051,0.10000000149011612,frozen_mlp_surrogate_adjoint,900,900,900,700,58.44581460952759,58.44581460952759,0.06493979401058621
382,121.376220703125,152.29965209960938,151.94725036621094,62.89262390136719,0.2873348891735077,0.3018455505371094,0.49963369965553284,0.31282636523246765,0.6098247170448303,T040_010_040_010,0.00967424362897873,0.0020624061580747366,0.15223674476146698,0.0020624061580747366,0.05,312,51307,0.03713592020849665,0.2554381489753723,0.4000000059604645,0.027078062295913696,0.10000000149011612,0.2274225652217865,0.4000000059604645,0.09988594800233841,0.10000000149011612,frozen_mlp_surrogate_adjoint,900,900,900,700,58.44581460952759,58.44581460952759,0.06493979401058621
383,121.3558349609375,152.2921905517578,151.88320922851562,62.92170715332031,0.28719326853752136,0.3017071783542633,0.4991888999938965,0.3133649528026581,0.6098945140838623,T040_010_040_010,0.009674291126430035,0.002065175911411643,0.15218229591846466,0.002065175911411643,0.05,184,50560,0.028127316560198665,0.2557336091995239,0.4000000059604645,0.0270613431930542,0.10000000149011612,0.22730675339698792,0.4000000059604645,0.09979281574487686,0.10000000149011612,frozen_mlp_surrogate_adjoint,900,900,900,700,58.44581460952759,58.44581460952759,0.06493979401058621
384,121.37754821777344,152.28541564941406,151.8892822265625,62.88941192626953,0.2873440980911255,0.3015816807746887,0.49923110008239746,0.3127669394016266,0.6096232533454895,T040_010_040_010,0.009674306027591228,0.0020546051673591137,0.15239401161670685,0.0020546051673591137,0.05,54,50836,0.016161542092338034,0.2558521628379822,0.4000000059604645,0.026995204389095306,0.10000000149011612,0.22730644047260284,0.4000000059604645,0.09946944564580917,0.10000000149011612,frozen_mlp_surrogate_adjoint,900,900,900,700,58.44581460952759,58.44581460952759,0.06493979401058621
385,121.37521362304688,152.28887939453125,151.9167938232422,62.89259338378906,0.2873278856277466,0.301645964384079,0.49942219257354736,0.3128257691860199,0.6097602248191833,T040_010_040_010,0.009674329310655594,0.0020599747076630592,0.1522870808839798,0.0020599747076630592,0.05,66,50830,0.01719206034740737,0.25570783019065857,0.4000000059604645,0.027017980813980103,0.10000000149011612,0.22736087441444397,0.4000000059604645,0.09967358410358429,0.10000000149011612,frozen_mlp_surrogate_adjoint,900,900,900,700,58.44581460952759,58.44581460952759,0.06493979401058621
386,121.3883285522461,152.2895050048828,151.8795928955078,62.85607147216797,0.2874189615249634,0.30165737867355347,0.49916383624076843,0.3121494650840759,0.6091495156288147,T040_010_040_010,0.009674391709268093,0.0020361868664622307,0.15276409685611725,0.0020361868664622307,0.05,253,50046,0.03237518302370383,0.25576257705688477,0.4000000059604645,0.02697620540857315,0.10000000149011612,0.22732442617416382,0.4000000059604645,0.09908635169267654,0.10000000149011612,frozen_mlp_surrogate_adjoint,900,900,900,700,58.44581460952759,58.44581460952759,0.06493979401058621
387,121.35552978515625,152.29925537109375,151.92276000976562,62.93190002441406,0.28719115257263184,0.30183809995651245,0.49946364760398865,0.31355372071266174,0.6101550459861755,T040_010_040_010,0.00967442337423563,0.002075468422845006,0.15197908878326416,0.002075468422845006,0.05,71,51549,0.017562219655459833,0.25552862882614136,0.4000000059604645,0.027113720774650574,0.10000000149011612,0.2273671180009842,0.4000000059604645,0.10014559328556061,0.10000000149011612,frozen_mlp_surrogate_adjoint,900,900,900,700,58.44581460952759,58.44581460952759,0.06493979401058621
388,121.37183380126953,152.29513549804688,151.89620971679688,62.91603469848633,0.2873044013977051,0.30176177620887756,0.49927929043769836,0.31325989961624146,0.609899640083313,T040_010_040_010,0.009674460627138615,0.0020655463449656963,0.15217828750610352,0.0020655463449656963,0.05,535,50026,0.04910378842830015,0.25572216510772705,0.4000000059604645,0.027074217796325684,0.10000000149011612,0.2272936999797821,0.4000000059604645,0.09980950504541397,0.10000000149011612,frozen_mlp_surrogate_adjoint,900,900,900,700,58.44581460952759,58.44581460952759,0.06493979401058621
389,121.39237976074219,152.29730224609375,151.99539184570312,62.85736083984375,0.287447065114975,0.30180174112319946,0.4999680519104004,0.31217333674430847,0.6096614003181458,T040_010_040_010,0.009674694389104843,0.002056483179330826,0.15236422419548035,0.002056483179330826,0.05,215,51345,0.030594300859221664,0.2553125321865082,0.4000000059604645,0.027028203010559082,0.10000000149011612,0.2275257557630539,0.4000000059604645,0.09979494661092758,0.10000000149011612,frozen_mlp_surrogate_adjoint,900,900,900,700,58.44581460952759,58.44581460952759,0.06493979401058621
390,121.39421081542969,152.29383850097656,151.99913024902344,62.874168395996094,0.28745976090431213,0.30173784494400024,0.4999939799308777,0.31248459219932556,0.6099287867546082,T040_010_040_010,0.00967477448284626,0.0020669964142143726,0.1521555483341217,0.0020669964142143726,0.05,94,50891,0.020222273306074547,0.2554289698600769,0.4000000059604645,0.02703481912612915,0.10000000149011612,0.22748881578445435,0.4000000059604645,0.09997615963220596,0.10000000149011612,frozen_mlp_surrogate_adjoint,900,900,900,700,58.44581460952759,58.44581460952759,0.06493979401058621
391,121.37796020507812,152.27572631835938,151.84906005859375,62.882171630859375,0.2873469591140747,0.3014023005962372,0.4989517331123352,0.31263282895088196,0.6094088554382324,T040_010_040_010,0.00967506505548954,0.002046993002295494,0.15256144106388092,0.002046993002295494,0.05,109,51337,0.02156639743040377,0.2561168968677521,0.4000000059604645,0.02692626416683197,0.10000000149011612,0.2272387593984604,0.4000000059604645,0.09912692755460739,0.10000000149011612,frozen_mlp_surrogate_adjoint,900,900,900,700,58.44581460952759,58.44581460952759,0.06493979401058621
392,121.51471710205078,152.28823852539062,152.10848999023438,62.728267669677734,0.288296639919281,0.3016339838504791,0.5007533431053162,0.3097827434539795,0.6089456677436829,T040_010_040_010,0.009676417335867882,0.0020302427001297474,0.15292349457740784,0.0020302427001297474,0.05,373,51687,0.04071990858367566,0.25542497634887695,0.4000000059604645,0.02687101811170578,0.10000000149011612,0.22757862508296967,0.4000000059604645,0.09907101094722748,0.10000000149011612,frozen_mlp_surrogate_adjoint,900,900,900,700,58.44581460952759,58.44581460952759,0.06493979401058621
393,121.21714782714844,152.3611602783203,152.25790405273438,63.126224517822266,0.2862301766872406,0.30298447608947754,0.5017909407615662,0.3171522915363312,0.6133854985237122,T040_010_040_010,0.009677078574895859,0.0022035392466932535,0.14947077631950378,0.0022035392466932535,0.05,790,51634,0.05911988527025128,0.25341930985450745,0.4000000059604645,0.02743595838546753,0.10000000149011612,0.22854049503803253,0.4000000059604645,0.10398971289396286,0.10000000149011612,frozen_mlp_surrogate_adjoint,900,900,900,700,58.44581460952759,58.44581460952759,0.06493979401058621
394,121.22257232666016,152.3588409423828,152.26300048828125,63.12623596191406,0.28626787662506104,0.3029414713382721,0.5018263459205627,0.31715255975723267,0.6134408116340637,T040_010_040_010,0.00967738963663578,0.0022059883922338486,0.14942800998687744,0.0022059883922338486,0.05,393,51039,0.04166275803315091,0.25347578525543213,0.4000000059604645,0.02742745727300644,0.10000000149011612,0.22852471470832825,0.4000000059604645,0.10401283949613571,0.10000000149011612,frozen_mlp_surrogate_adjoint,900,900,900,700,58.44581460952759,58.44581460952759,0.06493979401058621
395,121.25083923339844,152.3550262451172,152.23281860351562,63.107666015625,0.2864641845226288,0.3028709292411804,0.5016168355941772,0.3168085813522339,0.6131582260131836,T040_010_040_010,0.009677581489086151,0.0021952528040856123,0.1496465653181076,0.0021952528040856123,0.05,90,21,0.02001360162612256,0.25371769070625305,0.4000000059604645,0.027427196502685547,0.10000000149011612,0.22833271324634552,0.4000000059604645,0.10368060320615768,0.10000000149011612,frozen_mlp_surrogate_adjoint,900,900,900,700,58.44581460952759,58.44581460952759,0.06493979401058621
396,121.24348449707031,152.34814453125,152.23004150390625,63.10978698730469,0.2864130735397339,0.3027433156967163,0.50159752368927,0.31684792041778564,0.6132091879844666,T040_010_040_010,0.00967760942876339,0.002197252120822668,0.14960713684558868,0.002197252120822668,0.05,235,51380,0.03130039336068794,0.253803551197052,0.4000000059604645,0.02739989012479782,0.10000000149011612,0.2283274084329605,0.4000000059604645,0.10367835313081741,0.10000000149011612,frozen_mlp_surrogate_adjoint,900,900,900,700,58.44581460952759,58.44581460952759,0.06493979401058621
397,121.19750213623047,152.3570556640625,152.27359008789062,63.13597869873047,0.2860937714576721,0.302908331155777,0.5018999576568604,0.3173328936100006,0.6135607957839966,T040_010_040_010,0.009677707217633724,0.002210944192484021,0.14933526515960693,0.002210944192484021,0.05,459,51182,0.045261017547453354,0.25336602330207825,0.4000000059604645,0.02740464359521866,0.10000000149011612,0.22863593697547913,0.4000000059604645,0.10415420681238174,0.10000000149011612,frozen_mlp_surrogate_adjoint,900,900,900,700,58.44581460952759,58.44581460952759,0.06493979401058621
398,169.1595916748047,144.9967803955078,150.55093383789062,99.95074462890625,0.6191638112068176,0.16660700738430023,0.4899369776248932,0.999087929725647,0.7391526699066162,T040_010_040_010,0.009706243872642517,0.006304177455604076,0.06804133206605911,0.006304177455604076,0.05,248,50656,0.03203095718420998,0.23305317759513855,0.4000000059604645,0.0831378623843193,0.10000000149011612,0.2577500343322754,0.4000000059604645,0.16521157324314117,0.10000000149011612,frozen_mlp_surrogate_adjoint,900,900,900,700,58.44581460952759,58.44581460952759,0.06493979401058621
399,163.8949737548828,143.91290283203125,140.27593994140625,99.86231994628906,0.5826039910316467,0.14653535187244415,0.418582946062088,0.9974502921104431,0.7770711779594421,T040_010_040_010,0.009718435816466808,0.007233572658151388,0.049697261303663254,0.007233572658151388,0.05,857,51574,0.06251237093573285,0.2480272352695465,0.4000000059604645,0.09964105486869812,0.10000000149011612,0.2531227767467499,0.4000000059604645,0.17628009617328644,0.10000000149011612,frozen_mlp_surrogate_adjoint,900,900,900,700,58.44581460952759,58.44581460952759,0.06493979401058621
400,166.177978515625,148.0159454345703,97.09281158447266,99.94744873046875,0.5984581112861633,0.22251762449741364,0.11870009452104568,0.999026894569397,0.8324084877967834,T040_010_040_010,0.009764009155333042,0.008359663188457489,0.028086915612220764,0.008359663188457489,0.05,119,51333,0.022117045619937502,0.2663153409957886,0.4000000059604645,0.09210839867591858,0.10000000149011612,0.26971274614334106,0.4000000059604645,0.20427197217941284,0.10000000149011612,frozen_mlp_surrogate_adjoint,900,900,900,700,58.44581460952759,58.44581460952759,0.06493979401058621
401,169.52346801757812,145.02679443359375,151.35414123535156,99.87579345703125,0.6216908097267151,0.1671629399061203,0.4955148696899414,0.9976997971534729,0.7351970672607422,T040_010_040_010,0.00985689926892519,0.006350869312882423,0.07012059539556503,0.006350869312882423,0.05,331,51229,0.03840499414442231,0.2317262589931488,0.4000000059604645,0.0833815410733223,0.10000000149011612,0.25563952326774597,0.4000000059604645,0.1644497513771057,0.10000000149011612,frozen_mlp_surrogate_adjoint,900,900,900,700,58.44581460952759,58.44581460952759,0.06493979401058621
402,80.015869140625,152.23458862304688,91.74117279052734,46.05699157714844,0.00011022644321201369,0.3006405234336853,0.08153592795133591,0.0010553895263001323,0.6542380452156067,T040_010_040_010,0.009880950674414635,0.003903383854776621,0.11955133080482483,0.003903383854776621,0.05,227,51194,0.031058397804021934,0.28504130244255066,0.4000000059604645,0.06439179927110672,0.10000000149011612,0.19627973437309265,0.4000000059604645,0.10852520167827606,0.10000000149011612,frozen_mlp_surrogate_adjoint,900,900,900,700,58.44581460952759,58.44581460952759,0.06493979401058621
403,80.0661392211914,152.22958374023438,91.70121002197266,46.04159164428711,0.0004593083285726607,0.30054783821105957,0.08125841617584229,0.0007702242000959814,0.6541045904159546,T040_010_040_010,0.009900078177452087,0.0039178961887955666,0.11964363604784012,0.0039178961887955666,0.05,33,50922,0.01255393129456529,0.2853161096572876,0.4000000059604645,0.06432820111513138,0.10000000149011612,0.1960858553647995,0.4000000059604645,0.10837443172931671,0.10000000149011612,frozen_mlp_surrogate_adjoint,900,900,900,700,58.44581460952759,58.44581460952759,0.06493979401058621
404,80.126220703125,152.39511108398438,93.9732666015625,46.03201675415039,0.0008765273378230631,0.3036130368709564,0.09703658521175385,0.0005928679020144045,0.6527613997459412,T040_010_040_010,0.009901599027216434,0.0038728665094822645,0.12057464569807053,0.0038728665094822645,0.05,103,50308,0.021072164947641626,0.27654504776000977,0.4000000059604645,0.06478190422058105,0.10000000149011612,0.19772736728191376,0.4000000059604645,0.1137070506811142,0.10000000149011612,frozen_mlp_surrogate_adjoint,900,900,900,700,58.44581460952759,58.44581460952759,0.06493979401058621
405,169.6781768798828,145.04808044433594,151.56259155273438,99.85054016113281,0.6227651238441467,0.16755713522434235,0.4969625174999237,0.9972321391105652,0.7337225675582886,T040_010_040_010,0.009903584606945515,0.006358400918543339,0.07090367376804352,0.006358400918543339,0.05,694,50862,0.05580101394268526,0.23131297528743744,0.4000000059604645,0.08327605575323105,0.10000000149011612,0.2549644708633423,0.4000000059604645,0.1641690731048584,0.10000000149011612,frozen_mlp_surrogate_adjoint,900,900,900,700,58.44581460952759,58.44581460952759,0.06493979401058621
406,80.07197570800781,152.2327423095703,91.74760437011719,46.088199615478516,0.0004998394288122654,0.3006064295768738,0.08158060908317566,0.0016332997474819422,0.6539735794067383,T040_010_040_010,0.009909778833389282,0.003923064563423395,0.11973428726196289,0.003923064563423395,0.05,38,50672,0.013353593067518908,0.28512710332870483,0.4000000059604645,0.06427133828401566,0.10000000149011612,0.1960473358631134,0.4000000059604645,0.10852774977684021,0.10000000149011612,frozen_mlp_surrogate_adjoint,900,900,900,700,58.44581460952759,58.44581460952759,0.06493979401058621
407,80.19556427001953,152.40277099609375,94.03823852539062,46.00760269165039,0.001358091365545988,0.3037550151348114,0.09748774766921997,0.00014076479419600219,0.6524596810340881,T040_010_040_010,0.009912122040987015,0.0038729081861674786,0.12078427523374557,0.0038729081861674786,0.05,683,50056,0.05525030557942024,0.27647721767425537,0.4000000059604645,0.06472024321556091,0.10000000149011612,0.1976318657398224,0.4000000059604645,0.11363033205270767,0.10000000149011612,frozen_mlp_surrogate_adjoint,900,900,900,700,58.44581460952759,58.44581460952759,0.06493979401058621
408,80.12250518798828,152.23814392089844,91.74069213867188,46.0714111328125,0.0008507074671797454,0.3007063865661621,0.08153259009122849,0.0013224083231762052,0.6537796854972839,T040_010_040_010,0.009928839281201363,0.003935414366424084,0.11986850947141647,0.003935414366424084,0.05,275,51310,0.03463576830921671,0.285250186920166,0.4000000059604645,0.06420363485813141,0.10000000149011612,0.19587472081184387,0.4000000059604645,0.10845116525888443,0.10000000149011612,frozen_mlp_surrogate_adjoint,900,900,900,700,58.44581460952759,58.44581460952759,0.06493979401058621
409,159.2708282470703,143.82852172851562,87.23362731933594,99.96199035644531,0.5504918694496155,0.14497268199920654,0.05023353919386864,0.9992960691452026,0.8610826134681702,T040_010_040_010,0.009932862594723701,0.008967960253357887,0.019298039376735687,0.008967960253357887,0.05,379,50901,0.041029987583223425,0.2540355920791626,0.4000000059604645,0.1168079823255539,0.10000000149011612,0.2856772243976593,0.4000000059604645,0.2045617699623108,0.10000000149011612,frozen_mlp_surrogate_adjoint,900,900,900,700,58.44581460952759,58.44581460952759,0.06493979401058621
410,80.27230834960938,152.40728759765625,94.07855224609375,46.040035247802734,0.001891030347906053,0.3038386106491089,0.09776771068572998,0.0007413793937303126,0.6520363092422485,T040_010_040_010,0.009946752339601517,0.0038928152061998844,0.1210787296295166,0.0038928152061998844,0.05,83,50668,0.018842842783135638,0.27655351161956787,0.4000000059604645,0.06457479298114777,0.10000000149011612,0.1973225474357605,0.4000000059604645,0.1135854423046112,0.10000000149011612,frozen_mlp_surrogate_adjoint,900,900,900,700,58.44581460952759,58.44581460952759,0.06493979401058621
411,80.016357421875,153.79925537109375,88.1723861694336,46.35593795776367,0.00011359906056895852,0.32961589097976685,0.05675268545746803,0.006591466721147299,0.6546445488929749,T040_010_040_010,0.009953804314136505,0.003990285098552704,0.11927038431167603,0.003990285098552704,0.05,383,51694,0.04112069060213483,0.2867439389228821,0.4000000059604645,0.06520441919565201,0.10000000149011612,0.1951495110988617,0.4000000059604645,0.10754668712615967,0.10000000149011612,frozen_mlp_surrogate_adjoint,900,900,900,700,58.44581460952759,58.44581460952759,0.06493979401058621
412,80.0051498413086,154.1444854736328,87.47455596923828,46.42744064331055,3.576178278308362e-05,0.33600908517837524,0.05190664529800415,0.007915600202977657,0.654602587223053,T040_010_040_010,0.009958443231880665,0.0039934744127094746,0.11929937452077866,0.0039934744127094746,0.05,259,51649,0.03310446403560252,0.2866598963737488,0.4000000059604645,0.06538474559783936,0.10000000149011612,0.1950506716966629,0.4000000059604645,0.10750727355480194,0.10000000149011612,frozen_mlp_surrogate_adjoint,900,900,900,700,58.44581460952759,58.44581460952759,0.06493979401058621
413,80.24341583251953,152.3993682861328,94.09807586669922,46.09906768798828,0.001690370263531804,0.3036920428276062,0.097903311252594,0.0018346074502915144,0.6521139740943909,T040_010_040_010,0.009962143376469612,0.003910908475518227,0.12102469056844711,0.003910908475518227,0.05,432,50947,0.043567883549862046,0.2764878273010254,0.4000000059604645,0.06455505639314651,0.10000000149011612,0.1972496211528778,0.4000000059604645,0.11382145434617996,0.10000000149011612,frozen_mlp_surrogate_adjoint,900,900,900,700,58.44581460952759,58.44581460952759,0.06493979401058621
414,80.36933898925781,152.42282104492188,94.24507141113281,46.01480484008789,0.0025648458395153284,0.3041262626647949,0.09892412275075912,0.000274181627901271,0.6515960693359375,T040_010_040_010,0.009965447708964348,0.0038961824029684067,0.12138529866933823,0.0038961824029684067,0.05,336,50621,0.038701620641392404,0.27618086338043213,0.4000000059604645,0.06450449675321579,0.10000000149011612,0.19722998142242432,0.4000000059604645,0.11368071287870407,0.10000000149011612,frozen_mlp_surrogate_adjoint,900,900,900,700,58.44581460952759,58.44581460952759,0.06493979401058621
415,129.48895263671875,154.5874786376953,155.63088989257812,60.026710510253906,0.3436732590198517,0.3442126512527466,0.5252145528793335,0.25975391268730164,0.5991097688674927,T040_010_040_010,0.009968784637749195,0.0019331363728269935,0.16071297228336334,0.0019331363728269935,0.05,298,50306,0.03611225265448143,0.2485855668783188,0.4000000059604645,0.03722630813717842,0.10000000149011612,0.2142161875963211,0.4000000059604645,0.09908170253038406,0.10000000149011612,frozen_mlp_surrogate_adjoint,900,900,900,700,58.44581460952759,58.44581460952759,0.06493979401058621
416,129.4703369140625,154.58843994140625,155.61497497558594,60.03135681152344,0.3435439467430115,0.3442302644252777,0.5251039862632751,0.2598399221897125,0.5990522503852844,T040_010_040_010,0.009969060309231281,0.0019311060896143317,0.1607590913772583,0.0019311060896143317,0.05,497,50515,0.047309525779756036,0.24852398037910461,0.4000000059604645,0.03719986230134964,0.10000000149011612,0.21425777673721313,0.4000000059604645,0.09907061606645584,0.10000000149011612,frozen_mlp_surrogate_adjoint,900,900,900,700,58.44581460952759,58.44581460952759,0.06493979401058621
417,129.51193237304688,154.6067657470703,155.6130828857422,60.023372650146484,0.3438328802585602,0.3445698022842407,0.5250908732414246,0.25969207286834717,0.5990039110183716,T040_010_040_010,0.009969279170036316,0.0019293857039883733,0.1607978641986847,0.0019293857039883733,0.05,261,51348,0.03323567280239485,0.24840739369392395,0.4000000059604645,0.037407487630844116,0.10000000149011612,0.21410351991653442,0.4000000059604645,0.09908553212881088,0.10000000149011612,frozen_mlp_surrogate_adjoint,900,900,900,700,58.44581460952759,58.44581460952759,0.06493979401058621
418,129.47105407714844,154.59913635253906,155.5771484375,60.038082122802734,0.343548983335495,0.3444284200668335,0.5248412489891052,0.2599644958972931,0.5990017056465149,T040_010_040_010,0.009969289414584637,0.001929307240061462,0.16079963743686676,0.001929307240061462,0.05,578,50154,0.05082367268320025,0.24844890832901,0.4000000059604645,0.03728299215435982,0.10000000149011612,0.21420247852802277,0.4000000059604645,0.09906735271215439,0.10000000149011612,frozen_mlp_surrogate_adjoint,900,900,900,700,58.44581460952759,58.44581460952759,0.06493979401058621
419,129.50257873535156,154.6190185546875,155.58560180664062,60.03373718261719,0.343767911195755,0.3447967767715454,0.524899959564209,0.2598840296268463,0.5990061163902283,T040_010_040_010,0.009969313628971577,0.001929508289322257,0.16079609096050262,0.001929508289322257,0.05,339,50497,0.03897609673781104,0.248216450214386,0.4000000059604645,0.03748003765940666,0.10000000149011612,0.214124396443367,0.4000000059604645,0.09918522089719772,0.10000000149011612,frozen_mlp_surrogate_adjoint,900,900,900,700,58.44581460952759,58.44581460952759,0.06493979401058621
420,129.49134826660156,154.61428833007812,155.58848571777344,60.03255844116211,0.3436899483203888,0.3447090983390808,0.5249200463294983,0.25986218452453613,0.598962664604187,T040_010_040_010,0.009969365783035755,0.0019278182880952954,0.16083094477653503,0.0019278182880952954,0.05,351,51612,0.03942681133084589,0.24823635816574097,0.4000000059604645,0.037426721304655075,0.10000000149011612,0.21415793895721436,0.4000000059604645,0.0991416871547699,0.10000000149011612,frozen_mlp_surrogate_adjoint,900,900,900,700,58.44581460952759,58.44581460952759,0.06493979401058621
421,129.5142364501953,154.61476135253906,155.60238647460938,60.02659606933594,0.34384885430336,0.34471768140792847,0.5250165462493896,0.25975173711776733,0.5990027189254761,T040_010_040_010,0.009969373233616352,0.0019294321537017822,0.1607988178730011,0.0019294321537017822,0.05,210,51032,0.030161651152419023,0.24830582737922668,0.4000000059604645,0.03746858611702919,0.10000000149011612,0.21409182250499725,0.4000000059604645,0.09913644939661026,0.10000000149011612,frozen_mlp_surrogate_adjoint,900,900,900,700,58.44581460952759,58.44581460952759,0.06493979401058621
422,129.5122528076172,154.59661865234375,155.6385040283203,60.010318756103516,0.34383508563041687,0.34438180923461914,0.5252673625946045,0.25945034623146057,0.5988903045654297,T040_010_040_010,0.009969426319003105,0.001924977172166109,0.16088898479938507,0.001924977172166109,0.05,558,51104,0.05003270352122997,0.2485148161649704,0.4000000059604645,0.03733815252780914,0.10000000149011612,0.21409893035888672,0.4000000059604645,0.09893841296434402,0.10000000149011612,frozen_mlp_surrogate_adjoint,900,900,900,700,58.44581460952759,58.44581460952759,0.06493979401058621
423,129.48704528808594,154.60543823242188,155.59506225585938,60.028167724609375,0.34366005659103394,0.34454530477523804,0.5249656438827515,0.2597808837890625,0.5989222526550293,T040_010_040_010,0.009969441220164299,0.0019262732239440084,0.16086335480213165,0.0019262732239440084,0.05,708,50616,0.05632133982246308,0.24835841357707977,0.4000000059604645,0.037356436252593994,0.10000000149011612,0.21415981650352478,0.4000000059604645,0.09904754161834717,0.10000000149011612,frozen_mlp_surrogate_adjoint,900,900,900,700,58.44581460952759,58.44581460952759,0.06493979401058621
424,129.50628662109375,154.61936950683594,155.619873046875,60.02418518066406,0.34379372000694275,0.344803124666214,0.5251380801200867,0.25970712304115295,0.598957896232605,T040_010_040_010,0.009969566948711872,0.001927828649058938,0.16083477437496185,0.001927828649058938,0.05,538,50153,0.049184040297162765,0.2481202483177185,0.4000000059604645,0.037485867738723755,0.10000000149011612,0.2141534984111786,0.4000000059604645,0.09919826686382294,0.10000000149011612,frozen_mlp_surrogate_adjoint,900,900,900,700,58.44581460952759,58.44581460952759,0.06493979401058621
425,129.52474975585938,154.62205505371094,155.60279846191406,60.01747131347656,0.3439219295978546,0.34485286474227905,0.5250194072723389,0.2595827579498291,0.5988444089889526,T040_010_040_010,0.009969642385840416,0.0019233510829508305,0.16092580556869507,0.0019233510829508305,0.05,56,50301,0.01633544594017239,0.24821972846984863,0.4000000059604645,0.03754609823226929,0.10000000149011612,0.21402913331985474,0.4000000059604645,0.09904946386814117,0.10000000149011612,frozen_mlp_surrogate_adjoint,900,900,900,700,58.44581460952759,58.44581460952759,0.06493979401058621
426,129.52488708496094,154.60610961914062,155.61087036132812,60.008567810058594,0.34392282366752625,0.3445574939250946,0.5250754356384277,0.25941795110702515,0.5987770557403564,T040_010_040_010,0.009969966486096382,0.0019209738820791245,0.16097985208034515,0.0019209738820791245,0.05,255,51466,0.032446996211023246,0.24849607050418854,0.4000000059604645,0.03743276745080948,0.10000000149011612,0.21399284899234772,0.4000000059604645,0.0988553985953331,0.10000000149011612,frozen_mlp_surrogate_adjoint,900,900,900,700,58.44581460952759,58.44581460952759,0.06493979401058621
427,129.47994995117188,154.62759399414062,155.5263671875,60.04497528076172,0.3436107337474823,0.3449554741382599,0.5244886875152588,0.2600921094417572,0.5988685488700867,T040_010_040_010,0.009969999082386494,0.0019246770534664392,0.16090643405914307,0.0019246770534664392,0.05,654,50816,0.053774340763129744,0.24813160300254822,0.4000000059604645,0.03750675916671753,0.10000000149011612,0.21410830318927765,0.4000000059604645,0.09912186861038208,0.10000000149011612,frozen_mlp_surrogate_adjoint,900,900,900,700,58.44581460952759,58.44581460952759,0.06493979401058621
428,129.52059936523438,154.62603759765625,155.62603759765625,60.00861740112305,0.3438931107521057,0.3449265956878662,0.5251808762550354,0.2594188451766968,0.5987194180488586,T040_010_040_010,0.009970148093998432,0.0019188427831977606,0.16102610528469086,0.0019188427831977606,0.05,488,33,0.046934419547036435,0.2480543702840805,0.4000000059604645,0.037563808262348175,0.10000000149011612,0.214063823223114,0.4000000059604645,0.09903742372989655,0.10000000149011612,frozen_mlp_surrogate_adjoint,900,900,900,700,58.44581460952759,58.44581460952759,0.06493979401058621
429,129.50640869140625,154.621826171875,155.6398468017578,60.003692626953125,0.34379446506500244,0.3448485732078552,0.5252767205238342,0.25932765007019043,0.5986270904541016,T040_010_040_010,0.009970499202609062,0.0019154888577759266,0.16110020875930786,0.0019154888577759266,0.05,42,50520,0.014159630788446786,0.24801862239837646,0.4000000059604645,0.037505872547626495,0.10000000149011612,0.21411655843257904,0.4000000059604645,0.09898603707551956,0.10000000149011612,frozen_mlp_surrogate_adjoint,900,900,900,700,58.44581460952759,58.44581460952759,0.06493979401058621
430,80.38609313964844,152.4341583251953,94.2498779296875,46.02310562133789,0.0026812152937054634,0.3043363094329834,0.09895748645067215,0.00042790689622052014,0.65147465467453,T040_010_040_010,0.009973491542041302,0.0038999957032501698,0.12146991491317749,0.0038999957032501698,0.05,612,50442,0.05223468525749876,0.27614736557006836,0.4000000059604645,0.06447803974151611,0.10000000149011612,0.1971653699874878,0.4000000059604645,0.11368386447429657,0.10000000149011612,frozen_mlp_surrogate_adjoint,900,900,900,700,58.44581460952759,58.44581460952759,0.06493979401058621
431,80.109619140625,152.3099365234375,91.084228515625,46.39661407470703,0.0007612297777086496,0.302035927772522,0.0769737958908081,0.007344731129705906,0.6541327834129333,T040_010_040_010,0.009981393814086914,0.004000186920166016,0.11962413042783737,0.004000186920166016,0.05,162,51593,0.026889946434609083,0.28649410605430603,0.4000000059604645,0.06410735100507736,0.10000000149011612,0.19533824920654297,0.4000000059604645,0.10819310694932938,0.10000000149011612,frozen_mlp_surrogate_adjoint,900,900,900,700,58.44581460952759,58.44581460952759,0.06493979401058621
432,80.00628662109375,153.43057250976562,88.61737060546875,46.61083984375,4.3666026613209397e-05,0.32278844714164734,0.059842824935913086,0.011311817914247513,0.6546739339828491,T040_010_040_010,0.009982187300920486,0.004019683226943016,0.11925008893013,0.004019683226943016,0.05,228,50336,0.031094061933310956,0.2868728041648865,0.4000000059604645,0.06494390964508057,0.10000000149011612,0.19501172006130219,0.4000000059604645,0.1078454777598381,0.10000000149011612,frozen_mlp_surrogate_adjoint,900,900,900,700,58.44581460952759,58.44581460952759,0.06493979401058621
433,80.10082244873047,153.34523010253906,89.15069580078125,46.31576919555664,0.0007001373451203108,0.32120800018310547,0.06354647874832153,0.0058475458063185215,0.6542792320251465,T040_010_040_010,0.00998494029045105,0.004008798394352198,0.11952284723520279,0.004008798394352198,0.05,480,50607,0.04631336836131485,0.2867274284362793,0.4000000059604645,0.06480909883975983,0.10000000149011612,0.19501283764839172,0.4000000059604645,0.10772990435361862,0.10000000149011612,frozen_mlp_surrogate_adjoint,900,900,900,700,58.44581460952759,58.44581460952759,0.06493979401058621
434,129.26966857910156,155.38404846191406,153.5211181640625,60.33330154418945,0.3421505093574524,0.35896381735801697,0.5105632543563843,0.2654314935207367,0.5931273102760315,T040_010_040_010,0.010003173723816872,0.0017259034793823957,0.16554538905620575,0.0017259034793823957,0.05,448,50491,0.04443366755588878,0.2398528754711151,0.4000000059604645,0.04232415556907654,0.10000000149011612,0.21258656680583954,0.4000000059604645,0.09836370497941971,0.10000000149011612,frozen_mlp_surrogate_adjoint,900,900,900,700,58.44581460952759,58.44581460952759,0.06493979401058621
435,129.27430725097656,155.39013671875,153.5123291015625,60.33358383178711,0.3421826660633087,0.35907670855522156,0.5105023384094238,0.26543673872947693,0.5931038856506348,T040_010_040_010,0.01000317744910717,0.0017249546945095062,0.16556444764137268,0.0017249546945095062,0.05,589,50625,0.05118988949446132,0.2397989183664322,0.4000000059604645,0.04236806929111481,0.10000000149011612,0.2125740349292755,0.4000000059604645,0.09836285561323166,0.10000000149011612,frozen_mlp_surrogate_adjoint,900,900,900,700,58.44581460952759,58.44581460952759,0.06493979401058621
436,129.27520751953125,155.3828887939453,153.527587890625,60.33003616333008,0.34218892455101013,0.3589423596858978,0.5106081962585449,0.26537105441093445,0.5931288003921509,T040_010_040_010,0.010003195144236088,0.0017259862506762147,0.16554416716098785,0.0017259862506762147,0.05,454,50912,0.04493561303966577,0.2398737072944641,0.4000000059604645,0.04233068972826004,0.10000000149011612,0.2125689834356308,0.4000000059604645,0.09835544228553772,0.10000000149011612,frozen_mlp_surrogate_adjoint,900,900,900,700,58.44581460952759,58.44581460952759,0.06493979401058621
437,129.2666015625,155.378173828125,153.53488159179688,60.329864501953125,0.3421291410923004,0.3588550388813019,0.510658860206604,0.26536789536476135,0.593126654624939,T040_010_040_010,0.01000321377068758,0.0017259177984669805,0.16554592549800873,0.0017259177984669805,0.05,630,51155,0.05291467708646943,0.239888995885849,0.4000000059604645,0.04228631407022476,0.10000000149011612,0.21259865164756775,0.4000000059604645,0.09835273027420044,0.10000000149011612,frozen_mlp_surrogate_adjoint,900,900,900,700,58.44581460952759,58.44581460952759,0.06493979401058621
438,129.2842559814453,155.39483642578125,153.51446533203125,60.332218170166016,0.3422517478466034,0.3591636121273041,0.5105171203613281,0.26541146636009216,0.5931168794631958,T040_010_040_010,0.010003233328461647,0.0017255399143323302,0.16555386781692505,0.0017255399143323302,0.05,623,50293,0.052732168623547765,0.2397645115852356,0.4000000059604645,0.0424107164144516,0.10000000149011612,0.2125582993030548,0.4000000059604645,0.09838332235813141,0.10000000149011612,frozen_mlp_surrogate_adjoint,900,900,900,700,58.44581460952759,58.44581460952759,0.06493979401058621
439,129.2629852294922,155.3685302734375,153.5491943359375,60.32965087890625,0.34210407733917236,0.3586765229701996,0.5107582807540894,0.2653639316558838,0.5931849479675293,T040_010_040_010,0.010003240779042244,0.0017283163033425808,0.16549848020076752,0.0017283163033425808,0.05,279,50486,0.03495686004268479,0.23999233543872833,0.4000000059604645,0.04222387447953224,0.10000000149011612,0.21260613203048706,0.4000000059604645,0.09836259484291077,0.10000000149011612,frozen_mlp_surrogate_adjoint,900,900,900,700,58.44581460952759,58.44581460952759,0.06493979401058621
440,129.274658203125,155.38674926757812,153.52989196777344,60.330223083496094,0.3421851098537445,0.35901373624801636,0.5106242299079895,0.2653745412826538,0.5931202173233032,T040_010_040_010,0.010003254748880863,0.0017256970750167966,0.16555115580558777,0.0017256970750167966,0.05,809,51716,0.06058131839371088,0.2398010492324829,0.4000000059604645,0.04234783351421356,0.10000000149011612,0.21259306371212006,0.4000000059604645,0.0983782634139061,0.10000000149011612,frozen_mlp_surrogate_adjoint,900,900,900,700,58.44581460952759,58.44581460952759,0.06493979401058621
441,129.26519775390625,155.3894500732422,153.50685119628906,60.33574676513672,0.342119425535202,0.3590637743473053,0.5104642510414124,0.265476793050766,0.5930818319320679,T040_010_040_010,0.010003264993429184,0.0017241453751921654,0.16558238863945007,0.0017241453751921654,0.05,758,51355,0.05771079011673302,0.23978573083877563,0.4000000059604645,0.04234575480222702,0.10000000149011612,0.21259574592113495,0.4000000059604645,0.09835460036993027,0.10000000149011612,frozen_mlp_surrogate_adjoint,900,900,900,700,58.44581460952759,58.44581460952759,0.06493979401058621
442,129.26756286621094,155.37322998046875,153.53390502929688,60.333282470703125,0.34213581681251526,0.3587634265422821,0.5106521248817444,0.26543116569519043,0.5931962132453918,T040_010_040_010,0.010003264993429184,0.0017287987284362316,0.1654893159866333,0.0017287987284362316,0.05,741,51533,0.05733473441855247,0.23999080061912537,0.4000000059604645,0.042257510125637054,0.10000000149011612,0.2125793993473053,0.4000000059604645,0.09836848080158234,0.10000000149011612,frozen_mlp_surrogate_adjoint,900,900,900,700,58.44581460952759,58.44581460952759,0.06493979401058621
443,129.27462768554688,155.4063720703125,153.48736572265625,60.33648681640625,0.3421849310398102,0.3593772351741791,0.5103289484977722,0.26549050211906433,0.5930137038230896,T040_010_040_010,0.010003277100622654,0.0017213837709277868,0.16563785076141357,0.0017213837709277868,0.05,652,50079,0.053733572164439275,0.23960597813129425,0.4000000059604645,0.04245828092098236,0.10000000149011612,0.21258610486984253,0.4000000059604645,0.09836333990097046,0.10000000149011612,frozen_mlp_surrogate_adjoint,900,900,900,700,58.44581460952759,58.44581460952759,0.06493979401058621
444,129.2613525390625,155.38363647460938,153.5105438232422,60.33650207519531,0.34209269285202026,0.35895609855651855,0.5104898810386658,0.26549074053764343,0.5931084752082825,T040_010_040_010,0.010003287345170975,0.0017252522520720959,0.16556070744991302,0.0017252522520720959,0.05,278,50780,0.034856063606119286,0.23985499143600464,0.4000000059604645,0.04230610281229019,0.10000000149011612,0.21259614825248718,0.4000000059604645,0.09835124015808105,0.10000000149011612,frozen_mlp_surrogate_adjoint,900,900,900,700,58.44581460952759,58.44581460952759,0.06493979401058621
445,129.26431274414062,155.38180541992188,153.51388549804688,60.33453369140625,0.3421132266521454,0.3589222729206085,0.5105130672454834,0.2654542922973633,0.5931106805801392,T040_010_040_010,0.010003306902945042,0.0017253608675673604,0.16555891931056976,0.0017253608675673604,0.05,693,51446,0.055790098499221494,0.23988482356071472,0.4000000059604645,0.04230451583862305,0.10000000149011612,0.21258074045181274,0.4000000059604645,0.09834063053131104,0.10000000149011612,frozen_mlp_surrogate_adjoint,900,900,900,700,58.44581460952759,58.44581460952759,0.06493979401058621
446,129.28204345703125,155.3784942626953,153.53822326660156,60.32948303222656,0.34223636984825134,0.35886090993881226,0.5106821060180664,0.26536083221435547,0.5931991338729858,T040_010_040_010,0.010003308765590191,0.0017289608949795365,0.16548694670200348,0.0017289608949795365,0.05,296,50715,0.03605701129513193,0.23995855450630188,0.4000000059604645,0.04231345281004906,0.10000000149011612,0.21254871785640717,0.4000000059604645,0.09837842732667923,0.10000000149011612,frozen_mlp_surrogate_adjoint,900,900,900,700,58.44581460952759,58.44581460952759,0.06493979401058621
447,129.2552490234375,155.36659240722656,153.5460205078125,60.33155822753906,0.3420504033565521,0.35864049196243286,0.5107362270355225,0.2653992474079132,0.5931766629219055,T040_010_040_010,0.010003326460719109,0.0017280644970014691,0.16550523042678833,0.0017280644970014691,0.05,280,50105,0.035228898753938045,0.24000003933906555,0.4000000059604645,0.04219720512628555,0.10000000149011612,0.21262264251708984,0.4000000059604645,0.09835676848888397,0.10000000149011612,frozen_mlp_surrogate_adjoint,900,900,900,700,58.44581460952759,58.44581460952759,0.06493979401058621
448,129.25732421875,155.3704071044922,153.54421997070312,60.32863235473633,0.3420647978782654,0.3587113320827484,0.5107237696647644,0.2653450667858124,0.59312504529953,T040_010_040_010,0.010003330186009407,0.0017259684391319752,0.1655472218990326,0.0017259684391319752,0.05,220,50821,0.03068463231096719,0.23994338512420654,0.4000000059604645,0.04222559928894043,0.10000000149011612,0.21261942386627197,0.4000000059604645,0.09833662211894989,0.10000000149011612,frozen_mlp_surrogate_adjoint,900,900,900,700,58.44581460952759,58.44581460952759,0.06493979401058621
449,129.28631591796875,155.3876953125,153.5433349609375,60.3277587890625,0.3422660529613495,0.3590313196182251,0.5107175707817078,0.26532888412475586,0.5931710600852966,T040_010_040_010,0.010003332048654556,0.0017278424929827452,0.16550979018211365,0.0017278424929827452,0.05,211,50295,0.03019708191176749,0.23979997634887695,0.4000000059604645,0.04237375408411026,0.10000000149011612,0.21258042752742767,0.4000000059604645,0.09841691702604294,0.10000000149011612,frozen_mlp_surrogate_adjoint,900,900,900,700,58.44581460952759,58.44581460952759,0.06493979401058621
450,129.2618408203125,155.3955841064453,153.48336791992188,60.34162902832031,0.34209614992141724,0.35917744040489197,0.5103011131286621,0.265585720539093,0.593061089515686,T040_010_040_010,0.01000333484262228,0.0017233717953786254,0.1655992716550827,0.0017233717953786254,0.05,205,51115,0.029574943980624355,0.23974548280239105,0.4000000059604645,0.04237350448966026,0.10000000149011612,0.21258945763111115,0.4000000059604645,0.09835270047187805,0.10000000149011612,frozen_mlp_surrogate_adjoint,900,900,900,700,58.44581460952759,58.44581460952759,0.06493979401058621
451,129.2601318359375,155.38034057617188,153.51922607421875,60.336727142333984,0.34208428859710693,0.35889509320259094,0.5105502009391785,0.2654949724674225,0.5931433439254761,T040_010_040_010,0.010003339499235153,0.0017267221119254827,0.16553233563899994,0.0017267221119254827,0.05,716,50302,0.05652357739294311,0.23988141119480133,0.4000000059604645,0.04228246957063675,0.10000000149011612,0.21260835230350494,0.4000000059604645,0.09837111830711365,0.10000000149011612,frozen_mlp_surrogate_adjoint,900,900,900,700,58.44581460952759,58.44581460952759,0.06493979401058621
452,129.26199340820312,155.37191772460938,153.53387451171875,60.329612731933594,0.3420972228050232,0.35873913764953613,0.5106518864631653,0.2653631567955017,0.5931256413459778,T040_010_040_010,0.010003367438912392,0.0017260307213291526,0.1655467450618744,0.0017260307213291526,0.05,858,50860,0.06264597512779511,0.2399701625108719,0.4000000059604645,0.04224737733602524,0.10000000149011612,0.21258467435836792,0.4000000059604645,0.09832341969013214,0.10000000149011612,frozen_mlp_surrogate_adjoint,900,900,900,700,58.44581460952759,58.44581460952759,0.06493979401058621
453,129.266357421875,155.38865661621094,153.4966278076172,60.341312408447266,0.3421275019645691,0.3590492904186249,0.5103932619094849,0.26557987928390503,0.5931411981582642,T040_010_040_010,0.010003380477428436,0.0017266765935346484,0.16553407907485962,0.0017266765935346484,0.05,428,50684,0.04345999039104004,0.23985205590724945,0.4000000059604645,0.04233865812420845,0.10000000149011612,0.2125747948884964,0.4000000059604645,0.09837566316127777,0.10000000149011612,frozen_mlp_surrogate_adjoint,900,900,900,700,58.44581460952759,58.44581460952759,0.06493979401058621
454,129.26007080078125,155.36288452148438,153.5455780029297,60.33456039428711,0.3420838713645935,0.3585720658302307,0.5107331871986389,0.26545479893684387,0.5932540893554688,T040_010_040_010,0.010003382340073586,0.0017312702257186174,0.16544224321842194,0.0017312702257186174,0.05,256,50976,0.032624864961001435,0.24009697139263153,0.4000000059604645,0.04218333959579468,0.10000000149011612,0.21259471774101257,0.4000000059604645,0.09837906807661057,0.10000000149011612,frozen_mlp_surrogate_adjoint,900,900,900,700,58.44581460952759,58.44581460952759,0.06493979401058621
455,129.26268005371094,155.36550903320312,153.5600128173828,60.32882308959961,0.34210193157196045,0.35862061381340027,0.5108334422111511,0.2653485834598541,0.5932142734527588,T040_010_040_010,0.010003382340073586,0.0017296510050073266,0.16547462344169617,0.0017296510050073266,0.05,794,51244,0.05951506497587213,0.24000954627990723,0.4000000059604645,0.04220418632030487,0.10000000149011612,0.21261806786060333,0.4000000059604645,0.09838248789310455,0.10000000149011612,frozen_mlp_surrogate_adjoint,900,900,900,700,58.44581460952759,58.44581460952759,0.06493979401058621
456,129.2523193359375,155.38027954101562,153.51119995117188,60.33610153198242,0.34203001856803894,0.3588939607143402,0.5104944109916687,0.26548337936401367,0.5930786728858948,T040_010_040_010,0.01000343356281519,0.0017241850728169084,0.1655849665403366,0.0017241850728169084,0.05,234,51744,0.03129702886388494,0.23986274003982544,0.4000000059604645,0.0422712042927742,0.10000000149011612,0.2126147747039795,0.4000000059604645,0.09832994639873505,0.10000000149011612,frozen_mlp_surrogate_adjoint,900,900,900,700,58.44581460952759,58.44581460952759,0.06493979401058621
457,129.24371337890625,155.37533569335938,153.50086975097656,60.343936920166016,0.34197017550468445,0.3588024973869324,0.5104227066040039,0.26562848687171936,0.5931412577629089,T040_010_040_010,0.010003436356782913,0.001726733986288309,0.16553403437137604,0.001726733986288309,0.05,550,50351,0.04969444511824492,0.23995108902454376,0.4000000059604645,0.04222315549850464,0.10000000149011612,0.21261928975582123,0.4000000059604645,0.09834770113229752,0.10000000149011612,frozen_mlp_surrogate_adjoint,900,900,900,700,58.44581460952759,58.44581460952759,0.06493979401058621
458,129.2564239501953,155.34654235839844,153.5784912109375,60.33008575439453,0.3420585095882416,0.3582693636417389,0.5109617710113525,0.2653719484806061,0.5933296084403992,T040_010_040_010,0.01000344380736351,0.001734403078444302,0.1653808057308197,0.001734403078444302,0.05,216,51198,0.030598043461099716,0.24024775624275208,0.4000000059604645,0.04208533465862274,0.10000000149011612,0.2126101404428482,0.4000000059604645,0.09838640689849854,0.10000000149011612,frozen_mlp_surrogate_adjoint,900,900,900,700,58.44581460952759,58.44581460952759,0.06493979401058621
459,129.25421142578125,155.39886474609375,153.4799041748047,60.341514587402344,0.3420431613922119,0.3592381179332733,0.5102770924568176,0.2655836343765259,0.5930035710334778,T040_010_040_010,0.010003446601331234,0.0017211416270583868,0.16564609110355377,0.0017211416270583868,0.05,593,50866,0.0512802029987279,0.23966294527053833,0.4000000059604645,0.042375706136226654,0.10000000149011612,0.21262195706367493,0.4000000059604645,0.09834297746419907,0.10000000149011612,frozen_mlp_surrogate_adjoint,900,900,900,700,58.44581460952759,58.44581460952759,0.06493979401058621
460,129.236572265625,155.35940551757812,153.51885986328125,60.34501647949219,0.3419205844402313,0.35850751399993896,0.5105476975440979,0.2656484842300415,0.5932366251945496,T040_010_040_010,0.010003465227782726,0.0017306433292105794,0.16545644402503967,0.0017306433292105794,0.05,325,50895,0.037970429106383055,0.2401350885629654,0.4000000059604645,0.04211833328008652,0.10000000149011612,0.21262593567371368,0.4000000059604645,0.09835726767778397,0.10000000149011612,frozen_mlp_surrogate_adjoint,900,900,900,700,58.44581460952759,58.44581460952759,0.06493979401058621
461,129.26351928710938,155.4023895263672,153.46597290039062,60.342918395996094,0.34210771322250366,0.35930362343788147,0.5101803541183472,0.26560962200164795,0.5930129885673523,T040_010_040_010,0.010003467090427876,0.0017215453553944826,0.16563843190670013,0.0017215453553944826,0.05,362,50066,0.04014782494133365,0.23969018459320068,0.4000000059604645,0.04241801053285599,0.10000000149011612,0.21257080137729645,0.4000000059604645,0.09833399206399918,0.10000000149011612,frozen_mlp_surrogate_adjoint,900,900,900,700,58.44581460952759,58.44581460952759,0.06493979401058621
462,129.26988220214844,155.40194702148438,153.5037384033203,60.334041595458984,0.3421519696712494,0.35929515957832336,0.5104426145553589,0.26544520258903503,0.5930217504501343,T040_010_040_010,0.010003482922911644,0.0017219174187630415,0.16563129425048828,0.0017219174187630415,0.05,363,50783,0.040227415318263265,0.23960572481155396,0.4000000059604645,0.04242175072431564,0.10000000149011612,0.21261771023273468,0.4000000059604645,0.0983765721321106,0.10000000149011612,frozen_mlp_surrogate_adjoint,900,900,900,700,58.44581460952759,58.44581460952759,0.06493979401058621
463,129.25918579101562,155.39053344726562,153.49639892578125,60.335121154785156,0.34207767248153687,0.3590838313102722,0.5103916525840759,0.26546522974967957,0.5930148363113403,T040_010_040_010,0.010003482922911644,0.001721636625006795,0.16563692688941956,0.001721636625006795,0.05,540,50251,0.04920338494776321,0.23976238071918488,0.4000000059604645,0.04234578460454941,0.10000000149011612,0.21259307861328125,0.4000000059604645,0.0983135923743248,0.10000000149011612,frozen_mlp_surrogate_adjoint,900,900,900,700,58.44581460952759,58.44581460952759,0.06493979401058621
464,129.24281311035156,155.36756896972656,153.51007080078125,60.34572982788086,0.3419639468193054,0.3586585819721222,0.5104866623878479,0.26566168665885925,0.5932185649871826,T040_010_040_010,0.010003495030105114,0.0017299378523603082,0.1654711365699768,0.0017299378523603082,0.05,294,51642,0.036021988400120074,0.24005737900733948,0.4000000059604645,0.042174629867076874,0.10000000149011612,0.21261650323867798,0.4000000059604645,0.09837007522583008,0.10000000149011612,frozen_mlp_surrogate_adjoint,900,900,900,700,58.44581460952759,58.44581460952759,0.06493979401058621
465,129.26547241210938,155.36505126953125,153.5581817626953,60.33253860473633,0.34212130308151245,0.35861191153526306,0.5108206868171692,0.2654173672199249,0.59327632188797,T040_010_040_010,0.010003500618040562,0.001732292352244258,0.1654241532087326,0.001732292352244258,0.05,217,51392,0.03060597334055675,0.2400454729795456,0.4000000059604645,0.04220404475927353,0.10000000149011612,0.21260897815227509,0.4000000059604645,0.09841781854629517,0.10000000149011612,frozen_mlp_surrogate_adjoint,900,900,900,700,58.44581460952759,58.44581460952759,0.06493979401058621
466,129.28912353515625,155.3816680908203,153.5321044921875,60.32954025268555,0.34228554368019104,0.35891979932785034,0.5106396675109863,0.26536187529563904,0.5932039022445679,T040_010_040_010,0.010003511793911457,0.0017293577548116446,0.16548307240009308,0.0017293577548116446,0.05,710,50740,0.056424262460985364,0.23996353149414062,0.4000000059604645,0.04234309121966362,0.10000000149011612,0.212518572807312,0.4000000059604645,0.0983787253499031,0.10000000149011612,frozen_mlp_surrogate_adjoint,900,900,900,700,58.44581460952759,58.44581460952759,0.06493979401058621
467,129.2752685546875,155.36459350585938,153.55133056640625,60.32952880859375,0.34218937158584595,0.35860368609428406,0.5107731819152832,0.26536163687705994,0.59326171875,T040_010_040_010,0.010003512725234032,0.0017317114397883415,0.1654360294342041,0.0017317114397883415,0.05,873,50035,0.0634435625724817,0.24012339115142822,0.4000000059604645,0.042221799492836,0.10000000149011612,0.2125459462404251,0.4000000059604645,0.09837061911821365,0.10000000149011612,frozen_mlp_surrogate_adjoint,900,900,900,700,58.44581460952759,58.44581460952759,0.06493979401058621
468,129.2356719970703,155.38018798828125,153.48263549804688,60.349037170410156,0.34191441535949707,0.3588923513889313,0.5102960467338562,0.2657229006290436,0.5931082367897034,T040_010_040_010,0.010003519244492054,0.0017254742560908198,0.16556090116500854,0.0017254742560908198,0.05,457,50109,0.04509216272432224,0.2398936003446579,0.4000000059604645,0.04223291948437691,0.10000000149011612,0.21263591945171356,0.4000000059604645,0.0983458012342453,0.10000000149011612,frozen_mlp_surrogate_adjoint,900,900,900,700,58.44581460952759,58.44581460952759,0.06493979401058621
469,129.28720092773438,155.37228393554688,153.58346557617188,60.32160949707031,0.34227225184440613,0.3587459921836853,0.5109963417053223,0.2652150094509125,0.5932586789131165,T040_010_040_010,0.010003522038459778,0.0017315966542810202,0.16543850302696228,0.0017315966542810202,0.05,653,50992,0.053756553641040664,0.23993626236915588,0.4000000059604645,0.04228764399886131,0.10000000149011612,0.21259388327598572,0.4000000059604645,0.09844090044498444,0.10000000149011612,frozen_mlp_surrogate_adjoint,900,900,900,700,58.44581460952759,58.44581460952759,0.06493979401058621
470,129.26565551757812,155.39651489257812,153.50003051757812,60.339210510253906,0.3421226739883423,0.3591947853565216,0.5104169249534607,0.2655409574508667,0.5930871367454529,T040_010_040_010,0.010003527626395226,0.0017246236093342304,0.16557808220386505,0.0017246236093342304,0.05,886,51659,0.06445388212800417,0.239698126912117,0.4000000059604645,0.04238119721412659,0.10000000149011612,0.2126130610704422,0.4000000059604645,0.09839477390050888,0.10000000149011612,frozen_mlp_surrogate_adjoint,900,900,900,700,58.44581460952759,58.44581460952759,0.06493979401058621
471,129.2785186767578,155.3927001953125,153.49673461914062,60.33781814575195,0.34221193194389343,0.3591241240501404,0.5103939175605774,0.26551514863967896,0.5931320786476135,T040_010_040_010,0.010003538802266121,0.0017264639027416706,0.16554149985313416,0.0017264639027416706,0.05,282,51541,0.03524966303820486,0.2398410439491272,0.4000000059604645,0.04238511621952057,0.10000000149011612,0.21253669261932373,0.4000000059604645,0.09836922585964203,0.10000000149011612,frozen_mlp_surrogate_adjoint,900,900,900,700,58.44581460952759,58.44581460952759,0.06493979401058621
472,129.24436950683594,155.38478088378906,153.4859161376953,60.34823226928711,0.34197482466697693,0.35897737741470337,0.5103188753128052,0.2657080292701721,0.5931267738342285,T040_010_040_010,0.01000355277210474,0.001726261107251048,0.16554582118988037,0.001726261107251048,0.05,271,51586,0.034170063495521215,0.23984944820404053,0.4000000059604645,0.04227343201637268,0.10000000149011612,0.21262887120246887,0.4000000059604645,0.09837500751018524,0.10000000149011612,frozen_mlp_surrogate_adjoint,900,900,900,700,58.44581460952759,58.44581460952759,0.06493979401058621
473,129.2660675048828,155.3827362060547,153.5262451171875,60.337425231933594,0.34212547540664673,0.3589394688606262,0.51059889793396,0.26550784707069397,0.593190610408783,T040_010_040_010,0.010003579780459404,0.0017288860399276018,0.16549387574195862,0.0017288860399276018,0.05,179,51396,0.02767362600672653,0.23985356092453003,0.4000000059604645,0.04230296239256859,0.10000000149011612,0.21261321008205414,0.4000000059604645,0.0984208807349205,0.10000000149011612,frozen_mlp_surrogate_adjoint,900,900,900,700,58.44581460952759,58.44581460952759,0.06493979401058621
474,129.25775146484375,155.3922576904297,153.484130859375,60.336605072021484,0.3420677185058594,0.3591158986091614,0.5103064179420471,0.26549267768859863,0.5929895639419556,T040_010_040_010,0.01000358909368515,0.0017207141499966383,0.16565749049186707,0.0017207141499966383,0.05,58,51359,0.016461366445174753,0.23976197838783264,0.4000000059604645,0.04235631600022316,0.10000000149011612,0.2125777304172516,0.4000000059604645,0.09829351305961609,0.10000000149011612,frozen_mlp_surrogate_adjoint,900,900,900,700,58.44581460952759,58.44581460952759,0.06493979401058621
475,129.2594451904297,155.3483123779297,153.59609985351562,60.32537841796875,0.3420794606208801,0.3583019971847534,0.5110840797424316,0.2652847468852997,0.5933193564414978,T040_010_040_010,0.010003609582781792,0.0017341510392725468,0.16538915038108826,0.0017341510392725468,0.05,546,50424,0.049488316980414906,0.2401728630065918,0.4000000059604645,0.04209877550601959,0.10000000149011612,0.21263687312602997,0.4000000059604645,0.09841086715459824,0.10000000149011612,frozen_mlp_surrogate_adjoint,900,900,900,700,58.44581460952759,58.44581460952759,0.06493979401058621
476,129.27401733398438,155.333740234375,153.61053466796875,60.31959915161133,0.34218069911003113,0.35803210735321045,0.5111842155456543,0.26517778635025024,0.5934015512466431,T040_010_040_010,0.010003730654716492,0.0017376148607581854,0.16532230377197266,0.0017376148607581854,0.05,250,50574,0.03210617200464691,0.24044668674468994,0.4000000059604645,0.04204752668738365,0.10000000149011612,0.21254242956638336,0.4000000059604645,0.098364919424057,0.10000000149011612,frozen_mlp_surrogate_adjoint,900,900,900,700,58.44581460952759,58.44581460952759,0.06493979401058621
477,129.2167205810547,155.36044311523438,153.493408203125,60.3509521484375,0.341782808303833,0.35852673649787903,0.5103709101676941,0.26575833559036255,0.593159556388855,T040_010_040_010,0.010003799572587013,0.0017278415616601706,0.16551914811134338,0.0017278415616601706,0.05,127,50507,0.023294383657069446,0.24010229110717773,0.4000000059604645,0.04208802431821823,0.10000000149011612,0.21265214681625366,0.4000000059604645,0.09831710159778595,0.10000000149011612,frozen_mlp_surrogate_adjoint,900,900,900,700,58.44581460952759,58.44581460952759,0.06493979401058621
478,158.90658569335938,143.66220092773438,86.7881088256836,99.88693237304688,0.5479624271392822,0.14189250767230988,0.04713965207338333,0.9979062080383301,0.862373948097229,T040_010_040_010,0.010031375102698803,0.009084329009056091,0.01894092932343483,0.009084329009056091,0.05,357,50833,0.039784719005136436,0.2549892067909241,0.4000000059604645,0.1180582121014595,0.10000000149011612,0.28394126892089844,0.4000000059604645,0.2053852379322052,0.10000000149011612,frozen_mlp_surrogate_adjoint,900,900,900,700,58.44581460952759,58.44581460952759,0.06493979401058621
479,158.92320251464844,143.6607666015625,86.79474639892578,99.88058471679688,0.5480778217315674,0.14186611771583557,0.04718572273850441,0.997788667678833,0.8622543811798096,T040_010_040_010,0.010044130496680737,0.009095437824726105,0.018973855301737785,0.009095437824726105,0.05,328,50167,0.03817368657507566,0.25495445728302,0.4000000059604645,0.11813251674175262,0.10000000149011612,0.28376564383506775,0.4000000059604645,0.20540174841880798,0.10000000149011612,frozen_mlp_surrogate_adjoint,900,900,900,700,58.44581460952759,58.44581460952759,0.06493979401058621
480,80.03883361816406,154.2157440185547,86.5936279296875,47.296260833740234,0.00026967498706653714,0.33732861280441284,0.04578910395503044,0.024004802107810974,0.6541312336921692,T040_010_040_010,0.010086001828312874,0.004104740917682648,0.11962520331144333,0.004104740917682648,0.05,424,51425,0.043170680889394845,0.286835640668869,0.4000000059604645,0.06508947908878326,0.10000000149011612,0.19407665729522705,0.4000000059604645,0.10812942683696747,0.10000000149011612,frozen_mlp_surrogate_adjoint,900,900,900,700,58.44581460952759,58.44581460952759,0.06493979401058621
481,158.83834838867188,143.5936279296875,86.90153503417969,99.84156036376953,0.5474885702133179,0.14062285423278809,0.04792734980583191,0.9970659613609314,0.861722469329834,T040_010_040_010,0.010098873637616634,0.009142840281128883,0.019120674580335617,0.009142840281128883,0.05,414,50136,0.04258745800383274,0.25541213154792786,0.4000000059604645,0.11848565191030502,0.10000000149011612,0.28228700160980225,0.4000000059604645,0.20553770661354065,0.10000000149011612,frozen_mlp_surrogate_adjoint,900,900,900,700,58.44581460952759,58.44581460952759,0.06493979401058621
482,80.53301239013672,152.43820190429688,94.00773620605469,46.26386260986328,0.00370149128139019,0.30441102385520935,0.09727592766284943,0.004886317066848278,0.6504253149032593,T040_010_040_010,0.010113491676747799,0.004003368318080902,0.12220246344804764,0.004003368318080902,0.05,386,50587,0.04131903357412589,0.2775247097015381,0.4000000059604645,0.06389541923999786,0.10000000149011612,0.19576048851013184,0.4000000059604645,0.11324471980333328,0.10000000149011612,frozen_mlp_surrogate_adjoint,900,900,900,700,58.44581460952759,58.44581460952759,0.06493979401058621
483,80.88741302490234,152.4608612060547,94.39387512207031,46.02958297729492,0.006162599194794893,0.30483078956604004,0.09995745867490768,0.0005478420644067228,0.6490766406059265,T040_010_040_010,0.010124308988451958,0.003966948017477989,0.12314720451831818,0.003966948017477989,0.05,880,50467,0.06409114506095251,0.27702704071998596,0.4000000059604645,0.06370823085308075,0.10000000149011612,0.19563110172748566,0.4000000059604645,0.11271031200885773,0.10000000149011612,frozen_mlp_surrogate_adjoint,900,900,900,700,58.44581460952759,58.44581460952759,0.06493979401058621
484,80.1084213256836,154.11436462402344,86.80006408691406,47.37586975097656,0.0007529132417403162,0.33545130491256714,0.04722268506884575,0.025479068979620934,0.6537396311759949,T040_010_040_010,0.010126868262887001,0.004132055677473545,0.11989624053239822,0.004132055677473545,0.05,435,40,0.04377403862402816,0.2867811322212219,0.4000000059604645,0.06487403810024261,0.10000000149011612,0.1937994360923767,0.4000000059604645,0.10828500241041183,0.10000000149011612,frozen_mlp_surrogate_adjoint,900,900,900,700,58.44581460952759,58.44581460952759,0.06493979401058621
485,80.0476303100586,154.07972717285156,86.55352020263672,47.611026763916016,0.0003307604347355664,0.3348098695278168,0.045510537922382355,0.029833827167749405,0.6540236473083496,T040_010_040_010,0.010131103917956352,0.00414612190797925,0.1196996346116066,0.00414612190797925,0.05,596,50937,0.05137352107073563,0.2869752049446106,0.4000000059604645,0.06490637362003326,0.10000000149011612,0.19376231729984283,0.4000000059604645,0.10837981104850769,0.10000000149011612,frozen_mlp_surrogate_adjoint,900,900,900,700,58.44581460952759,58.44581460952759,0.06493979401058621
486,81.05409240722656,152.57589721679688,94.39442443847656,46.0118522644043,0.007320068310946226,0.30696120858192444,0.09996127337217331,0.00021949392976239324,0.6481963396072388,T040_010_040_010,0.010172680951654911,0.003984389826655388,0.12376581877470016,0.003984389826655388,0.05,672,51472,0.05483131322886695,0.2769782543182373,0.4000000059604645,0.06351448595523834,0.10000000149011612,0.1951933205127716,0.4000000059604645,0.1125103086233139,0.10000000149011612,frozen_mlp_surrogate_adjoint,900,900,900,700,58.44581460952759,58.44581460952759,0.06493979401058621
487,80.29751586914062,154.1921844482422,87.01262664794922,47.249027252197266,0.0020660560112446547,0.33689218759536743,0.048698779195547104,0.02313014306128025,0.6527313590049744,T040_010_040_010,0.010193411260843277,0.004163635428994894,0.12059550732374191,0.004163635428994894,0.05,814,50848,0.06069232382189883,0.2864951491355896,0.4000000059604645,0.06458746641874313,0.10000000149011612,0.1933058500289917,0.4000000059604645,0.10834290832281113,0.10000000149011612,frozen_mlp_surrogate_adjoint,900,900,900,700,58.44581460952759,58.44581460952759,0.06493979401058621
488,80.24807739257812,154.16098022460938,86.8056640625,47.486724853515625,0.0017227638745680451,0.33631443977355957,0.0472615621984005,0.027531929314136505,0.652916431427002,T040_010_040_010,0.010203015059232712,0.004179663956165314,0.12046700716018677,0.004179663956165314,0.05,409,51191,0.04232173344026116,0.28658783435821533,0.4000000059604645,0.06458906084299088,0.10000000149011612,0.19324232637882233,0.4000000059604645,0.10849723219871521,0.10000000149011612,frozen_mlp_surrogate_adjoint,900,900,900,700,58.44581460952759,58.44581460952759,0.06493979401058621
489,163.39874267578125,143.70144653320312,122.97245788574219,99.981201171875,0.5791579484939575,0.1426192820072174,0.29841986298561096,0.9996517896652222,0.7922600507736206,T040_010_040_010,0.01020710077136755,0.008049306459724903,0.043155886232852936,0.008049306459724903,0.05,827,50850,0.06127371357278139,0.24623148143291473,0.4000000059604645,0.09832575917243958,0.10000000149011612,0.26047074794769287,0.4000000059604645,0.18723204731941223,0.10000000149011612,frozen_mlp_surrogate_adjoint,900,900,900,700,58.44581460952759,58.44581460952759,0.06493979401058621
490,163.36630249023438,143.68695068359375,122.67645263671875,99.97361755371094,0.5789325833320618,0.1423509120941162,0.2963642477989197,0.9995113611221313,0.7926187515258789,T040_010_040_010,0.01022379845380783,0.00807344913482666,0.043006982654333115,0.00807344913482666,0.05,697,50984,0.05594656568151544,0.24641558527946472,0.4000000059604645,0.0983991026878357,0.10000000149011612,0.2603101134300232,0.4000000059604645,0.18749389052391052,0.10000000149011612,frozen_mlp_surrogate_adjoint,900,900,900,700,58.44581460952759,58.44581460952759,0.06493979401058621
491,80.49870300292969,153.5087890625,88.93668365478516,46.80827713012695,0.0034632275346666574,0.32423684000968933,0.06206029653549194,0.014968093484640121,0.6518853306770325,T040_010_040_010,0.01022404246032238,0.004164851736277342,0.12118382006883621,0.004164851736277342,0.05,426,51473,0.043314525689418515,0.2862488329410553,0.4000000059604645,0.06396274268627167,0.10000000149011612,0.19324137270450592,0.4000000059604645,0.10843243449926376,0.10000000149011612,frozen_mlp_surrogate_adjoint,900,900,900,700,58.44581460952759,58.44581460952759,0.06493979401058621
492,80.239990234375,154.13685607910156,86.65621948242188,47.683170318603516,0.001666602911427617,0.33586761355400085,0.04622374475002289,0.031169848516583443,0.6529076099395752,T040_010_040_010,0.010225484147667885,0.004201827570796013,0.12047312408685684,0.004201827570796013,0.05,582,50939,0.05095344494176119,0.2866669297218323,0.4000000059604645,0.06453247368335724,0.10000000149011612,0.1930786520242691,0.4000000059604645,0.10862956196069717,0.10000000149011612,frozen_mlp_surrogate_adjoint,900,900,900,700,58.44581460952759,58.44581460952759,0.06493979401058621
493,80.49229431152344,154.2017822265625,87.21009063720703,47.31233215332031,0.0034187359269708395,0.33707013726234436,0.05007007718086243,0.024302421137690544,0.6516175866127014,T040_010_040_010,0.010288173332810402,0.004219657275825739,0.12137030810117722,0.004219657275825739,0.05,684,50960,0.055262887259576815,0.28620147705078125,0.4000000059604645,0.06418715417385101,0.10000000149011612,0.19263145327568054,0.4000000059604645,0.10859745740890503,0.10000000149011612,frozen_mlp_surrogate_adjoint,900,900,900,700,58.44581460952759,58.44581460952759,0.06493979401058621
494,81.31732177734375,152.48912048339844,94.27543640136719,46.31222915649414,0.00914808176457882,0.3053540289402008,0.09913495182991028,0.005782041698694229,0.6465919017791748,T040_010_040_010,0.010376853868365288,0.00413198908790946,0.12489728629589081,0.00413198908790946,0.05,834,51286,0.061434820464265565,0.27871599793434143,0.4000000059604645,0.06266893446445465,0.10000000149011612,0.19329267740249634,0.4000000059604645,0.1119142547249794,0.10000000149011612,frozen_mlp_surrogate_adjoint,900,900,900,700,58.44581460952759,58.44581460952759,0.06493979401058621
495,104.89189147949219,146.26919555664062,147.55963134765625,66.45368957519531,0.17286032438278198,0.1901702731847763,0.46916404366493225,0.3787720203399658,0.6656724810600281,T040_010_040_010,0.01044051256030798,0.004851767793297768,0.11177489161491394,0.004851767793297768,0.05,372,50248,0.04066511968035164,0.3016292452812195,0.4000000059604645,-0.0024451911449432373,0.10000000149011612,0.2513117492198944,0.4000000059604645,0.11517666280269623,0.10000000149011612,frozen_mlp_surrogate_adjoint,900,900,900,700,58.44581460952759,58.44581460952759,0.06493979401058621
496,104.82456970214844,146.28846740722656,147.49200439453125,66.42288970947266,0.1723928451538086,0.19052711129188538,0.46869444847106934,0.3782016932964325,0.6644347310066223,T040_010_040_010,0.010440902784466743,0.004810699727386236,0.1126040518283844,0.004810699727386236,0.05,46,50844,0.01461891182570957,0.3008795380592346,0.4000000059604645,-0.0024838298559188843,0.10000000149011612,0.2515410780906677,0.4000000059604645,0.11449795961380005,0.10000000149011612,frozen_mlp_surrogate_adjoint,900,900,900,700,58.44581460952759,58.44581460952759,0.06493979401058621
497,104.86503601074219,146.28782653808594,147.51693725585938,66.44300079345703,0.17267388105392456,0.19051527976989746,0.46886757016181946,0.37857407331466675,0.6649564504623413,T040_010_040_010,0.010441185906529427,0.004828477278351784,0.11225418001413345,0.004828477278351784,0.05,39,50768,0.013641067407154556,0.30112224817276,0.4000000059604645,-0.0024569928646087646,0.10000000149011612,0.25143229961395264,0.4000000059604645,0.11485887318849564,0.10000000149011612,frozen_mlp_surrogate_adjoint,900,900,900,700,58.44581460952759,58.44581460952759,0.06493979401058621
498,105.98594665527344,146.6095428466797,147.26043701171875,66.61770629882812,0.1804579794406891,0.1964731067419052,0.4670863747596741,0.38180944323539734,0.6614460945129395,T040_010_040_010,0.010465639643371105,0.004734701942652464,0.11461874842643738,0.004734701942652464,0.05,337,51532,0.03889686708315667,0.2994101643562317,0.4000000059604645,-0.0013924241065979004,0.10000000149011612,0.24949371814727783,0.4000000059604645,0.11393463611602783,0.10000000149011612,frozen_mlp_surrogate_adjoint,900,900,900,700,58.44581460952759,58.44581460952759,0.06493979401058621
499,105.86613464355469,146.58270263671875,147.27926635742188,66.59915161132812,0.1796259582042694,0.19597606360912323,0.4672170877456665,0.3814657926559448,0.6616865992546082,T040_010_040_010,0.010465722531080246,0.004742925055325031,0.11445596069097519,0.004742925055325031,0.05,828,50890,0.06128569740697255,0.2994495630264282,0.4000000059604645,-0.0015276521444320679,0.10000000149011612,0.24973176419734955,0.4000000059604645,0.11403293162584305,0.10000000149011612,frozen_mlp_surrogate_adjoint,900,900,900,700,58.44581460952759,58.44581460952759,0.06493979401058621
500,136.32513427734375,159.300048828125,149.55996704101562,60.63834762573242,0.39114677906036377,0.4314824044704437,0.48305535316467285,0.27108052372932434,0.5847527980804443,T040_010_040_010,0.010863805189728737,0.002242293208837509,0.17243023216724396,0.002242293208837509,0.05,709,51082,0.056345889804120905,0.23151083290576935,0.4000000059604645,0.07105669379234314,0.10000000149011612,0.19105009734630585,0.4000000059604645,0.09113514423370361,0.10000000149011612,frozen_mlp_surrogate_adjoint,900,900,900,700,58.44581460952759,58.44581460952759,0.06493979401058621
501,136.38143920898438,159.312744140625,149.55178833007812,60.63842010498047,0.39153778553009033,0.43171754479408264,0.4829985201358795,0.2710818350315094,0.584628701210022,T040_010_040_010,0.010864045470952988,0.0022373793181031942,0.172533318400383,0.0022373793181031942,0.05,591,50530,0.05120988925411813,0.23162786662578583,0.4000000059604645,0.07123249769210815,0.10000000149011612,0.19092713296413422,0.4000000059604645,0.09084116667509079,0.10000000149011612,frozen_mlp_surrogate_adjoint,900,900,900,700,58.44581460952759,58.44581460952759,0.06493979401058621
502,136.32847595214844,159.3045196533203,149.5562744140625,60.63923645019531,0.391169935464859,0.4315652847290039,0.48302966356277466,0.27109697461128235,0.5846977829933167,T040_010_040_010,0.010864068754017353,0.0022402724716812372,0.1724759340286255,0.0022402724716812372,0.05,585,50638,0.05103741452338203,0.23147734999656677,0.4000000059604645,0.07108338177204132,0.10000000149011612,0.19104701280593872,0.4000000059604645,0.09109002351760864,0.10000000149011612,frozen_mlp_surrogate_adjoint,900,900,900,700,58.44581460952759,58.44581460952759,0.06493979401058621
503,136.37588500976562,159.3087158203125,149.55859375,60.635520935058594,0.39149919152259827,0.4316430389881134,0.4830457866191864,0.2710281312465668,0.584667980670929,T040_010_040_010,0.010864188894629478,0.0022391541860997677,0.17250068485736847,0.0022391541860997677,0.05,837,50043,0.061717746521874894,0.23163430392742157,0.4000000059604645,0.07120350003242493,0.10000000149011612,0.1909368932247162,0.4000000059604645,0.09089332073926926,0.10000000149011612,frozen_mlp_surrogate_adjoint,900,900,900,700,58.44581460952759,58.44581460952759,0.06493979401058621
504,136.33700561523438,159.30130004882812,149.56407165527344,60.63813018798828,0.3912292718887329,0.43150565028190613,0.4830838441848755,0.271076500415802,0.5847753286361694,T040_010_040_010,0.010864228010177612,0.0022436510771512985,0.17241153120994568,0.0022436510771512985,0.05,724,51312,0.05673110528764633,0.23154062032699585,0.4000000059604645,0.07108492404222488,0.10000000149011612,0.19102874398231506,0.4000000059604645,0.09112107753753662,0.10000000149011612,frozen_mlp_surrogate_adjoint,900,900,900,700,58.44581460952759,58.44581460952759,0.06493979401058621
505,136.31027221679688,159.29400634765625,149.56341552734375,60.6406364440918,0.3910435438156128,0.43137043714523315,0.48307928442955017,0.27112287282943726,0.5848467350006104,T040_010_040_010,0.010864228010177612,0.0022466157097369432,0.17235223948955536,0.0022466157097369432,0.05,633,51206,0.05312149171482979,0.23152023553848267,0.4000000059604645,0.07099679112434387,0.10000000149011612,0.19107364118099213,0.4000000059604645,0.09125610440969467,0.10000000149011612,frozen_mlp_surrogate_adjoint,900,900,900,700,58.44581460952759,58.44581460952759,0.06493979401058621
506,136.2825164794922,159.29827880859375,149.55291748046875,60.64118194580078,0.39085084199905396,0.43144968152046204,0.4830062985420227,0.2711330056190491,0.5847272872924805,T040_010_040_010,0.010864238254725933,0.002241667592898011,0.1724514216184616,0.002241667592898011,0.05,155,51342,0.026269626164873754,0.23135682940483093,0.4000000059604645,0.07095880806446075,0.10000000149011612,0.191139817237854,0.4000000059604645,0.0912717953324318,0.10000000149011612,frozen_mlp_surrogate_adjoint,900,900,900,700,58.44581460952759,58.44581460952759,0.06493979401058621
507,136.29104614257812,159.291015625,149.5605010986328,60.64173889160156,0.3909100592136383,0.4313151240348816,0.48305901885032654,0.2711433172225952,0.5848489999771118,T040_010_040_010,0.010864258743822575,0.0022467414382845163,0.17235034704208374,0.0022467414382845163,0.05,532,23,0.048932005344331925,0.2314782738685608,0.4000000059604645,0.0709453746676445,0.10000000149011612,0.19110709428787231,0.4000000059604645,0.091318279504776,0.10000000149011612,frozen_mlp_surrogate_adjoint,900,900,900,700,58.44581460952759,58.44581460952759,0.06493979401058621
508,136.34805297851562,159.30404663085938,149.5528564453125,60.64378356933594,0.3913058638572693,0.4315563440322876,0.48300597071647644,0.2711811661720276,0.5847434997558594,T040_010_040_010,0.010864261537790298,0.002242363290861249,0.17243796586990356,0.002242363290861249,0.05,751,51684,0.05753826221759237,0.23159778118133545,0.4000000059604645,0.07112251967191696,0.10000000149011612,0.1909867525100708,0.4000000059604645,0.09103646874427795,0.10000000149011612,frozen_mlp_surrogate_adjoint,900,900,900,700,58.44581460952759,58.44581460952759,0.06493979401058621
509,136.32577514648438,159.30014038085938,149.56573486328125,60.63572311401367,0.3911512494087219,0.4314841628074646,0.48309531807899475,0.27103191614151,0.5847564339637756,T040_010_040_010,0.010864268988370895,0.002242907416075468,0.1724272221326828,0.002242907416075468,0.05,689,50874,0.05556073715196427,0.23149710893630981,0.4000000059604645,0.07105673104524612,0.10000000149011612,0.1910528987646103,0.4000000059604645,0.0911497101187706,0.10000000149011612,frozen_mlp_surrogate_adjoint,900,900,900,700,58.44581460952759,58.44581460952759,0.06493979401058621
510,136.34146118164062,159.30731201171875,149.54893493652344,60.640892028808594,0.39126020669937134,0.43161675333976746,0.4829787015914917,0.2711276412010193,0.5846600532531738,T040_010_040_010,0.01086427178233862,0.002238907851278782,0.17250727117061615,0.002238907851278782,0.05,165,50892,0.026924662305772815,0.23152479529380798,0.4000000059604645,0.07112418115139008,0.10000000149011612,0.1910061538219452,0.4000000059604645,0.09100493788719177,0.10000000149011612,frozen_mlp_surrogate_adjoint,900,900,900,700,58.44581460952759,58.44581460952759,0.06493979401058621
511,136.3203125,159.2985076904297,149.55526733398438,60.64281463623047,0.3911132514476776,0.4314539432525635,0.4830227494239807,0.2711632251739502,0.5847805142402649,T040_010_040_010,0.010864273644983768,0.002243911614641547,0.17240722477436066,0.002243911614641547,0.05,742,51037,0.05737689364121702,0.231532022356987,0.4000000059604645,0.07104003429412842,0.10000000149011612,0.19104509055614471,0.4000000059604645,0.09116333723068237,0.10000000149011612,frozen_mlp_surrogate_adjoint,900,900,900,700,58.44581460952759,58.44581460952759,0.06493979401058621
512,136.30410766601562,159.29592895507812,149.56256103515625,60.63715362548828,0.39100080728530884,0.4314061999320984,0.48307332396507263,0.27105841040611267,0.5847715139389038,T040_010_040_010,0.010864277370274067,0.0022435428109019995,0.17241469025611877,0.0022435428109019995,0.05,412,51027,0.04257876488670854,0.23146095871925354,0.4000000059604645,0.07099509239196777,0.10000000149011612,0.19108858704566956,0.4000000059604645,0.09122685343027115,0.10000000149011612,frozen_mlp_surrogate_adjoint,900,900,900,700,58.44581460952759,58.44581460952759,0.06493979401058621
513,136.3681182861328,159.30874633789062,149.55584716796875,60.64034652709961,0.3914452791213989,0.4316434860229492,0.48302677273750305,0.27111753821372986,0.5846974849700928,T040_010_040_010,0.010864296928048134,0.002240487840026617,0.1724761724472046,0.002240487840026617,0.05,705,51482,0.05624029217856605,0.23161347210407257,0.4000000059604645,0.07118520140647888,0.10000000149011612,0.19095511734485626,0.4000000059604645,0.09094370156526566,0.10000000149011612,frozen_mlp_surrogate_adjoint,900,900,900,700,58.44581460952759,58.44581460952759,0.06493979401058621
514,136.36685180664062,159.30731201171875,149.56431579589844,60.634483337402344,0.3914364278316498,0.43161675333976746,0.4830855131149292,0.2710089087486267,0.5847009420394897,T040_010_040_010,0.010864302515983582,0.0022406363859772682,0.17247331142425537,0.0022406363859772682,0.05,290,51578,0.035579672856406425,0.2315962314605713,0.4000000059604645,0.0711749792098999,0.10000000149011612,0.19096626341342926,0.4000000059604645,0.0909634679555893,0.10000000149011612,frozen_mlp_surrogate_adjoint,900,900,900,700,58.44581460952759,58.44581460952759,0.06493979401058621
515,136.3447265625,159.30581665039062,149.55108642578125,60.63885498046875,0.391282856464386,0.43158918619155884,0.48299360275268555,0.2710898816585541,0.5846691131591797,T040_010_040_010,0.01086430624127388,0.002239318797364831,0.17249974608421326,0.002239318797364831,0.05,787,51026,0.05906340957593977,0.23154990375041962,0.4000000059604645,0.07112573087215424,0.10000000149011612,0.19099530577659607,0.4000000059604645,0.09099814295768738,0.10000000149011612,frozen_mlp_surrogate_adjoint,900,900,900,700,58.44581460952759,58.44581460952759,0.06493979401058621
516,136.3103485107422,159.30215454101562,149.55587768554688,60.637908935546875,0.3910440504550934,0.43152135610580444,0.4830268919467926,0.2710724174976349,0.5846881866455078,T040_010_040_010,0.0108643164858222,0.002240121364593506,0.1724839061498642,0.002240121364593506,0.05,573,51054,0.05058405654117754,0.23142513632774353,0.4000000059604645,0.07103535532951355,0.10000000149011612,0.19108019769191742,0.4000000059604645,0.09114748239517212,0.10000000149011612,frozen_mlp_surrogate_adjoint,900,900,900,700,58.44581460952759,58.44581460952759,0.06493979401058621
517,136.36502075195312,159.3152313232422,149.55172729492188,60.637908935546875,0.3914237916469574,0.4317636489868164,0.4829980731010437,0.2710723876953125,0.584580659866333,T040_010_040_010,0.010864386335015297,0.002235724125057459,0.17257322371006012,0.002235724125057459,0.05,807,50562,0.060543767428587664,0.2315143346786499,0.4000000059604645,0.07120854407548904,0.10000000149011612,0.19097471237182617,0.4000000059604645,0.0908830463886261,0.10000000149011612,frozen_mlp_surrogate_adjoint,900,900,900,700,58.44581460952759,58.44581460952759,0.06493979401058621
518,136.37583923339844,159.30711364746094,149.5530242919922,60.64171600341797,0.391498863697052,0.4316132366657257,0.48300713300704956,0.2711429297924042,0.5847161412239075,T040_010_040_010,0.010864391922950745,0.0022413574624806643,0.17246069014072418,0.0022413574624806643,0.05,67,51130,0.01728905628795778,0.2316829413175583,0.4000000059604645,0.07119610160589218,0.10000000149011612,0.19092251360416412,0.4000000059604645,0.09091460704803467,0.10000000149011612,frozen_mlp_surrogate_adjoint,900,900,900,700,58.44581460952759,58.44581460952759,0.06493979401058621
519,136.32867431640625,159.302734375,149.55636596679688,60.63726806640625,0.39117133617401123,0.4315320551395416,0.4830303192138672,0.2710604965686798,0.5846930742263794,T040_010_040_010,0.010864397510886192,0.00224040518514812,0.17247983813285828,0.00224040518514812,0.05,650,51274,0.053697612802378836,0.23150143027305603,0.4000000059604645,0.07107773423194885,0.10000000149011612,0.19103358685970306,0.4000000059604645,0.09108032286167145,0.10000000149011612,frozen_mlp_surrogate_adjoint,900,900,900,700,58.44581460952759,58.44581460952759,0.06493979401058621
520,136.32858276367188,159.30299377441406,149.54916381835938,60.64330291748047,0.3911706805229187,0.4315369427204132,0.48298028111457825,0.27117225527763367,0.5847156643867493,T040_010_040_010,0.010864488780498505,0.0022414345294237137,0.17246107757091522,0.0022414345294237137,0.05,845,50698,0.06199554256252382,0.2315274178981781,0.4000000059604645,0.07107800245285034,0.10000000149011612,0.19102439284324646,0.4000000059604645,0.09108585119247437,0.10000000149011612,frozen_mlp_surrogate_adjoint,900,900,900,700,58.44581460952759,58.44581460952759,0.06493979401058621
521,136.3199920654297,159.29722595214844,149.55419921875,60.64388656616211,0.3911110758781433,0.43143007159233093,0.4830152988433838,0.2711830735206604,0.5847968459129333,T040_010_040_010,0.010864492505788803,0.002244808943942189,0.17239366471767426,0.002244808943942189,0.05,789,50317,0.05909402305964882,0.23155349493026733,0.4000000059604645,0.07103434950113297,0.10000000149011612,0.1910373866558075,0.4000000059604645,0.09117159992456436,0.10000000149011612,frozen_mlp_surrogate_adjoint,900,900,900,700,58.44581460952759,58.44581460952759,0.06493979401058621
522,136.4100341796875,159.31533813476562,149.55105590820312,60.635955810546875,0.39173635840415955,0.4317654073238373,0.4829935133457184,0.27103617787361145,0.5845955610275269,T040_010_040_010,0.010864505544304848,0.0022364635951817036,0.17256084084510803,0.0022364635951817036,0.05,668,50235,0.05459459668151907,0.23172560334205627,0.4000000059604645,0.07130688428878784,0.10000000149011612,0.1908535361289978,0.4000000059604645,0.09070955216884613,0.10000000149011612,frozen_mlp_surrogate_adjoint,900,900,900,700,58.44581460952759,58.44581460952759,0.06493979401058621
523,136.33753967285156,159.30462646484375,149.55694580078125,60.64178466796875,0.3912329375743866,0.4315671920776367,0.4830343425273895,0.27114415168762207,0.5847300887107849,T040_010_040_010,0.010864523239433765,0.002242067828774452,0.17244909703731537,0.002242067828774452,0.05,856,51581,0.06249931418681342,0.23152413964271545,0.4000000059604645,0.07110229879617691,0.10000000149011612,0.19102157652378082,0.4000000059604645,0.09108210355043411,0.10000000149011612,frozen_mlp_surrogate_adjoint,900,900,900,700,58.44581460952759,58.44581460952759,0.06493979401058621
524,136.35833740234375,159.3094940185547,149.55276489257812,60.64274215698242,0.3913773000240326,0.43165725469589233,0.4830053448677063,0.27116188406944275,0.5846821069717407,T040_010_040_010,0.01086461078375578,0.0022401621099561453,0.1724889576435089,0.0022401621099561453,0.05,240,51721,0.03149953120738671,0.23156984150409698,0.4000000059604645,0.07116848230361938,0.10000000149011612,0.19097426533699036,0.4000000059604645,0.09096954762935638,0.10000000149011612,frozen_mlp_surrogate_adjoint,900,900,900,700,58.44581460952759,58.44581460952759,0.06493979401058621
525,136.31048583984375,159.2935791015625,149.55850219726562,60.64558792114258,0.39104506373405457,0.43136247992515564,0.48304519057273865,0.2712146043777466,0.5848699808120728,T040_010_040_010,0.010864611715078354,0.0022479649633169174,0.17233292758464813,0.0022479649633169174,0.05,701,51109,0.056082363547776286,0.2315520942211151,0.4000000059604645,0.07099538296461105,0.10000000149011612,0.19105960428714752,0.4000000059604645,0.09126287698745728,0.10000000149011612,frozen_mlp_surrogate_adjoint,900,900,900,700,58.44581460952759,58.44581460952759,0.06493979401058621
526,136.3443603515625,159.3130645751953,149.54116821289062,60.642887115478516,0.39128032326698303,0.4317234754562378,0.48292475938796997,0.27116456627845764,0.5845826864242554,T040_010_040_010,0.010864629410207272,0.0022360526490956545,0.17257153987884521,0.0022360526490956545,0.05,887,50533,0.06450384240880784,0.23148509860038757,0.4000000059604645,0.07115577161312103,0.10000000149011612,0.19100016355514526,0.4000000059604645,0.09094163775444031,0.10000000149011612,frozen_mlp_surrogate_adjoint,900,900,900,700,58.44581460952759,58.44581460952759,0.06493979401058621
527,136.34022521972656,159.31466674804688,149.5446319580078,60.639427185058594,0.3912515640258789,0.4317529797554016,0.48294883966445923,0.2711004912853241,0.5845453143119812,T040_010_040_010,0.010864630341529846,0.0022345012985169888,0.1726025938987732,0.0022345012985169888,0.05,353,51069,0.03945379732233174,0.2314271479845047,0.4000000059604645,0.0711541473865509,0.10000000149011612,0.19102123379707336,0.4000000059604645,0.09094274789094925,0.10000000149011612,frozen_mlp_surrogate_adjoint,900,900,900,700,58.44581460952759,58.44581460952759,0.06493979401058621
528,136.36166381835938,159.31431579589844,149.5516357421875,60.635231018066406,0.39140042662620544,0.43174663186073303,0.48299750685691833,0.271022766828537,0.584553599357605,T040_010_040_010,0.010864651761949062,0.0022348661441355944,0.17259570956230164,0.0022348661441355944,0.05,852,50102,0.06226873179488096,0.23151230812072754,0.4000000059604645,0.07119844853878021,0.10000000149011612,0.19097144901752472,0.4000000059604645,0.0908714160323143,0.10000000149011612,frozen_mlp_surrogate_adjoint,900,900,900,700,58.44581460952759,58.44581460952759,0.06493979401058621
529,136.37811279296875,159.30059814453125,149.5640869140625,60.63511657714844,0.3915146291255951,0.43149250745773315,0.48308396339416504,0.27102071046829224,0.5847823619842529,T040_010_040_010,0.010864678770303726,0.002244394039735198,0.1724056899547577,0.002244394039735198,0.05,661,50831,0.053966161137466946,0.23173978924751282,0.4000000059604645,0.07117338478565216,0.10000000149011612,0.19091057777404785,0.4000000059604645,0.09095857292413712,0.10000000149011612,frozen_mlp_surrogate_adjoint,900,900,900,700,58.44581460952759,58.44581460952759,0.06493979401058621
530,136.36476135253906,159.3149871826172,149.55819702148438,60.63542175292969,0.39142194390296936,0.4317591190338135,0.4830430746078491,0.2710263133049011,0.5845831036567688,T040_010_040_010,0.010864699259400368,0.0022361385636031628,0.17257119715213776,0.0022361385636031628,0.05,749,51658,0.057480722845919256,0.23149773478507996,0.4000000059604645,0.07120674848556519,0.10000000149011612,0.19098040461540222,0.4000000059604645,0.09089819341897964,0.10000000149011612,frozen_mlp_surrogate_adjoint,900,900,900,700,58.44581460952759,58.44581460952759,0.06493979401058621
531,136.40457153320312,159.32659912109375,149.54119873046875,60.637882232666016,0.3916984498500824,0.43197396397590637,0.4829249978065491,0.2710718810558319,0.5844456553459167,T040_010_040_010,0.010864708572626114,0.002230437472462654,0.1726854145526886,0.002230437472462654,0.05,579,50061,0.05082755931730627,0.23157566785812378,0.4000000059604645,0.07134327292442322,0.10000000149011612,0.1908866912126541,0.4000000059604645,0.09064000844955444,0.10000000149011612,frozen_mlp_surrogate_adjoint,900,900,900,700,58.44581460952759,58.44581460952759,0.06493979401058621
532,136.30990600585938,159.3065185546875,149.55682373046875,60.63929748535156,0.3910410404205322,0.4316021502017975,0.4830334484577179,0.2710980772972107,0.5846590995788574,T040_010_040_010,0.010864713229238987,0.002239309949800372,0.17250806093215942,0.002239309949800372,0.05,586,51664,0.05109405802402099,0.23136001825332642,0.4000000059604645,0.07105298340320587,0.10000000149011612,0.1910974085330963,0.4000000059604645,0.0911487266421318,0.10000000149011612,frozen_mlp_surrogate_adjoint,900,900,900,700,58.44581460952759,58.44581460952759,0.06493979401058621
533,136.30300903320312,159.3005828857422,149.56515502929688,60.634674072265625,0.3909931182861328,0.43149223923683167,0.48309141397476196,0.27101248502731323,0.5847048759460449,T040_010_040_010,0.010864722542464733,0.0022412205580621958,0.17247003316879272,0.0022412205580621958,0.05,824,50654,0.061126019569211085,0.23138582706451416,0.4000000059604645,0.0710119903087616,0.10000000149011612,0.19110387563705444,0.4000000059604645,0.09120316058397293,0.10000000149011612,frozen_mlp_surrogate_adjoint,900,900,900,700,58.44581460952759,58.44581460952759,0.06493979401058621
534,136.3488311767578,159.2914581298828,149.57447814941406,60.63542556762695,0.3913113474845886,0.431323379278183,0.48315608501434326,0.2710264027118683,0.5849248170852661,T040_010_040_010,0.01086472813040018,0.002250357298180461,0.17228740453720093,0.002250357298180461,0.05,826,51111,0.06117968573859916,0.23169954121112823,0.4000000059604645,0.07106626033782959,0.10000000149011612,0.19098049402236938,0.4000000059604645,0.09117850661277771,0.10000000149011612,frozen_mlp_surrogate_adjoint,900,900,900,700,58.44581460952759,58.44581460952759,0.06493979401058621
535,136.40623474121094,159.3197479248047,149.55381774902344,60.63850021362305,0.39170995354652405,0.43184730410575867,0.4830126464366913,0.27108335494995117,0.5845848917961121,T040_010_040_010,0.010864737443625927,0.002236251952126622,0.17256970703601837,0.002236251952126622,0.05,437,51662,0.04391135150224035,0.2316456139087677,0.4000000059604645,0.07131476700305939,0.10000000149011612,0.19088424742221832,0.4000000059604645,0.09074024856090546,0.10000000149011612,frozen_mlp_surrogate_adjoint,900,900,900,700,58.44581460952759,58.44581460952759,0.06493979401058621
536,136.31509399414062,159.30577087402344,149.54684448242188,60.64435958862305,0.3910770118236542,0.4315883219242096,0.4829641282558441,0.27119186520576477,0.5846725106239319,T040_010_040_010,0.01086476631462574,0.0022399197332561016,0.17249692976474762,0.0022399197332561016,0.05,501,51133,0.0474135599842603,0.23143370449543,0.4000000059604645,0.07106104493141174,0.10000000149011612,0.19106268882751465,0.4000000059604645,0.0911150574684143,0.10000000149011612,frozen_mlp_surrogate_adjoint,900,900,900,700,58.44581460952759,58.44581460952759,0.06493979401058621
537,136.3948516845703,159.32034301757812,149.54446411132812,60.641517639160156,0.39163094758987427,0.4318581223487854,0.4829477369785309,0.2711392045021057,0.5845499038696289,T040_010_040_010,0.010864793322980404,0.0022348538041114807,0.17259877920150757,0.0022348538041114807,0.05,251,51013,0.03211059225807287,0.23161476850509644,0.4000000059604645,0.07129446417093277,0.10000000149011612,0.19089746475219727,0.4000000059604645,0.09074321389198303,0.10000000149011612,frozen_mlp_surrogate_adjoint,900,900,900,700,58.44581460952759,58.44581460952759,0.06493979401058621
538,136.29507446289062,159.30506896972656,149.5499725341797,60.64178466796875,0.3909379541873932,0.4315752685070038,0.4829859435558319,0.27114418148994446,0.5846539735794067,T040_010_040_010,0.010864793322980404,0.0022391772363334894,0.17251232266426086,0.0022391772363334894,0.05,451,51237,0.044581086274113,0.23133286833763123,0.4000000059604645,0.07101555913686752,0.10000000149011612,0.19111846387386322,0.4000000059604645,0.09118707478046417,0.10000000149011612,frozen_mlp_surrogate_adjoint,900,900,900,700,58.44581460952759,58.44581460952759,0.06493979401058621
539,136.28782653808594,159.30247497558594,149.5483856201172,60.63957977294922,0.39088770747184753,0.43152719736099243,0.48297491669654846,0.2711033225059509,0.5846438407897949,T040_010_040_010,0.010864798910915852,0.002238761866465211,0.1725207418203354,0.002238761866465211,0.05,163,50048,0.026915256662270504,0.23133748769760132,0.4000000059604645,0.07099011540412903,0.10000000149011612,0.19112135469913483,0.4000000059604645,0.09119486063718796,0.10000000149011612,frozen_mlp_surrogate_adjoint,900,900,900,700,58.44581460952759,58.44581460952759,0.06493979401058621
540,136.33413696289062,159.2958526611328,149.5614013671875,60.635990142822266,0.39120933413505554,0.43140456080436707,0.48306527733802795,0.27103686332702637,0.5847761034965515,T040_010_040_010,0.010864832438528538,0.002244287868961692,0.17241089046001434,0.002244287868961692,0.05,265,50168,0.03366283171844979,0.2316056489944458,0.4000000059604645,0.07106174528598785,0.10000000149011612,0.19099941849708557,0.4000000059604645,0.09110928326845169,0.10000000149011612,frozen_mlp_surrogate_adjoint,900,900,900,700,58.44581460952759,58.44581460952759,0.06493979401058621
541,136.32626342773438,159.2964324951172,149.55250549316406,60.6486701965332,0.3911546468734741,0.4314154088497162,0.48300352692604065,0.27127164602279663,0.5848468542098999,T040_010_040_010,0.010864843614399433,0.0022472364362329245,0.172352135181427,0.0022472364362329245,0.05,519,24,0.04833911755120634,0.23161107301712036,0.4000000059604645,0.07104270160198212,0.10000000149011612,0.1910136342048645,0.4000000059604645,0.09117941558361053,0.10000000149011612,frozen_mlp_surrogate_adjoint,900,900,900,700,58.44581460952759,58.44581460952759,0.06493979401058621
542,136.38973999023438,159.3044891357422,149.56788635253906,60.632896423339844,0.3915954828262329,0.43156471848487854,0.48311033844947815,0.27097952365875244,0.5847532749176025,T040_010_040_010,0.010864879935979843,0.002243387047201395,0.17242984473705292,0.002243387047201395,0.05,381,51561,0.041068020286207464,0.23173171281814575,0.4000000059604645,0.0712125301361084,0.10000000149011612,0.19089746475219727,0.4000000059604645,0.09091153740882874,0.10000000149011612,frozen_mlp_surrogate_adjoint,900,900,900,700,58.44581460952759,58.44581460952759,0.06493979401058621
543,136.272705078125,159.29489135742188,149.55056762695312,60.64714813232422,0.3907826840877533,0.43138688802719116,0.4829901158809662,0.27124351263046265,0.5847933292388916,T040_010_040_010,0.010864882729947567,0.0022450536489486694,0.17239658534526825,0.0022450536489486694,0.05,307,50510,0.0368202564127357,0.2313770055770874,0.4000000059604645,0.07092280685901642,0.10000000149011612,0.19114544987678528,0.4000000059604645,0.09134809672832489,0.10000000149011612,frozen_mlp_surrogate_adjoint,900,900,900,700,58.44581460952759,58.44581460952759,0.06493979401058621
544,136.34320068359375,159.28871154785156,149.579345703125,60.634544372558594,0.3912722170352936,0.4312724471092224,0.4831899106502533,0.27101007103919983,0.584970235824585,T040_010_040_010,0.010864890180528164,0.002252404810860753,0.1722497045993805,0.002252404810860753,0.05,604,51053,0.05169881744584411,0.23169711232185364,0.4000000059604645,0.07104045152664185,0.10000000149011612,0.19099459052085876,0.4000000059604645,0.09123806655406952,0.10000000149011612,frozen_mlp_surrogate_adjoint,900,900,900,700,58.44581460952759,58.44581460952759,0.06493979401058621
545,136.3153076171875,159.30715942382812,149.54461669921875,60.645057678222656,0.39107847213745117,0.4316140115261078,0.48294878005981445,0.27120473980903625,0.5846531987190247,T040_010_040_010,0.010864928364753723,0.0022392808459699154,0.1725129634141922,0.0022392808459699154,0.05,284,50164,0.03528824449642544,0.23142316937446594,0.4000000059604645,0.07106775045394897,0.10000000149011612,0.1910611242055893,0.4000000059604645,0.09110116958618164,0.10000000149011612,frozen_mlp_surrogate_adjoint,900,900,900,700,58.44581460952759,58.44581460952759,0.06493979401058621
546,136.30409240722656,159.2967529296875,149.5474853515625,60.64665603637695,0.3910006582736969,0.4314214885234833,0.48296868801116943,0.271234393119812,0.5847801566123962,T040_010_040_010,0.010864950716495514,0.0022445740178227425,0.17240752279758453,0.0022445740178227425,0.05,617,51547,0.05255071373234949,0.23150818049907684,0.4000000059604645,0.07099947333335876,0.10000000149011612,0.19106081128120422,0.4000000059604645,0.09121169149875641,0.10000000149011612,frozen_mlp_surrogate_adjoint,900,900,900,700,58.44581460952759,58.44581460952759,0.06493979401058621
547,136.3328857421875,159.30055236816406,149.55404663085938,60.647315979003906,0.39120057225227356,0.4314916133880615,0.48301419615745544,0.2712465524673462,0.5848061442375183,T040_010_040_010,0.010864963755011559,0.002245667390525341,0.17238593101501465,0.002245667390525341,0.05,718,50345,0.05654830313113586,0.23157939314842224,0.4000000059604645,0.07107378542423248,0.10000000149011612,0.1910121738910675,0.4000000059604645,0.09114078432321548,0.10000000149011612,frozen_mlp_surrogate_adjoint,900,900,900,700,58.44581460952759,58.44581460952759,0.06493979401058621
548,136.35079956054688,159.2891387939453,149.57754516601562,60.63545227050781,0.3913249969482422,0.43128037452697754,0.4831773340702057,0.2710268795490265,0.5849704742431641,T040_010_040_010,0.010864964686334133,0.0022524893283843994,0.17224951088428497,0.0022524893283843994,0.05,485,50980,0.04669025716985706,0.23173359036445618,0.4000000059604645,0.07105918228626251,0.10000000149011612,0.19097211956977844,0.4000000059604645,0.09120558202266693,0.10000000149011612,frozen_mlp_surrogate_adjoint,900,900,900,700,58.44581460952759,58.44581460952759,0.06493979401058621
549,136.3061065673828,159.28517150878906,149.5616455078125,60.64055633544922,0.3910146653652191,0.43120691180229187,0.48306703567504883,0.27112141251564026,0.5849107503890991,T040_010_040_010,0.01086497027426958,0.0022500159684568644,0.1722990870475769,0.0022500159684568644,0.05,732,51560,0.05698913408256336,0.23162347078323364,0.4000000059604645,0.07095608115196228,0.10000000149011612,0.19104062020778656,0.4000000059604645,0.09129060804843903,0.10000000149011612,frozen_mlp_surrogate_adjoint,900,900,900,700,58.44581460952759,58.44581460952759,0.06493979401058621
550,136.31753540039062,159.310546875,149.533447265625,60.647247314453125,0.39109402894973755,0.4316767752170563,0.48287123441696167,0.2712453007698059,0.584588885307312,T040_010_040_010,0.01086503267288208,0.002236712258309126,0.17256639897823334,0.002236712258309126,0.05,892,51079,0.06468883825197166,0.23142234981060028,0.4000000059604645,0.0710882693529129,0.10000000149011612,0.191044420003891,0.4000000059604645,0.09103383868932724,0.10000000149011612,frozen_mlp_surrogate_adjoint,900,900,900,700,58.44581460952759,58.44581460952759,0.06493979401058621
551,136.33828735351562,159.3013153076172,149.54629516601562,60.651771545410156,0.39123809337615967,0.4315059185028076,0.4829603433609009,0.2713291049003601,0.5848007202148438,T040_010_040_010,0.010865048505365849,0.002245526062324643,0.17239044606685638,0.002245526062324643,0.05,822,50017,0.06104443226853577,0.2316252738237381,0.4000000059604645,0.07108978927135468,0.10000000149011612,0.1909850537776947,0.4000000059604645,0.09110061824321747,0.10000000149011612,frozen_mlp_surrogate_adjoint,900,900,900,700,58.44581460952759,58.44581460952759,0.06493979401058621
552,136.36947631835938,159.30470275878906,149.56326293945312,60.6325569152832,0.39145463705062866,0.43156853318214417,0.4830781817436218,0.2709732949733734,0.5846874117851257,T040_010_040_010,0.01086505688726902,0.0022408287040889263,0.17248454689979553,0.0022408287040889263,0.05,817,51144,0.06077952351797217,0.23164600133895874,0.4000000059604645,0.07117432355880737,0.10000000149011612,0.1909344494342804,0.4000000059604645,0.09093264490365982,0.10000000149011612,frozen_mlp_surrogate_adjoint,900,900,900,700,58.44581460952759,58.44581460952759,0.06493979401058621
553,136.3053436279297,159.3065948486328,149.53729248046875,60.64200973510742,0.39100930094718933,0.43160372972488403,0.4828978478908539,0.27114832401275635,0.5845890045166016,T040_010_040_010,0.010865060612559319,0.0022367448545992374,0.17256629467010498,0.0022367448545992374,0.05,159,51571,0.026580343330365307,0.23139506578445435,0.4000000059604645,0.0710475742816925,0.10000000149011612,0.1910676807165146,0.4000000059604645,0.0910787284374237,0.10000000149011612,frozen_mlp_surrogate_adjoint,900,900,900,700,58.44581460952759,58.44581460952759,0.06493979401058621
554,136.40621948242188,159.30712890625,149.56201171875,60.64194107055664,0.3917098641395569,0.431613564491272,0.48306959867477417,0.27114707231521606,0.584809422492981,T040_010_040_010,0.010865082032978535,0.0022459207102656364,0.17238321900367737,0.0022459207102656364,0.05,626,50394,0.052819416979490816,0.23180866241455078,0.4000000059604645,0.07125446200370789,0.10000000149011612,0.1908586323261261,0.4000000059604645,0.09088766574859619,0.10000000149011612,frozen_mlp_surrogate_adjoint,900,900,900,700,58.44581460952759,58.44581460952759,0.06493979401058621
555,136.35107421875,159.29446411132812,149.55918884277344,60.643524169921875,0.3913268744945526,0.4313789904117584,0.4830498993396759,0.27117639780044556,0.584876537322998,T040_010_040_010,0.010865090414881706,0.00224871514365077,0.17232748866081238,0.00224871514365077,0.05,513,50165,0.04817340200995039,0.2317267209291458,0.4000000059604645,0.07108815014362335,0.10000000149011612,0.19095085561275482,0.4000000059604645,0.09111079573631287,0.10000000149011612,frozen_mlp_surrogate_adjoint,900,900,900,700,58.44581460952759,58.44581460952759,0.06493979401058621
556,136.45327758789062,159.3166046142578,149.56576538085938,60.63084411621094,0.39203667640686035,0.4317890703678131,0.48309558629989624,0.2709415853023529,0.5846564769744873,T040_010_040_010,0.010865138843655586,0.0022396272979676723,0.17251023650169373,0.0022396272979676723,0.05,327,50738,0.03815345849952961,0.2318708896636963,0.4000000059604645,0.07139942049980164,0.10000000149011612,0.19076769053936005,0.4000000059604645,0.09061850607395172,0.10000000149011612,frozen_mlp_surrogate_adjoint,900,900,900,700,58.44581460952759,58.44581460952759,0.06493979401058621
557,136.32553100585938,159.30355834960938,149.539794921875,60.651729583740234,0.3911495804786682,0.43154722452163696,0.4829151928424835,0.27132830023765564,0.584736704826355,T040_010_040_010,0.01086514350026846,0.0022429635282605886,0.17244359850883484,0.0022429635282605886,0.05,269,50064,0.03400417042371712,0.23155079782009125,0.4000000059604645,0.07107330113649368,0.10000000149011612,0.19101238250732422,0.4000000059604645,0.09110023826360703,0.10000000149011612,frozen_mlp_surrogate_adjoint,900,900,900,700,58.44581460952759,58.44581460952759,0.06493979401058621
558,136.288330078125,159.3063507080078,149.54705810546875,60.64344024658203,0.3908911943435669,0.43159908056259155,0.48296570777893066,0.271174818277359,0.5846338272094727,T040_010_040_010,0.010865190997719765,0.0022387381177395582,0.17252905666828156,0.0022387381177395582,0.05,644,50728,0.05342100178085978,0.23129472136497498,0.4000000059604645,0.0710071548819542,0.10000000149011612,0.19113154709339142,0.4000000059604645,0.09120038151741028,0.10000000149011612,frozen_mlp_surrogate_adjoint,900,900,900,700,58.44581460952759,58.44581460952759,0.06493979401058621
559,136.27716064453125,159.28836059570312,149.57684326171875,60.63337326049805,0.3908136785030365,0.43126606941223145,0.48317256569862366,0.2709883749485016,0.5848668217658997,T040_010_040_010,0.01086521614342928,0.0022484378423541784,0.17233555018901825,0.0022484378423541784,0.05,242,50288,0.03161187059679921,0.23139937222003937,0.4000000059604645,0.07090075314044952,0.10000000149011612,0.19115038216114044,0.4000000059604645,0.09141629934310913,0.10000000149011612,frozen_mlp_surrogate_adjoint,900,900,900,700,58.44581460952759,58.44581460952759,0.06493979401058621
560,136.25962829589844,159.30734252929688,149.52862548828125,60.645267486572266,0.3906918466091156,0.43161740899086,0.4828377068042755,0.27120864391326904,0.5845345854759216,T040_010_040_010,0.010865218006074429,0.002234642393887043,0.17261150479316711,0.002234642393887043,0.05,619,51729,0.052594233425126445,0.23119708895683289,0.4000000059604645,0.07095269858837128,0.10000000149011612,0.1911749541759491,0.4000000059604645,0.09120988100767136,0.10000000149011612,frozen_mlp_surrogate_adjoint,900,900,900,700,58.44581460952759,58.44581460952759,0.06493979401058621
561,136.38987731933594,159.30841064453125,149.56396484375,60.63117599487305,0.39159634709358215,0.43163710832595825,0.4830830693244934,0.2709476947784424,0.5846574902534485,T040_010_040_010,0.010865245945751667,0.002239776076748967,0.17250940203666687,0.002239776076748967,0.05,410,51232,0.042435069238646615,0.23168958723545074,0.4000000059604645,0.0712333470582962,0.10000000149011612,0.19089239835739136,0.4000000059604645,0.09084215760231018,0.10000000149011612,frozen_mlp_surrogate_adjoint,900,900,900,700,58.44581460952759,58.44581460952759,0.06493979401058621
562,136.4386444091797,159.30628967285156,149.56878662109375,60.63215637207031,0.3919350504875183,0.43159788846969604,0.4831165671348572,0.2709658741950989,0.5847816467285156,T040_010_040_010,0.010865295305848122,0.002244980540126562,0.17240628600120544,0.002244980540126562,0.05,124,50604,0.022631870434558367,0.23193377256393433,0.4000000059604645,0.07132475078105927,0.10000000149011612,0.1907769739627838,0.4000000059604645,0.09074613451957703,0.10000000149011612,frozen_mlp_surrogate_adjoint,900,900,900,700,58.44581460952759,58.44581460952759,0.06493979401058621
563,136.31320190429688,159.31057739257812,149.53646850585938,60.6475830078125,0.39106395840644836,0.4316774308681488,0.48289212584495544,0.27125152945518494,0.5845987200737,T040_010_040_010,0.010865344665944576,0.0022374335676431656,0.17255821824073792,0.0022374335676431656,0.05,156,50737,0.02631571696554044,0.2313939332962036,0.4000000059604645,0.07107901573181152,0.10000000149011612,0.19105888903141022,0.4000000059604645,0.09106691926717758,0.10000000149011612,frozen_mlp_surrogate_adjoint,900,900,900,700,58.44581460952759,58.44581460952759,0.06493979401058621
564,136.37774658203125,159.29322814941406,149.56944274902344,60.638694763183594,0.3915121853351593,0.43135619163513184,0.4831211268901825,0.2710869312286377,0.5849313735961914,T040_010_040_010,0.01086535956710577,0.0022512609139084816,0.17228196561336517,0.0022512609139084816,0.05,529,50839,0.048710958871257724,0.23183444142341614,0.4000000059604645,0.07113704085350037,0.10000000149011612,0.19089505076408386,0.4000000059604645,0.09106487035751343,0.10000000149011612,frozen_mlp_surrogate_adjoint,900,900,900,700,58.44581460952759,58.44581460952759,0.06493979401058621
565,136.32704162597656,159.3105926513672,149.54812622070312,60.646339416503906,0.3911600410938263,0.43167775869369507,0.4829730987548828,0.271228551864624,0.5846483707427979,T040_010_040_010,0.010865593329071999,0.002239744644612074,0.17251697182655334,0.002239744644612074,0.05,231,50428,0.03116892035794825,0.23142585158348083,0.4000000059604645,0.07110743224620819,0.10000000149011612,0.19104252755641937,0.4000000059604645,0.09107255935668945,0.10000000149011612,frozen_mlp_surrogate_adjoint,900,900,900,700,58.44581460952759,58.44581460952759,0.06493979401058621
566,136.35414123535156,159.29620361328125,149.55503845214844,60.6529655456543,0.3913481831550598,0.4314112961292267,0.483021080493927,0.2713511884212494,0.5849379301071167,T040_010_040_010,0.010865739546716213,0.002251913072541356,0.17227652668952942,0.002251913072541356,0.05,229,50555,0.03111124222691172,0.23175397515296936,0.4000000059604645,0.07109655439853668,0.10000000149011612,0.19094036519527435,0.4000000059604645,0.09114699065685272,0.10000000149011612,frozen_mlp_surrogate_adjoint,900,900,900,700,58.44581460952759,58.44581460952759,0.06493979401058621
567,136.22679138183594,159.30145263671875,149.5306854248047,60.64439010620117,0.39046382904052734,0.4315083920955658,0.4828519821166992,0.27119243144989014,0.5845614075660706,T040_010_040_010,0.010865924879908562,0.0022364631295204163,0.1725892275571823,0.0022364631295204163,0.05,53,50879,0.01614387205543684,0.23111754655838013,0.4000000059604645,0.07085857540369034,0.10000000149011612,0.19123591482639313,0.4000000059604645,0.09134935587644577,0.10000000149011612,frozen_mlp_surrogate_adjoint,900,900,900,700,58.44581460952759,58.44581460952759,0.06493979401058621
568,136.36758422851562,159.32553100585938,149.5302734375,60.64710998535156,0.39144161343574524,0.4319542348384857,0.4828491508960724,0.27124279737472534,0.584450364112854,T040_010_040_010,0.010865963995456696,0.0022318894043564796,0.17268149554729462,0.0022318894043564796,0.05,98,50464,0.020550326214678904,0.2314641773700714,0.4000000059604645,0.07126063853502274,0.10000000149011612,0.19094863533973694,0.4000000059604645,0.0907769426703453,0.10000000149011612,frozen_mlp_surrogate_adjoint,900,900,900,700,58.44581460952759,58.44581460952759,0.06493979401058621
569,136.3573760986328,159.29576110839844,149.5486297607422,60.637901306152344,0.3913706839084625,0.43140286207199097,0.4829765856266022,0.27107226848602295,0.584749698638916,T040_010_040_010,0.010866031050682068,0.002244390081614256,0.1724328100681305,0.002244390081614256,0.05,236,51167,0.031344410890504416,0.23175208270549774,0.4000000059604645,0.07111689448356628,0.10000000149011612,0.19090217351913452,0.4000000059604645,0.09097856283187866,0.10000000149011612,frozen_mlp_surrogate_adjoint,900,900,900,700,58.44581460952759,58.44581460952759,0.06493979401058621
570,80.34234619140625,148.61843872070312,106.20581817626953,46.01663589477539,0.002377391792833805,0.23367473483085632,0.18198484182357788,0.00030806654831394553,0.6697536706924438,T040_010_040_010,0.01093076542019844,0.005477633327245712,0.10906263440847397,0.005477633327245712,0.05,293,51374,0.03581385812085687,0.2803444266319275,0.4000000059604645,0.05088898167014122,0.10000000149011612,0.20113684237003326,0.4000000059604645,0.13738341629505157,0.10000000149011612,frozen_mlp_surrogate_adjoint,900,900,900,700,58.44581460952759,58.44581460952759,0.06493979401058621
571,104.72415161132812,142.96035766601562,149.75953674316406,65.48075866699219,0.1716955155134201,0.1288955807685852,0.48444125056266785,0.3607548475265503,0.7065839171409607,T040_010_040_010,0.011069615371525288,0.006764965131878853,0.0860930010676384,0.006764965131878853,0.05,849,50215,0.06217097966725871,0.35068297386169434,0.4000000059604645,0.005594082176685333,0.10000000149011612,0.23296745121479034,0.4000000059604645,0.11733943223953247,0.10000000149011612,frozen_mlp_surrogate_adjoint,900,900,900,700,58.44581460952759,58.44581460952759,0.06493979401058621
572,104.729248046875,142.96022033691406,149.7581329345703,65.47817993164062,0.1717309206724167,0.12889297306537628,0.48443150520324707,0.36070701479911804,0.7065644264221191,T040_010_040_010,0.011069669388234615,0.006764447316527367,0.08610443770885468,0.006764447316527367,0.05,499,7,0.04736731983918952,0.3507082462310791,0.4000000059604645,0.005597978830337524,0.10000000149011612,0.23296941816806793,0.4000000059604645,0.1172887459397316,0.10000000149011612,frozen_mlp_surrogate_adjoint,900,900,900,700,58.44581460952759,58.44581460952759,0.06493979401058621
573,104.76448822021484,142.9540252685547,149.76620483398438,65.47962951660156,0.17197559773921967,0.12877824902534485,0.4844875931739807,0.3607338070869446,0.7066980600357056,T040_010_040_010,0.01107008196413517,0.006768780294805765,0.08602602779865265,0.006768780294805765,0.05,69,51343,0.0174786458430368,0.3508657217025757,0.4000000059604645,0.00572291761636734,0.10000000149011612,0.2328454703092575,0.4000000059604645,0.11726395785808563,0.10000000149011612,frozen_mlp_surrogate_adjoint,900,900,900,700,58.44581460952759,58.44581460952759,0.06493979401058621
574,104.74225616455078,142.9599609375,149.79205322265625,65.48104858398438,0.1718212217092514,0.12888802587985992,0.4846670627593994,0.3607601821422577,0.7066613435745239,T040_010_040_010,0.01107015460729599,0.006767775863409042,0.08604756742715836,0.006767775863409042,0.05,431,51503,0.043561459518158915,0.35058486461639404,0.4000000059604645,0.005638420581817627,0.10000000149011612,0.23288321495056152,0.4000000059604645,0.11755481362342834,0.10000000149011612,frozen_mlp_surrogate_adjoint,900,900,900,700,58.44581460952759,58.44581460952759,0.06493979401058621
575,104.80384826660156,142.94155883789062,149.7705841064453,65.47286224365234,0.1722489446401596,0.12854726612567902,0.4845179319381714,0.3606085479259491,0.7068211436271667,T040_010_040_010,0.011070159263908863,0.006772467400878668,0.08595383912324905,0.006772467400878668,0.05,87,31,0.019730682882527183,0.35112136602401733,0.4000000059604645,0.005913347005844116,0.10000000149011612,0.2326730340719223,0.4000000059604645,0.11711341142654419,0.10000000149011612,frozen_mlp_surrogate_adjoint,900,900,900,700,58.44581460952759,58.44581460952759,0.06493979401058621
576,104.81234741210938,142.94088745117188,149.7485809326172,65.46492004394531,0.17230799794197083,0.1285349428653717,0.48436516523361206,0.3604615032672882,0.7067283987998962,T040_010_040_010,0.0110702496021986,0.006769838742911816,0.0860082283616066,0.006769838742911816,0.05,545,51500,0.04948432564559251,0.3512672781944275,0.4000000059604645,0.005910173058509827,0.10000000149011612,0.23271676898002625,0.4000000059604645,0.11683420091867447,0.10000000149011612,frozen_mlp_surrogate_adjoint,900,900,900,700,58.44581460952759,58.44581460952759,0.06493979401058621
577,104.82704162597656,142.927978515625,149.79232788085938,65.48715209960938,0.1724100410938263,0.12829582393169403,0.4846689701080322,0.36087316274642944,0.7071660161018372,T040_010_040_010,0.011070262640714645,0.006782675161957741,0.0857517421245575,0.006782675161957741,0.05,88,50253,0.019761767662982935,0.3512584865093231,0.4000000059604645,0.006134845316410065,0.10000000149011612,0.23242217302322388,0.4000000059604645,0.11735053360462189,0.10000000149011612,frozen_mlp_surrogate_adjoint,900,900,900,700,58.44581460952759,58.44581460952759,0.06493979401058621
578,104.84662628173828,142.92489624023438,149.74815368652344,65.46919250488281,0.17254601418972015,0.12823869287967682,0.4843621551990509,0.36054056882858276,0.7069826126098633,T040_010_040_010,0.01107035018503666,0.006777390372008085,0.08585918694734573,0.006777390372008085,0.05,74,50500,0.01799875601813645,0.3515787124633789,0.4000000059604645,0.006149411201477051,0.10000000149011612,0.2324925661087036,0.4000000059604645,0.11676192283630371,0.10000000149011612,frozen_mlp_surrogate_adjoint,900,900,900,700,58.44581460952759,58.44581460952759,0.06493979401058621
579,104.69088745117188,142.97903442382812,149.76206970214844,65.4639892578125,0.1714644730091095,0.1292414367198944,0.4844588339328766,0.3604442775249481,0.7061864733695984,T040_010_040_010,0.011070353910326958,0.006754034664481878,0.08632639050483704,0.006754034664481878,0.05,209,51434,0.029953449614645182,0.35032474994659424,0.4000000059604645,0.005305781960487366,0.10000000149011612,0.2332460880279541,0.4000000059604645,0.11730988323688507,0.10000000149011612,frozen_mlp_surrogate_adjoint,900,900,900,700,58.44581460952759,58.44581460952759,0.06493979401058621
580,104.80070495605469,142.94790649414062,149.75514221191406,65.4672622680664,0.17222709953784943,0.12866507470607758,0.48441070318222046,0.3605048358440399,0.7066705822944641,T040_010_040_010,0.011070389300584793,0.006768281105905771,0.08604215085506439,0.006768281105905771,0.05,315,51181,0.03738425989161495,0.3511134386062622,0.4000000059604645,0.0058187395334243774,0.10000000149011612,0.23278993368148804,0.4000000059604645,0.11694848537445068,0.10000000149011612,frozen_mlp_surrogate_adjoint,900,900,900,700,58.44581460952759,58.44581460952759,0.06493979401058621
581,104.77056121826172,142.94882202148438,149.75088500976562,65.4635009765625,0.17201779782772064,0.12868185341358185,0.48438116908073425,0.36043521761894226,0.7065883874893188,T040_010_040_010,0.011070389300584793,0.006765870843082666,0.08609037101268768,0.006765870843082666,0.05,400,51511,0.04190471833238062,0.351016640663147,0.4000000059604645,0.00575660914182663,0.10000000149011612,0.23284606635570526,0.4000000059604645,0.1169690489768982,0.10000000149011612,frozen_mlp_surrogate_adjoint,900,900,900,700,58.44581460952759,58.44581460952759,0.06493979401058621
582,104.83358764648438,142.92982482910156,149.7954559326172,65.47895050048828,0.17245544493198395,0.12833014130592346,0.48469066619873047,0.3607213497161865,0.7070794701576233,T040_010_040_010,0.011070393957197666,0.0067802718840539455,0.08580243587493896,0.0067802718840539455,0.05,169,50417,0.027302832161442876,0.35123807191848755,0.4000000059604645,0.006110981106758118,0.10000000149011612,0.23245006799697876,0.4000000059604645,0.11728037148714066,0.10000000149011612,frozen_mlp_surrogate_adjoint,900,900,900,700,58.44581460952759,58.44581460952759,0.06493979401058621
583,104.80203247070312,142.944091796875,149.7803497314453,65.46588134765625,0.172236368060112,0.1285942643880844,0.4845857620239258,0.36047929525375366,0.7067410945892334,T040_010_040_010,0.011070486158132553,0.0067704468965530396,0.08600078523159027,0.0067704468965530396,0.05,187,50791,0.028522367710065912,0.351031094789505,0.4000000059604645,0.005873546004295349,0.10000000149011612,0.23270125687122345,0.4000000059604645,0.11713522672653198,0.10000000149011612,frozen_mlp_surrogate_adjoint,900,900,900,700,58.44581460952759,58.44581460952759,0.06493979401058621
584,104.83248901367188,142.93528747558594,149.76382446289062,65.47441864013672,0.1724478155374527,0.12843136489391327,0.48447102308273315,0.3606374263763428,0.7069265246391296,T040_010_040_010,0.011070533655583858,0.0067759305238723755,0.08589205890893936,0.0067759305238723755,0.05,470,50114,0.045925988551203674,0.35133272409439087,0.4000000059604645,0.0060235559940338135,0.10000000149011612,0.23258242011070251,0.4000000059604645,0.11698780953884125,0.10000000149011612,frozen_mlp_surrogate_adjoint,900,900,900,700,58.44581460952759,58.44581460952759,0.06493979401058621
585,104.79195404052734,142.93634033203125,149.77584838867188,65.47540283203125,0.1721663624048233,0.12845075130462646,0.4845545291900635,0.3606555461883545,0.7069023251533508,T040_010_040_010,0.011070547625422478,0.006775235291570425,0.0859062448143959,0.006775235291570425,0.05,268,51375,0.03390484487029749,0.35111722350120544,0.4000000059604645,0.0059594810009002686,0.10000000149011612,0.23260869085788727,0.4000000059604645,0.11721696704626083,0.10000000149011612,frozen_mlp_surrogate_adjoint,900,900,900,700,58.44581460952759,58.44581460952759,0.06493979401058621
586,104.77696990966797,142.95143127441406,149.82882690429688,65.48170471191406,0.17206230759620667,0.12873010337352753,0.48492246866226196,0.3607722818851471,0.706856369972229,T040_010_040_010,0.011070625856518745,0.0067739663645625114,0.08593318611383438,0.0067739663645625114,0.05,555,50077,0.04998537853784487,0.350616991519928,0.4000000059604645,0.005802549421787262,0.10000000149011612,0.23268190026283264,0.4000000059604645,0.11775490641593933,0.10000000149011612,frozen_mlp_surrogate_adjoint,900,900,900,700,58.44581460952759,58.44581460952759,0.06493979401058621
587,104.81794738769531,142.9419708251953,149.78408813476562,65.48387145996094,0.17234684526920319,0.12855501472949982,0.48461174964904785,0.36081239581108093,0.7069582343101501,T040_010_040_010,0.011070702224969864,0.006777028553187847,0.08587347716093063,0.006777028553187847,0.05,99,51313,0.02064239048590824,0.35110723972320557,0.4000000059604645,0.005949467420578003,0.10000000149011612,0.23261210322380066,0.4000000059604645,0.11728941649198532,0.10000000149011612,frozen_mlp_surrogate_adjoint,900,900,900,700,58.44581460952759,58.44581460952759,0.06493979401058621
588,104.78663635253906,142.9552459716797,149.77252197265625,65.454345703125,0.17212945222854614,0.12880082428455353,0.48453134298324585,0.3602656126022339,0.7064793705940247,T040_010_040_010,0.011070708744227886,0.006762990728020668,0.08615435659885406,0.006762990728020668,0.05,563,50264,0.050201083181661645,0.35088008642196655,0.4000000059604645,0.00570119172334671,0.10000000149011612,0.23288434743881226,0.4000000059604645,0.11701373010873795,0.10000000149011612,frozen_mlp_surrogate_adjoint,900,900,900,700,58.44581460952759,58.44581460952759,0.06493979401058621
589,104.78575134277344,142.95526123046875,149.79486083984375,65.46066284179688,0.1721232533454895,0.12880127131938934,0.4846864938735962,0.3603825867176056,0.7065720558166504,T040_010_040_010,0.011070718988776207,0.006765720434486866,0.08609995990991592,0.006765720434486866,0.05,183,51521,0.028097293928186624,0.35076531767845154,0.4000000059604645,0.005720242857933044,0.10000000149011612,0.23282910883426666,0.4000000059604645,0.11725743114948273,0.10000000149011612,frozen_mlp_surrogate_adjoint,900,900,900,700,58.44581460952759,58.44581460952759,0.06493979401058621
590,104.74476623535156,142.94723510742188,149.81475830078125,65.50894165039062,0.17183862626552582,0.12865258753299713,0.4848247170448303,0.361276775598526,0.7071030735969543,T040_010_040_010,0.01107074785977602,0.006781317293643951,0.08578860759735107,0.006781317293643951,0.05,95,51195,0.020457794125342543,0.35064494609832764,0.4000000059604645,0.005840875208377838,0.10000000149011612,0.23262573778629303,0.4000000059604645,0.11799149215221405,0.10000000149011612,frozen_mlp_surrogate_adjoint,900,900,900,700,58.44581460952759,58.44581460952759,0.06493979401058621
591,104.81500244140625,142.954833984375,149.75961303710938,65.44229125976562,0.17232643067836761,0.12879320979118347,0.4844418168067932,0.36004236340522766,0.7063789367675781,T040_010_040_010,0.011070947162806988,0.006760280579328537,0.08621332794427872,0.006760280579328537,0.05,186,51413,0.02819631590219064,0.35104265809059143,0.4000000059604645,0.005721345543861389,0.10000000149011612,0.23290428519248962,0.4000000059604645,0.11671067774295807,0.10000000149011612,frozen_mlp_surrogate_adjoint,900,900,900,700,58.44581460952759,58.44581460952759,0.06493979401058621
592,104.81483459472656,142.94874572753906,149.80361938476562,65.48655700683594,0.17232520878314972,0.12868046760559082,0.4847472906112671,0.36086225509643555,0.7069360613822937,T040_010_040_010,0.011071154847741127,0.006776830647140741,0.08588647097349167,0.006776830647140741,0.05,575,50550,0.050600806206582256,0.35092031955718994,0.4000000059604645,0.005878865718841553,0.10000000149011612,0.23264876008033752,0.4000000059604645,0.1174880713224411,0.10000000149011612,frozen_mlp_surrogate_adjoint,900,900,900,700,58.44581460952759,58.44581460952759,0.06493979401058621
593,104.83775329589844,142.94874572753906,149.75738525390625,65.44574737548828,0.17248442769050598,0.12868039309978485,0.48442625999450684,0.3601064682006836,0.7065010070800781,T040_010_040_010,0.011071175336837769,0.0067640915513038635,0.0861416608095169,0.0067640915513038635,0.05,813,51654,0.06067606114262073,0.3512089252471924,0.4000000059604645,0.005826845765113831,0.10000000149011612,0.23280857503414154,0.4000000059604645,0.11665666848421097,0.10000000149011612,frozen_mlp_surrogate_adjoint,900,900,900,700,58.44581460952759,58.44581460952759,0.06493979401058621
594,104.87849426269531,142.92601013183594,149.73565673828125,65.45095825195312,0.17276732623577118,0.128259539604187,0.4842754602432251,0.3602028787136078,0.7068125605583191,T040_010_040_010,0.011071216315031052,0.006773272529244423,0.08595887571573257,0.006773272529244423,0.05,31,50002,0.012310469139473285,0.35173118114471436,0.4000000059604645,0.006145060062408447,0.10000000149011612,0.23253950476646423,0.4000000059604645,0.11639685928821564,0.10000000149011612,frozen_mlp_surrogate_adjoint,900,900,900,700,58.44581460952759,58.44581460952759,0.06493979401058621
595,104.81559753417969,142.9524688720703,149.80316162109375,65.48426818847656,0.17233054339885712,0.1287495493888855,0.4847441613674164,0.3608196973800659,0.7068732380867004,T040_010_040_010,0.011071360670030117,0.006775195710361004,0.08592329919338226,0.006775195710361004,0.05,139,51536,0.024788640283886634,0.35088133811950684,0.4000000059604645,0.0058323293924331665,0.10000000149011612,0.2326962798833847,0.4000000059604645,0.11746330559253693,0.10000000149011612,frozen_mlp_surrogate_adjoint,900,900,900,700,58.44581460952759,58.44581460952759,0.06493979401058621
596,104.84210205078125,142.93824768066406,149.7431640625,65.44166564941406,0.17251460254192352,0.12848612666130066,0.4843275845050812,0.36003080010414124,0.7065646052360535,T040_010_040_010,0.01107153482735157,0.0067663174122571945,0.08610433340072632,0.0067663174122571945,0.05,608,50444,0.051901345314687285,0.35141831636428833,0.4000000059604645,0.005938142538070679,0.10000000149011612,0.23272056877613068,0.4000000059604645,0.11648756265640259,0.10000000149011612,frozen_mlp_surrogate_adjoint,900,900,900,700,58.44581460952759,58.44581460952759,0.06493979401058621
597,104.87265014648438,142.9347381591797,149.79685974121094,65.48246002197266,0.17272672057151794,0.12842103838920593,0.48470044136047363,0.3607863187789917,0.7071051001548767,T040_010_040_010,0.011071652173995972,0.006782280746847391,0.08578742295503616,0.006782280746847391,0.05,768,50921,0.05820069860282778,0.3513205051422119,0.4000000059604645,0.006110139191150665,0.10000000149011612,0.23245471715927124,0.4000000059604645,0.11721973121166229,0.10000000149011612,frozen_mlp_surrogate_adjoint,900,900,900,700,58.44581460952759,58.44581460952759,0.06493979401058621
598,104.79743957519531,142.96804809570312,149.70298767089844,65.43026733398438,0.17220443487167358,0.12903796136379242,0.4840485453605652,0.35981982946395874,0.7060126066207886,T040_010_040_010,0.011071683838963509,0.006750254426151514,0.08642859011888504,0.006750254426151514,0.05,493,50098,0.04719182510235873,0.35111328959465027,0.4000000059604645,0.00549827516078949,0.10000000149011612,0.23320496082305908,0.4000000059604645,0.11619611829519272,0.10000000149011612,frozen_mlp_surrogate_adjoint,900,900,900,700,58.44581460952759,58.44581460952759,0.06493979401058621
599,104.89630126953125,142.93592834472656,149.79005432128906,65.49200439453125,0.17289096117019653,0.12844301760196686,0.48465317487716675,0.3609630763530731,0.7071993947029114,T040_010_040_010,0.011072425171732903,0.0067858160473406315,0.08573219180107117,0.0067858160473406315,0.05,879,50267,0.06404228928032189,0.3514367938041687,0.4000000059604645,0.00613798201084137,0.10000000149011612,0.23243404924869537,0.4000000059604645,0.11719057708978653,0.10000000149011612,frozen_mlp_surrogate_adjoint,900,900,900,700,58.44581460952759,58.44581460952759,0.06493979401058621
600,80.8220443725586,149.12109375,105.43580627441406,46.09306716918945,0.005708661861717701,0.2429831176996231,0.17663751542568207,0.001723485765978694,0.6634558439254761,T040_010_040_010,0.011138908565044403,0.00547581072896719,0.11326196789741516,0.00547581072896719,0.05,632,51440,0.05304906647918905,0.2756606936454773,0.4000000059604645,0.05333616957068443,0.10000000149011612,0.19832777976989746,0.4000000059604645,0.1361311674118042,0.10000000149011612,frozen_mlp_surrogate_adjoint,900,900,900,700,58.44581460952759,58.44581460952759,0.06493979401058621
601,109.08789825439453,143.16586303710938,152.76446533203125,63.86568069458008,0.20199930667877197,0.1327010691165924,0.5053088068962097,0.3308459520339966,0.6987611055374146,T040_010_040_010,0.01118178479373455,0.006644541397690773,0.09074486792087555,0.006644541397690773,0.05,714,51606,0.056488312426959265,0.3464782238006592,0.4000000059604645,0.00784377008676529,0.10000000149011612,0.22891128063201904,0.4000000059604645,0.11552783846855164,0.10000000149011612,frozen_mlp_surrogate_adjoint,900,900,900,700,58.44581460952759,58.44581460952759,0.06493979401058621
602,80.11664581298828,146.52944946289062,117.80255126953125,46.023109436035156,0.0008100534323602915,0.19498993456363678,0.2625177204608917,0.00042794301407411695,0.6668108105659485,T040_010_040_010,0.011220667511224747,0.005669915117323399,0.11101503670215607,0.005669915117323399,0.05,60,50826,0.01658486926243119,0.27553170919418335,0.4000000059604645,0.03821885585784912,0.10000000149011612,0.20945709943771362,0.4000000059604645,0.1436031460762024,0.10000000149011612,frozen_mlp_surrogate_adjoint,900,900,900,700,58.44581460952759,58.44581460952759,0.06493979401058621
603,119.54118347167969,140.91311645507812,157.10089111328125,63.916725158691406,0.2745915651321411,0.09098373353481293,0.5354228019714355,0.3317911922931671,0.7393638491630554,T040_010_040_010,0.012772447429597378,0.009375886991620064,0.06793120503425598,0.009375886991620064,0.05,706,50127,0.05625662689032577,0.37723612785339355,0.4000000059604645,0.051424793899059296,0.10000000149011612,0.1900494247674942,0.4000000059604645,0.12065351754426956,0.10000000149011612,frozen_mlp_surrogate_adjoint,900,900,900,700,58.44581460952759,58.44581460952759,0.06493979401058621
604,119.52275848388672,140.917724609375,157.08309936523438,63.9100341796875,0.27446359395980835,0.09106899797916412,0.5352993607521057,0.33166733384132385,0.7392423748970032,T040_010_040_010,0.012772480957210064,0.009372754022479057,0.06799454241991043,0.009372754022479057,0.05,576,50452,0.050759465550763674,0.3772950768470764,0.4000000059604645,0.05126609653234482,0.10000000149011612,0.19013667106628418,0.4000000059604645,0.12054448574781418,0.10000000149011612,frozen_mlp_surrogate_adjoint,900,900,900,700,58.44581460952759,58.44581460952759,0.06493979401058621
605,119.5011978149414,140.91957092285156,157.10693359375,63.92469787597656,0.27431386709213257,0.09110304713249207,0.5354648232460022,0.33193886280059814,0.7393821477890015,T040_010_040_010,0.012772558256983757,0.009376474656164646,0.06792166829109192,0.009376474656164646,0.05,468,50545,0.04559690803821033,0.3771764039993286,0.4000000059604645,0.05122039467096329,0.10000000149011612,0.1901278793811798,0.4000000059604645,0.12085748463869095,0.10000000149011612,frozen_mlp_surrogate_adjoint,900,900,900,700,58.44581460952759,58.44581460952759,0.06493979401058621
606,119.5283432006836,140.91192626953125,157.1228485107422,63.930809020996094,0.27450239658355713,0.09096161276102066,0.5355753302574158,0.3320520222187042,0.7395244240760803,T040_010_040_010,0.012772558256983757,0.00938018225133419,0.06784752756357193,0.00938018225133419,0.05,784,51737,0.05892150587172373,0.37713104486465454,0.4000000059604645,0.05145619064569473,0.10000000149011612,0.19000834226608276,0.4000000059604645,0.1209288015961647,0.10000000149011612,frozen_mlp_surrogate_adjoint,900,900,900,700,58.44581460952759,58.44581460952759,0.06493979401058621
607,119.52506256103516,140.91326904296875,157.11436462402344,63.92870330810547,0.27447959780693054,0.09098649770021439,0.5355164408683777,0.33201298117637634,0.7394864559173584,T040_010_040_010,0.012772593647241592,0.009379228577017784,0.06786730885505676,0.009379228577017784,0.05,646,50742,0.05351222498535328,0.3771663308143616,0.4000000059604645,0.05141559988260269,0.10000000149011612,0.19003501534461975,0.4000000059604645,0.12086953967809677,0.10000000149011612,frozen_mlp_surrogate_adjoint,900,900,900,700,58.44581460952759,58.44581460952759,0.06493979401058621
608,119.53923797607422,140.91139221191406,157.10482788085938,63.91551208496094,0.2745780348777771,0.0909518375992775,0.5354502201080322,0.3317687511444092,0.7393680810928345,T040_010_040_010,0.012772610411047935,0.009376160800457,0.06792899966239929,0.009376160800457,0.05,375,50481,0.04078051394628764,0.3772118091583252,0.4000000059604645,0.051442842930555344,0.10000000149011612,0.19003444910049438,0.4000000059604645,0.12067899852991104,0.10000000149011612,frozen_mlp_surrogate_adjoint,900,900,900,700,58.44581460952759,58.44581460952759,0.06493979401058621
609,119.552734375,140.90858459472656,157.14442443847656,63.93601608276367,0.274671733379364,0.09089983254671097,0.5357251763343811,0.3321484327316284,0.7396250367164612,T040_010_040_010,0.012772614136338234,0.00938285794109106,0.06779512017965317,0.00938285794109106,0.05,160,50897,0.02661177477332167,0.3770636320114136,0.4000000059604645,0.05160508677363396,0.10000000149011612,0.18992401659488678,0.4000000059604645,0.12103231996297836,0.10000000149011612,frozen_mlp_surrogate_adjoint,900,900,900,700,58.44581460952759,58.44581460952759,0.06493979401058621
610,119.57406616210938,140.91265869140625,157.072998046875,63.90960693359375,0.27481991052627563,0.09097527712583542,0.5352292060852051,0.3316594064235687,0.7392945885658264,T040_010_040_010,0.012772975489497185,0.009374610148370266,0.06796731054782867,0.009374610148370266,0.05,213,50841,0.030238900589977594,0.3774031698703766,0.4000000059604645,0.051505476236343384,0.10000000149011612,0.19004856050014496,0.4000000059604645,0.12033738195896149,0.10000000149011612,frozen_mlp_surrogate_adjoint,900,900,900,700,58.44581460952759,58.44581460952759,0.06493979401058621
611,119.47036743164062,140.92416381835938,157.08106994628906,63.91318893432617,0.274099737405777,0.0911882072687149,0.535285234451294,0.33172571659088135,0.739205002784729,T040_010_040_010,0.012772979214787483,0.009372277185320854,0.06801403313875198,0.009372277185320854,0.05,140,9,0.024946077201449438,0.37725305557250977,0.4000000059604645,0.05100478231906891,0.10000000149011612,0.19024336338043213,0.4000000059604645,0.12070383876562119,0.10000000149011612,frozen_mlp_surrogate_adjoint,900,900,900,700,58.44581460952759,58.44581460952759,0.06493979401058621
612,119.63587951660156,140.8890380859375,157.0836181640625,63.90690612792969,0.2752491533756256,0.09053760021924973,0.5353028774261475,0.3316093683242798,0.7394852638244629,T040_010_040_010,0.012773205526173115,0.00937980879098177,0.06786792725324631,0.00937980879098177,0.05,70,50083,0.017513710731515645,0.37738683819770813,0.4000000059604645,0.05209213122725487,0.10000000149011612,0.18977585434913635,0.4000000059604645,0.12023046612739563,0.10000000149011612,frozen_mlp_surrogate_adjoint,900,900,900,700,58.44581460952759,58.44581460952759,0.06493979401058621
613,173.13894653320312,189.99105834960938,159.15701293945312,59.06358337402344,0.6467982530593872,0.9998345375061035,0.549701452255249,0.24191825091838837,0.5345617532730103,T040_010_040_010,0.013598179444670677,0.0027665416710078716,0.21663276851177216,0.0027665416710078716,0.05,460,50108,0.045307058456172764,0.22169309854507446,0.4000000059604645,0.07450472563505173,0.10000000149011612,0.16590595245361328,0.4000000059604645,0.0724579393863678,0.10000000149011612,frozen_mlp_surrogate_adjoint,900,900,900,700,58.44581460952759,58.44581460952759,0.06493979401058621
614,173.1251983642578,189.97874450683594,159.10205078125,59.04181671142578,0.646702766418457,0.9996063113212585,0.549319863319397,0.2415151298046112,0.5343074798583984,T040_010_040_010,0.013600330799818039,0.002756854286417365,0.21686951816082,0.002756854286417365,0.05,299,50717,0.03621414311486809,0.22171802818775177,0.4000000059604645,0.0746130421757698,0.10000000149011612,0.16589361429214478,0.4000000059604645,0.0720827579498291,0.10000000149011612,frozen_mlp_surrogate_adjoint,900,900,900,700,58.44581460952759,58.44581460952759,0.06493979401058621
615,173.2180938720703,189.9788360595703,159.16729736328125,59.05475997924805,0.6473478674888611,0.9996080994606018,0.5497728586196899,0.24175480008125305,0.5349360108375549,T040_010_040_010,0.013600568287074566,0.002786342054605484,0.21628451347351074,0.002786342054605484,0.05,707,50334,0.05629521755979504,0.22249990701675415,0.4000000059604645,0.0743098258972168,0.10000000149011612,0.16574126482009888,0.4000000059604645,0.07238500565290451,0.10000000149011612,frozen_mlp_surrogate_adjoint,900,900,900,700,58.44581460952759,58.44581460952759,0.06493979401058621
616,173.17910766601562,189.97178649902344,159.15696716308594,59.05727005004883,0.647077202796936,0.9994775652885437,0.5497011542320251,0.24180132150650024,0.5346741080284119,T040_010_040_010,0.013601642102003098,0.0027752327732741833,0.21652819216251373,0.0027752327732741833,0.05,656,51329,0.05381784557216783,0.2220805138349533,0.4000000059604645,0.07443834096193314,0.10000000149011612,0.1658085584640503,0.4000000059604645,0.07234669476747513,0.10000000149011612,frozen_mlp_surrogate_adjoint,900,900,900,700,58.44581460952759,58.44581460952759,0.06493979401058621
617,173.1920623779297,189.96163940429688,159.14744567871094,59.05062484741211,0.6471670866012573,0.9992897510528564,0.5496350526809692,0.24167823791503906,0.5346689224243164,T040_010_040_010,0.013603485189378262,0.002776835113763809,0.21653300523757935,0.002776835113763809,0.05,458,50100,0.04521785373998194,0.22223186492919922,0.4000000059604645,0.07443386316299438,0.10000000149011612,0.16576895117759705,0.4000000059604645,0.07223423570394516,0.10000000149011612,frozen_mlp_surrogate_adjoint,900,900,900,700,58.44581460952759,58.44581460952759,0.06493979401058621
618,173.17190551757812,189.962646484375,159.15731811523438,59.06283950805664,0.6470270752906799,0.9993082284927368,0.5497035980224609,0.24190445244312286,0.5345966815948486,T040_010_040_010,0.013603497296571732,0.0027734842151403427,0.21660025417804718,0.0027734842151403427,0.05,63,51045,0.016814471591005978,0.22195693850517273,0.4000000059604645,0.07447212934494019,0.10000000149011612,0.165815532207489,0.4000000059604645,0.0723521038889885,0.10000000149011612,frozen_mlp_surrogate_adjoint,900,900,900,700,58.44581460952759,58.44581460952759,0.06493979401058621
619,173.1817626953125,189.95703125,159.14187622070312,59.0482177734375,0.6470955610275269,0.9992043375968933,0.54959636926651,0.24163365364074707,0.5345767140388489,T040_010_040_010,0.01360420510172844,0.0027732637245208025,0.2166188359260559,0.0027732637245208025,0.05,330,50387,0.03827155486541912,0.22212892770767212,0.4000000059604645,0.07447865605354309,0.10000000149011612,0.16578292846679688,0.4000000059604645,0.0721861869096756,0.10000000149011612,frozen_mlp_surrogate_adjoint,900,900,900,700,58.44581460952759,58.44581460952759,0.06493979401058621
620,173.1875,189.95391845703125,159.15838623046875,59.05857849121094,0.6471353769302368,0.999146580696106,0.5497109889984131,0.24182552099227905,0.5346327424049377,T040_010_040_010,0.013605019077658653,0.0027766854036599398,0.21656668186187744,0.0027766854036599398,0.05,178,50973,0.027652811953714364,0.22210577130317688,0.4000000059604645,0.07445134967565536,0.10000000149011612,0.16577717661857605,0.4000000059604645,0.07229845225811005,0.10000000149011612,frozen_mlp_surrogate_adjoint,900,900,900,700,58.44581460952759,58.44581460952759,0.06493979401058621
621,173.19989013671875,189.946533203125,159.1868896484375,59.05652618408203,0.6472213864326477,0.9990098476409912,0.5499089360237122,0.24178749322891235,0.5347023606300354,T040_010_040_010,0.013605962507426739,0.0027808677405118942,0.2165018916130066,0.0027808677405118942,0.05,614,50793,0.05233683872008444,0.22214436531066895,0.4000000059604645,0.07442843914031982,0.10000000149011612,0.16576048731803894,0.4000000059604645,0.0723690465092659,0.10000000149011612,frozen_mlp_surrogate_adjoint,900,900,900,700,58.44581460952759,58.44581460952759,0.06493979401058621
622,173.24618530273438,189.93499755859375,159.16275024414062,59.038448333740234,0.6475429534912109,0.9987961053848267,0.5497413277626038,0.24145276844501495,0.534834086894989,T040_010_040_010,0.013608423061668873,0.0027894561644643545,0.2163793295621872,0.0027894561644643545,0.05,518,51740,0.04829441931815506,0.22272120416164398,0.4000000059604645,0.07434777915477753,0.10000000149011612,0.16564495861530304,0.4000000059604645,0.07212015241384506,0.10000000149011612,frozen_mlp_surrogate_adjoint,900,900,900,700,58.44581460952759,58.44581460952759,0.06493979401058621
623,173.09475708007812,189.927001953125,159.02915954589844,59.02937316894531,0.6464913487434387,0.9986483454704285,0.5488135814666748,0.24128469824790955,0.5337477922439575,T040_010_040_010,0.013610467314720154,0.0027409109752625227,0.21739111840724945,0.0027409109752625227,0.05,417,50050,0.04279978170452279,0.22145956754684448,0.4000000059604645,0.07484863698482513,0.10000000149011612,0.16587518155574799,0.4000000059604645,0.07156436145305634,0.10000000149011612,frozen_mlp_surrogate_adjoint,900,900,900,700,58.44581460952759,58.44581460952759,0.06493979401058621
624,173.59591674804688,189.96376037597656,159.74960327148438,59.188232421875,0.649971604347229,0.9993289709091187,0.5538167357444763,0.24422650039196014,0.5379889607429504,T040_010_040_010,0.013612772338092327,0.0029400624334812164,0.2134542018175125,0.0029400624334812164,0.05,713,50279,0.05647525483476807,0.22451025247573853,0.4000000059604645,0.07295268774032593,0.10000000149011612,0.16528968513011932,0.4000000059604645,0.07523633539676666,0.10000000149011612,frozen_mlp_surrogate_adjoint,900,900,900,700,58.44581460952759,58.44581460952759,0.06493979401058621
625,173.3095703125,189.91563415527344,159.26065063476562,59.071434020996094,0.647983193397522,0.9984375834465027,0.5504211187362671,0.24206358194351196,0.5352799892425537,T040_010_040_010,0.013612823560833931,0.0028145895339548588,0.2159646898508072,0.0028145895339548588,0.05,624,51576,0.052748616805697326,0.22297918796539307,0.4000000059604645,0.07414025813341141,0.10000000149011612,0.16555079817771912,0.4000000059604645,0.07260977476835251,0.10000000149011612,frozen_mlp_surrogate_adjoint,900,900,900,700,58.44581460952759,58.44581460952759,0.06493979401058621
626,173.59735107421875,189.95526123046875,159.73602294921875,59.179508209228516,0.6499816179275513,0.9991713762283325,0.5537224411964417,0.24406495690345764,0.5379204750061035,T040_010_040_010,0.013613778166472912,0.0029379036277532578,0.21351748704910278,0.0029379036277532578,0.05,394,51353,0.041694379557822035,0.22456210851669312,0.4000000059604645,0.07298120856285095,0.10000000149011612,0.16527144610881805,0.4000000059604645,0.07510575652122498,0.10000000149011612,frozen_mlp_surrogate_adjoint,900,900,900,700,58.44581460952759,58.44581460952759,0.06493979401058621
627,173.25125122070312,189.89044189453125,159.21969604492188,59.051700592041016,0.6475780606269836,0.99797123670578,0.5501367449760437,0.24169814586639404,0.5347390174865723,T040_010_040_010,0.01361608225852251,0.0027926929760724306,0.21646778285503387,0.0027926929760724306,0.05,492,50856,0.047115607499921004,0.22244206070899963,0.4000000059604645,0.07440216094255447,0.10000000149011612,0.16562600433826447,0.4000000059604645,0.0722687691450119,0.10000000149011612,frozen_mlp_surrogate_adjoint,900,900,900,700,58.44581460952759,58.44581460952759,0.06493979401058621
628,173.6193389892578,189.93710327148438,159.77105712890625,59.1817626953125,0.6501343250274658,0.9988351464271545,0.55396568775177,0.24410668015480042,0.5379929542541504,T040_010_040_010,0.013616139069199562,0.0029436140321195126,0.21345050632953644,0.0029436140321195126,0.05,463,50404,0.045413199588206624,0.2246202528476715,0.4000000059604645,0.07295592129230499,0.10000000149011612,0.1652437150478363,0.4000000059604645,0.07517305761575699,0.10000000149011612,frozen_mlp_surrogate_adjoint,900,900,900,700,58.44581460952759,58.44581460952759,0.06493979401058621
629,173.58787536621094,189.94017028808594,159.76361083984375,59.18218994140625,0.6499158143997192,0.9988920092582703,0.5539140105247498,0.24411460757255554,0.5378340482711792,T040_010_040_010,0.013616231270134449,0.002936362521722913,0.213597372174263,0.002936362521722913,0.05,197,50034,0.02901697953106684,0.22432874143123627,0.4000000059604645,0.07303434610366821,0.10000000149011612,0.16528886556625366,0.4000000059604645,0.07518208026885986,0.10000000149011612,frozen_mlp_surrogate_adjoint,900,900,900,700,58.44581460952759,58.44581460952759,0.06493979401058621
630,173.61090087890625,189.93212890625,159.75967407226562,59.17949676513672,0.6500756740570068,0.9987432360649109,0.5538866519927979,0.24406477808952332,0.5379041433334351,T040_010_040_010,0.01361691765487194,0.0029402892105281353,0.21353258192539215,0.0029402892105281353,0.05,838,50804,0.061721494813067775,0.22455713152885437,0.4000000059604645,0.07299423217773438,0.10000000149011612,0.16524627804756165,0.4000000059604645,0.07510651648044586,0.10000000149011612,frozen_mlp_surrogate_adjoint,900,900,900,700,58.44581460952759,58.44581460952759,0.06493979401058621
631,173.53024291992188,189.92547607421875,159.76840209960938,59.1988410949707,0.6495155096054077,0.998619794845581,0.5539472699165344,0.24442297220230103,0.5374901294708252,T040_010_040_010,0.013619067147374153,0.002923297695815563,0.2139153778553009,0.002923297695815563,0.05,121,51341,0.02224794356540815,0.22362753748893738,0.4000000059604645,0.07320035994052887,0.10000000149011612,0.16538125276565552,0.4000000059604645,0.07528097927570343,0.10000000149011612,frozen_mlp_surrogate_adjoint,900,900,900,700,58.44581460952759,58.44581460952759,0.06493979401058621
632,173.6458282470703,189.90997314453125,159.79637145996094,59.17991256713867,0.6503182649612427,0.9983327984809875,0.5541414618492126,0.24407245218753815,0.5380223393440247,T040_010_040_010,0.01362017821520567,0.002949010580778122,0.21342335641384125,0.002949010580778122,0.05,675,51468,0.05505639968789376,0.22473552823066711,0.4000000059604645,0.07294531166553497,0.10000000149011612,0.16519224643707275,0.4000000059604645,0.07514924556016922,0.10000000149011612,frozen_mlp_surrogate_adjoint,900,900,900,700,58.44581460952759,58.44581460952759,0.06493979401058621
633,173.63690185546875,189.8850555419922,159.82070922851562,59.18486022949219,0.6502562761306763,0.9978713989257812,0.5543104410171509,0.2441640943288803,0.537887454032898,T040_010_040_010,0.013623996637761593,0.0029465968254953623,0.21354800462722778,0.0029465968254953623,0.05,833,50328,0.061416400567090496,0.22447830438613892,0.4000000059604645,0.07301639765501022,0.10000000149011612,0.1652013212442398,0.4000000059604645,0.0751914530992508,0.10000000149011612,frozen_mlp_surrogate_adjoint,900,900,900,700,58.44581460952759,58.44581460952759,0.06493979401058621
634,173.65103149414062,189.86172485351562,159.84698486328125,59.191551208496094,0.6503543257713318,0.9974392652511597,0.5544930100440979,0.24428798258304596,0.5378878116607666,T040_010_040_010,0.013626961968839169,0.002949577523395419,0.21354767680168152,0.002949577523395419,0.05,338,50119,0.03890582362855807,0.22445079684257507,0.4000000059604645,0.07301899045705795,0.10000000149011612,0.16518189013004303,0.4000000059604645,0.07523617148399353,0.10000000149011612,frozen_mlp_surrogate_adjoint,900,900,900,700,58.44581460952759,58.44581460952759,0.06493979401058621
635,173.66607666015625,189.8464813232422,159.84567260742188,59.18657302856445,0.650458812713623,0.997157096862793,0.5544838309288025,0.24419578909873962,0.5378782153129578,T040_010_040_010,0.013629082590341568,0.0029512555338442326,0.21355654299259186,0.0029512555338442326,0.05,811,50315,0.0606322446309367,0.22457361221313477,0.4000000059604645,0.07301954180002213,0.10000000149011612,0.16514387726783752,0.4000000059604645,0.07514117658138275,0.10000000149011612,frozen_mlp_surrogate_adjoint,900,900,900,700,58.44581460952759,58.44581460952759,0.06493979401058621
636,173.67108154296875,189.8477783203125,159.84231567382812,59.188232421875,0.6504935622215271,0.9971810579299927,0.5544605851173401,0.24422655999660492,0.5379089713096619,T040_010_040_010,0.01362910307943821,0.0029526979196816683,0.213528111577034,0.0029526979196816683,0.05,766,50825,0.05819717338505226,0.22463378310203552,0.4000000059604645,0.0730011984705925,0.10000000149011612,0.16513440012931824,0.4000000059604645,0.07513958215713501,0.10000000149011612,frozen_mlp_surrogate_adjoint,900,900,900,700,58.44581460952759,58.44581460952759,0.06493979401058621
637,173.69215393066406,189.8327178955078,159.86212158203125,59.18214797973633,0.6506399512290955,0.9969021081924438,0.5545980930328369,0.24411384761333466,0.5379581451416016,T040_010_040_010,0.013631289824843407,0.0029571554623544216,0.21348267793655396,0.0029571554623544216,0.05,729,50055,0.05694890009973423,0.22476153075695038,0.4000000059604645,0.07298430055379868,0.10000000149011612,0.16509634256362915,0.4000000059604645,0.07511598616838455,0.10000000149011612,frozen_mlp_surrogate_adjoint,900,900,900,700,58.44581460952759,58.44581460952759,0.06493979401058621
638,173.6405487060547,189.7844696044922,159.91619873046875,59.20762634277344,0.6502816081047058,0.9960086345672607,0.5549735426902771,0.24458563327789307,0.5375533103942871,T040_010_040_010,0.013638659380376339,0.0029458124190568924,0.21385693550109863,0.0029458124190568924,0.05,368,51749,0.04036460835263969,0.22384463250637054,0.4000000059604645,0.0731925219297409,0.10000000149011612,0.16518431901931763,0.4000000059604645,0.07533186674118042,0.10000000149011612,frozen_mlp_surrogate_adjoint,900,900,900,700,58.44581460952759,58.44581460952759,0.06493979401058621
639,173.22848510742188,189.75198364257812,159.28512573242188,59.097869873046875,0.6474201083183289,0.995406985282898,0.5505911111831665,0.24255312979221344,0.5340734720230103,T040_010_040_010,0.013642331585288048,0.002787955105304718,0.217087522149086,0.002787955105304718,0.05,72,51711,0.017706373554511656,0.22144760191440582,0.4000000059604645,0.074699766933918,0.10000000149011612,0.1655876636505127,0.4000000059604645,0.07233840972185135,0.10000000149011612,frozen_mlp_surrogate_adjoint,900,900,900,700,58.44581460952759,58.44581460952759,0.06493979401058621
640,173.6776123046875,189.76263427734375,159.9219207763672,59.21852111816406,0.6505389213562012,0.9956042766571045,0.5550133585929871,0.24478740990161896,0.5376583933830261,T040_010_040_010,0.013642634265124798,0.00295464601367712,0.21375976502895355,0.00295464601367712,0.05,364,51436,0.04024168949501046,0.2241041362285614,0.4000000059604645,0.07312624901533127,0.10000000149011612,0.16510944068431854,0.4000000059604645,0.0753185823559761,0.10000000149011612,frozen_mlp_surrogate_adjoint,900,900,900,700,58.44581460952759,58.44581460952759,0.06493979401058621
641,173.6880645751953,189.75015258789062,159.92562866210938,59.195777893066406,0.6506115794181824,0.9953733086585999,0.5550390481948853,0.24436622858047485,0.53761887550354,T040_010_040_010,0.013642970472574234,0.002953154733404517,0.21379630267620087,0.002953154733404517,0.05,756,50966,0.05766849072157523,0.22422677278518677,0.4000000059604645,0.07315639406442642,0.10000000149011612,0.16508427262306213,0.4000000059604645,0.0751514658331871,0.10000000149011612,frozen_mlp_surrogate_adjoint,900,900,900,700,58.44581460952759,58.44581460952759,0.06493979401058621
642,173.70155334472656,189.74517822265625,159.95046997070312,59.198036193847656,0.6507052183151245,0.995280921459198,0.5552115440368652,0.24440810084342957,0.5377005338668823,T040_010_040_010,0.013643739745020866,0.002957699354737997,0.21372079849243164,0.002957699354737997,0.05,866,51618,0.06305638552940564,0.22427038848400116,0.4000000059604645,0.07312549650669098,0.10000000149011612,0.16507211327552795,0.4000000059604645,0.07523256540298462,0.10000000149011612,frozen_mlp_surrogate_adjoint,900,900,900,700,58.44581460952759,58.44581460952759,0.06493979401058621
643,173.73733520507812,189.74615478515625,159.90518188476562,59.19828796386719,0.6509536504745483,0.9952991008758545,0.5548970699310303,0.24441273510456085,0.53783118724823,T040_010_040_010,0.013644535094499588,0.002964535029605031,0.2136000096797943,0.002964535029605031,0.05,669,50828,0.054606365913635206,0.22476965188980103,0.4000000059604645,0.07303100824356079,0.10000000149011612,0.16498571634292603,0.4000000059604645,0.07504479587078094,0.10000000149011612,frozen_mlp_surrogate_adjoint,900,900,900,700,58.44581460952759,58.44581460952759,0.06493979401058621
644,173.744873046875,189.72634887695312,159.96221923828125,59.189666748046875,0.6510060429573059,0.9949324727058411,0.5552932024002075,0.24425309896469116,0.5378317832946777,T040_010_040_010,0.01364674512296915,0.0029667720664292574,0.21359945833683014,0.0029667720664292574,0.05,831,50692,0.06131727521829382,0.2246435582637787,0.4000000059604645,0.07306089252233505,0.10000000149011612,0.16498766839504242,0.4000000059604645,0.07513963431119919,0.10000000149011612,frozen_mlp_surrogate_adjoint,900,900,900,700,58.44581460952759,58.44581460952759,0.06493979401058621
645,173.74853515625,189.71426391601562,160.0113525390625,59.207000732421875,0.6510314345359802,0.9947086572647095,0.5556344389915466,0.24457406997680664,0.5378835797309875,T040_010_040_010,0.01364791952073574,0.0029703406617045403,0.2135515809059143,0.0029703406617045403,0.05,765,51674,0.05814291316253743,0.22444817423820496,0.4000000059604645,0.07304958254098892,0.10000000149011612,0.16501188278198242,0.4000000059604645,0.07537396252155304,0.10000000149011612,frozen_mlp_surrogate_adjoint,900,900,900,700,58.44581460952759,58.44581460952759,0.06493979401058621
646,173.74014282226562,189.7097930908203,159.9110107421875,59.17156982421875,0.6509731411933899,0.9946258664131165,0.5549376010894775,0.24391795694828033,0.5376240611076355,T040_010_040_010,0.013648996129631996,0.00295942067168653,0.21379150450229645,0.00295942067168653,0.05,720,51323,0.056594125349334244,0.22474195063114166,0.4000000059604645,0.07314091175794601,0.10000000149011612,0.1649506390094757,0.4000000059604645,0.07479056715965271,0.10000000149011612,frozen_mlp_surrogate_adjoint,900,900,900,700,58.44581460952759,58.44581460952759,0.06493979401058621
647,173.73660278320312,189.7002716064453,159.9427490234375,59.195743560791016,0.650948703289032,0.9944494962692261,0.5551579594612122,0.2443656027317047,0.5376378893852234,T040_010_040_010,0.01365056075155735,0.0029616246465593576,0.21377871930599213,0.0029616246465593576,0.05,358,50991,0.03984759142822706,0.22451172769069672,0.4000000059604645,0.07313588261604309,0.10000000149011612,0.16497549414634705,0.4000000059604645,0.07501481473445892,0.10000000149011612,frozen_mlp_surrogate_adjoint,900,900,900,700,58.44581460952759,58.44581460952759,0.06493979401058621
648,173.73573303222656,189.6817626953125,160.00270080566406,59.20710372924805,0.6509425640106201,0.9941068887710571,0.5555742979049683,0.24457597732543945,0.5376372337341309,T040_010_040_010,0.013652936555445194,0.0029639694839715958,0.21377933025360107,0.0029639694839715958,0.05,581,50133,0.05092763510606207,0.2242358922958374,0.4000000059604645,0.07315828651189804,0.10000000149011612,0.16500215232372284,0.4000000059604645,0.07524090260267258,0.10000000149011612,frozen_mlp_surrogate_adjoint,900,900,900,700,58.44581460952759,58.44581460952759,0.06493979401058621
649,173.7484130859375,189.66607666015625,160.01931762695312,59.210243225097656,0.6510306596755981,0.9938163757324219,0.5556897521018982,0.24463412165641785,0.5376499891281128,T040_010_040_010,0.013655286282300949,0.002966909436509013,0.21376752853393555,0.002966909436509013,0.05,735,50647,0.05707184077231081,0.22425734996795654,0.4000000059604645,0.07315336167812347,0.10000000149011612,0.1649797260761261,0.4000000059604645,0.07525952160358429,0.10000000149011612,frozen_mlp_surrogate_adjoint,900,900,900,700,58.44581460952759,58.44581460952759,0.06493979401058621
650,173.7803955078125,189.66439819335938,160.06239318847656,59.22429656982422,0.6512527465820312,0.9937851428985596,0.5559888482093811,0.2448943704366684,0.537888765335083,T040_010_040_010,0.01365586742758751,0.0029785267543047667,0.21354679763317108,0.0029785267543047667,0.05,225,51257,0.03080894980906328,0.22441358864307404,0.4000000059604645,0.07304710894823074,0.10000000149011612,0.16495391726493835,0.4000000059604645,0.07547411322593689,0.10000000149011612,frozen_mlp_surrogate_adjoint,900,900,900,700,58.44581460952759,58.44581460952759,0.06493979401058621
651,173.69168090820312,189.66738891601562,160.02880859375,59.2086181640625,0.6506366729736328,0.9938404560089111,0.5557556748390198,0.24460405111312866,0.5373679399490356,T040_010_040_010,0.013656736351549625,0.0029553156346082687,0.21402841806411743,0.0029553156346082687,0.05,326,51570,0.03803514442012436,0.22365938127040863,0.4000000059604645,0.0733051523566246,0.10000000149011612,0.16506586968898773,0.4000000059604645,0.07533751428127289,0.10000000149011612,frozen_mlp_surrogate_adjoint,900,900,900,700,58.44581460952759,58.44581460952759,0.06493979401058621
652,173.7823486328125,189.63490295410156,160.01779174804688,59.21327590942383,0.6512662768363953,0.9932389259338379,0.5556791424751282,0.24469029903411865,0.5376684665679932,T040_010_040_010,0.0136604905128479,0.002972968155518174,0.2137504518032074,0.002972968155518174,0.05,889,51061,0.06458909787650946,0.22449852526187897,0.4000000059604645,0.07312799990177155,0.10000000149011612,0.16489771008491516,0.4000000059604645,0.07514423131942749,0.10000000149011612,frozen_mlp_surrogate_adjoint,900,900,900,700,58.44581460952759,58.44581460952759,0.06493979401058621
653,173.74530029296875,189.62799072265625,160.07528686523438,59.22462463378906,0.6510089635848999,0.9931107759475708,0.5560783743858337,0.2449004352092743,0.5375354290008545,T040_010_040_010,0.013661159202456474,0.002967485459521413,0.2138734757900238,0.002967485459521413,0.05,347,51083,0.0393601641980208,0.22389724850654602,0.4000000059604645,0.07322239875793457,0.10000000149011612,0.1649920642375946,0.4000000059604645,0.0754236951470375,0.10000000149011612,frozen_mlp_surrogate_adjoint,900,900,900,700,58.44581460952759,58.44581460952759,0.06493979401058621
654,173.8314208984375,189.62246704101562,160.0734405517578,59.20759582519531,0.6516071557998657,0.9930086135864258,0.556065559387207,0.2445850819349289,0.53792804479599,T040_010_040_010,0.013661336153745651,0.0029858110938221216,0.21351049840450287,0.0029858110938221216,0.05,844,51158,0.06191524916426657,0.22481650114059448,0.4000000059604645,0.07302507758140564,0.10000000149011612,0.16484297811985016,0.4000000059604645,0.07524348795413971,0.10000000149011612,frozen_mlp_surrogate_adjoint,900,900,900,700,58.44581460952759,58.44581460952759,0.06493979401058621
655,173.7955322265625,189.60960388183594,160.0027313232422,59.187782287597656,0.651357889175415,0.9927704930305481,0.5555745363235474,0.24421820044517517,0.5375469923019409,T040_010_040_010,0.013663243502378464,0.0029701045714318752,0.21386279165744781,0.0029701045714318752,0.05,345,50377,0.03922657781987314,0.22466954588890076,0.4000000059604645,0.07318541407585144,0.10000000149011612,0.16484542191028595,0.4000000059604645,0.07484664022922516,0.10000000149011612,frozen_mlp_surrogate_adjoint,900,900,900,700,58.44581460952759,58.44581460952759,0.06493979401058621
656,173.80078125,189.6044158935547,159.96917724609375,59.165184020996094,0.6513943076133728,0.9926742911338806,0.5553415417671204,0.24379971623420715,0.5374659895896912,T040_010_040_010,0.013664253987371922,0.0029673681128770113,0.21393771469593048,0.0029673681128770113,0.05,434,51160,0.04363874846370815,0.2248700112104416,0.4000000059604645,0.07321705669164658,0.10000000149011612,0.16480502486228943,0.4000000059604645,0.07457390427589417,0.10000000149011612,frozen_mlp_surrogate_adjoint,900,900,900,700,58.44581460952759,58.44581460952759,0.06493979401058621
657,173.80950927734375,189.59942626953125,160.02301025390625,59.19884490966797,0.6514548659324646,0.9925819635391235,0.5557153224945068,0.244423046708107,0.5376119613647461,T040_010_040_010,0.01366516761481762,0.002975032664835453,0.21380269527435303,0.002975032664835453,0.05,303,51358,0.03660138891064692,0.22468820214271545,0.4000000059604645,0.0731535255908966,0.10000000149011612,0.16482776403427124,0.4000000059604645,0.07494247704744339,0.10000000149011612,frozen_mlp_surrogate_adjoint,900,900,900,700,58.44581460952759,58.44581460952759,0.06493979401058621
658,173.7525634765625,189.5965576171875,159.9839630126953,59.194156646728516,0.6510594487190247,0.9925287961959839,0.5554441809654236,0.24433623254299164,0.5372391939163208,T040_010_040_010,0.013665728271007538,0.0029583503492176533,0.21414756774902344,0.0029583503492176533,0.05,566,50741,0.05033157207837065,0.22422248125076294,0.4000000059604645,0.07332447171211243,0.10000000149011612,0.16489428281784058,0.4000000059604645,0.07479798793792725,0.10000000149011612,frozen_mlp_surrogate_adjoint,900,900,900,700,58.44581460952759,58.44581460952759,0.06493979401058621
659,173.9285125732422,189.5931854248047,160.0774688720703,59.20478439331055,0.6522813439369202,0.992466390132904,0.5560935139656067,0.24453306198120117,0.5382847189903259,T040_010_040_010,0.013667319901287556,0.003008269937708974,0.2131810039281845,0.003008269937708974,0.05,721,50180,0.05663857853112178,0.22571152448654175,0.4000000059604645,0.07283194363117218,0.10000000149011612,0.16466104984283447,0.4000000059604645,0.07508021593093872,0.10000000149011612,frozen_mlp_surrogate_adjoint,900,900,900,700,58.44581460952759,58.44581460952759,0.06493979401058621
660,173.82064819335938,189.57339477539062,160.07730102539062,59.207855224609375,0.6515322923660278,0.9920998215675354,0.556092381477356,0.24458995461463928,0.5376238226890564,T040_010_040_010,0.013668634928762913,0.0029790482949465513,0.21379172801971436,0.0029790482949465513,0.05,840,50929,0.06177931376918823,0.22453424334526062,0.4000000059604645,0.07316415011882782,0.10000000149011612,0.1648246943950653,0.4000000059604645,0.07510077208280563,0.10000000149011612,frozen_mlp_surrogate_adjoint,900,900,900,700,58.44581460952759,58.44581460952759,0.06493979401058621
661,173.8524169921875,189.56997680664062,160.05575561523438,59.194374084472656,0.6517528295516968,0.9920365810394287,0.5559427738189697,0.24434027075767517,0.5377218723297119,T040_010_040_010,0.013669202104210854,0.0029841489158570766,0.213701069355011,0.0029841489158570766,0.05,541,50769,0.04928774704258313,0.22495001554489136,0.4000000059604645,0.07310647517442703,0.10000000149011612,0.1647547483444214,0.4000000059604645,0.07491061836481094,0.10000000149011612,frozen_mlp_surrogate_adjoint,900,900,900,700,58.44581460952759,58.44581460952759,0.06493979401058621
662,173.71490478515625,189.57383728027344,159.850830078125,59.14043045043945,0.650797963142395,0.9921080470085144,0.5545195937156677,0.24334129691123962,0.5366606712341309,T040_010_040_010,0.013669382780790329,0.002935216063633561,0.21468333899974823,0.002935216063633561,0.05,502,51143,0.047433679837718755,0.22430536150932312,0.4000000059604645,0.07356423139572144,0.10000000149011612,0.16485001146793365,0.4000000059604645,0.07394107431173325,0.10000000149011612,frozen_mlp_surrogate_adjoint,900,900,900,700,58.44581460952759,58.44581460952759,0.06493979401058621
663,173.7995147705078,189.53765869140625,159.9852752685547,59.16913604736328,0.6513855457305908,0.9914382696151733,0.5554533004760742,0.24387292563915253,0.5371436476707458,T040_010_040_010,0.013673841953277588,0.002962041413411498,0.21423600614070892,0.002962041413411498,0.05,796,51534,0.059601423177539,0.2245810180902481,0.4000000059604645,0.07336393743753433,0.10000000149011612,0.16477012634277344,0.4000000059604645,0.07442855089902878,0.10000000149011612,frozen_mlp_surrogate_adjoint,900,900,900,700,58.44581460952759,58.44581460952759,0.06493979401058621
664,173.74642944335938,189.53660583496094,160.07708740234375,59.21158981323242,0.6510168313980103,0.9914186000823975,0.5560908913612366,0.24465909600257874,0.5370516180992126,T040_010_040_010,0.013674397021532059,0.0029583354480564594,0.21432121098041534,0.0029583354480564594,0.05,897,50162,0.06483365464575026,0.22364403307437897,0.4000000059604645,0.07344286143779755,0.10000000149011612,0.16491898894309998,0.4000000059604645,0.07504575699567795,0.10000000149011612,frozen_mlp_surrogate_adjoint,900,900,900,700,58.44581460952759,58.44581460952759,0.06493979401058621
665,173.80247497558594,189.52870178222656,160.1203155517578,59.198448181152344,0.6514060497283936,0.9912721514701843,0.5563910603523254,0.24441573023796082,0.5373386740684509,T040_010_040_010,0.013676273636519909,0.002973497612401843,0.21405550837516785,0.002973497612401843,0.05,878,50225,0.06397466677787389,0.22410738468170166,0.4000000059604645,0.07332240045070648,0.10000000149011612,0.16482871770858765,0.4000000059604645,0.07508015632629395,0.10000000149011612,frozen_mlp_surrogate_adjoint,900,900,900,700,58.44581460952759,58.44581460952759,0.06493979401058621
666,173.83926391601562,189.47998046875,160.0999755859375,59.19799041748047,0.6516615152359009,0.9903698563575745,0.5562498569488525,0.24440722167491913,0.5372542142868042,T040_010_040_010,0.013682103715837002,0.0029754203278571367,0.21413366496562958,0.0029754203278571367,0.05,620,51463,0.05262422655094968,0.2243836224079132,0.4000000059604645,0.07333548367023468,0.10000000149011612,0.16473481059074402,0.4000000059604645,0.07480026036500931,0.10000000149011612,frozen_mlp_surrogate_adjoint,900,900,900,700,58.44581460952759,58.44581460952759,0.06493979401058621
667,173.87669372558594,189.4680938720703,160.11505126953125,59.19087219238281,0.6519215106964111,0.990149974822998,0.5563545823097229,0.24427543580532074,0.537398099899292,T040_010_040_010,0.01368355005979538,0.0029835232999175787,0.21400052309036255,0.0029835232999175787,0.05,509,51217,0.04806910787492962,0.22470560669898987,0.4000000059604645,0.07326901704072952,0.10000000149011612,0.1646730601787567,0.4000000059604645,0.07475042343139648,0.10000000149011612,frozen_mlp_surrogate_adjoint,900,900,900,700,58.44581460952759,58.44581460952759,0.06493979401058621
668,173.83132934570312,189.4434814453125,160.12771606445312,59.196319580078125,0.6516064405441284,0.9896941184997559,0.5564424991607666,0.2443762868642807,0.5370596647262573,T040_010_040_010,0.013687034137547016,0.0029713453259319067,0.21431376039981842,0.0029713453259319067,0.05,453,50732,0.04491709873990174,0.22410829365253448,0.4000000059604645,0.07343853265047073,0.10000000149011612,0.1647375077009201,0.4000000059604645,0.07477536797523499,0.10000000149011612,frozen_mlp_surrogate_adjoint,900,900,900,700,58.44581460952759,58.44581460952759,0.06493979401058621
669,173.89108276367188,189.44747924804688,160.06573486328125,59.17173767089844,0.6520213484764099,0.9897680878639221,0.5560120940208435,0.24392108619213104,0.5372697114944458,T040_010_040_010,0.01368724275380373,0.002981276949867606,0.2141193151473999,0.002981276949867606,0.05,759,50675,0.05772710441822347,0.22498418390750885,0.4000000059604645,0.07330773770809174,0.10000000149011612,0.1645999401807785,0.4000000059604645,0.07437784969806671,0.10000000149011612,frozen_mlp_surrogate_adjoint,900,900,900,700,58.44581460952759,58.44581460952759,0.06493979401058621
670,173.79905700683594,189.40341186523438,160.04217529296875,59.17536544799805,0.651382327079773,0.988952100276947,0.5558484792709351,0.24398823082447052,0.5365349054336548,T040_010_040_010,0.0136940348893404,0.0029540392570197582,0.2147998958826065,0.0029540392570197582,0.05,820,50602,0.06092138484258922,0.22395586967468262,0.4000000059604645,0.07365358620882034,0.10000000149011612,0.1647026240825653,0.4000000059604645,0.07422282546758652,0.10000000149011612,frozen_mlp_surrogate_adjoint,900,900,900,700,58.44581460952759,58.44581460952759,0.06493979401058621
671,173.90255737304688,189.38858032226562,160.05764770507812,59.164268493652344,0.6521010994911194,0.9886773824691772,0.5559558272361755,0.24378277361392975,0.5370028018951416,T040_010_040_010,0.013696568086743355,0.002978248056024313,0.21436640620231628,0.002978248056024313,0.05,764,50547,0.058107590183407366,0.22495509684085846,0.4000000059604645,0.07342047244310379,0.10000000149011612,0.16452884674072266,0.4000000059604645,0.0740983709692955,0.10000000149011612,frozen_mlp_surrogate_adjoint,900,900,900,700,58.44581460952759,58.44581460952759,0.06493979401058621
672,173.68910217285156,189.346435546875,160.00149536132812,59.15266418457031,0.6506187915802002,0.9878970384597778,0.5555660128593445,0.24356786906719208,0.5355738401412964,T040_010_040_010,0.013704793527722359,0.002920210827142,0.21569165587425232,0.002920210827142,0.05,504,50910,0.047751703785639754,0.2228296399116516,0.4000000059604645,0.07411449402570724,0.10000000149011612,0.16480198502540588,0.4000000059604645,0.07382769882678986,0.10000000149011612,frozen_mlp_surrogate_adjoint,900,900,900,700,58.44581460952759,58.44581460952759,0.06493979401058621
673,173.798828125,189.33035278320312,160.15383911132812,59.20919418334961,0.6513807773590088,0.98759925365448,0.5566238760948181,0.24461472034454346,0.5363609194755554,T040_010_040_010,0.0137052983045578,0.0029572383500635624,0.2149612009525299,0.0029572383500635624,0.05,843,50752,0.06183424551986525,0.22329355776309967,0.4000000059604645,0.07376142591238022,0.10000000149011612,0.16471967101097107,0.4000000059604645,0.07458628714084625,0.10000000149011612,frozen_mlp_surrogate_adjoint,900,900,900,700,58.44581460952759,58.44581460952759,0.06493979401058621
674,128.79208374023438,140.41278076171875,160.10313415527344,64.07930755615234,0.3388339579105377,0.08171827346086502,0.5562717914581299,0.3348020315170288,0.7429813146591187,T040_010_040_010,0.01405140571296215,0.010748475790023804,0.06605860590934753,0.010748475790023804,0.05,799,12,0.05979262722161943,0.36839789152145386,0.4000000059604645,0.08734281361103058,0.10000000149011612,0.16862636804580688,0.4000000059604645,0.11861428618431091,0.10000000149011612,frozen_mlp_surrogate_adjoint,900,900,900,700,58.44581460952759,58.44581460952759,0.06493979401058621
675,132.57009887695312,140.51272583007812,163.5477294921875,61.08438491821289,0.3650701344013214,0.08356913924217224,0.580192506313324,0.2793404459953308,0.7147184014320374,T040_010_040_010,0.014193184673786163,0.01012390572577715,0.08138559013605118,0.01012390572577715,0.05,696,51485,0.05590552021769285,0.35381385684013367,0.4000000059604645,0.08930260688066483,0.10000000149011612,0.16530102491378784,0.4000000059604645,0.10630089789628983,0.10000000149011612,frozen_mlp_surrogate_adjoint,900,900,900,700,58.44581460952759,58.44581460952759,0.06493979401058621
676,132.6026611328125,140.51422119140625,163.61831665039062,61.083431243896484,0.36529630422592163,0.08359675109386444,0.5806826949119568,0.2793228030204773,0.7148348093032837,T040_010_040_010,0.014193220064043999,0.010127260349690914,0.0813191831111908,0.010127260349690914,0.05,510,50719,0.04807057430382608,0.35349488258361816,0.4000000059604645,0.08944857120513916,0.10000000149011612,0.16521230340003967,0.4000000059604645,0.10667908191680908,0.10000000149011612,frozen_mlp_surrogate_adjoint,900,900,900,700,58.44581460952759,58.44581460952759,0.06493979401058621
677,132.54750061035156,140.50958251953125,163.53982543945312,61.08210372924805,0.3649132251739502,0.08351080119609833,0.5801376104354858,0.27929821610450745,0.7147819399833679,T040_010_040_010,0.014193268492817879,0.010125800967216492,0.08134934306144714,0.010125800967216492,0.05,475,51675,0.04609540020828784,0.35386258363723755,0.4000000059604645,0.08930212259292603,0.10000000149011612,0.16530786454677582,0.4000000059604645,0.10630935430526733,0.10000000149011612,frozen_mlp_surrogate_adjoint,900,900,900,700,58.44581460952759,58.44581460952759,0.06493979401058621
678,80.26277923583984,169.75343322753906,81.64315032958984,46.014957427978516,0.0018248431151732802,0.6250636577606201,0.011410757899284363,0.00027696607867255807,0.5532820224761963,T040_010_040_010,0.014347979798913002,0.004370132461190224,0.19955694675445557,0.004370132461190224,0.05,318,51454,0.037604755052374386,0.22646869719028473,0.4000000059604645,0.07894228398799896,0.10000000149011612,0.16027435660362244,0.4000000059604645,0.08759671449661255,0.10000000149011612,frozen_mlp_surrogate_adjoint,900,900,900,700,58.44581460952759,58.44581460952759,0.06493979401058621
679,80.2085952758789,169.71597290039062,81.34922790527344,46.103153228759766,0.0014485545689240098,0.6243700385093689,0.009369658306241035,0.0019102167570963502,0.5532659888267517,T040_010_040_010,0.014378190040588379,0.004399625584483147,0.19957128167152405,0.004399625584483147,0.05,126,51592,0.023233791222056276,0.22671909630298615,0.4000000059604645,0.07916729897260666,0.10000000149011612,0.15998172760009766,0.4000000059604645,0.08739787340164185,0.10000000149011612,frozen_mlp_surrogate_adjoint,900,900,900,700,58.44581460952759,58.44581460952759,0.06493979401058621
680,80.25714874267578,169.71307373046875,81.43094635009766,46.0946159362793,0.0017857542261481285,0.6243160963058472,0.009937113150954247,0.0017521698027849197,0.5530805587768555,T040_010_040_010,0.014388196170330048,0.004401346668601036,0.19973698258399963,0.004401346668601036,0.05,218,51747,0.030660152921116075,0.22669057548046112,0.4000000059604645,0.07909485697746277,0.10000000149011612,0.15990735590457916,0.4000000059604645,0.08738778531551361,0.10000000149011612,frozen_mlp_surrogate_adjoint,900,900,900,700,58.44581460952759,58.44581460952759,0.06493979401058621
681,80.29676055908203,169.7518310546875,82.0043716430664,46.06928253173828,0.002060815691947937,0.6250339150428772,0.013919247314333916,0.001283009652979672,0.5531185865402222,T040_010_040_010,0.014393975958228111,0.00440882658585906,0.19970299303531647,0.00440882658585906,0.05,528,51518,0.04869516527336863,0.2260037362575531,0.4000000059604645,0.07862116396427155,0.10000000149011612,0.16012129187583923,0.4000000059604645,0.08837234973907471,0.10000000149011612,frozen_mlp_surrogate_adjoint,900,900,900,700,58.44581460952759,58.44581460952759,0.06493979401058621
682,80.37069702148438,169.73268127441406,81.5468978881836,46.12482833862305,0.00257428758777678,0.6246793866157532,0.010742350481450558,0.0023116450756788254,0.5525012016296387,T040_010_040_010,0.014437699690461159,0.004424940794706345,0.20025517046451569,0.004424940794706345,0.05,291,51666,0.035740994405006235,0.22645503282546997,0.4000000059604645,0.07904622703790665,0.10000000149011612,0.15958210825920105,0.4000000059604645,0.0874178558588028,0.10000000149011612,frozen_mlp_surrogate_adjoint,900,900,900,700,58.44581460952759,58.44581460952759,0.06493979401058621
683,80.39906311035156,169.72982788085938,81.98133850097656,46.116302490234375,0.002771248808130622,0.6246265769004822,0.013759276829659939,0.002153769601136446,0.5524845719337463,T040_010_040_010,0.0144475307315588,0.004434028174728155,0.20027005672454834,0.004434028174728155,0.05,660,50189,0.05393777529527098,0.22607289254665375,0.4000000059604645,0.07860364019870758,0.10000000149011612,0.1596691608428955,0.4000000059604645,0.0881388932466507,0.10000000149011612,frozen_mlp_surrogate_adjoint,900,900,900,700,58.44581460952759,58.44581460952759,0.06493979401058621
684,80.53199005126953,169.7252197265625,82.53413391113281,46.06666564941406,0.003694400656968355,0.6245411038398743,0.017598172649741173,0.0012345743598416448,0.5522403120994568,T040_010_040_010,0.014465872198343277,0.004441434983164072,0.20048873126506805,0.004441434983164072,0.05,342,50845,0.039049141126834414,0.22571849822998047,0.4000000059604645,0.07818134129047394,0.10000000149011612,0.15966783463954926,0.4000000059604645,0.08867261558771133,0.10000000149011612,frozen_mlp_surrogate_adjoint,900,900,900,700,58.44581460952759,58.44581460952759,0.06493979401058621
685,80.6412124633789,169.703857421875,82.23020935058594,46.03395462036133,0.004452863242477179,0.6241453886032104,0.015487557277083397,0.0006288050208240747,0.5516808032989502,T040_010_040_010,0.014471404254436493,0.0044218990951776505,0.20099009573459625,0.0044218990951776505,0.05,329,50022,0.03819408320785729,0.22624893486499786,0.4000000059604645,0.0784338116645813,0.10000000149011612,0.15937410295009613,0.4000000059604645,0.0876239612698555,0.10000000149011612,frozen_mlp_surrogate_adjoint,900,900,900,700,58.44581460952759,58.44581460952759,0.06493979401058621
686,80.75115203857422,169.68359375,82.44639587402344,46.023948669433594,0.00521635077893734,0.6237702369689941,0.016988860443234444,0.00044351007090881467,0.5512939691543579,T040_010_040_010,0.014499782584607601,0.004432927817106247,0.20133709907531738,0.004432927817106247,0.05,896,50907,0.064776548784562,0.2261955738067627,0.4000000059604645,0.07825775444507599,0.10000000149011612,0.15917269885540009,0.4000000059604645,0.08766792714595795,0.10000000149011612,frozen_mlp_surrogate_adjoint,900,900,900,700,58.44581460952759,58.44581460952759,0.06493979401058621
687,80.85675048828125,169.685302734375,83.07093048095703,46.08987808227539,0.00594964437186718,0.6238017678260803,0.02132590115070343,0.0016643987037241459,0.5508543252944946,T040_010_040_010,0.014577687717974186,0.0044910963624715805,0.2017318308353424,0.0044910963624715805,0.05,615,50366,0.05243422636247655,0.22546082735061646,0.4000000059604645,0.07771679013967514,0.10000000149011612,0.1588865965604782,0.4000000059604645,0.08879009634256363,0.10000000149011612,frozen_mlp_surrogate_adjoint,900,900,900,700,58.44581460952759,58.44581460952759,0.06493979401058621
688,81.05538177490234,169.64784240722656,83.15037536621094,46.10124969482422,0.00732902716845274,0.6231080889701843,0.02187759429216385,0.0018749749287962914,0.5499180555343628,T040_010_040_010,0.01463999878615141,0.0045113107189536095,0.202573761343956,0.0045113107189536095,0.05,530,50409,0.048905723775302605,0.22561845183372498,0.4000000059604645,0.07763076573610306,0.10000000149011612,0.1583224982023239,0.4000000059604645,0.08834637701511383,0.10000000149011612,frozen_mlp_surrogate_adjoint,900,900,900,700,58.44581460952759,58.44581460952759,0.06493979401058621
689,80.51213836669922,169.44029235839844,81.42422485351562,46.452518463134766,0.0035565304569900036,0.6192647218704224,0.009890450164675713,0.00838000513613224,0.5517378449440002,T040_010_040_010,0.014647264033555984,0.004600315820425749,0.20093895494937897,0.004600315820425749,0.05,605,51306,0.05174311807598568,0.2273668497800827,0.4000000059604645,0.07910290360450745,0.10000000149011612,0.15787477791309357,0.4000000059604645,0.08739335834980011,0.10000000149011612,frozen_mlp_surrogate_adjoint,900,900,900,700,58.44581460952759,58.44581460952759,0.06493979401058621
690,80.67951965332031,169.19532775878906,82.21514892578125,46.35472106933594,0.00471889553591609,0.6147283315658569,0.015382997691631317,0.006568887270987034,0.5516551733016968,T040_010_040_010,0.014659326523542404,0.004608672112226486,0.20101308822631836,0.004608672112226486,0.05,687,50818,0.0554648720162205,0.2278834879398346,0.4000000059604645,0.07822486758232117,0.10000000149011612,0.15773171186447144,0.4000000059604645,0.08781509101390839,0.10000000149011612,frozen_mlp_surrogate_adjoint,900,900,900,700,58.44581460952759,58.44581460952759,0.06493979401058621
691,81.24063110351562,169.6346435546875,83.5540542602539,46.065589904785156,0.008615478873252869,0.6228636503219604,0.02468092553317547,0.0012146617518737912,0.5493084788322449,T040_010_040_010,0.014678357169032097,0.00452221417799592,0.20312285423278809,0.00452221417799592,0.05,808,50620,0.06057138827895739,0.22544071078300476,0.4000000059604645,0.07731720805168152,0.10000000149011612,0.1580827832221985,0.4000000059604645,0.0884677842259407,0.10000000149011612,frozen_mlp_surrogate_adjoint,900,900,900,700,58.44581460952759,58.44581460952759,0.06493979401058621
692,81.2028579711914,169.66526794433594,82.59858703613281,46.24806594848633,0.008353159762918949,0.6234307885169983,0.018045755103230476,0.004593835212290287,0.5486761927604675,T040_010_040_010,0.01475699245929718,0.004572332836687565,0.2036931812763214,0.004572332836687565,0.05,753,51507,0.057579575004841024,0.2257382869720459,0.4000000059604645,0.07823240011930466,0.10000000149011612,0.1573166847229004,0.4000000059604645,0.08738883584737778,0.10000000149011612,frozen_mlp_surrogate_adjoint,900,900,900,700,58.44581460952759,58.44581460952759,0.06493979401058621
693,81.28337860107422,169.61669921875,83.0710220336914,46.20557403564453,0.008912348188459873,0.6225314140319824,0.021326564252376556,0.0038069041911512613,0.5485168695449829,T040_010_040_010,0.014761559665203094,0.004569708369672298,0.20383702218532562,0.004569708369672298,0.05,688,50797,0.05552903883263777,0.22571396827697754,0.4000000059604645,0.07766611129045486,0.10000000149011612,0.1573314368724823,0.4000000059604645,0.08780533820390701,0.10000000149011612,frozen_mlp_surrogate_adjoint,900,900,900,700,58.44581460952759,58.44581460952759,0.06493979401058621
694,82.1005859375,170.2723388671875,82.5604248046875,46.306480407714844,0.014587423764169216,0.6346728205680847,0.01778070628643036,0.005675559397786856,0.5439494848251343,T040_010_040_010,0.015075578354299068,0.004676474258303642,0.20798207819461823,0.004676474258303642,0.05,835,51411,0.061454014160626604,0.22175611555576324,0.4000000059604645,0.07979223132133484,0.10000000149011612,0.1557028740644455,0.4000000059604645,0.0866982638835907,0.10000000149011612,frozen_mlp_surrogate_adjoint,900,900,900,700,58.44581460952759,58.44581460952759,0.06493979401058621
695,175.65545654296875,171.2156982421875,160.65846252441406,58.28191375732422,0.6642740368843079,0.6521425843238831,0.5601282119750977,0.2274428904056549,0.5678994655609131,T040_010_040_010,0.015171477571129799,0.005835933145135641,0.1867108792066574,0.005835933145135641,0.05,346,2,0.03930062441080571,0.23567360639572144,0.4000000059604645,0.1083110123872757,0.10000000149011612,0.15841519832611084,0.4000000059604645,0.0654996931552887,0.10000000149011612,frozen_mlp_surrogate_adjoint,900,900,900,700,58.44581460952759,58.44581460952759,0.06493979401058621
696,175.62635803222656,171.21026611328125,160.64059448242188,58.278343200683594,0.6640719175338745,0.6520417928695679,0.5600040555000305,0.22737668454647064,0.5678300857543945,T040_010_040_010,0.015171549282968044,0.005833007395267487,0.18677084147930145,0.005833007395267487,0.05,700,50110,0.05607390117187857,0.2354857176542282,0.4000000059604645,0.10842788964509964,0.10000000149011612,0.15849287807941437,0.4000000059604645,0.06542357802391052,0.10000000149011612,frozen_mlp_surrogate_adjoint,900,900,900,700,58.44581460952759,58.44581460952759,0.06493979401058621
697,175.6074676513672,171.1947784423828,160.67156982421875,58.29111862182617,0.6639407277107239,0.6517552137374878,0.5602192878723145,0.22761332988739014,0.5679713487625122,T040_010_040_010,0.015171646140515804,0.005839208140969276,0.18664875626564026,0.005839208140969276,0.05,233,50440,0.03125147252571756,0.23519690334796906,0.4000000059604645,0.10852296650409698,0.10000000149011612,0.15852110087871552,0.4000000059604645,0.06573040783405304,0.10000000149011612,frozen_mlp_surrogate_adjoint,900,900,900,700,58.44581460952759,58.44581460952759,0.06493979401058621
698,175.6446533203125,171.21505737304688,160.6485595703125,58.275428771972656,0.6641989350318909,0.6521305441856384,0.5600594878196716,0.2273227870464325,0.567851722240448,T040_010_040_010,0.015171767212450504,0.0058341603726148605,0.18675214052200317,0.0058341603726148605,0.05,401,51529,0.041921385413965916,0.23562473058700562,0.4000000059604645,0.1083536297082901,0.10000000149011612,0.15844537317752838,0.4000000059604645,0.06542803347110748,0.10000000149011612,frozen_mlp_surrogate_adjoint,900,900,900,700,58.44581460952759,58.44581460952759,0.06493979401058621
699,175.5779266357422,171.2012481689453,160.6539764404297,58.27812957763672,0.6637356281280518,0.6518748998641968,0.5600970387458801,0.22737276554107666,0.5678379535675049,T040_010_040_010,0.01517193578183651,0.005833734292536974,0.18676403164863586,0.005833734292536974,0.05,491,50408,0.047059595782044376,0.23498913645744324,0.4000000059604645,0.1086307168006897,0.10000000149011612,0.15860509872436523,0.4000000059604645,0.06561300903558731,0.10000000149011612,frozen_mlp_surrogate_adjoint,900,900,900,700,58.44581460952759,58.44581460952759,0.06493979401058621
700,175.6553955078125,171.18927001953125,160.73193359375,58.304927825927734,0.6642736196517944,0.6516531705856323,0.5606383681297302,0.22786901891231537,0.5682399272918701,T040_010_040_010,0.01517194602638483,0.005851107649505138,0.18641676008701324,0.005851107649505138,0.05,287,50817,0.03542548855655606,0.23541119694709778,0.4000000059604645,0.10835086554288864,0.10000000149011612,0.1583741158246994,0.4000000059604645,0.06610378623008728,0.10000000149011612,frozen_mlp_surrogate_adjoint,900,900,900,700,58.44581460952759,58.44581460952759,0.06493979401058621
701,175.65438842773438,171.2018280029297,160.677978515625,58.290000915527344,0.6642666459083557,0.6518856287002563,0.5602636933326721,0.2275926172733307,0.5680204629898071,T040_010_040_010,0.015171968378126621,0.0058416519314050674,0.18660631775856018,0.0058416519314050674,0.05,818,51002,0.06090042400826476,0.23560988903045654,0.4000000059604645,0.10833406448364258,0.10000000149011612,0.15840186178684235,0.4000000059604645,0.06567464768886566,0.10000000149011612,frozen_mlp_surrogate_adjoint,900,900,900,700,58.44581460952759,58.44581460952759,0.06493979401058621
702,175.60934448242188,171.21768188476562,160.62628173828125,58.269283294677734,0.6639538407325745,0.6521791815757751,0.5599047541618347,0.2272089272737503,0.5677217245101929,T040_010_040_010,0.015172029845416546,0.005828804336488247,0.18686451017856598,0.005828804336488247,0.05,495,50031,0.0472980229384793,0.23539024591445923,0.4000000059604645,0.1084829792380333,0.10000000149011612,0.15854023396968842,0.4000000059604645,0.06530829519033432,0.10000000149011612,frozen_mlp_surrogate_adjoint,900,900,900,700,58.44581460952759,58.44581460952759,0.06493979401058621
703,175.6197509765625,171.20286560058594,160.66502380371094,58.29054260253906,0.6640260815620422,0.6519050002098083,0.560173749923706,0.22760263085365295,0.5679311156272888,T040_010_040_010,0.01517208106815815,0.005837905220687389,0.1866835206747055,0.005837905220687389,0.05,415,50586,0.04276094810234693,0.23531696200370789,0.4000000059604645,0.10846666991710663,0.10000000149011612,0.15849244594573975,0.4000000059604645,0.06565503776073456,0.10000000149011612,frozen_mlp_surrogate_adjoint,900,900,900,700,58.44581460952759,58.44581460952759,0.06493979401058621
704,175.62060546875,171.20526123046875,160.6702880859375,58.2860107421875,0.6640320420265198,0.6519491672515869,0.5602103471755981,0.2275187224149704,0.5679294466972351,T040_010_040_010,0.015172125771641731,0.005837877281010151,0.1866849660873413,0.005837877281010151,0.05,841,51484,0.06180179310588579,0.2353084683418274,0.4000000059604645,0.10846211016178131,0.10000000149011612,0.15848995745182037,0.4000000059604645,0.06566894799470901,0.10000000149011612,frozen_mlp_surrogate_adjoint,900,900,900,700,58.44581460952759,58.44581460952759,0.06493979401058621
705,175.71449279785156,171.21694946289062,160.69744873046875,58.28521728515625,0.664683997631073,0.6521657705307007,0.5603989362716675,0.22750402987003326,0.5680840611457825,T040_010_040_010,0.015172149986028671,0.005844580940902233,0.18655137717723846,0.005844580940902233,0.05,531,51338,0.04891891075719034,0.2360846996307373,0.4000000059604645,0.10808606445789337,0.10000000149011612,0.1582515984773636,0.4000000059604645,0.06566173583269119,0.10000000149011612,frozen_mlp_surrogate_adjoint,900,900,900,700,58.44581460952759,58.44581460952759,0.06493979401058621
706,175.5906219482422,171.18960571289062,160.67636108398438,58.28897476196289,0.6638237833976746,0.6516591906547546,0.5602525472640991,0.22757358849048615,0.5679782032966614,T040_010_040_010,0.015172192826867104,0.0058400509878993034,0.1866428256034851,0.0058400509878993034,0.05,607,50294,0.051857352239508575,0.23503488302230835,0.4000000059604645,0.1085963174700737,0.10000000149011612,0.1585579365491867,0.4000000059604645,0.06578904390335083,0.10000000149011612,frozen_mlp_surrogate_adjoint,900,900,900,700,58.44581460952759,58.44581460952759,0.06493979401058621
707,175.663818359375,171.20681762695312,160.71485900878906,58.28443145751953,0.6643320918083191,0.6519782543182373,0.5605198740959167,0.22748947143554688,0.5681030750274658,T040_010_040_010,0.015172213315963745,0.005845466163009405,0.18653495609760284,0.005845466163009405,0.05,181,50217,0.027847238755922484,0.23555505275726318,0.4000000059604645,0.10830015689134598,0.10000000149011612,0.15836681425571442,0.4000000059604645,0.06588107347488403,0.10000000149011612,frozen_mlp_surrogate_adjoint,900,900,900,700,58.44581460952759,58.44581460952759,0.06493979401058621
708,175.6332244873047,171.20523071289062,160.67877197265625,58.28883361816406,0.6641196012496948,0.6519488096237183,0.5602691769599915,0.2275710105895996,0.5679723620414734,T040_010_040_010,0.015172228217124939,0.005839834455400705,0.18664787709712982,0.005839834455400705,0.05,609,50854,0.05208353729371472,0.23539109528064728,0.4000000059604645,0.10841423273086548,0.10000000149011612,0.15845414996147156,0.4000000059604645,0.06571286916732788,0.10000000149011612,frozen_mlp_surrogate_adjoint,900,900,900,700,58.44581460952759,58.44581460952759,0.06493979401058621
709,175.688720703125,171.21923828125,160.69320678710938,58.276084899902344,0.6645049452781677,0.6522079706192017,0.5603694915771484,0.22733493149280548,0.5680145025253296,T040_010_040_010,0.015172315761446953,0.0058417427353560925,0.18661147356033325,0.0058417427353560925,0.05,422,51475,0.04305838256121792,0.23586440086364746,0.4000000059604645,0.10818637907505035,0.10000000149011612,0.15831801295280457,0.4000000059604645,0.06564570963382721,0.10000000149011612,frozen_mlp_surrogate_adjoint,900,900,900,700,58.44581460952759,58.44581460952759,0.06493979401058621
710,175.5499267578125,171.20599365234375,160.61642456054688,58.266746520996094,0.6635411381721497,0.65196293592453,0.559836208820343,0.22716198861598969,0.5676618814468384,T040_010_040_010,0.015172319486737251,0.0058265067636966705,0.18691624701023102,0.0058265067636966705,0.05,738,50776,0.057224339594382424,0.23487582802772522,0.4000000059604645,0.10873018205165863,0.10000000149011612,0.15869127213954926,0.4000000059604645,0.06536459177732468,0.10000000149011612,frozen_mlp_surrogate_adjoint,900,900,900,700,58.44581460952759,58.44581460952759,0.06493979401058621
711,175.64352416992188,171.20755004882812,160.70054626464844,58.278953552246094,0.6641911268234253,0.6519918441772461,0.5604204535484314,0.22738805413246155,0.5680257081985474,T040_010_040_010,0.015172328799962997,0.00584223959594965,0.18660178780555725,0.00584223959594965,0.05,505,50172,0.04785137615173911,0.23542404174804688,0.4000000059604645,0.10837733000516891,0.10000000149011612,0.15842312574386597,0.4000000059604645,0.06580118089914322,0.10000000149011612,frozen_mlp_surrogate_adjoint,900,900,900,700,58.44581460952759,58.44581460952759,0.06493979401058621
712,175.54891967773438,171.20474243164062,160.61685180664062,58.26763153076172,0.6635342240333557,0.6519397497177124,0.5598392486572266,0.22717837989330292,0.567668080329895,T040_010_040_010,0.015172339975833893,0.005826795939356089,0.18691088259220123,0.005826795939356089,0.05,690,50784,0.05567654905006388,0.23486612737178802,0.4000000059604645,0.1087353527545929,0.10000000149011612,0.15869295597076416,0.4000000059604645,0.06537363678216934,0.10000000149011612,frozen_mlp_surrogate_adjoint,900,900,900,700,58.44581460952759,58.44581460952759,0.06493979401058621
713,175.572998046875,171.20555114746094,160.63938903808594,58.277191162109375,0.6637013554573059,0.6519546508789062,0.5599957704544067,0.22735536098480225,0.5677679777145386,T040_010_040_010,0.015172353014349937,0.005831126589328051,0.1868245154619217,0.005831126589328051,0.05,365,50800,0.04025185603080967,0.2349855601787567,0.4000000059604645,0.10864386707544327,0.10000000149011612,0.15862178802490234,0.4000000059604645,0.06551679968833923,0.10000000149011612,frozen_mlp_surrogate_adjoint,900,900,900,700,58.44581460952759,58.44581460952759,0.06493979401058621
714,175.6377716064453,171.19631958007812,160.687255859375,58.287330627441406,0.6641511917114258,0.6517836451530457,0.5603281259536743,0.2275431901216507,0.5680397152900696,T040_010_040_010,0.015172353014349937,0.005842867773026228,0.18658968806266785,0.005842867773026228,0.05,311,50624,0.03710738008274139,0.23543483018875122,0.4000000059604645,0.10840743035078049,0.10000000149011612,0.15843680500984192,0.4000000059604645,0.06576065719127655,0.10000000149011612,frozen_mlp_surrogate_adjoint,900,900,900,700,58.44581460952759,58.44581460952759,0.06493979401058621
715,175.61795043945312,171.2046661376953,160.6947479248047,58.278221130371094,0.6640135645866394,0.6519383192062378,0.560380220413208,0.22737450897693634,0.567986249923706,T040_010_040_010,0.015172403305768967,0.005840609315782785,0.18663588166236877,0.005840609315782785,0.05,649,50381,0.05359424111499607,0.23520797491073608,0.4000000059604645,0.10847974568605423,0.10000000149011612,0.1584882140159607,0.4000000059604645,0.06581032276153564,0.10000000149011612,frozen_mlp_surrogate_adjoint,900,900,900,700,58.44581460952759,58.44581460952759,0.06493979401058621
716,175.561279296875,171.2015380859375,160.62564086914062,58.27050018310547,0.6636199951171875,0.6518803238868713,0.5599003434181213,0.2272314727306366,0.567724883556366,T040_010_040_010,0.015172486193478107,0.005829396657645702,0.1868617832660675,0.005829396657645702,0.05,733,50312,0.05699264148289646,0.23495489358901978,0.4000000059604645,0.10869202762842178,0.10000000149011612,0.15865592658519745,0.4000000059604645,0.06542205810546875,0.10000000149011612,frozen_mlp_surrogate_adjoint,900,900,900,700,58.44581460952759,58.44581460952759,0.06493979401058621
717,175.61851501464844,171.21343994140625,160.66575622558594,58.274253845214844,0.6640174388885498,0.6521005630493164,0.5601788759231567,0.2273009717464447,0.5678629279136658,T040_010_040_010,0.015172536484897137,0.005835413932800293,0.18674245476722717,0.005835413932800293,0.05,407,50759,0.0422324293811851,0.23530834913253784,0.4000000059604645,0.10846372693777084,0.10000000149011612,0.15849953889846802,0.4000000059604645,0.06559126824140549,0.10000000149011612,frozen_mlp_surrogate_adjoint,900,900,900,700,58.44581460952759,58.44581460952759,0.06493979401058621
718,175.51992797851562,171.19662475585938,160.62081909179688,58.276268005371094,0.6633328199386597,0.6517892479896545,0.5598668456077576,0.2273382544517517,0.5676846504211426,T040_010_040_010,0.015172555111348629,0.005827726796269417,0.18689656257629395,0.005827726796269417,0.05,622,51089,0.05265571630064533,0.23457159101963043,0.4000000059604645,0.10885696113109589,0.10000000149011612,0.15876047313213348,0.4000000059604645,0.06549561023712158,0.10000000149011612,frozen_mlp_surrogate_adjoint,900,900,900,700,58.44581460952759,58.44581460952759,0.06493979401058621
719,175.61532592773438,171.21969604492188,160.6444854736328,58.262577056884766,0.6639953851699829,0.6522164940834045,0.5600311756134033,0.22708475589752197,0.567760169506073,T040_010_040_010,0.01517260167747736,0.0058310385793447495,0.1868312656879425,0.0058310385793447495,0.05,341,51140,0.03904065824570617,0.23538151383399963,0.4000000059604645,0.10846462845802307,0.10000000149011612,0.1585180163383484,0.4000000059604645,0.06539600342512131,0.10000000149011612,frozen_mlp_surrogate_adjoint,900,900,900,700,58.44581460952759,58.44581460952759,0.06493979401058621
720,175.70687866210938,171.2176513671875,160.69412231445312,58.29248046875,0.6646310687065125,0.6521788239479065,0.5603758692741394,0.22763854265213013,0.568063497543335,T040_010_040_010,0.015172766521573067,0.005844308529049158,0.18656913936138153,0.005844308529049158,0.05,132,51100,0.02423606241865376,0.23600077629089355,0.4000000059604645,0.10811541974544525,0.10000000149011612,0.1582663208246231,0.4000000059604645,0.06568101048469543,0.10000000149011612,frozen_mlp_surrogate_adjoint,900,900,900,700,58.44581460952759,58.44581460952759,0.06493979401058621
721,175.63575744628906,171.21632385253906,160.66061401367188,58.279563903808594,0.6641371846199036,0.6521540880203247,0.5601431727409363,0.22739936411380768,0.5678632855415344,T040_010_040_010,0.015172801911830902,0.0058356947265565395,0.1867421418428421,0.0058356947265565395,0.05,343,51688,0.03910187298639728,0.23547348380088806,0.4000000059604645,0.10839194059371948,0.10000000149011612,0.15845641493797302,0.4000000059604645,0.06554144620895386,0.10000000149011612,frozen_mlp_surrogate_adjoint,900,900,900,700,58.44581460952759,58.44581460952759,0.06493979401058621
722,175.58740234375,171.22402954101562,160.596923828125,58.26323699951172,0.663801372051239,0.6522969603538513,0.5597008466720581,0.22709694504737854,0.5675714015960693,T040_010_040_010,0.015172826126217842,0.005823101382702589,0.1869944930076599,0.005823101382702589,0.05,150,51640,0.025895344068573117,0.23531708121299744,0.4000000059604645,0.10855209827423096,0.10000000149011612,0.15860113501548767,0.4000000059604645,0.06510110944509506,0.10000000149011612,frozen_mlp_surrogate_adjoint,900,900,900,700,58.44581460952759,58.44581460952759,0.06493979401058621
723,175.5859832763672,171.21316528320312,160.66488647460938,58.262351989746094,0.6637915372848511,0.6520957946777344,0.5601728558540344,0.2270805537700653,0.5678035020828247,T040_010_040_010,0.015172830782830715,0.005833139643073082,0.18679381906986237,0.005833139643073082,0.05,313,50952,0.037249414644068536,0.23502475023269653,0.4000000059604645,0.10859357565641403,0.10000000149011612,0.15858283638954163,0.4000000059604645,0.06560231000185013,0.10000000149011612,frozen_mlp_surrogate_adjoint,900,900,900,700,58.44581460952759,58.44581460952759,0.06493979401058621
724,175.61573791503906,171.21676635742188,160.67430114746094,58.26133728027344,0.6639981865882874,0.6521622538566589,0.5602381825447083,0.22706176340579987,0.5678526163101196,T040_010_040_010,0.015172853134572506,0.005835284478962421,0.1867513656616211,0.005835284478962421,0.05,874,50599,0.06371773061840166,0.2352694272994995,0.4000000059604645,0.10847538709640503,0.10000000149011612,0.15850558876991272,0.4000000059604645,0.06560215353965759,0.10000000149011612,frozen_mlp_surrogate_adjoint,900,900,900,700,58.44581460952759,58.44581460952759,0.06493979401058621
725,175.6456756591797,171.2232208251953,160.65545654296875,58.262882232666016,0.6642060875892639,0.6522819399833679,0.560107409954071,0.22709043323993683,0.5678151249885559,T040_010_040_010,0.015172897838056087,0.005833709612488747,0.18678376078605652,0.005833709612488747,0.05,202,50305,0.02935624732035389,0.23562613129615784,0.4000000059604645,0.10834381729364395,0.10000000149011612,0.1584373116493225,0.4000000059604645,0.06540785729885101,0.10000000149011612,frozen_mlp_surrogate_adjoint,900,900,900,700,58.44581460952759,58.44581460952759,0.06493979401058621
726,175.52554321289062,171.20945739746094,160.60780334472656,58.2584228515625,0.6633718609809875,0.652026891708374,0.5597764253616333,0.22700783610343933,0.5675779581069946,T040_010_040_010,0.015172939747571945,0.0058234985917806625,0.18698881566524506,0.0058234985917806625,0.05,321,51240,0.03776853562948951,0.2346869260072708,0.4000000059604645,0.10882136225700378,0.10000000149011612,0.15875530242919922,0.4000000059604645,0.065314382314682,0.10000000149011612,frozen_mlp_surrogate_adjoint,900,900,900,700,58.44581460952759,58.44581460952759,0.06493979401058621
727,175.55123901367188,171.2021026611328,160.63145446777344,58.27973937988281,0.6635501980781555,0.6518908143043518,0.5599406361579895,0.22740256786346436,0.5677309632301331,T040_010_040_010,0.015172963961958885,0.005830138456076384,0.18685652315616608,0.005830138456076384,0.05,570,50068,0.05046082997932666,0.2348075956106186,0.4000000059604645,0.1087319627404213,0.10000000149011612,0.1586749255657196,0.4000000059604645,0.06551645696163177,0.10000000149011612,frozen_mlp_surrogate_adjoint,900,900,900,700,58.44581460952759,58.44581460952759,0.06493979401058621
728,175.5877227783203,171.19569396972656,160.67262268066406,58.276065826416016,0.6638036370277405,0.6517720222473145,0.560226559638977,0.22733452916145325,0.567918062210083,T040_010_040_010,0.015173003077507019,0.005838262382894754,0.18669480085372925,0.005838262382894754,0.05,157,50296,0.026437612142972952,0.23503269255161285,0.4000000059604645,0.10860443115234375,0.10000000149011612,0.15856653451919556,0.4000000059604645,0.06571441888809204,0.10000000149011612,frozen_mlp_surrogate_adjoint,900,900,900,700,58.44581460952759,58.44581460952759,0.06493979401058621
729,175.55068969726562,171.20834350585938,160.6023712158203,58.26176452636719,0.6635465025901794,0.6520063877105713,0.5597386956214905,0.22706973552703857,0.5676040649414062,T040_010_040_010,0.015173003077507019,0.005824691150337458,0.18696624040603638,0.005824691150337458,0.05,237,50644,0.03140321073343223,0.2349553406238556,0.4000000059604645,0.10872124135494232,0.10000000149011612,0.15869063138961792,0.4000000059604645,0.06523686647415161,0.10000000149011612,frozen_mlp_surrogate_adjoint,900,900,900,700,58.44581460952759,58.44581460952759,0.06493979401058621
730,175.56121826171875,171.19859313964844,160.61965942382812,58.26840591430664,0.6636195778846741,0.6518257260322571,0.5598586797714233,0.227192685008049,0.5677158832550049,T040_010_040_010,0.015173009596765041,0.005829531699419022,0.1868695616722107,0.005829531699419022,0.05,266,50183,0.033787103148526995,0.23499158024787903,0.4000000059604645,0.10869546234607697,0.10000000149011612,0.15865477919578552,0.4000000059604645,0.06537401676177979,0.10000000149011612,frozen_mlp_surrogate_adjoint,900,900,900,700,58.44581460952759,58.44581460952759,0.06493979401058621
731,175.52001953125,171.19512939453125,160.62921142578125,58.26969528198242,0.6633334755897522,0.6517617106437683,0.5599250793457031,0.22721660137176514,0.567704439163208,T040_010_040_010,0.01517307199537754,0.005829098634421825,0.1868794560432434,0.005829098634421825,0.05,487,51293,0.04679129060851001,0.23456022143363953,0.4000000059604645,0.10886178910732269,0.10000000149011612,0.15875543653964996,0.4000000059604645,0.06552702188491821,0.10000000149011612,frozen_mlp_surrogate_adjoint,900,900,900,700,58.44581460952759,58.44581460952759,0.06493979401058621
732,175.62652587890625,171.2080841064453,160.64547729492188,58.285888671875,0.6640730500221252,0.6520015001296997,0.5600380897521973,0.22751642763614655,0.5678688287734985,T040_010_040_010,0.015173116698861122,0.005836248863488436,0.18673734366893768,0.005836248863488436,0.05,730,50192,0.056977268322763244,0.23545250296592712,0.4000000059604645,0.10843898355960846,0.10000000149011612,0.15847894549369812,0.4000000059604645,0.06549838185310364,0.10000000149011612,frozen_mlp_surrogate_adjoint,900,900,900,700,58.44581460952759,58.44581460952759,0.06493979401058621
733,175.77391052246094,171.19857788085938,160.76513671875,58.30949783325195,0.6650965809822083,0.6518253684043884,0.5608689785003662,0.2279536873102188,0.5684564113616943,T040_010_040_010,0.015173212625086308,0.005861719138920307,0.18622986972332,0.005861719138920307,0.05,747,50080,0.05744797091420546,0.2363968789577484,0.4000000059604645,0.10788267850875854,0.10000000149011612,0.15806588530540466,0.4000000059604645,0.0661109909415245,0.10000000149011612,frozen_mlp_surrogate_adjoint,900,900,900,700,58.44581460952759,58.44581460952759,0.06493979401058621
734,175.57379150390625,171.21484375,160.64247131347656,58.25409698486328,0.6637068390846252,0.6521269083023071,0.5600171685218811,0.2269277423620224,0.5677064061164856,T040_010_040_010,0.015173288062214851,0.005829400848597288,0.1868777573108673,0.005829400848597288,0.05,147,51135,0.025774066430122467,0.23500987887382507,0.4000000059604645,0.10863682627677917,0.10000000149011612,0.15862113237380981,0.4000000059604645,0.06543858349323273,0.10000000149011612,frozen_mlp_surrogate_adjoint,900,900,900,700,58.44581460952759,58.44581460952759,0.06493979401058621
735,175.63145446777344,171.21224975585938,160.67543029785156,58.26371383666992,0.6641073226928711,0.6520788669586182,0.5602460503578186,0.22710582613945007,0.5678969621658325,T040_010_040_010,0.015173300169408321,0.0058376481756567955,0.18671303987503052,0.0058376481756567955,0.05,829,50047,0.061298210297636525,0.235426127910614,0.4000000059604645,0.10841910541057587,0.10000000149011612,0.15846139192581177,0.4000000059604645,0.06559034436941147,0.10000000149011612,frozen_mlp_surrogate_adjoint,900,900,900,700,58.44581460952759,58.44581460952759,0.06493979401058621
736,175.63668823242188,171.20716857910156,160.70095825195312,58.284847259521484,0.6641437411308289,0.6519845724105835,0.5604232549667358,0.2274971753358841,0.5680177807807922,T040_010_040_010,0.015173382125794888,0.005842950195074081,0.18660864233970642,0.005842950195074081,0.05,376,51530,0.04082628797156067,0.2353396713733673,0.4000000059604645,0.10840637981891632,0.10000000149011612,0.15843263268470764,0.4000000059604645,0.06583911925554276,0.10000000149011612,frozen_mlp_surrogate_adjoint,900,900,900,700,58.44581460952759,58.44581460952759,0.06493979401058621
737,175.7726593017578,171.2137908935547,160.7467041015625,58.30730056762695,0.6650879383087158,0.6521071791648865,0.5607409477233887,0.22791296243667603,0.5683318376541138,T040_010_040_010,0.015173441730439663,0.005856571719050407,0.1863373965024948,0.005856571719050407,0.05,354,50115,0.039643053640604005,0.2364126294851303,0.4000000059604645,0.10786949843168259,0.10000000149011612,0.15807905793190002,0.4000000059604645,0.06597068905830383,0.10000000149011612,frozen_mlp_surrogate_adjoint,900,900,900,700,58.44581460952759,58.44581460952759,0.06493979401058621
738,175.59848022460938,171.22975158691406,160.61782836914062,58.25407791137695,0.6638783812522888,0.6524027585983276,0.5598459839820862,0.22692736983299255,0.5676040053367615,T040_010_040_010,0.01517353393137455,0.005825219210237265,0.18696630001068115,0.005825219210237265,0.05,598,51071,0.051532067665310655,0.23534810543060303,0.4000000059604645,0.1085098534822464,0.10000000149011612,0.15856507420539856,0.4000000059604645,0.0651809349656105,0.10000000149011612,frozen_mlp_surrogate_adjoint,900,900,900,700,58.44581460952759,58.44581460952759,0.06493979401058621
739,175.548828125,171.192138671875,160.69900512695312,58.27403259277344,0.6635335683822632,0.6517062783241272,0.5604097843170166,0.22729693353176117,0.5679494738578796,T040_010_040_010,0.015173736959695816,0.005840355064719915,0.18666765093803406,0.005840355064719915,0.05,727,50996,0.05692615031340577,0.23456569015979767,0.4000000059604645,0.10876691341400146,0.10000000149011612,0.15865309536457062,0.4000000059604645,0.06596380472183228,0.10000000149011612,frozen_mlp_surrogate_adjoint,900,900,900,700,58.44581460952759,58.44581460952759,0.06493979401058621
740,175.5633087158203,171.20407104492188,160.63839721679688,58.258140563964844,0.6636340618133545,0.6519272923469543,0.5599889159202576,0.2270025610923767,0.5677301287651062,T040_010_040_010,0.015173779800534248,0.005830917041748762,0.18685723841190338,0.005830917041748762,0.05,306,50042,0.036803089950811635,0.2349453568458557,0.4000000059604645,0.10868877172470093,0.10000000149011612,0.15864241123199463,0.4000000059604645,0.06545358151197433,0.10000000149011612,frozen_mlp_surrogate_adjoint,900,900,900,700,58.44581460952759,58.44581460952759,0.06493979401058621
741,175.62042236328125,171.22621154785156,160.65447998046875,58.26175308227539,0.6640306711196899,0.6523372530937195,0.5601005554199219,0.22706951200962067,0.567755937576294,T040_010_040_010,0.015173821710050106,0.0058320751413702965,0.1868349313735962,0.0058320751413702965,0.05,783,50212,0.05891076401829228,0.23537346720695496,0.4000000059604645,0.10844258964061737,0.10000000149011612,0.1584964096546173,0.4000000059604645,0.06544353067874908,0.10000000149011612,frozen_mlp_surrogate_adjoint,900,900,900,700,58.44581460952759,58.44581460952759,0.06493979401058621
742,175.6565704345703,171.2318878173828,160.63653564453125,58.26982116699219,0.6642817258834839,0.6524423956871033,0.5599759817123413,0.227218896150589,0.5677406191825867,T040_010_040_010,0.015173858031630516,0.005831449292600155,0.18684817850589752,0.005831449292600155,0.05,476,50433,0.04613677892542323,0.23578490316867828,0.4000000059604645,0.10828393697738647,0.10000000149011612,0.15841008722782135,0.4000000059604645,0.06526169925928116,0.10000000149011612,frozen_mlp_surrogate_adjoint,900,900,900,700,58.44581460952759,58.44581460952759,0.06493979401058621
743,175.6685791015625,171.22076416015625,160.68460083007812,58.257598876953125,0.6643651723861694,0.6522364020347595,0.5603097677230835,0.22699256241321564,0.5679262280464172,T040_010_040_010,0.015173889696598053,0.005839502904564142,0.18668773770332336,0.005839502904564142,0.05,423,51707,0.04312750726257159,0.23574014008045197,0.4000000059604645,0.1082683801651001,0.10000000149011612,0.15836647152900696,0.4000000059604645,0.06555121392011642,0.10000000149011612,frozen_mlp_surrogate_adjoint,900,900,900,700,58.44581460952759,58.44581460952759,0.06493979401058621
744,175.68287658691406,171.21685791015625,160.73260498046875,58.27721405029297,0.6644644141197205,0.6521639227867126,0.5606431365013123,0.22735580801963806,0.5681149959564209,T040_010_040_010,0.01517391111701727,0.00584767758846283,0.1865246593952179,0.00584767758846283,0.05,246,50694,0.031845533190283014,0.23565420508384705,0.4000000059604645,0.10822364687919617,0.10000000149011612,0.15830816328525543,0.4000000059604645,0.06592897325754166,0.10000000149011612,frozen_mlp_surrogate_adjoint,900,900,900,700,58.44581460952759,58.44581460952759,0.06493979401058621
745,175.51416015625,171.21194458007812,160.62057495117188,58.247745513916016,0.6632927656173706,0.6520730257034302,0.5598651766777039,0.22681009769439697,0.5675696134567261,T040_010_040_010,0.01517395582050085,0.005824153311550617,0.18699604272842407,0.005824153311550617,0.05,507,50975,0.047893816600836615,0.23454159498214722,0.4000000059604645,0.10886991024017334,0.10000000149011612,0.15877771377563477,0.4000000059604645,0.06538040935993195,0.10000000149011612,frozen_mlp_surrogate_adjoint,900,900,900,700,58.44581460952759,58.44581460952759,0.06493979401058621
746,175.59005737304688,171.22959899902344,160.60800170898438,58.25657272338867,0.6638197898864746,0.6523999571800232,0.5597778558731079,0.22697356343269348,0.5675654411315918,T040_010_040_010,0.015174014493823051,0.00582403177395463,0.18699964880943298,0.00582403177395463,0.05,385,51672,0.04126747225216252,0.2353009134531021,0.4000000059604645,0.10854107141494751,0.10000000149011612,0.15858608484268188,0.4000000059604645,0.06513737142086029,0.10000000149011612,frozen_mlp_surrogate_adjoint,900,900,900,700,58.44581460952759,58.44581460952759,0.06493979401058621
747,175.619384765625,171.1979217529297,160.67977905273438,58.268795013427734,0.6640234589576721,0.6518133282661438,0.560276210308075,0.22719991207122803,0.567956268787384,T040_010_040_010,0.015174053609371185,0.005840964149683714,0.18666177988052368,0.005840964149683714,0.05,673,51266,0.05490129997116681,0.23532292246818542,0.4000000059604645,0.10848287492990494,0.10000000149011612,0.15848036110401154,0.4000000059604645,0.06567012518644333,0.10000000149011612,frozen_mlp_surrogate_adjoint,900,900,900,700,58.44581460952759,58.44581460952759,0.06493979401058621
748,175.591796875,171.18157958984375,160.72296142578125,58.29933547973633,0.6638319492340088,0.6515108346939087,0.5605761408805847,0.22776547074317932,0.5681582689285278,T040_010_040_010,0.01517406664788723,0.005849701818078756,0.18648728728294373,0.005849701818078756,0.05,117,50986,0.02201633449670145,0.2348666489124298,0.4000000059604645,0.1086186096072197,0.10000000149011612,0.15852601826190948,0.4000000059604645,0.06614694744348526,0.10000000149011612,frozen_mlp_surrogate_adjoint,900,900,900,700,58.44581460952759,58.44581460952759,0.06493979401058621
749,175.61648559570312,171.1984100341797,160.68740844726562,58.268287658691406,0.6640033721923828,0.6518223285675049,0.5603291988372803,0.2271905392408371,0.5679705739021301,T040_010_040_010,0.015174070373177528,0.005841599311679602,0.18664942681789398,0.005841599311679602,0.05,310,50368,0.03709547800624367,0.23526445031166077,0.4000000059604645,0.10849543660879135,0.10000000149011612,0.15848514437675476,0.4000000059604645,0.06572549045085907,0.10000000149011612,frozen_mlp_surrogate_adjoint,900,900,900,700,58.44581460952759,58.44581460952759,0.06493979401058621
750,175.82000732421875,171.22010803222656,160.7358856201172,58.29639434814453,0.6654166579246521,0.6522243022918701,0.5606658458709717,0.22771097719669342,0.5683314204216003,T040_010_040_010,0.015174180269241333,0.005857291165739298,0.18633776903152466,0.005857291165739298,0.05,286,50887,0.035316029051281395,0.23692595958709717,0.4000000059604645,0.1076752170920372,0.10000000149011612,0.1579711139202118,0.4000000059604645,0.06575912237167358,0.10000000149011612,frozen_mlp_surrogate_adjoint,900,900,900,700,58.44581460952759,58.44581460952759,0.06493979401058621
751,175.60179138183594,171.22854614257812,160.66241455078125,58.24920654296875,0.6639013290405273,0.6523805856704712,0.5601556301116943,0.2268371433019638,0.5677257180213928,T040_010_040_010,0.01517431065440178,0.005831257440149784,0.186861053109169,0.005831257440149784,0.05,734,50141,0.05699789067579842,0.23518598079681396,0.4000000059604645,0.1085173487663269,0.10000000149011612,0.1585407555103302,0.4000000059604645,0.06548160314559937,0.10000000149011612,frozen_mlp_surrogate_adjoint,900,900,900,700,58.44581460952759,58.44581460952759,0.06493979401058621
752,175.6948699951172,171.22079467773438,160.65469360351562,58.2657470703125,0.6645476818084717,0.652236819267273,0.560102105140686,0.22714342176914215,0.5678885579109192,T040_010_040_010,0.015174316242337227,0.005838301032781601,0.18672029674053192,0.005838301032781601,0.05,522,51671,0.048498444723393756,0.23611637949943542,0.4000000059604645,0.10815282166004181,0.10000000149011612,0.1583067625761032,0.4000000059604645,0.06531254947185516,0.10000000149011612,frozen_mlp_surrogate_adjoint,900,900,900,700,58.44581460952759,58.44581460952759,0.06493979401058621
753,175.50503540039062,171.18780517578125,160.6525421142578,58.262081146240234,0.6632294058799744,0.6516261100769043,0.5600870847702026,0.22707557678222656,0.5677621364593506,T040_010_040_010,0.015174984000623226,0.005833505652844906,0.1868295669555664,0.005833505652844906,0.05,176,50681,0.027606021047497264,0.23436221480369568,0.4000000059604645,0.10893744975328445,0.10000000149011612,0.1587752103805542,0.4000000059604645,0.06568729877471924,0.10000000149011612,frozen_mlp_surrogate_adjoint,900,900,900,700,58.44581460952759,58.44581460952759,0.06493979401058621
754,175.6492156982422,171.2220916748047,160.62307739257812,58.2540397644043,0.6642306447029114,0.6522610187530518,0.5598824620246887,0.22692668437957764,0.5677127838134766,T040_010_040_010,0.015175268054008484,0.0058316560462117195,0.18687224388122559,0.0058316560462117195,0.05,823,51023,0.06111924498786621,0.23584303259849548,0.4000000059604645,0.10832303762435913,0.10000000149011612,0.1584256887435913,0.4000000059604645,0.06512105464935303,0.10000000149011612,frozen_mlp_surrogate_adjoint,900,900,900,700,58.44581460952759,58.44581460952759,0.06493979401058621
755,82.44279479980469,170.51705932617188,82.3261947631836,46.38851547241211,0.016963841393589973,0.6392046809196472,0.016154145821928978,0.007194714620709419,0.5419719219207764,T040_010_040_010,0.015235746279358864,0.004746260587126017,0.2097897231578827,0.004746260587126017,0.05,854,51175,0.062399540347438075,0.22022289037704468,0.4000000059604645,0.08066145330667496,0.10000000149011612,0.1548425853252411,0.4000000059604645,0.08624503016471863,0.10000000149011612,frozen_mlp_surrogate_adjoint,900,900,900,700,58.44581460952759,58.44581460952759,0.06493979401058621
756,109.95326232910156,154.691162109375,143.3126220703125,50.569061279296875,0.20800873637199402,0.3461325168609619,0.43967103958129883,0.08461222797632217,0.4774808883666992,T040_010_040_010,0.01537075825035572,0.001719447085633874,0.2730262279510498,0.001719447085633874,0.05,769,50198,0.05825667389889847,0.19987840950489044,0.4000000059604645,0.030128926038742065,0.10000000149011612,0.1714787483215332,0.4000000059604645,0.07599477469921112,0.10000000149011612,frozen_mlp_surrogate_adjoint,900,900,900,700,58.44581460952759,58.44581460952759,0.06493979401058621
757,109.95498657226562,154.6922607421875,143.31146240234375,50.56298065185547,0.20802076160907745,0.3461528420448303,0.43966299295425415,0.08449961245059967,0.47752290964126587,T040_010_040_010,0.015370764769613743,0.0017216490814462304,0.27298229932785034,0.0017216490814462304,0.05,603,50686,0.05161313536564189,0.19987379014492035,0.4000000059604645,0.030136078596115112,0.10000000149011612,0.1714775264263153,0.4000000059604645,0.0760355070233345,0.10000000149011612,frozen_mlp_surrogate_adjoint,900,900,900,700,58.44581460952759,58.44581460952759,0.06493979401058621
758,109.95652770996094,154.68963623046875,143.31362915039062,50.55864715576172,0.20803141593933105,0.3461045026779175,0.43967801332473755,0.0844193696975708,0.4776010811328888,T040_010_040_010,0.015370771288871765,0.0017257375875487924,0.27290067076683044,0.0017257375875487924,0.05,647,51289,0.053513445696784206,0.19991177320480347,0.4000000059604645,0.03013058751821518,0.10000000149011612,0.17147448658943176,0.4000000059604645,0.07608421891927719,0.10000000149011612,frozen_mlp_surrogate_adjoint,900,900,900,700,58.44581460952759,58.44581460952759,0.06493979401058621
759,109.94891357421875,154.68797302246094,143.31942749023438,50.564361572265625,0.20797857642173767,0.3460735082626343,0.43971821665763855,0.0845251977443695,0.4776238799095154,T040_010_040_010,0.015370778739452362,0.0017269379459321499,0.2728767991065979,0.0017269379459321499,0.05,704,51022,0.05617888625435655,0.19989582896232605,0.4000000059604645,0.030111514031887054,0.10000000149011612,0.1715013086795807,0.4000000059604645,0.07611523568630219,0.10000000149011612,frozen_mlp_surrogate_adjoint,900,900,900,700,58.44581460952759,58.44581460952759,0.06493979401058621
760,109.95362854003906,154.68556213378906,143.31198120117188,50.570648193359375,0.20801131427288055,0.3460288345813751,0.4396665692329407,0.08464161306619644,0.47750920057296753,T040_010_040_010,0.015370786190032959,0.0017209541983902454,0.2729966342449188,0.0017209541983902454,0.05,782,50995,0.05888270363020275,0.19995221495628357,0.4000000059604645,0.03011637181043625,0.10000000149011612,0.1714632511138916,0.4000000059604645,0.07597736269235611,0.10000000149011612,frozen_mlp_surrogate_adjoint,900,900,900,700,58.44581460952759,58.44581460952759,0.06493979401058621
761,109.93412017822266,154.6982421875,143.31019592285156,50.587364196777344,0.2078758329153061,0.3462637662887573,0.4396541714668274,0.08495116233825684,0.477286159992218,T040_010_040_010,0.015370811335742474,0.00170932337641716,0.2732297480106354,0.00170932337641716,0.05,815,51496,0.06072966833974729,0.1997121274471283,0.4000000059604645,0.030123114585876465,0.10000000149011612,0.17153385281562805,0.4000000059604645,0.0759170651435852,0.10000000149011612,frozen_mlp_surrogate_adjoint,900,900,900,700,58.44581460952759,58.44581460952759,0.06493979401058621
762,109.93318939208984,154.6859130859375,143.32156372070312,50.574562072753906,0.20786936581134796,0.3460354506969452,0.4397330582141876,0.0847141444683075,0.4776154160499573,T040_010_040_010,0.015370825305581093,0.0017265422502532601,0.27288565039634705,0.0017265422502532601,0.05,481,10,0.04633240382465667,0.19985681772232056,0.4000000059604645,0.030085455626249313,0.10000000149011612,0.1715410202741623,0.4000000059604645,0.07613210380077362,0.10000000149011612,frozen_mlp_surrogate_adjoint,900,900,900,700,58.44581460952759,58.44581460952759,0.06493979401058621
763,109.94082641601562,154.6845703125,143.31300354003906,50.56733703613281,0.20792241394519806,0.3460104763507843,0.43967363238334656,0.08458028733730316,0.47761988639831543,T040_010_040_010,0.015370836481451988,0.0017267875373363495,0.2728809714317322,0.0017267875373363495,0.05,408,51443,0.04229913212928065,0.19991537928581238,0.4000000059604645,0.03010059893131256,0.10000000149011612,0.17150291800498962,0.4000000059604645,0.07610100507736206,0.10000000149011612,frozen_mlp_surrogate_adjoint,900,900,900,700,58.44581460952759,58.44581460952759,0.06493979401058621
764,109.92655181884766,154.6723175048828,143.32559204101562,50.59522247314453,0.2078232616186142,0.3457835614681244,0.43976104259490967,0.08509673923254013,0.4775674641132355,T040_010_040_010,0.01537085510790348,0.0017240659799426794,0.27293577790260315,0.0017240659799426794,0.05,427,50673,0.04345450644036164,0.19999639689922333,0.4000000059604645,0.03003709763288498,0.10000000149011612,0.1715262234210968,0.4000000059604645,0.07600775361061096,0.10000000149011612,frozen_mlp_surrogate_adjoint,900,900,900,700,58.44581460952759,58.44581460952759,0.06493979401058621
765,109.92518615722656,154.6837158203125,143.32952880859375,50.5816650390625,0.2078137844800949,0.34599462151527405,0.43978843092918396,0.0848456397652626,0.47764289379119873,T040_010_040_010,0.01537089142948389,0.0017280435422435403,0.2728569507598877,0.0017280435422435403,0.05,780,51399,0.05885310634601389,0.19984328746795654,0.4000000059604645,0.030061785131692886,0.10000000149011612,0.171571284532547,0.4000000059604645,0.0761665403842926,0.10000000149011612,frozen_mlp_surrogate_adjoint,900,900,900,700,58.44581460952759,58.44581460952759,0.06493979401058621
766,109.90682983398438,154.67617797851562,143.319580078125,50.61043167114258,0.20768630504608154,0.34585511684417725,0.4397192597389221,0.08537836372852325,0.4774172902107239,T040_010_040_010,0.015370916575193405,0.0017162822186946869,0.27309268712997437,0.0017162822186946869,0.05,390,50911,0.04147797408649907,0.19987431168556213,0.4000000059604645,0.030027441680431366,0.10000000149011612,0.17157085239887238,0.4000000059604645,0.07594466209411621,0.10000000149011612,frozen_mlp_surrogate_adjoint,900,900,900,700,58.44581460952759,58.44581460952759,0.06493979401058621
767,109.90107727050781,154.69557189941406,143.31150817871094,50.612525939941406,0.20764638483524323,0.3462143838405609,0.43966326117515564,0.08541717380285263,0.4771922528743744,T040_010_040_010,0.015370954759418964,0.0017045583808794618,0.27332791686058044,0.0017045583808794618,0.05,206,50332,0.029667383580994765,0.19961175322532654,0.4000000059604645,0.030074380338191986,0.10000000149011612,0.17161203920841217,0.4000000059604645,0.07589409500360489,0.10000000149011612,frozen_mlp_surrogate_adjoint,900,900,900,700,58.44581460952759,58.44581460952759,0.06493979401058621
768,109.93562316894531,154.66323852539062,143.3160400390625,50.589927673339844,0.20788626372814178,0.3456155061721802,0.43969470262527466,0.08499862253665924,0.4776090979576111,T040_010_040_010,0.015370956622064114,0.0017263430636376143,0.2728922665119171,0.0017263430636376143,0.05,116,50065,0.021890784327752738,0.20016048848628998,0.4000000059604645,0.030036047101020813,0.10000000149011612,0.17146405577659607,0.4000000059604645,0.07594849169254303,0.10000000149011612,frozen_mlp_surrogate_adjoint,900,900,900,700,58.44581460952759,58.44581460952759,0.06493979401058621
769,109.90644836425781,154.65805053710938,143.32846069335938,50.605953216552734,0.20768363773822784,0.345519483089447,0.4397810101509094,0.0852954164147377,0.47769007086753845,T040_010_040_010,0.015370974317193031,0.0017305925721302629,0.27280762791633606,0.0017305925721302629,0.05,158,50390,0.026573300045536707,0.2000965029001236,0.4000000059604645,0.029976949095726013,0.10000000149011612,0.1715536266565323,0.4000000059604645,0.07606299966573715,0.10000000149011612,frozen_mlp_surrogate_adjoint,900,900,900,700,58.44581460952759,58.44581460952759,0.06493979401058621
770,109.87714385986328,154.6597442626953,143.34178161621094,50.63362121582031,0.20748017728328705,0.3455508053302765,0.43987351655960083,0.08580777794122696,0.4775852560997009,T040_010_040_010,0.015371003188192844,0.0017251457320526242,0.27291715145111084,0.0017251457320526242,0.05,552,51305,0.049886682839076296,0.19993969798088074,0.4000000059604645,0.029929883778095245,0.10000000149011612,0.17165283858776093,0.4000000059604645,0.07606284320354462,0.10000000149011612,frozen_mlp_surrogate_adjoint,900,900,900,700,58.44581460952759,58.44581460952759,0.06493979401058621
771,109.86117553710938,154.6767120361328,143.322265625,50.634864807128906,0.20736929774284363,0.3458651602268219,0.4397379457950592,0.08583086729049683,0.47736817598342896,T040_010_040_010,0.015371127985417843,0.0017139259725809097,0.27314403653144836,0.0017139259725809097,0.05,508,51284,0.048008423712939854,0.19968286156654358,0.4000000059604645,0.029971972107887268,0.10000000149011612,0.17169621586799622,0.4000000059604645,0.07601714134216309,0.10000000149011612,frozen_mlp_surrogate_adjoint,900,900,900,700,58.44581460952759,58.44581460952759,0.06493979401058621
772,109.85420227050781,154.6898193359375,143.31732177734375,50.65947723388672,0.20732085406780243,0.34610775113105774,0.43970364332199097,0.08628660440444946,0.4769771993160248,T040_010_040_010,0.015371216461062431,0.0016935751773416996,0.273552805185318,0.0016935751773416996,0.05,537,41,0.049163169001682466,0.1994873285293579,0.4000000059604645,0.029993705451488495,0.10000000149011612,0.1717195212841034,0.4000000059604645,0.07577663660049438,0.10000000149011612,frozen_mlp_surrogate_adjoint,900,900,900,700,58.44581460952759,58.44581460952759,0.06493979401058621
773,109.82660675048828,154.65281677246094,143.3226318359375,50.69934844970703,0.20712921023368835,0.3454224765300751,0.43974050879478455,0.087024986743927,0.47703638672828674,T040_010_040_010,0.015371464192867279,0.0016969158314168453,0.2734909653663635,0.0016969158314168453,0.05,180,50823,0.027760673954730933,0.19984109699726105,0.4000000059604645,0.02986213192343712,0.10000000149011612,0.17170633375644684,0.4000000059604645,0.07562681287527084,0.10000000149011612,frozen_mlp_surrogate_adjoint,900,900,900,700,58.44581460952759,58.44581460952759,0.06493979401058621
774,109.81291198730469,154.58331298828125,143.37722778320312,50.68792724609375,0.20703411102294922,0.34413549304008484,0.4401196241378784,0.08681345731019974,0.47820135951042175,T040_010_040_010,0.015371735207736492,0.0017580467974767089,0.2722737789154053,0.0017580467974767089,0.05,107,51701,0.021314809290260667,0.2006205916404724,0.4000000059604645,0.02963407337665558,0.10000000149011612,0.1717139631509781,0.4000000059604645,0.07623273879289627,0.10000000149011612,frozen_mlp_surrogate_adjoint,900,900,900,700,58.44581460952759,58.44581460952759,0.06493979401058621
775,176.21267700195312,173.42156982421875,162.16473388671875,56.025421142578125,0.6681435704231262,0.692992091178894,0.5705884695053101,0.18565593659877777,0.5614511370658875,T040_010_040_010,0.015465877950191498,0.005849623121321201,0.19232510030269623,0.005849623121321201,0.05,125,50834,0.02286634765218913,0.23794899880886078,0.4000000059604645,0.10273023694753647,0.10000000149011612,0.1544182300567627,0.4000000059604645,0.0663536787033081,0.10000000149011612,frozen_mlp_surrogate_adjoint,900,900,900,700,58.44581460952759,58.44581460952759,0.06493979401058621
776,176.2386474609375,173.4256134033203,162.2393341064453,56.013267517089844,0.6683238744735718,0.6930669546127319,0.571106493473053,0.18543089926242828,0.56169593334198,T040_010_040_010,0.01546643115580082,0.005860908422619104,0.19211044907569885,0.005860908422619104,0.05,736,38,0.05715379548510851,0.23788362741470337,0.4000000059604645,0.10263125598430634,0.10000000149011612,0.15432710945606232,0.4000000059604645,0.06685392558574677,0.10000000149011612,frozen_mlp_surrogate_adjoint,900,900,900,700,58.44581460952759,58.44581460952759,0.06493979401058621
777,176.20803833007812,173.415771484375,162.16758728027344,56.03078079223633,0.6681113839149475,0.6928845047950745,0.5706082582473755,0.18575519323349,0.5614600777626038,T040_010_040_010,0.015466475859284401,0.005850612185895443,0.19231726229190826,0.005850612185895443,0.05,847,50361,0.06203622483938494,0.23786845803260803,0.4000000059604645,0.10277494788169861,0.10000000149011612,0.15442916750907898,0.4000000059604645,0.06638750433921814,0.10000000149011612,frozen_mlp_surrogate_adjoint,900,900,900,700,58.44581460952759,58.44581460952759,0.06493979401058621
778,176.18263244628906,173.37759399414062,162.19456481933594,56.05189895629883,0.6679349541664124,0.6921775341033936,0.5707955956459045,0.18614627420902252,0.5615813136100769,T040_010_040_010,0.015467319637537003,0.00585677195340395,0.19221094250679016,0.00585677195340395,0.05,254,51245,0.032440815026419094,0.23743553459644318,0.4000000059604645,0.10301351547241211,0.10000000149011612,0.15449589490890503,0.4000000059604645,0.06663639843463898,0.10000000149011612,frozen_mlp_surrogate_adjoint,900,900,900,700,58.44581460952759,58.44581460952759,0.06493979401058621
779,162.7567596435547,141.237060546875,170.49058532714844,57.24876403808594,0.5746996998786926,0.09698265045881271,0.628406822681427,0.20831045508384705,0.653127133846283,T040_010_040_010,0.017277540639042854,0.011261501349508762,0.12032078206539154,0.011261501349508762,0.05,695,50044,0.05583710983914895,0.3243390917778015,0.4000000059604645,0.10006092488765717,0.10000000149011612,0.14435486495494843,0.4000000059604645,0.08437220007181168,0.10000000149011612,frozen_mlp_surrogate_adjoint,900,900,900,700,58.44581460952759,58.44581460952759,0.06493979401058621
780,162.76385498046875,141.23306274414062,170.50477600097656,57.25383758544922,0.5747489333152771,0.09690853953361511,0.6285054087638855,0.20840442180633545,0.6531393527984619,T040_010_040_010,0.017277542501688004,0.011261926032602787,0.12031231075525284,0.011261926032602787,0.05,812,50650,0.06065984521064348,0.3241884708404541,0.4000000059604645,0.10017000883817673,0.10000000149011612,0.14431670308113098,0.4000000059604645,0.0844641923904419,0.10000000149011612,frozen_mlp_surrogate_adjoint,900,900,900,700,58.44581460952759,58.44581460952759,0.06493979401058621
781,162.81019592285156,141.2449951171875,170.47882080078125,57.23263168334961,0.5750707983970642,0.09712953120470047,0.6283251047134399,0.2080116719007492,0.6528968811035156,T040_010_040_010,0.017277570441365242,0.011253541335463524,0.12048057466745377,0.011253541335463524,0.05,472,50896,0.04593081914915419,0.3242228627204895,0.4000000059604645,0.10003745555877686,0.10000000149011612,0.1443546861410141,0.4000000059604645,0.08428183943033218,0.10000000149011612,frozen_mlp_surrogate_adjoint,900,900,900,700,58.44581460952759,58.44581460952759,0.06493979401058621
782,162.77346801757812,141.2350311279297,170.4931640625,57.24980163574219,0.5748156905174255,0.09694510698318481,0.6284248232841492,0.20832964777946472,0.6530706286430359,T040_010_040_010,0.017277691513299942,0.011259692721068859,0.12035998702049255,0.011259692721068859,0.05,405,50941,0.04218863043500129,0.3241986632347107,0.4000000059604645,0.10014684498310089,0.10000000149011612,0.14432834088802338,0.4000000059604645,0.08439680188894272,0.10000000149011612,frozen_mlp_surrogate_adjoint,900,900,900,700,58.44581460952759,58.44581460952759,0.06493979401058621
783,162.7734375,141.2323760986328,170.50086975097656,57.25452423095703,0.574815571308136,0.09689588099718094,0.6284782886505127,0.2084171324968338,0.6530929207801819,T040_010_040_010,0.017277702689170837,0.011260476894676685,0.12034451961517334,0.011260476894676685,0.05,757,17,0.05767863795073373,0.32412993907928467,0.4000000059604645,0.1002018004655838,0.10000000149011612,0.14430861175060272,0.4000000059604645,0.0844525620341301,0.10000000149011612,frozen_mlp_surrogate_adjoint,900,900,900,700,58.44581460952759,58.44581460952759,0.06493979401058621
784,162.84457397460938,141.24790954589844,170.4759521484375,57.227500915527344,0.5753095149993896,0.09718362987041473,0.6283052563667297,0.20791670680046082,0.6527624726295471,T040_010_040_010,0.017277706414461136,0.011249012313783169,0.12057390064001083,0.011249012313783169,0.05,868,51583,0.06320617675026753,0.3240915834903717,0.4000000059604645,0.10006508231163025,0.10000000149011612,0.14433807134628296,0.4000000059604645,0.0842677429318428,0.10000000149011612,frozen_mlp_surrogate_adjoint,900,900,900,700,58.44581460952759,58.44581460952759,0.06493979401058621
785,162.83203125,141.23651123046875,170.49447631835938,57.250301361083984,0.575222373008728,0.09697228670120239,0.628433883190155,0.2083389312028885,0.6528733968734741,T040_010_040_010,0.017277732491493225,0.011252888478338718,0.12049687653779984,0.011252888478338718,0.05,335,51520,0.03867250157919233,0.3238900899887085,0.4000000059604645,0.10026364773511887,0.10000000149011612,0.1442767232656479,0.4000000059604645,0.08444291353225708,0.10000000149011612,frozen_mlp_surrogate_adjoint,900,900,900,700,58.44581460952759,58.44581460952759,0.06493979401058621
786,162.8368377685547,141.23776245117188,170.50421142578125,57.245452880859375,0.575255811214447,0.09699562937021255,0.6285014748573303,0.20824909210205078,0.652870774269104,T040_010_040_010,0.01727776974439621,0.011252835392951965,0.12049870193004608,0.011252835392951965,0.05,320,50919,0.03772302873022649,0.3238745927810669,0.4000000059604645,0.10025506466627121,0.10000000149011612,0.14427098631858826,0.4000000059604645,0.08447014540433884,0.10000000149011612,frozen_mlp_surrogate_adjoint,900,900,900,700,58.44581460952759,58.44581460952759,0.06493979401058621
787,162.88247680664062,141.25267028808594,170.4490966796875,57.21275329589844,0.5755727291107178,0.0972716435790062,0.6281187534332275,0.2076435387134552,0.652550458908081,T040_010_040_010,0.017277803272008896,0.011241743341088295,0.12072118371725082,0.011241743341088295,0.05,388,50146,0.04137425143078958,0.32402870059013367,0.4000000059604645,0.10006733238697052,0.10000000149011612,0.1443546712398529,0.4000000059604645,0.08409976959228516,0.10000000149011612,frozen_mlp_surrogate_adjoint,900,900,900,700,58.44581460952759,58.44581460952759,0.06493979401058621
788,162.81781005859375,141.23721313476562,170.48648071289062,57.2493896484375,0.57512366771698,0.09698529541492462,0.6283783912658691,0.20832201838493347,0.6529005169868469,T040_010_040_010,0.01727783866226673,0.01125393621623516,0.12047804892063141,0.01125393621623516,0.05,302,51546,0.036488574560796176,0.3239976763725281,0.4000000059604645,0.10021080821752548,0.10000000149011612,0.14429974555969238,0.4000000059604645,0.08439226448535919,0.10000000149011612,frozen_mlp_surrogate_adjoint,900,900,900,700,58.44581460952759,58.44581460952759,0.06493979401058621
789,162.8155975341797,141.23776245117188,170.505615234375,57.25075149536133,0.5751082897186279,0.09699550271034241,0.6285112500190735,0.20834727585315704,0.6529529690742493,T040_010_040_010,0.01727786287665367,0.0112557802349329,0.12044164538383484,0.0112557802349329,0.05,204,50247,0.029487696257104047,0.3239852786064148,0.4000000059604645,0.10019509494304657,0.10000000149011612,0.1442846804857254,0.4000000059604645,0.0844879150390625,0.10000000149011612,frozen_mlp_surrogate_adjoint,900,900,900,700,58.44581460952759,58.44581460952759,0.06493979401058621
790,162.8382568359375,141.2451934814453,170.4622802734375,57.238285064697266,0.575265645980835,0.09713312983512878,0.6282103061676025,0.20811641216278076,0.6527634263038635,T040_010_040_010,0.017277920618653297,0.011249259114265442,0.12057323753833771,0.011249259114265442,0.05,486,51424,0.04675723942868577,0.3240853250026703,0.4000000059604645,0.10009397566318512,0.10000000149011612,0.14433789253234863,0.4000000059604645,0.0842462033033371,0.10000000149011612,frozen_mlp_surrogate_adjoint,900,900,900,700,58.44581460952759,58.44581460952759,0.06493979401058621
791,162.7960968017578,141.23924255371094,170.4956817626953,57.25858688354492,0.5749728679656982,0.0970231220126152,0.6284422278404236,0.20849232375621796,0.6530068516731262,T040_010_040_010,0.017278065904974937,0.011257853358983994,0.12040424346923828,0.011257853358983994,0.05,366,50569,0.04034648526497057,0.3241296708583832,0.4000000059604645,0.10010132938623428,0.10000000149011612,0.1443096250295639,0.4000000059604645,0.08446619659662247,0.10000000149011612,frozen_mlp_surrogate_adjoint,900,900,900,700,58.44581460952759,58.44581460952759,0.06493979401058621
792,162.87379455566406,141.23081970214844,170.4963836669922,57.28321838378906,0.5755124688148499,0.0968669205904007,0.6284471154212952,0.20894844830036163,0.6527609825134277,T040_010_040_010,0.017278796061873436,0.01125004980713129,0.1205749362707138,0.01125004980713129,0.05,111,50770,0.021691325449628814,0.32349491119384766,0.4000000059604645,0.10045735538005829,0.10000000149011612,0.14418619871139526,0.4000000059604645,0.08462248742580414,0.10000000149011612,frozen_mlp_surrogate_adjoint,900,900,900,700,58.44581460952759,58.44581460952759,0.06493979401058621
793,98.05821990966797,164.62644958496094,117.6792221069336,46.09617614746094,0.12540431320667267,0.5301194190979004,0.26166126132011414,0.0017810582648962736,0.4433283507823944,T040_010_040_010,0.021546578034758568,0.006052413489669561,0.3098832964897156,0.006052413489669561,0.05,288,51706,0.03550102598705755,0.17691966891288757,0.4000000059604645,0.036691322922706604,0.10000000149011612,0.13305070996284485,0.4000000059604645,0.09666666388511658,0.10000000149011612,frozen_mlp_surrogate_adjoint,900,900,900,700,58.44581460952759,58.44581460952759,0.06493979401058621
794,183.221435546875,150.68702697753906,168.8067626953125,54.302799224853516,0.7168155908584595,0.27198195457458496,0.6167136430740356,0.15375551581382751,0.5472427606582642,T040_010_040_010,0.022693699225783348,0.01244424283504486,0.20498912036418915,0.01244424283504486,0.05,276,51422,0.03468651035967872,0.274617075920105,0.4000000059604645,0.09325758367776871,0.10000000149011612,0.11756913363933563,0.4000000059604645,0.06179896369576454,0.10000000149011612,frozen_mlp_surrogate_adjoint,900,900,900,700,58.44581460952759,58.44581460952759,0.06493979401058621
795,183.22952270507812,150.6643829345703,168.82015991210938,54.298118591308594,0.7168716192245483,0.27156275510787964,0.6168066263198853,0.1536688357591629,0.5469426512718201,T040_010_040_010,0.022694488987326622,0.012431440874934196,0.2052609622478485,0.012431440874934196,0.05,627,50883,0.05283325219327198,0.27446287870407104,0.4000000059604645,0.09309873729944229,0.10000000149011612,0.1175425574183464,0.4000000059604645,0.061838455498218536,0.10000000149011612,frozen_mlp_surrogate_adjoint,900,900,900,700,58.44581460952759,58.44581460952759,0.06493979401058621
796,215.30821228027344,164.0287322998047,169.8701934814453,64.98785400390625,0.9396403431892395,0.5190505385398865,0.624098539352417,0.3516269326210022,0.6434277296066284,T040_010_040_010,0.023034200072288513,0.01667701080441475,0.12714378535747528,0.01667701080441475,0.05,536,50284,0.049154184840149655,0.30146634578704834,0.4000000059604645,0.07707029581069946,0.10000000149011612,0.119652159512043,0.4000000059604645,0.1452389657497406,0.10000000149011612,frozen_mlp_surrogate_adjoint,900,900,900,700,58.44581460952759,58.44581460952759,0.06493979401058621
797,215.3927001953125,164.04254150390625,169.87167358398438,64.9591293334961,0.9402270317077637,0.519306480884552,0.6241088509559631,0.3510950207710266,0.6434922218322754,T040_010_040_010,0.023034460842609406,0.016679570078849792,0.12709780037403107,0.016679570078849792,0.05,418,51483,0.042970875250156505,0.30157285928726196,0.4000000059604645,0.07730261981487274,0.10000000149011612,0.11957180500030518,0.4000000059604645,0.14504489302635193,0.10000000149011612,frozen_mlp_surrogate_adjoint,900,900,900,700,58.44581460952759,58.44581460952759,0.06493979401058621
798,215.326904296875,164.06179809570312,169.90359497070312,64.96875762939453,0.9397702217102051,0.5196627974510193,0.6243305206298828,0.3512733280658722,0.6438902020454407,T040_010_040_010,0.02303459122776985,0.016693882644176483,0.12681418657302856,0.016693882644176483,0.05,420,51076,0.04301268153905183,0.30219340324401855,0.4000000059604645,0.07674744725227356,0.10000000149011612,0.11970718950033188,0.4000000059604645,0.14524216949939728,0.10000000149011612,frozen_mlp_surrogate_adjoint,900,900,900,700,58.44581460952759,58.44581460952759,0.06493979401058621
799,215.27394104003906,164.02328491210938,169.8795928955078,65.00079345703125,0.9394024014472961,0.5189498662948608,0.6241638660430908,0.35186660289764404,0.6434467434883118,T040_010_040_010,0.0230345968157053,0.016678085550665855,0.12713022530078888,0.016678085550665855,0.05,621,51273,0.05265084454529301,0.30143219232559204,0.4000000059604645,0.07696305960416794,0.10000000149011612,0.11969307065010071,0.4000000059604645,0.14535841345787048,0.10000000149011612,frozen_mlp_surrogate_adjoint,900,900,900,700,58.44581460952759,58.44581460952759,0.06493979401058621
800,215.39089965820312,164.03317260742188,169.86477661132812,64.96513366699219,0.9402146339416504,0.5191328525543213,0.6240609884262085,0.35120609402656555,0.6433771252632141,T040_010_040_010,0.023034745827317238,0.01667575165629387,0.12717987596988678,0.01667575165629387,0.05,387,51015,0.04135192918274887,0.30136457085609436,0.4000000059604645,0.07740108668804169,0.10000000149011612,0.11955597996711731,0.4000000059604645,0.14505551755428314,0.10000000149011612,frozen_mlp_surrogate_adjoint,900,900,900,700,58.44581460952759,58.44581460952759,0.06493979401058621
801,215.39041137695312,164.0557403564453,169.87838745117188,64.9562759399414,0.9402112364768982,0.5195506811141968,0.6241555213928223,0.3510421812534332,0.643682599067688,T040_010_040_010,0.023034820333123207,0.016686715185642242,0.1269620954990387,0.016686715185642242,0.05,226,51097,0.030890510681192706,0.3018965721130371,0.4000000059604645,0.0771201029419899,0.10000000149011612,0.11960479617118835,0.4000000059604645,0.14506110548973083,0.10000000149011612,frozen_mlp_surrogate_adjoint,900,900,900,700,58.44581460952759,58.44581460952759,0.06493979401058621
802,215.2803192138672,164.0291290283203,169.86256408691406,64.99432373046875,0.9394466876983643,0.5190580487251282,0.6240456104278564,0.3517467975616455,0.6434258222579956,T040_010_040_010,0.02303491160273552,0.016677655279636383,0.12714514136314392,0.016677655279636383,0.05,479,51719,0.046253836413621935,0.3015521466732025,0.4000000059604645,0.07693754881620407,0.10000000149011612,0.1196761354804039,0.4000000059604645,0.14525997638702393,0.10000000149011612,frozen_mlp_surrogate_adjoint,900,900,900,700,58.44581460952759,58.44581460952759,0.06493979401058621
803,215.38865661621094,164.02174377441406,169.84017944335938,64.96785736083984,0.9401990175247192,0.5189211964607239,0.6238901615142822,0.3512566089630127,0.6431446671485901,T040_010_040_010,0.02303491346538067,0.016667626798152924,0.1273457258939743,0.016667626798152924,0.05,190,51255,0.02862250154891394,0.30109503865242004,0.4000000059604645,0.0775509625673294,0.10000000149011612,0.11951559036970139,0.4000000059604645,0.14498305320739746,0.10000000149011612,frozen_mlp_surrogate_adjoint,900,900,900,700,58.44581460952759,58.44581460952759,0.06493979401058621
804,215.228759765625,164.00767517089844,169.8661651611328,65.02091979980469,0.9390885829925537,0.5186607241630554,0.6240705847740173,0.35223934054374695,0.6432884931564331,T040_010_040_010,0.02303493767976761,0.016672782599925995,0.12724310159683228,0.016672782599925995,0.05,473,50239,0.04594120384978734,0.3011830449104309,0.4000000059604645,0.07694083452224731,0.10000000149011612,0.1197144165635109,0.4000000059604645,0.1454501748085022,0.10000000149011612,frozen_mlp_surrogate_adjoint,900,900,900,700,58.44581460952759,58.44581460952759,0.06493979401058621
805,215.50955200195312,164.1190643310547,169.93447875976562,64.89811706542969,0.9410386085510254,0.5207234621047974,0.6245450377464294,0.3499651253223419,0.644461452960968,T040_010_040_010,0.02303500659763813,0.01671462319791317,0.126407653093338,0.01671462319791317,0.05,667,51611,0.05450056144690055,0.3030727505683899,0.4000000059604645,0.07689519971609116,0.10000000149011612,0.1196100115776062,0.4000000059604645,0.14488348364830017,0.10000000149011612,frozen_mlp_surrogate_adjoint,900,900,900,700,58.44581460952759,58.44581460952759,0.06493979401058621
806,215.26898193359375,164.0235595703125,169.8667755126953,64.99737548828125,0.9393678903579712,0.5189547538757324,0.6240748167037964,0.3518032133579254,0.6433688402175903,T040_010_040_010,0.02303522638976574,0.016675937920808792,0.12718577682971954,0.016675937920808792,0.05,524,50227,0.04858853999843299,0.3014398217201233,0.4000000059604645,0.07696335017681122,0.10000000149011612,0.11967626214027405,0.4000000059604645,0.14528939127922058,0.10000000149011612,frozen_mlp_surrogate_adjoint,900,900,900,700,58.44581460952759,58.44581460952759,0.06493979401058621
807,215.43661499023438,164.05966186523438,169.8773651123047,64.93744659423828,0.9405320286750793,0.5196232199668884,0.6241483688354492,0.3506934344768524,0.6436291933059692,T040_010_040_010,0.023035239428281784,0.016685230657458305,0.12700015306472778,0.016685230657458305,0.05,539,50246,0.049201045799572164,0.3018544912338257,0.4000000059604645,0.07731429487466812,0.10000000149011612,0.11954110860824585,0.4000000059604645,0.1449192762374878,0.10000000149011612,frozen_mlp_surrogate_adjoint,900,900,900,700,58.44581460952759,58.44581460952759,0.06493979401058621
808,215.3494110107422,164.03631591796875,169.86558532714844,64.97023010253906,0.9399265050888062,0.5191910862922668,0.6240665912628174,0.35130059719085693,0.64341801404953,T040_010_040_010,0.02303527295589447,0.01667773723602295,0.12715071439743042,0.01667773723602295,0.05,244,50958,0.03172143133356697,0.3015315532684326,0.4000000059604645,0.07719043642282486,0.10000000149011612,0.1195981353521347,0.4000000059604645,0.14509792625904083,0.10000000149011612,frozen_mlp_surrogate_adjoint,900,900,900,700,58.44581460952759,58.44581460952759,0.06493979401058621
809,215.2517852783203,164.0629119873047,169.92312622070312,64.99183654785156,0.9392485022544861,0.5196835994720459,0.6244661211967468,0.35170066356658936,0.6440805792808533,T040_010_040_010,0.023035366088151932,0.016701433807611465,0.12667863070964813,0.016701433807611465,0.05,802,51417,0.06007333968984856,0.3024206757545471,0.4000000059604645,0.07635865360498428,0.10000000149011612,0.1198205053806305,0.4000000059604645,0.14548076689243317,0.10000000149011612,frozen_mlp_surrogate_adjoint,900,900,900,700,58.44581460952759,58.44581460952759,0.06493979401058621
810,215.3700714111328,164.02239990234375,169.822998046875,64.97010040283203,0.9400699734687805,0.5189334154129028,0.6237708926200867,0.35129815340042114,0.6430851221084595,T040_010_040_010,0.02303624153137207,0.016666829586029053,0.12738822400569916,0.016666829586029053,0.05,195,50548,0.028940849163044995,0.3011623024940491,0.4000000059604645,0.07746881991624832,0.10000000149011612,0.11951467394828796,0.4000000059604645,0.14493930339813232,0.10000000149011612,frozen_mlp_surrogate_adjoint,900,900,900,700,58.44581460952759,58.44581460952759,0.06493979401058621
811,189.34677124023438,151.22056579589844,172.3890838623047,49.90563201904297,0.7593526244163513,0.2818622887134552,0.6415908336639404,0.07232655584812164,0.5676332712173462,T040_010_040_010,0.02354622259736061,0.014199172146618366,0.1869409829378128,0.014199172146618366,0.05,467,51515,0.04559581929929624,0.281480610370636,0.4000000059604645,0.10246787965297699,0.10000000149011612,0.11281616985797882,0.4000000059604645,0.0708685889840126,0.10000000149011612,frozen_mlp_surrogate_adjoint,900,900,900,700,58.44581460952759,58.44581460952759,0.06493979401058621
812,189.32582092285156,151.2155303955078,172.37149047851562,49.90578079223633,0.7592070698738098,0.28176912665367126,0.6414687037467957,0.07232927531003952,0.5676185488700867,T040_010_040_010,0.02354624681174755,0.014198560267686844,0.18695372343063354,0.014198560267686844,0.05,260,50613,0.03316838686043652,0.28159230947494507,0.4000000059604645,0.10244101285934448,0.10000000149011612,0.11284786462783813,0.4000000059604645,0.07073734700679779,0.10000000149011612,frozen_mlp_surrogate_adjoint,900,900,900,700,58.44581460952759,58.44581460952759,0.06493979401058621
813,189.3181610107422,151.2079315185547,172.3624267578125,49.90290832519531,0.7591539025306702,0.2816283702850342,0.6414057612419128,0.07227611541748047,0.5675551891326904,T040_010_040_010,0.02354631945490837,0.01419589389115572,0.18700851500034332,0.01419589389115572,0.05,629,50463,0.052910179789095645,0.28156614303588867,0.4000000059604645,0.10246667265892029,0.10000000149011612,0.11285954713821411,0.4000000059604645,0.07066281139850616,0.10000000149011612,frozen_mlp_surrogate_adjoint,900,900,900,700,58.44581460952759,58.44581460952759,0.06493979401058621
814,189.3270263671875,151.2162628173828,172.36106872558594,49.909423828125,0.7592154741287231,0.28178274631500244,0.6413962841033936,0.07239674776792526,0.5675652027130127,T040_010_040_010,0.023546334356069565,0.01419633999466896,0.1869998574256897,0.01419633999466896,0.05,442,51369,0.04413286873283469,0.2815711498260498,0.4000000059604645,0.10248672962188721,0.10000000149011612,0.11286383867263794,0.4000000059604645,0.07064346969127655,0.10000000149011612,frozen_mlp_surrogate_adjoint,900,900,900,700,58.44581460952759,58.44581460952759,0.06493979401058621
815,189.32501220703125,151.20736694335938,172.3671875,49.902408599853516,0.7592014670372009,0.28161776065826416,0.6414387822151184,0.0722668319940567,0.5675345659255981,T040_010_040_010,0.023546341806650162,0.014195023104548454,0.18702635169029236,0.014195023104548454,0.05,791,51188,0.059233201606713526,0.28149911761283875,0.4000000059604645,0.10249081999063492,0.10000000149011612,0.11284874379634857,0.4000000059604645,0.07069587707519531,0.10000000149011612,frozen_mlp_surrogate_adjoint,900,900,900,700,58.44581460952759,58.44581460952759,0.06493979401058621
816,189.33282470703125,151.21478271484375,172.39862060546875,49.89884567260742,0.7592557072639465,0.2817551791667938,0.6416571140289307,0.07220082730054855,0.5676984190940857,T040_010_040_010,0.02354644425213337,0.014202211052179337,0.18688465654850006,0.014202211052179337,0.05,577,51347,0.050761134087006735,0.28155529499053955,0.4000000059604645,0.10237418860197067,0.10000000149011612,0.11280129104852676,0.4000000059604645,0.07096763700246811,0.10000000149011612,frozen_mlp_surrogate_adjoint,900,900,900,700,58.44581460952759,58.44581460952759,0.06493979401058621
817,189.32650756835938,151.21556091308594,172.3827667236328,49.90382766723633,0.7592118978500366,0.2817697525024414,0.6415469646453857,0.07229310274124146,0.5676595568656921,T040_010_040_010,0.023546457290649414,0.0142005430534482,0.1869182586669922,0.0142005430534482,0.05,461,51517,0.0453246287233294,0.28159409761428833,0.4000000059604645,0.10240105539560318,0.10000000149011612,0.11282852292060852,0.4000000059604645,0.0708359032869339,0.10000000149011612,frozen_mlp_surrogate_adjoint,900,900,900,700,58.44581460952759,58.44581460952759,0.06493979401058621
818,189.3289794921875,151.21511840820312,172.3695068359375,49.90848159790039,0.7592290639877319,0.28176149725914,0.6414548754692078,0.07237931340932846,0.5675762891769409,T040_010_040_010,0.023546472191810608,0.014196960255503654,0.18699026107788086,0.014196960255503654,0.05,658,50122,0.05392488018864412,0.28153884410858154,0.4000000059604645,0.1024746298789978,0.10000000149011612,0.11284743249416351,0.4000000059604645,0.07071538269519806,0.10000000149011612,frozen_mlp_surrogate_adjoint,900,900,900,700,58.44581460952759,58.44581460952759,0.06493979401058621
819,98.43424987792969,171.4552001953125,127.44355773925781,59.97782897949219,0.12801562249660492,0.6565779447555542,0.32946914434432983,0.25884872674942017,0.3331846296787262,T040_010_040_010,0.024167725816369057,0.0019355863332748413,0.4446427822113037,0.0019355863332748413,0.05,402,51009,0.04199574414837533,0.12189868837594986,0.4000000059604645,0.020919233560562134,0.10000000149011612,0.13304190337657928,0.4000000059604645,0.05732479691505432,0.10000000149011612,frozen_mlp_surrogate_adjoint,900,900,900,700,58.44581460952759,58.44581460952759,0.06493979401058621
820,98.43941497802734,171.4486083984375,127.44764709472656,59.96759796142578,0.1280515044927597,0.6564556360244751,0.3294975757598877,0.2586592435836792,0.33313772082328796,T040_010_040_010,0.024168267846107483,0.0019330056384205818,0.4447052478790283,0.0019330056384205818,0.05,600,50643,0.05154906469823788,0.12190963327884674,0.4000000059604645,0.020904771983623505,0.10000000149011612,0.13302311301231384,0.4000000059604645,0.057300206273794174,0.10000000149011612,frozen_mlp_surrogate_adjoint,900,900,900,700,58.44581460952759,58.44581460952759,0.06493979401058621
821,98.42426300048828,171.44857788085938,127.42567443847656,59.974674224853516,0.12794627249240875,0.6564551591873169,0.3293449282646179,0.2587902843952179,0.33327341079711914,T040_010_040_010,0.0241685900837183,0.0019423722987994552,0.444524347782135,0.0019423722987994552,0.05,496,50615,0.04730070594816099,0.12199773639440536,0.4000000059604645,0.020924702286720276,0.10000000149011612,0.13291895389556885,0.4000000059604645,0.057432014495134354,0.10000000149011612,frozen_mlp_surrogate_adjoint,900,900,900,700,58.44581460952759,58.44581460952759,0.06493979401058621
822,98.45227813720703,171.44827270507812,127.45702362060547,59.987003326416016,0.12814080715179443,0.6564494967460632,0.3295626640319824,0.25901857018470764,0.33314281702041626,T040_010_040_010,0.024168677628040314,0.0019337525591254234,0.4446985125541687,0.0019337525591254234,0.05,855,51204,0.06240428477783544,0.12190969288349152,0.4000000059604645,0.020849496126174927,0.10000000149011612,0.13310471177101135,0.4000000059604645,0.057278942316770554,0.10000000149011612,frozen_mlp_surrogate_adjoint,900,900,900,700,58.44581460952759,58.44581460952759,0.06493979401058621
823,98.43431091308594,171.44122314453125,127.45112609863281,59.979766845703125,0.12801606953144073,0.6563189029693604,0.32952171564102173,0.25888457894325256,0.33323198556900024,T040_010_040_010,0.02416883036494255,0.0019398522563278675,0.4445795714855194,0.0019398522563278675,0.05,511,50745,0.04814818898179969,0.12193013727664948,0.4000000059604645,0.020863771438598633,0.10000000149011612,0.13308897614479065,0.4000000059604645,0.05734908953309059,0.10000000149011612,frozen_mlp_surrogate_adjoint,900,900,900,700,58.44581460952759,58.44581460952759,0.06493979401058621
824,98.43966674804688,171.4518280029297,127.44175720214844,59.96969223022461,0.12805324792861938,0.6565152406692505,0.3294566571712494,0.2586979866027832,0.3331431746482849,T040_010_040_010,0.024168897420167923,0.001933995634317398,0.4446980357170105,0.001933995634317398,0.05,222,50325,0.030792173263181736,0.12191649526357651,0.4000000059604645,0.020914509892463684,0.10000000149011612,0.13299502432346344,0.4000000059604645,0.05731714889407158,0.10000000149011612,frozen_mlp_surrogate_adjoint,900,900,900,700,58.44581460952759,58.44581460952759,0.06493979401058621
825,98.42754364013672,171.4535675048828,127.43487548828125,59.98356628417969,0.12796905636787415,0.656547486782074,0.3294088542461395,0.2589549124240875,0.3332543969154358,T040_010_040_010,0.024169132113456726,0.001941645285114646,0.44454970955848694,0.001941645285114646,0.05,863,50447,0.0629032161569288,0.12194459140300751,0.4000000059604645,0.02091561257839203,0.10000000149011612,0.13299670815467834,0.4000000059604645,0.057397469878196716,0.10000000149011612,frozen_mlp_surrogate_adjoint,900,900,900,700,58.44581460952759,58.44581460952759,0.06493979401058621
826,98.41600036621094,171.45013427734375,127.41835021972656,59.960018157958984,0.12788890302181244,0.6564838290214539,0.3292940855026245,0.25851887464523315,0.33328261971473694,T040_010_040_010,0.02416915073990822,0.0019435447175055742,0.44451209902763367,0.0019435447175055742,0.05,444,50846,0.04430207504043155,0.12198511511087418,0.4000000059604645,0.02096296101808548,0.10000000149011612,0.13287904858589172,0.4000000059604645,0.05745549872517586,0.10000000149011612,frozen_mlp_surrogate_adjoint,900,900,900,700,58.44581460952759,58.44581460952759,0.06493979401058621
827,98.41301727294922,171.44630432128906,127.41604614257812,59.96681594848633,0.127868190407753,0.6564131379127502,0.3292780816555023,0.2586447596549988,0.33333152532577515,T040_010_040_010,0.02416945807635784,0.001947114709764719,0.444446861743927,0.001947114709764719,0.05,520,50124,0.04834771274952025,0.12202399224042892,0.4000000059604645,0.02094348520040512,0.10000000149011612,0.13286954164505005,0.4000000059604645,0.057494521141052246,0.10000000149011612,frozen_mlp_surrogate_adjoint,900,900,900,700,58.44581460952759,58.44581460952759,0.06493979401058621
828,98.4104232788086,171.4503631591797,127.4154052734375,59.95079803466797,0.12785014510154724,0.6564882397651672,0.32927367091178894,0.2583480775356293,0.333289235830307,T040_010_040_010,0.02416953817009926,0.0019443761557340622,0.44450321793556213,0.0019443761557340622,0.05,638,50347,0.053242668597668234,0.121974416077137,0.4000000059604645,0.02098330855369568,0.10000000149011612,0.13286352157592773,0.4000000059604645,0.057468004524707794,0.10000000149011612,frozen_mlp_surrogate_adjoint,900,900,900,700,58.44581460952759,58.44581460952759,0.06493979401058621
829,98.430908203125,171.465087890625,127.46385192871094,59.98274230957031,0.1279924511909485,0.6567607522010803,0.32961010932922363,0.2589396834373474,0.3332092761993408,T040_010_040_010,0.02416977845132351,0.0019392843823879957,0.4446098804473877,0.0019392843823879957,0.05,554,50423,0.04993206333030818,0.12174353003501892,0.4000000059604645,0.020930469036102295,0.10000000149011612,0.1332443356513977,0.4000000059604645,0.057290948927402496,0.10000000149011612,frozen_mlp_surrogate_adjoint,900,900,900,700,58.44581460952759,58.44581460952759,0.06493979401058621
830,98.41873168945312,171.4403839111328,127.43944549560547,59.970062255859375,0.1279078871011734,0.6563034653663635,0.3294405937194824,0.25870490074157715,0.33330631256103516,T040_010_040_010,0.02416999638080597,0.0019459719769656658,0.4444804787635803,0.0019459719769656658,0.05,249,50081,0.032105370505582084,0.12194807082414627,0.4000000059604645,0.020893462002277374,0.10000000149011612,0.13303861021995544,0.4000000059604645,0.05742615461349487,0.10000000149011612,frozen_mlp_surrogate_adjoint,900,900,900,700,58.44581460952759,58.44581460952759,0.06493979401058621
831,98.40617370605469,171.45669555664062,127.42298126220703,59.952171325683594,0.12782064080238342,0.6566054224967957,0.3293262720108032,0.25837352871894836,0.33328568935394287,T040_010_040_010,0.024170558899641037,0.0019451586995273829,0.44450798630714417,0.0019451586995273829,0.05,565,50103,0.050275305573988266,0.12189917266368866,0.4000000059604645,0.02099469304084778,0.10000000149011612,0.1329447627067566,0.4000000059604645,0.057447075843811035,0.10000000149011612,frozen_mlp_surrogate_adjoint,900,900,900,700,58.44581460952759,58.44581460952759,0.06493979401058621
832,98.39708709716797,171.44146728515625,127.42091369628906,59.951934814453125,0.12775754928588867,0.6563234329223633,0.32931190729141235,0.25836920738220215,0.3333890438079834,T040_010_040_010,0.024171417579054832,0.0019529082346707582,0.44437018036842346,0.0019529082346707582,0.05,374,51031,0.040763148249640696,0.12196917831897736,0.4000000059604645,0.020951852202415466,0.10000000149011612,0.1329425573348999,0.4000000059604645,0.05752544105052948,0.10000000149011612,frozen_mlp_surrogate_adjoint,900,900,900,700,58.44581460952759,58.44581460952759,0.06493979401058621
833,204.0753936767578,164.75210571289062,170.90028381347656,64.96305847167969,0.8616346716880798,0.5324463844299316,0.6312519907951355,0.3511677384376526,0.6496699452400208,T040_010_040_010,0.02427227981388569,0.01813572272658348,0.12273114919662476,0.01813572272658348,0.05,208,51362,0.02982648793130736,0.31877684593200684,0.4000000059604645,0.060853224247694016,0.10000000149011612,0.11926745623350143,0.4000000059604645,0.15077240765094757,0.10000000149011612,frozen_mlp_surrogate_adjoint,900,900,900,700,58.44581460952759,58.44581460952759,0.06493979401058621
834,99.12765502929688,171.49053955078125,127.99310302734375,60.696861267089844,0.1328309178352356,0.6572321653366089,0.3332854211330414,0.27216410636901855,0.3387400209903717,T040_010_040_010,0.02431062050163746,0.0024473804514855146,0.4372648000717163,0.0024473804514855146,0.05,370,50983,0.04063017033631999,0.12013360112905502,0.4000000059604645,0.019001610577106476,0.10000000149011612,0.140390083193779,0.4000000059604645,0.05921474099159241,0.10000000149011612,frozen_mlp_surrogate_adjoint,900,900,900,700,58.44581460952759,58.44581460952759,0.06493979401058621
835,99.10111999511719,171.4956512451172,127.9881820678711,60.67273712158203,0.13264669477939606,0.6573269367218018,0.3332512676715851,0.271717369556427,0.33845996856689453,T040_010_040_010,0.024310702458024025,0.0024289414286613464,0.437635213136673,0.0024289414286613464,0.05,894,50280,0.06470001812273624,0.12007982283830643,0.4000000059604645,0.019100643694400787,0.10000000149011612,0.14016515016555786,0.4000000059604645,0.059114325791597366,0.10000000149011612,frozen_mlp_surrogate_adjoint,900,900,900,700,58.44581460952759,58.44581460952759,0.06493979401058621
836,99.11759948730469,171.51014709472656,127.99481201171875,60.77968978881836,0.1327611207962036,0.6575952172279358,0.3332972824573517,0.27369797229766846,0.3401464521884918,T040_010_040_010,0.024310776963829994,0.002540439832955599,0.43540674448013306,0.002540439832955599,0.05,642,50057,0.053399010890006406,0.12004251778125763,0.4000000059604645,0.0190114825963974,0.10000000149011612,0.14124815165996552,0.4000000059604645,0.05984429642558098,0.10000000149011612,frozen_mlp_surrogate_adjoint,900,900,900,700,58.44581460952759,58.44581460952759,0.06493979401058621
837,99.12628173828125,171.4945526123047,128.00738525390625,60.70475769042969,0.13282142579555511,0.6573065519332886,0.33338460326194763,0.272310346364975,0.3389401435852051,T040_010_040_010,0.024310994893312454,0.0024609873071312904,0.4370001256465912,0.0024609873071312904,0.05,559,51193,0.050071858293164656,0.12005364149808884,0.4000000059604645,0.01900205761194229,0.10000000149011612,0.14064311981201172,0.4000000059604645,0.05924132466316223,0.10000000149011612,frozen_mlp_surrogate_adjoint,900,900,900,700,58.44581460952759,58.44581460952759,0.06493979401058621
838,198.27725219726562,166.03628540039062,168.09689331054688,66.35308074951172,0.8213698267936707,0.5562273859977722,0.6117839217185974,0.3769088685512543,0.6701483726501465,T040_010_040_010,0.024315761402249336,0.01887565664947033,0.10880209505558014,0.01887565664947033,0.05,527,50144,0.0486489515421492,0.3338986337184906,0.4000000059604645,0.059759028255939484,0.10000000149011612,0.12085945904254913,0.4000000059604645,0.15563127398490906,0.10000000149011612,frozen_mlp_surrogate_adjoint,900,900,900,700,58.44581460952759,58.44581460952759,0.06493979401058621
839,102.17974853515625,167.66421508789062,127.43902587890625,52.55443572998047,0.15402603149414062,0.5863744616508484,0.3294377028942108,0.12137845903635025,0.3513590097427368,T040_010_040_010,0.024502191692590714,0.003465434303507209,0.42073512077331543,0.003465434303507209,0.05,805,50126,0.06036754084671854,0.136209174990654,0.4000000059604645,0.01929698884487152,0.10000000149011612,0.12574918568134308,0.4000000059604645,0.07010363042354584,0.10000000149011612,frozen_mlp_surrogate_adjoint,900,900,900,700,58.44581460952759,58.44581460952759,0.06493979401058621
840,102.18216705322266,167.65606689453125,127.44999694824219,52.56096649169922,0.1540428102016449,0.5862234234809875,0.32951387763023376,0.12149941176176071,0.35135728120803833,T040_010_040_010,0.024502644315361977,0.0034657754004001617,0.4207373857498169,0.0034657754004001617,0.05,445,51019,0.044340563516839196,0.13619399070739746,0.4000000059604645,0.01925969123840332,0.10000000149011612,0.125796377658844,0.4000000059604645,0.07010721415281296,0.10000000149011612,frozen_mlp_surrogate_adjoint,900,900,900,700,58.44581460952759,58.44581460952759,0.06493979401058621
841,80.35417938232422,148.217041015625,80.19249725341797,83.26640319824219,0.002459583804011345,0.22624140977859497,0.0013368113432079554,0.690118670463562,0.8349876999855042,T040_010_040_010,0.032930705696344376,0.03156925365328789,0.027229059487581253,0.03156925365328789,0.05,685,51072,0.05537324028158111,0.4114101529121399,0.4000000059604645,0.05682523921132088,0.10000000149011612,0.10856308788061142,0.4000000059604645,0.25818920135498047,0.10000000149011612,frozen_mlp_surrogate_adjoint,900,900,900,700,58.44581460952759,58.44581460952759,0.06493979401058621
842,140.14193725585938,189.97584533691406,80.14265441894531,46.02325439453125,0.4176523685455322,0.9995526671409607,0.000990673084743321,0.0004306627670302987,0.5724589228630066,T040_010_040_010,0.03299431502819061,0.02385474555194378,0.18279136717319489,0.02385474555194378,0.05,449,50663,0.04450233138331004,0.24998922646045685,0.4000000059604645,0.17900791764259338,0.10000000149011612,0.10369637608528137,0.4000000059604645,0.03976539522409439,0.10000000149011612,frozen_mlp_surrogate_adjoint,900,900,900,700,58.44581460952759,58.44581460952759,0.06493979401058621
843,140.25717163085938,189.90960693359375,80.23635864257812,46.031002044677734,0.41845259070396423,0.9983258843421936,0.0016413937555626035,0.0005740788183175027,0.5719941258430481,T040_010_040_010,0.033112749457359314,0.02395329810678959,0.1831890344619751,0.02395329810678959,0.05,803,50690,0.060152917434857484,0.24988959729671478,0.4000000059604645,0.17913590371608734,0.10000000149011612,0.10340416431427002,0.4000000059604645,0.039564453065395355,0.10000000149011612,frozen_mlp_surrogate_adjoint,900,900,900,700,58.44581460952759,58.44581460952759,0.06493979401058621
844,196.11656188964844,158.2818145751953,80.09854888916016,86.72037506103516,0.8063650131225586,0.4126262664794922,0.0006843689479865134,0.7540810108184814,0.5862944722175598,T040_010_040_010,0.03314940258860588,0.02459178864955902,0.171152263879776,0.02459178864955902,0.05,788,50289,0.05908602919581601,0.26061898469924927,0.4000000059604645,0.10914848744869232,0.10000000149011612,0.07864052057266235,0.4000000059604645,0.13788646459579468,0.10000000149011612,frozen_mlp_surrogate_adjoint,900,900,900,700,58.44581460952759,58.44581460952759,0.06493979401058621
845,196.07864379882812,158.28675842285156,80.112060546875,86.71463012695312,0.8061016201972961,0.41271764039993286,0.0007781939348205924,0.7539745569229126,0.5864182710647583,T040_010_040_010,0.033157169818878174,0.0246046781539917,0.17104984819889069,0.0246046781539917,0.05,640,51308,0.05331147815532588,0.26085007190704346,0.4000000059604645,0.10912208259105682,0.10000000149011612,0.07858577370643616,0.4000000059604645,0.13786035776138306,0.10000000149011612,frozen_mlp_surrogate_adjoint,900,900,900,700,58.44581460952759,58.44581460952759,0.06493979401058621
846,196.07766723632812,158.28671264648438,80.1192626953125,86.73460388183594,0.8060948848724365,0.4127167761325836,0.0008282042108476162,0.7543445229530334,0.5866797566413879,T040_010_040_010,0.03316129371523857,0.024619612842798233,0.17083361744880676,0.024619612842798233,0.05,655,50484,0.05379096895138777,0.26084256172180176,0.4000000059604645,0.10911230742931366,0.10000000149011612,0.07861223071813583,0.4000000059604645,0.1381126344203949,0.10000000149011612,frozen_mlp_surrogate_adjoint,900,900,900,700,58.44581460952759,58.44581460952759,0.06493979401058621
847,195.73147583007812,158.27444458007812,80.21235656738281,86.77779388427734,0.8036907315254211,0.41248956322669983,0.0014746946981176734,0.7551442980766296,0.5887110233306885,T040_010_040_010,0.03321411460638046,0.024756183847784996,0.16915862262248993,0.024756183847784996,0.05,645,50071,0.053454003706698845,0.26167625188827515,0.4000000059604645,0.1096343845129013,0.10000000149011612,0.07848237454891205,0.4000000059604645,0.1389179527759552,0.10000000149011612,frozen_mlp_surrogate_adjoint,900,900,900,700,58.44581460952759,58.44581460952759,0.06493979401058621
848,185.66763305664062,157.0256805419922,80.00387573242188,87.46105194091797,0.7338029742240906,0.38936448097229004,2.6892254027188756e-05,0.7677972912788391,0.6527849435806274,T040_010_040_010,0.03348688781261444,0.027458971366286278,0.12055829912424088,0.027458971366286278,0.05,272,51405,0.03427444925902119,0.2923958897590637,0.4000000059604645,0.12694311141967773,0.10000000149011612,0.07733893394470215,0.4000000059604645,0.15610697865486145,0.10000000149011612,frozen_mlp_surrogate_adjoint,900,900,900,700,58.44581460952759,58.44581460952759,0.06493979401058621
849,185.76101684570312,157.08859252929688,80.07240295410156,87.45907592773438,0.7344514727592468,0.3905295133590698,0.0005027874722145498,0.767760694026947,0.6522471308708191,T040_010_040_010,0.03352826461195946,0.02748166210949421,0.12093205749988556,0.02748166210949421,0.05,836,50450,0.06154586125433738,0.29304105043411255,0.4000000059604645,0.1260884404182434,0.10000000149011612,0.0770949050784111,0.4000000059604645,0.15602272748947144,0.10000000149011612,frozen_mlp_surrogate_adjoint,900,900,900,700,58.44581460952759,58.44581460952759,0.06493979401058621
850,185.7391815185547,157.07127380371094,80.11487579345703,87.4507064819336,0.734299898147583,0.39020878076553345,0.0007977563072927296,0.7676056623458862,0.6522674560546875,T040_010_040_010,0.03355466574430466,0.027508769184350967,0.1209179237484932,0.027508769184350967,0.05,885,50151,0.06440707404090573,0.2929401993751526,0.4000000059604645,0.12635087966918945,0.10000000149011612,0.07700879126787186,0.4000000059604645,0.1559675931930542,0.10000000149011612,frozen_mlp_surrogate_adjoint,900,900,900,700,58.44581460952759,58.44581460952759,0.06493979401058621
851,185.77621459960938,157.05137634277344,80.13599395751953,87.45702362060547,0.7345569729804993,0.38984042406082153,0.0009443805902265012,0.7677226662635803,0.652052640914917,T040_010_040_010,0.03356649726629257,0.027513129636645317,0.12106736749410629,0.027513129636645317,0.05,681,50483,0.05520505882654829,0.29236799478530884,0.4000000059604645,0.12660780549049377,0.10000000149011612,0.07704002410173416,0.4000000059604645,0.15603682398796082,0.10000000149011612,frozen_mlp_surrogate_adjoint,900,900,900,700,58.44581460952759,58.44581460952759,0.06493979401058621
852,185.782470703125,157.10037231445312,80.13797760009766,87.45116424560547,0.7346004247665405,0.3907477557659149,0.0009581516496837139,0.7676141262054443,0.6520322561264038,T040_010_040_010,0.03356892988085747,0.027514850720763206,0.12108155339956284,0.027514850720763206,0.05,543,50286,0.04938547725322171,0.2932223081588745,0.4000000059604645,0.1259509176015854,0.10000000149011612,0.07691802829504013,0.4000000059604645,0.15594099462032318,0.10000000149011612,frozen_mlp_surrogate_adjoint,900,900,900,700,58.44581460952759,58.44581460952759,0.06493979401058621
853,185.78985595703125,157.0334930419922,80.15237426757812,87.46656036376953,0.7346517443656921,0.38950902223587036,0.0010581641690805554,0.7678992748260498,0.6520092487335205,T040_010_040_010,0.03357692435383797,0.027522046118974686,0.12109756469726562,0.027522046118974686,0.05,590,50968,0.0511948173463943,0.2919315695762634,0.4000000059604645,0.12683172523975372,0.10000000149011612,0.077072873711586,0.4000000059604645,0.15617313981056213,0.10000000149011612,frozen_mlp_surrogate_adjoint,900,900,900,700,58.44581460952759,58.44581460952759,0.06493979401058621
854,185.78330993652344,157.03094482421875,80.20096588134766,87.46369934082031,0.7346063256263733,0.38946184515953064,0.0013956045731902122,0.7678462862968445,0.6520566940307617,T040_010_040_010,0.033605583012104034,0.027552355080842972,0.12106454372406006,0.027552355080842972,0.05,679,11,0.05514575744953109,0.29203248023986816,0.4000000059604645,0.12689712643623352,0.10000000149011612,0.07696133852005005,0.4000000059604645,0.15616576373577118,0.10000000149011612,frozen_mlp_surrogate_adjoint,900,900,900,700,58.44581460952759,58.44581460952759,0.06493979401058621
855,185.85540771484375,157.0683135986328,80.26941680908203,87.46220397949219,0.7351070046424866,0.39015403389930725,0.0018709743162617087,0.7678185701370239,0.6516233682632446,T040_010_040_010,0.033646780997514725,0.02757846750319004,0.12136627733707428,0.02757846750319004,0.05,778,50362,0.05877763831337753,0.2923516631126404,0.4000000059604645,0.1263936161994934,0.10000000149011612,0.0767633467912674,0.4000000059604645,0.15611472725868225,0.10000000149011612,frozen_mlp_surrogate_adjoint,900,900,900,700,58.44581460952759,58.44581460952759,0.06493979401058621
856,170.239013671875,154.1525115966797,80.01224517822266,87.65838623046875,0.6266598105430603,0.33615759015083313,8.501281990902498e-05,0.7714515328407288,0.7409094572067261,T040_010_040_010,0.03426308184862137,0.030906684696674347,0.06712790578603745,0.030906684696674347,0.05,584,51142,0.05097919525687068,0.34635311365127563,0.4000000059604645,0.16139516234397888,0.10000000149011612,0.07228408753871918,0.4000000059604645,0.16087712347507477,0.10000000149011612,frozen_mlp_surrogate_adjoint,900,900,900,700,58.44581460952759,58.44581460952759,0.06493979401058621
857,170.22044372558594,154.14500427246094,80.01958465576172,87.65937805175781,0.6265308856964111,0.33601871132850647,0.0001360048190690577,0.7714698910713196,0.7409772276878357,T040_010_040_010,0.034268248826265335,0.030913610011339188,0.06709279865026474,0.030913610011339188,0.05,498,50025,0.04731756668158734,0.3463878035545349,0.4000000059604645,0.16141194105148315,0.10000000149011612,0.07226589322090149,0.4000000059604645,0.16091163456439972,0.10000000149011612,frozen_mlp_surrogate_adjoint,900,900,900,700,58.44581460952759,58.44581460952759,0.06493979401058621
858,170.18417358398438,154.10951232910156,80.03217315673828,87.6517562866211,0.6262789964675903,0.3353613018989563,0.00022341444855555892,0.7713288068771362,0.7409570813179016,T040_010_040_010,0.03427644819021225,0.03092128597199917,0.06710323691368103,0.03092128597199917,0.05,548,50755,0.04963992400032433,0.3462609350681305,0.4000000059604645,0.16169506311416626,0.10000000149011612,0.07225137948989868,0.4000000059604645,0.1607496738433838,0.10000000149011612,frozen_mlp_surrogate_adjoint,900,900,900,700,58.44581460952759,58.44581460952759,0.06493979401058621
859,170.07937622070312,154.18356323242188,80.03862762451172,87.63703918457031,0.6255512237548828,0.3367326855659485,0.0002682722406461835,0.7710562944412231,0.7417668104171753,T040_010_040_010,0.03428027406334877,0.030946053564548492,0.06668438017368317,0.030946053564548492,0.05,763,50131,0.0580429624416399,0.34831854701042175,0.4000000059604645,0.160929873585701,0.10000000149011612,0.07204757630825043,0.4000000059604645,0.16047079861164093,0.10000000149011612,frozen_mlp_surrogate_adjoint,900,900,900,700,58.44581460952759,58.44581460952759,0.06493979401058621
860,170.19873046875,154.1293182373047,80.06036376953125,87.65754699707031,0.6263800263404846,0.33572813868522644,0.0004191765037830919,0.7714360356330872,0.740967869758606,T040_010_040_010,0.034294527024030685,0.03093964420258999,0.06709764152765274,0.03093964420258999,0.05,587,51623,0.05117040835397532,0.3463935852050781,0.4000000059604645,0.16147474944591522,0.10000000149011612,0.07217194885015488,0.4000000059604645,0.16092756390571594,0.10000000149011612,frozen_mlp_surrogate_adjoint,900,900,900,700,58.44581460952759,58.44581460952759,0.06493979401058621
861,170.20620727539062,154.1266326904297,80.08570861816406,87.63005065917969,0.626431941986084,0.33567848801612854,0.0005951860803179443,0.770926833152771,0.7407262325286865,T040_010_040_010,0.0343109592795372,0.03094981424510479,0.06722288578748703,0.03094981424510479,0.05,876,51513,0.06382821615112062,0.3466215133666992,0.4000000059604645,0.16163969039916992,0.10000000149011612,0.07207319140434265,0.4000000059604645,0.16039177775382996,0.10000000149011612,frozen_mlp_surrogate_adjoint,900,900,900,700,58.44581460952759,58.44581460952759,0.06493979401058621
862,170.2187957763672,154.13438415527344,80.11224365234375,87.64081573486328,0.6265194416046143,0.33582189679145813,0.0007794834673404694,0.7711262106895447,0.7407246828079224,T040_010_040_010,0.03432556241750717,0.030964376404881477,0.0672236904501915,0.030964376404881477,0.05,861,51077,0.06281536789956191,0.34657061100006104,0.4000000059604645,0.16150331497192383,0.10000000149011612,0.07202698290348053,0.4000000059604645,0.16062375903129578,0.10000000149011612,frozen_mlp_surrogate_adjoint,900,900,900,700,58.44581460952759,58.44581460952759,0.06493979401058621
863,170.23074340820312,154.1400146484375,80.131103515625,87.64673614501953,0.6266023516654968,0.3359261453151703,0.0009104272467084229,0.7712358236312866,0.7406923770904541,T040_010_040_010,0.03433772549033165,0.03097570315003395,0.06724044680595398,0.03097570315003395,0.05,588,51502,0.051180945454865415,0.3465014696121216,0.4000000059604645,0.16141976416110992,0.10000000149011612,0.07199002802371979,0.4000000059604645,0.16078117489814758,0.10000000149011612,frozen_mlp_surrogate_adjoint,900,900,900,700,58.44581460952759,58.44581460952759,0.06493979401058621
864,170.21533203125,154.11212158203125,80.15940856933594,87.63340759277344,0.626495361328125,0.33540961146354675,0.0011070247273892164,0.7709890007972717,0.7405390739440918,T040_010_040_010,0.03435492888092995,0.03098892979323864,0.06731997430324554,0.03098892979323864,0.05,670,50402,0.05461508989193464,0.3464072644710541,0.4000000059604645,0.16168947517871857,0.10000000149011612,0.07193196564912796,0.4000000059604645,0.16051039099693298,0.10000000149011612,frozen_mlp_surrogate_adjoint,900,900,900,700,58.44581460952759,58.44581460952759,0.06493979401058621
865,170.25433349609375,154.1445770263672,80.18011474609375,87.64173889160156,0.6267662644386292,0.336010605096817,0.0012507990468293428,0.7711432576179504,0.7404924631118774,T040_010_040_010,0.034367967396974564,0.031000759452581406,0.06734415888786316,0.031000759452581406,0.05,611,50113,0.05220945456674279,0.3464882969856262,0.4000000059604645,0.16139689087867737,0.10000000149011612,0.07187280058860779,0.4000000059604645,0.1607343852519989,0.10000000149011612,frozen_mlp_surrogate_adjoint,900,900,900,700,58.44581460952759,58.44581460952759,0.06493979401058621
866,170.2349853515625,154.1204376220703,80.18075561523438,87.62533569335938,0.6266317963600159,0.335563600063324,0.001255266834050417,0.7708394527435303,0.7403908967971802,T040_010_040_010,0.034369803965091705,0.030999958515167236,0.06739688664674759,0.030999958515167236,0.05,659,50010,0.05393729995570064,0.34645581245422363,0.4000000059604645,0.16167192161083221,0.10000000149011612,0.07186498492956161,0.4000000059604645,0.1603982150554657,0.10000000149011612,frozen_mlp_surrogate_adjoint,900,900,900,700,58.44581460952759,58.44581460952759,0.06493979401058621
867,170.27244567871094,154.13955688476562,80.19652557373047,87.6419677734375,0.6268919706344604,0.3359176218509674,0.0013647590531036258,0.7711475491523743,0.7403432130813599,T040_010_040_010,0.034378208220005035,0.031007125973701477,0.06742164492607117,0.031007125973701477,0.05,851,50703,0.06226278215100148,0.3462742269039154,0.4000000059604645,0.1614602953195572,0.10000000149011612,0.07185304164886475,0.4000000059604645,0.16075563430786133,0.10000000149011612,frozen_mlp_surrogate_adjoint,900,900,900,700,58.44581460952759,58.44581460952759,0.06493979401058621
868,170.163818359375,154.08546447753906,80.21404266357422,87.6242904663086,0.6261376142501831,0.3349160850048065,0.001486397348344326,0.7708202004432678,0.7405941486358643,T040_010_040_010,0.034390006214380264,0.031025437638163567,0.06729139387607574,0.031025437638163567,0.05,832,1,0.06135651341325644,0.34660327434539795,0.4000000059604645,0.16181747615337372,0.10000000149011612,0.07178913056850433,0.4000000059604645,0.16038426756858826,0.10000000149011612,frozen_mlp_surrogate_adjoint,900,900,900,700,58.44581460952759,58.44581460952759,0.06493979401058621
869,124.88963317871094,189.8806610107422,132.43809509277344,64.97447204589844,0.31173357367515564,0.9977900981903076,0.3641534447669983,0.3513791859149933,0.4312872290611267,T040_010_040_010,0.03469467535614967,0.018522964790463448,0.3234342038631439,0.018522964790463448,0.05,636,51364,0.0531778281563347,0.07300829887390137,0.4000000059604645,0.08255881816148758,0.10000000149011612,0.18641558289527893,0.4000000059604645,0.08930452913045883,0.10000000149011612,frozen_mlp_surrogate_adjoint,900,900,900,700,58.44581460952759,58.44581460952759,0.06493979401058621
870,124.81126403808594,189.84030151367188,132.33047485351562,64.96308135986328,0.31118935346603394,0.997042715549469,0.36340606212615967,0.3511681854724884,0.4304017722606659,T040_010_040_010,0.03470052406191826,0.01847841776907444,0.3244421184062958,0.01847841776907444,0.05,666,51487,0.054414399315371516,0.07309193909168243,0.4000000059604645,0.08250366151332855,0.10000000149011612,0.18547388911247253,0.4000000059604645,0.08933228999376297,0.10000000149011612,frozen_mlp_surrogate_adjoint,900,900,900,700,58.44581460952759,58.44581460952759,0.06493979401058621
871,155.2763671875,145.61878967285156,80.2174072265625,88.86968994140625,0.5227525234222412,0.17812566459178925,0.0015097938012331724,0.793883204460144,0.7783279418945312,T040_010_040_010,0.036710042506456375,0.03425311669707298,0.04913850128650665,0.03425311669707298,0.05,859,50181,0.06267489641174274,0.37401115894317627,0.4000000059604645,0.1695149838924408,0.10000000149011612,0.06275412440299988,0.4000000059604645,0.17204758524894714,0.10000000149011612,frozen_mlp_surrogate_adjoint,900,900,900,700,58.44581460952759,58.44581460952759,0.06493979401058621
872,154.96397399902344,189.9132080078125,109.40046691894531,46.0128288269043,0.5205831527709961,0.998392641544342,0.20416992902755737,0.0002375969779677689,0.5282743573188782,T040_010_040_010,0.039828866720199585,0.028702614828944206,0.22252507507801056,0.028702614828944206,0.05,750,51038,0.05752665980413496,0.2765868902206421,0.4000000059604645,0.15223588049411774,0.10000000149011612,0.08240102231502533,0.4000000059604645,0.017050541937351227,0.10000000149011612,frozen_mlp_surrogate_adjoint,900,900,900,700,58.44581460952759,58.44581460952759,0.06493979401058621
873,155.18923950195312,189.482666015625,109.9781494140625,46.01836013793945,0.5221474766731262,0.9904195666313171,0.20818160474300385,0.0003400047717150301,0.5228633880615234,T040_010_040_010,0.040257055312395096,0.02887408807873726,0.22765934467315674,0.02887408807873726,0.05,722,51535,0.05665057188407913,0.2738598585128784,0.4000000059604645,0.15129899978637695,0.10000000149011612,0.08156343549489975,0.4000000059604645,0.016141138970851898,0.10000000149011612,frozen_mlp_surrogate_adjoint,900,900,900,700,58.44581460952759,58.44581460952759,0.06493979401058621
874,82.88902282714844,164.42327880859375,80.03143310546875,81.32295989990234,0.020062673836946487,0.5263569355010986,0.000218289511394687,0.654128909111023,0.64920973777771,T040_010_040_010,0.04198387265205383,0.035831183195114136,0.12305381149053574,0.035831183195114136,0.05,651,50916,0.05370368959297801,0.25845685601234436,0.4000000059604645,0.07045873999595642,0.10000000149011612,0.08379587531089783,0.4000000059604645,0.23649826645851135,0.10000000149011612,frozen_mlp_surrogate_adjoint,900,900,900,700,58.44581460952759,58.44581460952759,0.06493979401058621
875,82.88334655761719,164.4314727783203,80.04569244384766,81.31591796875,0.020023230463266373,0.5265086889266968,0.00031731300987303257,0.6539984345436096,0.6491127610206604,T040_010_040_010,0.04199936240911484,0.035843268036842346,0.12312185764312744,0.035843268036842346,0.05,618,50864,0.0525519939301972,0.2583291828632355,0.4000000059604645,0.07049091160297394,0.10000000149011612,0.08377792686223984,0.4000000059604645,0.23651471734046936,0.10000000149011612,frozen_mlp_surrogate_adjoint,900,900,900,700,58.44581460952759,58.44581460952759,0.06493979401058621
876,82.93103790283203,164.44522094726562,80.08668518066406,81.28641510009766,0.020354432985186577,0.5267632007598877,0.0006019624415785074,0.6534521579742432,0.6483914852142334,T040_010_040_010,0.04204927757382393,0.035867851227521896,0.12362854927778244,0.035867851227521896,0.05,553,51617,0.04990860504984249,0.258129358291626,0.4000000059604645,0.07049144804477692,0.10000000149011612,0.08354423940181732,0.4000000059604645,0.2362264096736908,0.10000000149011612,frozen_mlp_surrogate_adjoint,900,900,900,700,58.44581460952759,58.44581460952759,0.06493979401058621
877,161.15997314453125,174.6862030029297,80.11835479736328,88.88282012939453,0.5636109113693237,0.7164112329483032,0.0008219084120355546,0.7941263318061829,0.767558217048645,T040_010_040_010,0.04234832897782326,0.03964687138795853,0.054029181599617004,0.03964687138795853,0.05,777,50397,0.05870130294850693,0.39234915375709534,0.4000000059604645,0.16909483075141907,0.10000000149011612,0.04234755039215088,0.4000000059604645,0.16376666724681854,0.10000000149011612,frozen_mlp_surrogate_adjoint,900,900,900,700,58.44581460952759,58.44581460952759,0.06493979401058621
878,161.22003173828125,174.69766235351562,80.14776611328125,88.89457702636719,0.5640280246734619,0.7166232466697693,0.001026127953082323,0.7943440675735474,0.7677946090698242,T040_010_040_010,0.04236239939928055,0.03966643288731575,0.05391934514045715,0.03966643288731575,0.05,862,51456,0.06288479736747102,0.3928726315498352,0.4000000059604645,0.16850066184997559,0.10000000149011612,0.04228430986404419,0.4000000059604645,0.16413703560829163,0.10000000149011612,frozen_mlp_surrogate_adjoint,900,900,900,700,58.44581460952759,58.44581460952759,0.06493979401058621
879,161.19317626953125,174.70115661621094,80.1467056274414,88.86668395996094,0.5638414621353149,0.7166880369186401,0.001018795999698341,0.7938275337219238,0.767684817314148,T040_010_040_010,0.04236241430044174,0.0396638959646225,0.0539703443646431,0.0396638959646225,0.05,616,51010,0.05244664790816323,0.3930400609970093,0.4000000059604645,0.16886016726493835,0.10000000149011612,0.042291298508644104,0.4000000059604645,0.16349326074123383,0.10000000149011612,frozen_mlp_surrogate_adjoint,900,900,900,700,58.44581460952759,58.44581460952759,0.06493979401058621
880,161.26312255859375,174.68988037109375,80.18402862548828,88.81107330322266,0.5643272399902344,0.7164792418479919,0.001277998904697597,0.7927976846694946,0.768288254737854,T040_010_040_010,0.04237980768084526,0.039695292711257935,0.05369033291935921,0.039695292711257935,0.05,774,51349,0.0584397372161267,0.3950822353363037,0.4000000059604645,0.16867730021476746,0.10000000149011612,0.042217500507831573,0.4000000059604645,0.16231122612953186,0.10000000149011612,frozen_mlp_surrogate_adjoint,900,900,900,700,58.44581460952759,58.44581460952759,0.06493979401058621
881,161.18881225585938,174.6655731201172,80.18500518798828,88.87606811523438,0.563811182975769,0.7160292267799377,0.0012847669422626495,0.7940011620521545,0.7677204012870789,T040_010_040_010,0.04238162562251091,0.039683934301137924,0.05395381152629852,0.039683934301137924,0.05,676,50882,0.05509187543377699,0.39258334040641785,0.4000000059604645,0.16912466287612915,0.10000000149011612,0.04223156347870827,0.4000000059604645,0.16378086805343628,0.10000000149011612,frozen_mlp_surrogate_adjoint,900,900,900,700,58.44581460952759,58.44581460952759,0.06493979401058621
882,161.245361328125,174.68690490722656,80.2304916381836,88.86015319824219,0.5642038583755493,0.7164241671562195,0.0016006268560886383,0.7937065362930298,0.7679797410964966,T040_010_040_010,0.04240216314792633,0.03971049189567566,0.05383339896798134,0.03971049189567566,0.05,819,51452,0.06091546248318792,0.3935537338256836,0.4000000059604645,0.16870145499706268,0.10000000149011612,0.04214734584093094,0.4000000059604645,0.16357721388339996,0.10000000149011612,frozen_mlp_surrogate_adjoint,900,900,900,700,58.44581460952759,58.44581460952759,0.06493979401058621
883,161.2664031982422,174.68038940429688,80.24042510986328,88.83949279785156,0.5643500089645386,0.7163033485412598,0.001669625984504819,0.7933239936828613,0.7681739926338196,T040_010_040_010,0.0424070805311203,0.03971991688013077,0.05374329909682274,0.03971991688013077,0.05,776,36,0.05864560321215479,0.39425164461135864,0.4000000059604645,0.16867530345916748,0.10000000149011612,0.04212556034326553,0.4000000059604645,0.16312147676944733,0.10000000149011612,frozen_mlp_surrogate_adjoint,900,900,900,700,58.44581460952759,58.44581460952759,0.06493979401058621
884,96.0863037109375,168.74942016601562,80.0080337524414,86.30685424804688,0.11171042919158936,0.6064708828926086,5.577077899943106e-05,0.7464233040809631,0.6125771403312683,T040_010_040_010,0.04267128184437752,0.035166457295417786,0.15009647607803345,0.035166457295417786,0.05,717,51585,0.05653766923865339,0.22333559393882751,0.4000000059604645,0.07331953942775726,0.10000000149011612,0.08841279149055481,0.4000000059604645,0.22750923037528992,0.10000000149011612,frozen_mlp_surrogate_adjoint,900,900,900,700,58.44581460952759,58.44581460952759,0.06493979401058621
885,96.11546325683594,168.75433349609375,80.01686096191406,86.29733276367188,0.11191290616989136,0.6065618395805359,0.00011711137631209567,0.7462468147277832,0.6123024225234985,T040_010_040_010,0.04268227890133858,0.03516680747270584,0.15030941367149353,0.03516680747270584,0.05,438,50385,0.04400457399295939,0.22327622771263123,0.4000000059604645,0.07337386906147003,0.10000000149011612,0.08830693364143372,0.4000000059604645,0.22734534740447998,0.10000000149011612,frozen_mlp_surrogate_adjoint,900,900,900,700,58.44581460952759,58.44581460952759,0.06493979401058621
886,96.06047058105469,168.75848388671875,80.05704498291016,86.26547241210938,0.11153103411197662,0.6066386103630066,0.0003961401234846562,0.7456569671630859,0.6123418807983398,T040_010_040_010,0.042737677693367004,0.035223737359046936,0.15027882158756256,0.035223737359046936,0.05,830,50008,0.0613170355396786,0.22327762842178345,0.4000000059604645,0.07320186495780945,0.10000000149011612,0.08827236294746399,0.4000000059604645,0.22758999466896057,0.10000000149011612,frozen_mlp_surrogate_adjoint,900,900,900,700,58.44581460952759,58.44581460952759,0.06493979401058621
887,96.02487182617188,168.84295654296875,80.13471984863281,86.28446197509766,0.1112838089466095,0.6082028746604919,0.0009355364600196481,0.746008574962616,0.6127447485923767,T040_010_040_010,0.04283582419157028,0.03533749282360077,0.14996662735939026,0.03533749282360077,0.05,569,50603,0.0504471779356299,0.22232839465141296,0.4000000059604645,0.07351910322904587,0.10000000149011612,0.08857816457748413,0.4000000059604645,0.22831907868385315,0.10000000149011612,frozen_mlp_surrogate_adjoint,900,900,900,700,58.44581460952759,58.44581460952759,0.06493979401058621
888,107.5721664428711,185.12106323242188,80.00933837890625,82.51985168457031,0.19147337973117828,0.9096494317054749,6.485724588856101e-05,0.6762935519218445,0.5863193869590759,T040_010_040_010,0.04430277645587921,0.035746194422245026,0.1711316555738449,0.035746194422245026,0.05,568,50764,0.05036655639055502,0.1800241470336914,0.4000000059604645,0.17117393016815186,0.10000000149011612,0.07934723049402237,0.4000000059604645,0.1557740718126297,0.10000000149011612,frozen_mlp_surrogate_adjoint,900,900,900,700,58.44581460952759,58.44581460952759,0.06493979401058621
889,116.36338806152344,189.99664306640625,80.31006622314453,83.57171630859375,0.2525235414505005,0.999937891960144,0.002153225475922227,0.6957724690437317,0.6211761236190796,T040_010_040_010,0.04493514820933342,0.037759773433208466,0.14350752532482147,0.037759773433208466,0.05,881,51657,0.06417657679419113,0.18534868955612183,0.4000000059604645,0.20154570043087006,0.10000000149011612,0.08393684029579163,0.4000000059604645,0.1503448784351349,0.10000000149011612,frozen_mlp_surrogate_adjoint,900,900,900,700,58.44581460952759,58.44581460952759,0.06493979401058621
890,104.25642395019531,170.8585662841797,80.03030395507812,83.9240493774414,0.16844739019870758,0.64552903175354,0.000210426704143174,0.7022972106933594,0.5519627332687378,T040_010_040_010,0.0452628955245018,0.03522602468729019,0.2007373869419098,0.03522602468729019,0.05,677,51138,0.055115894794882596,0.21378235518932343,0.4000000059604645,0.09183410555124283,0.10000000149011612,0.06261874735355377,0.4000000059604645,0.18372753262519836,0.10000000149011612,frozen_mlp_surrogate_adjoint,900,900,900,700,58.44581460952759,58.44581460952759,0.06493979401058621
891,123.07791900634766,155.13641357421875,80.21320343017578,85.72154235839844,0.2991522252559662,0.3543781042098999,0.0014806032413616776,0.7355840802192688,0.5904048085212708,T040_010_040_010,0.04687022417783737,0.03848181292414665,0.1677682250738144,0.03848181292414665,0.05,597,50378,0.05141553585442696,0.31539466977119446,0.4000000059604645,0.10024828463792801,0.10000000149011612,0.03732932731509209,0.4000000059604645,0.1374325454235077,0.10000000149011612,frozen_mlp_surrogate_adjoint,900,900,900,700,58.44581460952759,58.44581460952759,0.06493979401058621
892,123.52851104736328,155.06236267089844,82.18966674804688,85.49703979492188,0.30228132009506226,0.3530068099498749,0.015206034295260906,0.7314266562461853,0.5914387106895447,T040_010_040_010,0.047231510281562805,0.038885392248630524,0.16692233085632324,0.038885392248630524,0.05,865,39,0.06301148998894669,0.3150579333305359,0.4000000059604645,0.09995397925376892,0.10000000149011612,0.036451295018196106,0.4000000059604645,0.13997548818588257,0.10000000149011612,frozen_mlp_surrogate_adjoint,900,900,900,700,58.44581460952759,58.44581460952759,0.06493979401058621
893,119.90283203125,154.97686767578125,96.51490783691406,81.94580078125,0.2771030366420746,0.35142359137535095,0.11468686163425446,0.6656630039215088,0.5632187128067017,T040_010_040_010,0.047753091901540756,0.038214195519685745,0.19077789783477783,0.038214195519685745,0.05,806,50522,0.06049794446684567,0.3107406497001648,0.4000000059604645,0.066210076212883,0.10000000149011612,0.042443737387657166,0.4000000059604645,0.14382418990135193,0.10000000149011612,frozen_mlp_surrogate_adjoint,900,900,900,700,58.44581460952759,58.44581460952759,0.06493979401058621
894,119.93142700195312,154.96969604492188,96.50847625732422,81.95598602294922,0.277301549911499,0.3512907326221466,0.1146421954035759,0.6658515930175781,0.5633301734924316,T040_010_040_010,0.04775341972708702,0.0382193922996521,0.19068053364753723,0.0382193922996521,0.05,773,51412,0.05834747557420931,0.31081101298332214,0.4000000059604645,0.0662931501865387,0.10000000149011612,0.042419832199811935,0.4000000059604645,0.14380621910095215,0.10000000149011612,frozen_mlp_surrogate_adjoint,900,900,900,700,58.44581460952759,58.44581460952759,0.06493979401058621
895,146.2216796875,139.8937225341797,97.71290588378906,87.08863830566406,0.4598728120326996,0.07210586965084076,0.12300629168748856,0.7609007358551025,0.8122529983520508,T040_010_040_010,0.04805244877934456,0.04629000276327133,0.03524893522262573,0.04629000276327133,0.05,752,50617,0.05757144799062275,0.453937828540802,0.4000000059604645,0.160658597946167,0.10000000149011612,0.02385379746556282,0.4000000059604645,0.17380276322364807,0.10000000149011612,frozen_mlp_surrogate_adjoint,900,900,900,700,58.44581460952759,58.44581460952759,0.06493979401058621
896,129.12216186523438,155.20443725585938,108.75393676757812,78.1405029296875,0.34112614393234253,0.35563766956329346,0.1996801197528839,0.5951944589614868,0.5790972709655762,T040_010_040_010,0.04853223264217377,0.03967427834868431,0.17715910077095032,0.03967427834868431,0.05,547,50598,0.049503263984555346,0.3270537555217743,0.4000000059604645,0.08179344236850739,0.10000000149011612,0.0370282307267189,0.4000000059604645,0.1332218497991562,0.10000000149011612,frozen_mlp_surrogate_adjoint,900,900,900,700,58.44581460952759,58.44581460952759,0.06493979401058621
897,129.12396240234375,155.20809936523438,108.74603271484375,78.14738464355469,0.341138631105423,0.3557054102420807,0.19962523877620697,0.5953218936920166,0.5790858268737793,T040_010_040_010,0.048535190522670746,0.03967675194144249,0.17716874182224274,0.03967675194144249,0.05,641,51722,0.05335766073118493,0.3269907236099243,0.4000000059604645,0.08184008300304413,0.10000000149011612,0.03700794652104378,0.4000000059604645,0.13324704766273499,0.10000000149011612,frozen_mlp_surrogate_adjoint,900,900,900,700,58.44581460952759,58.44581460952759,0.06493979401058621
898,142.4591064453125,137.26344299316406,117.56097412109375,80.00827026367188,0.43374377489089966,0.02339707314968109,0.26084011793136597,0.6297828555107117,0.8057856559753418,T040_010_040_010,0.0494612455368042,0.04757528379559517,0.03771921247243881,0.04757528379559517,0.05,639,51251,0.05329314356439248,0.432422399520874,0.4000000059604645,0.18342861533164978,0.10000000149011612,0.018119223415851593,0.4000000059604645,0.171815425157547,0.10000000149011612,frozen_mlp_surrogate_adjoint,900,900,900,700,58.44581460952759,58.44581460952759,0.06493979401058621
899,159.51406860351562,170.3150634765625,81.21673583984375,46.021888732910156,0.55218106508255,0.6354643106460571,0.008449552580714226,0.0004053677839692682,0.6969338655471802,T040_010_040_010,0.05579158663749695,0.05119913071393967,0.09184908121824265,0.05119913071393967,0.05,882,51384,0.06422367016544335,0.41315698623657227,0.4000000059604645,0.21877789497375488,0.10000000149011612,0.03954347223043442,0.4000000059604645,0.02545555680990219,0.10000000149011612,frozen_mlp_surrogate_adjoint,900,900,900,700,58.44581460952759,58.44581460952759,0.06493979401058621
