rank_parameterization,x_upper_px,y_upper_px,x_lower_px,y_lower_px,x_upper_norm,y_upper_norm,x_lower_norm,y_lower_norm,T_total_pred,target_name,loss_pred,target_mse_loss_pred,total_power_loss_pred,ratio_mse_diagnostic_pred,total_power_weight,initial_train_rank,initial_train_sample,initial_train_loss_fdfd,T_1_pred,target_1,T_2_pred,target_2,T_3_pred,target_3,T_4_pred,target_4,search_strategy,candidate_count,inverse_candidate_count,batch_size,batch_count,mlp_inference_time_sec,mlp_screening_time_sec,average_inference_time_per_candidate_sec
0,90.15796661376953,138.39718627929688,107.85585021972656,98.59223175048828,0.07054145634174347,0.04439235478639603,0.1934434175491333,0.9739302396774292,0.9869785308837891,T040_010_010_040,1.320168303209357e-05,4.723749952972867e-06,0.00016955865430645645,4.723749952972867e-06,0.05,2,51290,0.0010929711063801801,0.3973374366760254,0.4000000059604645,0.097294382750988,0.10000000149011612,0.10028312355279922,0.10000000149011612,0.39206355810165405,0.4000000059604645,frozen_mlp_surrogate_adjoint,900,900,900,700,60.474886417388916,60.474886417388916,0.06719431824154325
1,90.14859771728516,138.3979034423828,107.8509750366211,98.59226989746094,0.07047636806964874,0.0444057397544384,0.1934095323085785,0.9739310145378113,0.9869732856750488,T040_010_010_040,1.3201765796111431e-05,4.7170015022857115e-06,0.00016969528223853558,4.7170015022857115e-06,0.05,43,50283,0.004853580275244579,0.39734750986099243,0.4000000059604645,0.09728462994098663,0.10000000149011612,0.1002674251794815,0.10000000149011612,0.39207375049591064,0.4000000059604645,frozen_mlp_surrogate_adjoint,900,900,900,700,60.474886417388916,60.474886417388916,0.06719431824154325
2,90.14493560791016,138.39816284179688,107.85325622558594,98.59159851074219,0.07045096158981323,0.04441048204898834,0.19342540204524994,0.9739184379577637,0.9869592785835266,T040_010_010_040,1.3201896763348486e-05,4.698875272879377e-06,0.00017006041889544576,4.698875272879377e-06,0.05,9,37,0.0023941844946854677,0.39734089374542236,0.4000000059604645,0.09728650003671646,0.10000000149011612,0.10025794804096222,0.10000000149011612,0.39207392930984497,0.4000000059604645,frozen_mlp_surrogate_adjoint,900,900,900,700,60.474886417388916,60.474886417388916,0.06719431824154325
3,90.15692901611328,138.39828491210938,107.8573226928711,98.59186553955078,0.07053422182798386,0.044412627816200256,0.19345363974571228,0.9739234447479248,0.9869683980941772,T040_010_010_040,1.3202078662288841e-05,4.710946086561307e-06,0.00016982265515252948,4.710946086561307e-06,0.05,0,50646,0.0005607327899650923,0.39733654260635376,0.4000000059604645,0.09727369993925095,0.10000000149011612,0.10027839243412018,0.10000000149011612,0.39207980036735535,0.4000000059604645,frozen_mlp_surrogate_adjoint,900,900,900,700,60.474886417388916,60.474886417388916,0.06719431824154325
4,90.13255310058594,138.39926147460938,107.8429183959961,98.59231567382812,0.07036492973566055,0.044430848211050034,0.1933535933494568,0.9739316701889038,0.9869632720947266,T040_010_010_040,1.3202359696151689e-05,4.704546427092282e-06,0.00016995627083815634,4.704546427092282e-06,0.05,14,50778,0.003283171641048987,0.39736413955688477,0.4000000059604645,0.0972658023238182,0.10000000149011612,0.10024046897888184,0.10000000149011612,0.3920927941799164,0.4000000059604645,frozen_mlp_surrogate_adjoint,900,900,900,700,60.474886417388916,60.474886417388916,0.06719431824154325
5,90.13011169433594,138.3973846435547,107.83737182617188,98.5932388305664,0.07034799456596375,0.04439597949385643,0.1933150589466095,0.9739488959312439,0.9869826436042786,T040_010_010_040,1.320254978054436e-05,4.7299708967329934e-06,0.0001694515667622909,4.7299708967329934e-06,0.05,4,51391,0.0020199113550083934,0.39737027883529663,0.4000000059604645,0.09730350226163864,0.10000000149011612,0.10024525225162506,0.10000000149011612,0.39206361770629883,0.4000000059604645,frozen_mlp_surrogate_adjoint,900,900,900,700,60.474886417388916,60.474886417388916,0.06719431824154325
6,90.13192749023438,138.39727783203125,107.83885955810547,98.593017578125,0.07036060839891434,0.0443941131234169,0.19332541525363922,0.9739447832107544,0.9869807958602905,T040_010_010_040,1.3202664376876783e-05,4.727680789073929e-06,0.00016949967539403588,4.727680789073929e-06,0.05,3,50160,0.0013904187950528348,0.39736807346343994,0.4000000059604645,0.09730489552021027,0.10000000149011612,0.10024537146091461,0.10000000149011612,0.3920624852180481,0.4000000059604645,frozen_mlp_surrogate_adjoint,900,900,900,700,60.474886417388916,60.474886417388916,0.06719431824154325
7,90.18106079101562,138.40032958984375,107.936767578125,98.58003997802734,0.07070183753967285,0.044450417160987854,0.1940053254365921,0.97370445728302,0.9867717027664185,T040_010_010_040,1.3208502423367463e-05,4.459109732124489e-06,0.00017498784291092306,4.459109732124489e-06,0.05,19,51448,0.0034265803425268804,0.39715975522994995,0.4000000059604645,0.09729345887899399,0.10000000149011612,0.10025011003017426,0.10000000149011612,0.39206838607788086,0.4000000059604645,frozen_mlp_surrogate_adjoint,900,900,900,700,60.474886417388916,60.474886417388916,0.06719431824154325
8,90.7381820678711,138.39712524414062,108.41258239746094,98.53795623779297,0.07457069307565689,0.04439128190279007,0.19730962812900543,0.9729251265525818,0.9863094091415405,T040_010_010_040,1.3511407814803533e-05,4.139793418289628e-06,0.00018743227701634169,4.139793418289628e-06,0.05,30,51652,0.003868126181905637,0.396273136138916,0.4000000059604645,0.09723199903964996,0.10000000149011612,0.1008041575551033,0.10000000149011612,0.39200013875961304,0.4000000059604645,frozen_mlp_surrogate_adjoint,900,900,900,700,60.474886417388916,60.474886417388916,0.06719431824154325
9,90.91767883300781,138.38902282714844,108.38951110839844,98.54814147949219,0.07581720501184464,0.04424126446247101,0.197149395942688,0.9731138348579407,0.986594021320343,T040_010_010_040,1.3545359252020717e-05,4.559345143206883e-06,0.00017972027126234025,4.559345143206883e-06,0.05,6,42,0.0022304081456609565,0.39644527435302734,0.4000000059604645,0.09716763347387314,0.10000000149011612,0.10097214579582214,0.10000000149011612,0.3920089602470398,0.4000000059604645,frozen_mlp_surrogate_adjoint,900,900,900,700,60.474886417388916,60.474886417388916,0.06719431824154325
10,90.89697265625,138.39198303222656,108.46818542480469,98.53152465820312,0.07567339390516281,0.04429585486650467,0.19769573211669922,0.9728060960769653,0.9862975478172302,T040_010_010_040,1.3556532394431997e-05,4.168672603555024e-06,0.00018775719217956066,4.168672603555024e-06,0.05,38,50799,0.004260189646516528,0.3962632417678833,0.4000000059604645,0.09722407162189484,0.10000000149011612,0.10082115232944489,0.10000000149011612,0.3919891119003296,0.4000000059604645,frozen_mlp_surrogate_adjoint,900,900,900,700,60.474886417388916,60.474886417388916,0.06719431824154325
11,90.78390502929688,138.40696716308594,108.71865844726562,98.47920227050781,0.07488825917243958,0.044573575258255005,0.19943515956401825,0.9718369841575623,0.985312819480896,T040_010_010_040,1.3770765690424014e-05,2.985101446029148e-06,0.00021571326942648739,2.985101446029148e-06,0.05,112,51086,0.007319108922528099,0.3956425189971924,0.4000000059604645,0.0973420962691307,0.10000000149011612,0.10034476220607758,0.10000000149011612,0.39198341965675354,0.4000000059604645,frozen_mlp_surrogate_adjoint,900,900,900,700,60.474886417388916,60.474886417388916,0.06719431824154325
12,92.1529769897461,138.34628295898438,109.00657653808594,98.43527221679688,0.08439566940069199,0.043449752032756805,0.20143455266952515,0.9710234999656677,0.9849478602409363,T040_010_010_040,1.6177356883417815e-05,4.849010565521894e-06,0.0002265669172629714,4.849010565521894e-06,0.05,164,51506,0.008632196540996622,0.396352082490921,0.4000000059604645,0.09696836769580841,0.10000000149011612,0.10036253929138184,0.10000000149011612,0.3912648558616638,0.4000000059604645,frozen_mlp_surrogate_adjoint,900,900,900,700,60.474886417388916,60.474886417388916,0.06719431824154325
13,93.4961929321289,138.30233764648438,109.4350814819336,98.401611328125,0.09372357279062271,0.0426359698176384,0.20441028475761414,0.9704002141952515,0.9843577742576599,T040_010_010_040,1.9315810277475975e-05,7.081848707457539e-06,0.0002446792204864323,7.081848707457539e-06,0.05,166,50885,0.008687233660839282,0.3964468538761139,0.4000000059604645,0.09644395858049393,0.10000000149011612,0.10090088844299316,0.10000000149011612,0.39056605100631714,0.4000000059604645,frozen_mlp_surrogate_adjoint,900,900,900,700,60.474886417388916,60.474886417388916,0.06719431824154325
14,93.53942108154297,138.31517028808594,109.80541229248047,98.34873962402344,0.09402374178171158,0.0428735576570034,0.20698201656341553,0.9694210886955261,0.9832152128219604,T040_010_010_040,1.9811652236967348e-05,5.725197297579143e-06,0.0002817290951497853,5.725197297579143e-06,0.05,134,50750,0.00792258790469347,0.3955514430999756,0.4000000059604645,0.0965215191245079,0.10000000149011612,0.10070209950208664,0.10000000149011612,0.3904401361942291,0.4000000059604645,frozen_mlp_surrogate_adjoint,900,900,900,700,60.474886417388916,60.474886417388916,0.06719431824154325
15,93.62711334228516,138.30638122558594,109.79325103759766,98.3544692993164,0.09463271498680115,0.04271071031689644,0.2068975865840912,0.9695271849632263,0.9833518266677856,T040_010_010_040,1.9889517716364935e-05,6.031432349118404e-06,0.0002771616855170578,6.031432349118404e-06,0.05,185,50474,0.009279004778181464,0.39563417434692383,0.4000000059604645,0.09657038748264313,0.10000000149011612,0.10079255700111389,0.10000000149011612,0.3903547525405884,0.4000000059604645,frozen_mlp_surrogate_adjoint,900,900,900,700,60.474886417388916,60.474886417388916,0.06719431824154325
16,93.72828674316406,138.30426025390625,109.88108825683594,98.341796875,0.09533531963825226,0.04267159104347229,0.20750756561756134,0.9692924618721008,0.9831468462944031,T040_010_010_040,2.0064308046130463e-05,5.862867965333862e-06,0.000284028792520985,5.862867965333862e-06,0.05,84,51340,0.00621738544259718,0.39552754163742065,0.4000000059604645,0.09655935317277908,0.10000000149011612,0.10073258727788925,0.10000000149011612,0.3903273940086365,0.4000000059604645,frozen_mlp_surrogate_adjoint,900,900,900,700,60.474886417388916,60.474886417388916,0.06719431824154325
17,93.83003997802734,138.29966735839844,109.79179382324219,98.36317443847656,0.0960419625043869,0.042586345225572586,0.20688746869564056,0.9696884751319885,0.9835556745529175,T040_010_010_040,2.0096493244636804e-05,6.575703082489781e-06,0.0002704158250708133,6.575703082489781e-06,0.05,61,50120,0.005470745279768456,0.39579540491104126,0.4000000059604645,0.09642282128334045,0.10000000149011612,0.1009620875120163,0.10000000149011612,0.3903753459453583,0.4000000059604645,frozen_mlp_surrogate_adjoint,900,900,900,700,60.474886417388916,60.474886417388916,0.06719431824154325
18,94.0158920288086,138.29161071777344,109.94207000732422,98.3399658203125,0.09733256697654724,0.04243720322847366,0.2079310268163681,0.9692585468292236,0.9832020998001099,T040_010_010_040,2.0405917894095182e-05,6.297444997471757e-06,0.0002821694652084261,6.297444997471757e-06,0.05,74,51005,0.005670814927169411,0.3956318497657776,0.4000000059604645,0.09647583961486816,0.10000000149011612,0.10083213448524475,0.10000000149011612,0.390262246131897,0.4000000059604645,frozen_mlp_surrogate_adjoint,900,900,900,700,60.474886417388916,60.474886417388916,0.06719431824154325
19,94.12937927246094,138.2911834716797,110.15828704833984,98.30096435546875,0.09812067449092865,0.04242920130491257,0.20943255722522736,0.968536376953125,0.9825395345687866,T040_010_010_040,2.075090742437169e-05,5.5075133786886e-06,0.00030486786272376776,5.5075133786886e-06,0.05,120,51230,0.007517550030123545,0.39528387784957886,0.4000000059604645,0.09653596580028534,0.10000000149011612,0.10053045302629471,0.10000000149011612,0.3901892602443695,0.4000000059604645,frozen_mlp_surrogate_adjoint,900,900,900,700,60.474886417388916,60.474886417388916,0.06719431824154325
20,94.23419952392578,138.2887420654297,110.3772201538086,98.25543212890625,0.09884859621524811,0.04238401725888252,0.21095292270183563,0.9676932096481323,0.9817880392074585,T040_010_010_040,2.127066363755148e-05,4.68688813271001e-06,0.000331675517372787,4.68688813271001e-06,0.05,293,51513,0.012989004937487118,0.3949674963951111,0.4000000059604645,0.09663885831832886,0.10000000149011612,0.10010001063346863,0.10000000149011612,0.39008164405822754,0.4000000059604645,frozen_mlp_surrogate_adjoint,900,900,900,700,60.474886417388916,60.474886417388916,0.06719431824154325
21,95.1703872680664,138.27076721191406,111.03337860107422,98.19291687011719,0.10534991323947906,0.042051322758197784,0.2155095636844635,0.9665355086326599,0.9805636405944824,T040_010_010_040,2.330680945306085e-05,4.418206572154304e-06,0.0003777720557991415,4.418206572154304e-06,0.05,446,50129,0.019907959611480574,0.39421749114990234,0.4000000059604645,0.09650304913520813,0.10000000149011612,0.10012994706630707,0.10000000149011612,0.3897131383419037,0.4000000059604645,frozen_mlp_surrogate_adjoint,900,900,900,700,60.474886417388916,60.474886417388916,0.06719431824154325
22,107.13710021972656,137.8640899658203,94.74394989013672,99.47511291503906,0.18845206499099731,0.034520283341407776,0.10238856077194214,0.9902798533439636,0.9820891618728638,T040_010_010_040,2.3474858608096838e-05,7.434951839968562e-06,0.0003207981353625655,7.434951839968562e-06,0.05,15,50984,0.003297580988817479,0.3970237970352173,0.4000000059604645,0.09650517255067825,0.10000000149011612,0.09857215732336044,0.10000000149011612,0.3899880349636078,0.4000000059604645,frozen_mlp_surrogate_adjoint,900,900,900,700,60.474886417388916,60.474886417388916,0.06719431824154325
23,107.19597625732422,137.88790893554688,95.66645812988281,99.34764099121094,0.1888609528541565,0.03496134281158447,0.10879483819007874,0.9879193305969238,0.9817734956741333,T040_010_010_040,2.4107357603497803e-05,7.497083061025478e-06,0.00033220546902157366,7.497083061025478e-06,0.05,1,50367,0.0010620557240833366,0.39700061082839966,0.4000000059604645,0.09662280231714249,0.10000000149011612,0.09828025847673416,0.10000000149011612,0.3898697793483734,0.4000000059604645,frozen_mlp_surrogate_adjoint,900,900,900,700,60.474886417388916,60.474886417388916,0.06719431824154325
24,107.19697570800781,137.94277954101562,97.29682922363281,99.1444091796875,0.18886789679527283,0.03597750887274742,0.12011685967445374,0.9841557741165161,0.9813538789749146,T040_010_010_040,2.5185812773997895e-05,7.801922038197517e-06,0.0003476778219919652,7.801922038197517e-06,0.05,24,50786,0.0035644190308843065,0.3969099521636963,0.4000000059604645,0.0965106412768364,0.10000000149011612,0.09827488660812378,0.10000000149011612,0.3896583914756775,0.4000000059604645,frozen_mlp_surrogate_adjoint,900,900,900,700,60.474886417388916,60.474886417388916,0.06719431824154325
25,107.19522857666016,137.95272827148438,97.60311889648438,99.1063461303711,0.18885573744773865,0.0361616276204586,0.12224388122558594,0.9834508895874023,0.9812839031219482,T040_010_010_040,2.5390720111317933e-05,7.876105883042328e-06,0.0003502922772895545,7.876105883042328e-06,0.05,16,50536,0.003378144721940012,0.39689865708351135,0.4000000059604645,0.0964941680431366,0.10000000149011612,0.0982782244682312,0.10000000149011612,0.3896128833293915,0.4000000059604645,frozen_mlp_surrogate_adjoint,900,900,900,700,60.474886417388916,60.474886417388916,0.06719431824154325
26,107.19170379638672,137.96229553222656,97.75923156738281,99.08983612060547,0.18883128464221954,0.03633882477879524,0.12332797795534134,0.9831451177597046,0.9812089800834656,T040_010_010_040,2.5488709070486948e-05,7.833586096239742e-06,0.00035310242674313486,7.833586096239742e-06,0.05,115,50088,0.007405735454564005,0.3968430161476135,0.4000000059604645,0.09640458226203918,0.10000000149011612,0.09833631664514542,0.10000000149011612,0.38962507247924805,0.4000000059604645,frozen_mlp_surrogate_adjoint,900,900,900,700,60.474886417388916,60.474886417388916,0.06719431824154325
27,95.6503677368164,138.2706298828125,111.68473052978516,98.1087646484375,0.10868311673402786,0.04204859584569931,0.22003284096717834,0.9649770259857178,0.9788316488265991,T040_010_010_040,2.570996730355546e-05,3.3050109777832404e-06,0.0004480991046875715,3.3050109777832404e-06,0.05,325,50650,0.014295223100908538,0.39321428537368774,0.4000000059604645,0.09668105095624924,0.10000000149011612,0.0996779054403305,0.10000000149011612,0.38925841450691223,0.4000000059604645,frozen_mlp_surrogate_adjoint,900,900,900,700,60.474886417388916,60.474886417388916,0.06719431824154325
28,107.185791015625,137.97552490234375,98.22573852539062,99.03140258789062,0.1887902021408081,0.03658385947346687,0.12656760215759277,0.9820630550384521,0.981130838394165,T040_010_010_040,2.5802395612117834e-05,8.000131856533699e-06,0.0003560452605597675,8.000131856533699e-06,0.05,137,51404,0.007972275044323806,0.39684972167015076,0.4000000059604645,0.0964098796248436,0.10000000149011612,0.09833715856075287,0.10000000149011612,0.3895340859889984,0.4000000059604645,frozen_mlp_surrogate_adjoint,900,900,900,700,60.474886417388916,60.474886417388916,0.06719431824154325
29,107.18093872070312,137.97889709472656,98.23597717285156,99.03266906738281,0.18875649571418762,0.03664623573422432,0.1266387403011322,0.9820864200592041,0.9811100959777832,T040_010_010_040,2.580575892352499e-05,7.964333235577215e-06,0.00035682847374118865,7.964333235577215e-06,0.05,136,50244,0.007971788759450045,0.3968169689178467,0.4000000059604645,0.0963517427444458,0.10000000149011612,0.09839039295911789,0.10000000149011612,0.3895510137081146,0.4000000059604645,frozen_mlp_surrogate_adjoint,900,900,900,700,60.474886417388916,60.474886417388916,0.06719431824154325
30,107.20240020751953,137.9740753173828,98.31681823730469,99.01480865478516,0.18890555202960968,0.036556996405124664,0.1272001415491104,0.9817557334899902,0.9811098575592041,T040_010_010_040,2.588367169664707e-05,8.041795808821917e-06,0.00035683749592863023,8.041795808821917e-06,0.05,23,50167,0.0035164919191626037,0.3968847692012787,0.4000000059604645,0.0964980348944664,0.10000000149011612,0.0982205718755722,0.10000000149011612,0.389506459236145,0.4000000059604645,frozen_mlp_surrogate_adjoint,900,900,900,700,60.474886417388916,60.474886417388916,0.06719431824154325
31,107.43209838867188,138.04339599609375,99.25334930419922,98.91604614257812,0.1905006766319275,0.037840597331523895,0.1337038278579712,0.9799268841743469,0.980047881603241,T040_010_010_040,2.663104714883957e-05,6.72669602863607e-06,0.0003980870242230594,6.72669602863607e-06,0.05,257,50915,0.01148379634589943,0.396012544631958,0.4000000059604645,0.09605178982019424,0.10000000149011612,0.09839893877506256,0.10000000149011612,0.38958460092544556,0.4000000059604645,frozen_mlp_surrogate_adjoint,900,900,900,700,60.474886417388916,60.474886417388916,0.06719431824154325
32,107.59197235107422,138.03042602539062,99.293212890625,98.90155029296875,0.1916109174489975,0.037600431591272354,0.1339806765317917,0.9796583652496338,0.9798386693000793,T040_010_010_040,2.669152308953926e-05,6.367560672515538e-06,0.00040647925925441086,6.367560672515538e-06,0.05,173,51014,0.008828481078125387,0.3958472013473511,0.4000000059604645,0.09648557752370834,0.10000000149011612,0.09819039702415466,0.10000000149011612,0.38931548595428467,0.4000000059604645,frozen_mlp_surrogate_adjoint,900,900,900,700,60.474886417388916,60.474886417388916,0.06719431824154325
33,108.28591918945312,137.9921875,94.72348022460938,99.51821899414062,0.19642996788024902,0.03689229115843773,0.10224641114473343,0.9910781979560852,0.978233814239502,T040_010_010_040,2.6835085009224713e-05,3.146741619275417e-06,0.0004737668496090919,3.146741619275417e-06,0.05,497,51252,0.022381092496449644,0.3933500051498413,0.4000000059604645,0.09568235278129578,0.10000000149011612,0.09913617372512817,0.10000000149011612,0.3900653123855591,0.4000000059604645,frozen_mlp_surrogate_adjoint,900,900,900,700,60.474886417388916,60.474886417388916,0.06719431824154325
34,96.96683502197266,138.26980590820312,112.26280212402344,98.0877456665039,0.1178252324461937,0.04203330725431442,0.2240472286939621,0.9645878672599792,0.9780973196029663,T040_010_010_040,2.9117061785655096e-05,5.1306906243553385e-06,0.0004797274013981223,5.1306906243553385e-06,0.05,305,51251,0.013357478032836793,0.393423855304718,0.4000000059604645,0.09614614397287369,0.10000000149011612,0.09999407827854156,0.10000000149011612,0.38853323459625244,0.4000000059604645,frozen_mlp_surrogate_adjoint,900,900,900,700,60.474886417388916,60.474886417388916,0.06719431824154325
35,97.125732421875,138.26934814453125,112.24739074707031,98.10707092285156,0.1189286932349205,0.04202502593398094,0.2239401936531067,0.9649457335472107,0.9783684611320496,T040_010_010_040,2.9287013603607193e-05,5.8908399296342395e-06,0.00046792346984148026,5.8908399296342395e-06,0.05,324,50862,0.01419958951230241,0.3935939371585846,0.4000000059604645,0.0960296019911766,0.10000000149011612,0.1002766415476799,0.10000000149011612,0.38846826553344727,0.4000000059604645,frozen_mlp_surrogate_adjoint,900,900,900,700,60.474886417388916,60.474886417388916,0.06719431824154325
36,108.9792251586914,138.11219787597656,99.81781005859375,98.80711364746094,0.20124460756778717,0.03911466896533966,0.13762369751930237,0.9779094457626343,0.97654128074646,T040_010_010_040,3.053213731618598e-05,3.0165622320055263e-06,0.0005503115244209766,3.0165622320055263e-06,0.05,570,50136,0.026025269497761926,0.3932179808616638,0.4000000059604645,0.09718526154756546,0.10000000149011612,0.09764738380908966,0.10000000149011612,0.3884906768798828,0.4000000059604645,frozen_mlp_surrogate_adjoint,900,900,900,700,60.474886417388916,60.474886417388916,0.06719431824154325
37,108.65921020507812,138.13308715820312,100.07825469970703,98.78530883789062,0.1990223228931427,0.039501745253801346,0.13943234086036682,0.977505624294281,0.9766338467597961,T040_010_010_040,3.1334959203377366e-05,4.036104655824602e-06,0.0005459770909510553,4.036104655824602e-06,0.05,259,50459,0.01154769739494468,0.39382755756378174,0.4000000059604645,0.09664270281791687,0.10000000149011612,0.09757769852876663,0.10000000149011612,0.3885858654975891,0.4000000059604645,frozen_mlp_surrogate_adjoint,900,900,900,700,60.474886417388916,60.474886417388916,0.06719431824154325
38,108.94993591308594,138.2079620361328,100.41860961914062,98.76619720458984,0.20104119181632996,0.04088804870843887,0.14179593324661255,0.9771518111228943,0.9753780364990234,T040_010_010_040,3.3370488381478935e-05,3.058432866964722e-06,0.0006062411121092737,3.058432866964722e-06,0.05,397,50930,0.01787019430848668,0.39272940158843994,0.4000000059604645,0.0959170013666153,0.10000000149011612,0.09803542494773865,0.10000000149011612,0.38869619369506836,0.4000000059604645,frozen_mlp_surrogate_adjoint,900,900,900,700,60.474886417388916,60.474886417388916,0.06719431824154325
39,98.78416442871094,138.29132080078125,113.13954162597656,98.03374481201172,0.13044559955596924,0.042431991547346115,0.2301357388496399,0.9635878801345825,0.9764606356620789,T040_010_010_040,3.428987110964954e-05,6.584788934560493e-06,0.0005541016580536962,6.584788934560493e-06,0.05,409,51485,0.018307645859557565,0.39293041825294495,0.4000000059604645,0.09572615474462509,0.10000000149011612,0.10024651885032654,0.10000000149011612,0.3875575661659241,0.4000000059604645,frozen_mlp_surrogate_adjoint,900,900,900,700,60.474886417388916,60.474886417388916,0.06719431824154325
40,109.03099060058594,138.2958221435547,101.59562683105469,98.65815734863281,0.20160409808158875,0.042515214532613754,0.14996963739395142,0.975151002407074,0.9736618995666504,T040_010_010_040,3.926181670976803e-05,4.577037998387823e-06,0.0006936955614946783,4.577037998387823e-06,0.05,617,50963,0.028555865048418144,0.3922502100467682,0.4000000059604645,0.09547536075115204,0.10000000149011612,0.09859556704759598,0.10000000149011612,0.38734081387519836,0.4000000059604645,frozen_mlp_surrogate_adjoint,900,900,900,700,60.474886417388916,60.474886417388916,0.06719431824154325
41,101.28477478027344,138.39414978027344,114.56190490722656,97.81925201416016,0.1478109359741211,0.044335972517728806,0.2400132268667221,0.9596157670021057,0.9707973599433899,T040_010_010_040,4.92986073368229e-05,6.658894562860951e-06,0.0008527942118234932,6.658894562860951e-06,0.05,488,50271,0.021909287021584387,0.39048659801483154,0.4000000059604645,0.09540329873561859,0.10000000149011612,0.09978987276554108,0.10000000149011612,0.3851175904273987,0.4000000059604645,frozen_mlp_surrogate_adjoint,900,900,900,700,60.474886417388916,60.474886417388916,0.06719431824154325
42,100.77558898925781,138.39682006835938,115.22982025146484,97.71699523925781,0.14427490532398224,0.04438556730747223,0.24465154111385345,0.9577221870422363,0.968824028968811,T040_010_010_040,5.009603773942217e-05,1.498979486314056e-06,0.0009719411609694362,1.498979486314056e-06,0.05,594,50292,0.027062240200854043,0.3882191777229309,0.4000000059604645,0.09619846194982529,0.10000000149011612,0.09841006994247437,0.10000000149011612,0.38599637150764465,0.4000000059604645,frozen_mlp_surrogate_adjoint,900,900,900,700,60.474886417388916,60.474886417388916,0.06719431824154325
43,101.52112579345703,138.39962768554688,115.10325622558594,97.71542358398438,0.14945226907730103,0.044437557458877563,0.24377259612083435,0.9576929807662964,0.9686703681945801,T040_010_010_040,5.276084630168043e-05,3.683554950839607e-06,0.0009815457742661238,3.683554950839607e-06,0.05,689,51084,0.033147729723544746,0.3891800045967102,0.4000000059604645,0.09604628384113312,0.10000000149011612,0.09863778948783875,0.10000000149011612,0.38480624556541443,0.4000000059604645,frozen_mlp_surrogate_adjoint,900,900,900,700,60.474886417388916,60.474886417388916,0.06719431824154325
44,102.08839416503906,138.39012145996094,114.74359893798828,97.77163696289062,0.15339165925979614,0.044261492788791656,0.24127498269081116,0.9587339758872986,0.9694868922233582,T040_010_010_040,5.484651410370134e-05,8.294023245980497e-06,0.0009310497553087771,8.294023245980497e-06,0.05,444,51574,0.01987791304002147,0.3902377486228943,0.4000000059604645,0.09595739096403122,0.10000000149011612,0.09962707757949829,0.10000000149011612,0.38366466760635376,0.4000000059604645,frozen_mlp_surrogate_adjoint,900,900,900,700,60.474886417388916,60.474886417388916,0.06719431824154325
45,102.30545043945312,138.45944213867188,115.32823181152344,97.71125793457031,0.1548989713191986,0.04554526507854462,0.2453349381685257,0.9576157927513123,0.9678473472595215,T040_010_010_040,5.841144593432546e-05,6.721790668962058e-06,0.001033793087117374,6.721790668962058e-06,0.05,601,51073,0.027512467028411848,0.38896507024765015,0.4000000059604645,0.09488122165203094,0.10000000149011612,0.09984210133552551,0.10000000149011612,0.3841589391231537,0.4000000059604645,frozen_mlp_surrogate_adjoint,900,900,900,700,60.474886417388916,60.474886417388916,0.06719431824154325
46,102.09544372558594,138.39181518554688,116.10089874267578,97.42753601074219,0.15344054996967316,0.04429294168949127,0.2507006824016571,0.9523618817329407,0.9638461470603943,T040_010_010_040,6.650521390838549e-05,1.1501574590511154e-06,0.0013071011053398252,1.1501574590511154e-06,0.05,504,50378,0.022586995061078727,0.38689953088760376,0.4000000059604645,0.09700178354978561,0.10000000149011612,0.09560026973485947,0.10000000149011612,0.38434457778930664,0.4000000059604645,frozen_mlp_surrogate_adjoint,900,900,900,700,60.474886417388916,60.474886417388916,0.06719431824154325
47,108.25341033935547,138.554931640625,106.74041748046875,98.16087341308594,0.19620424509048462,0.04731345549225807,0.18569733202457428,0.9659422039985657,0.9653775691986084,T040_010_010_040,7.278197881532833e-05,1.284633981413208e-05,0.0011987127363681793,1.284633981413208e-05,0.05,825,50576,0.041008575961645526,0.39093005657196045,0.4000000059604645,0.09282868355512619,0.10000000149011612,0.09831799566745758,0.10000000149011612,0.38330087065696716,0.4000000059604645,frozen_mlp_surrogate_adjoint,900,900,900,700,60.474886417388916,60.474886417388916,0.06719431824154325
48,104.37884521484375,138.56951904296875,116.23600006103516,97.55186462402344,0.16929754614830017,0.04758363589644432,0.25163888931274414,0.9546641111373901,0.9629852771759033,T040_010_010_040,7.817361620254815e-05,9.669132850831375e-06,0.0013700897106900811,9.669132850831375e-06,0.05,610,50570,0.028021914395007366,0.38753435015678406,0.4000000059604645,0.09348363429307938,0.10000000149011612,0.09987899661064148,0.10000000149011612,0.382088303565979,0.4000000059604645,frozen_mlp_surrogate_adjoint,900,900,900,700,60.474886417388916,60.474886417388916,0.06719431824154325
49,105.42320251464844,138.44406127929688,110.69406127929688,98.01366424560547,0.176550030708313,0.045260488986968994,0.2131531834602356,0.9632160067558289,0.9695841073989868,T040_010_010_040,7.982317765709013e-05,3.356685192557052e-05,0.0009251265437342227,3.356685192557052e-05,0.05,18,50782,0.0034093053355550643,0.39507001638412476,0.4000000059604645,0.09432608634233475,0.10000000149011612,0.09996353089809418,0.10000000149011612,0.3802244961261749,0.4000000059604645,frozen_mlp_surrogate_adjoint,900,900,900,700,60.474886417388916,60.474886417388916,0.06719431824154325
50,105.63442993164062,138.47122192382812,110.85121154785156,97.98922729492188,0.17801690101623535,0.045763421803712845,0.21424449980258942,0.9627634286880493,0.9687445163726807,T040_010_010_040,7.99040135461837e-05,3.1058749300427735e-05,0.0009769052267074585,3.1058749300427735e-05,0.05,415,51229,0.018549612498038607,0.39443057775497437,0.4000000059604645,0.09430403262376785,0.10000000149011612,0.09981212019920349,0.10000000149011612,0.38019779324531555,0.4000000059604645,frozen_mlp_surrogate_adjoint,900,900,900,700,60.474886417388916,60.474886417388916,0.06719431824154325
51,105.44217681884766,138.5934600830078,117.7210693359375,97.21824645996094,0.1766817718744278,0.04802705720067024,0.26195183396339417,0.9484859704971313,0.9571566581726074,T040_010_010_040,9.35703792492859e-05,1.792780494724866e-06,0.0018355519277974963,1.792780494724866e-06,0.05,642,51554,0.030268282819353818,0.38371995091438293,0.4000000059604645,0.09492659568786621,0.10000000149011612,0.09729553014039993,0.10000000149011612,0.38121455907821655,0.4000000059604645,frozen_mlp_surrogate_adjoint,900,900,900,700,60.474886417388916,60.474886417388916,0.06719431824154325
52,113.61799621582031,138.90975952148438,105.79216766357422,97.9980697631836,0.2334582805633545,0.053884394466876984,0.1791122704744339,0.9629272222518921,0.9538173675537109,T040_010_010_040,0.00010689058399293572,2.488004611223005e-07,0.002132835565134883,2.488004611223005e-07,0.05,749,51646,0.03666560790646698,0.38143813610076904,0.4000000059604645,0.09585584700107574,0.10000000149011612,0.0946420431137085,0.10000000149011612,0.38188132643699646,0.4000000059604645,frozen_mlp_surrogate_adjoint,900,900,900,700,60.474886417388916,60.474886417388916,0.06719431824154325
53,108.166015625,138.8681640625,118.61860656738281,97.01173400878906,0.1955973207950592,0.053114019334316254,0.2681847810745239,0.9446617960929871,0.9475393891334534,T040_010_010_040,0.00013807608047500253,4.70283055165055e-07,0.0027521157171577215,4.70283055165055e-07,0.05,834,50575,0.041177405968894104,0.3795945644378662,0.4000000059604645,0.09440203011035919,0.10000000149011612,0.09541648626327515,0.10000000149011612,0.378126323223114,0.4000000059604645,frozen_mlp_surrogate_adjoint,900,900,900,700,60.474886417388916,60.474886417388916,0.06719431824154325
54,110.32197570800781,139.15866088867188,121.85569763183594,96.47056579589844,0.21056930720806122,0.05849364399909973,0.29066458344459534,0.934640109539032,0.9343940019607544,T040_010_010_040,0.00021958316210657358,4.3758241190516856e-06,0.004304146859794855,4.3758241190516856e-06,0.05,882,51216,0.0440472376147377,0.3710266351699829,0.4000000059604645,0.09318628907203674,0.10000000149011612,0.09364547580480576,0.10000000149011612,0.3765355944633484,0.4000000059604645,frozen_mlp_surrogate_adjoint,900,900,900,700,60.474886417388916,60.474886417388916,0.06719431824154325
55,119.18536376953125,140.14218139648438,181.2284698486328,54.54877853393555,0.2721205949783325,0.07670701295137405,0.7029755115509033,0.1583106964826584,0.8540796637535095,T040_010_010_040,0.001099725835956633,3.508860754664056e-05,0.02129274420440197,3.508860754664056e-05,0.05,458,51254,0.020408399871684614,0.3346993923187256,0.4000000059604645,0.0884927362203598,0.10000000149011612,0.08300718665122986,0.10000000149011612,0.3478803038597107,0.4000000059604645,frozen_mlp_surrogate_adjoint,900,900,900,700,60.474886417388916,60.474886417388916,0.06719431824154325
56,119.18525695800781,140.1419677734375,181.22500610351562,54.548973083496094,0.2721198499202728,0.07670311629772186,0.7029514908790588,0.1583142727613449,0.8540581464767456,T040_010_010_040,0.001099725835956633,3.477458449197002e-05,0.021299025043845177,3.477458449197002e-05,0.05,471,50903,0.021018045817344174,0.33471107482910156,0.4000000059604645,0.08849125355482101,0.10000000149011612,0.08302730321884155,0.10000000149011612,0.3478284776210785,0.4000000059604645,frozen_mlp_surrogate_adjoint,900,900,900,700,60.474886417388916,60.474886417388916,0.06719431824154325
57,119.18687438964844,140.14186096191406,181.22689819335938,54.549713134765625,0.272131085395813,0.0767011046409607,0.7029645442962646,0.15832805633544922,0.8540681600570679,T040_010_010_040,0.001099725952371955,3.492076211841777e-05,0.021296102553606033,3.492076211841777e-05,0.05,865,51029,0.043215136113205245,0.3346977233886719,0.4000000059604645,0.08850473165512085,0.10000000149011612,0.08302533626556396,0.10000000149011612,0.3478403389453888,0.4000000059604645,frozen_mlp_surrogate_adjoint,900,900,900,700,60.474886417388916,60.474886417388916,0.06719431824154325
58,119.18710327148438,140.14193725585938,181.22848510742188,54.54966354370117,0.2721326947212219,0.0767025575041771,0.7029755711555481,0.1583271026611328,0.8540778160095215,T040_010_010_040,0.0010997260687872767,3.50617992808111e-05,0.021293284371495247,3.50617992808111e-05,0.05,773,50860,0.03784704979435853,0.3346920609474182,0.4000000059604645,0.08850639313459396,0.10000000149011612,0.08301660418510437,0.10000000149011612,0.34786275029182434,0.4000000059604645,frozen_mlp_surrogate_adjoint,900,900,900,700,60.474886417388916,60.474886417388916,0.06719431824154325
59,119.18731689453125,140.14193725585938,181.2288055419922,54.549781799316406,0.2721341550350189,0.07670244574546814,0.7029778361320496,0.15832927823066711,0.8540796041488647,T040_010_010_040,0.0010997260687872767,3.508794543449767e-05,0.021292762830853462,3.508794543449767e-05,0.05,777,51532,0.03791228983218226,0.3346899151802063,0.4000000059604645,0.08850813657045364,0.10000000149011612,0.08301609009504318,0.10000000149011612,0.34786543250083923,0.4000000059604645,frozen_mlp_surrogate_adjoint,900,900,900,700,60.474886417388916,60.474886417388916,0.06719431824154325
60,119.18685913085938,140.14199829101562,181.2268524169922,54.551876068115234,0.27213093638420105,0.07670380920171738,0.7029642462730408,0.1583680808544159,0.8540674448013306,T040_010_010_040,0.0010997260687872767,3.4910521208075806e-05,0.021296311169862747,3.4910521208075806e-05,0.05,476,50127,0.021316665834183582,0.3346874713897705,0.4000000059604645,0.08850429207086563,0.10000000149011612,0.08304239064455032,0.10000000149011612,0.3478332459926605,0.4000000059604645,frozen_mlp_surrogate_adjoint,900,900,900,700,60.474886417388916,60.474886417388916,0.06719431824154325
61,119.1878433227539,140.14181518554688,181.2281951904297,54.549869537353516,0.2721377909183502,0.07670041918754578,0.7029736042022705,0.15833091735839844,0.8540751934051514,T040_010_010_040,0.0010997260687872767,3.5023604141315445e-05,0.02129404991865158,3.5023604141315445e-05,0.05,878,50107,0.04387484145366477,0.33469104766845703,0.4000000059604645,0.08851158618927002,0.10000000149011612,0.08302082121372223,0.10000000149011612,0.3478517532348633,0.4000000059604645,frozen_mlp_surrogate_adjoint,900,900,900,700,60.474886417388916,60.474886417388916,0.06719431824154325
62,119.18946838378906,140.14166259765625,181.230224609375,54.548789978027344,0.27214911580085754,0.07669737935066223,0.7029877305030823,0.15831096470355988,0.8540863990783691,T040_010_010_040,0.0010997261852025986,3.518725134199485e-05,0.02129077911376953,3.518725134199485e-05,0.05,436,50253,0.019537644610710246,0.33468666672706604,0.4000000059604645,0.08852343261241913,0.10000000149011612,0.08300373703241348,0.10000000149011612,0.3478725552558899,0.4000000059604645,frozen_mlp_surrogate_adjoint,900,900,900,700,60.474886417388916,60.474886417388916,0.06719431824154325
63,119.18621826171875,140.14199829101562,181.22677612304688,54.54990005493164,0.27212652564048767,0.07670362293720245,0.702963650226593,0.1583314687013626,0.854067862033844,T040_010_010_040,0.0010997261852025986,3.49167748936452e-05,0.021296188235282898,3.49167748936452e-05,0.05,877,50306,0.043741518545896585,0.3346986770629883,0.4000000059604645,0.08849889785051346,0.10000000149011612,0.0830264687538147,0.10000000149011612,0.34784382581710815,0.4000000059604645,frozen_mlp_surrogate_adjoint,900,900,900,700,60.474886417388916,60.474886417388916,0.06719431824154325
64,119.18699645996094,140.1417694091797,181.22601318359375,54.549400329589844,0.27213189005851746,0.07669953256845474,0.7029584646224976,0.15832222998142242,0.854062557220459,T040_010_010_040,0.0010997264180332422,3.483953696559183e-05,0.021297737956047058,3.483953696559183e-05,0.05,781,51088,0.03827099739601787,0.33470237255096436,0.4000000059604645,0.08850499987602234,0.10000000149011612,0.08302780985832214,0.10000000149011612,0.34782734513282776,0.4000000059604645,frozen_mlp_surrogate_adjoint,900,900,900,700,60.474886417388916,60.474886417388916,0.06719431824154325
65,119.18641662597656,140.14190673828125,181.22691345214844,54.548439025878906,0.2721278667449951,0.07670210301876068,0.7029646635055542,0.15830443799495697,0.8540687561035156,T040_010_010_040,0.0010997264180332422,3.493003168841824e-05,0.021295927464962006,3.493003168841824e-05,0.05,599,51514,0.027406774229470316,0.33470532298088074,0.4000000059604645,0.08849936723709106,0.10000000149011612,0.08301455527544022,0.10000000149011612,0.3478494882583618,0.4000000059604645,frozen_mlp_surrogate_adjoint,900,900,900,700,60.474886417388916,60.474886417388916,0.06719431824154325
66,119.18702697753906,140.14166259765625,181.2249298095703,54.54820251464844,0.27213212847709656,0.07669740915298462,0.7029508948326111,0.1583000272512436,0.8540558218955994,T040_010_010_040,0.0010997264180332422,3.4741275158012286e-05,0.021299703046679497,3.4741275158012286e-05,0.05,511,50198,0.022923680962820367,0.3347126841545105,0.4000000059604645,0.0885036289691925,0.10000000149011612,0.08302434533834457,0.10000000149011612,0.3478151559829712,0.4000000059604645,frozen_mlp_surrogate_adjoint,900,900,900,700,60.474886417388916,60.474886417388916,0.06719431824154325
67,119.18670654296875,140.141845703125,181.2254638671875,54.54999542236328,0.27212992310523987,0.07670080661773682,0.7029546499252319,0.15833322703838348,0.8540592193603516,T040_010_010_040,0.0010997264180332422,3.479088263702579e-05,0.021298712119460106,3.479088263702579e-05,0.05,670,50152,0.03197349202142999,0.3347022533416748,0.4000000059604645,0.08850200474262238,0.10000000149011612,0.08303496241569519,0.10000000149011612,0.3478200435638428,0.4000000059604645,frozen_mlp_surrogate_adjoint,900,900,900,700,60.474886417388916,60.474886417388916,0.06719431824154325
68,119.18635559082031,140.1421661376953,181.23025512695312,54.54917907714844,0.2721274793148041,0.07670671492815018,0.7029878497123718,0.15831811726093292,0.8540896773338318,T040_010_010_040,0.0010997266508638859,3.52356000803411e-05,0.021289821714162827,3.52356000803411e-05,0.05,354,50379,0.015712578012056548,0.3346893787384033,0.4000000059604645,0.08850067108869553,0.10000000149011612,0.08300212025642395,0.10000000149011612,0.347897469997406,0.4000000059604645,frozen_mlp_surrogate_adjoint,900,900,900,700,60.474886417388916,60.474886417388916,0.06719431824154325
69,119.18592834472656,140.1422882080078,181.22604370117188,54.556148529052734,0.2721244692802429,0.07670911401510239,0.7029587030410767,0.15844717621803284,0.8540628552436829,T040_010_010_040,0.0010997267672792077,3.484423359623179e-05,0.021297650411725044,3.484423359623179e-05,0.05,419,50310,0.018788860143835965,0.3346700966358185,0.4000000059604645,0.08849966526031494,0.10000000149011612,0.0830787718296051,0.10000000149011612,0.34781432151794434,0.4000000059604645,frozen_mlp_surrogate_adjoint,900,900,900,700,60.474886417388916,60.474886417388916,0.06719431824154325
70,119.18838500976562,140.14178466796875,181.22918701171875,54.54983139038086,0.27214157581329346,0.07669977098703384,0.7029803991317749,0.15833023190498352,0.8540807962417603,T040_010_010_040,0.0010997268836945295,3.510609894874506e-05,0.021292414516210556,3.510609894874506e-05,0.05,568,50426,0.02598707842791488,0.3346865773200989,0.4000000059604645,0.08851641416549683,0.10000000149011612,0.0830160602927208,0.10000000149011612,0.34786179661750793,0.4000000059604645,frozen_mlp_surrogate_adjoint,900,900,900,700,60.474886417388916,60.474886417388916,0.06719431824154325
71,119.18545532226562,140.14195251464844,181.22515869140625,54.54912185668945,0.2721211910247803,0.07670271396636963,0.70295250415802,0.15831708908081055,0.8540588021278381,T040_010_010_040,0.0010997268836945295,3.478530561551452e-05,0.021298833191394806,3.478530561551452e-05,0.05,475,50999,0.02125983336020782,0.3347092866897583,0.4000000059604645,0.08849315345287323,0.10000000149011612,0.08302801847457886,0.10000000149011612,0.34782832860946655,0.4000000059604645,frozen_mlp_surrogate_adjoint,900,900,900,700,60.474886417388916,60.474886417388916,0.06719431824154325
72,119.18598175048828,140.14193725585938,181.22564697265625,54.5494384765625,0.27212488651275635,0.07670267671346664,0.7029559016227722,0.15832290053367615,0.8540611267089844,T040_010_010_040,0.0010997270001098514,3.481918611214496e-05,0.021298155188560486,3.481918611214496e-05,0.05,745,50230,0.03659416185822266,0.33470553159713745,0.4000000059604645,0.08849634230136871,0.10000000149011612,0.08302856236696243,0.10000000149011612,0.34783071279525757,0.4000000059604645,frozen_mlp_surrogate_adjoint,900,900,900,700,60.474886417388916,60.474886417388916,0.06719431824154325
73,119.18522644042969,140.14208984375,181.22415161132812,54.5522575378418,0.2721196115016937,0.07670532912015915,0.7029455304145813,0.1583751142024994,0.8540521860122681,T040_010_010_040,0.0010997271165251732,3.468891009106301e-05,0.02130076475441456,3.468891009106301e-05,0.05,353,50411,0.015691423183040513,0.33469778299331665,0.4000000059604645,0.08849204331636429,0.10000000149011612,0.08305764198303223,0.10000000149011612,0.3478047549724579,0.4000000059604645,frozen_mlp_surrogate_adjoint,900,900,900,700,60.474886417388916,60.474886417388916,0.06719431824154325
74,119.18804931640625,140.14193725585938,181.2303466796875,54.550048828125,0.2721392512321472,0.07670240849256516,0.7029884457588196,0.15833425521850586,0.854088306427002,T040_010_010_040,0.0010997271165251732,3.521593316690996e-05,0.02129022218286991,3.521593316690996e-05,0.05,685,51677,0.03278391664392425,0.3346818685531616,0.4000000059604645,0.08851414918899536,0.10000000149011612,0.08301097899675369,0.10000000149011612,0.3478813171386719,0.4000000059604645,frozen_mlp_surrogate_adjoint,900,900,900,700,60.474886417388916,60.474886417388916,0.06719431824154325
75,119.18962860107422,140.1414794921875,181.22763061523438,54.549407958984375,0.2721501886844635,0.07669398188591003,0.7029697299003601,0.15832233428955078,0.8540699481964111,T040_010_010_040,0.001099727232940495,3.4948261600220576e-05,0.0212955791503191,3.4948261600220576e-05,0.05,411,50214,0.01835185050542203,0.33469241857528687,0.4000000059604645,0.08852487057447433,0.10000000149011612,0.08302286267280579,0.10000000149011612,0.34782981872558594,0.4000000059604645,frozen_mlp_surrogate_adjoint,900,900,900,700,60.474886417388916,60.474886417388916,0.06719431824154325
76,119.19023132324219,140.14158630371094,181.22967529296875,54.55040740966797,0.2721543610095978,0.0766960084438324,0.7029839158058167,0.15834090113639832,0.8540818691253662,T040_010_010_040,0.001099727232940495,3.51221788150724e-05,0.021292101591825485,3.51221788150724e-05,0.05,370,51195,0.016390849703636325,0.3346793055534363,0.4000000059604645,0.08852963149547577,0.10000000149011612,0.08302045613527298,0.10000000149011612,0.347852498292923,0.4000000059604645,frozen_mlp_surrogate_adjoint,900,900,900,700,60.474886417388916,60.474886417388916,0.06719431824154325
77,119.18740844726562,140.14170837402344,181.22735595703125,54.547760009765625,0.27213481068611145,0.07669825106859207,0.7029678225517273,0.15829184651374817,0.854070782661438,T040_010_010_040,0.001099727931432426,3.4961023629875854e-05,0.0212953370064497,3.4961023629875854e-05,0.05,479,50995,0.021564940311013643,0.3347048759460449,0.4000000059604645,0.08850818872451782,0.10000000149011612,0.0830082967877388,0.10000000149011612,0.34784942865371704,0.4000000059604645,frozen_mlp_surrogate_adjoint,900,900,900,700,60.474886417388916,60.474886417388916,0.06719431824154325
78,119.18128967285156,140.1428985595703,181.22781372070312,54.55254364013672,0.2720922827720642,0.07672031968832016,0.7029709219932556,0.15838047862052917,0.8540793061256409,T040_010_010_040,0.0010997281642630696,3.508574081934057e-05,0.021292848512530327,3.508574081934057e-05,0.05,410,50531,0.018320273904250516,0.3346881866455078,0.4000000059604645,0.08846607804298401,0.10000000149011612,0.08303437381982803,0.10000000149011612,0.3478906750679016,0.4000000059604645,frozen_mlp_surrogate_adjoint,900,900,900,700,60.474886417388916,60.474886417388916,0.06719431824154325
79,119.18429565429688,140.14205932617188,181.22415161132812,54.5484733581543,0.272113174200058,0.07670494168996811,0.7029455304145813,0.1583050638437271,0.8540536165237427,T040_010_010_040,0.0010997282806783915,3.47108107234817e-05,0.02130034752190113,3.47108107234817e-05,0.05,292,51476,0.012977214401058302,0.33471837639808655,0.4000000059604645,0.08848290145397186,0.10000000149011612,0.0830267146229744,0.10000000149011612,0.3478256165981293,0.4000000059604645,frozen_mlp_surrogate_adjoint,900,900,900,700,60.474886417388916,60.474886417388916,0.06719431824154325
80,119.18253326416016,140.14263916015625,181.23028564453125,54.547447204589844,0.27210092544555664,0.07671549171209335,0.7029880881309509,0.15828603506088257,0.8540942668914795,T040_010_010_040,0.0010997283970937133,3.530424874043092e-05,0.02128848247230053,3.530424874043092e-05,0.05,225,50486,0.010672112313470473,0.3347034454345703,0.4000000059604645,0.08847274631261826,0.10000000149011612,0.08298284560441971,0.10000000149011612,0.34793516993522644,0.4000000059604645,frozen_mlp_surrogate_adjoint,900,900,900,700,60.474886417388916,60.474886417388916,0.06719431824154325
81,119.18528747558594,140.1422119140625,181.22933959960938,54.54740905761719,0.27212002873420715,0.076707623898983,0.7029814720153809,0.15828533470630646,0.8540851473808289,T040_010_010_040,0.001099728629924357,3.517136428854428e-05,0.02129114419221878,3.517136428854428e-05,0.05,264,50515,0.011886212270397494,0.3347035050392151,0.4000000059604645,0.08849093317985535,0.10000000149011612,0.08299170434474945,0.10000000149011612,0.34789901971817017,0.4000000059604645,frozen_mlp_surrogate_adjoint,900,900,900,700,60.474886417388916,60.474886417388916,0.06719431824154325
82,119.18704223632812,140.14169311523438,181.22576904296875,54.54949188232422,0.2721322178840637,0.07669801265001297,0.7029567360877991,0.1583239585161209,0.8540611267089844,T040_010_010_040,0.0010997289791703224,3.482121610431932e-05,0.021298155188560486,3.482121610431932e-05,0.05,597,50321,0.0272924994815592,0.3347015976905823,0.4000000059604645,0.08850770443677902,0.10000000149011612,0.0830300897359848,0.10000000149011612,0.3478217124938965,0.4000000059604645,frozen_mlp_surrogate_adjoint,900,900,900,700,60.474886417388916,60.474886417388916,0.06719431824154325
83,119.18672180175781,140.1425018310547,181.22830200195312,54.55922317504883,0.27212998270988464,0.07671301066875458,0.7029743194580078,0.15850412845611572,0.8540754318237305,T040_010_010_040,0.001099729328416288,3.50303525920026e-05,0.02129397913813591,3.50303525920026e-05,0.05,276,50606,0.012370491579335357,0.33464545011520386,0.4000000059604645,0.08850666880607605,0.10000000149011612,0.08309176564216614,0.10000000149011612,0.3478315472602844,0.4000000059604645,frozen_mlp_surrogate_adjoint,900,900,900,700,60.474886417388916,60.474886417388916,0.06719431824154325
84,119.18479919433594,140.142333984375,181.22854614257812,54.54912567138672,0.27211663126945496,0.07670994102954865,0.7029759883880615,0.15831716358661652,0.854080319404602,T040_010_010_040,0.0010997295612469316,3.510185342747718e-05,0.0212925523519516,3.510185342747718e-05,0.05,420,50840,0.018888183413296938,0.33469849824905396,0.4000000059604645,0.08848752826452255,0.10000000149011612,0.08300872892141342,0.10000000149011612,0.3478855788707733,0.4000000059604645,frozen_mlp_surrogate_adjoint,900,900,900,700,60.474886417388916,60.474886417388916,0.06719431824154325
85,119.18705749511719,140.14198303222656,181.22808837890625,54.54918670654297,0.27213233709335327,0.07670348882675171,0.7029727697372437,0.15831825137138367,0.8540749549865723,T040_010_010_040,0.0010997296776622534,3.502360777929425e-05,0.021294118836522102,3.502360777929425e-05,0.05,582,51183,0.026566250215610134,0.3346967399120331,0.4000000059604645,0.08850322663784027,0.10000000149011612,0.08301496505737305,0.10000000149011612,0.3478600084781647,0.4000000059604645,frozen_mlp_surrogate_adjoint,900,900,900,700,60.474886417388916,60.474886417388916,0.06719431824154325
86,119.19538879394531,140.1400909423828,181.2234344482422,54.543785095214844,0.2721902132034302,0.07666837424039841,0.7029405236244202,0.15821820497512817,0.8540383577346802,T040_010_010_040,0.0010997303761541843,3.4490221878513694e-05,0.021304801106452942,3.4490221878513694e-05,0.05,821,51332,0.04069282571696294,0.33472830057144165,0.4000000059604645,0.08856133371591568,0.10000000149011612,0.08301004767417908,0.10000000149011612,0.347738653421402,0.4000000059604645,frozen_mlp_surrogate_adjoint,900,900,900,700,60.474886417388916,60.474886417388916,0.06719431824154325
87,119.18751525878906,140.1421356201172,181.23397827148438,54.548702239990234,0.27213549613952637,0.0767061710357666,0.7030137181282043,0.15830928087234497,0.8541120886802673,T040_010_010_040,0.0010997308418154716,3.55667871190235e-05,0.021283281967043877,3.55667871190235e-05,0.05,437,50871,0.019550600404414146,0.3346753716468811,0.4000000059604645,0.08851247280836105,0.10000000149011612,0.0829799622297287,0.10000000149011612,0.3479442596435547,0.4000000059604645,frozen_mlp_surrogate_adjoint,900,900,900,700,60.474886417388916,60.474886417388916,0.06719431824154325
88,119.18624877929688,140.1416015625,181.22195434570312,54.54997253417969,0.2721267640590668,0.07669634371995926,0.702930212020874,0.15833280980587006,0.854037880897522,T040_010_010_040,0.001099731307476759,3.448417555773631e-05,0.021304940804839134,3.448417555773631e-05,0.05,526,51044,0.02364756213612982,0.3347145617008209,0.4000000059604645,0.08850043267011642,0.10000000149011612,0.0830533504486084,0.10000000149011612,0.34776952862739563,0.4000000059604645,frozen_mlp_surrogate_adjoint,900,900,900,700,60.474886417388916,60.474886417388916,0.06719431824154325
89,119.19355773925781,140.14112854003906,181.22750854492188,54.55278015136719,0.272177517414093,0.07668755203485489,0.7029687762260437,0.1583847999572754,0.8540640473365784,T040_010_010_040,0.001099731307476759,3.486618516035378e-05,0.021297302097082138,3.486618516035378e-05,0.05,147,51270,0.008115297505211783,0.3346710205078125,0.4000000059604645,0.08855226635932922,0.10000000149011612,0.08305561542510986,0.10000000149011612,0.34778517484664917,0.4000000059604645,frozen_mlp_surrogate_adjoint,900,900,900,700,60.474886417388916,60.474886417388916,0.06719431824154325
90,119.18036651611328,140.14260864257812,181.22177124023438,54.54939651489258,0.27208587527275085,0.07671494036912918,0.7029289603233337,0.15832214057445526,0.8540424108505249,T040_010_010_040,0.00109973200596869,3.455098703852855e-05,0.02130361832678318,3.455098703852855e-05,0.05,335,51718,0.01467752599957146,0.33472853899002075,0.4000000059604645,0.0884527862071991,0.10000000149011612,0.08304114639759064,0.10000000149011612,0.34781989455223083,0.4000000059604645,frozen_mlp_surrogate_adjoint,900,900,900,700,60.474886417388916,60.474886417388916,0.06719431824154325
91,119.18431854248047,140.14244079589844,181.22528076171875,54.55280685424805,0.2721133232116699,0.07671193033456802,0.7029533982276917,0.1583852916955948,0.8540595173835754,T040_010_010_040,0.0010997329372912645,3.4801683796104044e-05,0.021298624575138092,3.4801683796104044e-05,0.05,344,50822,0.015000348847640645,0.33469295501708984,0.4000000059604645,0.088483065366745,0.10000000149011612,0.08305446058511734,0.10000000149011612,0.34782904386520386,0.4000000059604645,frozen_mlp_surrogate_adjoint,900,900,900,700,60.474886417388916,60.474886417388916,0.06719431824154325
92,119.18185424804688,140.14239501953125,181.2227325439453,54.54766845703125,0.2720962166786194,0.07671090215444565,0.7029356360435486,0.15829013288021088,0.8540469408035278,T040_010_010_040,0.0010997331701219082,3.461827873252332e-05,0.021302295848727226,3.461827873252332e-05,0.05,191,51546,0.009563769077724342,0.3347318172454834,0.4000000059604645,0.08846227079629898,0.10000000149011612,0.08302456140518188,0.10000000149011612,0.3478282690048218,0.4000000059604645,frozen_mlp_surrogate_adjoint,900,900,900,700,60.474886417388916,60.474886417388916,0.06719431824154325
93,119.19013977050781,140.1411590576172,181.22952270507812,54.53971481323242,0.27215376496315,0.0766880065202713,0.7029827833175659,0.15814287960529327,0.8540821075439453,T040_010_010_040,0.0010997338686138391,3.5132245102431625e-05,0.021292030811309814,3.5132245102431625e-05,0.05,875,51221,0.043614296622388735,0.33473479747772217,0.4000000059604645,0.08852146565914154,0.10000000149011612,0.0829375833272934,0.10000000149011612,0.3478882610797882,0.4000000059604645,frozen_mlp_surrogate_adjoint,900,900,900,700,60.474886417388916,60.474886417388916,0.06719431824154325
94,119.18772888183594,140.14227294921875,181.2329864501953,54.5496826171875,0.27213701605796814,0.07670889049768448,0.7030068635940552,0.15832747519016266,0.8541046380996704,T040_010_010_040,0.0010997345671057701,3.546162770362571e-05,0.02128545753657818,3.546162770362571e-05,0.05,121,50044,0.0075855440733568775,0.3346756100654602,0.4000000059604645,0.08850857615470886,0.10000000149011612,0.08299318701028824,0.10000000149011612,0.3479272425174713,0.4000000059604645,frozen_mlp_surrogate_adjoint,900,900,900,700,60.474886417388916,60.474886417388916,0.06719431824154325
95,119.183349609375,140.14151000976562,181.21511840820312,54.54649353027344,0.2721065580844879,0.07669457048177719,0.7028827667236328,0.15826840698719025,0.8539984226226807,T040_010_010_040,0.0010997356148436666,3.391251448192634e-05,0.021316461265087128,3.391251448192634e-05,0.05,183,50710,0.009142915797687787,0.3347626328468323,0.4000000059604645,0.08847284317016602,0.10000000149011612,0.0830589160323143,0.10000000149011612,0.34770405292510986,0.4000000059604645,frozen_mlp_surrogate_adjoint,900,900,900,700,60.474886417388916,60.474886417388916,0.06719431824154325
96,119.17276000976562,140.14332580566406,181.21859741210938,54.5482292175293,0.27203303575515747,0.0767282098531723,0.7029069066047668,0.15830056369304657,0.8540312647819519,T040_010_010_040,0.0010997358476743102,3.4392200177535415e-05,0.021306872367858887,3.4392200177535415e-05,0.05,21,50550,0.0034783072019979066,0.3347552418708801,0.4000000059604645,0.08840136975049973,0.10000000149011612,0.08303840458393097,0.10000000149011612,0.3478362560272217,0.4000000059604645,frozen_mlp_surrogate_adjoint,900,900,900,700,60.474886417388916,60.474886417388916,0.06719431824154325
97,119.1775131225586,140.14280700683594,181.22398376464844,54.54753875732422,0.27206605672836304,0.07671862095594406,0.7029443383216858,0.15828777849674225,0.8540604114532471,T040_010_010_040,0.0010997375939041376,3.4819371649064124e-05,0.0212983638048172,3.4819371649064124e-05,0.05,114,51503,0.007343200073607616,0.33473002910614014,0.4000000059604645,0.08844130486249924,0.10000000149011612,0.08301088213920593,0.10000000149011612,0.34787818789482117,0.4000000059604645,frozen_mlp_surrogate_adjoint,900,900,900,700,60.474886417388916,60.474886417388916,0.06719431824154325
98,119.17823791503906,140.14276123046875,181.22543334960938,54.54734802246094,0.27207109332084656,0.07671767473220825,0.7029544115066528,0.15828421711921692,0.8540687561035156,T040_010_010_040,0.0010997389908879995,3.4942597267217934e-05,0.021295927464962006,3.4942597267217934e-05,0.05,667,50682,0.0318123059710786,0.3347242474555969,0.4000000059604645,0.08844787627458572,0.10000000149011612,0.08300258964300156,0.10000000149011612,0.3478941023349762,0.4000000059604645,frozen_mlp_surrogate_adjoint,900,900,900,700,60.474886417388916,60.474886417388916,0.06719431824154325
99,119.1796646118164,140.1425323486328,181.21986389160156,54.558048248291016,0.27208101749420166,0.07671348750591278,0.7029157280921936,0.1584823727607727,0.8540312647819519,T040_010_010_040,0.0010997488861903548,3.440522777964361e-05,0.021306872367858887,3.440522777964361e-05,0.05,90,50267,0.006373477727674494,0.3346853256225586,0.4000000059604645,0.08846792578697205,0.10000000149011612,0.08311893045902252,0.10000000149011612,0.34775906801223755,0.4000000059604645,frozen_mlp_surrogate_adjoint,900,900,900,700,60.474886417388916,60.474886417388916,0.06719431824154325
100,115.72303771972656,139.86227416992188,179.927001953125,53.67079544067383,0.2480766326189041,0.07152371853590012,0.6939375400543213,0.14205177128314972,0.8528634905815125,T040_010_010_040,0.0011136046377941966,3.114703213213943e-05,0.021649152040481567,3.114703213213943e-05,0.05,869,51337,0.0433453859934644,0.33759331703186035,0.4000000059604645,0.08852914720773697,0.10000000149011612,0.07963401824235916,0.10000000149011612,0.3471069931983948,0.4000000059604645,frozen_mlp_surrogate_adjoint,900,900,900,700,60.474886417388916,60.474886417388916,0.06719431824154325
101,115.71669006347656,139.86172485351562,179.92959594726562,53.67028045654297,0.2480325847864151,0.07151330262422562,0.6939556002616882,0.14204224944114685,0.8528929948806763,T040_010_010_040,0.0011136047542095184,3.158127947244793e-05,0.021640470251441002,3.158127947244793e-05,0.05,650,50830,0.03076803313840655,0.337567538022995,0.4000000059604645,0.08854665607213974,0.10000000149011612,0.07960987091064453,0.10000000149011612,0.347168892621994,0.4000000059604645,frozen_mlp_surrogate_adjoint,900,900,900,700,60.474886417388916,60.474886417388916,0.06719431824154325
102,115.7288818359375,139.86312866210938,179.93276977539062,53.672874450683594,0.24811725318431854,0.07153936475515366,0.6939775943756104,0.14209029078483582,0.8528829216957092,T040_010_010_040,0.0011136062676087022,3.143443609587848e-05,0.021643435582518578,3.143443609587848e-05,0.05,333,50921,0.01464771799888351,0.3375732898712158,0.4000000059604645,0.08852232992649078,0.10000000149011612,0.07962475717067719,0.10000000149011612,0.34716254472732544,0.4000000059604645,frozen_mlp_surrogate_adjoint,900,900,900,700,60.474886417388916,60.474886417388916,0.06719431824154325
103,115.73927307128906,139.8630828857422,179.93405151367188,53.67619705200195,0.24818941950798035,0.07153866440057755,0.6939864754676819,0.14215178787708282,0.8528671264648438,T040_010_010_040,0.0011136069661006331,3.1202765967464074e-05,0.02164808288216591,3.1202765967464074e-05,0.05,851,51185,0.04210567862370214,0.337557852268219,0.4000000059604645,0.08854623883962631,0.10000000149011612,0.0796537771821022,0.10000000149011612,0.34710922837257385,0.4000000059604645,frozen_mlp_surrogate_adjoint,900,900,900,700,60.474886417388916,60.474886417388916,0.06719431824154325
104,115.78716278076172,139.8677520751953,179.94854736328125,53.685394287109375,0.24852195382118225,0.07162515074014664,0.6940871477127075,0.1423221379518509,0.8528441786766052,T040_010_010_040,0.0011136194225400686,3.087770892307162e-05,0.02165483497083187,3.087770892307162e-05,0.05,377,50065,0.01685943766643904,0.33756136894226074,0.4000000059604645,0.08848626166582108,0.10000000149011612,0.07969572395086288,0.10000000149011612,0.3471008539199829,0.4000000059604645,frozen_mlp_surrogate_adjoint,900,900,900,700,60.474886417388916,60.474886417388916,0.06719431824154325
105,115.79115295410156,139.8671417236328,179.95083618164062,53.68882369995117,0.2485496997833252,0.07161367684602737,0.6941030025482178,0.14238563179969788,0.8528470396995544,T040_010_010_040,0.0011136210523545742,3.09214046865236e-05,0.02165399305522442,3.09214046865236e-05,0.05,791,50202,0.038687735693763554,0.33752405643463135,0.4000000059604645,0.08852554112672806,0.10000000149011612,0.07971306890249252,0.10000000149011612,0.3470844030380249,0.4000000059604645,frozen_mlp_surrogate_adjoint,900,900,900,700,60.474886417388916,60.474886417388916,0.06719431824154325
106,115.8349609375,139.87156677246094,179.97140502929688,53.698265075683594,0.2488538920879364,0.07169558852910995,0.6942459344863892,0.1425604671239853,0.8528690338134766,T040_010_010_040,0.0011136333923786879,3.125738294329494e-05,0.02164752036333084,3.125738294329494e-05,0.05,348,50190,0.015416664181702365,0.33748817443847656,0.4000000059604645,0.08848360180854797,0.10000000149011612,0.07972054183483124,0.10000000149011612,0.3471767008304596,0.4000000059604645,frozen_mlp_surrogate_adjoint,900,900,900,700,60.474886417388916,60.474886417388916,0.06719431824154325
107,115.87098693847656,139.87725830078125,179.9818878173828,53.69733810424805,0.24910405278205872,0.07180094718933105,0.6943186521530151,0.14254328608512878,0.852856457233429,T040_010_010_040,0.0011136587709188461,3.109763565589674e-05,0.021651221439242363,3.109763565589674e-05,0.05,8,50452,0.0023799487882072306,0.33757483959198,0.4000000059604645,0.08834423124790192,0.10000000149011612,0.07969799637794495,0.10000000149011612,0.3472394347190857,0.4000000059604645,frozen_mlp_surrogate_adjoint,900,900,900,700,60.474886417388916,60.474886417388916,0.06719431824154325
108,115.9698486328125,139.88119506835938,180.00950622558594,53.73160934448242,0.24979060888290405,0.07187395542860031,0.6945104598999023,0.14317794144153595,0.8527846932411194,T040_010_010_040,0.001113686477765441,3.0069139029365033e-05,0.02167234569787979,3.0069139029365033e-05,0.05,826,50686,0.04102658965287131,0.33740949630737305,0.4000000059604645,0.08845103532075882,0.10000000149011612,0.0799078419804573,0.10000000149011612,0.3470163345336914,0.4000000059604645,frozen_mlp_surrogate_adjoint,900,900,900,700,60.474886417388916,60.474886417388916,0.06719431824154325
109,92.7714614868164,140.63401794433594,174.2424774169922,56.91246795654297,0.08869071304798126,0.08581527322530746,0.6544616222381592,0.20208272337913513,0.856066882610321,T040_010_010_040,0.0012304660631343722,0.00019462891214061528,0.020716741681098938,0.00019462891214061528,0.05,192,51481,0.009714234426192908,0.3218977451324463,0.4000000059604645,0.09166929870843887,0.10000000149011612,0.09087759256362915,0.10000000149011612,0.3516222834587097,0.4000000059604645,frozen_mlp_surrogate_adjoint,900,900,900,700,60.474886417388916,60.474886417388916,0.06719431824154325
110,92.80210876464844,140.62828063964844,174.25338745117188,56.912235260009766,0.08890350908041,0.08570883423089981,0.6545373797416687,0.2020784169435501,0.8560280203819275,T040_010_010_040,0.0012304671108722687,0.00019407051149755716,0.02072793059051037,0.00019407051149755716,0.05,527,50844,0.02366593090886915,0.32191187143325806,0.4000000059604645,0.0917184129357338,0.10000000149011612,0.09082263708114624,0.10000000149011612,0.3515750765800476,0.4000000059604645,frozen_mlp_surrogate_adjoint,900,900,900,700,60.474886417388916,60.474886417388916,0.06719431824154325
111,92.72560119628906,140.63604736328125,174.2350616455078,56.921722412109375,0.08837221562862396,0.0858527272939682,0.6544101238250732,0.20225413143634796,0.8561864495277405,T040_010_010_040,0.0012304685078561306,0.00019635168428067118,0.020682336762547493,0.00019635168428067118,0.05,355,50608,0.015732310303743263,0.3218435049057007,0.4000000059604645,0.09177187085151672,0.10000000149011612,0.09092899411916733,0.10000000149011612,0.35164207220077515,0.4000000059604645,frozen_mlp_surrogate_adjoint,900,900,900,700,60.474886417388916,60.474886417388916,0.06719431824154325
112,92.7591323852539,140.63734436035156,174.24842834472656,56.914894104003906,0.08860507607460022,0.08587665855884552,0.6545029878616333,0.20212765038013458,0.8561630845069885,T040_010_010_040,0.0012304710689932108,0.00019601813983172178,0.020689059048891068,0.00019601813983172178,0.05,85,51423,0.006230121402577126,0.32187187671661377,0.4000000059604645,0.09165376424789429,0.10000000149011612,0.09086175262928009,0.10000000149011612,0.3517757058143616,0.4000000059604645,frozen_mlp_surrogate_adjoint,900,900,900,700,60.474886417388916,60.474886417388916,0.06719431824154325
113,92.68116760253906,140.64271545410156,174.2146453857422,56.92230224609375,0.08806363493204117,0.08597611635923386,0.6542683839797974,0.20226489007472992,0.8562061190605164,T040_010_010_040,0.0012304758420214057,0.000196641733055003,0.02067667990922928,0.000196641733055003,0.05,429,50415,0.019284962480400885,0.3218291997909546,0.4000000059604645,0.09172748029232025,0.10000000149011612,0.09102638810873032,0.10000000149011612,0.3516230583190918,0.4000000059604645,frozen_mlp_surrogate_adjoint,900,900,900,700,60.474886417388916,60.474886417388916,0.06719431824154325
114,92.74063110351562,140.63900756835938,174.22154235839844,56.91023635864258,0.08847662061452866,0.08590757101774216,0.654316246509552,0.2020414024591446,0.8560284376144409,T040_010_010_040,0.0012304760748520494,0.00019408557272981852,0.020727811381220818,0.00019408557272981852,0.05,73,50453,0.005669642521571943,0.3219033479690552,0.4000000059604645,0.09161187708377838,0.10000000149011612,0.09096911549568176,0.10000000149011612,0.3515441119670868,0.4000000059604645,frozen_mlp_surrogate_adjoint,900,900,900,700,60.474886417388916,60.474886417388916,0.06719431824154325
115,92.71100616455078,140.641357421875,174.2108154296875,56.91343307495117,0.0882708877325058,0.08595116436481476,0.6542417407035828,0.20210063457489014,0.8560613393783569,T040_010_010_040,0.0012304801493883133,0.00019456312293186784,0.02071833796799183,0.00019456312293186784,0.05,28,51393,0.00380098105438887,0.32188326120376587,0.4000000059604645,0.09163820743560791,0.10000000149011612,0.09102395176887512,0.10000000149011612,0.35151588916778564,0.4000000059604645,frozen_mlp_surrogate_adjoint,900,900,900,700,60.474886417388916,60.474886417388916,0.06719431824154325
116,92.7457046508789,140.6350555419922,174.22352600097656,56.912025451660156,0.08851183950901031,0.08583430200815201,0.6543300151824951,0.20207451283931732,0.8560174703598022,T040_010_010_040,0.001230483059771359,0.00019393469847273082,0.020730968564748764,0.00019393469847273082,0.05,178,7,0.009022898015006522,0.32190021872520447,0.4000000059604645,0.09168814867734909,0.10000000149011612,0.09095607697963715,0.10000000149011612,0.3514730632305145,0.4000000059604645,frozen_mlp_surrogate_adjoint,900,900,900,700,60.474886417388916,60.474886417388916,0.06719431824154325
117,89.29066467285156,140.78416442871094,172.68621826171875,54.2169189453125,0.06451848149299622,0.08859557658433914,0.6436542272567749,0.15216515958309174,0.851223886013031,T040_010_010_040,0.0012410867493599653,0.00013437021698337048,0.022134331986308098,0.00013437021698337048,0.05,628,50713,0.02916666421576924,0.3240193724632263,0.4000000059604645,0.09163376688957214,0.10000000149011612,0.0864827036857605,0.10000000149011612,0.34908801317214966,0.4000000059604645,frozen_mlp_surrogate_adjoint,900,900,900,700,60.474886417388916,60.474886417388916,0.06719431824154325
118,89.25579071044922,140.7801513671875,172.67758178710938,54.22296142578125,0.0642763301730156,0.08852126449346542,0.6435943245887756,0.15227702260017395,0.8512661457061768,T040_010_010_040,0.0012410912895575166,0.00013500337081495672,0.02212175913155079,0.00013500337081495672,0.05,695,47,0.033423452370239665,0.323978066444397,0.4000000059604645,0.09181980043649673,0.10000000149011612,0.08651074767112732,0.10000000149011612,0.34895753860473633,0.4000000059604645,frozen_mlp_surrogate_adjoint,900,900,900,700,60.474886417388916,60.474886417388916,0.06719431824154325
119,89.31761169433594,140.77740478515625,172.69110107421875,54.201438903808594,0.06470562517642975,0.08847049623727798,0.6436882019042969,0.1518784761428833,0.8511582016944885,T040_010_010_040,0.0012410918716341257,0.00013339781435206532,0.022153880447149277,0.00013339781435206532,0.05,402,50278,0.01806417311225779,0.32406729459762573,0.4000000059604645,0.0916898250579834,0.10000000149011612,0.08640120923519135,0.10000000149011612,0.34899985790252686,0.4000000059604645,frozen_mlp_surrogate_adjoint,900,900,900,700,60.474886417388916,60.474886417388916,0.06719431824154325
120,89.32687377929688,140.7773895263672,172.6943817138672,54.19689178466797,0.06476996839046478,0.08847014605998993,0.6437109708786011,0.15179425477981567,0.8511499166488647,T040_010_010_040,0.001241094316355884,0.0001332769461441785,0.02215634658932686,0.0001332769461441785,0.05,123,50258,0.007663823879802769,0.32408061623573303,0.4000000059604645,0.09166262298822403,0.10000000149011612,0.08637527376413345,0.10000000149011612,0.3490314185619354,0.4000000059604645,frozen_mlp_surrogate_adjoint,900,900,900,700,60.474886417388916,60.474886417388916,0.06719431824154325
121,89.2586441040039,140.7798614501953,172.6901092529297,54.22669982910156,0.06429613381624222,0.08851602673530579,0.6436812877655029,0.15234629809856415,0.8513466119766235,T040_010_010_040,0.0012410965282469988,0.0001362049806630239,0.02209782972931862,0.0001362049806630239,0.05,563,51197,0.025712124171526494,0.32395362854003906,0.4000000059604645,0.09184753894805908,0.10000000149011612,0.08646330237388611,0.10000000149011612,0.3490820825099945,0.4000000059604645,frozen_mlp_surrogate_adjoint,900,900,900,700,60.474886417388916,60.474886417388916,0.06719431824154325
122,89.36738586425781,140.77342224121094,172.70721435546875,54.182621002197266,0.06505128741264343,0.0883965939283371,0.6438000798225403,0.15153002738952637,0.851103663444519,T040_010_010_040,0.0012411195784807205,0.0001326135970884934,0.022170118987560272,0.0001326135970884934,0.05,847,50674,0.041847909208994685,0.3241313695907593,0.4000000059604645,0.09163326770067215,0.10000000149011612,0.08627660572528839,0.10000000149011612,0.3490624725818634,0.4000000059604645,frozen_mlp_surrogate_adjoint,900,900,900,700,60.474886417388916,60.474886417388916,0.06719431824154325
123,89.42869567871094,140.76516723632812,172.7181396484375,54.151248931884766,0.06547705084085464,0.08824383467435837,0.6438760161399841,0.15094906091690063,0.8509645462036133,T040_010_010_040,0.0012411752250045538,0.00013059694902040064,0.02221156656742096,0.00013059694902040064,0.05,341,50130,0.014808982540015975,0.32423752546310425,0.4000000059604645,0.0916084423661232,0.10000000149011612,0.08612779527902603,0.10000000149011612,0.348990797996521,0.4000000059604645,frozen_mlp_surrogate_adjoint,900,900,900,700,60.474886417388916,60.474886417388916,0.06719431824154325
124,89.883056640625,140.72824096679688,172.88760375976562,54.34051513671875,0.06863231956958771,0.08755987882614136,0.6450528502464294,0.15445399284362793,0.8509279489517212,T040_010_010_040,0.0012417424004524946,0.0001306186313740909,0.022222476080060005,0.0001306186313740909,0.05,432,50090,0.019381147948725284,0.3242190480232239,0.4000000059604645,0.09159950911998749,0.10000000149011612,0.08613607287406921,0.10000000149011612,0.34897324442863464,0.4000000059604645,frozen_mlp_surrogate_adjoint,900,900,900,700,60.474886417388916,60.474886417388916,0.06719431824154325
125,90.253662109375,140.6986083984375,173.03179931640625,54.51537322998047,0.0712059885263443,0.08701134473085403,0.646054208278656,0.1576920598745346,0.8509567975997925,T040_010_010_040,0.0012422141153365374,0.0001315203553531319,0.022213876247406006,0.0001315203553531319,0.05,529,21,0.023791021681503852,0.3241616189479828,0.4000000059604645,0.09161879867315292,0.10000000149011612,0.08618640154600143,0.10000000149011612,0.34898999333381653,0.4000000059604645,frozen_mlp_surrogate_adjoint,900,900,900,700,60.474886417388916,60.474886417388916,0.06719431824154325
126,90.52033996582031,140.67715454101562,173.12588500976562,54.61095428466797,0.07305789738893509,0.08661409467458725,0.6467075347900391,0.159462109208107,0.8508855104446411,T040_010_010_040,0.001242542639374733,0.00013078615302219987,0.02223513089120388,0.00013078615302219987,0.05,461,50478,0.020450451677205658,0.3241845965385437,0.4000000059604645,0.0915781632065773,0.10000000149011612,0.08616435527801514,0.10000000149011612,0.3489583432674408,0.4000000059604645,frozen_mlp_surrogate_adjoint,900,900,900,700,60.474886417388916,60.474886417388916,0.06719431824154325
127,91.02630615234375,140.62184143066406,173.28558349609375,54.62913513183594,0.07657159119844437,0.08558959513902664,0.6478164792060852,0.15979883074760437,0.8504648208618164,T040_010_010_040,0.001243319478817284,0.00012528090155683458,0.022360770031809807,0.00012528090155683458,0.05,814,0,0.040147802983548406,0.32451045513153076,0.4000000059604645,0.09158094227313995,0.10000000149011612,0.0856008380651474,0.10000000149011612,0.3487725853919983,0.4000000059604645,frozen_mlp_surrogate_adjoint,900,900,900,700,60.474886417388916,60.474886417388916,0.06719431824154325
128,80.02393341064453,148.63304138183594,80.04310607910156,89.476806640625,0.00016618006338831037,0.23394513130187988,0.00029935422935523093,0.8051260113716125,0.8882626295089722,T040_010_010_040,0.001299566589295864,0.0006753046764060855,0.012485239654779434,0.0006753046764060855,0.05,598,50336,0.027391020151651915,0.37547314167022705,0.4000000059604645,0.05006178468465805,0.10000000149011612,0.09317773580551147,0.10000000149011612,0.36955001950263977,0.4000000059604645,frozen_mlp_surrogate_adjoint,900,900,900,700,60.474886417388916,60.474886417388916,0.06719431824154325
129,80.17329406738281,148.6709747314453,80.03015899658203,89.45944213867188,0.0012034138198941946,0.23464755713939667,0.0002094279188895598,0.8048045039176941,0.887554407119751,T040_010_010_040,0.0013101807562634349,0.000677980191539973,0.012644011527299881,0.000677980191539973,0.05,232,50385,0.010867402021798311,0.37523388862609863,0.4000000059604645,0.049957603216171265,0.10000000149011612,0.09305797517299652,0.10000000149011612,0.36930495500564575,0.4000000059604645,frozen_mlp_surrogate_adjoint,900,900,900,700,60.474886417388916,60.474886417388916,0.06719431824154325
130,80.1534652709961,148.65628051757812,80.09649658203125,89.45867919921875,0.0010657167294993997,0.23437553644180298,0.000670104578603059,0.8047903180122375,0.8874151706695557,T040_010_010_040,0.001313515705987811,0.0006797484238632023,0.01267534401267767,0.0006797484238632023,0.05,92,50916,0.006415097145683117,0.37520265579223633,0.4000000059604645,0.04989977553486824,0.10000000149011612,0.09304669499397278,0.10000000149011612,0.36926600337028503,0.4000000059604645,frozen_mlp_surrogate_adjoint,900,900,900,700,60.474886417388916,60.474886417388916,0.06719431824154325
131,80.1729736328125,148.66024780273438,80.10260009765625,89.45590209960938,0.0012012177612632513,0.23444905877113342,0.0007124986150301993,0.8047389984130859,0.887292742729187,T040_010_010_040,0.0013154845219105482,0.0006803382420912385,0.012702926062047482,0.0006803382420912385,0.05,216,50864,0.010441281780906779,0.3751622438430786,0.4000000059604645,0.04987762123346329,0.10000000149011612,0.09302894026041031,0.10000000149011612,0.369223952293396,0.4000000059604645,frozen_mlp_surrogate_adjoint,900,900,900,700,60.474886417388916,60.474886417388916,0.06719431824154325
132,80.29911804199219,148.7026824951172,80.0240707397461,89.44429779052734,0.0020772318821400404,0.23523491621017456,0.00016715949459467083,0.8045240640640259,0.8869364857673645,T040_010_010_040,0.0013195264618843794,0.0006803585565648973,0.012783357873558998,0.0006803585565648973,0.05,408,50764,0.0182836917183965,0.37502312660217285,0.4000000059604645,0.049864642322063446,0.10000000149011612,0.09295786172151566,0.10000000149011612,0.36909085512161255,0.4000000059604645,frozen_mlp_surrogate_adjoint,900,900,900,700,60.474886417388916,60.474886417388916,0.06719431824154325
133,80.25885009765625,148.68299865722656,80.09114074707031,89.44586181640625,0.001797583419829607,0.23487022519111633,0.0006329205934889615,0.8045530319213867,0.8868969678878784,T040_010_010_040,0.0013213343918323517,0.0006817196263000369,0.012792295776307583,0.0006817196263000369,0.05,403,51282,0.018101006568998844,0.3750258684158325,0.4000000059604645,0.04982239007949829,0.10000000149011612,0.09296394884586334,0.10000000149011612,0.36908477544784546,0.4000000059604645,frozen_mlp_surrogate_adjoint,900,900,900,700,60.474886417388916,60.474886417388916,0.06719431824154325
134,80.08804321289062,148.60052490234375,80.3658218383789,89.45360565185547,0.0006114163552410901,0.23334304988384247,0.002540447749197483,0.8046963810920715,0.8867706656455994,T040_010_010_040,0.001328295562416315,0.0006872515077702701,0.01282088179141283,0.0006872515077702701,0.05,289,51191,0.012902850329437731,0.37504762411117554,0.4000000059604645,0.049653083086013794,0.10000000149011612,0.09298966079950333,0.10000000149011612,0.3690803050994873,0.4000000059604645,frozen_mlp_surrogate_adjoint,900,900,900,700,60.474886417388916,60.474886417388916,0.06719431824154325
135,80.11360168457031,148.60940551757812,80.35005950927734,89.45097351074219,0.0007888847612775862,0.23350746929645538,0.0024309775326400995,0.8046475648880005,0.8866950273513794,T040_010_010_040,0.0013291272334754467,0.0006872263620607555,0.01283801719546318,0.0006872263620607555,0.05,220,51617,0.010551955899944197,0.37501734495162964,0.4000000059604645,0.049650583416223526,0.10000000149011612,0.09297740459442139,0.10000000149011612,0.36904963850975037,0.4000000059604645,frozen_mlp_surrogate_adjoint,900,900,900,700,60.474886417388916,60.474886417388916,0.06719431824154325
136,80.0738754272461,148.59063720703125,80.4053726196289,89.45267486572266,0.000513030681759119,0.23315994441509247,0.0028150829020887613,0.8046791553497314,0.8866968154907227,T040_010_010_040,0.0013301160652190447,0.0006882353918626904,0.012837612070143223,0.0006882353918626904,0.05,266,51425,0.011988703601987552,0.3750477433204651,0.4000000059604645,0.04962257668375969,0.10000000149011612,0.09298670291900635,0.10000000149011612,0.36903977394104004,0.4000000059604645,frozen_mlp_surrogate_adjoint,900,900,900,700,60.474886417388916,60.474886417388916,0.06719431824154325
137,80.30340576171875,148.6770782470703,80.21206665039062,89.43389892578125,0.002106990199536085,0.23476068675518036,0.0014726760564371943,0.8043314814567566,0.8862234354019165,T040_010_010_040,0.0013337787240743637,0.0006865233299322426,0.012945106253027916,0.0006865233299322426,0.05,430,40,0.019345124666974457,0.3748195767402649,0.4000000059604645,0.049653396010398865,0.10000000149011612,0.09288395941257477,0.10000000149011612,0.36886653304100037,0.4000000059604645,frozen_mlp_surrogate_adjoint,900,900,900,700,60.474886417388916,60.474886417388916,0.06719431824154325
138,80.04474639892578,148.48934936523438,80.49606323242188,89.49443054199219,0.00031072128331288695,0.23128412663936615,0.0034449088852852583,0.8054524064064026,0.8871462345123291,T040_010_010_040,0.001334555447101593,0.0006977567682042718,0.012735972180962563,0.0006977567682042718,0.05,187,50937,0.009329296349446873,0.37581348419189453,0.4000000059604645,0.049532242119312286,0.10000000149011612,0.09253079444169998,0.10000000149011612,0.3692697584629059,0.4000000059604645,frozen_mlp_surrogate_adjoint,900,900,900,700,60.474886417388916,60.474886417388916,0.06719431824154325
139,80.20294189453125,148.52806091308594,80.41228485107422,89.48355102539062,0.0014093252830207348,0.23200124502182007,0.00286307861097157,0.8052510023117065,0.8867091536521912,T040_010_010_040,0.0013410171959549189,0.0006992763956077397,0.012834816239774227,0.0006992763956077397,0.05,625,50516,0.029080179864977778,0.37576407194137573,0.4000000059604645,0.04950077459216118,0.10000000149011612,0.09238053113222122,0.10000000149011612,0.3690637946128845,0.4000000059604645,frozen_mlp_surrogate_adjoint,900,900,900,700,60.474886417388916,60.474886417388916,0.06719431824154325
140,80.39563751220703,148.6968231201172,80.21231842041016,89.42452239990234,0.002747507067397237,0.23512622714042664,0.00147440901491791,0.8041578531265259,0.8857778310775757,T040_010_010_040,0.0013410546816885471,0.0006887195049785078,0.013046704232692719,0.0006887195049785078,0.05,350,51603,0.015493028051859599,0.37468427419662476,0.4000000059604645,0.049578554928302765,0.10000000149011612,0.0927911177277565,0.10000000149011612,0.36872389912605286,0.4000000059604645,frozen_mlp_surrogate_adjoint,900,900,900,700,60.474886417388916,60.474886417388916,0.06719431824154325
141,80.45648193359375,148.7220001220703,80.1570816040039,89.41796875,0.003170026931911707,0.23559270799160004,0.0010908544063568115,0.8040364384651184,0.885648250579834,T040_010_010_040,0.0013417385052889585,0.0006879224092699587,0.01307632215321064,0.0006879224092699587,0.05,522,51306,0.023389601467942216,0.3746187090873718,0.4000000059604645,0.04959329217672348,0.10000000149011612,0.09277880191802979,0.10000000149011612,0.3686574697494507,0.4000000059604645,frozen_mlp_surrogate_adjoint,900,900,900,700,60.474886417388916,60.474886417388916,0.06719431824154325
142,80.27812957763672,148.43629455566406,80.3992691040039,89.57376098632812,0.0019314297242090106,0.23030178248882294,0.002772705163806677,0.8069214224815369,0.8875362873077393,T040_010_010_040,0.0013464238727465272,0.0007140195230022073,0.012648086994886398,0.0007140195230022073,0.05,331,50939,0.014400060344860691,0.3764207363128662,0.4000000059604645,0.049355849623680115,0.10000000149011612,0.0915232002735138,0.10000000149011612,0.3702365458011627,0.4000000059604645,frozen_mlp_surrogate_adjoint,900,900,900,700,60.474886417388916,60.474886417388916,0.06719431824154325
143,80.66443634033203,148.788818359375,80.03399658203125,89.39996337890625,0.004614158067852259,0.2368299812078476,0.000236092833802104,0.8037029504776001,0.8850563168525696,T040_010_010_040,0.0013489910634234548,0.0006883885362185538,0.013212050311267376,0.0006883885362185538,0.05,295,51585,0.013003530938688383,0.3744024634361267,0.4000000059604645,0.04956388100981712,0.10000000149011612,0.09264577925205231,0.10000000149011612,0.36844420433044434,0.4000000059604645,frozen_mlp_surrogate_adjoint,900,900,900,700,60.474886417388916,60.474886417388916,0.06719431824154325
144,80.1374740600586,148.37295532226562,80.63238525390625,89.56970977783203,0.0009546707151457667,0.22912877798080444,0.004391548689454794,0.8068464994430542,0.887503981590271,T040_010_010_040,0.001351160230115056,0.0007183924317359924,0.012655354104936123,0.0007183924317359924,0.05,237,6,0.0109941360902213,0.37645888328552246,0.4000000059604645,0.04922235757112503,0.10000000149011612,0.0915709137916565,0.10000000149011612,0.3702518343925476,0.4000000059604645,frozen_mlp_surrogate_adjoint,900,900,900,700,60.474886417388916,60.474886417388916,0.06719431824154325
145,80.22893524169922,148.4068145751953,80.53914642333984,89.56645202636719,0.0015898310812190175,0.22975590825080872,0.003744052490219474,0.806786060333252,0.8873535394668579,T040_010_010_040,0.0013519431231543422,0.0007174818310886621,0.012689225375652313,0.0007174818310886621,0.05,452,35,0.02006266934902386,0.3763916492462158,0.4000000059604645,0.04924757033586502,0.10000000149011612,0.09152127802371979,0.10000000149011612,0.3701930344104767,0.4000000059604645,frozen_mlp_surrogate_adjoint,900,900,900,700,60.474886417388916,60.474886417388916,0.06719431824154325
146,80.7646255493164,148.8188934326172,80.00741577148438,89.38766479492188,0.005309890024363995,0.23738694190979004,5.1505438023013994e-05,0.8034752011299133,0.8846279978752136,T040_010_010_040,0.0013549525756388903,0.000689417589455843,0.013310698792338371,0.000689417589455843,0.05,608,51747,0.027931158757459537,0.3742440938949585,0.4000000059604645,0.04951518028974533,0.10000000149011612,0.09258582442998886,0.10000000149011612,0.36828291416168213,0.4000000059604645,frozen_mlp_surrogate_adjoint,900,900,900,700,60.474886417388916,60.474886417388916,0.06719431824154325
147,80.46096801757812,148.4901885986328,80.34441375732422,89.55229187011719,0.003201147308573127,0.23129980266094208,0.00239177537150681,0.8065239191055298,0.8868139982223511,T040_010_010_040,0.0013567188289016485,0.0007161651737987995,0.012811071239411831,0.0007161651737987995,0.05,673,50815,0.03211998565015931,0.3761638402938843,0.4000000059604645,0.04927035793662071,0.10000000149011612,0.0914011001586914,0.10000000149011612,0.369978666305542,0.4000000059604645,frozen_mlp_surrogate_adjoint,900,900,900,700,60.474886417388916,60.474886417388916,0.06719431824154325
148,80.30827331542969,148.42811584472656,80.52347564697266,89.55691528320312,0.002140775555744767,0.23015038669109344,0.003635273315012455,0.8066095113754272,0.8870292901992798,T040_010_010_040,0.0013569543370977044,0.0007188352174125612,0.012762381695210934,0.0007188352174125612,0.05,223,50603,0.010612552180390991,0.3762851357460022,0.4000000059604645,0.04920089989900589,0.10000000149011612,0.0914585143327713,0.10000000149011612,0.3700847923755646,0.4000000059604645,frozen_mlp_surrogate_adjoint,900,900,900,700,60.474886417388916,60.474886417388916,0.06719431824154325
149,80.35493469238281,148.44419860839844,80.48460388183594,89.55442810058594,0.0024648120161145926,0.2304481565952301,0.003365329699590802,0.8065634965896606,0.8869283199310303,T040_010_010_040,0.001357934670522809,0.0007186744478531182,0.01278520468622446,0.0007186744478531182,0.05,158,50829,0.008417203734620713,0.3762456774711609,0.4000000059604645,0.049204498529434204,0.10000000149011612,0.091429702937603,0.10000000149011612,0.37004849314689636,0.4000000059604645,frozen_mlp_surrogate_adjoint,900,900,900,700,60.474886417388916,60.474886417388916,0.06719431824154325
150,80.46025085449219,148.4842529296875,80.37606811523438,89.55032348632812,0.0031961649656295776,0.23118992149829865,0.002611577743664384,0.806487500667572,0.8867479562759399,T040_010_010_040,0.0013587693683803082,0.0007174680358730257,0.012826025485992432,0.0007174680358730257,0.05,605,51657,0.027876646961943363,0.3761593699455261,0.4000000059604645,0.049235474318265915,0.10000000149011612,0.09137876331806183,0.10000000149011612,0.36997440457344055,0.4000000059604645,frozen_mlp_surrogate_adjoint,900,900,900,700,60.474886417388916,60.474886417388916,0.06719431824154325
151,80.24298858642578,148.3934326171875,80.67359161376953,89.55079650878906,0.0016874397406354547,0.2295079231262207,0.004677704535424709,0.8064962029457092,0.8868911266326904,T040_010_010_040,0.0013619494857266545,0.000722268596291542,0.012793617323040962,0.000722268596291542,0.05,214,50753,0.010331507437967088,0.37627285718917847,0.4000000059604645,0.049094732850790024,0.10000000149011612,0.09146720916032791,0.10000000149011612,0.3700563609600067,0.4000000059604645,frozen_mlp_surrogate_adjoint,900,900,900,700,60.474886417388916,60.474886417388916,0.06719431824154325
152,80.59671020507812,148.51766967773438,80.38688659667969,89.52940368652344,0.00414379732683301,0.2318086475133896,0.002686709864065051,0.806100070476532,0.8860626220703125,T040_010_010_040,0.0013699564151465893,0.0007208700990304351,0.012981725856661797,0.0007208700990304351,0.05,768,50607,0.03769151475970053,0.3759320378303528,0.4000000059604645,0.049116235226392746,0.10000000149011612,0.09126805514097214,0.10000000149011612,0.3697463572025299,0.4000000059604645,frozen_mlp_surrogate_adjoint,900,900,900,700,60.474886417388916,60.474886417388916,0.06719431824154325
153,80.17729187011719,148.3525848388672,80.87398529052734,89.53939819335938,0.0012311883037909865,0.22875168919563293,0.0060693444684147835,0.8062852025032043,0.8866024613380432,T040_010_010_040,0.0013702793512493372,0.0007273292867466807,0.012859001755714417,0.0007273292867466807,0.05,362,51052,0.015942648539995132,0.37622255086898804,0.4000000059604645,0.04893641546368599,0.10000000149011612,0.09146274626255035,0.10000000149011612,0.36998075246810913,0.4000000059604645,frozen_mlp_surrogate_adjoint,900,900,900,700,60.474886417388916,60.474886417388916,0.06719431824154325
154,80.39193725585938,148.43533325195312,80.63655853271484,89.53312683105469,0.002721794182434678,0.23028403520584106,0.004420556128025055,0.8061689734458923,0.8862930536270142,T040_010_010_040,0.0013708972837775946,0.0007244336884468794,0.012929270043969154,0.0007244336884468794,0.05,560,51593,0.02548333043443053,0.3760685920715332,0.4000000059604645,0.04901605844497681,0.10000000149011612,0.09135831892490387,0.10000000149011612,0.3698500692844391,0.4000000059604645,frozen_mlp_surrogate_adjoint,900,900,900,700,60.474886417388916,60.474886417388916,0.06719431824154325
155,80.5357666015625,148.48968505859375,80.48365020751953,89.52857971191406,0.003720609238371253,0.2312903255224228,0.003358679823577404,0.8060848116874695,0.8860729932785034,T040_010_010_040,0.0013717340771108866,0.0007227659807540476,0.012979363091289997,0.0007227659807540476,0.05,549,50549,0.024670253792655396,0.3759635090827942,0.4000000059604645,0.04906224459409714,0.10000000149011612,0.09128347039222717,0.10000000149011612,0.36976373195648193,0.4000000059604645,frozen_mlp_surrogate_adjoint,900,900,900,700,60.474886417388916,60.474886417388916,0.06719431824154325
156,80.18363189697266,148.35140991210938,80.89273071289062,89.53684997558594,0.0012752399779856205,0.22872985899448395,0.006199529394507408,0.8062379360198975,0.886522650718689,T040_010_010_040,0.001372019061818719,0.0007281636935658753,0.01287710852921009,0.0007281636935658753,0.05,532,50765,0.023865450576320214,0.3762032389640808,0.4000000059604645,0.04891116917133331,0.10000000149011612,0.09144869446754456,0.10000000149011612,0.3699595630168915,0.4000000059604645,frozen_mlp_surrogate_adjoint,900,900,900,700,60.474886417388916,60.474886417388916,0.06719431824154325
157,80.87287139892578,148.63967895507812,80.12836456298828,89.51966857910156,0.006061614491045475,0.23406799137592316,0.0008914341451600194,0.8059197068214417,0.8854864835739136,T040_010_010_040,0.0013738080160692334,0.0007181407418102026,0.013113345019519329,0.0007181407418102026,0.05,352,50008,0.015614782141365732,0.37536460161209106,0.4000000059604645,0.049138665199279785,0.10000000149011612,0.09116198122501373,0.10000000149011612,0.3698212504386902,0.4000000059604645,frozen_mlp_surrogate_adjoint,900,900,900,700,60.474886417388916,60.474886417388916,0.06719431824154325
158,80.04346466064453,148.05941772460938,81.08924865722656,89.66291809082031,0.00030185069772414863,0.22332260012626648,0.007564243394881487,0.8085725903511047,0.8894243240356445,T040_010_010_040,0.0013738807756453753,0.0007625317084603012,0.012226980179548264,0.0007625317084603012,0.05,786,51649,0.03838444877786038,0.3787230849266052,0.4000000059604645,0.048689257353544235,0.10000000149011612,0.08997448533773422,0.10000000149011612,0.3720375597476959,0.4000000059604645,frozen_mlp_surrogate_adjoint,900,900,900,700,60.474886417388916,60.474886417388916,0.06719431824154325
159,80.93466186523438,148.63014221191406,80.12971496582031,89.50914001464844,0.006490716710686684,0.233891561627388,0.0009007843909785151,0.8057247400283813,0.8852665424346924,T040_010_010_040,0.0013788003707304597,0.0007206120644696057,0.013163765892386436,0.0007206120644696057,0.05,311,51138,0.01367198106768246,0.37564027309417725,0.4000000059604645,0.04911688715219498,0.10000000149011612,0.09104754030704498,0.10000000149011612,0.3694618344306946,0.4000000059604645,frozen_mlp_surrogate_adjoint,900,900,900,700,60.474886417388916,60.474886417388916,0.06719431824154325
160,80.591796875,148.49937438964844,80.53118133544922,89.51454162597656,0.004109709057956934,0.23146982491016388,0.003688753815367818,0.8058249354362488,0.8856436610221863,T040_010_010_040,0.001379237393848598,0.0007253687363117933,0.013077372685074806,0.0007253687363117933,0.05,644,50676,0.030468684484567292,0.37582701444625854,0.4000000059604645,0.048970118165016174,0.10000000149011612,0.09123565256595612,0.10000000149011612,0.36961090564727783,0.4000000059604645,frozen_mlp_surrogate_adjoint,900,900,900,700,60.474886417388916,60.474886417388916,0.06719431824154325
161,80.25702667236328,148.3565673828125,81.00613403320312,89.51402282714844,0.0017849333817139268,0.22882531583309174,0.006987028289586306,0.8058152794837952,0.8858251571655273,T040_010_010_040,0.0013852741103619337,0.0007334793917834759,0.013035894371569157,0.0007334793917834759,0.05,711,50137,0.03423501586850371,0.37599802017211914,0.4000000059604645,0.04873517528176308,0.10000000149011612,0.09136153012514114,0.10000000149011612,0.3697304129600525,0.4000000059604645,frozen_mlp_surrogate_adjoint,900,900,900,700,60.474886417388916,60.474886417388916,0.06719431824154325
162,80.7171401977539,148.53509521484375,80.48358917236328,89.50244140625,0.004980152472853661,0.23213143646717072,0.0033582423347979784,0.8056007027626038,0.8852111101150513,T040_010_010_040,0.001385734649375081,0.0007269100751727819,0.013176489621400833,0.0007269100751727819,0.05,748,50012,0.036636145277884224,0.3756820559501648,0.4000000059604645,0.048919081687927246,0.10000000149011612,0.0911371037364006,0.10000000149011612,0.36947283148765564,0.4000000059604645,frozen_mlp_surrogate_adjoint,900,900,900,700,60.474886417388916,60.474886417388916,0.06719431824154325
163,80.59318542480469,148.4865264892578,80.62895965576172,89.50518798828125,0.004119337536394596,0.23123209178447723,0.004367780406028032,0.8056516647338867,0.885363757610321,T040_010_010_040,0.0013859114842489362,0.0007288380875252187,0.013141468167304993,0.0007288380875252187,0.05,782,50423,0.03833167675658817,0.3757615089416504,0.4000000059604645,0.048864297568798065,0.10000000149011612,0.09119584411382675,0.10000000149011612,0.36954212188720703,0.4000000059604645,frozen_mlp_surrogate_adjoint,900,900,900,700,60.474886417388916,60.474886417388916,0.06719431824154325
164,80.93727111816406,148.616943359375,80.30619812011719,89.48738098144531,0.006508825812488794,0.23364710807800293,0.002126361010596156,0.8053218722343445,0.8846483826637268,T040_010_010_040,0.0013908750843256712,0.0007255752570927143,0.013305995613336563,0.0007255752570927143,0.05,731,50848,0.03568134619277713,0.375413715839386,0.4000000059604645,0.04893229901790619,0.10000000149011612,0.09103789925575256,0.10000000149011612,0.3692644238471985,0.4000000059604645,frozen_mlp_surrogate_adjoint,900,900,900,700,60.474886417388916,60.474886417388916,0.06719431824154325
165,80.82300567626953,148.5622100830078,80.48900604248047,89.48605346679688,0.005715302191674709,0.23263351619243622,0.003395877778530121,0.805297315120697,0.8846782445907593,T040_010_010_040,0.0013943188823759556,0.0007293634116649628,0.013299107551574707,0.0007293634116649628,0.05,805,50022,0.03938943296355399,0.3754993677139282,0.4000000059604645,0.04883044958114624,0.10000000149011612,0.09105763584375381,0.10000000149011612,0.3692907392978668,0.4000000059604645,frozen_mlp_surrogate_adjoint,900,900,900,700,60.474886417388916,60.474886417388916,0.06719431824154325
166,81.21827697753906,148.70204162597656,80.15083312988281,89.46464538574219,0.00846028234809637,0.2352229654788971,0.0010474270675331354,0.8049008846282959,0.8838200569152832,T040_010_010_040,0.001402287045493722,0.0007273981464095414,0.01349777914583683,0.0007273981464095414,0.05,755,51666,0.03700461224500847,0.37514424324035645,0.4000000059604645,0.04887210577726364,0.10000000149011612,0.09083237498998642,0.10000000149011612,0.3689713180065155,0.4000000059604645,frozen_mlp_surrogate_adjoint,900,900,900,700,60.474886417388916,60.474886417388916,0.06719431824154325
167,80.33338165283203,148.3533172607422,81.18207550048828,89.48541259765625,0.002315170131623745,0.22876520454883575,0.008208869956433773,0.8052853941917419,0.8849487900733948,T040_010_010_040,0.0014030674938112497,0.0007412285194732249,0.013236780650913715,0.0007412285194732249,0.05,589,50014,0.027017803152504714,0.37575435638427734,0.4000000059604645,0.048488907516002655,0.10000000149011612,0.09124182164669037,0.10000000149011612,0.3694636821746826,0.4000000059604645,frozen_mlp_surrogate_adjoint,900,900,900,700,60.474886417388916,60.474886417388916,0.06719431824154325
168,80.55648803710938,148.4363250732422,80.94873046875,89.47837829589844,0.0038644776213914156,0.23030228912830353,0.006588432472199202,0.8051551580429077,0.8846052885055542,T040_010_010_040,0.0014046512078493834,0.0007388542871922255,0.013315939344465733,0.0007388542871922255,0.05,392,14,0.017529765783475197,0.37559714913368225,0.4000000059604645,0.048555903136730194,0.10000000149011612,0.09111940115690231,0.10000000149011612,0.36933282017707825,0.4000000059604645,frozen_mlp_surrogate_adjoint,900,900,900,700,60.474886417388916,60.474886417388916,0.06719431824154325
169,80.54696655273438,148.4296112060547,81.00765228271484,89.47181701660156,0.00379836349748075,0.2301780730485916,0.00699758343398571,0.8050336241722107,0.8844360709190369,T040_010_010_040,0.0014079043176025152,0.0007401533075608313,0.013355021364986897,0.0007401533075608313,0.05,668,50814,0.03183160229332281,0.3755394220352173,0.4000000059604645,0.048504896461963654,0.10000000149011612,0.09113070368766785,0.10000000149011612,0.36926108598709106,0.4000000059604645,frozen_mlp_surrogate_adjoint,900,900,900,700,60.474886417388916,60.474886417388916,0.06719431824154325
170,80.35269165039062,148.3501434326172,81.24449920654297,89.47647094726562,0.0024492444936186075,0.22870628535747528,0.008642375469207764,0.8051198124885559,0.8846762776374817,T040_010_010_040,0.001408807234838605,0.0007438291795551777,0.013299561105668545,0.0007438291795551777,0.05,680,50308,0.03259538399380783,0.3756803870201111,0.4000000059604645,0.04840743541717529,0.10000000149011612,0.09120479971170425,0.10000000149011612,0.36938363313674927,0.4000000059604645,frozen_mlp_surrogate_adjoint,900,900,900,700,60.474886417388916,60.474886417388916,0.06719431824154325
171,80.1405258178711,148.01759338378906,81.5972900390625,89.60324096679688,0.0009758723899722099,0.22254793345928192,0.011092268861830235,0.8074673414230347,0.8875882029533386,T040_010_010_040,0.0014111078344285488,0.0007792872493155301,0.012636411935091019,0.0007792872493155301,0.05,389,50956,0.017465855076864586,0.378217875957489,0.4000000059604645,0.04817748814821243,0.10000000149011612,0.08970916271209717,0.10000000149011612,0.3714836835861206,0.4000000059604645,frozen_mlp_surrogate_adjoint,900,900,900,700,60.474886417388916,60.474886417388916,0.06719431824154325
172,80.57133483886719,148.43069458007812,81.04814147949219,89.46427917480469,0.003967595752328634,0.23019814491271973,0.007278733421117067,0.8048940896987915,0.8842018842697144,T040_010_010_040,0.0014125609304755926,0.0007421007612720132,0.013409203849732876,0.0007421007612720132,0.05,845,50954,0.041803434503333334,0.37547069787979126,0.4000000059604645,0.048442620784044266,0.10000000149011612,0.091097891330719,0.10000000149011612,0.36919069290161133,0.4000000059604645,frozen_mlp_surrogate_adjoint,900,900,900,700,60.474886417388916,60.474886417388916,0.06719431824154325
173,80.49861145019531,148.39700317382812,81.1572494506836,89.46476745605469,0.0034625777043402195,0.22957399487495422,0.008036441169679165,0.8049030900001526,0.884249210357666,T040_010_010_040,0.0014142869040369987,0.0007443745853379369,0.013398244976997375,0.0007443745853379369,0.05,457,50123,0.020295929206300217,0.3755226731300354,0.4000000059604645,0.04838321730494499,0.10000000149011612,0.09110953658819199,0.10000000149011612,0.3692338168621063,0.4000000059604645,frozen_mlp_surrogate_adjoint,900,900,900,700,60.474886417388916,60.474886417388916,0.06719431824154325
174,81.35431671142578,148.72532653808594,80.18958282470703,89.44406127929688,0.009404954500496387,0.23565427958965302,0.0013165308628231287,0.8045197129249573,0.8831271529197693,T040_010_010_040,0.0014155948301777244,0.000732631713617593,0.013659262098371983,0.000732631713617593,0.05,367,39,0.01629424114746344,0.37496864795684814,0.4000000059604645,0.048719704151153564,0.10000000149011612,0.0906728059053421,0.10000000149011612,0.36876600980758667,0.4000000059604645,frozen_mlp_surrogate_adjoint,900,900,900,700,60.474886417388916,60.474886417388916,0.06719431824154325
175,80.20956420898438,148.04086303710938,81.54924011230469,89.59571838378906,0.001455283141694963,0.22297906875610352,0.01075860857963562,0.8073280453681946,0.887351930141449,T040_010_010_040,0.0014157199766486883,0.0007812405820004642,0.012689587660133839,0.0007812405820004642,0.05,623,50922,0.028768734718196104,0.37815189361572266,0.4000000059604645,0.04811787232756615,0.10000000149011612,0.08967409282922745,0.10000000149011612,0.37140804529190063,0.4000000059604645,frozen_mlp_surrogate_adjoint,900,900,900,700,60.474886417388916,60.474886417388916,0.06719431824154325
176,80.91996002197266,148.55447387695312,80.72327423095703,89.44955444335938,0.006388593465089798,0.2324901670217514,0.005022762808948755,0.8046213984489441,0.883556604385376,T040_010_010_040,0.001417793333530426,0.0007398400921374559,0.013559064827859402,0.0007398400921374559,0.05,618,51592,0.028573738465146253,0.375207781791687,0.4000000059604645,0.04850534722208977,0.10000000149011612,0.09088916331529617,0.10000000149011612,0.36895430088043213,0.4000000059604645,frozen_mlp_surrogate_adjoint,900,900,900,700,60.474886417388916,60.474886417388916,0.06719431824154325
177,80.11474609375,147.98585510253906,81.79315948486328,89.59068298339844,0.0007968670106492937,0.22196030616760254,0.012452473863959312,0.8072349429130554,0.8872090578079224,T040_010_010_040,0.0014189982321113348,0.0007829083479009569,0.01272179652005434,0.0007829083479009569,0.05,468,50561,0.02065695296339728,0.3781161308288574,0.4000000059604645,0.048067931085824966,0.10000000149011612,0.08965665847063065,0.10000000149011612,0.37136831879615784,0.4000000059604645,frozen_mlp_surrogate_adjoint,900,900,900,700,60.474886417388916,60.474886417388916,0.06719431824154325
178,80.76724243164062,148.4799041748047,81.02424621582031,89.44023132324219,0.005328082013875246,0.23110930621623993,0.007112833205610514,0.8044487833976746,0.8833786249160767,T040_010_010_040,0.0014263198245316744,0.0007462926441803575,0.0136005450040102,0.0007462926441803575,0.05,441,50801,0.0197966240235918,0.3752119541168213,0.4000000059604645,0.04830996319651604,0.10000000149011612,0.09092694520950317,0.10000000149011612,0.36892974376678467,0.4000000059604645,frozen_mlp_surrogate_adjoint,900,900,900,700,60.474886417388916,60.474886417388916,0.06719431824154325
179,80.28861236572266,148.0506591796875,81.62425231933594,89.57609558105469,0.002004249719902873,0.22316022217273712,0.011279529891908169,0.8069646954536438,0.886742889881134,T040_010_010_040,0.0014280678005889058,0.0007867091335356236,0.012827172875404358,0.0007867091335356236,0.05,577,50672,0.026302534196371206,0.377983033657074,0.4000000059604645,0.04795273765921593,0.10000000149011612,0.08958446979522705,0.10000000149011612,0.37122267484664917,0.4000000059604645,frozen_mlp_surrogate_adjoint,900,900,900,700,60.474886417388916,60.474886417388916,0.06719431824154325
180,80.63506317138672,148.42587280273438,81.2115478515625,89.43856811523438,0.0044101448729634285,0.23010864853858948,0.008413506671786308,0.8044180274009705,0.8834199905395508,T040_010_010_040,0.0014287140220403671,0.0007491690339520574,0.013590898364782333,0.0007491690339520574,0.05,771,51017,0.03779700878064359,0.37525707483291626,0.4000000059604645,0.04822016507387161,0.10000000149011612,0.09099354594945908,0.10000000149011612,0.3689492344856262,0.4000000059604645,frozen_mlp_surrogate_adjoint,900,900,900,700,60.474886417388916,60.474886417388916,0.06719431824154325
181,80.16780853271484,147.98614501953125,81.87682342529297,89.57557678222656,0.001165325054898858,0.22196565568447113,0.013033517636358738,0.8069552183151245,0.8867349624633789,T040_010_010_040,0.0014290990075096488,0.000787650584243238,0.012828968465328217,0.000787650584243238,0.05,785,51694,0.03837891669727452,0.37800082564353943,0.4000000059604645,0.04793206974864006,0.10000000149011612,0.08957219123840332,0.10000000149011612,0.3712298572063446,0.4000000059604645,frozen_mlp_surrogate_adjoint,900,900,900,700,60.474886417388916,60.474886417388916,0.06719431824154325
182,80.44801330566406,148.33839416503906,81.52374267578125,89.43492126464844,0.003111205529421568,0.2284887284040451,0.010581525973975658,0.8043503165245056,0.8834106922149658,T040_010_010_040,0.0014353494625538588,0.0007556960918009281,0.013593066483736038,0.0007556960918009281,0.05,426,50354,0.019112799808483367,0.3753345012664795,0.4000000059604645,0.04803666099905968,0.10000000149011612,0.09103445708751678,0.10000000149011612,0.3690050542354584,0.4000000059604645,frozen_mlp_surrogate_adjoint,900,900,900,700,60.474886417388916,60.474886417388916,0.06719431824154325
183,80.1385726928711,147.93994140625,82.117431640625,89.56466674804688,0.0009622978395782411,0.22110997140407562,0.014704407192766666,0.8067531585693359,0.8863608837127686,T040_010_010_040,0.0014391265576705337,0.0007934340974316001,0.012913849204778671,0.0007934340974316001,0.05,704,51465,0.03381852645126886,0.37794992327690125,0.4000000059604645,0.04778929427266121,0.10000000149011612,0.08945029973983765,0.10000000149011612,0.37117135524749756,0.4000000059604645,frozen_mlp_surrogate_adjoint,900,900,900,700,60.474886417388916,60.474886417388916,0.06719431824154325
184,80.54999542236328,148.36573791503906,81.51428985595703,89.42069244384766,0.003819423960521817,0.2289951741695404,0.010515924543142319,0.8040869235992432,0.8829443454742432,T040_010_010_040,0.0014427709393203259,0.0007576695643365383,0.013702026568353176,0.0007576695643365383,0.05,564,50668,0.025755737413550632,0.3751775622367859,0.4000000059604645,0.04796706140041351,0.10000000149011612,0.09096016734838486,0.10000000149011612,0.3688395917415619,0.4000000059604645,frozen_mlp_surrogate_adjoint,900,900,900,700,60.474886417388916,60.474886417388916,0.06719431824154325
185,80.91108703613281,148.50428771972656,81.10367584228516,89.41250610351562,0.00632701488211751,0.23156093060970306,0.007664394564926624,0.8039352297782898,0.882483184337616,T040_010_010_040,0.0014431524323299527,0.0007526423432864249,0.013810201548039913,0.0007526423432864249,0.05,329,51412,0.014370748746889372,0.3749472200870514,0.4000000059604645,0.0481107123196125,0.10000000149011612,0.09077372401952744,0.10000000149011612,0.36865150928497314,0.4000000059604645,frozen_mlp_surrogate_adjoint,900,900,900,700,60.474886417388916,60.474886417388916,0.06719431824154325
186,81.27274322509766,148.6370391845703,80.74332427978516,89.39871215820312,0.008838498964905739,0.23401932418346405,0.005161975510418415,0.8036798238754272,0.8818638324737549,T040_010_010_040,0.0014470946043729782,0.000749286962673068,0.013956153765320778,0.000749286962673068,0.05,294,51072,0.013001872505267976,0.3746773600578308,0.4000000059604645,0.048201944679021835,0.10000000149011612,0.0905747264623642,0.10000000149011612,0.36840978264808655,0.4000000059604645,frozen_mlp_surrogate_adjoint,900,900,900,700,60.474886417388916,60.474886417388916,0.06719431824154325
187,80.42344665527344,148.0677032470703,81.72915649414062,89.54580688476562,0.0029406279791146517,0.2234758585691452,0.01200801320374012,0.8064037561416626,0.8857933282852173,T040_010_010_040,0.0014480154495686293,0.0007958571659401059,0.013043164275586605,0.0007958571659401059,0.05,866,51310,0.04322983060256392,0.377740740776062,0.4000000059604645,0.047687795013189316,0.10000000149011612,0.08942443877458572,0.10000000149011612,0.37094035744667053,0.4000000059604645,frozen_mlp_surrogate_adjoint,900,900,900,700,60.474886417388916,60.474886417388916,0.06719431824154325
188,80.28473663330078,147.99191284179688,82.04041290283203,89.54289245605469,0.001977343112230301,0.22207260131835938,0.014169535599648952,0.8063498139381409,0.8857167363166809,T040_010_010_040,0.0014503723941743374,0.0007973390747793019,0.013060664758086205,0.0007973390747793019,0.05,824,51462,0.040941239011284464,0.37773454189300537,0.4000000059604645,0.04764853045344353,0.10000000149011612,0.08940887451171875,0.10000000149011612,0.37092477083206177,0.4000000059604645,frozen_mlp_surrogate_adjoint,900,900,900,700,60.474886417388916,60.474886417388916,0.06719431824154325
189,81.95698547363281,148.88673400878906,80.1053466796875,89.36628723144531,0.013590150512754917,0.2386431097984314,0.0007315828697755933,0.80307936668396,0.8805186152458191,T040_010_010_040,0.001457738340832293,0.0007439482724294066,0.014275801368057728,0.0007439482724294066,0.05,580,50191,0.026454619590285645,0.37409090995788574,0.4000000059604645,0.048330843448638916,0.10000000149011612,0.09020913392305374,0.10000000149011612,0.3678877353668213,0.4000000059604645,frozen_mlp_surrogate_adjoint,900,900,900,700,60.474886417388916,60.474886417388916,0.06719431824154325
190,81.68145751953125,148.77981567382812,80.50810241699219,89.35926818847656,0.01167676504701376,0.23666323721408844,0.003528494853526354,0.8029493689537048,0.8805031776428223,T040_010_010_040,0.0014635422267019749,0.0007495677564293146,0.01427949033677578,0.0007495677564293146,0.05,886,50189,0.0441829798524096,0.3740874230861664,0.4000000059604645,0.04813123494386673,0.10000000149011612,0.09038149565458298,0.10000000149011612,0.36790305376052856,0.4000000059604645,frozen_mlp_surrogate_adjoint,900,900,900,700,60.474886417388916,60.474886417388916,0.06719431824154325
191,81.45081329345703,148.6836395263672,80.77755737304688,89.36653137207031,0.010075090453028679,0.23488211631774902,0.005399678833782673,0.8030838370323181,0.880845844745636,T040_010_010_040,0.0014637147542089224,0.0007538291392847896,0.014197712764143944,0.0007538291392847896,0.05,885,51518,0.04417522638988257,0.3743073344230652,0.4000000059604645,0.04802929610013962,0.10000000149011612,0.0904594138264656,0.10000000149011612,0.3680498003959656,0.4000000059604645,frozen_mlp_surrogate_adjoint,900,900,900,700,60.474886417388916,60.474886417388916,0.06719431824154325
192,81.04560089111328,148.51422119140625,81.30947875976562,89.37118530273438,0.0072610932402312756,0.23174487054347992,0.009093604981899261,0.8031701445579529,0.8812138438224792,T040_010_010_040,0.001468136440962553,0.0007626289152540267,0.014110150747001171,0.0007626289152540267,0.05,859,50621,0.04291339914154481,0.37456685304641724,0.4000000059604645,0.04778904467821121,0.10000000149011612,0.09061330556869507,0.10000000149011612,0.36824464797973633,0.4000000059604645,frozen_mlp_surrogate_adjoint,900,900,900,700,60.474886417388916,60.474886417388916,0.06719431824154325
193,80.39065551757812,147.97244262695312,82.32427978515625,89.50233459472656,0.00271286116912961,0.22171200811862946,0.01614084281027317,0.8055988550186157,0.884482741355896,T040_010_010_040,0.0014773211441934109,0.0008101093117147684,0.01334423664957285,0.0008101093117147684,0.05,579,51508,0.026379248542761462,0.37749582529067993,0.4000000059604645,0.0472976416349411,0.10000000149011612,0.08918415009975433,0.10000000149011612,0.37050509452819824,0.4000000059604645,frozen_mlp_surrogate_adjoint,900,900,900,700,60.474886417388916,60.474886417388916,0.06719431824154325
194,81.67996215820312,148.72796630859375,80.82574462890625,89.33226013183594,0.011666430160403252,0.2357032299041748,0.005734333768486977,0.8024493455886841,0.879697322845459,T040_010_010_040,0.0014855661429464817,0.0007619294920004904,0.014472734183073044,0.0007619294920004904,0.05,405,50960,0.018144352682558436,0.37399083375930786,0.4000000059604645,0.04779216647148132,0.10000000149011612,0.0902138352394104,0.10000000149011612,0.3677004277706146,0.4000000059604645,frozen_mlp_surrogate_adjoint,900,900,900,700,60.474886417388916,60.474886417388916,0.06719431824154325
195,81.11900329589844,148.5023193359375,81.55244445800781,89.33557891845703,0.00777084194123745,0.23152433335781097,0.01078084483742714,0.8025107383728027,0.880143404006958,T040_010_010_040,0.001491031376644969,0.0007727511692792177,0.01436560321599245,0.0007727511692792177,0.05,640,51105,0.030108623703993097,0.3742768168449402,0.4000000059604645,0.04747603461146355,0.10000000149011612,0.09048032760620117,0.10000000149011612,0.3679102957248688,0.4000000059604645,frozen_mlp_surrogate_adjoint,900,900,900,700,60.474886417388916,60.474886417388916,0.06719431824154325
196,81.01272583007812,148.45425415039062,81.72217559814453,89.33401489257812,0.007032828871160746,0.23063421249389648,0.011959537863731384,0.8024818301200867,0.880154013633728,T040_010_010_040,0.0014943298883736134,0.0007761769229546189,0.01436306070536375,0.0007761769229546189,0.05,595,51430,0.027148411896295764,0.37431854009628296,0.4000000059604645,0.04738005995750427,0.10000000149011612,0.09050976485013962,0.10000000149011612,0.36794567108154297,0.4000000059604645,frozen_mlp_surrogate_adjoint,900,900,900,700,60.474886417388916,60.474886417388916,0.06719431824154325
197,81.35800170898438,148.5805206298828,81.38278198242188,89.32012939453125,0.00943057332187891,0.23297257721424103,0.00960264727473259,0.8022245764732361,0.8795450925827026,T040_010_010_040,0.001498520141467452,0.0007730509387329221,0.014509384520351887,0.0007730509387329221,0.05,470,51473,0.020944479481612894,0.3740578293800354,0.4000000059604645,0.04746301844716072,0.10000000149011612,0.09032033383846283,0.10000000149011612,0.36770394444465637,0.4000000059604645,frozen_mlp_surrogate_adjoint,900,900,900,700,60.474886417388916,60.474886417388916,0.06719431824154325
198,82.3697280883789,148.95347595214844,80.44709014892578,89.26946258544922,0.01645646244287491,0.23987925052642822,0.0031047773081809282,0.8012863397598267,0.8774851560592651,T040_010_010_040,0.0015152639243751764,0.0007647696183994412,0.015009886585175991,0.0007647696183994412,0.05,843,50818,0.041613619541544966,0.3731309175491333,0.4000000059604645,0.04764743521809578,0.10000000149011612,0.08980467170476913,0.10000000149011612,0.36690208315849304,0.4000000059604645,frozen_mlp_surrogate_adjoint,900,900,900,700,60.474886417388916,60.474886417388916,0.06719431824154325
199,80.45155334472656,147.7654266357422,82.86460876464844,89.48765563964844,0.003135786857455969,0.2178783118724823,0.019893089309334755,0.8053269982337952,0.8827677965164185,T040_010_010_040,0.0015267501585185528,0.0008395806653425097,0.013743389397859573,0.0008395806653425097,0.05,606,51009,0.02792958663683876,0.37787795066833496,0.4000000059604645,0.046991873532533646,0.10000000149011612,0.08751508593559265,0.10000000149011612,0.3703829050064087,0.4000000059604645,frozen_mlp_surrogate_adjoint,900,900,900,700,60.474886417388916,60.474886417388916,0.06719431824154325
200,81.55140686035156,148.60780334472656,81.57839965820312,89.27101135253906,0.01077363546937704,0.23347784578800201,0.010961081832647324,0.8013149499893188,0.8780149221420288,T040_010_010_040,0.001528206281363964,0.0007841883925721049,0.014880359172821045,0.0007841883925721049,0.05,738,50587,0.035948495674238065,0.3735767602920532,0.4000000059604645,0.04710545763373375,0.10000000149011612,0.09012201428413391,0.10000000149011612,0.36721071600914,0.4000000059604645,frozen_mlp_surrogate_adjoint,900,900,900,700,60.474886417388916,60.474886417388916,0.06719431824154325
201,82.10130310058594,148.81732177734375,81.00312805175781,89.25045776367188,0.014592386782169342,0.23735785484313965,0.006966183427721262,0.800934374332428,0.8771020770072937,T040_010_010_040,0.0015326353022828698,0.0007774403202347457,0.015103899873793125,0.0007774403202347457,0.05,844,51440,0.04169258410338704,0.37314242124557495,0.4000000059604645,0.04727678745985031,0.10000000149011612,0.08985656499862671,0.10000000149011612,0.36682629585266113,0.4000000059604645,frozen_mlp_surrogate_adjoint,900,900,900,700,60.474886417388916,60.474886417388916,0.06719431824154325
202,82.24005889892578,148.84268188476562,81.03478240966797,89.23020935058594,0.015555939637124538,0.2378273904323578,0.007185979746282101,0.800559401512146,0.8764150142669678,T040_010_010_040,0.0015464146854355931,0.000782752234954387,0.01527324877679348,0.000782752234954387,0.05,769,51256,0.03770090155907343,0.37296056747436523,0.4000000059604645,0.04712922126054764,0.10000000149011612,0.08969851583242416,0.10000000149011612,0.36662670969963074,0.4000000059604645,frozen_mlp_surrogate_adjoint,900,900,900,700,60.474886417388916,60.474886417388916,0.06719431824154325
203,82.89179229736328,149.07591247558594,80.4621353149414,89.19584655761719,0.020081911236047745,0.24214646220207214,0.003209285670891404,0.7999230027198792,0.8750324845314026,T040_010_010_040,0.0015597413294017315,0.0007788973744027317,0.015616879798471928,0.0007788973744027317,0.05,858,51411,0.04282055287749547,0.3723788857460022,0.4000000059604645,0.047214992344379425,0.10000000149011612,0.08933813124895096,0.10000000149011612,0.3661004900932312,0.4000000059604645,frozen_mlp_surrogate_adjoint,900,900,900,700,60.474886417388916,60.474886417388916,0.06719431824154325
204,81.46685028076172,148.4940948486328,82.31684875488281,89.20799255371094,0.010186447761952877,0.2313721925020218,0.016089236363768578,0.8001480102539062,0.8762376308441162,T040_010_010_040,0.0015741920797154307,0.0008083358407020569,0.01531712431460619,0.0008083358407020569,0.05,898,51563,0.04523027619605964,0.3731730878353119,0.4000000059604645,0.046394653618335724,0.10000000149011612,0.08995912969112396,0.10000000149011612,0.3667107820510864,0.4000000059604645,frozen_mlp_surrogate_adjoint,900,900,900,700,60.474886417388916,60.474886417388916,0.06719431824154325
205,82.8487548828125,149.0301971435547,80.7349624633789,89.17426300048828,0.0197830218821764,0.24130001664161682,0.0051039112731814384,0.7995233535766602,0.8744354248046875,T040_010_010_040,0.001575835864059627,0.0007875127485021949,0.015766462311148643,0.0007875127485021949,0.05,863,50409,0.043087818064097165,0.3722589612007141,0.4000000059604645,0.04696246236562729,0.10000000149011612,0.08928519487380981,0.10000000149011612,0.3659287691116333,0.4000000059604645,frozen_mlp_surrogate_adjoint,900,900,900,700,60.474886417388916,60.474886417388916,0.06719431824154325
206,109.1622543334961,140.20372009277344,154.05126953125,80.17079162597656,0.2025156468153,0.0778467059135437,0.5142448544502258,0.6327925324440002,0.8265495300292969,T040_010_010_040,0.0015880714636296034,8.381812949664891e-05,0.030085066333413124,8.381812949664891e-05,0.05,822,51500,0.04075765784534997,0.32118988037109375,0.4000000059604645,0.0810837373137474,0.10000000149011612,0.09436631202697754,0.10000000149011612,0.3299095630645752,0.4000000059604645,frozen_mlp_surrogate_adjoint,900,900,900,700,60.474886417388916,60.474886417388916,0.06719431824154325
207,109.1632080078125,140.20375061035156,154.05279541015625,80.1707534790039,0.20252226293087006,0.0778472051024437,0.5142555236816406,0.6327917575836182,0.8265517950057983,T040_010_010_040,0.0015880722785368562,8.385831461055204e-05,0.03008428029716015,8.385831461055204e-05,0.05,729,51469,0.03540363153159862,0.32118529081344604,0.4000000059604645,0.0810880959033966,0.10000000149011612,0.09436743706464767,0.10000000149011612,0.3299109637737274,0.4000000059604645,frozen_mlp_surrogate_adjoint,900,900,900,700,60.474886417388916,60.474886417388916,0.06719431824154325
208,109.16265869140625,140.20384216308594,154.05349731445312,80.1700439453125,0.20251847803592682,0.07784900069236755,0.5142603516578674,0.6327785849571228,0.8265539407730103,T040_010_010_040,0.0015880727441981435,8.389600407099351e-05,0.030083535239100456,8.389600407099351e-05,0.05,712,51123,0.03426602616746171,0.3211900293827057,0.4000000059604645,0.08108405768871307,0.10000000149011612,0.09437428414821625,0.10000000149011612,0.32990559935569763,0.4000000059604645,frozen_mlp_surrogate_adjoint,900,900,900,700,60.474886417388916,60.474886417388916,0.06719431824154325
209,109.16161346435547,140.2038116455078,154.051513671875,80.17041778564453,0.20251122117042542,0.07784833759069443,0.5142466425895691,0.6327854990959167,0.8265506029129028,T040_010_010_040,0.0015880728606134653,8.383814565604553e-05,0.030084693804383278,8.383814565604553e-05,0.05,541,51702,0.02426766956883584,0.3211931586265564,0.4000000059604645,0.08107993751764297,0.10000000149011612,0.09437036514282227,0.10000000149011612,0.3299071192741394,0.4000000059604645,frozen_mlp_surrogate_adjoint,900,900,900,700,60.474886417388916,60.474886417388916,0.06719431824154325
210,109.16021728515625,140.2040252685547,154.05120849609375,80.17031860351562,0.20250153541564941,0.07785242795944214,0.514244556427002,0.6327837109565735,0.8265506625175476,T040_010_010_040,0.0015880729770287871,8.383925160160288e-05,0.030084673315286636,8.383925160160288e-05,0.05,573,50768,0.02607795070668046,0.32119786739349365,0.4000000059604645,0.08107085525989532,0.10000000149011612,0.09437316656112671,0.10000000149011612,0.3299087882041931,0.4000000059604645,frozen_mlp_surrogate_adjoint,900,900,900,700,60.474886417388916,60.474886417388916,0.06719431824154325
211,109.17118835449219,140.20335388183594,154.05996704101562,80.17186737060547,0.20257766544818878,0.07783985137939453,0.5143052935600281,0.6328123807907104,0.8265599012374878,T040_010_010_040,0.0015880732098594308,8.39998756418936e-05,0.03008146770298481,8.39998756418936e-05,0.05,327,50705,0.014328940458599275,0.32114651799201965,0.4000000059604645,0.08113187551498413,0.10000000149011612,0.09435729682445526,0.10000000149011612,0.32992419600486755,0.4000000059604645,frozen_mlp_surrogate_adjoint,900,900,900,700,60.474886417388916,60.474886417388916,0.06719431824154325
212,109.16202545166016,140.20401000976562,154.0511016845703,80.17317199707031,0.20251408219337463,0.0778520479798317,0.5142437815666199,0.6328365206718445,0.8265466690063477,T040_010_010_040,0.0015880733262747526,8.377044287044555e-05,0.030086057260632515,8.377044287044555e-05,0.05,417,50559,0.018650316446853738,0.3211745619773865,0.4000000059604645,0.08108311891555786,0.10000000149011612,0.09435070306062698,0.10000000149011612,0.32993829250335693,0.4000000059604645,frozen_mlp_surrogate_adjoint,900,900,900,700,60.474886417388916,60.474886417388916,0.06719431824154325
213,109.16653442382812,140.20484924316406,154.0653076171875,80.17227935791016,0.20254534482955933,0.07786747068166733,0.5143424272537231,0.6328200101852417,0.8265703916549683,T040_010_010_040,0.0015880734426900744,8.418194192927331e-05,0.030077829957008362,8.418194192927331e-05,0.05,161,51708,0.008545684737701143,0.32114407420158386,0.4000000059604645,0.08109977841377258,0.10000000149011612,0.09437166899442673,0.10000000149011612,0.3299548327922821,0.4000000059604645,frozen_mlp_surrogate_adjoint,900,900,900,700,60.474886417388916,60.474886417388916,0.06719431824154325
214,109.16692352294922,140.2035675048828,154.05471801757812,80.1724853515625,0.2025480717420578,0.07784393429756165,0.5142689347267151,0.6328237652778625,0.8265517950057983,T040_010_010_040,0.0015880735591053963,8.385955152334645e-05,0.03008428029716015,8.385955152334645e-05,0.05,328,51709,0.014350824222661011,0.32116204500198364,0.4000000059604645,0.08110891282558441,0.10000000149011612,0.09435263276100159,0.10000000149011612,0.3299281597137451,0.4000000059604645,frozen_mlp_surrogate_adjoint,900,900,900,700,60.474886417388916,60.474886417388916,0.06719431824154325
215,109.1575698852539,140.20458984375,154.05218505859375,80.17018127441406,0.202483132481575,0.0778626799583435,0.5142512321472168,0.6327810883522034,0.826553463935852,T040_010_010_040,0.0015880735591053963,8.388847345486283e-05,0.030083701014518738,8.388847345486283e-05,0.05,140,51634,0.008015948970232768,0.3212029039859772,0.4000000059604645,0.08105406165122986,0.10000000149011612,0.0943804457783699,0.10000000149011612,0.3299160897731781,0.4000000059604645,frozen_mlp_surrogate_adjoint,900,900,900,700,60.474886417388916,60.474886417388916,0.06719431824154325
216,109.15816497802734,140.20457458496094,154.0549774169922,80.16796875,0.2024872601032257,0.07786247879266739,0.5142706632614136,0.6327401995658875,0.8265604972839355,T040_010_010_040,0.001588073675520718,8.401068771490827e-05,0.030081260949373245,8.401068771490827e-05,0.05,268,50358,0.012075734950958395,0.3212113082408905,0.4000000059604645,0.0810549184679985,0.10000000149011612,0.0943986251950264,0.10000000149011612,0.32989561557769775,0.4000000059604645,frozen_mlp_surrogate_adjoint,900,900,900,700,60.474886417388916,60.474886417388916,0.06719431824154325
217,109.16026306152344,140.20437622070312,154.0535430908203,80.1709213256836,0.2025018036365509,0.07785873860120773,0.5142607092857361,0.6327948570251465,0.8265539407730103,T040_010_010_040,0.001588073675520718,8.389694266952574e-05,0.030083535239100456,8.389694266952574e-05,0.05,832,32,0.04116327536823674,0.32118934392929077,0.4000000059604645,0.08106956630945206,0.10000000149011612,0.09437288343906403,0.10000000149011612,0.3299221694469452,0.4000000059604645,frozen_mlp_surrogate_adjoint,900,900,900,700,60.474886417388916,60.474886417388916,0.06719431824154325
218,109.1642074584961,140.20333862304688,154.04953002929688,80.17182159423828,0.20252923667430878,0.07783959060907364,0.514232873916626,0.6328114867210388,0.8265445828437805,T040_010_010_040,0.001588073675520718,8.373452146770433e-05,0.030086781829595566,8.373452146770433e-05,0.05,778,50417,0.03798486764670251,0.3211822509765625,0.4000000059604645,0.08109612762928009,0.10000000149011612,0.09435343742370605,0.10000000149011612,0.32991278171539307,0.4000000059604645,frozen_mlp_surrogate_adjoint,900,900,900,700,60.474886417388916,60.474886417388916,0.06719431824154325
219,109.16548919677734,140.20411682128906,154.05975341796875,80.17036437988281,0.2025381326675415,0.0778539851307869,0.5143038034439087,0.6327846050262451,0.82656329870224,T040_010_010_040,0.00158807379193604,8.405927655985579e-05,0.030080288648605347,8.405927655985579e-05,0.05,683,50517,0.03265659913687462,0.32116931676864624,0.4000000059604645,0.08109775185585022,0.10000000149011612,0.0943770557641983,0.10000000149011612,0.32991915941238403,0.4000000059604645,frozen_mlp_surrogate_adjoint,900,900,900,700,60.474886417388916,60.474886417388916,0.06719431824154325
220,109.16852569580078,140.20448303222656,154.0660400390625,80.17129516601562,0.2025591880083084,0.07786084711551666,0.5143475532531738,0.6328018307685852,0.8265719413757324,T040_010_010_040,0.00158807379193604,8.420914673479274e-05,0.030077291652560234,8.420914673479274e-05,0.05,272,51631,0.012159973179140023,0.3211449980735779,0.4000000059604645,0.08111093193292618,0.10000000149011612,0.0943758487701416,0.10000000149011612,0.32994019985198975,0.4000000059604645,frozen_mlp_surrogate_adjoint,900,900,900,700,60.474886417388916,60.474886417388916,0.06719431824154325
221,109.16109466552734,140.20396423339844,154.05223083496094,80.17028045654297,0.20250758528709412,0.07785112410783768,0.5142515897750854,0.6327829360961914,0.826552152633667,T040_010_010_040,0.00158807379193604,8.386588888242841e-05,0.03008415549993515,8.386588888242841e-05,0.05,691,51131,0.033181775786895094,0.32119375467300415,0.4000000059604645,0.08107650279998779,0.10000000149011612,0.09437334537506104,0.10000000149011612,0.329908549785614,0.4000000059604645,frozen_mlp_surrogate_adjoint,900,900,900,700,60.474886417388916,60.474886417388916,0.06719431824154325
222,109.16888427734375,140.203369140625,154.05609130859375,80.17243957519531,0.20256169140338898,0.07784027606248856,0.5142784714698792,0.6328230500221252,0.826553463935852,T040_010_010_040,0.00158807379193604,8.388870628550649e-05,0.030083701014518738,8.388870628550649e-05,0.05,807,51177,0.039456812665487326,0.3211551904678345,0.4000000059604645,0.08112028241157532,0.10000000149011612,0.09435148537158966,0.10000000149011612,0.3299264907836914,0.4000000059604645,frozen_mlp_surrogate_adjoint,900,900,900,700,60.474886417388916,60.474886417388916,0.06719431824154325
223,109.16519165039062,140.20437622070312,154.05755615234375,80.17436218261719,0.20253606140613556,0.07785889506340027,0.5142885446548462,0.6328585147857666,0.8265552520751953,T040_010_010_040,0.0015880742575973272,8.392018207814544e-05,0.030083080753684044,8.392018207814544e-05,0.05,65,50927,0.005540277465125124,0.3211475610733032,0.4000000059604645,0.08109778165817261,0.10000000149011612,0.09434765577316284,0.10000000149011612,0.32996225357055664,0.4000000059604645,frozen_mlp_surrogate_adjoint,900,900,900,700,60.474886417388916,60.474886417388916,0.06719431824154325
224,109.16526794433594,140.2039794921875,154.0556640625,80.17326354980469,0.20253656804561615,0.07785139977931976,0.5142754912376404,0.632838249206543,0.826553225517273,T040_010_010_040,0.0015880744904279709,8.388529386138543e-05,0.030083782970905304,8.388529386138543e-05,0.05,99,51181,0.006637143365501117,0.32115763425827026,0.4000000059604645,0.08110057562589645,0.10000000149011612,0.09435151517391205,0.10000000149011612,0.32994344830513,0.4000000059604645,frozen_mlp_surrogate_adjoint,900,900,900,700,60.474886417388916,60.474886417388916,0.06719431824154325
225,109.1657943725586,140.20425415039062,154.05775451660156,80.17369079589844,0.20254023373126984,0.07785645127296448,0.5142899751663208,0.6328461766242981,0.8265560865402222,T040_010_010_040,0.0015880744904279709,8.393484313273802e-05,0.030082792043685913,8.393484313273802e-05,0.05,681,50524,0.03260891397913492,0.3211505115032196,0.4000000059604645,0.08110064268112183,0.10000000149011612,0.09435145556926727,0.10000000149011612,0.32995346188545227,0.4000000059604645,frozen_mlp_surrogate_adjoint,900,900,900,700,60.474886417388916,60.474886417388916,0.06719431824154325
226,109.15922546386719,140.2038116455078,154.0499267578125,80.16803741455078,0.20249462127685547,0.07784848660230637,0.5142356157302856,0.6327414512634277,0.8265513181686401,T040_010_010_040,0.0015880744904279709,8.385224646190181e-05,0.03008444607257843,8.385224646190181e-05,0.05,145,50779,0.008067764937112002,0.32121819257736206,0.4000000059604645,0.08106444776058197,0.10000000149011612,0.0943882018327713,0.10000000149011612,0.3298804759979248,0.4000000059604645,frozen_mlp_surrogate_adjoint,900,900,900,700,60.474886417388916,60.474886417388916,0.06719431824154325
227,109.16195678710938,140.20469665527344,154.05789184570312,80.17161560058594,0.20251362025737762,0.07786480337381363,0.5142909288406372,0.6328076124191284,0.8265600204467773,T040_010_010_040,0.0015880744904279709,8.400304795941338e-05,0.030081426724791527,8.400304795941338e-05,0.05,840,50226,0.04139486553656063,0.32117292284965515,0.4000000059604645,0.0810764878988266,0.10000000149011612,0.0943724662065506,0.10000000149011612,0.3299381732940674,0.4000000059604645,frozen_mlp_surrogate_adjoint,900,900,900,700,60.474886417388916,60.474886417388916,0.06719431824154325
228,109.16624450683594,140.20376586914062,154.05621337890625,80.17151641845703,0.20254334807395935,0.07784759998321533,0.514279305934906,0.6328058242797852,0.826555609703064,T040_010_010_040,0.0015880746068432927,8.392683230340481e-05,0.030082955956459045,8.392683230340481e-05,0.05,612,50030,0.028327426427487607,0.3211674094200134,0.4000000059604645,0.08110319823026657,0.10000000149011612,0.09436279535293579,0.10000000149011612,0.32992222905158997,0.4000000059604645,frozen_mlp_surrogate_adjoint,900,900,900,700,60.474886417388916,60.474886417388916,0.06719431824154325
229,109.16301727294922,140.20465087890625,154.0607147216797,80.16976928710938,0.2025209665298462,0.07786376029253006,0.5143105387687683,0.6327735185623169,0.8265664577484131,T040_010_010_040,0.0015880746068432927,8.411498129134998e-05,0.0300791934132576,8.411498129134998e-05,0.05,70,51413,0.005632435625921698,0.3211776912212372,0.4000000059604645,0.08108047395944595,0.10000000149011612,0.09438735246658325,0.10000000149011612,0.3299209773540497,0.4000000059604645,frozen_mlp_surrogate_adjoint,900,900,900,700,60.474886417388916,60.474886417388916,0.06719431824154325
230,109.1656494140625,140.20443725585938,154.06564331054688,80.16643524169922,0.20253925025463104,0.07785981893539429,0.5143448114395142,0.6327117681503296,0.8265776634216309,T040_010_010_040,0.0015880746068432927,8.430930756730959e-05,0.030075306072831154,8.430930756730959e-05,0.05,313,51564,0.01370352120996672,0.3211853802204132,0.4000000059604645,0.08109141141176224,0.10000000149011612,0.09441293776035309,0.10000000149011612,0.32988789677619934,0.4000000059604645,frozen_mlp_surrogate_adjoint,900,900,900,700,60.474886417388916,60.474886417388916,0.06719431824154325
231,109.16645050048828,140.203369140625,154.0532684326172,80.17137145996094,0.20254479348659515,0.07784022390842438,0.5142588019371033,0.6328031420707703,0.8265506029129028,T040_010_010_040,0.00158807507250458,8.38402847875841e-05,0.030084693804383278,8.38402847875841e-05,0.05,286,51096,0.012815574772575208,0.3211735188961029,0.4000000059604645,0.08110637962818146,0.10000000149011612,0.09435862302780151,0.10000000149011612,0.32991209626197815,0.4000000059604645,frozen_mlp_surrogate_adjoint,900,900,900,700,60.474886417388916,60.474886417388916,0.06719431824154325
232,109.1688003540039,140.20423889160156,154.06504821777344,80.17101287841797,0.20256111025810242,0.07785617560148239,0.5143406391143799,0.6327965259552002,0.826570451259613,T040_010_010_040,0.00158807507250458,8.41846558614634e-05,0.03007780760526657,8.41846558614634e-05,0.05,552,51434,0.024968947498331933,0.3211473822593689,0.4000000059604645,0.081114761531353,0.10000000149011612,0.09437534213066101,0.10000000149011612,0.32993295788764954,0.4000000059604645,frozen_mlp_surrogate_adjoint,900,900,900,700,60.474886417388916,60.474886417388916,0.06719431824154325
233,109.16810607910156,140.20346069335938,154.057373046875,80.17044067382812,0.2025562971830368,0.0778418630361557,0.5142873525619507,0.632785975933075,0.8265580534934998,T040_010_010_040,0.0015880751889199018,8.396978955715895e-05,0.030082108452916145,8.396978955715895e-05,0.05,804,51464,0.03934687595362055,0.3211682438850403,0.4000000059604645,0.08111351728439331,0.10000000149011612,0.09436839818954468,0.10000000149011612,0.3299078941345215,0.4000000059604645,frozen_mlp_surrogate_adjoint,900,900,900,700,60.474886417388916,60.474886417388916,0.06719431824154325
234,109.16779327392578,140.20547485351562,154.07315063476562,80.1713638305664,0.2025541365146637,0.07787902653217316,0.5143969058990479,0.6328030228614807,0.8265843391418457,T040_010_010_040,0.0015880753053352237,8.442578109679744e-05,0.03007299080491066,8.442578109679744e-05,0.05,326,51361,0.014322437142791184,0.3211327791213989,0.4000000059604645,0.08110150694847107,0.10000000149011612,0.09438826888799667,0.10000000149011612,0.3299618065357208,0.4000000059604645,frozen_mlp_surrogate_adjoint,900,900,900,700,60.474886417388916,60.474886417388916,0.06719431824154325
235,109.17122650146484,140.20401000976562,154.06565856933594,80.17138671875,0.20257797837257385,0.07785213738679886,0.5143448710441589,0.6328035593032837,0.8265700936317444,T040_010_010_040,0.0015880755381658673,8.417886419920251e-05,0.03007793240249157,8.417886419920251e-05,0.05,872,50005,0.043536088508882104,0.3211393356323242,0.4000000059604645,0.08112696558237076,0.10000000149011612,0.09436989575624466,0.10000000149011612,0.32993391156196594,0.4000000059604645,frozen_mlp_surrogate_adjoint,900,900,900,700,60.474886417388916,60.474886417388916,0.06719431824154325
236,109.16860961914062,140.2047576904297,154.06805419921875,80.171630859375,0.20255979895591736,0.07786587625741959,0.5143615007400513,0.6328079104423523,0.8265749216079712,T040_010_010_040,0.001588075770996511,8.426285057794303e-05,0.03007625788450241,8.426285057794303e-05,0.05,747,50291,0.03660190457509845,0.321138858795166,0.4000000059604645,0.08110986649990082,0.10000000149011612,0.0943768322467804,0.10000000149011612,0.32994937896728516,0.4000000059604645,frozen_mlp_surrogate_adjoint,900,900,900,700,60.474886417388916,60.474886417388916,0.06719431824154325
237,109.15876007080078,140.20449829101562,154.05596923828125,80.16754913330078,0.2024914026260376,0.07786108553409576,0.5142775177955627,0.6327323913574219,0.8265624046325684,T040_010_010_040,0.001588075770996511,8.404585241805762e-05,0.030080599710345268,8.404585241805762e-05,0.05,587,50623,0.02692588494530245,0.32121026515960693,0.4000000059604645,0.08105906844139099,0.10000000149011612,0.09440173953771591,0.10000000149011612,0.3298913240432739,0.4000000059604645,frozen_mlp_surrogate_adjoint,900,900,900,700,60.474886417388916,60.474886417388916,0.06719431824154325
238,109.15556335449219,140.20472717285156,154.0532684326172,80.16741943359375,0.20246918499469757,0.07786529511213303,0.5142588019371033,0.6327300667762756,0.8265591263771057,T040_010_010_040,0.0015880758874118328,8.398907084483653e-05,0.0300817359238863,8.398907084483653e-05,0.05,495,50645,0.022286954129308326,0.32122355699539185,0.4000000059604645,0.08104106783866882,0.10000000149011612,0.09440402686595917,0.10000000149011612,0.32989048957824707,0.4000000059604645,frozen_mlp_surrogate_adjoint,900,900,900,700,60.474886417388916,60.474886417388916,0.06719431824154325
239,109.16072845458984,140.20547485351562,154.0631866455078,80.17082977294922,0.20250505208969116,0.07787913084030151,0.5143277049064636,0.632793128490448,0.8265703916549683,T040_010_010_040,0.0015880760038271546,8.41845030663535e-05,0.030077829957008362,8.41845030663535e-05,0.05,343,50858,0.014890502228668985,0.3211711645126343,0.4000000059604645,0.0810646042227745,0.10000000149011612,0.09438860416412354,0.10000000149011612,0.32994604110717773,0.4000000059604645,frozen_mlp_surrogate_adjoint,900,900,900,700,60.474886417388916,60.474886417388916,0.06719431824154325
240,109.16831970214844,140.20321655273438,154.05538940429688,80.17037963867188,0.2025577574968338,0.07783740013837814,0.5142735838890076,0.6327847838401794,0.8265545964241028,T040_010_010_040,0.0015880761202424765,8.391070150537416e-05,0.03008330799639225,8.391070150537416e-05,0.05,363,51343,0.01607976920615948,0.321172297000885,0.4000000059604645,0.08111532777547836,0.10000000149011612,0.09436546266078949,0.10000000149011612,0.3299015164375305,0.4000000059604645,frozen_mlp_surrogate_adjoint,900,900,900,700,60.474886417388916,60.474886417388916,0.06719431824154325
241,109.16526794433594,140.2055206298828,154.07159423828125,80.1689682006836,0.20253655314445496,0.07787998765707016,0.5143861174583435,0.6327586770057678,0.8265851736068726,T040_010_010_040,0.0015880762366577983,8.444119885098189e-05,0.03007270209491253,8.444119885098189e-05,0.05,498,51451,0.02245184881168878,0.32115817070007324,0.4000000059604645,0.08108493685722351,0.10000000149011612,0.09440664947032928,0.10000000149011612,0.3299354314804077,0.4000000059604645,frozen_mlp_surrogate_adjoint,900,900,900,700,60.474886417388916,60.474886417388916,0.06719431824154325
242,109.16787719726562,140.20297241210938,154.052490234375,80.17194366455078,0.20255473256111145,0.07783292979001999,0.5142534375190735,0.6328137516975403,0.826548159122467,T040_010_010_040,0.0015880762366577983,8.379916835110635e-05,0.030085541307926178,8.379916835110635e-05,0.05,659,51313,0.03134066025378307,0.32116639614105225,0.4000000059604645,0.08111894875764847,0.10000000149011612,0.09435033798217773,0.10000000149011612,0.3299124836921692,0.4000000059604645,frozen_mlp_surrogate_adjoint,900,900,900,700,60.474886417388916,60.474886417388916,0.06719431824154325
243,109.16098022460938,140.2044219970703,154.05445861816406,80.17061614990234,0.20250682532787323,0.07785963267087936,0.514267086982727,0.6327891945838928,0.8265554904937744,T040_010_010_040,0.001588076469488442,8.392648305743933e-05,0.030082998797297478,8.392648305743933e-05,0.05,189,50693,0.009403433236708279,0.32118892669677734,0.4000000059604645,0.08107101917266846,0.10000000149011612,0.09437569230794907,0.10000000149011612,0.32991981506347656,0.4000000059604645,frozen_mlp_surrogate_adjoint,900,900,900,700,60.474886417388916,60.474886417388916,0.06719431824154325
244,109.15762329101562,140.20431518554688,154.05392456054688,80.16554260253906,0.20248347520828247,0.0778575986623764,0.514263391494751,0.6326952576637268,0.8265615105628967,T040_010_010_040,0.0015880765859037638,8.403108950005844e-05,0.03008090890944004,8.403108950005844e-05,0.05,277,50324,0.012404567273532664,0.32123127579689026,0.4000000059604645,0.08105077594518661,0.10000000149011612,0.09441425651311874,0.10000000149011612,0.3298651874065399,0.4000000059604645,frozen_mlp_surrogate_adjoint,900,900,900,700,60.474886417388916,60.474886417388916,0.06719431824154325
245,109.1662368774414,140.20355224609375,154.05294799804688,80.17395782470703,0.20254330337047577,0.07784353196620941,0.5142565369606018,0.6328510642051697,0.8265473246574402,T040_010_010_040,0.0015880767023190856,8.378516213269904e-05,0.03008583001792431,8.378516213269904e-05,0.05,588,50277,0.02697223063269516,0.32115572690963745,0.4000000059604645,0.08110889792442322,0.10000000149011612,0.09434068948030472,0.10000000149011612,0.3299420177936554,0.4000000059604645,frozen_mlp_surrogate_adjoint,900,900,900,700,60.474886417388916,60.474886417388916,0.06719431824154325
246,109.17556762695312,140.2020263671875,154.05535888671875,80.17120361328125,0.2026081383228302,0.07781525701284409,0.5142732858657837,0.6328000426292419,0.8265509605407715,T040_010_010_040,0.0015880767023190856,8.384820830542594e-05,0.03008456900715828,8.384820830542594e-05,0.05,431,51435,0.019354539097705726,0.32115036249160767,0.4000000059604645,0.08116043359041214,0.10000000149011612,0.09434662759304047,0.10000000149011612,0.3298934996128082,0.4000000059604645,frozen_mlp_surrogate_adjoint,900,900,900,700,60.474886417388916,60.474886417388916,0.06719431824154325
247,109.1509780883789,140.20567321777344,154.04910278320312,80.17313385009766,0.20243734121322632,0.07788290083408356,0.5142298340797424,0.6328358054161072,0.826547384262085,T040_010_010_040,0.0015880768187344074,8.378633356187493e-05,0.030085809528827667,8.378633356187493e-05,0.05,98,50243,0.0065882246775205815,0.32120320200920105,0.4000000059604645,0.08101729303598404,0.10000000149011612,0.09436763823032379,0.10000000149011612,0.32995927333831787,0.4000000059604645,frozen_mlp_surrogate_adjoint,900,900,900,700,60.474886417388916,60.474886417388916,0.06719431824154325
248,109.16339111328125,140.2041015625,154.05355834960938,80.17225646972656,0.20252354443073273,0.0778537467122078,0.5142608284950256,0.6328195333480835,0.8265511989593506,T040_010_010_040,0.0015880774008110166,8.385303226532415e-05,0.030084487050771713,8.385303226532415e-05,0.05,490,51545,0.02211439200433984,0.32117438316345215,0.4000000059604645,0.08108626306056976,0.10000000149011612,0.0943591445684433,0.10000000149011612,0.329931378364563,0.4000000059604645,frozen_mlp_surrogate_adjoint,900,900,900,700,60.474886417388916,60.474886417388916,0.06719431824154325
249,109.1680908203125,140.20574951171875,154.07559204101562,80.17160034179688,0.20255620777606964,0.07788435369729996,0.5144138336181641,0.6328073143959045,0.8265880942344666,T040_010_010_040,0.0015880774008110166,8.449299639323726e-05,0.030071688815951347,8.449299639323726e-05,0.05,280,51277,0.012587598477540625,0.32112616300582886,0.4000000059604645,0.08110111951828003,0.10000000149011612,0.09439028799533844,0.10000000149011612,0.3299705386161804,0.4000000059604645,frozen_mlp_surrogate_adjoint,900,900,900,700,60.474886417388916,60.474886417388916,0.06719431824154325
250,109.17442321777344,140.20181274414062,154.0507354736328,80.17236328125,0.2026001513004303,0.07781145721673965,0.5142412185668945,0.6328215599060059,0.8265421390533447,T040_010_010_040,0.0015880776336416602,8.369614079128951e-05,0.030087629333138466,8.369614079128951e-05,0.05,309,50500,0.013613889045681457,0.3211538791656494,0.4000000059604645,0.08115667849779129,0.10000000149011612,0.09433358907699585,0.10000000149011612,0.3298979699611664,0.4000000059604645,frozen_mlp_surrogate_adjoint,900,900,900,700,60.474886417388916,60.474886417388916,0.06719431824154325
251,109.16621398925781,140.2046661376953,154.06430053710938,80.16997528076172,0.20254318416118622,0.07786418497562408,0.5143354535102844,0.6327773332595825,0.8265711069107056,T040_010_010_040,0.0015880778664723039,8.419874211540446e-05,0.030077580362558365,8.419874211540446e-05,0.05,818,51678,0.04031362476871869,0.32116350531578064,0.4000000059604645,0.08109469711780548,0.10000000149011612,0.09438678622245789,0.10000000149011612,0.329926073551178,0.4000000059604645,frozen_mlp_surrogate_adjoint,900,900,900,700,60.474886417388916,60.474886417388916,0.06719431824154325
252,109.16056823730469,140.20486450195312,154.05712890625,80.17263793945312,0.20250394940376282,0.07786782830953598,0.514285683631897,0.6328266263008118,0.8265581130981445,T040_010_010_040,0.0015880778664723039,8.397339115617797e-05,0.030082087963819504,8.397339115617797e-05,0.05,433,51147,0.019424490442892413,0.32116901874542236,0.4000000059604645,0.08107176423072815,0.10000000149011612,0.0943664163351059,0.10000000149011612,0.3299509286880493,0.4000000059604645,frozen_mlp_surrogate_adjoint,900,900,900,700,60.474886417388916,60.474886417388916,0.06719431824154325
253,109.16289520263672,140.20523071289062,154.06637573242188,80.16776275634766,0.20252010226249695,0.07787452638149261,0.5143497586250305,0.632736325263977,0.8265782594680786,T040_010_010_040,0.0015880790306255221,8.432399044977501e-05,0.03007509931921959,8.432399044977501e-05,0.05,819,51278,0.04042187800143073,0.32118189334869385,0.4000000059604645,0.08107265084981918,0.10000000149011612,0.09441074728965759,0.10000000149011612,0.3299129903316498,0.4000000059604645,frozen_mlp_surrogate_adjoint,900,900,900,700,60.474886417388916,60.474886417388916,0.06719431824154325
254,109.16822052001953,140.2041778564453,154.0587158203125,80.17510986328125,0.20255707204341888,0.07785511016845703,0.5142966508865356,0.6328724026679993,0.8265551328659058,T040_010_010_040,0.001588079147040844,8.392296876991168e-05,0.030083121731877327,8.392296876991168e-05,0.05,682,50807,0.03263707174696309,0.3211343288421631,0.4000000059604645,0.08111348003149033,0.10000000149011612,0.09433966875076294,0.10000000149011612,0.3299676179885864,0.4000000059604645,frozen_mlp_surrogate_adjoint,900,900,900,700,60.474886417388916,60.474886417388916,0.06719431824154325
255,109.15422058105469,140.204345703125,154.04824829101562,80.16633605957031,0.20245984196662903,0.0778583511710167,0.5142239332199097,0.6327098608016968,0.8265520930290222,T040_010_010_040,0.0015880792634561658,8.387050911551341e-05,0.03008417598903179,8.387050911551341e-05,0.05,540,51218,0.024198631486338752,0.3212445378303528,0.4000000059604645,0.08103335648775101,0.10000000149011612,0.09440618008375168,0.10000000149011612,0.32986801862716675,0.4000000059604645,frozen_mlp_surrogate_adjoint,900,900,900,700,60.474886417388916,60.474886417388916,0.06719431824154325
256,109.16899871826172,140.20147705078125,154.04104614257812,80.1727294921875,0.20256248116493225,0.07780500501394272,0.5141738653182983,0.632828414440155,0.8265271782875061,T040_010_010_040,0.0015880792634561658,8.343822992173955e-05,0.030092820525169373,8.343822992173955e-05,0.05,788,50418,0.03847674847579176,0.32117944955825806,0.4000000059604645,0.08113519847393036,0.10000000149011612,0.0943242758512497,0.10000000149011612,0.3298882246017456,0.4000000059604645,frozen_mlp_surrogate_adjoint,900,900,900,700,60.474886417388916,60.474886417388916,0.06719431824154325
257,109.16295623779297,140.20401000976562,154.05484008789062,80.1690444946289,0.20252053439617157,0.07785192877054214,0.5142696499824524,0.6327601075172424,0.8265569806098938,T040_010_010_040,0.0015880793798714876,8.395539043704048e-05,0.03008248098194599,8.395539043704048e-05,0.05,630,50083,0.029194784574302905,0.32119494676589966,0.4000000059604645,0.08108103275299072,0.10000000149011612,0.09438352286815643,0.10000000149011612,0.3298974633216858,0.4000000059604645,frozen_mlp_surrogate_adjoint,900,900,900,700,60.474886417388916,60.474886417388916,0.06719431824154325
258,109.1469497680664,140.20668029785156,154.0583038330078,80.16615295410156,0.20240935683250427,0.07790149748325348,0.5142937898635864,0.6327064633369446,0.8265724778175354,T040_010_010_040,0.0015880800783634186,8.422479731962085e-05,0.03007710538804531,8.422479731962085e-05,0.05,45,51060,0.004893702170799472,0.32124197483062744,0.4000000059604645,0.08098453283309937,0.10000000149011612,0.09443627297878265,0.10000000149011612,0.32990968227386475,0.4000000059604645,frozen_mlp_surrogate_adjoint,900,900,900,700,60.474886417388916,60.474886417388916,0.06719431824154325
259,109.15699768066406,140.203857421875,154.05084228515625,80.16349792480469,0.20247916877269745,0.07784932851791382,0.5142419338226318,0.6326572895050049,0.8265586495399475,T040_010_010_040,0.0015880805440247059,8.398543286602944e-05,0.03008190169930458,8.398543286602944e-05,0.05,129,50832,0.0077708123794096445,0.3212527334690094,0.4000000059604645,0.08104758709669113,0.10000000149011612,0.09442424774169922,0.10000000149011612,0.32983407378196716,0.4000000059604645,frozen_mlp_surrogate_adjoint,900,900,900,700,60.474886417388916,60.474886417388916,0.06719431824154325
260,109.16421508789062,140.2046356201172,154.06265258789062,80.1708755493164,0.20252926647663116,0.07786360383033752,0.5143240094184875,0.6327940225601196,0.8265681266784668,T040_010_010_040,0.0015880810096859932,8.415027696173638e-05,0.030078614130616188,8.415027696173638e-05,0.05,155,50215,0.00826154165350352,0.3211613893508911,0.4000000059604645,0.08109141141176224,0.10000000149011612,0.09438022971153259,0.10000000149011612,0.32993510365486145,0.4000000059604645,frozen_mlp_surrogate_adjoint,900,900,900,700,60.474886417388916,60.474886417388916,0.06719431824154325
261,109.16360473632812,140.20330810546875,154.04664611816406,80.171630859375,0.2025250345468521,0.07783902436494827,0.5142128467559814,0.6328080296516418,0.8265396356582642,T040_010_010_040,0.001588083803653717,8.36589970276691e-05,0.030088497325778008,8.36589970276691e-05,0.05,245,51536,0.011212994427802634,0.32119220495224,0.4000000059604645,0.08108928799629211,0.10000000149011612,0.09435246139764786,0.10000000149011612,0.3299057185649872,0.4000000059604645,frozen_mlp_surrogate_adjoint,900,900,900,700,60.474886417388916,60.474886417388916,0.06719431824154325
262,109.18096923828125,140.20201110839844,154.05874633789062,80.17546081542969,0.20264562964439392,0.077814981341362,0.51429682970047,0.6328789591789246,0.8265499472618103,T040_010_010_040,0.0015880842693150043,8.383820386370644e-05,0.030084921047091484,8.383820386370644e-05,0.05,722,51172,0.034849981255653965,0.32110342383384705,0.4000000059604645,0.0811913013458252,0.10000000149011612,0.09431430697441101,0.10000000149011612,0.32994091510772705,0.4000000059604645,frozen_mlp_surrogate_adjoint,900,900,900,700,60.474886417388916,60.474886417388916,0.06719431824154325
263,109.16438293457031,140.20513916015625,154.07525634765625,80.1620864868164,0.20253045856952667,0.07787299156188965,0.5144115686416626,0.632631242275238,0.8265993595123291,T040_010_010_040,0.001588084502145648,8.469531167065725e-05,0.03006778284907341,8.469531167065725e-05,0.05,138,51675,0.007988147967966763,0.3211970329284668,0.4000000059604645,0.08108056336641312,0.10000000149011612,0.09445889294147491,0.10000000149011612,0.32986292243003845,0.4000000059604645,frozen_mlp_surrogate_adjoint,900,900,900,700,60.474886417388916,60.474886417388916,0.06719431824154325
264,109.16571044921875,140.20655822753906,154.07412719726562,80.1755599975586,0.2025396227836609,0.07789911329746246,0.5144036412239075,0.6328807473182678,0.8265819549560547,T040_010_010_040,0.0015880853170529008,8.439436351181939e-05,0.03007381781935692,8.439436351181939e-05,0.05,117,51182,0.007451442456425275,0.3211083710193634,0.4000000059604645,0.08108623325824738,0.10000000149011612,0.09436655044555664,0.10000000149011612,0.3300207853317261,0.4000000059604645,frozen_mlp_surrogate_adjoint,900,900,900,700,60.474886417388916,60.474886417388916,0.06719431824154325
265,109.15607452392578,140.20953369140625,154.09434509277344,80.16801452636719,0.2024727463722229,0.07795431464910507,0.5145440697669983,0.6327409744262695,0.8266287446022034,T040_010_010_040,0.0015880896244198084,8.520990377292037e-05,0.030057592317461967,8.520990377292037e-05,0.05,899,50320,0.04526370436218834,0.32113975286483765,0.4000000059604645,0.08101771771907806,0.10000000149011612,0.09446558356285095,0.10000000149011612,0.3300056755542755,0.4000000059604645,frozen_mlp_surrogate_adjoint,900,900,900,700,60.474886417388916,60.474886417388916,0.06719431824154325
266,109.16587829589844,140.20590209960938,154.07130432128906,80.17091369628906,0.2025407999753952,0.07788708806037903,0.5143840312957764,0.6327946186065674,0.8265817165374756,T040_010_010_040,0.001588090555742383,8.439546218141913e-05,0.030073901638388634,8.439546218141913e-05,0.05,808,51236,0.03981988420852801,0.32114681601524353,0.4000000059604645,0.08108256012201309,0.10000000149011612,0.09439398348331451,0.10000000149011612,0.32995837926864624,0.4000000059604645,frozen_mlp_surrogate_adjoint,900,900,900,700,60.474886417388916,60.474886417388916,0.06719431824154325
267,109.16350555419922,140.20558166503906,154.0714111328125,80.17107391357422,0.2025243490934372,0.07788116484880447,0.5143847465515137,0.6327976584434509,0.8265829086303711,T040_010_010_040,0.0015881003346294165,8.442593389190733e-05,0.030073488131165504,8.442593389190733e-05,0.05,677,50795,0.032433053971928305,0.32114073634147644,0.4000000059604645,0.08108878135681152,0.10000000149011612,0.0943932756781578,0.10000000149011612,0.32996007800102234,0.4000000059604645,frozen_mlp_surrogate_adjoint,900,900,900,700,60.474886417388916,60.474886417388916,0.06719431824154325
268,109.18321228027344,140.201416015625,154.05288696289062,80.17143249511719,0.2026611715555191,0.07780393213033676,0.5142561197280884,0.632804274559021,0.8265419006347656,T040_010_010_040,0.0015881191939115524,8.373341552214697e-05,0.03008771315217018,8.373341552214697e-05,0.05,647,50039,0.03058527452888709,0.3211447298526764,0.4000000059604645,0.08118689060211182,0.10000000149011612,0.09433314204216003,0.10000000149011612,0.3298771381378174,0.4000000059604645,frozen_mlp_surrogate_adjoint,900,900,900,700,60.474886417388916,60.474886417388916,0.06719431824154325
269,83.36380767822266,149.20555114746094,80.32201385498047,89.14472961425781,0.023359769955277443,0.24454717338085175,0.0022362032905220985,0.7989765405654907,0.873267412185669,T040_010_010_040,0.0015894697280600667,0.000786412216257304,0.016061149537563324,0.000786412216257304,0.05,841,51175,0.041469641024718715,0.371816486120224,0.4000000059604645,0.046986863017082214,0.10000000149011612,0.0889647901058197,0.10000000149011612,0.3654992878437042,0.4000000059604645,frozen_mlp_surrogate_adjoint,900,900,900,700,60.474886417388916,60.474886417388916,0.06719431824154325
270,109.19390869140625,140.26734924316406,154.72537231445312,80.09503173828125,0.20273549854755402,0.07902494817972183,0.518926203250885,0.6313894987106323,0.8277755379676819,T040_010_010_040,0.001589776249602437,0.00010671289055608213,0.0296612661331892,0.00010671289055608213,0.05,884,50357,0.044094190417891116,0.320311039686203,0.4000000059604645,0.08087164908647537,0.10000000149011612,0.0958946943283081,0.10000000149011612,0.330698162317276,0.4000000059604645,frozen_mlp_surrogate_adjoint,900,900,900,700,60.474886417388916,60.474886417388916,0.06719431824154325
271,81.55897521972656,148.4962615966797,82.49793243408203,89.17575073242188,0.010826202109456062,0.23141217231750488,0.017346752807497978,0.7995510101318359,0.8752501010894775,T040_010_010_040,0.001595105160959065,0.0008169782813638449,0.015562537126243114,0.0008169782813638449,0.05,856,51680,0.04267359943182528,0.3728768229484558,0.4000000059604645,0.04613122716546059,0.10000000149011612,0.0898369699716568,0.10000000149011612,0.36640506982803345,0.4000000059604645,frozen_mlp_surrogate_adjoint,900,900,900,700,60.474886417388916,60.474886417388916,0.06719431824154325
272,82.00637817382812,148.63531494140625,82.25942993164062,89.1365966796875,0.01393317524343729,0.23398743569850922,0.01569047011435032,0.7988258600234985,0.8738551139831543,T040_010_010_040,0.001615628832951188,0.0008200021693482995,0.015912532806396484,0.0008200021693482995,0.05,852,41,0.04221289584031839,0.3723886013031006,0.4000000059604645,0.04602835327386856,0.10000000149011612,0.08953487128019333,0.10000000149011612,0.3659032881259918,0.4000000059604645,frozen_mlp_surrogate_adjoint,900,900,900,700,60.474886417388916,60.474886417388916,0.06719431824154325
273,82.48936462402344,148.80426025390625,81.86190032958984,89.10834503173828,0.01728725992143154,0.2371160387992859,0.012929889373481274,0.7983026504516602,0.8727530837059021,T040_010_010_040,0.001627688528969884,0.0008180996519513428,0.01619177684187889,0.0008180996519513428,0.05,846,50446,0.04181680665544784,0.3719463348388672,0.4000000059604645,0.0460643470287323,0.10000000149011612,0.08925805985927582,0.10000000149011612,0.365484356880188,0.4000000059604645,frozen_mlp_surrogate_adjoint,900,900,900,700,60.474886417388916,60.474886417388916,0.06719431824154325
274,83.20225524902344,149.08078002929688,81.03778076171875,89.09264373779297,0.022237906232476234,0.24223652482032776,0.007206829264760017,0.7980118989944458,0.8718640804290771,T040_010_010_040,0.001628154655918479,0.0008072138880379498,0.016418814659118652,0.0008072138880379498,0.05,876,51286,0.04368411100397673,0.37148940563201904,0.4000000059604645,0.04636383056640625,0.10000000149011612,0.08890388906002045,0.10000000149011612,0.3651069700717926,0.4000000059604645,frozen_mlp_surrogate_adjoint,900,900,900,700,60.474886417388916,60.474886417388916,0.06719431824154325
275,82.5926284790039,148.83848571777344,81.81336212158203,89.09835815429688,0.01800437644124031,0.23774974048137665,0.012592809274792671,0.7981176972389221,0.8723941445350647,T040_010_010_040,0.0016329821664839983,0.0008188194478861988,0.016283255070447922,0.0008188194478861988,0.05,828,50003,0.04110044617633092,0.3717880845069885,0.4000000059604645,0.04603183642029762,0.10000000149011612,0.08919724822044373,0.10000000149011612,0.3653770089149475,0.4000000059604645,frozen_mlp_surrogate_adjoint,900,900,900,700,60.474886417388916,60.474886417388916,0.06719431824154325
276,83.01673889160156,148.9871826171875,81.43803405761719,89.07701873779297,0.02094956487417221,0.24050328135490417,0.009986341930925846,0.797722578048706,0.8715288043022156,T040_010_010_040,0.0016417715232819319,0.0008165290928445756,0.01650484837591648,0.0008165290928445756,0.05,892,50890,0.044934549146083524,0.3714557886123657,0.4000000059604645,0.04609130322933197,0.10000000149011612,0.08894813060760498,0.10000000149011612,0.3650335669517517,0.4000000059604645,frozen_mlp_surrogate_adjoint,900,900,900,700,60.474886417388916,60.474886417388916,0.06719431824154325
277,82.77921295166016,148.8852996826172,81.7595443725586,89.07965087890625,0.01930006593465805,0.23861664533615112,0.012219062075018883,0.7977713942527771,0.8717342615127563,T040_010_010_040,0.0016450913390144706,0.0008224862976931036,0.01645210012793541,0.0008224862976931036,0.05,735,51607,0.035838359847978424,0.3716138005256653,0.4000000059604645,0.04593859612941742,0.10000000149011612,0.08902529627084732,0.10000000149011612,0.3651565611362457,0.4000000059604645,frozen_mlp_surrogate_adjoint,900,900,900,700,60.474886417388916,60.474886417388916,0.06719431824154325
278,96.59314727783203,140.3118438720703,146.4529266357422,81.92721557617188,0.11523018032312393,0.07984891533851624,0.46147868037223816,0.6653188467025757,0.8185389041900635,T040_010_010_040,0.0016810839297249913,3.467753413133323e-05,0.03292812779545784,3.467753413133323e-05,0.05,172,50029,0.008823765597210952,0.31929463148117065,0.4000000059604645,0.08543173968791962,0.10000000149011612,0.0855158120393753,0.10000000149011612,0.3282967209815979,0.4000000059604645,frozen_mlp_surrogate_adjoint,900,900,900,700,60.474886417388916,60.474886417388916,0.06719431824154325
279,96.5992202758789,140.3131103515625,146.45826721191406,81.9271011352539,0.11527238041162491,0.07987255603075027,0.46151575446128845,0.6653167009353638,0.8185369968414307,T040_010_010_040,0.0016810840461403131,3.46429951605387e-05,0.032928820699453354,3.46429951605387e-05,0.05,287,51414,0.012816630656914092,0.31929177045822144,0.4000000059604645,0.0854000598192215,0.10000000149011612,0.08552231639623642,0.10000000149011612,0.3283228278160095,0.4000000059604645,frozen_mlp_surrogate_adjoint,900,900,900,700,60.474886417388916,60.474886417388916,0.06719431824154325
280,96.58746337890625,140.3108673095703,146.43637084960938,81.93101501464844,0.11519072949886322,0.0798308253288269,0.4613637626171112,0.6653892397880554,0.8185240030288696,T040_010_010_040,0.0016810847446322441,3.440779619268142e-05,0.03293353691697121,3.440779619268142e-05,0.05,737,51357,0.03586511817292225,0.31931793689727783,0.4000000059604645,0.0854354128241539,0.10000000149011612,0.08547303080558777,0.10000000149011612,0.32829758524894714,0.4000000059604645,frozen_mlp_surrogate_adjoint,900,900,900,700,60.474886417388916,60.474886417388916,0.06719431824154325
281,96.60298919677734,140.31277465820312,146.4572296142578,81.9246597290039,0.1152985543012619,0.07986613363027573,0.46150854229927063,0.6652714610099792,0.8185288310050964,T040_010_010_040,0.001681086141616106,3.449681753409095e-05,0.03293178603053093,3.449681753409095e-05,0.05,141,50427,0.008053579239489968,0.31931057572364807,0.4000000059604645,0.08538465946912766,0.10000000149011612,0.08553613722324371,0.10000000149011612,0.3282974362373352,0.4000000059604645,frozen_mlp_surrogate_adjoint,900,900,900,700,60.474886417388916,60.474886417388916,0.06719431824154325
282,96.59854125976562,140.31285095214844,146.4467315673828,81.929931640625,0.11526764184236526,0.07986757904291153,0.46143561601638794,0.6653691530227661,0.8185217380523682,T040_010_010_040,0.0016810862580314279,3.436824772506952e-05,0.03293436020612717,3.436824772506952e-05,0.05,860,51148,0.042989599478940634,0.31931331753730774,0.4000000059604645,0.08538404852151871,0.10000000149011612,0.08549068868160248,0.10000000149011612,0.32833367586135864,0.4000000059604645,frozen_mlp_surrogate_adjoint,900,900,900,700,60.474886417388916,60.474886417388916,0.06719431824154325
283,96.60041046142578,140.31143188476562,146.44985961914062,81.92279815673828,0.1152806282043457,0.07984131574630737,0.4614573121070862,0.6652370095252991,0.8185205459594727,T040_010_010_040,0.0016810873057693243,3.434765312704258e-05,0.03293479233980179,3.434765312704258e-05,0.05,550,50990,0.02474531225056707,0.31933438777923584,0.4000000059604645,0.0853942334651947,0.10000000149011612,0.08554031699895859,0.10000000149011612,0.32825157046318054,0.4000000059604645,frozen_mlp_surrogate_adjoint,900,900,900,700,60.474886417388916,60.474886417388916,0.06719431824154325
284,96.60124206542969,140.31089782714844,146.4423828125,81.923828125,0.1152864322066307,0.07983141392469406,0.46140536665916443,0.6652560234069824,0.8185094594955444,T040_010_010_040,0.001681094872765243,3.4154003515141085e-05,0.03293881565332413,3.4154003515141085e-05,0.05,39,50112,0.004278271046864552,0.3193519115447998,0.4000000059604645,0.08538516610860825,0.10000000149011612,0.0855238065123558,0.10000000149011612,0.3282485902309418,0.4000000059604645,frozen_mlp_surrogate_adjoint,900,900,900,700,60.474886417388916,60.474886417388916,0.06719431824154325
285,96.62824249267578,140.31314086914062,146.438720703125,81.91847229003906,0.1154739037156105,0.07987294346094131,0.4613800346851349,0.6651568412780762,0.8184571266174316,T040_010_010_040,0.0016811174573376775,3.322668271721341e-05,0.03295781463384628,3.322668271721341e-05,0.05,11,50744,0.0028227298043416007,0.3194369971752167,0.4000000059604645,0.08522366732358932,0.10000000149011612,0.08555274456739426,0.10000000149011612,0.3282437324523926,0.4000000059604645,frozen_mlp_surrogate_adjoint,900,900,900,700,60.474886417388916,60.474886417388916,0.06719431824154325
286,150.98187255859375,154.85267639160156,100.16978454589844,96.69410705566406,0.4929296672344208,0.34912362694740295,0.1400679647922516,0.9387797117233276,0.8131651878356934,T040_010_010_040,0.0017581268912181258,1.2764447092195041e-05,0.03490724787116051,1.2764447092195041e-05,0.05,428,51700,0.019151539551562777,0.32637321949005127,0.4000000059604645,0.08411373943090439,0.10000000149011612,0.08228741586208344,0.10000000149011612,0.3203907907009125,0.4000000059604645,frozen_mlp_surrogate_adjoint,900,900,900,700,60.474886417388916,60.474886417388916,0.06719431824154325
287,150.97926330566406,154.8521270751953,100.17253112792969,96.69511413574219,0.49291157722473145,0.3491135537624359,0.14008702337741852,0.9387984275817871,0.8131628036499023,T040_010_010_040,0.0017581329448148608,1.2726009117614012e-05,0.03490813821554184,1.2726009117614012e-05,0.05,756,50438,0.03707418131359165,0.32636624574661255,0.4000000059604645,0.08409413695335388,0.10000000149011612,0.08230997622013092,0.10000000149011612,0.3203924298286438,0.4000000059604645,frozen_mlp_surrogate_adjoint,900,900,900,700,60.474886417388916,60.474886417388916,0.06719431824154325
288,150.98434448242188,154.8539581298828,100.16451263427734,96.69465637207031,0.4929468631744385,0.34914731979370117,0.1400313526391983,0.9387900233268738,0.8131694793701172,T040_010_010_040,0.001758135505951941,1.2853427506342996e-05,0.03490564227104187,1.2853427506342996e-05,0.05,556,51099,0.02528998542086017,0.3263583779335022,0.4000000059604645,0.08413546532392502,0.10000000149011612,0.08229689300060272,0.10000000149011612,0.32037869095802307,0.4000000059604645,frozen_mlp_surrogate_adjoint,900,900,900,700,60.474886417388916,60.474886417388916,0.06719431824154325
289,150.98365783691406,154.8532257080078,100.16969299316406,96.6944808959961,0.49294206500053406,0.34913384914398193,0.14006730914115906,0.9387866854667664,0.813166618347168,T040_010_010_040,0.0017581377178430557,1.2802027413272299e-05,0.03490671142935753,1.2802027413272299e-05,0.05,609,50563,0.027963348228477267,0.3263663649559021,0.4000000059604645,0.08411899209022522,0.10000000149011612,0.08229701220989227,0.10000000149011612,0.32038429379463196,0.4000000059604645,frozen_mlp_surrogate_adjoint,900,900,900,700,60.474886417388916,60.474886417388916,0.06719431824154325
290,150.98057556152344,154.85182189941406,100.17789459228516,96.69523620605469,0.4929206371307373,0.3491078317165375,0.14012427628040314,0.9388006329536438,0.8131620287895203,T040_010_010_040,0.001758138183504343,1.271670771529898e-05,0.03490842878818512,1.271670771529898e-05,0.05,746,50988,0.03660074964319758,0.32637038826942444,0.4000000059604645,0.08408229798078537,0.10000000149011612,0.08231858909130096,0.10000000149011612,0.3203907608985901,0.4000000059604645,frozen_mlp_surrogate_adjoint,900,900,900,700,60.474886417388916,60.474886417388916,0.06719431824154325
291,150.97964477539062,154.85256958007812,100.17082214355469,96.6953125,0.49291425943374634,0.3491215109825134,0.14007516205310822,0.938802182674408,0.8131635189056396,T040_010_010_040,0.0017581398133188486,1.2746261745633092e-05,0.03490786999464035,1.2746261745633092e-05,0.05,611,50466,0.028191094629062566,0.3263601064682007,0.4000000059604645,0.08410058170557022,0.10000000149011612,0.08231284469366074,0.10000000149011612,0.320389986038208,0.4000000059604645,frozen_mlp_surrogate_adjoint,900,900,900,700,60.474886417388916,60.474886417388916,0.06719431824154325
292,150.97889709472656,154.85057067871094,100.17922973632812,96.69496154785156,0.4929089844226837,0.3490845561027527,0.1401335448026657,0.9387955665588379,0.8131592273712158,T040_010_010_040,0.001758156344294548,1.2682558917731512e-05,0.03490947559475899,1.2682558917731512e-05,0.05,761,51304,0.0374337433346945,0.3263826370239258,0.4000000059604645,0.08406853675842285,0.10000000149011612,0.08231445401906967,0.10000000149011612,0.32039356231689453,0.4000000059604645,frozen_mlp_surrogate_adjoint,900,900,900,700,60.474886417388916,60.474886417388916,0.06719431824154325
293,150.97708129882812,154.85032653808594,100.17578887939453,96.69441223144531,0.49289634823799133,0.3490802049636841,0.14010962843894958,0.9387853145599365,0.8131571412086487,T040_010_010_040,0.00175816984847188,1.265711853193352e-05,0.034910254180431366,1.265711853193352e-05,0.05,600,51333,0.02743067732842317,0.3263857364654541,0.4000000059604645,0.08407337218523026,0.10000000149011612,0.08229795098304749,0.10000000149011612,0.32040008902549744,0.4000000059604645,frozen_mlp_surrogate_adjoint,900,900,900,700,60.474886417388916,60.474886417388916,0.06719431824154325
294,150.9666748046875,154.8463897705078,100.19550323486328,96.69459533691406,0.49282407760620117,0.34900718927383423,0.14024654030799866,0.938788890838623,0.8131400346755981,T040_010_010_040,0.0017581876600161195,1.235527543030912e-05,0.03491664677858353,1.235527543030912e-05,0.05,775,50721,0.03788654275582785,0.32640835642814636,0.4000000059604645,0.08398444950580597,0.10000000149011612,0.08231043070554733,0.10000000149011612,0.3204367756843567,0.4000000059604645,frozen_mlp_surrogate_adjoint,900,900,900,700,60.474886417388916,60.474886417388916,0.06719431824154325
295,150.98214721679688,154.85171508789062,100.17166137695312,96.69546508789062,0.49293163418769836,0.3491058051586151,0.14008095860481262,0.9388048648834229,0.8131637573242188,T040_010_010_040,0.0017581917345523834,1.280260767089203e-05,0.03490778058767319,1.280260767089203e-05,0.05,80,51004,0.005897952001060951,0.3263692259788513,0.4000000059604645,0.08409559726715088,0.10000000149011612,0.0823228731751442,0.10000000149011612,0.32037603855133057,0.4000000059604645,frozen_mlp_surrogate_adjoint,900,900,900,700,60.474886417388916,60.474886417388916,0.06719431824154325
296,150.9755859375,154.845947265625,100.2075424194336,96.69227600097656,0.4928859770298004,0.34899893403053284,0.14033016562461853,0.9387457966804504,0.813140869140625,T040_010_010_040,0.0017581958090886474,1.237913966178894e-05,0.034916333854198456,1.237913966178894e-05,0.05,41,51557,0.004395623530484702,0.3264461159706116,0.4000000059604645,0.08398343622684479,0.10000000149011612,0.08227871358394623,0.10000000149011612,0.3204325735569,0.4000000059604645,frozen_mlp_surrogate_adjoint,900,900,900,700,60.474886417388916,60.474886417388916,0.06719431824154325
297,150.9711456298828,154.8457489013672,100.21591186523438,96.69407653808594,0.49285516142845154,0.34899526834487915,0.14038829505443573,0.9387791156768799,0.8131342530250549,T040_010_010_040,0.0017582187429070473,1.2278275789867621e-05,0.034918807446956635,1.2278275789867621e-05,0.05,88,50959,0.006342487302933378,0.3264232873916626,0.4000000059604645,0.08394955843687057,0.10000000149011612,0.08231866359710693,0.10000000149011612,0.32044273614883423,0.4000000059604645,frozen_mlp_surrogate_adjoint,900,900,900,700,60.474886417388916,60.474886417388916,0.06719431824154325
298,150.98385620117188,154.85165405273438,100.19268798828125,96.69266510009766,0.4929434657096863,0.3491048216819763,0.14022697508335114,0.938753068447113,0.8131493926048279,T040_010_010_040,0.0017582342261448503,1.257685653399676e-05,0.03491314873099327,1.257685653399676e-05,0.05,442,50667,0.019802804650470397,0.32638850808143616,0.4000000059604645,0.08407167345285416,0.10000000149011612,0.08227407932281494,0.10000000149011612,0.3204151391983032,0.4000000059604645,frozen_mlp_surrogate_adjoint,900,900,900,700,60.474886417388916,60.474886417388916,0.06719431824154325
299,150.95436096191406,154.8414306640625,100.19308471679688,96.68817901611328,0.49273863434791565,0.3489152491092682,0.140229731798172,0.9386699795722961,0.8131126165390015,T040_010_010_040,0.0017583463340997696,1.2001636605418753e-05,0.034926895052194595,1.2001636605418753e-05,0.05,733,51623,0.03572573124996591,0.3264847993850708,0.4000000059604645,0.08396154642105103,0.10000000149011612,0.08216020464897156,0.10000000149011612,0.3205060660839081,0.4000000059604645,frozen_mlp_surrogate_adjoint,900,900,900,700,60.474886417388916,60.474886417388916,0.06719431824154325
300,157.18992614746094,155.78570556640625,109.781494140625,96.21427917480469,0.5360411405563354,0.36640191078186035,0.2068159282207489,0.929893970489502,0.8139554262161255,T040_010_010_040,0.0017624336760491133,3.180440762662329e-05,0.03461258485913277,3.180440762662329e-05,0.05,230,50537,0.010809295258025672,0.3280789256095886,0.4000000059604645,0.07880901545286179,0.10000000149011612,0.08741353452205658,0.10000000149011612,0.3196538984775543,0.4000000059604645,frozen_mlp_surrogate_adjoint,900,900,900,700,60.474886417388916,60.474886417388916,0.06719431824154325
301,157.20083618164062,155.7875213623047,109.81756591796875,96.2135009765625,0.536116898059845,0.3664354681968689,0.20706644654273987,0.9298796653747559,0.8139569759368896,T040_010_010_040,0.0017624592874199152,3.1858860893407837e-05,0.034612007439136505,3.1858860893407837e-05,0.05,812,50755,0.04006690526162283,0.3280678391456604,0.4000000059604645,0.07875213772058487,0.10000000149011612,0.0874437466263771,0.10000000149011612,0.31969326734542847,0.4000000059604645,frozen_mlp_surrogate_adjoint,900,900,900,700,60.474886417388916,60.474886417388916,0.06719431824154325
302,157.19171142578125,155.78128051757812,109.77250671386719,96.21405029296875,0.5360535979270935,0.3663201332092285,0.20675355195999146,0.9298898577690125,0.8139724731445312,T040_010_010_040,0.001762464758940041,3.215280230506323e-05,0.034606240689754486,3.215280230506323e-05,0.05,202,50868,0.009888901897371044,0.32815438508987427,0.4000000059604645,0.0788036584854126,0.10000000149011612,0.08740728348493576,0.10000000149011612,0.31960710883140564,0.4000000059604645,frozen_mlp_surrogate_adjoint,900,900,900,700,60.474886417388916,60.474886417388916,0.06719431824154325
303,157.1884002685547,155.7900390625,109.81583404541016,96.21443176269531,0.5360305309295654,0.36648207902908325,0.20705439150333405,0.929896891117096,0.8139306306838989,T040_010_010_040,0.0017624824540689588,3.1391951779369265e-05,0.03462180867791176,3.1391951779369265e-05,0.05,802,51398,0.03927776545617022,0.3279815912246704,0.4000000059604645,0.07875597476959229,0.10000000149011612,0.08743996918201447,0.10000000149011612,0.31975311040878296,0.4000000059604645,frozen_mlp_surrogate_adjoint,900,900,900,700,60.474886417388916,60.474886417388916,0.06719431824154325
304,157.18276977539062,155.77740478515625,109.7251205444336,96.21493530273438,0.5359914898872375,0.36624816060066223,0.20642443001270294,0.9299062490463257,0.8139827251434326,T040_010_010_040,0.0017624965403228998,3.237516284571029e-05,0.03460242599248886,3.237516284571029e-05,0.05,165,50729,0.00863228415290862,0.32820984721183777,0.4000000059604645,0.07887387275695801,0.10000000149011612,0.08737613260746002,0.10000000149011612,0.31952282786369324,0.4000000059604645,frozen_mlp_surrogate_adjoint,900,900,900,700,60.474886417388916,60.474886417388916,0.06719431824154325
305,157.20172119140625,155.79092407226562,109.82318115234375,96.21316528320312,0.5361230969429016,0.36649858951568604,0.20710542798042297,0.9298734664916992,0.813940703868866,T040_010_010_040,0.0017625060863792896,3.1603052775608376e-05,0.034618061035871506,3.1603052775608376e-05,0.05,701,50082,0.03358422121070943,0.3280212879180908,0.4000000059604645,0.07876187562942505,0.10000000149011612,0.08743844926357269,0.10000000149011612,0.3197190761566162,0.4000000059604645,frozen_mlp_surrogate_adjoint,900,900,900,700,60.474886417388916,60.474886417388916,0.06719431824154325
306,157.19825744628906,155.7861328125,109.8056640625,96.21269226074219,0.5360990166664124,0.3664097189903259,0.2069837599992752,0.9298645853996277,0.8139517307281494,T040_010_010_040,0.0017625100445002317,3.181194915669039e-05,0.0346139594912529,3.181194915669039e-05,0.05,284,50612,0.012615771156368001,0.3280904293060303,0.4000000059604645,0.0787716656923294,0.10000000149011612,0.08741511404514313,0.10000000149011612,0.319674551486969,0.4000000059604645,frozen_mlp_surrogate_adjoint,900,900,900,700,60.474886417388916,60.474886417388916,0.06719431824154325
307,157.180419921875,155.7740478515625,109.71522521972656,96.21534729003906,0.5359751582145691,0.3661859333515167,0.20635570585727692,0.9299137592315674,0.8139933943748474,T040_010_010_040,0.001762513886205852,3.259088407503441e-05,0.034598458558321,3.259088407503441e-05,0.05,416,50774,0.01859897627605951,0.3282528519630432,0.4000000059604645,0.07887057214975357,0.10000000149011612,0.08737428486347198,0.10000000149011612,0.31949567794799805,0.4000000059604645,frozen_mlp_surrogate_adjoint,900,900,900,700,60.474886417388916,60.474886417388916,0.06719431824154325
308,157.128173828125,155.79119873046875,109.67134094238281,96.22073364257812,0.5356123447418213,0.36650365591049194,0.20605099201202393,0.9300135970115662,0.8138821125030518,T040_010_010_040,0.0017625234322622418,3.0529929063050076e-05,0.0346398688852787,3.0529929063050076e-05,0.05,149,51016,0.00815209206069202,0.3278280794620514,0.4000000059604645,0.0790085718035698,0.10000000149011612,0.0873585194349289,0.10000000149011612,0.3196869492530823,0.4000000059604645,frozen_mlp_surrogate_adjoint,900,900,900,700,60.474886417388916,60.474886417388916,0.06719431824154325
309,157.2036895751953,155.79092407226562,109.84603881835938,96.2117919921875,0.5361367464065552,0.36649850010871887,0.20726414024829865,0.9298478960990906,0.8139317631721497,T040_010_010_040,0.0017625353066250682,3.146587187075056e-05,0.03462138772010803,3.146587187075056e-05,0.05,718,50060,0.03460690251363938,0.3280145525932312,0.4000000059604645,0.07871980220079422,0.10000000149011612,0.08743540942668915,0.10000000149011612,0.3197619915008545,0.4000000059604645,frozen_mlp_surrogate_adjoint,900,900,900,700,60.474886417388916,60.474886417388916,0.06719431824154325
310,157.17892456054688,155.78167724609375,109.77079772949219,96.21501159667969,0.5359647870063782,0.3663274645805359,0.20674163103103638,0.9299075603485107,0.8139501810073853,T040_010_010_040,0.0017625367036089301,3.180973726557568e-05,0.03461453691124916,3.180973726557568e-05,0.05,332,51113,0.014613471417404494,0.3280940055847168,0.4000000059604645,0.07879287004470825,0.10000000149011612,0.08740580826997757,0.10000000149011612,0.31965747475624084,0.4000000059604645,frozen_mlp_surrogate_adjoint,900,900,900,700,60.474886417388916,60.474886417388916,0.06719431824154325
311,157.20248413085938,155.78692626953125,109.8109130859375,96.21246337890625,0.5361284017562866,0.36642441153526306,0.20702020823955536,0.9298604726791382,0.8139520883560181,T040_010_010_040,0.0017625477630645037,3.185642708558589e-05,0.034613825380802155,3.185642708558589e-05,0.05,224,50558,0.010639905573533856,0.3280920386314392,0.4000000059604645,0.07876850664615631,0.10000000149011612,0.08741991221904755,0.10000000149011612,0.3196716010570526,0.4000000059604645,frozen_mlp_surrogate_adjoint,900,900,900,700,60.474886417388916,60.474886417388916,0.06719431824154325
312,157.19876098632812,155.78689575195312,109.82286071777344,96.21391296386719,0.5361025333404541,0.366424024105072,0.2071031928062439,0.9298873543739319,0.8139523267745972,T040_010_010_040,0.001762565691024065,3.187880793120712e-05,0.03461373597383499,3.187880793120712e-05,0.05,57,50884,0.005344888010453987,0.32805874943733215,0.4000000059604645,0.07873115688562393,0.10000000149011612,0.08745606243610382,0.10000000149011612,0.31970635056495667,0.4000000059604645,frozen_mlp_surrogate_adjoint,900,900,900,700,60.474886417388916,60.474886417388916,0.06719431824154325
313,157.1446533203125,155.789794921875,109.70584106445312,96.22003173828125,0.5357267260551453,0.36647772789001465,0.2062905728816986,0.9300006628036499,0.8139004707336426,T040_010_010_040,0.001762640313245356,3.098863089689985e-05,0.034633032977581024,3.098863089689985e-05,0.05,104,51186,0.006980687823147891,0.32788074016571045,0.4000000059604645,0.07893569767475128,0.10000000149011612,0.08740228414535522,0.10000000149011612,0.3196817636489868,0.4000000059604645,frozen_mlp_surrogate_adjoint,900,900,900,700,60.474886417388916,60.474886417388916,0.06719431824154325
314,157.11895751953125,155.78146362304688,109.67640686035156,96.22087860107422,0.5355483889579773,0.3663235008716583,0.2060861885547638,0.930016279220581,0.8138865232467651,T040_010_010_040,0.0017627195920795202,3.0808241717750207e-05,0.03463822603225708,3.0808241717750207e-05,0.05,59,51106,0.005365601404941386,0.3279138207435608,0.4000000059604645,0.07892033457756042,0.10000000149011612,0.08735784888267517,0.10000000149011612,0.31969448924064636,0.4000000059604645,frozen_mlp_surrogate_adjoint,900,900,900,700,60.474886417388916,60.474886417388916,0.06719431824154325
315,157.14987182617188,155.78802490234375,109.68688201904297,96.21681213378906,0.5357629656791687,0.3664449453353882,0.20615889132022858,0.9299408793449402,0.8138924837112427,T040_010_010_040,0.0017627704655751586,3.0970171792432666e-05,0.0346360057592392,3.0970171792432666e-05,0.05,174,50748,0.008840032618083797,0.3279566168785095,0.4000000059604645,0.07898567616939545,0.10000000149011612,0.08732947707176208,0.10000000149011612,0.31962069869041443,0.4000000059604645,frozen_mlp_surrogate_adjoint,900,900,900,700,60.474886417388916,60.474886417388916,0.06719431824154325
316,157.09564208984375,155.78082275390625,109.51075744628906,96.22447967529297,0.5353863835334778,0.36631152033805847,0.20493580400943756,0.9300829768180847,0.813899040222168,T040_010_010_040,0.0017627895576879382,3.1111310818232596e-05,0.034633565694093704,3.1111310818232596e-05,0.05,58,50157,0.005349220975138323,0.3279637098312378,0.4000000059604645,0.07925163209438324,0.10000000149011612,0.08725901693105698,0.10000000149011612,0.3194246292114258,0.4000000059604645,frozen_mlp_surrogate_adjoint,900,900,900,700,60.474886417388916,60.474886417388916,0.06719431824154325
317,157.19747924804688,155.76185607910156,109.76983642578125,96.2120132446289,0.5360936522483826,0.36596018075942993,0.20673498511314392,0.9298521280288696,0.8140219449996948,T040_010_010_040,0.0017628258792683482,3.343396383570507e-05,0.034587837755680084,3.343396383570507e-05,0.05,67,50773,0.005552342675860627,0.32844632863998413,0.4000000059604645,0.07869794964790344,0.10000000149011612,0.08738717436790466,0.10000000149011612,0.319490522146225,0.4000000059604645,frozen_mlp_surrogate_adjoint,900,900,900,700,60.474886417388916,60.474886417388916,0.06719431824154325
318,157.1099853515625,155.78855895996094,109.61074829101562,96.21971893310547,0.5354860424995422,0.36645469069480896,0.20563016831874847,0.9299948215484619,0.8138481378555298,T040_010_010_040,0.001762888510711491,3.026258127647452e-05,0.03465251624584198,3.026258127647452e-05,0.05,56,50842,0.005323874062902778,0.3278449773788452,0.4000000059604645,0.0791148841381073,0.10000000149011612,0.08727063983678818,0.10000000149011612,0.3196176290512085,0.4000000059604645,frozen_mlp_surrogate_adjoint,900,900,900,700,60.474886417388916,60.474886417388916,0.06719431824154325
319,157.07791137695312,155.79981994628906,109.51914978027344,96.22868347167969,0.5352632403373718,0.3666633665561676,0.2049940973520279,0.9301608204841614,0.8138078451156616,T040_010_010_040,0.001763308304361999,2.9932320103398524e-05,0.034667517989873886,2.9932320103398524e-05,0.05,10,50353,0.002644759143960097,0.32759758830070496,0.4000000059604645,0.07932372391223907,0.10000000149011612,0.08732018619775772,0.10000000149011612,0.3195663392543793,0.4000000059604645,frozen_mlp_surrogate_adjoint,900,900,900,700,60.474886417388916,60.474886417388916,0.06719431824154325
320,157.11083984375,155.78599548339844,109.64230346679688,96.21609497070312,0.535491943359375,0.3664073050022125,0.20584934949874878,0.9299277663230896,0.8138105869293213,T040_010_010_040,0.0017633133102208376,2.998852687596809e-05,0.03466649726033211,2.998852687596809e-05,0.05,125,51524,0.007688426529676936,0.32786327600479126,0.4000000059604645,0.07904122024774551,0.10000000149011612,0.08723373711109161,0.10000000149011612,0.3196723759174347,0.4000000059604645,frozen_mlp_surrogate_adjoint,900,900,900,700,60.474886417388916,60.474886417388916,0.06719431824154325
321,91.51603698730469,140.40176391601562,141.1820068359375,83.7518539428711,0.07997249066829681,0.08151406049728394,0.42487505078315735,0.6991084218025208,0.8169004917144775,T040_010_010_040,0.001766384462825954,9.011296060634777e-05,0.03352542966604233,9.011296060634777e-05,0.05,296,51335,0.013069574983795722,0.319070428609848,0.4000000059604645,0.09075992554426193,0.10000000149011612,0.07399317622184753,0.10000000149011612,0.33307698369026184,0.4000000059604645,frozen_mlp_surrogate_adjoint,900,900,900,700,60.474886417388916,60.474886417388916,0.06719431824154325
322,91.44634246826172,140.4015655517578,141.10073852539062,83.77146911621094,0.07948847860097885,0.08151035010814667,0.42431068420410156,0.699471652507782,0.8169300556182861,T040_010_010_040,0.0017664363840594888,9.070611849892884e-05,0.033514603972435,9.070611849892884e-05,0.05,555,50455,0.025267303166190525,0.3191297650337219,0.4000000059604645,0.09079409390687943,0.10000000149011612,0.07389813661575317,0.10000000149011612,0.3331080973148346,0.4000000059604645,frozen_mlp_surrogate_adjoint,900,900,900,700,60.474886417388916,60.474886417388916,0.06719431824154325
323,89.63426208496094,140.54542541503906,139.93585205078125,84.08951568603516,0.06690458953380585,0.08417452126741409,0.4162212014198303,0.7053614258766174,0.8173636198043823,T040_010_010_040,0.0017695119604468346,0.00010170954192290083,0.03335604816675186,0.00010170954192290083,0.05,459,50458,0.020427542847243463,0.31828391551971436,0.4000000059604645,0.0914619192481041,0.10000000149011612,0.07407598942518234,0.10000000149011612,0.33354178071022034,0.4000000059604645,frozen_mlp_surrogate_adjoint,900,900,900,700,60.474886417388916,60.474886417388916,0.06719431824154325
324,193.3316650390625,164.90310668945312,177.6999969482422,73.70374298095703,0.7870253920555115,0.5352428555488586,0.6784722208976746,0.5130322575569153,0.8153332471847534,T040_010_010_040,0.0017848166171461344,7.972605089889839e-05,0.034101810306310654,7.972605089889839e-05,0.05,558,50296,0.025403954644205223,0.32673007249832153,0.4000000059604645,0.08847104012966156,0.10000000149011612,0.0859856903553009,0.10000000149011612,0.31414639949798584,0.4000000059604645,frozen_mlp_surrogate_adjoint,900,900,900,700,60.474886417388916,60.474886417388916,0.06719431824154325
325,193.33950805664062,164.90707397460938,177.705810546875,73.70069885253906,0.787079930305481,0.5353161692619324,0.6785126328468323,0.5129759907722473,0.8153245449066162,T040_010_010_040,0.0017848447896540165,7.959347567521036e-05,0.034105025231838226,7.959347567521036e-05,0.05,513,51530,0.022933979300804305,0.3267282247543335,0.4000000059604645,0.08845000714063644,0.10000000149011612,0.08599589765071869,0.10000000149011612,0.3141503632068634,0.4000000059604645,frozen_mlp_surrogate_adjoint,900,900,900,700,60.474886417388916,60.474886417388916,0.06719431824154325
326,193.33880615234375,164.9051513671875,177.7086181640625,73.70291900634766,0.7870749831199646,0.535280704498291,0.6785321235656738,0.5130169987678528,0.8153169751167297,T040_010_010_040,0.0017849004361778498,7.950943836476654e-05,0.03410781919956207,7.950943836476654e-05,0.05,684,51497,0.032750447109613785,0.32672643661499023,0.4000000059604645,0.08845669776201248,0.10000000149011612,0.08597876131534576,0.10000000149011612,0.31415510177612305,0.4000000059604645,frozen_mlp_surrogate_adjoint,900,900,900,700,60.474886417388916,60.474886417388916,0.06719431824154325
327,193.4366455078125,164.93466186523438,177.76266479492188,73.66946411132812,0.7877544164657593,0.5358272194862366,0.6789074540138245,0.5123974680900574,0.8152655363082886,T040_010_010_040,0.0017849603900685906,7.861919584684074e-05,0.03412682190537453,7.861919584684074e-05,0.05,142,50996,0.008055207325609885,0.32680636644363403,0.4000000059604645,0.08817517012357712,0.10000000149011612,0.08613838255405426,0.10000000149011612,0.31414559483528137,0.4000000059604645,frozen_mlp_surrogate_adjoint,900,900,900,700,60.474886417388916,60.474886417388916,0.06719431824154325
328,193.37820434570312,164.91683959960938,177.72970581054688,73.69091796875,0.7873486876487732,0.5354969501495361,0.678678572177887,0.5127947926521301,0.815290093421936,T040_010_010_040,0.00178497692104429,7.908933912403882e-05,0.03411775082349777,7.908933912403882e-05,0.05,473,50115,0.021120124726165413,0.3267582058906555,0.4000000059604645,0.08834704011678696,0.10000000149011612,0.08603167533874512,0.10000000149011612,0.31415316462516785,0.4000000059604645,frozen_mlp_surrogate_adjoint,900,900,900,700,60.474886417388916,60.474886417388916,0.06719431824154325
329,193.3167266845703,164.89666748046875,177.69537353515625,73.7120361328125,0.7869217395782471,0.5351234078407288,0.6784400939941406,0.5131857991218567,0.8153239488601685,T040_010_010_040,0.0017849828582257032,7.97206157585606e-05,0.034105245023965836,7.97206157585606e-05,0.05,607,50624,0.027929771013073913,0.3267120122909546,0.4000000059604645,0.08852268755435944,0.10000000149011612,0.08593451231718063,0.10000000149011612,0.3141547739505768,0.4000000059604645,frozen_mlp_surrogate_adjoint,900,900,900,700,60.474886417388916,60.474886417388916,0.06719431824154325
330,193.35446166992188,164.91043090820312,177.72048950195312,73.69924926757812,0.7871837615966797,0.5353783369064331,0.6786145567893982,0.5129491090774536,0.8152942657470703,T040_010_010_040,0.0017850229050964117,7.921253563836217e-05,0.03411620855331421,7.921253563836217e-05,0.05,390,51100,0.017468256853892812,0.3267284631729126,0.4000000059604645,0.08841819316148758,0.10000000149011612,0.08598526567220688,0.10000000149011612,0.31416240334510803,0.4000000059604645,frozen_mlp_surrogate_adjoint,900,900,900,700,60.474886417388916,60.474886417388916,0.06719431824154325
331,193.2961883544922,164.89259338378906,177.68345642089844,73.70904541015625,0.7867791056632996,0.5350481271743774,0.6783573627471924,0.5131304264068604,0.8153529167175293,T040_010_010_040,0.001785045606084168,8.031826291698962e-05,0.03409454599022865,8.031826291698962e-05,0.05,477,50217,0.021340123982821063,0.326682984828949,0.4000000059604645,0.08854973316192627,0.10000000149011612,0.08598935604095459,0.10000000149011612,0.31413084268569946,0.4000000059604645,frozen_mlp_surrogate_adjoint,900,900,900,700,60.474886417388916,60.474886417388916,0.06719431824154325
332,193.3443145751953,164.90347290039062,177.703125,73.70065307617188,0.7871133089065552,0.5352495312690735,0.678493857383728,0.5129750370979309,0.815319299697876,T040_010_010_040,0.0017850527074187994,7.970458682393655e-05,0.034106962382793427,7.970458682393655e-05,0.05,569,50866,0.02602464939617226,0.3267452120780945,0.4000000059604645,0.0884338766336441,0.10000000149011612,0.08600762486457825,0.10000000149011612,0.31413260102272034,0.4000000059604645,frozen_mlp_surrogate_adjoint,900,900,900,700,60.474886417388916,60.474886417388916,0.06719431824154325
333,193.27810668945312,164.89105224609375,177.673583984375,73.7227783203125,0.7866535782814026,0.5350193381309509,0.6782888174057007,0.5133847594261169,0.8153369426727295,T040_010_010_040,0.0017850607400760055,8.003850962268189e-05,0.03410044312477112,8.003850962268189e-05,0.05,632,50175,0.029205685143418036,0.326659619808197,0.4000000059604645,0.08863277733325958,0.10000000149011612,0.08587946742773056,0.10000000149011612,0.3141651451587677,0.4000000059604645,frozen_mlp_surrogate_adjoint,900,900,900,700,60.474886417388916,60.474886417388916,0.06719431824154325
334,193.3555450439453,164.91134643554688,177.71343994140625,73.69947814941406,0.7871912717819214,0.5353954434394836,0.6785655617713928,0.5129532217979431,0.8152957558631897,T040_010_010_040,0.0017850639997050166,7.928114791866392e-05,0.03411565721035004,7.928114791866392e-05,0.05,424,51463,0.019085760217690866,0.3267374038696289,0.4000000059604645,0.08841468393802643,0.10000000149011612,0.08598875999450684,0.10000000149011612,0.3141549229621887,0.4000000059604645,frozen_mlp_surrogate_adjoint,900,900,900,700,60.474886417388916,60.474886417388916,0.06719431824154325
335,193.30740356445312,164.89480590820312,177.67584228515625,73.71214294433594,0.7868569493293762,0.5350889563560486,0.6783044934272766,0.5131878852844238,0.8153418302536011,T040_010_010_040,0.001785077853128314,8.014582272153348e-05,0.03409864008426666,8.014582272153348e-05,0.05,620,50507,0.028654760203249596,0.32671618461608887,0.4000000059604645,0.08853702992200851,0.10000000149011612,0.08595874905586243,0.10000000149011612,0.3141298294067383,0.4000000059604645,frozen_mlp_surrogate_adjoint,900,900,900,700,60.474886417388916,60.474886417388916,0.06719431824154325
336,193.34521484375,164.9060516357422,177.71728515625,73.70236206054688,0.7871195077896118,0.5352973341941833,0.678592324256897,0.5130066275596619,0.8152967691421509,T040_010_010_040,0.0017850836738944054,7.931952131912112e-05,0.03411528468132019,7.931952131912112e-05,0.05,554,50239,0.025229732242669455,0.3267199993133545,0.4000000059604645,0.0884423702955246,0.10000000149011612,0.08597393333911896,0.10000000149011612,0.3141604959964752,0.4000000059604645,frozen_mlp_surrogate_adjoint,900,900,900,700,60.474886417388916,60.474886417388916,0.06719431824154325
337,193.34031677246094,164.89944458007812,177.70872497558594,73.698974609375,0.7870855331420898,0.5351748466491699,0.6785328388214111,0.5129439830780029,0.815324068069458,T040_010_010_040,0.0017850965959951282,7.983663090271875e-05,0.034105200320482254,7.983663090271875e-05,0.05,395,50925,0.017846305186312795,0.32673484086990356,0.4000000059604645,0.08843496441841125,0.10000000149011612,0.08602752536535263,0.10000000149011612,0.31412675976753235,0.4000000059604645,frozen_mlp_surrogate_adjoint,900,900,900,700,60.474886417388916,60.474886417388916,0.06719431824154325
338,193.3899383544922,164.92274475097656,177.741455078125,73.68830108642578,0.7874301075935364,0.5356062650680542,0.6787600517272949,0.512746274471283,0.8152649402618408,T040_010_010_040,0.001785108121111989,7.87560420576483e-05,0.034127041697502136,7.87560420576483e-05,0.05,234,50399,0.01090880022244787,0.3267481327056885,0.4000000059604645,0.08832234144210815,0.10000000149011612,0.08602716028690338,0.10000000149011612,0.3141673505306244,0.4000000059604645,frozen_mlp_surrogate_adjoint,900,900,900,700,60.474886417388916,60.474886417388916,0.06719431824154325
339,193.5196533203125,164.9511260986328,177.82101440429688,73.64384460449219,0.7883309125900269,0.5361319184303284,0.679312527179718,0.5119231343269348,0.8152158260345459,T040_010_010_040,0.0017851230222731829,7.786339847370982e-05,0.03414519131183624,7.786339847370982e-05,0.05,793,51358,0.03877472570138529,0.32688045501708984,0.4000000059604645,0.08793669193983078,0.10000000149011612,0.08626002073287964,0.10000000149011612,0.31413862109184265,0.4000000059604645,frozen_mlp_surrogate_adjoint,900,900,900,700,60.474886417388916,60.474886417388916,0.06719431824154325
340,193.19308471679688,164.86148071289062,177.62017822265625,73.74791717529297,0.7860631346702576,0.5344719886779785,0.6779178380966187,0.5138503313064575,0.8154018521308899,T040_010_010_040,0.001785131637006998,8.130784408422187e-05,0.034076474606990814,8.130784408422187e-05,0.05,835,51688,0.04118843350286,0.3266069293022156,0.4000000059604645,0.08885976672172546,0.10000000149011612,0.08579090237617493,0.10000000149011612,0.3141442537307739,0.4000000059604645,frozen_mlp_surrogate_adjoint,900,900,900,700,60.474886417388916,60.474886417388916,0.06719431824154325
341,193.4008026123047,164.93455505371094,177.74166870117188,73.67926025390625,0.787505567073822,0.5358251333236694,0.6787615418434143,0.5125788450241089,0.8152621984481812,T040_010_010_040,0.0017851343145594,7.873156573623419e-05,0.03412805497646332,7.873156573623419e-05,0.05,346,50952,0.015281482872877927,0.32673704624176025,0.4000000059604645,0.08828409016132355,0.10000000149011612,0.08607568591833115,0.10000000149011612,0.3141654431819916,0.4000000059604645,frozen_mlp_surrogate_adjoint,900,900,900,700,60.474886417388916,60.474886417388916,0.06719431824154325
342,193.34609985351562,164.91014099121094,177.69358825683594,73.70187377929688,0.7871257662773132,0.5353729128837585,0.6784276962280273,0.5129976868629456,0.8153086304664612,T040_010_010_040,0.0017851416487246752,7.959644426591694e-05,0.0341109037399292,7.959644426591694e-05,0.05,688,50159,0.033035880744317694,0.32674306631088257,0.4000000059604645,0.0884353369474411,0.10000000149011612,0.08599313348531723,0.10000000149011612,0.3141371011734009,0.4000000059604645,frozen_mlp_surrogate_adjoint,900,900,900,700,60.474886417388916,60.474886417388916,0.06719431824154325
343,193.19381713867188,164.8622283935547,177.621826171875,73.7471923828125,0.7860682010650635,0.5344856381416321,0.6779292821884155,0.5138368606567383,0.8153998851776123,T040_010_010_040,0.0017851472366601229,8.128712943289429e-05,0.034077201038599014,8.128712943289429e-05,0.05,783,50031,0.038343578480171434,0.32660365104675293,0.4000000059604645,0.08885611593723297,0.10000000149011612,0.08579499274492264,0.10000000149011612,0.31414511799812317,0.4000000059604645,frozen_mlp_surrogate_adjoint,900,900,900,700,60.474886417388916,60.474886417388916,0.06719431824154325
344,193.34921264648438,164.91802978515625,177.71200561523438,73.69306945800781,0.7871473431587219,0.5355191230773926,0.6785556077957153,0.5128345489501953,0.8152981996536255,T040_010_010_040,0.0017851691227406263,7.943130913190544e-05,0.03411475569009781,7.943130913190544e-05,0.05,803,50408,0.039324393726350125,0.32669520378112793,0.4000000059604645,0.08841735124588013,0.10000000149011612,0.08603136241436005,0.10000000149011612,0.3141542673110962,0.4000000059604645,frozen_mlp_surrogate_adjoint,900,900,900,700,60.474886417388916,60.474886417388916,0.06719431824154325
345,193.31771850585938,164.9026336669922,177.6879425048828,73.71273803710938,0.7869285345077515,0.5352340340614319,0.6783884763717651,0.5131988525390625,0.8153079748153687,T040_010_010_040,0.001785176107659936,7.96187887317501e-05,0.0341111458837986,7.96187887317501e-05,0.05,881,51013,0.04390445038985781,0.3267003893852234,0.4000000059604645,0.08852595090866089,0.10000000149011612,0.08592276275157928,0.10000000149011612,0.3141588866710663,0.4000000059604645,frozen_mlp_surrogate_adjoint,900,900,900,700,60.474886417388916,60.474886417388916,0.06719431824154325
346,193.3030242919922,164.90586853027344,177.67376708984375,73.71272277832031,0.7868265509605408,0.5352938175201416,0.678290069103241,0.5131986141204834,0.8153206706047058,T040_010_010_040,0.001785176107659936,7.985331467352808e-05,0.034106455743312836,7.985331467352808e-05,0.05,764,50604,0.037553239837672774,0.32667237520217896,0.4000000059604645,0.08856086432933807,0.10000000149011612,0.08592955768108368,0.10000000149011612,0.3141578435897827,0.4000000059604645,frozen_mlp_surrogate_adjoint,900,900,900,700,60.474886417388916,60.474886417388916,0.06719431824154325
347,193.36776733398438,164.9211883544922,177.71800231933594,73.68812561035156,0.7872762084007263,0.535577654838562,0.6785972118377686,0.5127429962158203,0.8152980804443359,T040_010_010_040,0.0017851977609097958,7.945773540996015e-05,0.03411480039358139,7.945773540996015e-05,0.05,241,51227,0.011045959469042306,0.3267395496368408,0.4000000059604645,0.0883655920624733,0.10000000149011612,0.08605878055095673,0.10000000149011612,0.3141341805458069,0.4000000059604645,frozen_mlp_surrogate_adjoint,900,900,900,700,60.474886417388916,60.474886417388916,0.06719431824154325
348,193.33724975585938,164.9029083251953,177.7117919921875,73.71084594726562,0.787064254283905,0.5352391004562378,0.6785541772842407,0.5131638646125793,0.8152827024459839,T040_010_010_040,0.001785198226571083,7.917413313407451e-05,0.034120481461286545,7.917413313407451e-05,0.05,575,50505,0.026185661882844262,0.3267149329185486,0.4000000059604645,0.0884818285703659,0.10000000149011612,0.08591289073228836,0.10000000149011612,0.31417304277420044,0.4000000059604645,frozen_mlp_surrogate_adjoint,900,900,900,700,60.474886417388916,60.474886417388916,0.06719431824154325
349,193.36325073242188,164.92623901367188,177.71734619140625,73.69175720214844,0.7872447967529297,0.5356711745262146,0.6785926818847656,0.5128102898597717,0.8152763247489929,T040_010_010_040,0.001785198226571083,7.905640086391941e-05,0.03412283584475517,7.905640086391941e-05,0.05,493,50694,0.022169985297267512,0.3266988694667816,0.4000000059604645,0.08839346468448639,0.10000000149011612,0.08601388335227966,0.10000000149011612,0.31417006254196167,0.4000000059604645,frozen_mlp_surrogate_adjoint,900,900,900,700,60.474886417388916,60.474886417388916,0.06719431824154325
350,193.3875732421875,164.9087677001953,177.73609924316406,73.68612670898438,0.7874137759208679,0.5353474617004395,0.6787229180335999,0.5127060413360596,0.8152929544448853,T040_010_010_040,0.0017852012533694506,7.936664042063057e-05,0.03411669284105301,7.936664042063057e-05,0.05,35,50491,0.004063381286863372,0.32678210735321045,0.4000000059604645,0.08830682188272476,0.10000000149011612,0.08608300238847733,0.10000000149011612,0.3141210377216339,0.4000000059604645,frozen_mlp_surrogate_adjoint,900,900,900,700,60.474886417388916,60.474886417388916,0.06719431824154325
351,193.365234375,164.91925048828125,177.72093200683594,73.6964111328125,0.7872586250305176,0.5355415940284729,0.6786175966262817,0.5128964781761169,0.8152709007263184,T040_010_010_040,0.001785229193046689,7.898727199062705e-05,0.034124840050935745,7.898727199062705e-05,0.05,474,51669,0.02118377244411231,0.3267204165458679,0.4000000059604645,0.08839451521635056,0.10000000149011612,0.08598773181438446,0.10000000149011612,0.31416821479797363,0.4000000059604645,frozen_mlp_surrogate_adjoint,900,900,900,700,60.474886417388916,60.474886417388916,0.06719431824154325
352,193.3079833984375,164.90126037597656,177.67929077148438,73.71598815917969,0.7868610620498657,0.5352084040641785,0.6783283352851868,0.5132590532302856,0.8153103590011597,T040_010_010_040,0.0017852354794740677,7.972223829710856e-05,0.034110262989997864,7.972223829710856e-05,0.05,795,51581,0.03897583605925413,0.3266901969909668,0.4000000059604645,0.08855423331260681,0.10000000149011612,0.0859074518084526,0.10000000149011612,0.31415849924087524,0.4000000059604645,frozen_mlp_surrogate_adjoint,900,900,900,700,60.474886417388916,60.474886417388916,0.06719431824154325
353,193.38958740234375,164.9215087890625,177.73651123046875,73.69131469726562,0.7874277234077454,0.5355833768844604,0.6787258386611938,0.5128021836280823,0.8152564167976379,T040_010_010_040,0.001785245374776423,7.873568392824382e-05,0.034130193293094635,7.873568392824382e-05,0.05,358,50162,0.015803131573012136,0.32675349712371826,0.4000000059604645,0.08832816779613495,0.10000000149011612,0.0860101729631424,0.10000000149011612,0.31416457891464233,0.4000000059604645,frozen_mlp_surrogate_adjoint,900,900,900,700,60.474886417388916,60.474886417388916,0.06719431824154325
354,193.2188262939453,164.8841552734375,177.6187744140625,73.739501953125,0.7862418293952942,0.5348917245864868,0.6779081225395203,0.5136944651603699,0.8153694868087769,T040_010_010_040,0.0017852485179901123,8.082727435976267e-05,0.03408842533826828,8.082727435976267e-05,0.05,813,50227,0.04011908748680201,0.3266029357910156,0.4000000059604645,0.08879857510328293,0.10000000149011612,0.08580971509218216,0.10000000149011612,0.31415823101997375,0.4000000059604645,frozen_mlp_surrogate_adjoint,900,900,900,700,60.474886417388916,60.474886417388916,0.06719431824154325
355,193.30422973632812,164.9090576171875,177.67755126953125,73.70677185058594,0.7868348956108093,0.5353530645370483,0.6783163547515869,0.5130883455276489,0.8153282403945923,T040_010_010_040,0.001785252708941698,8.006976713659242e-05,0.03410365805029869,8.006976713659242e-05,0.05,672,50772,0.03208276842048574,0.3266701102256775,0.4000000059604645,0.08854629099369049,0.10000000149011612,0.08596981316804886,0.10000000149011612,0.31414201855659485,0.4000000059604645,frozen_mlp_surrogate_adjoint,900,900,900,700,60.474886417388916,60.474886417388916,0.06719431824154325
356,193.3701934814453,164.92398071289062,177.7293701171875,73.69361877441406,0.787293016910553,0.535629153251648,0.678676187992096,0.5128447413444519,0.8152583241462708,T040_010_010_040,0.0017852720338851213,7.879768963903189e-05,0.03412948548793793,7.879768963903189e-05,0.05,706,51037,0.034069534213962395,0.32670414447784424,0.4000000059604645,0.08838333189487457,0.10000000149011612,0.08599092066287994,0.10000000149011612,0.3141799569129944,0.4000000059604645,frozen_mlp_surrogate_adjoint,900,900,900,700,60.474886417388916,60.474886417388916,0.06719431824154325
357,193.31451416015625,164.9132537841797,177.68106079101562,73.70833587646484,0.786906361579895,0.5354307293891907,0.6783406734466553,0.5131173133850098,0.8153029084205627,T040_010_010_040,0.0017852750606834888,7.962418021634221e-05,0.03411301597952843,7.962418021634221e-05,0.05,831,50816,0.041158916276394786,0.3266642093658447,0.4000000059604645,0.08853171765804291,0.10000000149011612,0.08594146370887756,0.10000000149011612,0.31416553258895874,0.4000000059604645,frozen_mlp_surrogate_adjoint,900,900,900,700,60.474886417388916,60.474886417388916,0.06719431824154325
358,193.33456420898438,164.9127960205078,177.6874237060547,73.70498657226562,0.7870455980300903,0.535422146320343,0.6783849000930786,0.5130552649497986,0.8152984380722046,T040_010_010_040,0.0017852804157882929,7.954711327329278e-05,0.034114666283130646,7.954711327329278e-05,0.05,449,51719,0.020026716043621925,0.32670828700065613,0.4000000059604645,0.08847390115261078,0.10000000149011612,0.08596593141555786,0.10000000149011612,0.314150333404541,0.4000000059604645,frozen_mlp_surrogate_adjoint,900,900,900,700,60.474886417388916,60.474886417388916,0.06719431824154325
359,193.3157501220703,164.9004669189453,177.67922973632812,73.70682525634766,0.7869149446487427,0.535193920135498,0.6783279776573181,0.5130893588066101,0.8153383731842041,T040_010_010_040,0.0017852943856269121,8.02985523478128e-05,0.034099917858839035,8.02985523478128e-05,0.05,809,51561,0.0398864261980909,0.3267323672771454,0.4000000059604645,0.08850739896297455,0.10000000149011612,0.08599106967449188,0.10000000149011612,0.3141075372695923,0.4000000059604645,frozen_mlp_surrogate_adjoint,900,900,900,700,60.474886417388916,60.474886417388916,0.06719431824154325
360,193.3485107421875,164.9033966064453,177.72764587402344,73.70858764648438,0.7871424555778503,0.5352480411529541,0.6786642074584961,0.5131220817565918,0.8152638673782349,T040_010_010_040,0.0017852960154414177,7.892402209108695e-05,0.03412744030356407,7.892402209108695e-05,0.05,200,51307,0.009855187899725882,0.32671481370925903,0.4000000059604645,0.08845362067222595,0.10000000149011612,0.08591508120298386,0.10000000149011612,0.3141803443431854,0.4000000059604645,frozen_mlp_surrogate_adjoint,900,900,900,700,60.474886417388916,60.474886417388916,0.06719431824154325
361,193.362548828125,164.92376708984375,177.71395874023438,73.68928527832031,0.7872398495674133,0.5356253981590271,0.6785691976547241,0.5127644538879395,0.8152906894683838,T040_010_010_040,0.0017853014869615436,7.942493539303541e-05,0.03411753103137016,7.942493539303541e-05,0.05,246,50732,0.011234190830252743,0.3267199397087097,0.4000000059604645,0.0883835181593895,0.10000000149011612,0.08604666590690613,0.10000000149011612,0.31414055824279785,0.4000000059604645,frozen_mlp_surrogate_adjoint,900,900,900,700,60.474886417388916,60.474886417388916,0.06719431824154325
362,193.33755493164062,164.9079132080078,177.7158966064453,73.70767974853516,0.7870663404464722,0.5353318452835083,0.6785826086997986,0.5131051540374756,0.8152725696563721,T040_010_010_040,0.0017853042809292674,7.909304986242205e-05,0.0341242253780365,7.909304986242205e-05,0.05,635,51529,0.029475059043142193,0.3266887366771698,0.4000000059604645,0.08847878128290176,0.10000000149011612,0.08592444658279419,0.10000000149011612,0.3141805827617645,0.4000000059604645,frozen_mlp_surrogate_adjoint,900,900,900,700,60.474886417388916,60.474886417388916,0.06719431824154325
363,193.350341796875,164.8998260498047,177.7073516845703,73.69882202148438,0.7871550917625427,0.5351819396018982,0.6785233020782471,0.5129411220550537,0.8153089880943298,T040_010_010_040,0.001785308588296175,7.977013592608273e-05,0.034110769629478455,7.977013592608273e-05,0.05,784,50146,0.03834824683987377,0.3267512321472168,0.4000000059604645,0.08841358870267868,0.10000000149011612,0.08602599799633026,0.10000000149011612,0.3141181468963623,0.4000000059604645,frozen_mlp_surrogate_adjoint,900,900,900,700,60.474886417388916,60.474886417388916,0.06719431824154325
364,193.41543579101562,164.92002868652344,177.76596069335938,73.68524932861328,0.7876071929931641,0.5355560779571533,0.6789303421974182,0.5126897692680359,0.8152346611022949,T040_010_010_040,0.0017853175522759557,7.840611215215176e-05,0.03413822874426842,7.840611215215176e-05,0.05,399,50428,0.0178986603507005,0.3267773389816284,0.4000000059604645,0.08825657516717911,0.10000000149011612,0.08603503555059433,0.10000000149011612,0.31416571140289307,0.4000000059604645,frozen_mlp_surrogate_adjoint,900,900,900,700,60.474886417388916,60.474886417388916,0.06719431824154325
365,193.31149291992188,164.91366577148438,177.69064331054688,73.7098617553711,0.7868854403495789,0.5354381799697876,0.6784071922302246,0.5131456255912781,0.8152884840965271,T040_010_010_040,0.0017853266326710582,7.940949581097811e-05,0.03411834314465523,7.940949581097811e-05,0.05,664,51672,0.03155237077063005,0.32663923501968384,0.4000000059604645,0.08854784071445465,0.10000000149011612,0.08591662347316742,0.10000000149011612,0.3141847848892212,0.4000000059604645,frozen_mlp_surrogate_adjoint,900,900,900,700,60.474886417388916,60.474886417388916,0.06719431824154325
366,193.3397216796875,164.90989685058594,177.71591186523438,73.7090072631836,0.7870814204216003,0.5353684425354004,0.6785826683044434,0.5131297707557678,0.8152637481689453,T040_010_010_040,0.0017853318713605404,7.895776070654392e-05,0.034127481281757355,7.895776070654392e-05,0.05,175,51143,0.008846448114816179,0.3266882002353668,0.4000000059604645,0.08848073333501816,0.10000000149011612,0.08590684086084366,0.10000000149011612,0.3141879737377167,0.4000000059604645,frozen_mlp_surrogate_adjoint,900,900,900,700,60.474886417388916,60.474886417388916,0.06719431824154325
367,193.33737182617188,164.89837646484375,177.71376037597656,73.69745635986328,0.7870650887489319,0.5351552367210388,0.6785677671432495,0.5129159092903137,0.8153116703033447,T040_010_010_040,0.0017853641184046865,7.98751279944554e-05,0.034109778702259064,7.98751279944554e-05,0.05,624,51664,0.029028939371696455,0.3267109990119934,0.4000000059604645,0.08843319863080978,0.10000000149011612,0.08604421466588974,0.10000000149011612,0.3141233026981354,0.4000000059604645,frozen_mlp_surrogate_adjoint,900,900,900,700,60.474886417388916,60.474886417388916,0.06719431824154325
368,193.36941528320312,164.9088134765625,177.73974609375,73.69419860839844,0.7872876524925232,0.5353484749794006,0.6787481904029846,0.5128554701805115,0.8152671456336975,T040_010_010_040,0.001785383326932788,7.907202234491706e-05,0.03412622585892677,7.907202234491706e-05,0.05,578,50235,0.026319886914122112,0.3267270624637604,0.4000000059604645,0.08836713433265686,0.10000000149011612,0.0860188901424408,0.10000000149011612,0.31415408849716187,0.4000000059604645,frozen_mlp_surrogate_adjoint,900,900,900,700,60.474886417388916,60.474886417388916,0.06719431824154325
369,193.37237548828125,164.9146728515625,177.70970153808594,73.69361877441406,0.7873080968856812,0.5354567766189575,0.6785395741462708,0.5128447413444519,0.815287709236145,T040_010_010_040,0.0017853882163763046,7.945677498355508e-05,0.03411862999200821,7.945677498355508e-05,0.05,222,50248,0.010597359825900453,0.326770544052124,0.4000000059604645,0.088359035551548,0.10000000149011612,0.08603687584400177,0.10000000149011612,0.31412121653556824,0.4000000059604645,frozen_mlp_surrogate_adjoint,900,900,900,700,60.474886417388916,60.474886417388916,0.06719431824154325
370,193.39654541015625,164.9396209716797,177.73524475097656,73.6815414428711,0.7874760031700134,0.5359190106391907,0.6787169575691223,0.5126211643218994,0.8152409791946411,T040_010_010_040,0.0017853905446827412,7.85956799518317e-05,0.03413589671254158,7.85956799518317e-05,0.05,242,51362,0.011064326371395976,0.3267097473144531,0.4000000059604645,0.08830483257770538,0.10000000149011612,0.08605065196752548,0.10000000149011612,0.3141758143901825,0.4000000059604645,frozen_mlp_surrogate_adjoint,900,900,900,700,60.474886417388916,60.474886417388916,0.06719431824154325
371,193.30380249023438,164.8933868408203,177.69967651367188,73.71668243408203,0.7868320345878601,0.5350626707077026,0.6784700155258179,0.5132718682289124,0.8152966499328613,T040_010_010_040,0.0017853939207270741,7.9627352533862e-05,0.03411532938480377,7.9627352533862e-05,0.05,855,50048,0.04263033620801378,0.326665461063385,0.4000000059604645,0.08856087177991867,0.10000000149011612,0.08590356260538101,0.10000000149011612,0.31416675448417664,0.4000000059604645,frozen_mlp_surrogate_adjoint,900,900,900,700,60.474886417388916,60.474886417388916,0.06719431824154325
372,193.47662353515625,164.94644165039062,177.78677368164062,73.6548080444336,0.7880321741104126,0.5360451936721802,0.6790748834609985,0.512126088142395,0.8152339458465576,T040_010_010_040,0.0017854005564004183,7.84759467933327e-05,0.03413849323987961,7.84759467933327e-05,0.05,535,50164,0.024134317140011196,0.32684358954429626,0.4000000059604645,0.08805739134550095,0.10000000149011612,0.08621320128440857,0.10000000149011612,0.31411975622177124,0.4000000059604645,frozen_mlp_surrogate_adjoint,900,900,900,700,60.474886417388916,60.474886417388916,0.06719431824154325
373,193.3701171875,164.93194580078125,177.71719360351562,73.68712615966797,0.7872925400733948,0.5357766151428223,0.6785916090011597,0.5127245783805847,0.8152686953544617,T040_010_010_040,0.0017854018369689584,7.911901775514707e-05,0.03412565588951111,7.911901775514707e-05,0.05,565,51035,0.025782103964778307,0.326699823141098,0.4000000059604645,0.08836986124515533,0.10000000149011612,0.0860411748290062,0.10000000149011612,0.3141578435897827,0.4000000059604645,frozen_mlp_surrogate_adjoint,900,900,900,700,60.474886417388916,60.474886417388916,0.06719431824154325
374,193.46246337890625,164.942138671875,177.78182983398438,73.66925048828125,0.7879337072372437,0.5359656810760498,0.6790404319763184,0.512393593788147,0.8152033090591431,T040_010_010_040,0.001785403466783464,7.791262032696977e-05,0.03414981812238693,7.791262032696977e-05,0.05,396,51293,0.017868854579120512,0.3268063962459564,0.4000000059604645,0.08812693506479263,0.10000000149011612,0.08610251545906067,0.10000000149011612,0.31416746973991394,0.4000000059604645,frozen_mlp_surrogate_adjoint,900,900,900,700,60.474886417388916,60.474886417388916,0.06719431824154325
375,193.35401916503906,164.91815185546875,177.7243194580078,73.70185089111328,0.7871806621551514,0.5355212092399597,0.6786410808563232,0.5129972100257874,0.815250813961029,T040_010_010_040,0.0017854049801826477,7.879191252868623e-05,0.03413226082921028,7.879191252868623e-05,0.05,447,51578,0.019925219814377056,0.3266832232475281,0.4000000059604645,0.08843759447336197,0.10000000149011612,0.08594001084566116,0.10000000149011612,0.31418997049331665,0.4000000059604645,frozen_mlp_surrogate_adjoint,900,900,900,700,60.474886417388916,60.474886417388916,0.06719431824154325
376,193.387939453125,164.91281127929688,177.75030517578125,73.68873596191406,0.7874162197113037,0.5354225039482117,0.6788215637207031,0.5127544403076172,0.8152565956115723,T040_010_010_040,0.001785407424904406,7.89010664448142e-05,0.03413012623786926,7.89010664448142e-05,0.05,171,50702,0.008768368729549227,0.32674553990364075,0.4000000059604645,0.08831572532653809,0.10000000149011612,0.08604393899440765,0.10000000149011612,0.31415143609046936,0.4000000059604645,frozen_mlp_surrogate_adjoint,900,900,900,700,60.474886417388916,60.474886417388916,0.06719431824154325
377,193.419189453125,164.9182586669922,177.76585388183594,73.68152618408203,0.7876332998275757,0.5355232954025269,0.6789295673370361,0.5126208662986755,0.815239429473877,T040_010_010_040,0.0017854226753115654,7.85993761382997e-05,0.034136466681957245,7.85993761382997e-05,0.05,454,51372,0.02022134241449004,0.32678520679473877,0.4000000059604645,0.08823546022176743,0.10000000149011612,0.08607107400894165,0.10000000149011612,0.3141476809978485,0.4000000059604645,frozen_mlp_surrogate_adjoint,900,900,900,700,60.474886417388916,60.474886417388916,0.06719431824154325
378,193.30038452148438,164.88584899902344,177.69247436523438,73.71920013427734,0.7868082523345947,0.5349230170249939,0.6784198880195618,0.5133184790611267,0.8153079748153687,T040_010_010_040,0.0017854234902188182,7.986612035892904e-05,0.0341111458837986,7.986612035892904e-05,0.05,384,51240,0.01712311620101117,0.3266858160495758,0.4000000059604645,0.08857089281082153,0.10000000149011612,0.08590184152126312,0.10000000149011612,0.314149409532547,0.4000000059604645,frozen_mlp_surrogate_adjoint,900,900,900,700,60.474886417388916,60.474886417388916,0.06719431824154325
379,193.3514862060547,164.90660095214844,177.71002197265625,73.70671081542969,0.7871630787849426,0.5353073477745056,0.6785418391227722,0.5130872130393982,0.8152701258659363,T040_010_010_040,0.0017854252364486456,7.916886534076184e-05,0.03412512689828873,7.916886534076184e-05,0.05,489,51159,0.021992457288845357,0.3267321288585663,0.4000000059604645,0.08843915164470673,0.10000000149011612,0.08594176173210144,0.10000000149011612,0.31415706872940063,0.4000000059604645,frozen_mlp_surrogate_adjoint,900,900,900,700,60.474886417388916,60.474886417388916,0.06719431824154325
380,193.351318359375,164.92938232421875,177.708984375,73.6964340209961,0.7871618866920471,0.5357292294502258,0.6785346269607544,0.5128969550132751,0.8152576088905334,T040_010_010_040,0.0017854459583759308,7.895843737060204e-05,0.03412974998354912,7.895843737060204e-05,0.05,62,50724,0.005475765904118314,0.3266611099243164,0.4000000059604645,0.08843711018562317,0.10000000149011612,0.08597467839717865,0.10000000149011612,0.3141847252845764,0.4000000059604645,frozen_mlp_surrogate_adjoint,900,900,900,700,60.474886417388916,60.474886417388916,0.06719431824154325
381,193.41915893554688,164.92897033691406,177.73904418945312,73.67847442626953,0.7876331210136414,0.5357216000556946,0.6787433624267578,0.5125643610954285,0.815258800983429,T040_010_010_040,0.0017854502657428384,7.898472540546209e-05,0.0341293103992939,7.898472540546209e-05,0.05,17,50109,0.003380877458624668,0.32680946588516235,0.4000000059604645,0.08822742849588394,0.10000000149011612,0.0861029401421547,0.10000000149011612,0.31411898136138916,0.4000000059604645,frozen_mlp_surrogate_adjoint,900,900,900,700,60.474886417388916,60.474886417388916,0.06719431824154325
382,193.33448791503906,164.90716552734375,177.7136993408203,73.71389770507812,0.7870450615882874,0.5353180170059204,0.6785673499107361,0.5132203102111816,0.8152533769607544,T040_010_010_040,0.0017854573670774698,7.889157859608531e-05,0.03413131460547447,7.889157859608531e-05,0.05,794,50444,0.0389528832809649,0.32668232917785645,0.4000000059604645,0.08850347250699997,0.10000000149011612,0.08587399125099182,0.10000000149011612,0.31419360637664795,0.4000000059604645,frozen_mlp_surrogate_adjoint,900,900,900,700,60.474886417388916,60.474886417388916,0.06719431824154325
383,193.36534118652344,164.91189575195312,177.7096405029297,73.70097351074219,0.7872593402862549,0.5354053974151611,0.6785391569137573,0.5129809379577637,0.8152687549591064,T040_010_010_040,0.0017854603938758373,7.917873881524429e-05,0.03412563353776932,7.917873881524429e-05,0.05,179,51741,0.009024160187510129,0.3267502784729004,0.4000000059604645,0.08839443325996399,0.10000000149011612,0.08597932755947113,0.10000000149011612,0.31414473056793213,0.4000000059604645,frozen_mlp_surrogate_adjoint,900,900,900,700,60.474886417388916,60.474886417388916,0.06719431824154325
384,193.31536865234375,164.89804077148438,177.7052001953125,73.70718383789062,0.7869123220443726,0.5351488590240479,0.6785083413124084,0.513096034526825,0.8152987957000732,T040_010_010_040,0.0017854669131338596,7.974004984134808e-05,0.0341145358979702,7.974004984134808e-05,0.05,239,50562,0.01101389445085734,0.3266669511795044,0.4000000059604645,0.0885099470615387,0.10000000149011612,0.08597173541784286,0.10000000149011612,0.3141501545906067,0.4000000059604645,frozen_mlp_surrogate_adjoint,900,900,900,700,60.474886417388916,60.474886417388916,0.06719431824154325
385,193.358154296875,164.90292358398438,177.73080444335938,73.69552612304688,0.7872093319892883,0.5352393388748169,0.6786861419677734,0.5128800868988037,0.8152788877487183,T040_010_010_040,0.00178549624979496,7.940180512377992e-05,0.03412188962101936,7.940180512377992e-05,0.05,144,51097,0.008067273495178676,0.32672134041786194,0.4000000059604645,0.08838937431573868,0.10000000149011612,0.0860307365655899,0.10000000149011612,0.31413742899894714,0.4000000059604645,frozen_mlp_surrogate_adjoint,900,900,900,700,60.474886417388916,60.474886417388916,0.06719431824154325
386,193.31661987304688,164.9044189453125,177.70474243164062,73.70932006835938,0.7869210243225098,0.5352669358253479,0.6785051226615906,0.5131354928016663,0.8152791261672974,T040_010_010_040,0.0017855368787422776,7.944677781779319e-05,0.0341218002140522,7.944677781779319e-05,0.05,700,50698,0.03357308974350052,0.32665005326271057,0.4000000059604645,0.08852293342351913,0.10000000149011612,0.08593524992465973,0.10000000149011612,0.3141708970069885,0.4000000059604645,frozen_mlp_surrogate_adjoint,900,900,900,700,60.474886417388916,60.474886417388916,0.06719431824154325
387,193.37045288085938,164.90699768066406,177.71795654296875,73.697265625,0.787294864654541,0.535314679145813,0.6785968542098999,0.5129122734069824,0.8152714967727661,T040_010_010_040,0.0017855431651696563,7.931215077405795e-05,0.034124620258808136,7.931215077405795e-05,0.05,693,50586,0.03327601749832033,0.32675832509994507,0.4000000059604645,0.08837122470140457,0.10000000149011612,0.08601199090480804,0.10000000149011612,0.3141299784183502,0.4000000059604645,frozen_mlp_surrogate_adjoint,900,900,900,700,60.474886417388916,60.474886417388916,0.06719431824154325
388,193.48031616210938,164.93304443359375,177.8035888671875,73.66317749023438,0.788057804107666,0.5357971787452698,0.6791916489601135,0.5122811198234558,0.8151997923851013,T040_010_010_040,0.0017855508485808969,7.799491140758619e-05,0.034151118248701096,7.799491140758619e-05,0.05,639,50895,0.029996793090436253,0.3268376886844635,0.4000000059604645,0.08806517720222473,0.10000000149011612,0.08615239709615707,0.10000000149011612,0.3141445517539978,0.4000000059604645,frozen_mlp_surrogate_adjoint,900,900,900,700,60.474886417388916,60.474886417388916,0.06719431824154325
389,193.38934326171875,164.92950439453125,177.71380615234375,73.6903076171875,0.7874259948730469,0.5357316732406616,0.6785680651664734,0.512783408164978,0.8152487277984619,T040_010_010_040,0.0017855558544397354,7.89041951065883e-05,0.03413303196430206,7.89041951065883e-05,0.05,401,51523,0.018006408508917056,0.326749324798584,0.4000000059604645,0.08832623809576035,0.10000000149011612,0.08602506667375565,0.10000000149011612,0.31414809823036194,0.4000000059604645,frozen_mlp_surrogate_adjoint,900,900,900,700,60.474886417388916,60.474886417388916,0.06719431824154325
390,193.3372344970703,164.9095001220703,177.70086669921875,73.71273803710938,0.7870641350746155,0.5353610515594482,0.6784783005714417,0.5131988525390625,0.8152569532394409,T040_010_010_040,0.001785557484254241,7.905789971118793e-05,0.03412999212741852,7.905789971118793e-05,0.05,380,50377,0.01708293853065403,0.3266969323158264,0.4000000059604645,0.08849073946475983,0.10000000149011612,0.08589308708906174,0.10000000149011612,0.3141762316226959,0.4000000059604645,frozen_mlp_surrogate_adjoint,900,900,900,700,60.474886417388916,60.474886417388916,0.06719431824154325
391,193.37759399414062,164.91966247558594,177.71279907226562,73.69906616210938,0.7873443961143494,0.5355492234230042,0.6785611510276794,0.5129455924034119,0.8152480125427246,T040_010_010_040,0.0017855627229437232,7.889791595516726e-05,0.034133296459913254,7.889791595516726e-05,0.05,122,51710,0.007629807996922025,0.32675138115882874,0.4000000059604645,0.08836803585290909,0.10000000149011612,0.08597484230995178,0.10000000149011612,0.3141537606716156,0.4000000059604645,frozen_mlp_surrogate_adjoint,900,900,900,700,60.474886417388916,60.474886417388916,0.06719431824154325
392,193.36642456054688,164.9007110595703,177.73532104492188,73.70223236083984,0.7872667908668518,0.5351982712745667,0.6787174940109253,0.5130043029785156,0.8152529001235962,T040_010_010_040,0.0017855915939435363,7.90171543485485e-05,0.0341314896941185,7.90171543485485e-05,0.05,153,50360,0.008218953000882528,0.32673949003219604,0.4000000059604645,0.08839580416679382,0.10000000149011612,0.08596440404653549,0.10000000149011612,0.31415319442749023,0.4000000059604645,frozen_mlp_surrogate_adjoint,900,900,900,700,60.474886417388916,60.474886417388916,0.06719431824154325
393,193.535400390625,164.9735565185547,177.82876586914062,73.63661193847656,0.7884402871131897,0.5365473628044128,0.6793664693832397,0.5117890238761902,0.8151572346687317,T040_010_010_040,0.0017856082413345575,7.72658531786874e-05,0.0341668464243412,7.72658531786874e-05,0.05,743,51027,0.0363995032183491,0.3268206715583801,0.4000000059604645,0.08790748566389084,0.10000000149011612,0.08625900745391846,0.10000000149011612,0.31417006254196167,0.4000000059604645,frozen_mlp_surrogate_adjoint,900,900,900,700,60.474886417388916,60.474886417388916,0.06719431824154325
394,193.4137420654297,164.91835021972656,177.7689208984375,73.67822265625,0.7875954508781433,0.5355249643325806,0.6789509057998657,0.5125596523284912,0.8152366876602173,T040_010_010_040,0.0017856147605925798,7.874073344282806e-05,0.034137479960918427,7.874073344282806e-05,0.05,25,51533,0.003697286717288613,0.32675766944885254,0.4000000059604645,0.08823303133249283,0.10000000149011612,0.08610481768846512,0.10000000149011612,0.314141184091568,0.4000000059604645,frozen_mlp_surrogate_adjoint,900,900,900,700,60.474886417388916,60.474886417388916,0.06719431824154325
395,193.4838104248047,164.95248413085938,177.8036651611328,73.66422271728516,0.7880820035934448,0.5361571311950684,0.6791921257972717,0.512300431728363,0.8151600360870361,T040_010_010_040,0.0017856216290965676,7.733103848295286e-05,0.03416581079363823,7.733103848295286e-05,0.05,421,50967,0.018894686331668114,0.32678961753845215,0.4000000059604645,0.08808092772960663,0.10000000149011612,0.08609696477651596,0.10000000149011612,0.3141925632953644,0.4000000059604645,frozen_mlp_surrogate_adjoint,900,900,900,700,60.474886417388916,60.474886417388916,0.06719431824154325
396,193.38284301757812,164.9184112548828,177.74700927734375,73.70272827148438,0.7873808741569519,0.5355260372161865,0.6787986159324646,0.513013482093811,0.8152059316635132,T040_010_010_040,0.0017856224440038204,7.817996083758771e-05,0.03414884954690933,7.817996083758771e-05,0.05,83,50173,0.006160644659039813,0.3267176151275635,0.4000000059604645,0.08837808668613434,0.10000000149011612,0.08590815216302872,0.10000000149011612,0.31420207023620605,0.4000000059604645,frozen_mlp_surrogate_adjoint,900,900,900,700,60.474886417388916,60.474886417388916,0.06719431824154325
397,193.40985107421875,164.9337158203125,177.74127197265625,73.68734741210938,0.7875683903694153,0.5358096361160278,0.6787588596343994,0.5127285718917847,0.8152129054069519,T040_010_010_040,0.0017856367630884051,7.832321716705337e-05,0.0341462716460228,7.832321716705337e-05,0.05,857,50153,0.042749485925923314,0.3267461657524109,0.4000000059604645,0.08828303962945938,0.10000000149011612,0.08601048588752747,0.10000000149011612,0.31417322158813477,0.4000000059604645,frozen_mlp_surrogate_adjoint,900,900,900,700,60.474886417388916,60.474886417388916,0.06719431824154325
398,193.451416015625,164.9278106689453,177.79661560058594,73.6778564453125,0.7878569960594177,0.535700261592865,0.6791431903839111,0.5125529766082764,0.8151817917823792,T040_010_010_040,0.0017856599297374487,7.777133578201756e-05,0.03415777161717415,7.777133578201756e-05,0.05,510,50800,0.022920002745549173,0.32678818702697754,0.4000000059604645,0.08816617727279663,0.10000000149011612,0.0860494077205658,0.10000000149011612,0.3141780495643616,0.4000000059604645,frozen_mlp_surrogate_adjoint,900,900,900,700,60.474886417388916,60.474886417388916,0.06719431824154325
399,193.36419677734375,164.9391326904297,177.7228546142578,73.69258117675781,0.7872512936592102,0.53590989112854,0.6786309480667114,0.512825608253479,0.8152216076850891,T040_010_010_040,0.001785671105608344,7.851835835026577e-05,0.034143052995204926,7.851835835026577e-05,0.05,156,50106,0.008300614666752136,0.32663479447364807,0.4000000059604645,0.08841138333082199,0.10000000149011612,0.0859692171216011,0.10000000149011612,0.31420618295669556,0.4000000059604645,frozen_mlp_surrogate_adjoint,900,900,900,700,60.474886417388916,60.474886417388916,0.06719431824154325
400,193.4178924560547,164.92437744140625,177.7552032470703,73.69131469726562,0.7876242399215698,0.5356364846229553,0.6788555979728699,0.5128020644187927,0.8152009844779968,T040_010_010_040,0.0017856821650639176,7.814843411324546e-05,0.03415067493915558,7.814843411324546e-05,0.05,193,50976,0.009714705708595117,0.3267742395401001,0.4000000059604645,0.08826903253793716,0.10000000149011612,0.08598428964614868,0.10000000149011612,0.3141734004020691,0.4000000059604645,frozen_mlp_surrogate_adjoint,900,900,900,700,60.474886417388916,60.474886417388916,0.06719431824154325
401,193.37991333007812,164.91085815429688,177.72853088378906,73.69977569580078,0.7873604893684387,0.5353861451148987,0.678670346736908,0.5129587650299072,0.8152379989624023,T040_010_010_040,0.0017856962513178587,7.884646765887737e-05,0.034136995673179626,7.884646765887737e-05,0.05,160,51501,0.008481152743418187,0.3267521262168884,0.4000000059604645,0.08836273849010468,0.10000000149011612,0.08597077429294586,0.10000000149011612,0.3141523599624634,0.4000000059604645,frozen_mlp_surrogate_adjoint,900,900,900,700,60.474886417388916,60.474886417388916,0.06719431824154325
402,193.38027954101562,164.90847778320312,177.75021362304688,73.68758392333984,0.7873630523681641,0.5353421568870544,0.6788209676742554,0.5127330422401428,0.8152519464492798,T040_010_010_040,0.0017857230268418789,7.913085573818535e-05,0.034131843596696854,7.913085573818535e-05,0.05,391,51671,0.017502769297194784,0.3267230689525604,0.4000000059604645,0.0883222222328186,0.10000000149011612,0.08606969565153122,0.10000000149011612,0.31413695216178894,0.4000000059604645,frozen_mlp_surrogate_adjoint,900,900,900,700,60.474886417388916,60.474886417388916,0.06719431824154325
403,193.4916534423828,164.9479217529297,177.7970428466797,73.66686248779297,0.7881364822387695,0.5360726118087769,0.6791461110115051,0.5123493075370789,0.8151577711105347,T040_010_010_040,0.0017857454949989915,7.741301669739187e-05,0.03416664898395538,7.741301669739187e-05,0.05,262,51611,0.011721431113617443,0.32683035731315613,0.4000000059604645,0.08806023746728897,0.10000000149011612,0.08609427511692047,0.10000000149011612,0.3141728937625885,0.4000000059604645,frozen_mlp_surrogate_adjoint,900,900,900,700,60.474886417388916,60.474886417388916,0.06719431824154325
404,193.36073303222656,164.91615295410156,177.734130859375,73.69049072265625,0.7872273325920105,0.5354844331741333,0.6787092685699463,0.5127868056297302,0.8152519464492798,T040_010_010_040,0.0017857503844425082,7.915819151094183e-05,0.034131843596696854,7.915819151094183e-05,0.05,347,51345,0.01530117592795354,0.32667264342308044,0.4000000059604645,0.08838119357824326,0.10000000149011612,0.0860430896282196,0.10000000149011612,0.3141549825668335,0.4000000059604645,frozen_mlp_surrogate_adjoint,900,900,900,700,60.474886417388916,60.474886417388916,0.06719431824154325
405,193.3719024658203,164.9322509765625,177.7332305908203,73.69827270507812,0.7873048782348633,0.5357822775840759,0.6787030100822449,0.5129309296607971,0.8152022361755371,T040_010_010_040,0.0017857608618214726,7.825015927664936e-05,0.03415021300315857,7.825015927664936e-05,0.05,163,51266,0.008590056582155656,0.3266593813896179,0.4000000059604645,0.08840426802635193,0.10000000149011612,0.08592643588781357,0.10000000149011612,0.3142121732234955,0.4000000059604645,frozen_mlp_surrogate_adjoint,900,900,900,700,60.474886417388916,60.474886417388916,0.06719431824154325
406,193.43484497070312,164.92715454101562,177.7479248046875,73.67581939697266,0.7877419590950012,0.5356879830360413,0.6788050532341003,0.512515127658844,0.8152345418930054,T040_010_010_040,0.0017857655184343457,7.885178638389334e-05,0.034138273447752,7.885178638389334e-05,0.05,465,51570,0.020550825545171243,0.3268202543258667,0.4000000059604645,0.08818519860506058,0.10000000149011612,0.08611856400966644,0.10000000149011612,0.31411048769950867,0.4000000059604645,frozen_mlp_surrogate_adjoint,900,900,900,700,60.474886417388916,60.474886417388916,0.06719431824154325
407,193.46713256835938,164.9475860595703,177.773193359375,73.67117309570312,0.7879661917686462,0.5360664129257202,0.6789805293083191,0.5124290585517883,0.8151751756668091,T040_010_010_040,0.0017857698258012533,7.775900303386152e-05,0.03416021540760994,7.775900303386152e-05,0.05,300,51062,0.013178703164630538,0.3268006443977356,0.4000000059604645,0.08812367171049118,0.10000000149011612,0.08608319610357285,0.10000000149011612,0.31416770815849304,0.4000000059604645,frozen_mlp_surrogate_adjoint,900,900,900,700,60.474886417388916,60.474886417388916,0.06719431824154325
408,193.3817138671875,164.93878173828125,177.73870849609375,73.69297790527344,0.7873730659484863,0.5359034538269043,0.6787410378456116,0.5128328800201416,0.8151952028274536,T040_010_010_040,0.0017857749480754137,7.813428237568587e-05,0.034152813255786896,7.813428237568587e-05,0.05,108,51178,0.007205463768843741,0.3266552686691284,0.4000000059604645,0.08837494999170303,0.10000000149011612,0.08595002442598343,0.10000000149011612,0.31421491503715515,0.4000000059604645,frozen_mlp_surrogate_adjoint,900,900,900,700,60.474886417388916,60.474886417388916,0.06719431824154325
409,193.41928100585938,164.93165588378906,177.74114990234375,73.68905639648438,0.7876338958740234,0.5357714295387268,0.6787579655647278,0.5127602219581604,0.8152014017105103,T040_010_010_040,0.0017857750644907355,7.824892236385494e-05,0.03415052220225334,7.824892236385494e-05,0.05,89,50887,0.00636065258228927,0.32677289843559265,0.4000000059604645,0.08826154470443726,0.10000000149011612,0.08600223064422607,0.10000000149011612,0.3141647279262543,0.4000000059604645,frozen_mlp_surrogate_adjoint,900,900,900,700,60.474886417388916,60.474886417388916,0.06719431824154325
410,193.35504150390625,164.9259796142578,177.72320556640625,73.68875122070312,0.7871877551078796,0.5356663465499878,0.6786333918571472,0.5127546787261963,0.815250039100647,T040_010_010_040,0.0017857782077044249,7.915079186204821e-05,0.03413254767656326,7.915079186204821e-05,0.05,130,51684,0.007805097158316748,0.32664239406585693,0.4000000059604645,0.08839978277683258,0.10000000149011612,0.08604326099157333,0.10000000149011612,0.3141646385192871,0.4000000059604645,frozen_mlp_surrogate_adjoint,900,900,900,700,60.474886417388916,60.474886417388916,0.06719431824154325
411,193.32752990722656,164.90631103515625,177.7214813232422,73.72246551513672,0.7869967222213745,0.5353020429611206,0.6786214113235474,0.5133790373802185,0.8152124881744385,T040_010_010_040,0.0017857790226116776,7.845772051950917e-05,0.034146424382925034,7.845772051950917e-05,0.05,86,51437,0.006236188638517823,0.32664501667022705,0.4000000059604645,0.08854749798774719,0.10000000149011612,0.0857936292886734,0.10000000149011612,0.31422632932662964,0.4000000059604645,frozen_mlp_surrogate_adjoint,900,900,900,700,60.474886417388916,60.474886417388916,0.06719431824154325
412,193.36062622070312,164.93084716796875,177.71102905273438,73.70034790039062,0.7872266173362732,0.5357564091682434,0.6785487532615662,0.5129693746566772,0.8152210712432861,T040_010_010_040,0.0017857961356639862,7.86333839641884e-05,0.03414325416088104,7.86333839641884e-05,0.05,634,50598,0.029359941295693737,0.326665461063385,0.4000000059604645,0.08842740952968597,0.10000000149011612,0.08593650162220001,0.10000000149011612,0.3141917288303375,0.4000000059604645,frozen_mlp_surrogate_adjoint,900,900,900,700,60.474886417388916,60.474886417388916,0.06719431824154325
413,193.44064331054688,164.9205780029297,177.78616333007812,73.675537109375,0.7877823114395142,0.5355662703514099,0.6790705919265747,0.5125099420547485,0.8152020573616028,T040_010_010_040,0.0017858378123492002,7.832376286387444e-05,0.03415028005838394,7.832376286387444e-05,0.05,648,50261,0.03059415861921501,0.3267848491668701,0.4000000059604645,0.08817390352487564,0.10000000149011612,0.08609866350889206,0.10000000149011612,0.31414467096328735,0.4000000059604645,frozen_mlp_surrogate_adjoint,900,900,900,700,60.474886417388916,60.474886417388916,0.06719431824154325
414,193.49029541015625,164.95632934570312,177.8101348876953,73.66529083251953,0.7881270051002502,0.5362282395362854,0.6792370676994324,0.5123202204704285,0.8151307106018066,T040_010_010_040,0.001785844098776579,7.701125286985189e-05,0.03417665511369705,7.701125286985189e-05,0.05,256,51658,0.011483552414225693,0.3267768919467926,0.4000000059604645,0.08807513117790222,0.10000000149011612,0.0860716849565506,0.10000000149011612,0.3142070174217224,0.4000000059604645,frozen_mlp_surrogate_adjoint,900,900,900,700,60.474886417388916,60.474886417388916,0.06719431824154325
415,193.7138671875,164.9994354248047,177.94171142578125,73.58988952636719,0.7896796464920044,0.537026584148407,0.6801507472991943,0.5109238624572754,0.8150695562362671,T040_010_010_040,0.001785909291356802,7.594586350023746e-05,0.034199267625808716,7.594586350023746e-05,0.05,592,51722,0.027037506859112114,0.32703936100006104,0.4000000059604645,0.08740916848182678,0.10000000149011612,0.08647790551185608,0.10000000149011612,0.3141431510448456,0.4000000059604645,frozen_mlp_surrogate_adjoint,900,900,900,700,60.474886417388916,60.474886417388916,0.06719431824154325
416,193.38775634765625,164.89962768554688,177.74203491210938,73.68366241455078,0.7874149084091187,0.5351782441139221,0.6787641644477844,0.5126603841781616,0.8152687549591064,T040_010_010_040,0.0017859096406027675,7.962799281813204e-05,0.03412563353776932,7.962799281813204e-05,0.05,107,50433,0.007186127900489699,0.32676488161087036,0.4000000059604645,0.08829013258218765,0.10000000149011612,0.08612307906150818,0.10000000149011612,0.31409066915512085,0.4000000059604645,frozen_mlp_surrogate_adjoint,900,900,900,700,60.474886417388916,60.474886417388916,0.06719431824154325
417,193.44204711914062,164.92306518554688,177.78057861328125,73.66239929199219,0.7877919673919678,0.5356124043464661,0.6790317893028259,0.5122666358947754,0.8152362704277039,T040_010_010_040,0.0017859246581792831,7.904289668658748e-05,0.03413763642311096,7.904289668658748e-05,0.05,198,51654,0.009843427374488692,0.32679346203804016,0.4000000059604645,0.08812771737575531,0.10000000149011612,0.08621959388256073,0.10000000149011612,0.31409549713134766,0.4000000059604645,frozen_mlp_surrogate_adjoint,900,900,900,700,60.474886417388916,60.474886417388916,0.06719431824154325
418,193.4014129638672,164.92904663085938,177.72720336914062,73.69631958007812,0.7875097990036011,0.5357231497764587,0.6786611676216125,0.5128948092460632,0.8151978254318237,T040_010_010_040,0.0017859282670542598,7.833596464479342e-05,0.034151844680309296,7.833596464479342e-05,0.05,227,51613,0.010719677251732495,0.32674944400787354,0.4000000059604645,0.08831800520420074,0.10000000149011612,0.08596097677946091,0.10000000149011612,0.31416937708854675,0.4000000059604645,frozen_mlp_surrogate_adjoint,900,900,900,700,60.474886417388916,60.474886417388916,0.06719431824154325
419,193.3805389404297,164.92324829101562,177.7516632080078,73.69042205810547,0.7873648405075073,0.5356156826019287,0.6788309812545776,0.5127855539321899,0.8152061700820923,T040_010_010_040,0.0017859592335298657,7.852115959394723e-05,0.03414876013994217,7.852115959394723e-05,0.05,319,51275,0.013873995483114049,0.32666993141174316,0.4000000059604645,0.08834880590438843,0.10000000149011612,0.08600617945194244,0.10000000149011612,0.31418126821517944,0.4000000059604645,frozen_mlp_surrogate_adjoint,900,900,900,700,60.474886417388916,60.474886417388916,0.06719431824154325
420,193.37896728515625,164.90623474121094,177.7620086669922,73.70829772949219,0.7873539328575134,0.5353007316589355,0.6789028644561768,0.5131165981292725,0.8151811361312866,T040_010_010_040,0.0017859690124168992,7.806830399204046e-05,0.03415801376104355,7.806830399204046e-05,0.05,351,51008,0.015599458327100881,0.3267068862915039,0.4000000059604645,0.08839386701583862,0.10000000149011612,0.08587576448917389,0.10000000149011612,0.3142046630382538,0.4000000059604645,frozen_mlp_surrogate_adjoint,900,900,900,700,60.474886417388916,60.474886417388916,0.06719431824154325
421,193.40206909179688,164.94384765625,177.75820922851562,73.69085693359375,0.787514328956604,0.5359973311424255,0.6788763999938965,0.5127937197685242,0.8151566982269287,T040_010_010_040,0.0017859728541225195,7.762052700854838e-05,0.03416704759001732,7.762052700854838e-05,0.05,376,51039,0.016818218056587207,0.3266568183898926,0.4000000059604645,0.08833225071430206,0.10000000149011612,0.0859353095293045,0.10000000149011612,0.31423231959342957,0.4000000059604645,frozen_mlp_surrogate_adjoint,900,900,900,700,60.474886417388916,60.474886417388916,0.06719431824154325
422,193.32861328125,164.90576171875,177.713623046875,73.69280242919922,0.7870042324066162,0.5352917909622192,0.6785668730735779,0.5128296613693237,0.8152849674224854,T040_010_010_040,0.0017859743675217032,7.999224908417091e-05,0.03411964327096939,7.999224908417091e-05,0.05,269,50547,0.012081713153146129,0.3266482353210449,0.4000000059604645,0.08844209462404251,0.10000000149011612,0.08607683330774307,0.10000000149011612,0.31411775946617126,0.4000000059604645,frozen_mlp_surrogate_adjoint,900,900,900,700,60.474886417388916,60.474886417388916,0.06719431824154325
423,193.40872192382812,164.93118286132812,177.77236938476562,73.69100189208984,0.7875605225563049,0.5357624888420105,0.6789748072624207,0.5127963423728943,0.8151624798774719,T040_010_010_040,0.0017859749495983124,7.772945536999032e-05,0.034164909273386,7.772945536999032e-05,0.05,464,50061,0.02050510139239059,0.3266913890838623,0.4000000059604645,0.08830270171165466,0.10000000149011612,0.0859547033905983,0.10000000149011612,0.31421369314193726,0.4000000059604645,frozen_mlp_surrogate_adjoint,900,900,900,700,60.474886417388916,60.474886417388916,0.06719431824154325
424,193.42425537109375,164.95472717285156,177.73532104492188,73.67784881591797,0.7876684665679932,0.5361985564231873,0.6787175536155701,0.512552797794342,0.8151816129684448,T040_010_010_040,0.0017859979998320341,7.810621173121035e-05,0.03415783494710922,7.810621173121035e-05,0.05,655,50530,0.031102277151416863,0.3267118036746979,0.4000000059604645,0.08824332058429718,0.10000000149011612,0.08604758232831955,0.10000000149011612,0.3141789138317108,0.4000000059604645,frozen_mlp_surrogate_adjoint,900,900,900,700,60.474886417388916,60.474886417388916,0.06719431824154325
425,193.3538055419922,164.93801879882812,177.70953369140625,73.70199584960938,0.7871792316436768,0.5358893871307373,0.67853844165802,0.5130000114440918,0.8151954412460327,T040_010_010_040,0.0017860432853922248,7.840707257855684e-05,0.03415272384881973,7.840707257855684e-05,0.05,247,51162,0.011314392619315107,0.3266180753707886,0.4000000059604645,0.08845751732587814,0.10000000149011612,0.08590566366910934,0.10000000149011612,0.31421416997909546,0.4000000059604645,frozen_mlp_surrogate_adjoint,900,900,900,700,60.474886417388916,60.474886417388916,0.06719431824154325
426,193.23501586914062,164.88961791992188,177.62127685546875,73.74794006347656,0.7863543033599854,0.5349929332733154,0.6779255867004395,0.5138508081436157,0.8152878284454346,T040_010_010_040,0.001786049222573638,8.011997124413028e-05,0.03411858528852463,8.011997124413028e-05,0.05,561,50317,0.025580491203097556,0.32659605145454407,0.4000000059604645,0.08878957480192184,0.10000000149011612,0.08572334051132202,0.10000000149011612,0.31417879462242126,0.4000000059604645,frozen_mlp_surrogate_adjoint,900,900,900,700,60.474886417388916,60.474886417388916,0.06719431824154325
427,193.44552612304688,164.91970825195312,177.78369140625,73.68255615234375,0.7878161668777466,0.5355501770973206,0.6790534853935242,0.5126398801803589,0.8151736855506897,T040_010_010_040,0.0017860557418316603,7.801735773682594e-05,0.03416076675057411,7.801735773682594e-05,0.05,387,50080,0.017429999225354733,0.3267955183982849,0.4000000059604645,0.088186115026474,0.10000000149011612,0.0860367938876152,0.10000000149011612,0.3141552805900574,0.4000000059604645,frozen_mlp_surrogate_adjoint,900,900,900,700,60.474886417388916,60.474886417388916,0.06719431824154325
428,193.44345092773438,164.94647216796875,177.7399444580078,73.68019104003906,0.7878018021583557,0.5360459089279175,0.6787496209144592,0.512596070766449,0.8151750564575195,T040_010_010_040,0.0017860716907307506,7.80587361077778e-05,0.03416026011109352,7.80587361077778e-05,0.05,448,51036,0.02002646463727865,0.3267795443534851,0.4000000059604645,0.08819341659545898,0.10000000149011612,0.08604487776756287,0.10000000149011612,0.3141572177410126,0.4000000059604645,frozen_mlp_surrogate_adjoint,900,900,900,700,60.474886417388916,60.474886417388916,0.06719431824154325
429,193.35079956054688,164.8852081298828,177.71920776367188,73.6978988647461,0.7871583700180054,0.5349112153053284,0.6786056756973267,0.5129240155220032,0.8152796030044556,T040_010_010_040,0.0017860943917185068,8.001300739124417e-05,0.03412162512540817,8.001300739124417e-05,0.05,69,50183,0.0056129041013464245,0.32673704624176025,0.4000000059604645,0.0884002149105072,0.10000000149011612,0.08605590462684631,0.10000000149011612,0.3140864074230194,0.4000000059604645,frozen_mlp_surrogate_adjoint,900,900,900,700,60.474886417388916,60.474886417388916,0.06719431824154325
430,193.36602783203125,164.91159057617188,177.72293090820312,73.71576690673828,0.7872641086578369,0.5353999137878418,0.6786314249038696,0.5132549405097961,0.8151865005493164,T040_010_010_040,0.0017860954394564033,7.829393143765628e-05,0.03415602818131447,7.829393143765628e-05,0.05,150,51505,0.008196604357879117,0.32671329379081726,0.4000000059604645,0.08843928575515747,0.10000000149011612,0.08583962917327881,0.10000000149011612,0.31419435143470764,0.4000000059604645,frozen_mlp_surrogate_adjoint,900,900,900,700,60.474886417388916,60.474886417388916,0.06719431824154325
431,193.37893676757812,164.91539001464844,177.76046752929688,73.71531677246094,0.7873536944389343,0.5354703068733215,0.678892195224762,0.5132466554641724,0.8151440620422363,T040_010_010_040,0.001786098349839449,7.751238445052877e-05,0.03417171910405159,7.751238445052877e-05,0.05,349,51651,0.0154291843711442,0.32668155431747437,0.4000000059604645,0.08842557668685913,0.10000000149011612,0.08579273521900177,0.10000000149011612,0.31424418091773987,0.4000000059604645,frozen_mlp_surrogate_adjoint,900,900,900,700,60.474886417388916,60.474886417388916,0.06719431824154325
432,193.40426635742188,164.9507598876953,177.7198486328125,73.68550109863281,0.7875296473503113,0.5361251831054688,0.67861008644104,0.5126944780349731,0.8151837587356567,T040_010_010_040,0.0017861082451418042,7.82561328378506e-05,0.03415704146027565,7.82561328378506e-05,0.05,50,50497,0.005090574019660431,0.3266909122467041,0.4000000059604645,0.08830387890338898,0.10000000149011612,0.0860079824924469,0.10000000149011612,0.31418099999427795,0.4000000059604645,frozen_mlp_surrogate_adjoint,900,900,900,700,60.474886417388916,60.474886417388916,0.06719431824154325
433,193.29937744140625,164.89842224121094,177.7071075439453,73.71558380126953,0.7868011593818665,0.5351558923721313,0.6785215735435486,0.5132516026496887,0.8152461051940918,T040_010_010_040,0.001786121865734458,7.942178490338847e-05,0.03413400053977966,7.942178490338847e-05,0.05,797,51579,0.0390666384441742,0.32659560441970825,0.4000000059604645,0.08857177942991257,0.10000000149011612,0.08590029180049896,0.10000000149011612,0.3141784369945526,0.4000000059604645,frozen_mlp_surrogate_adjoint,900,900,900,700,60.474886417388916,60.474886417388916,0.06719431824154325
434,193.37005615234375,164.9086151123047,177.75189208984375,73.72108459472656,0.7872920632362366,0.5353447198867798,0.6788325905799866,0.5133534073829651,0.8151503205299377,T040_010_010_040,0.0017861309461295605,7.766061753500253e-05,0.034169405698776245,7.766061753500253e-05,0.05,100,51588,0.006713852810538533,0.32669180631637573,0.4000000059604645,0.08845224231481552,0.10000000149011612,0.0857694000005722,0.10000000149011612,0.3142368793487549,0.4000000059604645,frozen_mlp_surrogate_adjoint,900,900,900,700,60.474886417388916,60.474886417388916,0.06719431824154325
435,193.33657836914062,164.89573669433594,177.73492431640625,73.7017822265625,0.7870595455169678,0.5351062417030334,0.6787148118019104,0.5129960179328918,0.8152444362640381,T040_010_010_040,0.0017861403757706285,7.940949581097811e-05,0.03413461893796921,7.940949581097811e-05,0.05,583,50264,0.026588053441871113,0.3266544044017792,0.4000000059604645,0.0884440615773201,0.10000000149011612,0.08600132167339325,0.10000000149011612,0.31414470076560974,0.4000000059604645,frozen_mlp_surrogate_adjoint,900,900,900,700,60.474886417388916,60.474886417388916,0.06719431824154325
436,193.3209228515625,164.94972229003906,177.688720703125,73.70236206054688,0.7869508266448975,0.5361058712005615,0.6783939599990845,0.5130067467689514,0.8151994943618774,T040_010_010_040,0.001786165521480143,7.860424375394359e-05,0.03415122628211975,7.860424375394359e-05,0.05,103,51244,0.006952921926796484,0.326521098613739,0.4000000059604645,0.08854696154594421,0.10000000149011612,0.08589398860931396,0.10000000149011612,0.314237505197525,0.4000000059604645,frozen_mlp_surrogate_adjoint,900,900,900,700,60.474886417388916,60.474886417388916,0.06719431824154325
437,193.3800048828125,164.903564453125,177.72698974609375,73.70265197753906,0.7873610854148865,0.5352512001991272,0.6786596775054932,0.5130121111869812,0.8152117729187012,T040_010_010_040,0.001786262379027903,7.892800203990191e-05,0.034146688878536224,7.892800203990191e-05,0.05,218,50675,0.010517380218173363,0.3267486095428467,0.4000000059604645,0.08836526423692703,0.10000000149011612,0.08596304059028625,0.10000000149011612,0.314134806394577,0.4000000059604645,frozen_mlp_surrogate_adjoint,900,900,900,700,60.474886417388916,60.474886417388916,0.06719431824154325
438,193.37362670898438,164.95797729492188,177.7263641357422,73.6921615600586,0.7873169183731079,0.5362589359283447,0.6786553263664246,0.5128178000450134,0.8151500225067139,T040_010_010_040,0.00178630743175745,7.783167529851198e-05,0.0341695137321949,7.783167529851198e-05,0.05,205,50975,0.009921731189540314,0.32657158374786377,0.4000000059604645,0.08841147273778915,0.10000000149011612,0.08592279255390167,0.10000000149011612,0.3142441213130951,0.4000000059604645,frozen_mlp_surrogate_adjoint,900,900,900,700,60.474886417388916,60.474886417388916,0.06719431824154325
439,193.65185546875,164.9763946533203,177.91714477539062,73.60244750976562,0.7892490029335022,0.53659987449646,0.6799802184104919,0.5111564993858337,0.8150871992111206,T040_010_010_040,0.0017863818211480975,7.674458902329206e-05,0.03419274464249611,7.674458902329206e-05,0.05,727,50337,0.03511673873500655,0.3269544243812561,0.4000000059604645,0.08755461871623993,0.10000000149011612,0.08646070957183838,0.10000000149011612,0.314117431640625,0.4000000059604645,frozen_mlp_surrogate_adjoint,900,900,900,700,60.474886417388916,60.474886417388916,0.06719431824154325
440,193.42147827148438,164.95896911621094,177.7697296142578,73.67113494873047,0.7876490950584412,0.536277174949646,0.6789564490318298,0.5124284029006958,0.8151358366012573,T040_010_010_040,0.0017864721594378352,7.773419929435477e-05,0.034174758940935135,7.773419929435477e-05,0.05,320,51065,0.01396766651293955,0.32661712169647217,0.4000000059604645,0.08824289590120316,0.10000000149011612,0.08606547117233276,0.10000000149011612,0.31421032547950745,0.4000000059604645,frozen_mlp_surrogate_adjoint,900,900,900,700,60.474886417388916,60.474886417388916,0.06719431824154325
441,193.4879150390625,164.9387664794922,177.84226989746094,73.67764282226562,0.7881105542182922,0.5359031558036804,0.6794602274894714,0.5125489830970764,0.8150667548179626,T040_010_010_040,0.0017864784458652139,7.646308949915692e-05,0.03420030698180199,7.646308949915692e-05,0.05,124,51748,0.007681598180434798,0.32675260305404663,0.4000000059604645,0.088101327419281,0.10000000149011612,0.08598200231790543,0.10000000149011612,0.3142307996749878,0.4000000059604645,frozen_mlp_surrogate_adjoint,900,900,900,700,60.474886417388916,60.474886417388916,0.06719431824154325
442,193.46832275390625,164.929931640625,177.79110717773438,73.68428039550781,0.7879745364189148,0.5357394218444824,0.6791048645973206,0.5126718282699585,0.8151125311851501,T040_010_010_040,0.0017865264089778066,7.73576321080327e-05,0.03418337553739548,7.73576321080327e-05,0.05,249,51023,0.011336110443264897,0.3267976641654968,0.4000000059604645,0.08814817667007446,0.10000000149011612,0.08599172532558441,0.10000000149011612,0.31417495012283325,0.4000000059604645,frozen_mlp_surrogate_adjoint,900,900,900,700,60.474886417388916,60.474886417388916,0.06719431824154325
443,193.3690643310547,164.91934204101562,177.72869873046875,73.72059631347656,0.7872851490974426,0.5355433225631714,0.6786714792251587,0.513344407081604,0.8151320219039917,T040_010_010_040,0.00178653618786484,7.772756362101063e-05,0.03417617082595825,7.772756362101063e-05,0.05,87,51056,0.006342088091599337,0.32667386531829834,0.4000000059604645,0.08845684677362442,0.10000000149011612,0.0857735201716423,0.10000000149011612,0.31422778964042664,0.4000000059604645,frozen_mlp_surrogate_adjoint,900,900,900,700,60.474886417388916,60.474886417388916,0.06719431824154325
444,193.37423706054688,164.91734313964844,177.7269744873047,73.72090911865234,0.7873210906982422,0.5355063080787659,0.6786595582962036,0.5133501291275024,0.8151330351829529,T040_010_010_040,0.0017865560948848724,7.776630809530616e-05,0.03417579457163811,7.776630809530616e-05,0.05,5,50351,0.002189038173970335,0.3266955614089966,0.4000000059604645,0.08844149857759476,0.10000000149011612,0.0857783704996109,0.10000000149011612,0.31421762704849243,0.4000000059604645,frozen_mlp_surrogate_adjoint,900,900,900,700,60.474886417388916,60.474886417388916,0.06719431824154325
445,193.56719970703125,164.9586639404297,177.87844848632812,73.66435241699219,0.7886611223220825,0.5362715721130371,0.6797114014625549,0.5123028755187988,0.8150020837783813,T040_010_010_040,0.0017866146517917514,7.5403084338177e-05,0.03422423079609871,7.5403084338177e-05,0.05,148,51729,0.008128530902997547,0.32684439420700073,0.4000000059604645,0.08791135996580124,0.10000000149011612,0.08600333333015442,0.10000000149011612,0.31424298882484436,0.4000000059604645,frozen_mlp_surrogate_adjoint,900,900,900,700,60.474886417388916,60.474886417388916,0.06719431824154325
446,193.32489013671875,164.93377685546875,177.71604919433594,73.70075988769531,0.7869783639907837,0.5358108282089233,0.6785836815834045,0.512977123260498,0.8151718378067017,T040_010_010_040,0.001786750741302967,7.867829845054075e-05,0.03416144847869873,7.867829845054075e-05,0.05,60,51482,0.005372624162177672,0.3265122175216675,0.4000000059604645,0.08851265907287598,0.10000000149011612,0.08593180775642395,0.10000000149011612,0.31421521306037903,0.4000000059604645,frozen_mlp_surrogate_adjoint,900,900,900,700,60.474886417388916,60.474886417388916,0.06719431824154325
447,193.72140502929688,165.0078582763672,177.98248291015625,73.61048889160156,0.789732038974762,0.537182629108429,0.6804338693618774,0.5113052725791931,0.8149089217185974,T040_010_010_040,0.0017868411960080266,7.390577957266942e-05,0.034258708357810974,7.390577957266942e-05,0.05,850,11,0.04206020576609307,0.3269393742084503,0.4000000059604645,0.08747439086437225,0.10000000149011612,0.08623760938644409,0.10000000149011612,0.31425756216049194,0.4000000059604645,frozen_mlp_surrogate_adjoint,900,900,900,700,60.474886417388916,60.474886417388916,0.06719431824154325
448,193.38722229003906,164.9199676513672,177.77394104003906,73.67214965820312,0.7874112725257874,0.5355548858642578,0.6789857149124146,0.5124472379684448,0.8151766061782837,T040_010_010_040,0.001787028624676168,7.904427911853418e-05,0.03415968641638756,7.904427911853418e-05,0.05,359,50522,0.015836251236206383,0.3266109824180603,0.4000000059604645,0.0882657915353775,0.10000000149011612,0.08617144823074341,0.10000000149011612,0.31412842869758606,0.4000000059604645,frozen_mlp_surrogate_adjoint,900,900,900,700,60.474886417388916,60.474886417388916,0.06719431824154325
449,193.40017700195312,164.92889404296875,177.71107482910156,73.72003936767578,0.7875012755393982,0.53572016954422,0.6785491108894348,0.5133340954780579,0.8150804042816162,T040_010_010_040,0.0017872824100777507,7.751960947643965e-05,0.03419525548815727,7.751960947643965e-05,0.05,848,51032,0.04199478940136892,0.32672274112701416,0.4000000059604645,0.0883815735578537,0.10000000149011612,0.08577804267406464,0.10000000149011612,0.31419801712036133,0.4000000059604645,frozen_mlp_surrogate_adjoint,900,900,900,700,60.474886417388916,60.474886417388916,0.06719431824154325
450,178.85189819335938,180.73133850097656,120.65253448486328,95.23551177978516,0.6864714622497559,0.8283581137657166,0.28230926394462585,0.9117687344551086,0.8086348176002502,T040_010_010_040,0.0018788869492709637,4.7855359298409894e-05,0.03662063181400299,4.7855359298409894e-05,0.05,614,50692,0.028446376346081964,0.33304262161254883,0.4000000059604645,0.0781099870800972,0.10000000149011612,0.07851454615592957,0.10000000149011612,0.31896767020225525,0.4000000059604645,frozen_mlp_surrogate_adjoint,900,900,900,700,60.474886417388916,60.474886417388916,0.06719431824154325
451,178.8626708984375,180.7328643798828,120.64974975585938,95.23733520507812,0.6865463852882385,0.8283863663673401,0.28228995203971863,0.9118024706840515,0.8086973428726196,T040_010_010_040,0.0018788921879604459,4.905672540189698e-05,0.03659670799970627,4.905672540189698e-05,0.05,796,50402,0.039059229700633,0.33317792415618896,0.4000000059604645,0.0780496746301651,0.10000000149011612,0.078580841422081,0.10000000149011612,0.31888890266418457,0.4000000059604645,frozen_mlp_surrogate_adjoint,900,900,900,700,60.474886417388916,60.474886417388916,0.06719431824154325
452,178.86538696289062,180.73294067382812,120.65168762207031,95.23634338378906,0.6865652203559875,0.8283876776695251,0.28230342268943787,0.9117841124534607,0.8087151050567627,T040_010_010_040,0.0018788925372064114,4.939700374961831e-05,0.036589909344911575,4.939700374961831e-05,0.05,692,50888,0.03321543713860426,0.33322036266326904,0.4000000059604645,0.07803824543952942,0.10000000149011612,0.07856768369674683,0.10000000149011612,0.3188888132572174,0.4000000059604645,frozen_mlp_surrogate_adjoint,900,900,900,700,60.474886417388916,60.474886417388916,0.06719431824154325
453,178.86386108398438,180.732666015625,120.65313720703125,95.23493957519531,0.6865545511245728,0.8283827304840088,0.2823134660720825,0.9117582440376282,0.8087105751037598,T040_010_010_040,0.0018788938177749515,4.931157309329137e-05,0.03659164533019066,4.931157309329137e-05,0.05,508,44,0.022872971269928294,0.33321458101272583,0.4000000059604645,0.07804830372333527,0.10000000149011612,0.07853451371192932,0.10000000149011612,0.31891316175460815,0.4000000059604645,frozen_mlp_surrogate_adjoint,900,900,900,700,60.474886417388916,60.474886417388916,0.06719431824154325
454,178.85858154296875,180.73204040527344,120.65284729003906,95.23619079589844,0.6865179538726807,0.8283710479736328,0.28231140971183777,0.9117812514305115,0.8086704015731812,T040_010_010_040,0.0018788950983434916,4.8544305172981694e-05,0.03660701587796211,4.8544305172981694e-05,0.05,551,51087,0.02495560630239007,0.33312126994132996,0.4000000059604645,0.07807553559541702,0.10000000149011612,0.07854664325714111,0.10000000149011612,0.31892693042755127,0.4000000059604645,frozen_mlp_surrogate_adjoint,900,900,900,700,60.474886417388916,60.474886417388916,0.06719431824154325
455,178.8513641357422,180.73223876953125,120.63725280761719,95.24146270751953,0.6864678263664246,0.8283749222755432,0.28220316767692566,0.9118789434432983,0.8086350560188293,T040_010_010_040,0.0018788983579725027,4.787122452398762e-05,0.03662054240703583,4.787122452398762e-05,0.05,252,51420,0.011362754369333199,0.3330274224281311,0.4000000059604645,0.07809527963399887,0.10000000149011612,0.07863184809684753,0.10000000149011612,0.31888049840927124,0.4000000059604645,frozen_mlp_surrogate_adjoint,900,900,900,700,60.474886417388916,60.474886417388916,0.06719431824154325
456,178.86077880859375,180.73231506347656,120.65397644042969,95.2362060546875,0.6865332126617432,0.828376293182373,0.2823192775249481,0.9117816090583801,0.8086806535720825,T040_010_010_040,0.001878900220617652,4.87455035909079e-05,0.03660309314727783,4.87455035909079e-05,0.05,539,36,0.024189641720235903,0.33314448595046997,0.4000000059604645,0.07806497812271118,0.10000000149011612,0.07855355739593506,0.10000000149011612,0.3189176023006439,0.4000000059604645,frozen_mlp_surrogate_adjoint,900,900,900,700,60.474886417388916,60.474886417388916,0.06719431824154325
457,178.86192321777344,180.7322540283203,120.65556335449219,95.2354736328125,0.6865411400794983,0.8283751606941223,0.2823302745819092,0.9117680788040161,0.8086878657341003,T040_010_010_040,0.0018789019668474793,4.888536568614654e-05,0.03660033270716667,4.888536568614654e-05,0.05,548,50037,0.024470382723952626,0.3331628441810608,0.4000000059604645,0.07806124538183212,0.10000000149011612,0.07854165881872177,0.10000000149011612,0.31892210245132446,0.4000000059604645,frozen_mlp_surrogate_adjoint,900,900,900,700,60.474886417388916,60.474886417388916,0.06719431824154325
458,178.86392211914062,180.7322998046875,120.6587905883789,95.23249053955078,0.6865549683570862,0.8283758163452148,0.2823527157306671,0.9117127656936646,0.8087108135223389,T040_010_010_040,0.0018789025489240885,4.932499723508954e-05,0.0365915521979332,4.932499723508954e-05,0.05,520,51527,0.023314613668717253,0.3332226872444153,0.4000000059604645,0.07805484533309937,0.10000000149011612,0.07848505675792694,0.10000000149011612,0.3189481794834137,0.4000000059604645,frozen_mlp_surrogate_adjoint,900,900,900,700,60.474886417388916,60.474886417388916,0.06719431824154325
459,178.85888671875,180.7318572998047,120.65184020996094,95.2368392944336,0.6865200996398926,0.8283677101135254,0.28230443596839905,0.9117933511734009,0.8086700439453125,T040_010_010_040,0.0018789046443998814,4.854693906963803e-05,0.036607153713703156,4.854693906963803e-05,0.05,806,50113,0.03942410437544638,0.33311939239501953,0.4000000059604645,0.07807392627000809,0.10000000149011612,0.07856029272079468,0.10000000149011612,0.3189164102077484,0.4000000059604645,frozen_mlp_surrogate_adjoint,900,900,900,700,60.474886417388916,60.474886417388916,0.06719431824154325
460,178.87457275390625,180.73342895507812,120.6590576171875,95.23303985595703,0.6866289973258972,0.8283969163894653,0.28235459327697754,0.9117229580879211,0.8087729215621948,T040_010_010_040,0.0018789056921377778,5.051586776971817e-05,0.036567796021699905,5.051586776971817e-05,0.05,687,51300,0.03291720110046107,0.3333588242530823,0.4000000059604645,0.07799926400184631,0.10000000149011612,0.07852549850940704,0.10000000149011612,0.3188893496990204,0.4000000059604645,frozen_mlp_surrogate_adjoint,900,900,900,700,60.474886417388916,60.474886417388916,0.06719431824154325
461,178.85751342773438,180.73248291015625,120.65608978271484,95.23648834228516,0.6865105628967285,0.828379213809967,0.28233397006988525,0.9117867946624756,0.8086533546447754,T040_010_010_040,0.0018789065070450306,4.8229616368189454e-05,0.03661353886127472,4.8229616368189454e-05,0.05,801,50611,0.03921317395479654,0.33308297395706177,0.4000000059604645,0.07808179408311844,0.10000000149011612,0.07855301350355148,0.10000000149011612,0.3189355731010437,0.4000000059604645,frozen_mlp_surrogate_adjoint,900,900,900,700,60.474886417388916,60.474886417388916,0.06719431824154325
462,178.86624145507812,180.733642578125,120.63787841796875,95.24160766601562,0.6865711212158203,0.828400731086731,0.2822074592113495,0.9118815660476685,0.8087241649627686,T040_010_010_040,0.0018789066234603524,4.9584305088501424e-05,0.036586444824934006,4.9584305088501424e-05,0.05,317,51602,0.013796029114359287,0.3332260847091675,0.4000000059604645,0.07801845669746399,0.10000000149011612,0.07867461442947388,0.10000000149011612,0.3188049793243408,0.4000000059604645,frozen_mlp_surrogate_adjoint,900,900,900,700,60.474886417388916,60.474886417388916,0.06719431824154325
463,178.86538696289062,180.73178100585938,120.6557846069336,95.23411560058594,0.6865652203559875,0.828366219997406,0.28233182430267334,0.9117428064346313,0.8087164163589478,T040_010_010_040,0.0018789066234603524,4.943611202179454e-05,0.03658941015601158,4.943611202179454e-05,0.05,590,51452,0.027026978057861875,0.3332308530807495,0.4000000059604645,0.07804717868566513,0.10000000149011612,0.07852039486169815,0.10000000149011612,0.3189179599285126,0.4000000059604645,frozen_mlp_surrogate_adjoint,900,900,900,700,60.474886417388916,60.474886417388916,0.06719431824154325
464,178.86497497558594,180.73403930664062,120.64349365234375,95.24087524414062,0.6865622997283936,0.8284083008766174,0.282246470451355,0.9118679761886597,0.8087064027786255,T040_010_010_040,0.0018789067398756742,4.924473978462629e-05,0.0365932397544384,4.924473978462629e-05,0.05,534,51618,0.024028352879720334,0.3331887125968933,0.4000000059604645,0.07802794873714447,0.10000000149011612,0.07865986973047256,0.10000000149011612,0.31882983446121216,0.4000000059604645,frozen_mlp_surrogate_adjoint,900,900,900,700,60.474886417388916,60.474886417388916,0.06719431824154325
465,178.84432983398438,180.73040771484375,120.65068054199219,95.23603820800781,0.6864190101623535,0.8283407688140869,0.28229638934135437,0.9117785692214966,0.8085892200469971,T040_010_010_040,0.0018789072055369616,4.700274803326465e-05,0.03663808852434158,4.700274803326465e-05,0.05,338,50599,0.014728133476464577,0.3329398036003113,0.4000000059604645,0.07814877480268478,0.10000000149011612,0.07850413769483566,0.10000000149011612,0.31899648904800415,0.4000000059604645,frozen_mlp_surrogate_adjoint,900,900,900,700,60.474886417388916,60.474886417388916,0.06719431824154325
466,178.87245178222656,180.7338409423828,120.65332794189453,95.23550415039062,0.6866142749786377,0.8284044861793518,0.2823147773742676,0.9117686748504639,0.8087597489356995,T040_010_010_040,0.001878908253274858,5.026663711760193e-05,0.036572832614183426,5.026663711760193e-05,0.05,622,50882,0.028722835739141486,0.33332306146621704,0.4000000059604645,0.07800211012363434,0.10000000149011612,0.07857003808021545,0.10000000149011612,0.3188645541667938,0.4000000059604645,frozen_mlp_surrogate_adjoint,900,900,900,700,60.474886417388916,60.474886417388916,0.06719431824154325
467,178.86480712890625,180.7330322265625,120.64653778076172,95.23689270019531,0.686561107635498,0.8283894062042236,0.28226763010025024,0.9117943048477173,0.8087215423583984,T040_010_010_040,0.0018789098830893636,4.953751704306342e-05,0.03658744692802429,4.953751704306342e-05,0.05,496,50194,0.022327653302020314,0.3332350254058838,0.4000000059604645,0.07803766429424286,0.10000000149011612,0.0785742923617363,0.10000000149011612,0.3188745677471161,0.4000000059604645,frozen_mlp_surrogate_adjoint,900,900,900,700,60.474886417388916,60.474886417388916,0.06719431824154325
468,178.85769653320312,180.7311248779297,120.65204620361328,95.23539733886719,0.686511754989624,0.8283541202545166,0.28230586647987366,0.9117665886878967,0.8086705207824707,T040_010_010_040,0.0018789101159200072,4.856143277720548e-05,0.03660697117447853,4.856143277720548e-05,0.05,378,50489,0.016902589261107607,0.3331252336502075,0.4000000059604645,0.07808363437652588,0.10000000149011612,0.0785251185297966,0.10000000149011612,0.3189364969730377,0.4000000059604645,frozen_mlp_surrogate_adjoint,900,900,900,700,60.474886417388916,60.474886417388916,0.06719431824154325
469,178.86538696289062,180.73342895507812,120.65615844726562,95.2364501953125,0.6865651607513428,0.8283967971801758,0.28233444690704346,0.9117860794067383,0.8087019920349121,T040_010_010_040,0.0018789122113958001,4.916583566227928e-05,0.036594927310943604,4.916583566227928e-05,0.05,503,50010,0.02254588073868952,0.3331923484802246,0.4000000059604645,0.07804031670093536,0.10000000149011612,0.07857322692871094,0.10000000149011612,0.3188961446285248,0.4000000059604645,frozen_mlp_surrogate_adjoint,900,900,900,700,60.474886417388916,60.474886417388916,0.06719431824154325
470,178.8634033203125,180.7326202392578,120.65959930419922,95.23512268066406,0.6865514516830444,0.8283819556236267,0.282358318567276,0.9117615818977356,0.8086881637573242,T040_010_010_040,0.0018789134919643402,4.890259151579812e-05,0.03660021722316742,4.890259151579812e-05,0.05,64,50618,0.005510805035586364,0.3331652879714966,0.4000000059604645,0.07805643230676651,0.10000000149011612,0.07854079455137253,0.10000000149011612,0.3189256489276886,0.4000000059604645,frozen_mlp_surrogate_adjoint,900,900,900,700,60.474886417388916,60.474886417388916,0.06719431824154325
471,178.87689208984375,180.73333740234375,120.66026306152344,95.23242950439453,0.6866450905799866,0.8283951282501221,0.2823629379272461,0.9117116928100586,0.8087873458862305,T040_010_010_040,0.0018789154710248113,5.0801554607460275e-05,0.03656227886676788,5.0801554607460275e-05,0.05,212,51628,0.010232854464631031,0.3333931565284729,0.4000000059604645,0.07798975706100464,0.10000000149011612,0.07851873338222504,0.10000000149011612,0.3188857138156891,0.4000000059604645,frozen_mlp_surrogate_adjoint,900,900,900,700,60.474886417388916,60.474886417388916,0.06719431824154325
472,178.87155151367188,180.733154296875,120.65071105957031,95.23577880859375,0.6866079568862915,0.8283917307853699,0.2822965681552887,0.911773681640625,0.8087584972381592,T040_010_010_040,0.0018789159366860986,5.0250258937012404e-05,0.03657331317663193,5.0250258937012404e-05,0.05,302,50776,0.013259893089561796,0.3333202600479126,0.4000000059604645,0.07800795137882233,0.10000000149011612,0.07857029139995575,0.10000000149011612,0.3188599646091461,0.4000000059604645,frozen_mlp_surrogate_adjoint,900,900,900,700,60.474886417388916,60.474886417388916,0.06719431824154325
473,178.8600616455078,180.7314453125,120.65753173828125,95.235107421875,0.686528205871582,0.8283600211143494,0.28234395384788513,0.9117613434791565,0.8086718320846558,T040_010_010_040,0.0018789182649925351,4.859473847318441e-05,0.03660646826028824,4.859473847318441e-05,0.05,253,51431,0.011399933133919297,0.33312931656837463,0.4000000059604645,0.07807540893554688,0.10000000149011612,0.07852886617183685,0.10000000149011612,0.3189382255077362,0.4000000059604645,frozen_mlp_surrogate_adjoint,900,900,900,700,60.474886417388916,60.474886417388916,0.06719431824154325
474,178.87509155273438,180.73373413085938,120.65628051757812,95.23504638671875,0.6866325736045837,0.828402578830719,0.2823352813720703,0.9117602109909058,0.8087702989578247,T040_010_010_040,0.0018789184978231788,5.047864397056401e-05,0.03656879812479019,5.047864397056401e-05,0.05,213,50047,0.01028186661101673,0.33334827423095703,0.4000000059604645,0.07799297571182251,0.10000000149011612,0.07856821268796921,0.10000000149011612,0.31886082887649536,0.4000000059604645,frozen_mlp_surrogate_adjoint,900,900,900,700,60.474886417388916,60.474886417388916,0.06719431824154325
475,178.85260009765625,180.73092651367188,120.65200805664062,95.234375,0.6864764094352722,0.8283503651618958,0.28230559825897217,0.9117476344108582,0.8086462020874023,T040_010_010_040,0.0018789208261296153,4.810697282664478e-05,0.03661627694964409,4.810697282664478e-05,0.05,203,50176,0.009894012484554309,0.3330746293067932,0.4000000059604645,0.07811028510332108,0.10000000149011612,0.07848988473415375,0.10000000149011612,0.3189713656902313,0.4000000059604645,frozen_mlp_surrogate_adjoint,900,900,900,700,60.474886417388916,60.474886417388916,0.06719431824154325
476,178.87266540527344,180.73422241210938,120.65585327148438,95.23609924316406,0.6866157054901123,0.8284114003181458,0.28233230113983154,0.9117796421051025,0.8087501525878906,T040_010_010_040,0.0018789218738675117,5.0096572522306815e-05,0.03657650575041771,5.0096572522306815e-05,0.05,492,51003,0.022141815802854257,0.33330100774765015,0.4000000059604645,0.07800191640853882,0.10000000149011612,0.07858511060476303,0.10000000149011612,0.31886208057403564,0.4000000059604645,frozen_mlp_surrogate_adjoint,900,900,900,700,60.474886417388916,60.474886417388916,0.06719431824154325
477,178.85861206054688,180.73236083984375,120.6583251953125,95.23651123046875,0.6865181922912598,0.8283768892288208,0.28234949707984924,0.9117872714996338,0.8086528778076172,T040_010_010_040,0.0018789229216054082,4.823681592824869e-05,0.036613721400499344,4.823681592824869e-05,0.05,499,51311,0.022494124868471604,0.3330830931663513,0.4000000059604645,0.0780792161822319,0.10000000149011612,0.07855711877346039,0.10000000149011612,0.3189334273338318,0.4000000059604645,frozen_mlp_surrogate_adjoint,900,900,900,700,60.474886417388916,60.474886417388916,0.06719431824154325
478,178.85546875,180.72988891601562,120.65963745117188,95.233154296875,0.686496376991272,0.8283312916755676,0.2823586165904999,0.9117250442504883,0.8086490631103516,T040_010_010_040,0.0018789235036820173,4.816440196009353e-05,0.03661518171429634,4.816440196009353e-05,0.05,373,51128,0.01671915690606731,0.3330840766429901,0.4000000059604645,0.07810576260089874,0.10000000149011612,0.07847436517477036,0.10000000149011612,0.31898483633995056,0.4000000059604645,frozen_mlp_surrogate_adjoint,900,900,900,700,60.474886417388916,60.474886417388916,0.06719431824154325
479,178.84970092773438,180.7319793701172,120.65098571777344,95.23646545410156,0.6864563226699829,0.8283699750900269,0.2822985053062439,0.9117863774299622,0.8086185455322266,T040_010_010_040,0.0018789255991578102,4.758255818160251e-05,0.03662686049938202,4.758255818160251e-05,0.05,423,50141,0.019050049484060926,0.33300715684890747,0.4000000059604645,0.07811529189348221,0.10000000149011612,0.0785294622182846,0.10000000149011612,0.3189665973186493,0.4000000059604645,frozen_mlp_surrogate_adjoint,900,900,900,700,60.474886417388916,60.474886417388916,0.06719431824154325
480,178.8492431640625,180.73077392578125,120.64926147460938,95.23527526855469,0.686453104019165,0.8283475637435913,0.28228652477264404,0.91176438331604,0.8086271286010742,T040_010_010_040,0.0018789272289723158,4.774846092914231e-05,0.036623574793338776,4.774846092914231e-05,0.05,651,51488,0.030779589722791607,0.3330298662185669,0.4000000059604645,0.0781247690320015,0.10000000149011612,0.07849875092506409,0.10000000149011612,0.31897372007369995,0.4000000059604645,frozen_mlp_surrogate_adjoint,900,900,900,700,60.474886417388916,60.474886417388916,0.06719431824154325
481,178.87030029296875,180.7330322265625,120.65740966796875,95.23576354980469,0.6865993738174438,0.8283896446228027,0.2823431193828583,0.9117733836174011,0.8087318539619446,T040_010_010_040,0.0018789287423714995,4.97535802423954e-05,0.03658350184559822,4.97535802423954e-05,0.05,169,50936,0.008750247926758282,0.33326199650764465,0.4000000059604645,0.07801973819732666,0.10000000149011612,0.07857068628072739,0.10000000149011612,0.3188794255256653,0.4000000059604645,frozen_mlp_surrogate_adjoint,900,900,900,700,60.474886417388916,60.474886417388916,0.06719431824154325
482,178.86251831054688,180.73114013671875,120.64989471435547,95.2374267578125,0.6865452527999878,0.8283542990684509,0.2822909355163574,0.91180419921875,0.8086912631988525,T040_010_010_040,0.001878930488601327,4.8978828999679536e-05,0.03659903258085251,4.8978828999679536e-05,0.05,893,51239,0.04493760665903074,0.3331674337387085,0.4000000059604645,0.07805794477462769,0.10000000149011612,0.07857881486415863,0.10000000149011612,0.3188870847225189,0.4000000059604645,frozen_mlp_surrogate_adjoint,900,900,900,700,60.474886417388916,60.474886417388916,0.06719431824154325
483,178.86502075195312,180.73391723632812,120.65811157226562,95.23602294921875,0.6865625977516174,0.8284057378768921,0.28234797716140747,0.9117782711982727,0.8086962699890137,T040_010_010_040,0.0018789424793794751,4.908652772428468e-05,0.0365971177816391,4.908652772428468e-05,0.05,666,51690,0.031796017853792866,0.33318373560905457,0.4000000059604645,0.07804106920957565,0.10000000149011612,0.07856520265340805,0.10000000149011612,0.3189062178134918,0.4000000059604645,frozen_mlp_surrogate_adjoint,900,900,900,700,60.474886417388916,60.474886417388916,0.06719431824154325
484,178.8663787841797,180.73385620117188,120.66181945800781,95.23747253417969,0.6865720748901367,0.8284046649932861,0.2823737561702728,0.9118050932884216,0.8086851239204407,T040_010_010_040,0.0018789457390084863,4.8876532673602924e-05,0.03660138323903084,4.8876532673602924e-05,0.05,357,51433,0.015771574872353568,0.3331540524959564,0.4000000059604645,0.07803922891616821,0.10000000149011612,0.07860113680362701,0.10000000149011612,0.31889069080352783,0.4000000059604645,frozen_mlp_surrogate_adjoint,900,900,900,700,60.474886417388916,60.474886417388916,0.06719431824154325
485,178.86500549316406,180.73297119140625,120.67694091796875,95.23074340820312,0.6865625381469727,0.8283883929252625,0.2824787497520447,0.9116804599761963,0.8086780309677124,T040_010_010_040,0.0018789584282785654,4.8753703595139086e-05,0.03660409525036812,4.8753703595139086e-05,0.05,181,50142,0.00908278969347263,0.3331581950187683,0.4000000059604645,0.07806305587291718,0.10000000149011612,0.07846229523420334,0.10000000149011612,0.3189944624900818,0.4000000059604645,frozen_mlp_surrogate_adjoint,900,900,900,700,60.474886417388916,60.474886417388916,0.06719431824154325
486,178.8526611328125,180.73257446289062,120.659912109375,95.23519134521484,0.6864767670631409,0.8283808827400208,0.2823604643344879,0.9117627739906311,0.8086197376251221,T040_010_010_040,0.00187895935960114,4.763904871651903e-05,0.03662640601396561,4.763904871651903e-05,0.05,298,51127,0.013158395348140282,0.3330160975456238,0.4000000059604645,0.07810690253973007,0.10000000149011612,0.07851565629243851,0.10000000149011612,0.3189811110496521,0.4000000059604645,frozen_mlp_surrogate_adjoint,900,900,900,700,60.474886417388916,60.474886417388916,0.06719431824154325
487,178.8563232421875,180.7332763671875,120.66055297851562,95.23638916015625,0.68650221824646,0.8283941149711609,0.28236496448516846,0.9117848873138428,0.8086330890655518,T040_010_010_040,0.0018789622699841857,4.7897425247356296e-05,0.03662129491567612,4.7897425247356296e-05,0.05,633,50784,0.029283926166919612,0.33304286003112793,0.4000000059604645,0.07808725535869598,0.10000000149011612,0.0785515308380127,0.10000000149011612,0.31895142793655396,0.4000000059604645,frozen_mlp_surrogate_adjoint,900,900,900,700,60.474886417388916,60.474886417388916,0.06719431824154325
488,178.863037109375,180.73468017578125,120.65914916992188,95.23820495605469,0.6865488290786743,0.8284198641777039,0.2823551893234253,0.9118186831474304,0.8086665868759155,T040_010_010_040,0.001878978917375207,4.8555099056102335e-05,0.03660847619175911,4.8555099056102335e-05,0.05,36,51263,0.004087838813183884,0.3331141471862793,0.4000000059604645,0.07804799824953079,0.10000000149011612,0.07860834896564484,0.10000000149011612,0.3188961148262024,0.4000000059604645,frozen_mlp_surrogate_adjoint,900,900,900,700,60.474886417388916,60.474886417388916,0.06719431824154325
489,178.85629272460938,180.7275390625,120.66067504882812,95.23252868652344,0.6865019798278809,0.8282878994941711,0.2823658287525177,0.9117135405540466,0.8086495399475098,T040_010_010_040,0.0018789797322824597,4.822974733542651e-05,0.036614999175071716,4.822974733542651e-05,0.05,139,51648,0.007988857048869157,0.33309173583984375,0.4000000059604645,0.07811319082975388,0.10000000149011612,0.07845871150493622,0.10000000149011612,0.31898587942123413,0.4000000059604645,frozen_mlp_surrogate_adjoint,900,900,900,700,60.474886417388916,60.474886417388916,0.06719431824154325
490,178.87132263183594,180.72303771972656,120.65682983398438,95.23640441894531,0.6866064071655273,0.8282043933868408,0.28233906626701355,0.9117851853370667,0.8087115287780762,T040_010_010_040,0.0018791527254506946,4.958876161254011e-05,0.03659128025174141,4.958876161254011e-05,0.05,34,51078,0.004061936143013277,0.3332343101501465,0.4000000059604645,0.0780569314956665,0.10000000149011612,0.07856537401676178,0.10000000149011612,0.3188549280166626,0.4000000059604645,frozen_mlp_surrogate_adjoint,900,900,900,700,60.474886417388916,60.474886417388916,0.06719431824154325
491,145.35256958007812,152.4796142578125,96.09142303466797,96.74048614501953,0.4538373649120331,0.30517807602882385,0.11174600571393967,0.939638614654541,0.8133490085601807,T040_010_010_040,0.001887687249109149,0.00014575764362234622,0.034838590770959854,0.00014575764362234622,0.05,283,50703,0.012613532785918433,0.3335064649581909,0.4000000059604645,0.06820736825466156,0.10000000149011612,0.09201164543628693,0.10000000149011612,0.31962352991104126,0.4000000059604645,frozen_mlp_surrogate_adjoint,900,900,900,700,60.474886417388916,60.474886417388916,0.06719431824154325
492,145.32359313964844,152.4591827392578,96.07157135009766,96.74351501464844,0.4536360502243042,0.30479973554611206,0.111608125269413,0.9396946430206299,0.8134797811508179,T040_010_010_040,0.001887691905722022,0.00014820220530964434,0.0347897931933403,0.00014820220530964434,0.05,7,50833,0.0023171902400144764,0.3335726857185364,0.4000000059604645,0.06813375651836395,0.10000000149011612,0.09217379987239838,0.10000000149011612,0.31959953904151917,0.4000000059604645,frozen_mlp_surrogate_adjoint,900,900,900,700,60.474886417388916,60.474886417388916,0.06719431824154325
493,145.32827758789062,152.4318389892578,96.03790283203125,96.7255859375,0.4536685347557068,0.3042932152748108,0.11137431114912033,0.9393627643585205,0.8135018348693848,T040_010_010_040,0.0018877340480685234,0.00014865586126688868,0.034781564027071,0.00014865586126688868,0.05,730,50170,0.035530899691178244,0.3338744044303894,0.4000000059604645,0.06815078109502792,0.10000000149011612,0.09196895360946655,0.10000000149011612,0.3195077180862427,0.4000000059604645,frozen_mlp_surrogate_adjoint,900,900,900,700,60.474886417388916,60.474886417388916,0.06719431824154325
494,144.445068359375,151.53684997558594,95.64116668701172,96.63369750976562,0.4475352168083191,0.2877194583415985,0.10861920565366745,0.9376611113548279,0.8175355195999146,T040_010_010_040,0.0018908580532297492,0.00022619357332587242,0.033293288201093674,0.00022619357332587242,0.05,265,50630,0.011987528901730358,0.33918410539627075,0.4000000059604645,0.06542428582906723,0.10000000149011612,0.093354731798172,0.10000000149011612,0.31957241892814636,0.4000000059604645,frozen_mlp_surrogate_adjoint,900,900,900,700,60.474886417388916,60.474886417388916,0.06719431824154325
495,144.45713806152344,151.57888793945312,95.6246109008789,96.64292907714844,0.4476190209388733,0.28849807381629944,0.10850425809621811,0.9378319978713989,0.8173744678497314,T040_010_010_040,0.0018909431528300047,0.00022333901142701507,0.0333520844578743,0.00022333901142701507,0.05,533,50025,0.02394066730669206,0.33886855840682983,0.4000000059604645,0.06553220003843307,0.10000000149011612,0.09344620257616043,0.10000000149011612,0.3195275366306305,0.4000000059604645,frozen_mlp_surrogate_adjoint,900,900,900,700,60.474886417388916,60.474886417388916,0.06719431824154325
496,144.40843200683594,151.52293395996094,95.55689239501953,96.63667297363281,0.44728079438209534,0.2874618172645569,0.10803398489952087,0.9377162456512451,0.8176825046539307,T040_010_010_040,0.001890957704745233,0.00022897419694345444,0.03323967009782791,0.00022897419694345444,0.05,368,51653,0.01633009490479842,0.3391818702220917,0.4000000059604645,0.06545349955558777,0.10000000149011612,0.09363676607608795,0.10000000149011612,0.31941041350364685,0.4000000059604645,frozen_mlp_surrogate_adjoint,900,900,900,700,60.474886417388916,60.474886417388916,0.06719431824154325
497,144.3831787109375,151.51524353027344,95.59538269042969,96.64707946777344,0.44710540771484375,0.2873194217681885,0.10830124467611313,0.937908947467804,0.8177706003189087,T040_010_010_040,0.001890959800221026,0.00023058212536852807,0.03320755437016487,0.00023058212536852807,0.05,288,1,0.012871682440959886,0.3391385078430176,0.4000000059604645,0.06532350182533264,0.10000000149011612,0.09377583116292953,0.10000000149011612,0.31953272223472595,0.4000000059604645,frozen_mlp_surrogate_adjoint,900,900,900,700,60.474886417388916,60.474886417388916,0.06719431824154325
498,144.3767852783203,151.51197814941406,95.59423065185547,96.64942932128906,0.4470610022544861,0.28725898265838623,0.10829327255487442,0.9379523992538452,0.8178061246871948,T040_010_010_040,0.0018909776117652655,0.0002312471769982949,0.033194608986377716,0.0002312471769982949,0.05,301,51445,0.01321011958494201,0.33913180232048035,0.4000000059604645,0.06530427187681198,0.10000000149011612,0.09383673220872879,0.10000000149011612,0.3195333480834961,0.4000000059604645,frozen_mlp_surrogate_adjoint,900,900,900,700,60.474886417388916,60.474886417388916,0.06719431824154325
499,144.40737915039062,151.5179901123047,95.48055267333984,96.62735748291016,0.4472734034061432,0.2873702645301819,0.10750383883714676,0.9375436305999756,0.8176916241645813,T040_010_010_040,0.0018910629441961646,0.0002292457065777853,0.033236343413591385,0.0002292457065777853,0.05,97,51267,0.006555293935792723,0.3392588496208191,0.4000000059604645,0.06556857377290726,0.10000000149011612,0.09363164007663727,0.10000000149011612,0.3192325830459595,0.4000000059604645,frozen_mlp_surrogate_adjoint,900,900,900,700,60.474886417388916,60.474886417388916,0.06719431824154325
500,144.2921905517578,151.4551544189453,95.56062316894531,96.63408660888672,0.4464735686779022,0.2862066924571991,0.1080598533153534,0.9376682639122009,0.8180040121078491,T040_010_010_040,0.00189113465603441,0.00023500759562011808,0.03312253952026367,0.00023500759562011808,0.05,48,50407,0.00497021940300383,0.33954918384552,0.4000000059604645,0.06513116508722305,0.10000000149011612,0.09369105100631714,0.10000000149011612,0.3196326196193695,0.4000000059604645,frozen_mlp_surrogate_adjoint,900,900,900,700,60.474886417388916,60.474886417388916,0.06719431824154325
501,144.29254150390625,151.37570190429688,95.46760559082031,96.60250091552734,0.44647595286369324,0.2847353518009186,0.10741393268108368,0.93708336353302,0.8182964324951172,T040_010_010_040,0.00189132837112993,0.00024051906075328588,0.03301618620753288,0.00024051906075328588,0.05,643,51405,0.030395344507917327,0.3402218222618103,0.4000000059604645,0.06516937911510468,0.10000000149011612,0.09353410452604294,0.10000000149011612,0.3193710744380951,0.4000000059604645,frozen_mlp_surrogate_adjoint,900,900,900,700,60.474886417388916,60.474886417388916,0.06719431824154325
502,144.21517944335938,151.29397583007812,95.11457061767578,96.5433349609375,0.4459387958049774,0.2832217514514923,0.1049622893333435,0.935987651348114,0.8184770345687866,T040_010_010_040,0.001892354805022478,0.00024482543813064694,0.03295058757066727,0.00024482543813064694,0.05,615,51142,0.02847723950154341,0.34102216362953186,0.4000000059604645,0.06551648676395416,0.10000000149011612,0.09319441020488739,0.10000000149011612,0.31874391436576843,0.4000000059604645,frozen_mlp_surrogate_adjoint,900,900,900,700,60.474886417388916,60.474886417388916,0.06719431824154325
503,167.00836181640625,157.5010223388672,123.16250610351562,94.99029541015625,0.6042247414588928,0.39816704392433167,0.29973962903022766,0.9072277545928955,0.8097760677337646,T040_010_010_040,0.0019002696499228477,9.101231989916414e-05,0.03618514537811279,9.101231989916414e-05,0.05,382,50448,0.017118374813671275,0.32512518763542175,0.4000000059604645,0.08058203756809235,0.10000000149011612,0.0914480984210968,0.10000000149011612,0.31262072920799255,0.4000000059604645,frozen_mlp_surrogate_adjoint,900,900,900,700,60.474886417388916,60.474886417388916,0.06719431824154325
504,167.03244018554688,157.50335693359375,123.18531799316406,94.99219512939453,0.6043919324874878,0.3982103168964386,0.29989805817604065,0.9072628617286682,0.8098787665367126,T040_010_010_040,0.0019002817571163177,9.297765791416168e-05,0.03614608198404312,9.297765791416168e-05,0.05,890,51176,0.04447648671676302,0.32515186071395874,0.4000000059604645,0.08055947721004486,0.10000000149011612,0.09160223603248596,0.10000000149011612,0.3125651776790619,0.4000000059604645,frozen_mlp_surrogate_adjoint,900,900,900,700,60.474886417388916,60.474886417388916,0.06719431824154325
505,167.11044311523438,157.50881958007812,123.3571548461914,94.96842956542969,0.6049336194992065,0.3983113765716553,0.30109134316444397,0.9068228006362915,0.8098299503326416,T040_010_010_040,0.0019004130735993385,9.21805840334855e-05,0.036164648830890656,9.21805840334855e-05,0.05,491,51258,0.022140427170311897,0.32512518763542175,0.4000000059604645,0.08052590489387512,0.10000000149011612,0.09156739711761475,0.10000000149011612,0.3126114308834076,0.4000000059604645,frozen_mlp_surrogate_adjoint,900,900,900,700,60.474886417388916,60.474886417388916,0.06719431824154325
506,167.14981079101562,157.5141143798828,123.40731048583984,94.95980834960938,0.605207085609436,0.39840948581695557,0.30143964290618896,0.9066630601882935,0.8098424077033997,T040_010_010_040,0.0019004609202966094,9.246540867025033e-05,0.03615991026163101,9.246540867025033e-05,0.05,713,50000,0.034291446260294844,0.32513660192489624,0.4000000059604645,0.08056092262268066,0.10000000149011612,0.09156540036201477,0.10000000149011612,0.312579482793808,0.4000000059604645,frozen_mlp_surrogate_adjoint,900,900,900,700,60.474886417388916,60.474886417388916,0.06719431824154325
507,167.7279815673828,157.5666961669922,124.46819305419922,94.80810546875,0.6092221140861511,0.3993833661079407,0.3088068962097168,0.9038538336753845,0.8097624182701111,T040_010_010_040,0.0019013241399079561,9.180721826851368e-05,0.03619033843278885,9.180721826851368e-05,0.05,868,51121,0.0433196109428053,0.3251146674156189,0.4000000059604645,0.08056186139583588,0.10000000149011612,0.09150665253400803,0.10000000149011612,0.3125792145729065,0.4000000059604645,frozen_mlp_surrogate_adjoint,900,900,900,700,60.474886417388916,60.474886417388916,0.06719431824154325
508,167.80731201171875,157.5702667236328,124.65341186523438,94.78646087646484,0.6097730398178101,0.3994494080543518,0.31009313464164734,0.90345299243927,0.8097495436668396,T040_010_010_040,0.0019014618592336774,9.169995610136539e-05,0.036195237189531326,9.169995610136539e-05,0.05,507,51321,0.022790415408064254,0.32509464025497437,0.4000000059604645,0.0804796814918518,0.10000000149011612,0.0915474146604538,0.10000000149011612,0.31262779235839844,0.4000000059604645,frozen_mlp_surrogate_adjoint,900,900,900,700,60.474886417388916,60.474886417388916,0.06719431824154325
509,167.85760498046875,157.5779266357422,124.7149429321289,94.77293395996094,0.6101222634315491,0.399591326713562,0.3105204403400421,0.9032025337219238,0.8097308874130249,T040_010_010_040,0.001901524025015533,9.140729525825009e-05,0.036202333867549896,9.140729525825009e-05,0.05,469,50362,0.020770790713107185,0.325103223323822,0.4000000059604645,0.08055218309164047,0.10000000149011612,0.09148164093494415,0.10000000149011612,0.31259381771087646,0.4000000059604645,frozen_mlp_surrogate_adjoint,900,900,900,700,60.474886417388916,60.474886417388916,0.06719431824154325
510,168.0709228515625,157.5980987548828,125.09931945800781,94.71720886230469,0.6116036176681519,0.399964839220047,0.31318968534469604,0.9021705389022827,0.8097028732299805,T040_010_010_040,0.0019018417224287987,9.119191236095503e-05,0.036212995648384094,9.119191236095503e-05,0.05,724,51502,0.034953794841503745,0.3250965476036072,0.4000000059604645,0.08056733757257462,0.10000000149011612,0.09145395457744598,0.10000000149011612,0.3125850558280945,0.4000000059604645,frozen_mlp_surrogate_adjoint,900,900,900,700,60.474886417388916,60.474886417388916,0.06719431824154325
511,177.8139190673828,180.0601348876953,118.10145568847656,95.64239501953125,0.6792633533477783,0.8159283399581909,0.2645934522151947,0.9193037152290344,0.8073463439941406,T040_010_010_040,0.0019043583888560534,4.858671309193596e-05,0.0371154323220253,4.858671309193596e-05,0.05,509,50020,0.02290673577191342,0.3284142017364502,0.4000000059604645,0.08355861902236938,0.10000000149011612,0.08179426938295364,0.10000000149011612,0.313579261302948,0.4000000059604645,frozen_mlp_surrogate_adjoint,900,900,900,700,60.474886417388916,60.474886417388916,0.06719431824154325
512,177.81314086914062,180.06031799316406,118.10121154785156,95.64252471923828,0.679257869720459,0.8159317374229431,0.2645917236804962,0.9193059802055359,0.8073431849479675,T040_010_010_040,0.0019043588545173407,4.852642086916603e-05,0.0371166467666626,4.852642086916603e-05,0.05,512,50229,0.022924149033840623,0.32840460538864136,0.4000000059604645,0.08356078714132309,0.10000000149011612,0.08179530501365662,0.10000000149011612,0.31358247995376587,0.4000000059604645,frozen_mlp_surrogate_adjoint,900,900,900,700,60.474886417388916,60.474886417388916,0.06719431824154325
513,177.80166625976562,180.0604705810547,118.07209777832031,95.64510345458984,0.6791782379150391,0.8159345984458923,0.2643895447254181,0.9193537831306458,0.8073599338531494,T040_010_010_040,0.0019043594365939498,4.884969530394301e-05,0.03711019456386566,4.884969530394301e-05,0.05,705,51331,0.034054629931113634,0.3284049332141876,0.4000000059604645,0.08359438180923462,0.10000000149011612,0.08180933445692062,0.10000000149011612,0.31355130672454834,0.4000000059604645,frozen_mlp_surrogate_adjoint,900,900,900,700,60.474886417388916,60.474886417388916,0.06719431824154325
514,173.56813049316406,158.76129150390625,130.3799591064453,93.69674682617188,0.6497786641120911,0.4215054214000702,0.3498608469963074,0.8832731246948242,0.8094221949577332,T040_010_010_040,0.001937941531650722,0.00012194648297736421,0.036319900304079056,0.00012194648297736421,0.05,861,50701,0.04300460092754504,0.31974124908447266,0.4000000059604645,0.0877809226512909,0.10000000149011612,0.09077587723731995,0.10000000149011612,0.31112414598464966,0.4000000059604645,frozen_mlp_surrogate_adjoint,900,900,900,700,60.474886417388916,60.474886417388916,0.06719431824154325
515,173.5111541748047,158.7501220703125,130.2459716796875,93.71429443359375,0.649383008480072,0.42129847407341003,0.348930299282074,0.8835980892181396,0.8094810247421265,T040_010_010_040,0.0019379426958039403,0.00012306860298849642,0.03629748150706291,0.00012306860298849642,0.05,703,50182,0.03377692934744356,0.3199242055416107,0.4000000059604645,0.08777771890163422,0.10000000149011612,0.09079381078481674,0.10000000149011612,0.310985267162323,0.4000000059604645,frozen_mlp_surrogate_adjoint,900,900,900,700,60.474886417388916,60.474886417388916,0.06719431824154325
516,173.48019409179688,158.7425079345703,130.19288635253906,93.72200012207031,0.649168074131012,0.42115744948387146,0.34856167435646057,0.8837407827377319,0.809484601020813,T040_010_010_040,0.0019379528239369392,0.0001231469796039164,0.036296118050813675,0.0001231469796039164,0.05,547,50566,0.024362993064309273,0.32001298666000366,0.4000000059604645,0.08774536103010178,0.10000000149011612,0.09079240262508392,0.10000000149011612,0.31093382835388184,0.4000000059604645,frozen_mlp_surrogate_adjoint,900,900,900,700,60.474886417388916,60.474886417388916,0.06719431824154325
517,173.5784912109375,158.7622833251953,130.41616821289062,93.68997192382812,0.649850606918335,0.4215238094329834,0.35011228919029236,0.883147656917572,0.809363067150116,T040_010_010_040,0.001937953056767583,0.00012083112960681319,0.03634243831038475,0.00012083112960681319,0.05,765,51381,0.037647845278641665,0.31970489025115967,0.4000000059604645,0.08777840435504913,0.10000000149011612,0.09070563316345215,0.10000000149011612,0.3111741542816162,0.4000000059604645,frozen_mlp_surrogate_adjoint,900,900,900,700,60.474886417388916,60.474886417388916,0.06719431824154325
518,173.47305297851562,158.74032592773438,130.18357849121094,93.72467041015625,0.6491184234619141,0.4211171567440033,0.34849709272384644,0.883790135383606,0.8094947338104248,T040_010_010_040,0.0019379558507353067,0.00012334305210970342,0.03629225492477417,0.00012334305210970342,0.05,874,50985,0.04360156566572808,0.3200335204601288,0.4000000059604645,0.08772420138120651,0.10000000149011612,0.09081747382879257,0.10000000149011612,0.31091952323913574,0.4000000059604645,frozen_mlp_surrogate_adjoint,900,900,900,700,60.474886417388916,60.474886417388916,0.06719431824154325
519,173.58860778808594,158.76431274414062,130.4378204345703,93.68557739257812,0.6499208807945251,0.42156144976615906,0.35026267170906067,0.8830662965774536,0.8093370199203491,T040_010_010_040,0.0019379628356546164,0.00012034405517624691,0.03635237365961075,0.00012034405517624691,0.05,717,25,0.03442207671286787,0.31967633962631226,0.4000000059604645,0.08779089152812958,0.10000000149011612,0.0906677171587944,0.10000000149011612,0.3112020194530487,0.4000000059604645,frozen_mlp_surrogate_adjoint,900,900,900,700,60.474886417388916,60.474886417388916,0.06719431824154325
520,173.4925994873047,158.7436981201172,130.27659606933594,93.71238708496094,0.6492541432380676,0.42117947340011597,0.34914302825927734,0.8835626244544983,0.809395432472229,T040_010_010_040,0.0019379638833925128,0.00012145888467784971,0.036330100148916245,0.00012145888467784971,0.05,500,50273,0.022503802731736716,0.31990259885787964,0.4000000059604645,0.08769165724515915,0.10000000149011612,0.09075245261192322,0.10000000149011612,0.311048686504364,0.4000000059604645,frozen_mlp_surrogate_adjoint,900,900,900,700,60.474886417388916,60.474886417388916,0.06719431824154325
521,173.59542846679688,158.76414489746094,130.4794921875,93.68511199951172,0.6499682068824768,0.42155835032463074,0.3505520522594452,0.8830575942993164,0.8093445301055908,T040_010_010_040,0.0019379659788683057,0.00012049054203089327,0.03634950891137123,0.00012049054203089327,0.05,638,51187,0.029898174348121625,0.31963062286376953,0.4000000059604645,0.08772961050271988,0.10000000149011612,0.09074950218200684,0.10000000149011612,0.31123480200767517,0.4000000059604645,frozen_mlp_surrogate_adjoint,900,900,900,700,60.474886417388916,60.474886417388916,0.06719431824154325
522,173.4712371826172,158.7418975830078,130.20736694335938,93.72129821777344,0.6491057872772217,0.4211461842060089,0.34866228699684143,0.8837276697158813,0.8094555139541626,T040_010_010_040,0.0019379770383238792,0.00012261694064363837,0.0363072007894516,0.00012261694064363837,0.05,770,51122,0.03774090023148083,0.31996870040893555,0.4000000059604645,0.08772377669811249,0.10000000149011612,0.09078751504421234,0.10000000149011612,0.31097549200057983,0.4000000059604645,frozen_mlp_surrogate_adjoint,900,900,900,700,60.474886417388916,60.474886417388916,0.06719431824154325
523,173.5268096923828,158.75503540039062,130.32339477539062,93.70474243164062,0.6494917273521423,0.42138969898223877,0.34946805238723755,0.8834211826324463,0.8094136714935303,T040_010_010_040,0.0019379806471988559,0.00012182314821984619,0.036323148757219315,0.00012182314821984619,0.05,204,50405,0.009911451944202402,0.31978368759155273,0.4000000059604645,0.08776406198740005,0.10000000149011612,0.09076393395662308,0.10000000149011612,0.3111020028591156,0.4000000059604645,frozen_mlp_surrogate_adjoint,900,900,900,700,60.474886417388916,60.474886417388916,0.06719431824154325
524,173.4515380859375,158.7293243408203,130.26470947265625,93.71996307373047,0.6489690542221069,0.42091330885887146,0.34906044602394104,0.8837030529975891,0.8093510866165161,T040_010_010_040,0.001937991357408464,0.00012064079783158377,0.03634700924158096,0.00012064079783158377,0.05,170,50981,0.008751669605856927,0.31998175382614136,0.4000000059604645,0.08754249662160873,0.10000000149011612,0.0907859206199646,0.10000000149011612,0.31104087829589844,0.4000000059604645,frozen_mlp_surrogate_adjoint,900,900,900,700,60.474886417388916,60.474886417388916,0.06719431824154325
525,173.45657348632812,158.73306274414062,130.25875854492188,93.72587585449219,0.6490040421485901,0.4209827184677124,0.3490191400051117,0.8838124871253967,0.8094491958618164,T040_010_010_040,0.0019379922887310386,0.00012251187581568956,0.036309607326984406,0.00012251187581568956,0.05,182,50819,0.009122393081822871,0.3199526071548462,0.4000000059604645,0.08754391968250275,0.10000000149011612,0.09093983471393585,0.10000000149011612,0.311012864112854,0.4000000059604645,frozen_mlp_surrogate_adjoint,900,900,900,700,60.474886417388916,60.474886417388916,0.06719431824154325
526,173.53457641601562,158.7473907470703,130.44454956054688,93.69548034667969,0.6495457291603088,0.42124804854393005,0.3503093719482422,0.8832495808601379,0.8092858791351318,T040_010_010_040,0.0019379928708076477,0.00011939904652535915,0.036371875554323196,0.00011939904652535915,0.05,501,50968,0.022508746241505263,0.31971627473831177,0.4000000059604645,0.08757814764976501,0.10000000149011612,0.090762659907341,0.10000000149011612,0.31122884154319763,0.4000000059604645,frozen_mlp_surrogate_adjoint,900,900,900,700,60.474886417388916,60.474886417388916,0.06719431824154325
527,173.5220947265625,158.7478790283203,130.396484375,93.69892120361328,0.6494590640068054,0.4212571382522583,0.3499755561351776,0.8833133578300476,0.8093050718307495,T040_010_010_040,0.0019379950826987624,0.00011976725363638252,0.03636455535888672,0.00011976725363638252,0.05,456,50469,0.020251976848838796,0.3197479248046875,0.4000000059604645,0.08763273805379868,0.10000000149011612,0.09073205292224884,0.10000000149011612,0.3111923038959503,0.4000000059604645,frozen_mlp_surrogate_adjoint,900,900,900,700,60.474886417388916,60.474886417388916,0.06719431824154325
528,173.45736694335938,158.7362060546875,130.28053283691406,93.72103881835938,0.6490095257759094,0.4210408926010132,0.34917038679122925,0.8837230205535889,0.8094031810760498,T040_010_010_040,0.0019380187150090933,0.00012166137457825243,0.036327145993709564,0.00012166137457825243,0.05,462,51560,0.020451639034935576,0.31987908482551575,0.4000000059604645,0.08756902813911438,0.10000000149011612,0.09088154137134552,0.10000000149011612,0.31107354164123535,0.4000000059604645,frozen_mlp_surrogate_adjoint,900,900,900,700,60.474886417388916,60.474886417388916,0.06719431824154325
529,173.4530792236328,158.7277374267578,130.3182373046875,93.7108383178711,0.6489797234535217,0.42088404297828674,0.34943220019340515,0.8835340738296509,0.809235692024231,T040_010_010_040,0.0019380197627469897,0.00011846874258480966,0.03639101982116699,0.00011846874258480966,0.05,752,50483,0.03688566671853712,0.3199254870414734,0.4000000059604645,0.0875081866979599,0.10000000149011612,0.09066905826330185,0.10000000149011612,0.31113293766975403,0.4000000059604645,frozen_mlp_surrogate_adjoint,900,900,900,700,60.474886417388916,60.474886417388916,0.06719431824154325
530,173.52511596679688,158.7552032470703,130.3609619140625,93.70010375976562,0.6494799256324768,0.4213927388191223,0.34972888231277466,0.8833352327346802,0.8093537092208862,T040_010_010_040,0.0019380205776542425,0.00012072022946085781,0.03634600713849068,0.00012072022946085781,0.05,199,50527,0.009849230389720298,0.319716215133667,0.4000000059604645,0.087739497423172,0.10000000149011612,0.09072521328926086,0.10000000149011612,0.311172753572464,0.4000000059604645,frozen_mlp_surrogate_adjoint,900,900,900,700,60.474886417388916,60.474886417388916,0.06719431824154325
531,173.49766540527344,158.738037109375,130.40142822265625,93.69589233398438,0.6492893695831299,0.42107483744621277,0.35000985860824585,0.8832572102546692,0.8091803789138794,T040_010_010_040,0.0019380309386178851,0.00011742448259610683,0.03641212731599808,0.00011742448259610683,0.05,657,50992,0.031314915317800354,0.31979840993881226,0.4000000059604645,0.08756420016288757,0.10000000149011612,0.09058906137943268,0.10000000149011612,0.3112286925315857,0.4000000059604645,frozen_mlp_surrogate_adjoint,900,900,900,700,60.474886417388916,60.474886417388916,0.06719431824154325
532,173.447998046875,158.73521423339844,130.2745819091797,93.72005462646484,0.6489444971084595,0.4210224151611328,0.3491290211677551,0.8837047219276428,0.8093682527542114,T040_010_010_040,0.0019380354788154364,0.00012101215543225408,0.036340463906526566,0.00012101215543225408,0.05,702,50312,0.033651409338473985,0.31987354159355164,0.4000000059604645,0.08757665008306503,0.10000000149011612,0.09082698076963425,0.10000000149011612,0.3110910654067993,0.4000000059604645,frozen_mlp_surrogate_adjoint,900,900,900,700,60.474886417388916,60.474886417388916,0.06719431824154325
533,173.52194213867188,158.745849609375,130.45074462890625,93.6939697265625,0.6494578719139099,0.4212194085121155,0.35035240650177,0.8832216858863831,0.8092359304428101,T040_010_010_040,0.0019380386220291257,0.00011849206930492073,0.03639093041419983,0.00011849206930492073,0.05,217,50670,0.010486620532821457,0.3196876049041748,0.4000000059604645,0.0875665545463562,0.10000000149011612,0.09071236848831177,0.10000000149011612,0.3112693727016449,0.4000000059604645,frozen_mlp_surrogate_adjoint,900,900,900,700,60.474886417388916,60.474886417388916,0.06719431824154325
534,173.40618896484375,158.7165069580078,130.27024841308594,93.72201538085938,0.648654043674469,0.42067593336105347,0.34909898042678833,0.8837410807609558,0.8092362880706787,T040_010_010_040,0.0019380621379241347,0.0001185224246000871,0.036390792578458786,0.0001185224246000871,0.05,736,50286,0.035862119539284004,0.3200015723705292,0.4000000059604645,0.08741629868745804,0.10000000149011612,0.09072089195251465,0.10000000149011612,0.31109750270843506,0.4000000059604645,frozen_mlp_surrogate_adjoint,900,900,900,700,60.474886417388916,60.474886417388916,0.06719431824154325
535,173.52723693847656,158.74966430664062,130.46124267578125,93.69168853759766,0.6494947075843811,0.4212901294231415,0.35042527318000793,0.8831794261932373,0.8092330694198608,T040_010_010_040,0.0019380697049200535,0.00011846854613395408,0.03639202192425728,0.00011846854613395408,0.05,374,50032,0.016734633389232895,0.31963634490966797,0.4000000059604645,0.08759736269712448,0.10000000149011612,0.09070288389921188,0.10000000149011612,0.3112964928150177,0.4000000059604645,frozen_mlp_surrogate_adjoint,900,900,900,700,60.474886417388916,60.474886417388916,0.06719431824154325
536,173.42080688476562,158.71768188476562,130.3373260498047,93.71240997314453,0.6487556099891663,0.42069780826568604,0.349564790725708,0.8835631608963013,0.8091517090797424,T040_010_010_040,0.0019380884477868676,0.00011693504347931594,0.03642306849360466,0.00011693504347931594,0.05,167,51600,0.008737968743991353,0.31992653012275696,0.4000000059604645,0.08738722652196884,0.10000000149011612,0.09065166860818863,0.10000000149011612,0.311186283826828,0.4000000059604645,frozen_mlp_surrogate_adjoint,900,900,900,700,60.474886417388916,60.474886417388916,0.06719431824154325
537,173.3712921142578,158.71856689453125,130.15345764160156,93.73736572265625,0.648411750793457,0.42071425914764404,0.3482878804206848,0.8840252757072449,0.8093634247779846,T040_010_010_040,0.001938090194016695,0.00012097498256480321,0.036342304199934006,0.00012097498256480321,0.05,77,50370,0.005841583070556287,0.320046603679657,0.4000000059604645,0.08751120418310165,0.10000000149011612,0.09081072360277176,0.10000000149011612,0.3109948933124542,0.4000000059604645,frozen_mlp_surrogate_adjoint,900,900,900,700,60.474886417388916,60.474886417388916,0.06719431824154325
538,173.40963745117188,158.719970703125,130.29605102539062,93.71602630615234,0.6486780047416687,0.42074012756347656,0.34927815198898315,0.883630096912384,0.8091825246810913,T040_010_010_040,0.0019380974117666483,0.00011753197759389877,0.036411307752132416,0.00011753197759389877,0.05,576,51550,0.026243049809908686,0.3199262022972107,0.4000000059604645,0.08744549751281738,0.10000000149011612,0.09064826369285583,0.10000000149011612,0.311162531375885,0.4000000059604645,frozen_mlp_surrogate_adjoint,900,900,900,700,60.474886417388916,60.474886417388916,0.06719431824154325
539,173.40670776367188,158.7189178466797,130.31036376953125,93.72392272949219,0.6486576199531555,0.42072078585624695,0.34937748312950134,0.8837764263153076,0.8092707395553589,T040_010_010_040,0.0019381005549803376,0.00011921807163162157,0.03637764975428581,0.00011921807163162157,0.05,290,50923,0.012902981275906082,0.3199010491371155,0.4000000059604645,0.08736404031515121,0.10000000149011612,0.09085775911808014,0.10000000149011612,0.31114786863327026,0.4000000059604645,frozen_mlp_surrogate_adjoint,900,900,900,700,60.474886417388916,60.474886417388916,0.06719431824154325
540,173.5696563720703,158.75137329101562,130.568115234375,93.67137145996094,0.6497892737388611,0.4213218688964844,0.3511674404144287,0.8828031420707703,0.809073805809021,T040_010_010_040,0.0019381035817787051,0.00011546304449439049,0.03645281121134758,0.00011546304449439049,0.05,258,51109,0.01149178602279409,0.3195840120315552,0.4000000059604645,0.08758093416690826,0.10000000149011612,0.09050145745277405,0.10000000149011612,0.3114074170589447,0.4000000059604645,frozen_mlp_surrogate_adjoint,900,900,900,700,60.474886417388916,60.474886417388916,0.06719431824154325
541,173.4995880126953,158.7432403564453,130.44688415527344,93.69471740722656,0.6493027210235596,0.42117100954055786,0.3503255844116211,0.883235514163971,0.8091901540756226,T040_010_010_040,0.0019381040474399924,0.00011768416152335703,0.03640839830040932,0.00011768416152335703,0.05,364,50874,0.01626954969965289,0.31965774297714233,0.4000000059604645,0.08754712343215942,0.10000000149011612,0.09067639708518982,0.10000000149011612,0.3113088607788086,0.4000000059604645,frozen_mlp_surrogate_adjoint,900,900,900,700,60.474886417388916,60.474886417388916,0.06719431824154325
542,173.6354217529297,158.7696533203125,130.64480590820312,93.6614990234375,0.6502459645271301,0.4216602146625519,0.3517000079154968,0.8826203346252441,0.809154748916626,T040_010_010_040,0.0019381112651899457,0.00011701583571266383,0.03642190992832184,0.00011701583571266383,0.05,494,51161,0.022223540378508176,0.31942278146743774,0.4000000059604645,0.08767898380756378,0.10000000149011612,0.09059755504131317,0.10000000149011612,0.3114554286003113,0.4000000059604645,frozen_mlp_surrogate_adjoint,900,900,900,700,60.474886417388916,60.474886417388916,0.06719431824154325
543,173.56082153320312,158.75503540039062,130.34173583984375,93.68342590332031,0.6497279405593872,0.42138949036598206,0.3495953381061554,0.8830264210700989,0.8092121481895447,T040_010_010_040,0.001938115805387497,0.00011811552394647151,0.03640000522136688,0.00011811552394647151,0.05,44,50523,0.004871513646062885,0.31987062096595764,0.4000000059604645,0.08787448704242706,0.10000000149011612,0.09034160524606705,0.10000000149011612,0.31112542748451233,0.4000000059604645,frozen_mlp_surrogate_adjoint,900,900,900,700,60.474886417388916,60.474886417388916,0.06719431824154325
544,173.40573120117188,158.71987915039062,130.327880859375,93.72264099121094,0.6486509442329407,0.42073854804039,0.3494991362094879,0.8837525248527527,0.8092566728591919,T040_010_010_040,0.0019381262827664614,0.00011897542572114617,0.036383017897605896,0.00011897542572114617,0.05,792,50906,0.03872739448722458,0.31985634565353394,0.4000000059604645,0.08735430985689163,0.10000000149011612,0.0908641442656517,0.10000000149011612,0.31118184328079224,0.4000000059604645,frozen_mlp_surrogate_adjoint,900,900,900,700,60.474886417388916,60.474886417388916,0.06719431824154325
545,173.36700439453125,158.70330810546875,130.28207397460938,93.72943115234375,0.6483820080757141,0.420431524515152,0.34918102622032166,0.8838782906532288,0.8091986179351807,T040_010_010_040,0.0019381385063752532,0.00011788005940616131,0.03640516847372055,0.00011788005940616131,0.05,180,51253,0.00903326313891891,0.3200313448905945,0.4000000059604645,0.08724237233400345,0.10000000149011612,0.09080526232719421,0.10000000149011612,0.3111196458339691,0.4000000059604645,frozen_mlp_surrogate_adjoint,900,900,900,700,60.474886417388916,60.474886417388916,0.06719431824154325
546,173.322021484375,158.709228515625,129.92758178710938,93.76148986816406,0.6480696201324463,0.4205411672592163,0.3467193841934204,0.884472131729126,0.8095256090164185,T040_010_010_040,0.0019381497986614704,0.00012412502837833017,0.036280494183301926,0.00012412502837833017,0.05,110,51309,0.007236523156413417,0.32037901878356934,0.4000000059604645,0.08761761337518692,0.10000000149011612,0.09082362800836563,0.10000000149011612,0.31070536375045776,0.4000000059604645,frozen_mlp_surrogate_adjoint,900,900,900,700,60.474886417388916,60.474886417388916,0.06719431824154325
547,173.32289123535156,158.71395874023438,130.01060485839844,93.74420166015625,0.6480756402015686,0.4206288456916809,0.3472958505153656,0.884151816368103,0.8093317747116089,T040_010_010_040,0.0019381667952984571,0.00012044826871715486,0.036354370415210724,0.00012044826871715486,0.05,194,51234,0.009715229134753329,0.3201901316642761,0.4000000059604645,0.08764547854661942,0.10000000149011612,0.09059453755617142,0.10000000149011612,0.3109016418457031,0.4000000059604645,frozen_mlp_surrogate_adjoint,900,900,900,700,60.474886417388916,60.474886417388916,0.06719431824154325
548,173.24896240234375,158.6864471435547,129.95001220703125,93.75953674316406,0.6475622653961182,0.42011940479278564,0.34687504172325134,0.8844358921051025,0.8092668652534485,T040_010_010_040,0.0019382648169994354,0.00011930838809348643,0.0363791286945343,0.00011930838809348643,0.05,728,50820,0.03513488640491802,0.32042062282562256,0.4000000059604645,0.08741078525781631,0.10000000149011612,0.09061022102832794,0.10000000149011612,0.3108252286911011,0.4000000059604645,frozen_mlp_surrogate_adjoint,900,900,900,700,60.474886417388916,60.474886417388916,0.06719431824154325
549,173.42088317871094,158.7267303466797,130.45962524414062,93.71165466308594,0.6487561464309692,0.4208652973175049,0.3504140079021454,0.883549153804779,0.8091784715652466,T040_010_010_040,0.0019382961327210069,0.00011765332601498812,0.036412857472896576,0.00011765332601498812,0.05,111,50632,0.007270367984483408,0.3195975422859192,0.4000000059604645,0.08728473633527756,0.10000000149011612,0.09091541916131973,0.10000000149011612,0.3113808035850525,0.4000000059604645,frozen_mlp_surrogate_adjoint,900,900,900,700,60.474886417388916,60.474886417388916,0.06719431824154325
550,173.39781188964844,158.7161865234375,130.43655395507812,93.70042419433594,0.648595929145813,0.4206700325012207,0.3502539098262787,0.8833411931991577,0.8089518547058105,T040_010_010_040,0.0019383238395676017,0.00011335419549141079,0.03649939224123955,0.00011335419549141079,0.05,33,51489,0.004041599957093958,0.3197152614593506,0.4000000059604645,0.08730554580688477,0.10000000149011612,0.09051872789859772,0.10000000149011612,0.31141233444213867,0.4000000059604645,frozen_mlp_surrogate_adjoint,900,900,900,700,60.474886417388916,60.474886417388916,0.06719431824154325
551,173.21218872070312,158.6731414794922,130.01715087890625,93.76702117919922,0.6473067998886108,0.4198729395866394,0.3473413586616516,0.8845744729042053,0.8092350363731384,T040_010_010_040,0.0019383433973416686,0.00011877972428919747,0.03639127314090729,0.00011877972428919747,0.05,12,50513,0.003015769979088151,0.3203663229942322,0.4000000059604645,0.08715232461690903,0.10000000149011612,0.09080998599529266,0.10000000149011612,0.31090641021728516,0.4000000059604645,frozen_mlp_surrogate_adjoint,900,900,900,700,60.474886417388916,60.474886417388916,0.06719431824154325
552,173.19210815429688,158.70555114746094,129.83831787109375,93.78565979003906,0.647167444229126,0.42047324776649475,0.34609946608543396,0.8849196434020996,0.8095493912696838,T040_010_010_040,0.0019383782055228949,0.0001248064509127289,0.036271434277296066,0.0001248064509127289,0.05,27,50640,0.0037915276742840716,0.32014524936676025,0.4000000059604645,0.08757228404283524,0.10000000149011612,0.09100645780563354,0.10000000149011612,0.3108254075050354,0.4000000059604645,frozen_mlp_surrogate_adjoint,900,900,900,700,60.474886417388916,60.474886417388916,0.06719431824154325
553,142.49366760253906,150.75575256347656,85.2809829711914,96.41314697265625,0.43398377299308777,0.2732546031475067,0.03667350113391876,0.933576762676239,0.8138464093208313,T040_010_010_040,0.0020176905672997236,0.0002850326127372682,0.034653160721063614,0.0002850326127372682,0.05,838,51080,0.04128762020784676,0.3340630531311035,0.4000000059604645,0.07541394233703613,0.10000000149011612,0.09804628789424896,0.10000000149011612,0.3063231110572815,0.4000000059604645,frozen_mlp_surrogate_adjoint,900,900,900,700,60.474886417388916,60.474886417388916,0.06719431824154325
554,141.4689483642578,150.34963989257812,82.61808013916016,96.38105773925781,0.4268677234649658,0.265733927488327,0.018181122839450836,0.9329825043678284,0.8119638562202454,T040_010_010_040,0.002033028518781066,0.00026514893397688866,0.03535759076476097,0.00026514893397688866,0.05,888,50443,0.044372653323877145,0.33318930864334106,0.4000000059604645,0.07649271190166473,0.10000000149011612,0.09666165709495544,0.10000000149011612,0.30562013387680054,0.4000000059604645,frozen_mlp_surrogate_adjoint,900,900,900,700,60.474886417388916,60.474886417388916,0.06719431824154325
555,166.3641357421875,180.866943359375,80.20146942138672,95.62720489501953,0.5997509360313416,0.8308694958686829,0.0013991025043651462,0.9190223217010498,0.8102099895477295,T040_010_010_040,0.0021660085767507553,0.0003649960272014141,0.036020249128341675,0.0003649960272014141,0.05,516,51474,0.023087616093090357,0.33578234910964966,0.4000000059604645,0.08902563154697418,0.10000000149011612,0.08795290440320969,0.10000000149011612,0.29744914174079895,0.4000000059604645,frozen_mlp_surrogate_adjoint,900,900,900,700,60.474886417388916,60.474886417388916,0.06719431824154325
556,166.4288787841797,180.936279296875,80.54137420654297,95.62552642822266,0.6002005338668823,0.8321533799171448,0.0037595443427562714,0.918991208076477,0.809368908405304,T040_010_010_040,0.0021739189978688955,0.000356908276444301,0.03634021431207657,0.000356908276444301,0.05,176,50331,0.008914991254762281,0.33565598726272583,0.4000000059604645,0.08897217363119125,0.10000000149011612,0.0872432067990303,0.10000000149011612,0.2974975109100342,0.4000000059604645,frozen_mlp_surrogate_adjoint,900,900,900,700,60.474886417388916,60.474886417388916,0.06719431824154325
557,166.486572265625,181.03858947753906,80.88240814208984,95.62013244628906,0.6006011366844177,0.8340479135513306,0.006127841304987669,0.9188912510871887,0.8084450960159302,T040_010_010_040,0.002182324416935444,0.00034766015596687794,0.036693282425403595,0.00034766015596687794,0.05,637,50982,0.029729640719418807,0.33558836579322815,0.4000000059604645,0.08891402930021286,0.10000000149011612,0.08634195476770401,0.10000000149011612,0.29760074615478516,0.4000000059604645,frozen_mlp_surrogate_adjoint,900,900,900,700,60.474886417388916,60.474886417388916,0.06719431824154325
558,166.4989013671875,181.7678680419922,81.29499816894531,95.68270874023438,0.60068678855896,0.8475531935691833,0.008993045426905155,0.9200500845909119,0.8062257766723633,T040_010_010_040,0.002194066531956196,0.00031664420384913683,0.03754844889044762,0.00031664420384913683,0.05,787,50771,0.03846922069104703,0.3344915509223938,0.4000000059604645,0.08770788460969925,0.10000000149011612,0.08602749556303024,0.10000000149011612,0.2979988753795624,0.4000000059604645,frozen_mlp_surrogate_adjoint,900,900,900,700,60.474886417388916,60.474886417388916,0.06719431824154325
559,168.2860107421875,178.19989013671875,87.49983978271484,95.52543640136719,0.6130973100662231,0.7814794778823853,0.052082229405641556,0.9171376824378967,0.8052467107772827,T040_010_010_040,0.002282307716086507,0.0003858655982185155,0.03792884200811386,0.0003858655982185155,0.05,406,45,0.01818810788839398,0.3343345820903778,0.4000000059604645,0.09212009608745575,0.10000000149011612,0.08331748843193054,0.10000000149011612,0.2954745590686798,0.4000000059604645,frozen_mlp_surrogate_adjoint,900,900,900,700,60.474886417388916,60.474886417388916,0.06719431824154325
560,145.970703125,144.76304626464844,181.70062255859375,74.84590148925781,0.4581299126148224,0.1622786521911621,0.7062543034553528,0.5341833829879761,0.798969566822052,T040_010_010_040,0.002447372768074274,0.00042671116534620523,0.04041323438286781,0.00042671116534620523,0.05,708,51594,0.03417127509906938,0.30200713872909546,0.4000000059604645,0.08209871500730515,0.10000000149011612,0.1057162880897522,0.10000000149011612,0.3091474175453186,0.4000000059604645,frozen_mlp_surrogate_adjoint,900,900,900,700,60.474886417388916,60.474886417388916,0.06719431824154325
561,145.9656524658203,144.7725372314453,181.72000122070312,74.83599090576172,0.4580948054790497,0.16245445609092712,0.7063888907432556,0.5339998602867126,0.7988704442977905,T040_010_010_040,0.002447393024340272,0.00042473810026422143,0.040453098714351654,0.00042473810026422143,0.05,652,50161,0.030790530678523977,0.3020031452178955,0.4000000059604645,0.0819450244307518,0.10000000149011612,0.10568982362747192,0.10000000149011612,0.3092324733734131,0.4000000059604645,frozen_mlp_surrogate_adjoint,900,900,900,700,60.474886417388916,60.474886417388916,0.06719431824154325
562,145.97067260742188,144.7645721435547,181.70684814453125,74.84334564208984,0.4581296145915985,0.16230690479278564,0.7062975764274597,0.5341360569000244,0.7989429235458374,T040_010_010_040,0.0024474028032273054,0.0004262053989805281,0.04042394831776619,0.0004262053989805281,0.05,379,50626,0.01696233338348606,0.30199456214904785,0.4000000059604645,0.082084059715271,0.10000000149011612,0.1056986078619957,0.10000000149011612,0.30916571617126465,0.4000000059604645,frozen_mlp_surrogate_adjoint,900,900,900,700,60.474886417388916,60.474886417388916,0.06719431824154325
563,145.96763610839844,144.76495361328125,181.702392578125,74.84457397460938,0.4581086039543152,0.1623140573501587,0.7062665820121765,0.5341588258743286,0.7989528179168701,T040_010_010_040,0.002447430742904544,0.00042643205961212516,0.04041996970772743,0.00042643205961212516,0.05,678,26,0.03252252208567569,0.30200958251953125,0.4000000059604645,0.082059845328331,0.10000000149011612,0.10571889579296112,0.10000000149011612,0.30916446447372437,0.4000000059604645,frozen_mlp_surrogate_adjoint,900,900,900,700,60.474886417388916,60.474886417388916,0.06719431824154325
564,145.962890625,144.77195739746094,181.73516845703125,74.82915496826172,0.4580756723880768,0.16244372725486755,0.7064942717552185,0.5338732004165649,0.7988227605819702,T040_010_010_040,0.002447430742904544,0.00042381667299196124,0.040472280234098434,0.00042381667299196124,0.05,524,51377,0.023469402282780338,0.3019269108772278,0.4000000059604645,0.0820111483335495,0.10000000149011612,0.10561473667621613,0.10000000149011612,0.3092699348926544,0.4000000059604645,frozen_mlp_surrogate_adjoint,900,900,900,700,60.474886417388916,60.474886417388916,0.06719431824154325
565,145.97003173828125,144.76705932617188,181.70950317382812,74.84010314941406,0.45812520384788513,0.1623530089855194,0.7063159346580505,0.5340760350227356,0.7989214658737183,T040_010_010_040,0.002447432139888406,0.00042580318404361606,0.04043257609009743,0.00042580318404361606,0.05,340,51629,0.014791057640983884,0.3020094931125641,0.4000000059604645,0.08203964680433273,0.10000000149011612,0.10570079833269119,0.10000000149011612,0.30917152762413025,0.4000000059604645,frozen_mlp_surrogate_adjoint,900,900,900,700,60.474886417388916,60.474886417388916,0.06719431824154325
566,145.96510314941406,144.7638702392578,181.713134765625,74.83970642089844,0.45809099078178406,0.16229386627674103,0.7063411474227905,0.5340685844421387,0.7989234328269958,T040_010_010_040,0.0024474328383803368,0.00042584355105645955,0.04043178632855415,0.00042584355105645955,0.05,883,51743,0.04407495006799163,0.301949679851532,0.4000000059604645,0.08212311565876007,0.10000000149011612,0.10566147416830063,0.10000000149011612,0.30918917059898376,0.4000000059604645,frozen_mlp_surrogate_adjoint,900,900,900,700,60.474886417388916,60.474886417388916,0.06719431824154325
567,145.95834350585938,144.76744079589844,181.7370147705078,74.82902526855469,0.45804402232170105,0.16236001253128052,0.7065070271492004,0.5338707566261292,0.7988353967666626,T040_010_010_040,0.0024474342353641987,0.00042407430009916425,0.04046719893813133,0.00042407430009916425,0.05,585,50295,0.026763887514007625,0.30186593532562256,0.4000000059604645,0.08212130516767502,0.10000000149011612,0.10557442903518677,0.10000000149011612,0.30927374958992004,0.4000000059604645,frozen_mlp_surrogate_adjoint,900,900,900,700,60.474886417388916,60.474886417388916,0.06719431824154325
568,145.9556884765625,144.76547241210938,181.74673461914062,74.82524108886719,0.45802566409111023,0.162323459982872,0.7065746188163757,0.5338007807731628,0.7988135814666748,T040_010_010_040,0.0024474458768963814,0.0004236470558680594,0.04047597572207451,0.0004236470558680594,0.05,839,51153,0.04138678781692767,0.3017999529838562,0.4000000059604645,0.0822000801563263,0.10000000149011612,0.10551612079143524,0.10000000149011612,0.30929744243621826,0.4000000059604645,frozen_mlp_surrogate_adjoint,900,900,900,700,60.474886417388916,60.474886417388916,0.06719431824154325
569,145.96435546875,144.7659149169922,181.71517944335938,74.83806610107422,0.4580857753753662,0.16233187913894653,0.7063553929328918,0.534038245677948,0.7989075183868408,T040_010_010_040,0.002447449369356036,0.0004255399981047958,0.04043818637728691,0.0004255399981047958,0.05,514,50919,0.022938805842380526,0.30195969343185425,0.4000000059604645,0.08208348602056503,0.10000000149011612,0.10566509515047073,0.10000000149011612,0.3091992437839508,0.4000000059604645,frozen_mlp_surrogate_adjoint,900,900,900,700,60.474886417388916,60.474886417388916,0.06719431824154325
570,145.98101806640625,144.74940490722656,181.6587677001953,74.86710357666016,0.45820149779319763,0.16202600300312042,0.705963671207428,0.5345759987831116,0.7991539835929871,T040_010_010_040,0.002447456354275346,0.0004305000475142151,0.04033912345767021,0.0004305000475142151,0.05,78,50077,0.0058483959781042375,0.30207711458206177,0.4000000059604645,0.08226906508207321,0.10000000149011612,0.10582025349140167,0.10000000149011612,0.308987557888031,0.4000000059604645,frozen_mlp_surrogate_adjoint,900,900,900,700,60.474886417388916,60.474886417388916,0.06719431824154325
571,145.96395874023438,144.76443481445312,181.72415161132812,74.83323669433594,0.4580830931663513,0.1623043268918991,0.7064177393913269,0.5339488983154297,0.7988847494125366,T040_010_010_040,0.002447457518428564,0.0004250904021319002,0.04044734314084053,0.0004250904021319002,0.05,467,50149,0.02064056933004657,0.3019116520881653,0.4000000059604645,0.08215265721082687,0.10000000149011612,0.10561332106590271,0.10000000149011612,0.30920711159706116,0.4000000059604645,frozen_mlp_surrogate_adjoint,900,900,900,700,60.474886417388916,60.474886417388916,0.06719431824154325
572,145.9674530029297,144.76480102539062,181.70639038085938,74.841064453125,0.4581072926521301,0.16231121122837067,0.7062944173812866,0.5340937376022339,0.7989375591278076,T040_010_010_040,0.0024474707897752523,0.00042616561404429376,0.040426105260849,0.00042616561404429376,0.05,360,50891,0.01588870495567525,0.3019968271255493,0.4000000059604645,0.08208220452070236,0.10000000149011612,0.10569778084754944,0.10000000149011612,0.3091607093811035,0.4000000059604645,frozen_mlp_surrogate_adjoint,900,900,900,700,60.474886417388916,60.474886417388916,0.06719431824154325
573,145.95755004882812,144.77769470214844,181.734375,74.82799530029297,0.4580385684967041,0.1625499576330185,0.7064887285232544,0.5338518023490906,0.7987991571426392,T040_010_010_040,0.002447492443025112,0.0004234033403918147,0.04048177972435951,0.0004234033403918147,0.05,278,50731,0.0124089667230816,0.301971971988678,0.4000000059604645,0.0818750262260437,0.10000000149011612,0.10565367341041565,0.10000000149011612,0.30929848551750183,0.4000000059604645,frozen_mlp_surrogate_adjoint,900,900,900,700,60.474886417388916,60.474886417388916,0.06719431824154325
574,145.96234130859375,144.76336669921875,181.7176055908203,74.83682250976562,0.45807188749313354,0.16228464245796204,0.7063722610473633,0.5340152382850647,0.7989072799682617,T040_010_010_040,0.00244749803096056,0.0004255840030964464,0.04043828323483467,0.0004255840030964464,0.05,562,50897,0.025701432730063922,0.30192190408706665,0.4000000059604645,0.0821518823504448,0.10000000149011612,0.10563520342111588,0.10000000149011612,0.3091983199119568,0.4000000059604645,frozen_mlp_surrogate_adjoint,900,900,900,700,60.474886417388916,60.474886417388916,0.06719431824154325
575,145.9672088623047,144.76112365722656,181.733154296875,74.83187866210938,0.45810559391975403,0.1622430980205536,0.7064802050590515,0.5339236259460449,0.7988684177398682,T040_010_010_040,0.002447524107992649,0.00042482843855395913,0.04045391455292702,0.00042482843855395913,0.05,95,50913,0.006500708890108446,0.30184227228164673,0.4000000059604645,0.08225542306900024,0.10000000149011612,0.10555233806371689,0.10000000149011612,0.3092184066772461,0.4000000059604645,frozen_mlp_surrogate_adjoint,900,900,900,700,60.474886417388916,60.474886417388916,0.06719431824154325
576,145.964599609375,144.76402282714844,181.73605346679688,74.82897186279297,0.4580874741077423,0.16229665279388428,0.7065003514289856,0.5338698029518127,0.7988464832305908,T040_010_010_040,0.002447525504976511,0.0004243885341566056,0.040462736040353775,0.0004243885341566056,0.05,663,50101,0.03153861173638264,0.3018551170825958,0.4000000059604645,0.08220110833644867,0.10000000149011612,0.10555650293827057,0.10000000149011612,0.30923381447792053,0.4000000059604645,frozen_mlp_surrogate_adjoint,900,900,900,700,60.474886417388916,60.474886417388916,0.06719431824154325
577,145.9671630859375,144.7608184814453,181.72389221191406,74.83749389648438,0.45810529589653015,0.16223740577697754,0.7064158916473389,0.534027636051178,0.7989007234573364,T040_010_010_040,0.0024475264362990856,0.00042548030614852905,0.04044092074036598,0.00042548030614852905,0.05,443,51632,0.01982540977734452,0.3018777370452881,0.4000000059604645,0.0822269394993782,0.10000000149011612,0.105595663189888,0.10000000149011612,0.3092004358768463,0.4000000059604645,frozen_mlp_surrogate_adjoint,900,900,900,700,60.474886417388916,60.474886417388916,0.06719431824154325
578,145.96505737304688,144.7659454345703,181.73098754882812,74.83354187011719,0.4580906331539154,0.16233226656913757,0.7064652442932129,0.5339545607566833,0.7988574504852295,T040_010_010_040,0.002447528066113591,0.0004246118769515306,0.040458325296640396,0.0004246118769515306,0.05,211,50580,0.010204550072970182,0.3018912076950073,0.4000000059604645,0.08213251829147339,0.10000000149011612,0.10559677332639694,0.10000000149011612,0.30923697352409363,0.4000000059604645,frozen_mlp_surrogate_adjoint,900,900,900,700,60.474886417388916,60.474886417388916,0.06719431824154325
579,145.95248413085938,144.7559356689453,181.75860595703125,74.82205200195312,0.4580034017562866,0.16214698553085327,0.7066569924354553,0.5337417125701904,0.7988158464431763,T040_010_010_040,0.0024475418031215668,0.00042378861689940095,0.040475063025951385,0.00042378861689940095,0.05,308,51350,0.013613363939352075,0.30165234208106995,0.4000000059604645,0.0824606642127037,0.10000000149011612,0.10539789497852325,0.10000000149011612,0.30930498242378235,0.4000000059604645,frozen_mlp_surrogate_adjoint,900,900,900,700,60.474886417388916,60.474886417388916,0.06719431824154325
580,145.9672393798828,144.75552368164062,181.721923828125,74.83517456054688,0.45810580253601074,0.162139430642128,0.7064023017883301,0.5339847803115845,0.798923134803772,T040_010_010_040,0.0024475662503391504,0.0004259708512108773,0.040431905537843704,0.0004259708512108773,0.05,31,51511,0.003935002472544247,0.30184561014175415,0.4000000059604645,0.08235287666320801,0.10000000149011612,0.1055639386177063,0.10000000149011612,0.3091607391834259,0.4000000059604645,frozen_mlp_surrogate_adjoint,900,900,900,700,60.474886417388916,60.474886417388916,0.06719431824154325
581,145.9571533203125,144.7772216796875,181.73155212402344,74.8310546875,0.4580358564853668,0.16254106163978577,0.7064691185951233,0.533908486366272,0.7988083362579346,T040_010_010_040,0.0024475720711052418,0.00042366760317236185,0.04047808423638344,0.00042366760317236185,0.05,557,50590,0.025342871988256164,0.3019758462905884,0.4000000059604645,0.08187172561883926,0.10000000149011612,0.10566577315330505,0.10000000149011612,0.30929499864578247,0.4000000059604645,frozen_mlp_surrogate_adjoint,900,900,900,700,60.474886417388916,60.474886417388916,0.06719431824154325
582,145.95687866210938,144.75570678710938,181.73635864257812,74.82960510253906,0.458033949136734,0.1621427685022354,0.7065024971961975,0.5338816046714783,0.7988789677619934,T040_010_010_040,0.002447577891871333,0.00042509421473369,0.04044967144727707,0.00042509421473369,0.05,342,51272,0.014851328789951955,0.30175912380218506,0.4000000059604645,0.08239437639713287,0.10000000149011612,0.10549625754356384,0.10000000149011612,0.3092292249202728,0.4000000059604645,frozen_mlp_surrogate_adjoint,900,900,900,700,60.474886417388916,60.474886417388916,0.06719431824154325
583,145.9514923095703,144.76828002929688,181.7661590576172,74.81864929199219,0.4579964876174927,0.16237549483776093,0.7067094445228577,0.5336786508560181,0.798737645149231,T040_010_010_040,0.002447632374241948,0.0004223056312184781,0.04050653427839279,0.0004223056312184781,0.05,815,50435,0.040205582183615064,0.30173343420028687,0.4000000059604645,0.08219609409570694,0.10000000149011612,0.10544893145561218,0.10000000149011612,0.30935922265052795,0.4000000059604645,frozen_mlp_surrogate_adjoint,900,900,900,700,60.474886417388916,60.474886417388916,0.06719431824154325
584,145.9783935546875,144.76629638671875,181.7166290283203,74.83674621582031,0.45818325877189636,0.16233886778354645,0.7063654661178589,0.5340137481689453,0.7988899946212769,T040_010_010_040,0.0024476367980241776,0.00042537509580142796,0.0404452346265316,0.00042537509580142796,0.05,891,50900,0.04448282421884258,0.3019896149635315,0.4000000059604645,0.08208369463682175,0.10000000149011612,0.10566353797912598,0.10000000149011612,0.30915316939353943,0.4000000059604645,frozen_mlp_surrogate_adjoint,900,900,900,700,60.474886417388916,60.474886417388916,0.06719431824154325
585,145.95974731445312,144.767822265625,181.7196044921875,74.83206939697266,0.4580537676811218,0.16236712038516998,0.706386148929596,0.5339272618293762,0.7988727688789368,T040_010_010_040,0.0024476409889757633,0.0004250328056514263,0.04045216366648674,0.0004250328056514263,0.05,219,51660,0.010543938490241758,0.301957368850708,0.4000000059604645,0.08206256479024887,0.10000000149011612,0.10565076768398285,0.10000000149011612,0.30920207500457764,0.4000000059604645,frozen_mlp_surrogate_adjoint,900,900,900,700,60.474886417388916,60.474886417388916,0.06719431824154325
586,145.9622802734375,144.76287841796875,181.70187377929688,74.84730529785156,0.4580713212490082,0.16227556765079498,0.7062629461288452,0.5342093110084534,0.798954963684082,T040_010_010_040,0.002447643084451556,0.00042668782407417893,0.04041910544037819,0.00042668782407417893,0.05,299,50197,0.013166914863530782,0.3019752502441406,0.4000000059604645,0.08209847658872604,0.10000000149011612,0.10570787638425827,0.10000000149011612,0.3091733455657959,0.4000000059604645,frozen_mlp_surrogate_adjoint,900,900,900,700,60.474886417388916,60.474886417388916,0.06719431824154325
587,145.9568634033203,144.76959228515625,181.74354553222656,74.8300552368164,0.45803380012512207,0.16239993274211884,0.7065523862838745,0.5338899493217468,0.798802375793457,T040_010_010_040,0.0024476631078869104,0.0004236387903802097,0.04048048332333565,0.0004236387903802097,0.05,195,51283,0.009798884386757797,0.30185365676879883,0.4000000059604645,0.08208384364843369,0.10000000149011612,0.10556644946336746,0.10000000149011612,0.30929845571517944,0.4000000059604645,frozen_mlp_surrogate_adjoint,900,900,900,700,60.474886417388916,60.474886417388916,0.06719431824154325
588,145.9608612060547,144.7574005126953,181.75103759765625,74.82647705078125,0.4580615162849426,0.16217418015003204,0.7066044807434082,0.5338236093521118,0.7988260388374329,T040_010_010_040,0.002447674050927162,0.00042412601760588586,0.04047096148133278,0.00042412601760588586,0.05,274,51580,0.012212234887611015,0.30171507596969604,0.4000000059604645,0.08239816129207611,0.10000000149011612,0.1054464802145958,0.10000000149011612,0.3092662990093231,0.4000000059604645,frozen_mlp_surrogate_adjoint,900,900,900,700,60.474886417388916,60.474886417388916,0.06719431824154325
589,145.96771240234375,144.75778198242188,181.68072509765625,74.85169982910156,0.458109050989151,0.162181094288826,0.7061161994934082,0.5342907905578613,0.7990337014198303,T040_010_010_040,0.002447677543386817,0.0004283050657249987,0.04038745164871216,0.0004283050657249987,0.05,221,50852,0.010596928199350777,0.3020403981208801,0.4000000059604645,0.08215811848640442,0.10000000149011612,0.10576406121253967,0.10000000149011612,0.3090711236000061,0.4000000059604645,frozen_mlp_surrogate_adjoint,900,900,900,700,60.474886417388916,60.474886417388916,0.06719431824154325
590,145.97512817382812,144.7647247314453,181.71658325195312,74.8334732055664,0.45816054940223694,0.16230961680412292,0.7063651084899902,0.5339532494544983,0.7988905906677246,T040_010_010_040,0.0024477068800479174,0.00042545711039565504,0.0404449962079525,0.00042545711039565504,0.05,82,51375,0.0061099711383426035,0.30197885632514954,0.4000000059604645,0.08212879300117493,0.10000000149011612,0.10564860701560974,0.10000000149011612,0.3091343343257904,0.4000000059604645,frozen_mlp_surrogate_adjoint,900,900,900,700,60.474886417388916,60.474886417388916,0.06719431824154325
591,145.98873901367188,144.747314453125,181.67742919921875,74.86198425292969,0.4582551121711731,0.1619873344898224,0.7060931921005249,0.5344811677932739,0.7990925908088684,T040_010_010_040,0.0024477604310959578,0.00042957099503837526,0.04036378860473633,0.00042957099503837526,0.05,91,51606,0.006405845495582332,0.30199337005615234,0.4000000059604645,0.08237703889608383,0.10000000149011612,0.1057271882891655,0.10000000149011612,0.30899497866630554,0.4000000059604645,frozen_mlp_surrogate_adjoint,900,900,900,700,60.474886417388916,60.474886417388916,0.06719431824154325
592,145.94696044921875,144.78050231933594,181.749267578125,74.81234741210938,0.4579649865627289,0.1626017838716507,0.7065922021865845,0.5335620641708374,0.7987123131752014,T040_010_010_040,0.0024479145649820566,0.00042207780643366277,0.04051673412322998,0.00042207780643366277,0.05,255,51112,0.011442354799793917,0.3019329905509949,0.4000000059604645,0.08188037574291229,0.10000000149011612,0.10558901727199554,0.10000000149011612,0.3093098998069763,0.4000000059604645,frozen_mlp_surrogate_adjoint,900,900,900,700,60.474886417388916,60.474886417388916,0.06719431824154325
593,200.6534881591797,163.58282470703125,200.17889404296875,67.86555480957031,0.8378714323043823,0.5107930302619934,0.8345755934715271,0.4049175977706909,0.7870652079582214,T040_010_010_040,0.0024490279611200094,0.00018196650489699095,0.04534122720360756,0.00018196650489699095,0.05,721,50759,0.034821334118580696,0.3276859521865845,0.4000000059604645,0.06403201073408127,0.10000000149011612,0.0737602561712265,0.10000000149011612,0.3215869665145874,0.4000000059604645,frozen_mlp_surrogate_adjoint,900,900,900,700,60.474886417388916,60.474886417388916,0.06719431824154325
594,200.65036010742188,163.58203125,200.18722534179688,67.86280822753906,0.8378496766090393,0.5107784867286682,0.8346335291862488,0.4048668444156647,0.7870683073997498,T040_010_010_040,0.0024490896612405777,0.00018209422705695033,0.045339904725551605,0.00018209422705695033,0.05,880,51298,0.04388395347074467,0.3276880085468292,0.4000000059604645,0.06404633820056915,0.10000000149011612,0.07372177392244339,0.10000000149011612,0.3216121792793274,0.4000000059604645,frozen_mlp_surrogate_adjoint,900,900,900,700,60.474886417388916,60.474886417388916,0.06719431824154325
595,200.65699768066406,163.58486938476562,200.17910766601562,67.86595916748047,0.8378958106040955,0.5108308792114258,0.8345771431922913,0.4049251675605774,0.7870684862136841,T040_010_010_040,0.0024490905925631523,0.00018209895642939955,0.045339830219745636,0.00018209895642939955,0.05,531,50958,0.023812367969469325,0.32769274711608887,0.4000000059604645,0.06402741372585297,0.10000000149011612,0.07375830411911011,0.10000000149011612,0.32159000635147095,0.4000000059604645,frozen_mlp_surrogate_adjoint,900,900,900,700,60.474886417388916,60.474886417388916,0.06719431824154325
596,200.65530395507812,163.57969665527344,200.19070434570312,67.86426544189453,0.8378840684890747,0.5107350945472717,0.8346577286720276,0.40489375591278076,0.787071168422699,T040_010_010_040,0.0024491013027727604,0.00018216688476968557,0.04533868655562401,0.00018216688476968557,0.05,434,51417,0.01949808360312444,0.3276907205581665,0.4000000059604645,0.06404603272676468,0.10000000149011612,0.0737161785364151,0.10000000149011612,0.3216182589530945,0.4000000059604645,frozen_mlp_surrogate_adjoint,900,900,900,700,60.474886417388916,60.474886417388916,0.06719431824154325
597,200.62905883789062,163.57437133789062,200.17898559570312,67.86685180664062,0.8377017378807068,0.5106366276741028,0.8345762491226196,0.40494170784950256,0.7870237827301025,T040_010_010_040,0.0024491436779499054,0.00018120021559298038,0.045358870178461075,0.00018120021559298038,0.05,291,50042,0.012968149228459782,0.3276323676109314,0.4000000059604645,0.06406250596046448,0.10000000149011612,0.073756642639637,0.10000000149011612,0.3215722441673279,0.4000000059604645,frozen_mlp_surrogate_adjoint,900,900,900,700,60.474886417388916,60.474886417388916,0.06719431824154325
598,200.64767456054688,163.5828857421875,200.1714630126953,67.86090087890625,0.8378310203552246,0.5107940435409546,0.8345240354537964,0.4048314392566681,0.7870451211929321,T040_010_010_040,0.0024491697549819946,0.00018168074893765152,0.04534978047013283,0.00018168074893765152,0.05,754,51015,0.03699835659670174,0.3276727795600891,0.4000000059604645,0.06404028832912445,0.10000000149011612,0.07376798242330551,0.10000000149011612,0.32156404852867126,0.4000000059604645,frozen_mlp_surrogate_adjoint,900,900,900,700,60.474886417388916,60.474886417388916,0.06719431824154325
599,200.63307189941406,163.576904296875,200.19078063964844,67.86222839355469,0.8377296924591064,0.5106834769248962,0.8346582055091858,0.4048561155796051,0.7870436906814575,T040_010_010_040,0.0024491900112479925,0.00018167025700677186,0.045350391417741776,0.00018167025700677186,0.05,734,51410,0.035762163131511204,0.32765519618988037,0.4000000059604645,0.06407196074724197,0.10000000149011612,0.07370221614837646,0.10000000149011612,0.3216143548488617,0.4000000059604645,frozen_mlp_surrogate_adjoint,900,900,900,700,60.474886417388916,60.474886417388916,0.06719431824154325
600,200.63119506835938,163.5756378173828,200.15789794921875,67.86798095703125,0.8377166390419006,0.5106599926948547,0.8344298005104065,0.4049626290798187,0.7870012521743774,T040_010_010_040,0.00244919303804636,0.00018076974083669484,0.04536846652626991,0.00018076974083669484,0.05,109,50284,0.00722847260840562,0.3276194930076599,0.4000000059604645,0.06404270231723785,0.10000000149011612,0.07383153587579727,0.10000000149011612,0.3215075433254242,0.4000000059604645,frozen_mlp_surrogate_adjoint,900,900,900,700,60.474886417388916,60.474886417388916,0.06719431824154325
601,200.64102172851562,163.5806884765625,200.18234252929688,67.8614273071289,0.8377849459648132,0.510753333568573,0.8345996141433716,0.40484124422073364,0.7870466113090515,T040_010_010_040,0.002449209801852703,0.00018175251898355782,0.04534914717078209,0.00018175251898355782,0.05,159,50545,0.008468922897102812,0.3276674747467041,0.4000000059604645,0.064055897295475,0.10000000149011612,0.07372914999723434,0.10000000149011612,0.32159408926963806,0.4000000059604645,frozen_mlp_surrogate_adjoint,900,900,900,700,60.474886417388916,60.474886417388916,0.06719431824154325
602,200.65440368652344,163.58001708984375,200.1864013671875,67.86984252929688,0.8378778100013733,0.5107410550117493,0.8346277475357056,0.4049970209598541,0.7870608568191528,T040_010_010_040,0.0024492344819009304,0.00018208060646429658,0.045343078672885895,0.00018208060646429658,0.05,188,51092,0.009377032858090576,0.32768523693084717,0.4000000059604645,0.06403270363807678,0.10000000149011612,0.0737464502453804,0.10000000149011612,0.3215964436531067,0.4000000059604645,frozen_mlp_surrogate_adjoint,900,900,900,700,60.474886417388916,60.474886417388916,0.06719431824154325
603,200.63958740234375,163.5803680419922,200.19190979003906,67.86103820800781,0.8377748727798462,0.5107476115226746,0.8346660137176514,0.4048340320587158,0.7870545983314514,T040_010_010_040,0.0024492486845701933,0.0001819614990381524,0.045345742255449295,0.0001819614990381524,0.05,356,50548,0.015757281649822593,0.3276727795600891,0.4000000059604645,0.06406517326831818,0.10000000149011612,0.07369328290224075,0.10000000149011612,0.32162338495254517,0.4000000059604645,frozen_mlp_surrogate_adjoint,900,900,900,700,60.474886417388916,60.474886417388916,0.06719431824154325
604,200.64569091796875,163.58251953125,200.1731719970703,67.85758972167969,0.837817370891571,0.5107874870300293,0.8345358967781067,0.40477025508880615,0.787039041519165,T040_010_010_040,0.0024493071250617504,0.00018168881069868803,0.04535236954689026,0.00018168881069868803,0.05,197,51498,0.009831380422486071,0.3276716470718384,0.4000000059604645,0.0640498697757721,0.10000000149011612,0.073748879134655,0.10000000149011612,0.32156866788864136,0.4000000059604645,frozen_mlp_surrogate_adjoint,900,900,900,700,60.474886417388916,60.474886417388916,0.06719431824154325
605,200.62429809570312,163.57118225097656,200.19137573242188,67.8697509765625,0.837668776512146,0.5105775594711304,0.8346622586250305,0.4049953520298004,0.7870200872421265,T040_010_010_040,0.0024493320379406214,0.0001813099515857175,0.045360442250967026,0.0001813099515857175,0.05,321,51245,0.013973412412098825,0.32762718200683594,0.4000000059604645,0.06407462805509567,0.10000000149011612,0.07372015714645386,0.10000000149011612,0.321598082780838,0.4000000059604645,frozen_mlp_surrogate_adjoint,900,900,900,700,60.474886417388916,60.474886417388916,0.06719431824154325
606,200.58639526367188,163.5661163330078,200.1934814453125,67.86959838867188,0.8374055027961731,0.5104835629463196,0.83467698097229,0.40499261021614075,0.7869665622711182,T040_010_010_040,0.0024496656842529774,0.00018050335347652435,0.04538324475288391,0.00018050335347652435,0.05,52,50300,0.0051379916200905325,0.3275613784790039,0.4000000059604645,0.06411930173635483,0.10000000149011612,0.07368876039981842,0.10000000149011612,0.32159706950187683,0.4000000059604645,frozen_mlp_surrogate_adjoint,900,900,900,700,60.474886417388916,60.474886417388916,0.06719431824154325
607,200.624267578125,163.5740966796875,200.21185302734375,67.8501968383789,0.8376684784889221,0.5106313228607178,0.8348044753074646,0.4046332836151123,0.7870348691940308,T040_010_010_040,0.0024497085250914097,0.00018200108024757355,0.045354146510362625,0.00018200108024757355,0.05,13,51483,0.003265411384356281,0.3276579976081848,0.4000000059604645,0.06412070989608765,0.10000000149011612,0.07358096539974213,0.10000000149011612,0.3216751515865326,0.4000000059604645,frozen_mlp_surrogate_adjoint,900,900,900,700,60.474886417388916,60.474886417388916,0.06719431824154325
608,177.5855712890625,159.27737426757812,194.90553283691406,52.97498321533203,0.6776776313781738,0.43106240034103394,0.7979550957679749,0.12916633486747742,0.7853004932403564,T040_010_010_040,0.0024554207921028137,0.00015062665625009686,0.04609587788581848,0.00015062665625009686,0.05,697,50499,0.03354394344816859,0.3069842457771301,0.4000000059604645,0.08814578503370285,0.10000000149011612,0.06668107956647873,0.10000000149011612,0.32348939776420593,0.4000000059604645,frozen_mlp_surrogate_adjoint,900,900,900,700,60.474886417388916,60.474886417388916,0.06719431824154325
609,177.5716094970703,159.27830505371094,194.88726806640625,52.97787857055664,0.6775805950164795,0.43107980489730835,0.7978283166885376,0.12921999394893646,0.7852351665496826,T040_010_010_040,0.0024554438423365355,0.00014924723654985428,0.0461239330470562,0.00014924723654985428,0.05,55,50839,0.005271273496508519,0.3069699704647064,0.4000000059604645,0.08816515654325485,0.10000000149011612,0.06674770265817642,0.10000000149011612,0.3233523666858673,0.4000000059604645,frozen_mlp_surrogate_adjoint,900,900,900,700,60.474886417388916,60.474886417388916,0.06719431824154325
610,177.5745849609375,159.27536010742188,194.89064025878906,52.973785400390625,0.6776013374328613,0.4310251474380493,0.7978516817092896,0.12914420664310455,0.785246729850769,T040_010_010_040,0.002455497160553932,0.00014954869402572513,0.04611896723508835,0.00014954869402572513,0.05,593,51444,0.027056428155112836,0.3069937229156494,0.4000000059604645,0.08815760165452957,0.10000000149011612,0.06671588867902756,0.10000000149011612,0.3233794867992401,0.4000000059604645,frozen_mlp_surrogate_adjoint,900,900,900,700,60.474886417388916,60.474886417388916,0.06719431824154325
611,177.5812225341797,159.27804565429688,194.90225219726562,52.9713134765625,0.6776473522186279,0.4310750365257263,0.7979323267936707,0.12909843027591705,0.7853010892868042,T040_010_010_040,0.0024555043783038855,0.00015072339738253504,0.04609562084078789,0.00015072339738253504,0.05,482,50600,0.02165353702942743,0.306994765996933,0.4000000059604645,0.08815214037895203,0.10000000149011612,0.0666675865650177,0.10000000149011612,0.3234865963459015,0.4000000059604645,frozen_mlp_surrogate_adjoint,900,900,900,700,60.474886417388916,60.474886417388916,0.06719431824154325
612,177.58837890625,159.28749084472656,194.9221649169922,52.976600646972656,0.6776970028877258,0.4312499165534973,0.7980706095695496,0.12919631600379944,0.7853854894638062,T040_010_010_040,0.0024555595591664314,0.00015258998610079288,0.04605938866734505,0.00015258998610079288,0.05,536,50785,0.024147123496917375,0.3069453239440918,0.4000000059604645,0.08814592659473419,0.10000000149011612,0.06663085520267487,0.10000000149011612,0.3236634433269501,0.4000000059604645,frozen_mlp_surrogate_adjoint,900,900,900,700,60.474886417388916,60.474886417388916,0.06719431824154325
613,177.59933471679688,159.27658081054688,194.91958618164062,52.9737663269043,0.677773118019104,0.43104788661003113,0.7980526685714722,0.1291438341140747,0.7853387594223022,T040_010_010_040,0.0024555628187954426,0.00015159024042077363,0.046079449355602264,0.00015159024042077363,0.05,485,51559,0.021783858032944015,0.306992769241333,0.4000000059604645,0.08813159167766571,0.10000000149011612,0.06663332134485245,0.10000000149011612,0.32358109951019287,0.4000000059604645,frozen_mlp_surrogate_adjoint,900,900,900,700,60.474886417388916,60.474886417388916,0.06719431824154325
614,177.5900421142578,159.27452087402344,194.90948486328125,52.97260284423828,0.677708625793457,0.4310097396373749,0.7979825735092163,0.12912225723266602,0.7853037118911743,T040_010_010_040,0.002455565147101879,0.00015084036567714065,0.04609449580311775,0.00015084036567714065,0.05,723,51730,0.034875463672171855,0.3070001006126404,0.4000000059604645,0.08813734352588654,0.10000000149011612,0.06665752083063126,0.10000000149011612,0.3235087990760803,0.4000000059604645,frozen_mlp_surrogate_adjoint,900,900,900,700,60.474886417388916,60.474886417388916,0.06719431824154325
615,177.5775909423828,159.2831573486328,194.9095916748047,52.974430084228516,0.6776221394538879,0.43116968870162964,0.7979832887649536,0.12915612757205963,0.7853372097015381,T040_010_010_040,0.0024555674754083157,0.00015156173321884125,0.04608011245727539,0.00015156173321884125,0.05,135,51619,0.007967420231986749,0.3069559931755066,0.4000000059604645,0.08814970403909683,0.10000000149011612,0.06666315346956253,0.10000000149011612,0.3235684037208557,0.4000000059604645,frozen_mlp_surrogate_adjoint,900,900,900,700,60.474886417388916,60.474886417388916,0.06719431824154325
616,177.594970703125,159.27867126464844,194.916259765625,52.97024154663086,0.6777428984642029,0.43108654022216797,0.7980296015739441,0.12907853722572327,0.7853454351425171,T040_010_010_040,0.002455569338053465,0.00015174019790720195,0.04607658088207245,0.00015174019790720195,0.05,450,51271,0.020052133810303248,0.3069990575313568,0.4000000059604645,0.08814117312431335,0.10000000149011612,0.06662243604660034,0.10000000149011612,0.32358279824256897,0.4000000059604645,frozen_mlp_surrogate_adjoint,900,900,900,700,60.474886417388916,60.474886417388916,0.06719431824154325
617,177.610595703125,159.27896118164062,194.93756103515625,52.96966552734375,0.6778513789176941,0.4310917854309082,0.7981774806976318,0.12906788289546967,0.7854151725769043,T040_010_010_040,0.002455619163811207,0.00015328654262702912,0.04604664817452431,0.00015328654262702912,0.05,270,50302,0.012089998214699811,0.30699920654296875,0.4000000059604645,0.08811970800161362,0.10000000149011612,0.06656035780906677,0.10000000149011612,0.32373592257499695,0.4000000059604645,frozen_mlp_surrogate_adjoint,900,900,900,700,60.474886417388916,60.474886417388916,0.06719431824154325
618,177.60321044921875,159.27816772460938,194.92332458496094,52.973121643066406,0.6777999997138977,0.43107712268829346,0.7980786561965942,0.12913185358047485,0.7853537797927856,T040_010_010_040,0.0024556228891015053,0.00015197282482404262,0.04607300087809563,0.00015197282482404262,0.05,455,50965,0.02022706147835606,0.3069913387298584,0.4000000059604645,0.08813225477933884,0.10000000149011612,0.0666181668639183,0.10000000149011612,0.3236120343208313,0.4000000059604645,frozen_mlp_surrogate_adjoint,900,900,900,700,60.474886417388916,60.474886417388916,0.06719431824154325
619,177.59495544433594,159.28794860839844,194.9207763671875,52.97374725341797,0.6777427196502686,0.4312582314014435,0.798060953617096,0.12914350628852844,0.7853782773017883,T040_010_010_040,0.002455629175528884,0.00015250503201968968,0.04606248438358307,0.00015250503201968968,0.05,658,51392,0.031329869463204624,0.30695831775665283,0.4000000059604645,0.08815395832061768,0.10000000149011612,0.06662281602621078,0.10000000149011612,0.32364317774772644,0.4000000059604645,frozen_mlp_surrogate_adjoint,900,900,900,700,60.474886417388916,60.474886417388916,0.06719431824154325
620,177.61366271972656,159.27330017089844,194.93072509765625,52.96924591064453,0.6778726577758789,0.4309869408607483,0.7981300950050354,0.12906011939048767,0.7853680849075317,T040_010_010_040,0.0024556561838835478,0.0001523130777059123,0.04606685787439346,0.0001523130777059123,0.05,478,50869,0.02134267176342613,0.3070217967033386,0.4000000059604645,0.08811809122562408,0.10000000149011612,0.0665804073214531,0.10000000149011612,0.32364776730537415,0.4000000059604645,frozen_mlp_surrogate_adjoint,900,900,900,700,60.474886417388916,60.474886417388916,0.06719431824154325
621,177.59024047851562,159.28317260742188,194.90541076660156,52.97467041015625,0.6777099967002869,0.4311698079109192,0.797954261302948,0.12916059792041779,0.7853021621704102,T040_010_010_040,0.002455672714859247,0.00015091444947756827,0.04609516263008118,0.00015091444947756827,0.05,316,50019,0.013790664764518647,0.3069709539413452,0.4000000059604645,0.08816187083721161,0.10000000149011612,0.06667551398277283,0.10000000149011612,0.3234937787055969,0.4000000059604645,frozen_mlp_surrogate_adjoint,900,900,900,700,60.474886417388916,60.474886417388916,0.06719431824154325
622,177.58798217773438,159.2831268310547,194.92611694335938,52.96800994873047,0.6776943802833557,0.4311690330505371,0.7980980277061462,0.12903724610805511,0.7854030728340149,T040_010_010_040,0.002455722540616989,0.00015313040057662874,0.04605184122920036,0.00015313040057662874,0.05,518,50740,0.023235613356218477,0.3069819509983063,0.4000000059604645,0.08813552558422089,0.10000000149011612,0.06657803058624268,0.10000000149011612,0.32370758056640625,0.4000000059604645,frozen_mlp_surrogate_adjoint,900,900,900,700,60.474886417388916,60.474886417388916,0.06719431824154325
623,177.56967163085938,159.27914428710938,194.89085388183594,52.985145568847656,0.677567183971405,0.4310952425003052,0.7978531718254089,0.1293545514345169,0.7852239608764648,T040_010_010_040,0.0024557425640523434,0.00014930529869161546,0.04612874612212181,0.00014930529869161546,0.05,591,51612,0.02702885507267211,0.30693763494491577,0.4000000059604645,0.08815662562847137,0.10000000149011612,0.06676501780748367,0.10000000149011612,0.3233647048473358,0.4000000059604645,frozen_mlp_surrogate_adjoint,900,900,900,700,60.474886417388916,60.474886417388916,0.06719431824154325
624,177.57830810546875,159.26953125,194.89541625976562,52.972286224365234,0.6776272058486938,0.4309171736240387,0.7978847622871399,0.12911643087863922,0.7852364182472229,T040_010_010_040,0.0024557539727538824,0.00014958408428356051,0.04612339660525322,0.00014958408428356051,0.05,545,51305,0.024310158683851803,0.3070105314254761,0.4000000059604645,0.08814030885696411,0.10000000149011612,0.06669652462005615,0.10000000149011612,0.32338905334472656,0.4000000059604645,frozen_mlp_surrogate_adjoint,900,900,900,700,60.474886417388916,60.474886417388916,0.06719431824154325
625,177.53839111328125,159.25868225097656,194.83627319335938,52.980201721191406,0.6773499250411987,0.43071645498275757,0.7974741458892822,0.12926296889781952,0.7849913835525513,T040_010_010_040,0.0024557618889957666,0.00014432668103836477,0.04622870683670044,0.00014432668103836477,0.05,646,51622,0.030581951088121808,0.3070129156112671,0.4000000059604645,0.08817455172538757,0.10000000149011612,0.06691277772188187,0.10000000149011612,0.3228911757469177,0.4000000059604645,frozen_mlp_surrogate_adjoint,900,900,900,700,60.474886417388916,60.474886417388916,0.06719431824154325
626,177.60821533203125,159.2819366455078,194.94622802734375,52.96876525878906,0.6778348684310913,0.43114688992500305,0.798237681388855,0.12905119359493256,0.7854558229446411,T040_010_010_040,0.002455775858834386,0.00015431566862389445,0.04602920264005661,0.00015431566862389445,0.05,486,50892,0.021887755349654505,0.3069852590560913,0.4000000059604645,0.08811376988887787,0.10000000149011612,0.06652821600437164,0.10000000149011612,0.3238285481929779,0.4000000059604645,frozen_mlp_surrogate_adjoint,900,900,900,700,60.474886417388916,60.474886417388916,0.06719431824154325
627,177.61940002441406,159.29104614257812,194.9490509033203,52.96642303466797,0.6779124736785889,0.4313156008720398,0.7982572913169861,0.12900780141353607,0.7854907512664795,T040_010_010_040,0.0024558112490922213,0.00015510011871811002,0.046014219522476196,0.00015510011871811002,0.05,776,51348,0.03790386713481482,0.30697932839393616,0.4000000059604645,0.08813761174678802,0.10000000149011612,0.06650170683860779,0.10000000149011612,0.32387208938598633,0.4000000059604645,frozen_mlp_surrogate_adjoint,900,900,900,700,60.474886417388916,60.474886417388916,0.06719431824154325
628,177.57000732421875,159.26075744628906,194.87376403808594,52.973411560058594,0.6775694489479065,0.4307548701763153,0.7977344989776611,0.12913721799850464,0.7851264476776123,T040_010_010_040,0.0024558643344789743,0.00014733188436366618,0.04617064446210861,0.00014733188436366618,0.05,530,51401,0.023795548687568245,0.30703437328338623,0.4000000059604645,0.08814601600170135,0.10000000149011612,0.06676802039146423,0.10000000149011612,0.3231780230998993,0.4000000059604645,frozen_mlp_surrogate_adjoint,900,900,900,700,60.474886417388916,60.474886417388916,0.06719431824154325
629,177.572998046875,159.28286743164062,194.9000701904297,52.98031234741211,0.6775901913642883,0.43116405606269836,0.7979171276092529,0.12926506996154785,0.7852765321731567,T040_010_010_040,0.002455891342833638,0.00015058289864100516,0.04610616713762283,0.00015058289864100516,0.05,820,50390,0.04045145483487658,0.30692917108535767,0.4000000059604645,0.08815646171569824,0.10000000149011612,0.06671737134456635,0.10000000149011612,0.3234735131263733,0.4000000059604645,frozen_mlp_surrogate_adjoint,900,900,900,700,60.474886417388916,60.474886417388916,0.06719431824154325
630,177.6039581298828,159.28652954101562,194.95396423339844,52.96846008300781,0.6778052449226379,0.43123191595077515,0.7982914447784424,0.1290455311536789,0.7854994535446167,T040_010_010_040,0.002455909503623843,0.00015538540901616216,0.04601048305630684,0.00015538540901616216,0.05,151,50902,0.008198380995577187,0.3069647550582886,0.4000000059604645,0.08811155706644058,0.10000000149011612,0.06650041043758392,0.10000000149011612,0.323922723531723,0.4000000059604645,frozen_mlp_surrogate_adjoint,900,900,900,700,60.474886417388916,60.474886417388916,0.06719431824154325
631,177.6107177734375,159.28819274902344,194.9569091796875,52.970977783203125,0.6778522729873657,0.43126288056373596,0.7983118891716003,0.12909220159053802,0.785503625869751,T040_010_010_040,0.0024559516459703445,0.00015551700198557228,0.04600869491696358,0.00015551700198557228,0.05,37,50035,0.0041364376836123635,0.3069570064544678,0.4000000059604645,0.0881129652261734,0.10000000149011612,0.06650060415267944,0.10000000149011612,0.32393303513526917,0.4000000059604645,frozen_mlp_surrogate_adjoint,900,900,900,700,60.474886417388916,60.474886417388916,0.06719431824154325
632,177.57266235351562,159.26953125,194.89651489257812,52.970069885253906,0.6775879263877869,0.43091726303100586,0.7978925108909607,0.12907537817955017,0.7852424383163452,T040_010_010_040,0.0024559609591960907,0.00014992030628491193,0.04612081125378609,0.00014992030628491193,0.05,307,51104,0.013549158969832782,0.3070106506347656,0.4000000059604645,0.08813747018575668,0.10000000149011612,0.06667909026145935,0.10000000149011612,0.32341518998146057,0.4000000059604645,frozen_mlp_surrogate_adjoint,900,900,900,700,60.474886417388916,60.474886417388916,0.06719431824154325
633,177.5952606201172,159.2701416015625,194.91424560546875,52.96319580078125,0.6777448654174805,0.43092861771583557,0.7980155944824219,0.12894803285598755,0.785312831401825,T040_010_010_040,0.002456002403050661,0.00015147325757425278,0.04609058052301407,0.00015147325757425278,0.05,79,50424,0.005870503084004227,0.30704450607299805,0.4000000059604645,0.08812903612852097,0.10000000149011612,0.06658992171287537,0.10000000149011612,0.32354936003685,0.4000000059604645,frozen_mlp_surrogate_adjoint,900,900,900,700,60.474886417388916,60.474886417388916,0.06719431824154325
634,177.62368774414062,159.26571655273438,194.93801879882812,52.9658088684082,0.6779422760009766,0.43084654211997986,0.7981806397438049,0.12899647653102875,0.7853574752807617,T040_010_010_040,0.002456031274050474,0.0001524606195744127,0.04607141390442848,0.0001524606195744127,0.05,339,50393,0.014749268788425507,0.3070530295372009,0.4000000059604645,0.08809753507375717,0.10000000149011612,0.06654360145330429,0.10000000149011612,0.32366326451301575,0.4000000059604645,frozen_mlp_surrogate_adjoint,900,900,900,700,60.474886417388916,60.474886417388916,0.06719431824154325
635,177.57077026367188,159.27626037597656,194.91162109375,52.96959686279297,0.6775748133659363,0.4310418963432312,0.7979974150657654,0.1290666162967682,0.785319983959198,T040_010_010_040,0.0024560452438890934,0.0001516696356702596,0.046087510883808136,0.0001516696356702596,0.05,243,50821,0.011138313927729675,0.30698227882385254,0.4000000059604645,0.08813101798295975,0.10000000149011612,0.06662960350513458,0.10000000149011612,0.3235771059989929,0.4000000059604645,frozen_mlp_surrogate_adjoint,900,900,900,700,60.474886417388916,60.474886417388916,0.06719431824154325
636,177.62600708007812,159.27151489257812,194.9453582763672,52.959835052490234,0.6779583692550659,0.4309539496898651,0.7982316613197327,0.12888582050800323,0.7854198217391968,T040_010_010_040,0.0024560573510825634,0.00015382478886749595,0.04604465141892433,0.00015382478886749595,0.05,445,33,0.019899931616848852,0.3070600628852844,0.4000000059604645,0.08810526877641678,0.10000000149011612,0.06648433208465576,0.10000000149011612,0.3237701952457428,0.4000000059604645,frozen_mlp_surrogate_adjoint,900,900,900,700,60.474886417388916,60.474886417388916,0.06719431824154325
637,177.64117431640625,159.25906372070312,194.9483642578125,52.96501159667969,0.678063690662384,0.4307233989238739,0.798252522945404,0.12898170948028564,0.7853569984436035,T040_010_010_040,0.0024561984464526176,0.00015261740190908313,0.0460716187953949,0.00015261740190908313,0.05,521,50770,0.023325759190448034,0.3070787191390991,0.4000000059604645,0.08807669579982758,0.10000000149011612,0.06651461124420166,0.10000000149011612,0.3236869275569916,0.4000000059604645,frozen_mlp_surrogate_adjoint,900,900,900,700,60.474886417388916,60.474886417388916,0.06719431824154325
638,177.61508178710938,159.2676239013672,194.91868591308594,52.9576416015625,0.6778825521469116,0.4308820366859436,0.7980464100837708,0.1288451850414276,0.7853125333786011,T040_010_010_040,0.0024562180042266846,0.00015168273239396513,0.046090707182884216,0.00015168273239396513,0.05,596,51198,0.02716930412966214,0.3070847690105438,0.4000000059604645,0.08813014626502991,0.10000000149011612,0.0665467157959938,0.10000000149011612,0.32355090975761414,0.4000000059604645,frozen_mlp_surrogate_adjoint,900,900,900,700,60.474886417388916,60.474886417388916,0.06719431824154325
639,177.63262939453125,159.25076293945312,194.922607421875,52.95779037475586,0.6780043840408325,0.43056976795196533,0.7980735898017883,0.12884798645973206,0.7852534055709839,T040_010_010_040,0.002456383081153035,0.00015057818382047117,0.04611609876155853,0.00015057818382047117,0.05,105,50715,0.007068141528503568,0.30713677406311035,0.4000000059604645,0.08809435367584229,0.10000000149011612,0.06654752790927887,0.10000000149011612,0.3234747350215912,0.4000000059604645,frozen_mlp_surrogate_adjoint,900,900,900,700,60.474886417388916,60.474886417388916,0.06719431824154325
640,177.5775146484375,159.28048706054688,194.90679931640625,52.95338439941406,0.6776216626167297,0.43112000823020935,0.7979638576507568,0.12876640260219574,0.785346269607544,T040_010_010_040,0.002456426154822111,0.0001526148698758334,0.046076223254203796,0.0001526148698758334,0.05,102,50206,0.006879045976652979,0.30703264474868774,0.4000000059604645,0.08816047012805939,0.10000000149011612,0.0665464773774147,0.10000000149011612,0.3236066997051239,0.4000000059604645,frozen_mlp_surrogate_adjoint,900,900,900,700,60.474886417388916,60.474886417388916,0.06719431824154325
641,177.6522674560547,159.30767822265625,194.9674530029297,52.96261978149414,0.6781407594680786,0.43162351846694946,0.7983850836753845,0.12893742322921753,0.7855528593063354,T040_010_010_040,0.002456741174682975,0.00015736233035568148,0.0459875762462616,0.00015736233035568148,0.05,49,50616,0.005069119635991274,0.30695515871047974,0.4000000059604645,0.08816861361265182,0.10000000149011612,0.06641659140586853,0.10000000149011612,0.32401248812675476,0.4000000059604645,frozen_mlp_surrogate_adjoint,900,900,900,700,60.474886417388916,60.474886417388916,0.06719431824154325
642,177.71249389648438,159.2459716796875,194.99307250976562,52.94176483154297,0.6785590052604675,0.4304810166358948,0.7985629439353943,0.1285512000322342,0.7854611873626709,T040_010_010_040,0.002457147929817438,0.00015580277249682695,0.04602690041065216,0.00015580277249682695,0.05,47,50017,0.004965104951712478,0.30722635984420776,0.4000000059604645,0.08803277462720871,0.10000000149011612,0.06626183539628983,0.10000000149011612,0.3239401876926422,0.4000000059604645,frozen_mlp_surrogate_adjoint,900,900,900,700,60.474886417388916,60.474886417388916,0.06719431824154325
643,198.93411254882812,163.12701416015625,199.95787048339844,68.00154113769531,0.8259313106536865,0.502352237701416,0.8330407738685608,0.4074360132217407,0.7840757369995117,T040_010_010_040,0.0024605472572147846,0.00012938280997332186,0.04662328585982323,0.00012938280997332186,0.05,753,50637,0.03697502388144778,0.32370978593826294,0.4000000059604645,0.06580227613449097,0.10000000149011612,0.07445099949836731,0.10000000149011612,0.3201126754283905,0.4000000059604645,frozen_mlp_surrogate_adjoint,900,900,900,700,60.474886417388916,60.474886417388916,0.06719431824154325
644,199.05795288085938,163.16036987304688,199.99258422851562,67.98400115966797,0.8267912864685059,0.5029698014259338,0.8332818150520325,0.40711116790771484,0.7842702865600586,T040_010_010_040,0.0024605528451502323,0.0001335873967036605,0.0465393103659153,0.0001335873967036605,0.05,480,51288,0.021589496342085963,0.32402917742729187,0.4000000059604645,0.0656992644071579,0.10000000149011612,0.07428009808063507,0.10000000149011612,0.32026177644729614,0.4000000059604645,frozen_mlp_surrogate_adjoint,900,900,900,700,60.474886417388916,60.474886417388916,0.06719431824154325
645,199.00985717773438,163.14498901367188,199.95135498046875,68.00333404541016,0.8264573216438293,0.502685010433197,0.8329955339431763,0.4074691832065582,0.7841541767120361,T040_010_010_040,0.0024605863727629185,0.00013111527368891984,0.04658941924571991,0.00013111527368891984,0.05,235,50368,0.010946614817958049,0.32385051250457764,0.4000000059604645,0.06570099294185638,0.10000000149011612,0.07449018955230713,0.10000000149011612,0.3201124966144562,0.4000000059604645,frozen_mlp_surrogate_adjoint,900,900,900,700,60.474886417388916,60.474886417388916,0.06719431824154325
646,198.98666381835938,163.14328002929688,199.94564819335938,68.00094604492188,0.826296329498291,0.5026534795761108,0.8329558968544006,0.4074248969554901,0.7841256856918335,T040_010_010_040,0.0024606185033917427,0.0001305325422435999,0.04660172015428543,0.0001305325422435999,0.05,422,50104,0.01896971651444311,0.3238091468811035,0.4000000059604645,0.06572581827640533,0.10000000149011612,0.07449570298194885,0.10000000149011612,0.3200950622558594,0.4000000059604645,frozen_mlp_surrogate_adjoint,900,900,900,700,60.474886417388916,60.474886417388916,0.06719431824154325
647,199.03475952148438,163.15719604492188,199.9574737548828,67.99102783203125,0.8266302943229675,0.5029111504554749,0.8330380320549011,0.40724125504493713,0.7842013835906982,T040_010_010_040,0.002460628980770707,0.00013217679224908352,0.04656904190778732,0.00013217679224908352,0.05,369,51135,0.01637193501830195,0.3239390254020691,0.4000000059604645,0.06568917632102966,0.10000000149011612,0.07442335039377213,0.10000000149011612,0.32014986872673035,0.4000000059604645,frozen_mlp_surrogate_adjoint,900,900,900,700,60.474886417388916,60.474886417388916,0.06719431824154325
648,198.9805908203125,163.1458282470703,199.90333557128906,67.99760437011719,0.82625412940979,0.5027005672454834,0.832662045955658,0.40736308693885803,0.7840774059295654,T040_010_010_040,0.002460673451423645,0.00012954516569152474,0.046622566878795624,0.00012954516569152474,0.05,119,51273,0.007507724135710299,0.3237689137458801,0.4000000059604645,0.06570557504892349,0.10000000149011612,0.0746324211359024,0.10000000149011612,0.3199705183506012,0.4000000059604645,frozen_mlp_surrogate_adjoint,900,900,900,700,60.474886417388916,60.474886417388916,0.06719431824154325
649,198.98812866210938,163.1503448486328,199.95358276367188,67.97443389892578,0.8263064622879028,0.502784252166748,0.8330109715461731,0.4069339334964752,0.7841519117355347,T040_010_010_040,0.0024607032537460327,0.00013118324568495154,0.046590398997068405,0.00013118324568495154,0.05,267,50644,0.012069621115263555,0.32388079166412354,0.4000000059604645,0.06576935201883316,0.10000000149011612,0.07436756789684296,0.10000000149011612,0.3201342523097992,0.4000000059604645,frozen_mlp_surrogate_adjoint,900,900,900,700,60.474886417388916,60.474886417388916,0.06719431824154325
650,199.1042022705078,163.1806182861328,199.89761352539062,67.9854965209961,0.8271124958992004,0.5033447742462158,0.8326222896575928,0.4071388244628906,0.7842258214950562,T040_010_010_040,0.002460720017552376,0.00013279521954245865,0.04655849561095238,0.00013279521954245865,0.05,53,51158,0.005174390868634237,0.3240407705307007,0.4000000059604645,0.06556370854377747,0.10000000149011612,0.07462441176176071,0.10000000149011612,0.3199969530105591,0.4000000059604645,frozen_mlp_surrogate_adjoint,900,900,900,700,60.474886417388916,60.474886417388916,0.06719431824154325
651,198.97718811035156,163.13296508789062,199.96746826171875,68.0,0.8262304663658142,0.5024623274803162,0.8331073522567749,0.40740740299224854,0.784123420715332,T040_010_010_040,0.002460737247020006,0.0001306023623328656,0.04660269618034363,0.0001306023623328656,0.05,96,50144,0.006536746219682961,0.3238005042076111,0.4000000059604645,0.06576463580131531,0.10000000149011612,0.07441290467977524,0.10000000149011612,0.3201453685760498,0.4000000059604645,frozen_mlp_surrogate_adjoint,900,900,900,700,60.474886417388916,60.474886417388916,0.06719431824154325
652,198.86903381347656,163.11639404296875,200.00088500976562,67.97509765625,0.8254793882369995,0.5021553039550781,0.8333394527435303,0.4069463312625885,0.7840577363967896,T040_010_010_040,0.0024607572704553604,0.00012920428707730025,0.04663106054067612,0.00012920428707730025,0.05,519,50139,0.02330252333521121,0.3236793875694275,0.4000000059604645,0.06595520675182343,0.10000000149011612,0.0741853415966034,0.10000000149011612,0.32023775577545166,0.4000000059604645,frozen_mlp_surrogate_adjoint,900,900,900,700,60.474886417388916,60.474886417388916,0.06719431824154325
653,172.914794921875,169.96307373046875,112.46768188476562,95.3373794555664,0.6452416181564331,0.6289458274841309,0.22546997666358948,0.913655161857605,0.7902213931083679,T040_010_010_040,0.0024809185415506363,0.0002805652329698205,0.044007062911987305,0.0002805652329698205,0.05,780,51269,0.03826257857999248,0.3122369050979614,0.4000000059604645,0.09697587043046951,0.10000000149011612,0.0834643542766571,0.10000000149011612,0.2975442707538605,0.4000000059604645,frozen_mlp_surrogate_adjoint,900,900,900,700,60.474886417388916,60.474886417388916,0.06719431824154325
654,198.5327606201172,164.05783081054688,200.95242309570312,70.96305847167969,0.8231441974639893,0.519589364528656,0.8399473428726196,0.4622787833213806,0.7757253050804138,T040_010_010_040,0.0026101581752300262,9.520127787254751e-05,0.05029913783073425,9.520127787254751e-05,0.05,616,50582,0.02850929207015488,0.31767770648002625,0.4000000059604645,0.06792500615119934,0.10000000149011612,0.07241979241371155,0.10000000149011612,0.3177028000354767,0.4000000059604645,frozen_mlp_surrogate_adjoint,900,900,900,700,60.474886417388916,60.474886417388916,0.06719431824154325
655,171.76611328125,156.43338012695312,176.75180053710938,76.6778564453125,0.6372647285461426,0.37839585542678833,0.6718874573707581,0.5681084990501404,0.7870262861251831,T040_010_010_040,0.0026134641375392675,0.0003455739642959088,0.045357801020145416,0.0003455739642959088,0.05,751,50165,0.036808344963206896,0.309417188167572,0.4000000059604645,0.059981610625982285,0.10000000149011612,0.10040067136287689,0.10000000149011612,0.3172268271446228,0.4000000059604645,frozen_mlp_surrogate_adjoint,900,900,900,700,60.474886417388916,60.474886417388916,0.06719431824154325
656,171.70059204101562,156.39694213867188,176.74282836914062,76.66517639160156,0.6368097066879272,0.37772101163864136,0.6718251705169678,0.5678736567497253,0.7873027920722961,T040_010_010_040,0.00261347321793437,0.0003514681593514979,0.04524010047316551,0.0003514681593514979,0.05,862,51249,0.043006648158791,0.3096752166748047,0.4000000059604645,0.059720732271671295,0.10000000149011612,0.10056310892105103,0.10000000149011612,0.31734374165534973,0.4000000059604645,frozen_mlp_surrogate_adjoint,900,900,900,700,60.474886417388916,60.474886417388916,0.06719431824154325
657,171.7930145263672,156.441162109375,176.75027465820312,76.68206787109375,0.6374514698982239,0.37854015827178955,0.671876847743988,0.5681864619255066,0.7869463562965393,T040_010_010_040,0.0026134750805795193,0.0003438821586314589,0.04539185389876366,0.0003438821586314589,0.05,758,50252,0.0373021305311254,0.30937689542770386,0.4000000059604645,0.060036707669496536,0.10000000149011612,0.10034513473510742,0.10000000149011612,0.3171876072883606,0.4000000059604645,frozen_mlp_surrogate_adjoint,900,900,900,700,60.474886417388916,60.474886417388916,0.06719431824154325
658,171.73886108398438,156.43057250976562,176.74545288085938,76.67357635498047,0.6370753645896912,0.3783438205718994,0.671843409538269,0.5680291652679443,0.7870825529098511,T040_010_010_040,0.002613513497635722,0.00034682152909226716,0.04533383995294571,0.00034682152909226716,0.05,537,50105,0.02416346584293494,0.3094116747379303,0.4000000059604645,0.059965066611766815,0.10000000149011612,0.10045389831066132,0.10000000149011612,0.31725189089775085,0.4000000059604645,frozen_mlp_surrogate_adjoint,900,900,900,700,60.474886417388916,60.474886417388916,0.06719431824154325
659,171.75946044921875,156.43374633789062,176.7512664794922,76.67620086669922,0.6372184157371521,0.3784027695655823,0.6718838214874268,0.568077802658081,0.7870362997055054,T040_010_010_040,0.002613515593111515,0.0003458384599070996,0.045353539288043976,0.0003458384599070996,0.05,675,50944,0.03227514675133933,0.3094065487384796,0.4000000059604645,0.05998506024479866,0.10000000149011612,0.10041598230600357,0.10000000149011612,0.3172287344932556,0.4000000059604645,frozen_mlp_surrogate_adjoint,900,900,900,700,60.474886417388916,60.474886417388916,0.06719431824154325
660,171.74868774414062,156.43553161621094,176.743408203125,76.6767578125,0.6371436715126038,0.3784357011318207,0.6718291640281677,0.568088173866272,0.7870369553565979,T040_010_010_040,0.0026135521475225687,0.00034588907146826386,0.04535325989127159,0.00034588907146826386,0.05,707,50683,0.034148406196255,0.3093753457069397,0.4000000059604645,0.05999927967786789,0.10000000149011612,0.10042204707860947,0.10000000149011612,0.31724026799201965,0.4000000059604645,frozen_mlp_surrogate_adjoint,900,900,900,700,60.474886417388916,60.474886417388916,0.06719431824154325
661,171.7206268310547,156.42538452148438,176.74310302734375,76.66926574707031,0.636948823928833,0.37824782729148865,0.6718271374702454,0.5679493546485901,0.7871390581130981,T040_010_010_040,0.002613562624901533,0.0003480735467746854,0.04530978202819824,0.0003480735467746854,0.05,763,50574,0.03749216821525744,0.3094392716884613,0.4000000059604645,0.059929508715867996,0.10000000149011612,0.10049983859062195,0.10000000149011612,0.317270427942276,0.4000000059604645,frozen_mlp_surrogate_adjoint,900,900,900,700,60.474886417388916,60.474886417388916,0.06719431824154325
662,171.75643920898438,156.43722534179688,176.75469970703125,76.67680358886719,0.6371974945068359,0.3784670829772949,0.6719076037406921,0.568088948726654,0.7870215773582458,T040_010_010_040,0.0026135658845305443,0.0003455753903836012,0.04535980895161629,0.0003455753903836012,0.05,889,50329,0.044438456316424596,0.30936989188194275,0.4000000059604645,0.0600089393556118,0.10000000149011612,0.1004120409488678,0.10000000149011612,0.3172307014465332,0.4000000059604645,frozen_mlp_surrogate_adjoint,900,900,900,700,60.474886417388916,60.474886417388916,0.06719431824154325
663,171.67054748535156,156.408203125,176.73654174804688,76.66255950927734,0.6366010308265686,0.37792977690696716,0.6717815399169922,0.5678251385688782,0.7872927784919739,T040_010_010_040,0.002613598247990012,0.0003513801493681967,0.04524436220526695,0.0003513801493681967,0.05,864,51359,0.043162636785063185,0.3095363676548004,0.4000000059604645,0.05980730056762695,0.10000000149011612,0.10059863328933716,0.10000000149011612,0.31735047698020935,0.4000000059604645,frozen_mlp_surrogate_adjoint,900,900,900,700,60.474886417388916,60.474886417388916,0.06719431824154325
664,171.76083374023438,156.42193603515625,176.75653076171875,76.6734390258789,0.6372279524803162,0.3781840205192566,0.6719202995300293,0.568026602268219,0.7870911955833435,T040_010_010_040,0.0026136240921914577,0.00034711608896031976,0.04533015936613083,0.00034711608896031976,0.05,154,50878,0.008244111594074028,0.3095160722732544,0.4000000059604645,0.059894390404224396,0.10000000149011612,0.10043634474277496,0.10000000149011612,0.31724441051483154,0.4000000059604645,frozen_mlp_surrogate_adjoint,900,900,900,700,60.474886417388916,60.474886417388916,0.06719431824154325
665,171.81768798828125,156.45721435546875,176.75985717773438,76.6855697631836,0.6376228928565979,0.3788374364376068,0.6719434261322021,0.5682513117790222,0.7868329882621765,T040_010_010_040,0.002613625954836607,0.0003416173276491463,0.045440174639225006,0.0003416173276491463,0.05,388,50780,0.017452190159162717,0.30925869941711426,0.4000000059604645,0.060149677097797394,0.10000000149011612,0.10028760135173798,0.10000000149011612,0.3171370029449463,0.4000000059604645,frozen_mlp_surrogate_adjoint,900,900,900,700,60.474886417388916,60.474886417388916,0.06719431824154325
666,171.85752868652344,156.46209716796875,176.74917602539062,76.69224548339844,0.6378995180130005,0.3789277970790863,0.6718692779541016,0.5683748722076416,0.7867410182952881,T040_010_010_040,0.002613628748804331,0.0003396589308977127,0.04547939449548721,0.0003396589308977127,0.05,438,50464,0.01966238024089547,0.30925852060317993,0.4000000059604645,0.06018286570906639,0.10000000149011612,0.10020802915096283,0.10000000149011612,0.31709155440330505,0.4000000059604645,frozen_mlp_surrogate_adjoint,900,900,900,700,60.474886417388916,60.474886417388916,0.06719431824154325
667,171.7270965576172,156.4215850830078,176.7464141845703,76.66770935058594,0.6369937062263489,0.3781775236129761,0.6718500852584839,0.5679206252098083,0.7871508598327637,T040_010_010_040,0.002613633871078491,0.0003483958716969937,0.04530475661158562,0.0003483958716969937,0.05,790,51424,0.03855341109845793,0.309482604265213,0.4000000059604645,0.05989975109696388,0.10000000149011612,0.10050398856401443,0.10000000149011612,0.31726452708244324,0.4000000059604645,frozen_mlp_surrogate_adjoint,900,900,900,700,60.474886417388916,60.474886417388916,0.06719431824154325
668,171.72833251953125,156.44259643554688,176.74264526367188,76.67256927490234,0.6370022892951965,0.37856653332710266,0.6718239784240723,0.5680105686187744,0.7870426774024963,T040_010_010_040,0.002613634103909135,0.00034609297290444374,0.0453508198261261,0.00034609297290444374,0.05,772,50917,0.037845776229003876,0.30928996205329895,0.4000000059604645,0.06005559861660004,0.10000000149011612,0.10046102106571198,0.10000000149011612,0.31723612546920776,0.4000000059604645,frozen_mlp_surrogate_adjoint,900,900,900,700,60.474886417388916,60.474886417388916,0.06719431824154325
669,171.75369262695312,156.44744873046875,176.74815368652344,76.67503356933594,0.6371784806251526,0.37865644693374634,0.6718621850013733,0.5680561065673828,0.7869843244552612,T040_010_010_040,0.0026136389933526516,0.0003448549541644752,0.045375678688287735,0.0003448549541644752,0.05,766,50346,0.03767273456974532,0.3092762231826782,0.4000000059604645,0.060088418424129486,0.10000000149011612,0.1004185751080513,0.10000000149011612,0.3172011077404022,0.4000000059604645,frozen_mlp_surrogate_adjoint,900,900,900,700,60.474886417388916,60.474886417388916,0.06719431824154325
670,171.74966430664062,156.45254516601562,176.74676513671875,76.675048828125,0.6371504664421082,0.3787507116794586,0.6718524694442749,0.5680565237998962,0.7869668006896973,T040_010_010_040,0.002613659016788006,0.0003445018664933741,0.04538314417004585,0.0003445018664933741,0.05,466,50831,0.020581220419005085,0.3092252314090729,0.4000000059604645,0.060127142816782,0.10000000149011612,0.10041911154985428,0.10000000149011612,0.3171952962875366,0.4000000059604645,frozen_mlp_surrogate_adjoint,900,900,900,700,60.474886417388916,60.474886417388916,0.06719431824154325
671,171.75515747070312,156.42921447753906,176.75946044921875,76.67414855957031,0.6371886134147644,0.3783186674118042,0.6719407439231873,0.5680397152900696,0.7870626449584961,T040_010_010_040,0.002613674383610487,0.00034655851777642965,0.04534231871366501,0.00034655851777642965,0.05,699,51714,0.033572733844812,0.30944183468818665,0.4000000059604645,0.05994699150323868,0.10000000149011612,0.10043172538280487,0.10000000149011612,0.3172421157360077,0.4000000059604645,frozen_mlp_surrogate_adjoint,900,900,900,700,60.474886417388916,60.474886417388916,0.06719431824154325
672,171.73377990722656,156.43560791015625,176.7470245361328,76.67610168457031,0.6370401382446289,0.3784370422363281,0.6718543171882629,0.5680760145187378,0.7870559692382812,T040_010_010_040,0.0026136841624975204,0.0003464260953478515,0.045345161110162735,0.0003464260953478515,0.05,413,50636,0.018376075293389586,0.30935201048851013,0.4000000059604645,0.059997789561748505,0.10000000149011612,0.10044313222169876,0.10000000149011612,0.31726306676864624,0.4000000059604645,frozen_mlp_surrogate_adjoint,900,900,900,700,60.474886417388916,60.474886417388916,0.06719431824154325
673,171.7652587890625,156.4314422607422,176.75051879882812,76.68097686767578,0.6372587084770203,0.3783600330352783,0.6718785762786865,0.5681662559509277,0.7870215177536011,T040_010_010_040,0.0026136923115700483,0.00034570047864690423,0.045359835028648376,0.00034570047864690423,0.05,586,50116,0.026913437503767464,0.30942273139953613,0.4000000059604645,0.05996065214276314,0.10000000149011612,0.10038860142230988,0.10000000149011612,0.31724950671195984,0.4000000059604645,frozen_mlp_surrogate_adjoint,900,900,900,700,60.474886417388916,60.474886417388916,0.06719431824154325
674,171.64451599121094,156.3744354248047,176.74020385742188,76.6522216796875,0.6364202499389648,0.3773043751716614,0.6718069911003113,0.5676338076591492,0.7875039577484131,T040_010_010_040,0.002613694639876485,0.0003559661563485861,0.04515456780791283,0.0003559661563485861,0.05,385,50635,0.01736662954938897,0.30981823801994324,0.4000000059604645,0.05956025421619415,0.10000000149011612,0.10070610046386719,0.10000000149011612,0.3174193501472473,0.4000000059604645,frozen_mlp_surrogate_adjoint,900,900,900,700,60.474886417388916,60.474886417388916,0.06719431824154325
675,171.66986083984375,156.421875,176.7429962158203,76.66480255126953,0.6365963220596313,0.3781827986240387,0.6718263626098633,0.5678667426109314,0.7872271537780762,T040_010_010_040,0.0026136981323361397,0.00035008403938263655,0.045272283256053925,0.00035008403938263655,0.05,603,50270,0.027724390060516253,0.30940699577331543,0.4000000059604645,0.05990549921989441,0.10000000149011612,0.10057876259088516,0.10000000149011612,0.31733593344688416,0.4000000059604645,frozen_mlp_surrogate_adjoint,900,900,900,700,60.474886417388916,60.474886417388916,0.06719431824154325
676,171.75335693359375,156.43316650390625,176.75506591796875,76.67253112792969,0.6371760964393616,0.3783920407295227,0.6719102263450623,0.5680097937583923,0.7870514392852783,T040_010_010_040,0.0026137186214327812,0.0003463639586698264,0.04534709081053734,0.0003463639586698264,0.05,626,50185,0.029101223837847044,0.30940544605255127,0.4000000059604645,0.059978730976581573,0.10000000149011612,0.10044056922197342,0.10000000149011612,0.31722673773765564,0.4000000059604645,frozen_mlp_surrogate_adjoint,900,900,900,700,60.474886417388916,60.474886417388916,0.06719431824154325
677,171.69381713867188,156.400634765625,176.72903442382812,76.66421508789062,0.6367625594139099,0.3777894675731659,0.6717294454574585,0.5678558349609375,0.787285566329956,T040_010_010_040,0.002613742370158434,0.0003513708070386201,0.045247431844472885,0.0003513708070386201,0.05,131,50232,0.007822920164322832,0.3096303939819336,0.4000000059604645,0.059746988117694855,0.10000000149011612,0.10057003796100616,0.10000000149011612,0.3173381984233856,0.4000000059604645,frozen_mlp_surrogate_adjoint,900,900,900,700,60.474886417388916,60.474886417388916,0.06719431824154325
678,171.69717407226562,156.4575653076172,176.746337890625,76.67140197753906,0.6367858648300171,0.3788437247276306,0.6718495488166809,0.5679889917373657,0.7870172262191772,T040_010_010_040,0.002613780554383993,0.0003456973354332149,0.04536166042089462,0.0003456973354332149,0.05,662,51103,0.031525892417608226,0.3091146945953369,0.4000000059604645,0.06016755849123001,0.10000000149011612,0.10048753023147583,0.10000000149011612,0.3172474205493927,0.4000000059604645,frozen_mlp_surrogate_adjoint,900,900,900,700,60.474886417388916,60.474886417388916,0.06719431824154325
679,171.76296997070312,156.43411254882812,176.7378387451172,76.67152404785156,0.6372429132461548,0.3784094452857971,0.6717905402183533,0.5679911971092224,0.7870351076126099,T040_010_010_040,0.0026137817185372114,0.0003460794978309423,0.04535404592752457,0.0003460794978309423,0.05,106,50445,0.007127234761870969,0.309410035610199,0.4000000059604645,0.05998954176902771,0.10000000149011612,0.10043787211179733,0.10000000149011612,0.31719768047332764,0.4000000059604645,frozen_mlp_surrogate_adjoint,900,900,900,700,60.474886417388916,60.474886417388916,0.06719431824154325
680,171.79757690429688,156.45062255859375,176.75115966796875,76.67573547363281,0.6374832391738892,0.37871524691581726,0.6718830466270447,0.5680691599845886,0.7869100570678711,T040_010_010_040,0.002613827819004655,0.00034346149186603725,0.04540732502937317,0.00034346149186603725,0.05,366,51390,0.016287392800776197,0.3093011677265167,0.4000000059604645,0.060106486082077026,0.10000000149011612,0.10036762058734894,0.10000000149011612,0.317134827375412,0.4000000059604645,frozen_mlp_surrogate_adjoint,900,900,900,700,60.474886417388916,60.474886417388916,0.06719431824154325
681,171.69308471679688,156.45108032226562,176.730712890625,76.67189025878906,0.6367575526237488,0.37872374057769775,0.6717410087585449,0.567997932434082,0.7870402932167053,T040_010_010_040,0.0026138946413993835,0.0003463028697296977,0.04535183683037758,0.0003463028697296977,0.05,215,51586,0.010405059688772223,0.30916503071784973,0.4000000059604645,0.0601189024746418,0.10000000149011612,0.10049183666706085,0.10000000149011612,0.31726449728012085,0.4000000059604645,frozen_mlp_surrogate_adjoint,900,900,900,700,60.474886417388916,60.474886417388916,0.06719431824154325
682,171.56808471679688,156.40982055664062,176.73660278320312,76.64790344238281,0.63588947057724,0.37795954942703247,0.6717818975448608,0.567553699016571,0.7874487638473511,T040_010_010_040,0.0026138974353671074,0.00035499592195264995,0.04517802968621254,0.00035499592195264995,0.05,303,50064,0.013329961654282078,0.30940312147140503,0.4000000059604645,0.05982883274555206,0.10000000149011612,0.10077998042106628,0.10000000149011612,0.3174368739128113,0.4000000059604645,frozen_mlp_surrogate_adjoint,900,900,900,700,60.474886417388916,60.474886417388916,0.06719431824154325
683,171.60142517089844,156.38690185546875,176.71881103515625,76.65090942382812,0.6361210346221924,0.3775351643562317,0.671658456325531,0.5676093697547913,0.7874934673309326,T040_010_010_040,0.002613899065181613,0.00035594767541624606,0.045159026980400085,0.00035594767541624606,0.05,40,50742,0.004292582617192657,0.30964869260787964,0.4000000059604645,0.059656284749507904,0.10000000149011612,0.1007453203201294,0.10000000149011612,0.3174431324005127,0.4000000059604645,frozen_mlp_surrogate_adjoint,900,900,900,700,60.474886417388916,60.474886417388916,0.06719431824154325
684,171.7556915283203,156.48915100097656,176.7396697998047,76.68208312988281,0.6371923089027405,0.37942880392074585,0.6718032360076904,0.5681867003440857,0.7867705821990967,T040_010_010_040,0.0026139882393181324,0.0003406489558983594,0.04546678438782692,0.0003406489558983594,0.05,118,50066,0.007491968355196321,0.30889320373535156,0.4000000059604645,0.060395676642656326,0.10000000149011612,0.10034595429897308,0.10000000149011612,0.3171357810497284,0.4000000059604645,frozen_mlp_surrogate_adjoint,900,900,900,700,60.474886417388916,60.474886417388916,0.06719431824154325
685,171.68600463867188,156.41802978515625,176.7676239013672,76.66250610351562,0.6367083787918091,0.3781115412712097,0.6719973683357239,0.5678241848945618,0.7872201204299927,T040_010_010_040,0.0026140210684388876,0.00035025706165470183,0.04527527838945389,0.00035025706165470183,0.05,184,51079,0.009275691685873826,0.3094618320465088,0.4000000059604645,0.05986432731151581,0.10000000149011612,0.10056779533624649,0.10000000149011612,0.317326158285141,0.4000000059604645,frozen_mlp_surrogate_adjoint,900,900,900,700,60.474886417388916,60.474886417388916,0.06719431824154325
686,171.71804809570312,156.43429565429688,176.76889038085938,76.66976165771484,0.6369308233261108,0.3784129321575165,0.6720062494277954,0.5679585337638855,0.7870888710021973,T040_010_010_040,0.0026140345726162195,0.00034747697645798326,0.04533115029335022,0.00034747697645798326,0.05,101,51737,0.00682128508154069,0.3093472719192505,0.4000000059604645,0.059980250895023346,0.10000000149011612,0.10048553347587585,0.10000000149011612,0.31727585196495056,0.4000000059604645,frozen_mlp_surrogate_adjoint,900,900,900,700,60.474886417388916,60.474886417388916,0.06719431824154325
687,171.6130828857422,156.41551208496094,176.72897338867188,76.64509582519531,0.6362019777297974,0.3780650794506073,0.6717289686203003,0.5675018429756165,0.7873733639717102,T040_010_010_040,0.0026140534318983555,0.00035354922874830663,0.045210085809230804,0.00035354922874830663,0.05,113,51687,0.0073289675059137315,0.3094121813774109,0.4000000059604645,0.05987202376127243,0.10000000149011612,0.10074776411056519,0.10000000149011612,0.3173413872718811,0.4000000059604645,frozen_mlp_surrogate_adjoint,900,900,900,700,60.474886417388916,60.474886417388916,0.06719431824154325
688,171.51429748535156,156.3979949951172,176.7289276123047,76.63300323486328,0.6355159282684326,0.377740740776062,0.6717286705970764,0.5672777891159058,0.7876028418540955,T040_010_010_040,0.002614208497107029,0.00035858090268447995,0.04511255398392677,0.00035858090268447995,0.05,22,50026,0.003480607916441239,0.3094547986984253,0.4000000059604645,0.05974975973367691,0.10000000149011612,0.10092347860336304,0.10000000149011612,0.3174748122692108,0.4000000059604645,frozen_mlp_surrogate_adjoint,900,900,900,700,60.474886417388916,60.474886417388916,0.06719431824154325
689,171.59414672851562,156.3623504638672,176.71327209472656,76.63238525390625,0.6360704898834229,0.37708067893981934,0.6716199517250061,0.5672663450241089,0.787659764289856,T040_010_010_040,0.002614316763356328,0.00035989805473946035,0.045088376849889755,0.00035989805473946035,0.05,68,51212,0.005574633558985015,0.309878408908844,0.4000000059604645,0.05948227643966675,0.10000000149011612,0.10087510943412781,0.10000000149011612,0.3174239993095398,0.4000000059604645,frozen_mlp_surrogate_adjoint,900,900,900,700,60.474886417388916,60.474886417388916,0.06719431824154325
690,171.83932495117188,156.49517822265625,176.7171173095703,76.68276977539062,0.6377730965614319,0.3795403242111206,0.6716466546058655,0.5681994557380676,0.7866154909133911,T040_010_010_040,0.002614653669297695,0.00033800594974309206,0.0455329492688179,0.00033800594974309206,0.05,42,50114,0.004732385311813546,0.3089373707771301,0.4000000059604645,0.060430463403463364,0.10000000149011612,0.10025077313184738,0.10000000149011612,0.31699690222740173,0.4000000059604645,frozen_mlp_surrogate_adjoint,900,900,900,700,60.474886417388916,60.474886417388916,0.06719431824154325
691,148.12594604492188,143.0874481201172,160.96075439453125,80.44746398925781,0.47309690713882446,0.1312490999698639,0.5622274875640869,0.6379159092903137,0.772858738899231,T040_010_010_040,0.0026489209849387407,6.926335481693968e-05,0.051593150943517685,6.926335481693968e-05,0.05,750,51521,0.036796055396461094,0.3156697154045105,0.4000000059604645,0.0796131044626236,0.10000000149011612,0.07911566644906998,0.10000000149011612,0.2984602749347687,0.4000000059604645,frozen_mlp_surrogate_adjoint,900,900,900,700,60.474886417388916,60.474886417388916,0.06719431824154325
692,148.1363525390625,143.08444213867188,160.962158203125,80.44600677490234,0.4731691777706146,0.13119347393512726,0.5622371435165405,0.63788902759552,0.7728749513626099,T040_010_010_040,0.002648930298164487,6.964114436414093e-05,0.051585786044597626,6.964114436414093e-05,0.05,716,51520,0.03432233590560723,0.31565696001052856,0.4000000059604645,0.0796855092048645,0.10000000149011612,0.07910622656345367,0.10000000149011612,0.2984263002872467,0.4000000059604645,frozen_mlp_surrogate_adjoint,900,900,900,700,60.474886417388916,60.474886417388916,0.06719431824154325
693,148.10801696777344,143.09181213378906,160.9696502685547,80.4498291015625,0.4729723334312439,0.13132987916469574,0.5622892379760742,0.6379597783088684,0.7728235721588135,T040_010_010_040,0.002648943569511175,6.848716293461621e-05,0.05160912871360779,6.848716293461621e-05,0.05,760,50577,0.03733345100636188,0.31564176082611084,0.4000000059604645,0.07952334731817245,0.10000000149011612,0.07914570719003677,0.10000000149011612,0.2985127866268158,0.4000000059604645,frozen_mlp_surrogate_adjoint,900,900,900,700,60.474886417388916,60.474886417388916,0.06719431824154325
694,148.10671997070312,143.0896759033203,160.95928955078125,80.44926452636719,0.4729633331298828,0.13129036128520966,0.5622172951698303,0.6379492878913879,0.7728396654129028,T040_010_010_040,0.002648970577865839,6.887958443257958e-05,0.05160181596875191,6.887958443257958e-05,0.05,439,50896,0.019701398700770385,0.31566235423088074,0.4000000059604645,0.07956264913082123,0.10000000149011612,0.07912679016590118,0.10000000149011612,0.29848793148994446,0.4000000059604645,frozen_mlp_surrogate_adjoint,900,900,900,700,60.474886417388916,60.474886417388916,0.06719431824154325
695,148.10617065429688,143.0894012451172,160.95082092285156,80.45063018798828,0.4729595482349396,0.13128529489040375,0.562158465385437,0.6379746198654175,0.7728399038314819,T040_010_010_040,0.0026489715091884136,6.888598727528006e-05,0.05160170793533325,6.888598727528006e-05,0.05,330,50719,0.014382490553924312,0.3156817555427551,0.4000000059604645,0.07956063002347946,0.10000000149011612,0.07910293340682983,0.10000000149011612,0.2984946072101593,0.4000000059604645,frozen_mlp_surrogate_adjoint,900,900,900,700,60.474886417388916,60.474886417388916,0.06719431824154325
696,148.10247802734375,143.09251403808594,160.94577026367188,80.4507827758789,0.47293388843536377,0.1313428431749344,0.5621234178543091,0.6379774808883667,0.7728332281112671,T040_010_010_040,0.0026489878073334694,6.875046528875828e-05,0.0516047440469265,6.875046528875828e-05,0.05,544,12,0.024294562837044082,0.31572583317756653,0.4000000059604645,0.07947655767202377,0.10000000149011612,0.07911069691181183,0.10000000149011612,0.29852011799812317,0.4000000059604645,frozen_mlp_surrogate_adjoint,900,900,900,700,60.474886417388916,60.474886417388916,0.06719431824154325
697,148.14312744140625,143.07562255859375,160.95941162109375,80.44259643554688,0.47321614623069763,0.1310301423072815,0.5622181296348572,0.6378258466720581,0.7729198932647705,T040_010_010_040,0.00264903181232512,7.076312613207847e-05,0.05156537517905235,7.076312613207847e-05,0.05,133,50569,0.00790607082447911,0.31561189889907837,0.4000000059604645,0.07989739626646042,0.10000000149011612,0.07908546924591064,0.10000000149011612,0.2983250916004181,0.4000000059604645,frozen_mlp_surrogate_adjoint,900,900,900,700,60.474886417388916,60.474886417388916,0.06719431824154325
698,148.12161254882812,143.085693359375,161.04931640625,80.44007873535156,0.4730667173862457,0.13121645152568817,0.5628425478935242,0.6377792358398438,0.7728302478790283,T040_010_010_040,0.0026490343734622,6.872940139146522e-05,0.05160609632730484,6.872940139146522e-05,0.05,312,51028,0.013678673321712433,0.3153623938560486,0.4000000059604645,0.0797649398446083,0.10000000149011612,0.07930155098438263,0.10000000149011612,0.2984013855457306,0.4000000059604645,frozen_mlp_surrogate_adjoint,900,900,900,700,60.474886417388916,60.474886417388916,0.06719431824154325
699,173.0433807373047,157.02069091796875,180.2265625,76.5225601196289,0.646134614944458,0.38927215337753296,0.6960178017616272,0.5652326345443726,0.784604549407959,T040_010_010_040,0.0026517631486058235,0.00033200287725776434,0.0463952012360096,0.00033200287725776434,0.05,810,50969,0.04002877883328597,0.3047991991043091,0.4000000059604645,0.06288078427314758,0.10000000149011612,0.10051599144935608,0.10000000149011612,0.31640854477882385,0.4000000059604645,frozen_mlp_surrogate_adjoint,900,900,900,700,60.474886417388916,60.474886417388916,0.06719431824154325
700,173.08306884765625,157.020751953125,180.23745727539062,76.52719116210938,0.6464102268218994,0.38927316665649414,0.6960934400558472,0.5653184056282043,0.7845233082771301,T040_010_010_040,0.0026517692022025585,0.0003302588884253055,0.046430204063653946,0.0003302588884253055,0.05,515,50388,0.022995809161096326,0.30484724044799805,0.4000000059604645,0.06287198513746262,0.10000000149011612,0.10044042021036148,0.10000000149011612,0.316363662481308,0.4000000059604645,frozen_mlp_surrogate_adjoint,900,900,900,700,60.474886417388916,60.474886417388916,0.06719431824154325
701,173.03598022460938,157.0313720703125,180.21864318847656,76.52174377441406,0.6460831761360168,0.3894698917865753,0.6959627866744995,0.5652174949645996,0.7845913171768188,T040_010_010_040,0.0026518097147345543,0.0003317645750939846,0.046400900930166245,0.0003317645750939846,0.05,168,51238,0.00874461923752896,0.30469971895217896,0.4000000059604645,0.06298121064901352,0.10000000149011612,0.10053699463605881,0.10000000149011612,0.31637337803840637,0.4000000059604645,frozen_mlp_surrogate_adjoint,900,900,900,700,60.474886417388916,60.474886417388916,0.06719431824154325
702,173.04672241210938,157.02890014648438,180.1943359375,76.52748107910156,0.6461578011512756,0.389424204826355,0.6957940459251404,0.5653237700462341,0.7845385074615479,T040_010_010_040,0.002651853719726205,0.0003306709404569119,0.04642365500330925,0.0003306709404569119,0.05,128,51614,0.007737581387691062,0.30473339557647705,0.4000000059604645,0.06295208632946014,0.10000000149011612,0.10047055780887604,0.10000000149011612,0.3163824677467346,0.4000000059604645,frozen_mlp_surrogate_adjoint,900,900,900,700,60.474886417388916,60.474886417388916,0.06719431824154325
703,173.07015991210938,157.0365753173828,180.2127227783203,76.53020477294922,0.6463205814361572,0.38956618309020996,0.6959216594696045,0.5653741359710693,0.7844867706298828,T040_010_010_040,0.0026518595404922962,0.00032956202630884945,0.046445950865745544,0.00032956202630884945,0.05,279,51206,0.012448384151703865,0.3046923875808716,0.4000000059604645,0.0630146712064743,0.10000000149011612,0.10044307261705399,0.10000000149011612,0.31633666157722473,0.4000000059604645,frozen_mlp_surrogate_adjoint,900,900,900,700,60.474886417388916,60.474886417388916,0.06719431824154325
704,173.07351684570312,157.02285766601562,180.23223876953125,76.52444458007812,0.6463438272476196,0.38931211829185486,0.696057140827179,0.5652675628662109,0.7845364212989807,T040_010_010_040,0.0026518648955971003,0.0003306371800135821,0.04642455279827118,0.0003306371800135821,0.05,386,50298,0.017414860594048693,0.30481934547424316,0.4000000059604645,0.06289394944906235,0.10000000149011612,0.10046596825122833,0.10000000149011612,0.3163571357727051,0.4000000059604645,frozen_mlp_surrogate_adjoint,900,900,900,700,60.474886417388916,60.474886417388916,0.06719431824154325
705,172.99191284179688,157.02137756347656,180.1685333251953,76.52184295654297,0.6457771062850952,0.38928472995758057,0.6956148147583008,0.5652192831039429,0.7846537828445435,T040_010_010_040,0.0026518688537180424,0.00033316927147097886,0.046373993158340454,0.00033316927147097886,0.05,334,50543,0.014654407824280048,0.30473262071609497,0.4000000059604645,0.06289685517549515,0.10000000149011612,0.10055595636367798,0.10000000149011612,0.31646832823753357,0.4000000059604645,frozen_mlp_surrogate_adjoint,900,900,900,700,60.474886417388916,60.474886417388916,0.06719431824154325
706,173.01390075683594,157.0487060546875,180.1978302001953,76.52506256103516,0.6459298729896545,0.3897908926010132,0.6958182454109192,0.565278947353363,0.7845752239227295,T040_010_010_040,0.0026519016828387976,0.0003315098292659968,0.04640783369541168,0.0003315098292659968,0.05,238,50941,0.011013366748207172,0.3045167326927185,0.4000000059604645,0.06313715130090714,0.10000000149011612,0.10055680572986603,0.10000000149011612,0.3163645267486572,0.4000000059604645,frozen_mlp_surrogate_adjoint,900,900,900,700,60.474886417388916,60.474886417388916,0.06719431824154325
707,173.1414031982422,157.0343017578125,180.25009155273438,76.53704833984375,0.646815299987793,0.389523983001709,0.6961811780929565,0.5655009746551514,0.7843649387359619,T040_010_010_040,0.0026519107632339,0.0003269865410402417,0.046498481184244156,0.0003269865410402417,0.05,186,51208,0.009315024367141163,0.3047947287559509,0.4000000059604645,0.06297525763511658,0.10000000149011612,0.10032586753368378,0.10000000149011612,0.31626906991004944,0.4000000059604645,frozen_mlp_surrogate_adjoint,900,900,900,700,60.474886417388916,60.474886417388916,0.06719431824154325
708,173.10061645507812,157.03871154785156,180.23297119140625,76.52919006347656,0.6465319991111755,0.389605849981308,0.6960622668266296,0.5653553605079651,0.7844386100769043,T040_010_010_040,0.002651915652677417,0.00032857994665391743,0.04646671190857887,0.00032857994665391743,0.05,209,51571,0.010141125728694488,0.30471497774124146,0.4000000059604645,0.06303134560585022,0.10000000149011612,0.10041836649179459,0.10000000149011612,0.31627392768859863,0.4000000059604645,frozen_mlp_surrogate_adjoint,900,900,900,700,60.474886417388916,60.474886417388916,0.06719431824154325
709,173.1260986328125,157.0321502685547,180.23072814941406,76.53398132324219,0.6467090249061584,0.3894842565059662,0.6960467100143433,0.5654441118240356,0.7843875885009766,T040_010_010_040,0.0026519172824919224,0.00032748168450780213,0.04648871347308159,0.00032748168450780213,0.05,871,51732,0.04353490338649165,0.3048020005226135,0.4000000059604645,0.06296354532241821,0.10000000149011612,0.10034674406051636,0.10000000149011612,0.31627532839775085,0.4000000059604645,frozen_mlp_surrogate_adjoint,900,900,900,700,60.474886417388916,60.474886417388916,0.06719431824154325
710,173.09141540527344,157.04116821289062,180.22116088867188,76.52975463867188,0.6464681625366211,0.3896512985229492,0.6959803104400635,0.5653659105300903,0.7844400405883789,T040_010_010_040,0.00265193497762084,0.0003286298888269812,0.046466097235679626,0.0003286298888269812,0.05,254,51058,0.011404554821355445,0.30468231439590454,0.4000000059604645,0.06305450201034546,0.10000000149011612,0.10042314231395721,0.10000000149011612,0.3162800371646881,0.4000000059604645,frozen_mlp_surrogate_adjoint,900,900,900,700,60.474886417388916,60.474886417388916,0.06719431824154325
711,173.11135864257812,157.0410614013672,180.20046997070312,76.53764343261719,0.6466066837310791,0.38964927196502686,0.6958365440368652,0.56551194190979,0.7843633890151978,T040_010_010_040,0.0026519603561609983,0.0003270029556006193,0.04649914801120758,0.0003270029556006193,0.05,800,51422,0.039182465244745286,0.30470526218414307,0.4000000059604645,0.06304331868886948,0.10000000149011612,0.10033705085515976,0.10000000149011612,0.31627777218818665,0.4000000059604645,frozen_mlp_surrogate_adjoint,900,900,900,700,60.474886417388916,60.474886417388916,0.06719431824154325
712,173.15872192382812,157.02183532714844,180.24642944335938,76.53397369384766,0.6469355821609497,0.3892933428287506,0.6961557269096375,0.5654439926147461,0.7843538522720337,T040_010_010_040,0.002651999006047845,0.00032683598692528903,0.04650326073169708,0.00032683598692528903,0.05,201,51396,0.009885901569774978,0.30493390560150146,0.4000000059604645,0.06286529451608658,0.10000000149011612,0.10029774904251099,0.10000000149011612,0.31625691056251526,0.4000000059604645,frozen_mlp_surrogate_adjoint,900,900,900,700,60.474886417388916,60.474886417388916,0.06719431824154325
713,171.0077667236328,157.0907440185547,172.11962890625,77.1647720336914,0.6319983601570129,0.390569269657135,0.6397196054458618,0.5771253705024719,0.7785923480987549,T040_010_010_040,0.002655240474268794,0.0002041729021584615,0.04902134835720062,0.0002041729021584615,0.05,627,50912,0.029121006913286132,0.3026540279388428,0.4000000059604645,0.06561130285263062,0.10000000149011612,0.09321118891239166,0.10000000149011612,0.31711581349372864,0.4000000059604645,frozen_mlp_surrogate_adjoint,900,900,900,700,60.474886417388916,60.474886417388916,0.06719431824154325
714,170.96243286132812,157.07008361816406,172.148193359375,77.15122985839844,0.6316835284233093,0.39018669724464417,0.6399179697036743,0.5768746733665466,0.7787958383560181,T040_010_010_040,0.0026555145159363747,0.00020895031047984958,0.04893128201365471,0.00020895031047984958,0.05,236,51235,0.010954745554548322,0.30273133516311646,0.4000000059604645,0.06542506814002991,0.10000000149011612,0.09345035254955292,0.10000000149011612,0.31718909740448,0.4000000059604645,frozen_mlp_surrogate_adjoint,900,900,900,700,60.474886417388916,60.474886417388916,0.06719431824154325
715,171.02078247070312,157.0837860107422,172.11306762695312,77.16556549072266,0.6320887207984924,0.39044058322906494,0.6396740674972534,0.5771400928497314,0.7785497903823853,T040_010_010_040,0.002655702643096447,0.00020369276171550155,0.04904019460082054,0.00020369276171550155,0.05,261,51380,0.011635452124019473,0.3027193546295166,0.4000000059604645,0.06556565314531326,0.10000000149011612,0.09318988025188446,0.10000000149011612,0.31707486510276794,0.4000000059604645,frozen_mlp_surrogate_adjoint,900,900,900,700,60.474886417388916,60.474886417388916,0.06719431824154325
716,170.27548217773438,158.19012451171875,164.59788513183594,79.28083801269531,0.6269131302833557,0.41092821955680847,0.5874853134155273,0.61631178855896,0.7704511880874634,T040_010_010_040,0.0026584086008369923,2.3775777663104236e-05,0.052692655473947525,2.3775777663104236e-05,0.05,744,51739,0.03657392478951803,0.3089841604232788,0.4000000059604645,0.0736071914434433,0.10000000149011612,0.07386122643947601,0.10000000149011612,0.31399857997894287,0.4000000059604645,frozen_mlp_surrogate_adjoint,900,900,900,700,60.474886417388916,60.474886417388916,0.06719431824154325
717,170.27099609375,158.18850708007812,164.59951782226562,79.2795181274414,0.6268818974494934,0.4108981788158417,0.5874966382980347,0.616287350654602,0.7704509496688843,T040_010_010_040,0.0026584097649902105,2.3771310225129128e-05,0.05269276723265648,2.3771310225129128e-05,0.05,823,50520,0.04085267580752296,0.3089764714241028,0.4000000059604645,0.07359333336353302,0.10000000149011612,0.07388030737638474,0.10000000149011612,0.31400084495544434,0.4000000059604645,frozen_mlp_surrogate_adjoint,900,900,900,700,60.474886417388916,60.474886417388916,0.06719431824154325
718,170.280517578125,158.191162109375,164.60189819335938,79.27886962890625,0.6269480586051941,0.4109475910663605,0.5875132083892822,0.616275429725647,0.7704446315765381,T040_010_010_040,0.002658409997820854,2.362667873967439e-05,0.05269566550850868,2.362667873967439e-05,0.05,816,51403,0.04020879457114215,0.3089785575866699,0.4000000059604645,0.07361657172441483,0.10000000149011612,0.0738716647028923,0.10000000149011612,0.31397780776023865,0.4000000059604645,frozen_mlp_surrogate_adjoint,900,900,900,700,60.474886417388916,60.474886417388916,0.06719431824154325
719,170.280517578125,158.1923370361328,164.60494995117188,79.27824401855469,0.6269480586051941,0.41096919775009155,0.5875343084335327,0.6162638068199158,0.7704445123672485,T040_010_010_040,0.002658410230651498,2.3624081222806126e-05,0.05269572138786316,2.3624081222806126e-05,0.05,674,50154,0.03225345020103183,0.3089590072631836,0.4000000059604645,0.07362329214811325,0.10000000149011612,0.07387595623731613,0.10000000149011612,0.313986212015152,0.4000000059604645,frozen_mlp_surrogate_adjoint,900,900,900,700,60.474886417388916,60.474886417388916,0.06719431824154325
720,170.26593017578125,158.19215393066406,164.60488891601562,79.28065490722656,0.6268467903137207,0.4109657406806946,0.5875340104103088,0.6163083910942078,0.7704607844352722,T040_010_010_040,0.0026584111619740725,2.399845834588632e-05,0.05268825218081474,2.399845834588632e-05,0.05,660,51663,0.03142639311863994,0.3089129328727722,0.4000000059604645,0.07361137121915817,0.10000000149011612,0.07387177646160126,0.10000000149011612,0.3140646815299988,0.4000000059604645,frozen_mlp_surrogate_adjoint,900,900,900,700,60.474886417388916,60.474886417388916,0.06719431824154325
721,170.28033447265625,158.19049072265625,164.60031127929688,79.2791748046875,0.626946747303009,0.41093501448631287,0.587502121925354,0.6162810325622559,0.7704446315765381,T040_010_010_040,0.0026584123261272907,2.3628965209354647e-05,0.05269566550850868,2.3628965209354647e-05,0.05,887,50158,0.04425883923033195,0.30898869037628174,0.4000000059604645,0.07361248135566711,0.10000000149011612,0.07386995106935501,0.10000000149011612,0.3139735162258148,0.4000000059604645,frozen_mlp_surrogate_adjoint,900,900,900,700,60.474886417388916,60.474886417388916,0.06719431824154325
722,170.27911376953125,158.19027709960938,164.6005859375,79.2790756225586,0.6269382238388062,0.41093119978904724,0.5875040888786316,0.6162791848182678,0.7704452276229858,T040_010_010_040,0.002658412791788578,2.3643122403882444e-05,0.052695393562316895,2.3643122403882444e-05,0.05,897,50560,0.04521649567182215,0.30898529291152954,0.4000000059604645,0.07361023128032684,0.10000000149011612,0.07387253642082214,0.10000000149011612,0.3139771819114685,0.4000000059604645,frozen_mlp_surrogate_adjoint,900,900,900,700,60.474886417388916,60.474886417388916,0.06719431824154325
723,170.27987670898438,158.19102478027344,164.60012817382812,79.27960968017578,0.6269435882568359,0.41094496846199036,0.5875008702278137,0.6162890791893005,0.7704458832740784,T040_010_010_040,0.0026584132574498653,2.365870022913441e-05,0.05269509181380272,2.365870022913441e-05,0.05,383,51662,0.017122096637830937,0.3089837431907654,0.4000000059604645,0.0736156478524208,0.10000000149011612,0.07386602461338043,0.10000000149011612,0.31398046016693115,0.4000000059604645,frozen_mlp_surrogate_adjoint,900,900,900,700,60.474886417388916,60.474886417388916,0.06719431824154325
724,170.28109741210938,158.18809509277344,164.59939575195312,79.27749633789062,0.626952052116394,0.4108906090259552,0.5874958634376526,0.6162499785423279,0.770438551902771,T040_010_010_040,0.0026584132574498653,2.349016722291708e-05,0.05269845947623253,2.349016722291708e-05,0.05,427,50254,0.0191371432028085,0.3090130686759949,0.4000000059604645,0.0735982358455658,0.10000000149011612,0.07388698309659958,0.10000000149011612,0.31394022703170776,0.4000000059604645,frozen_mlp_surrogate_adjoint,900,900,900,700,60.474886417388916,60.474886417388916,0.06719431824154325
725,170.27383422851562,158.19192504882812,164.602294921875,79.28057861328125,0.6269016861915588,0.4109616279602051,0.5875160098075867,0.6163070201873779,0.7704541087150574,T040_010_010_040,0.00265841418877244,2.3848268028814346e-05,0.05269131436944008,2.3848268028814346e-05,0.05,870,50174,0.04350001499292296,0.30894917249679565,0.4000000059604645,0.07361620664596558,0.10000000149011612,0.07386323064565659,0.10000000149011612,0.31402549147605896,0.4000000059604645,frozen_mlp_surrogate_adjoint,900,900,900,700,60.474886417388916,60.474886417388916,0.06719431824154325
726,170.27883911132812,158.1923828125,164.60255432128906,79.27960205078125,0.6269363760948181,0.41097021102905273,0.5875177383422852,0.6162890195846558,0.770447850227356,T040_010_010_040,0.0026584144216030836,2.370489528402686e-05,0.05269419029355049,2.370489528402686e-05,0.05,472,50079,0.021027749803286405,0.3089614510536194,0.4000000059604645,0.07362297177314758,0.10000000149011612,0.07386568188667297,0.10000000149011612,0.3139977753162384,0.4000000059604645,frozen_mlp_surrogate_adjoint,900,900,900,700,60.474886417388916,60.474886417388916,0.06719431824154325
727,170.2860565185547,158.1895294189453,164.599609375,79.27788543701172,0.6269865036010742,0.41091713309288025,0.587497353553772,0.6162571310997009,0.7704367637634277,T040_010_010_040,0.002658419543877244,2.3455486370949075e-05,0.05269927904009819,2.3455486370949075e-05,0.05,879,51173,0.04388133304857646,0.3090170621871948,0.4000000059604645,0.07361068576574326,0.10000000149011612,0.07387581467628479,0.10000000149011612,0.3139331638813019,0.4000000059604645,frozen_mlp_surrogate_adjoint,900,900,900,700,60.474886417388916,60.474886417388916,0.06719431824154325
728,185.97015380859375,160.46914672851562,196.77725219726562,53.345680236816406,0.7359039187431335,0.4531323313713074,0.8109531402587891,0.1360311359167099,0.7771480083465576,T040_010_010_040,0.0027011684142053127,0.00021801763796247542,0.049663010984659195,0.00021801763796247542,0.05,528,50361,0.023760797173478544,0.3081408739089966,0.4000000059604645,0.09073274582624435,0.10000000149011612,0.06038308143615723,0.10000000149011612,0.31789129972457886,0.4000000059604645,frozen_mlp_surrogate_adjoint,900,900,900,700,60.474886417388916,60.474886417388916,0.06719431824154325
729,185.97702026367188,160.47271728515625,196.78695678710938,53.35053634643555,0.7359515428543091,0.45319849252700806,0.8110204935073853,0.13612106442451477,0.7771713733673096,T040_010_010_040,0.002701172372326255,0.00021854245278518647,0.049652595072984695,0.00021854245278518647,0.05,248,50439,0.011320648534601263,0.308124840259552,0.4000000059604645,0.09072414040565491,0.10000000149011612,0.060366299003362656,0.10000000149011612,0.3179560601711273,0.4000000059604645,frozen_mlp_surrogate_adjoint,900,900,900,700,60.474886417388916,60.474886417388916,0.06719431824154325
730,186.00180053710938,160.4801788330078,196.79962158203125,53.37067794799805,0.7361236214637756,0.453336626291275,0.8111085295677185,0.1364940106868744,0.7771525382995605,T040_010_010_040,0.0027011786587536335,0.00021812897466588765,0.04966099187731743,0.00021812897466588765,0.05,517,51466,0.023148281542647572,0.3081023395061493,0.4000000059604645,0.0906977653503418,0.10000000149011612,0.06038550287485123,0.10000000149011612,0.31796690821647644,0.4000000059604645,frozen_mlp_surrogate_adjoint,900,900,900,700,60.474886417388916,60.474886417388916,0.06719431824154325
731,186.10643005371094,160.50575256347656,196.86351013183594,53.44272232055664,0.7368502020835876,0.45381033420562744,0.8115521669387817,0.13782821595668793,0.7771368026733398,T040_010_010_040,0.002701223362237215,0.00021782313706353307,0.049668002873659134,0.00021782313706353307,0.05,714,50734,0.034298459108883045,0.30803659558296204,0.4000000059604645,0.09057694673538208,0.10000000149011612,0.0603957436978817,0.10000000149011612,0.31812751293182373,0.4000000059604645,frozen_mlp_surrogate_adjoint,900,900,900,700,60.474886417388916,60.474886417388916,0.06719431824154325
732,180.09263610839844,158.24879455566406,196.30804443359375,50.27824401855469,0.695087730884552,0.4120147228240967,0.8076947927474976,0.0792267695069313,0.7880940437316895,T040_010_010_040,0.002745493780821562,0.0005002868128940463,0.044904135167598724,0.0005002868128940463,0.05,484,51369,0.021748807294603836,0.32396045327186584,0.4000000059604645,0.0832568109035492,0.10000000149011612,0.049199286848306656,0.10000000149011612,0.33167752623558044,0.4000000059604645,frozen_mlp_surrogate_adjoint,900,900,900,700,60.474886417388916,60.474886417388916,0.06719431824154325
733,180.09478759765625,158.2489471435547,196.30984497070312,50.27981185913086,0.6951027512550354,0.4120175838470459,0.8077071905136108,0.07925575226545334,0.7880926132202148,T040_010_010_040,0.002745518460869789,0.0005002814577892423,0.044904742389917374,0.0005002814577892423,0.05,762,50122,0.03744637411225842,0.323952317237854,0.4000000059604645,0.08325409144163132,0.10000000149011612,0.049201250076293945,0.10000000149011612,0.3316849172115326,0.4000000059604645,frozen_mlp_surrogate_adjoint,900,900,900,700,60.474886417388916,60.474886417388916,0.06719431824154325
734,180.07998657226562,158.24929809570312,196.29542541503906,50.28985595703125,0.6949999332427979,0.4120239317417145,0.807607114315033,0.07944178581237793,0.7879881858825684,T040_010_010_040,0.0027455284725874662,0.0004980778321623802,0.044949010014534,0.0004980778321623802,0.05,698,51515,0.033570149569135566,0.32389122247695923,0.4000000059604645,0.08323860913515091,0.10000000149011612,0.04925844073295593,0.10000000149011612,0.3315998911857605,0.4000000059604645,frozen_mlp_surrogate_adjoint,900,900,900,700,60.474886417388916,60.474886417388916,0.06719431824154325
735,180.0747528076172,158.25950622558594,196.30325317382812,50.290748596191406,0.6949635744094849,0.412212997674942,0.8076615333557129,0.07945830374956131,0.7880678176879883,T040_010_010_040,0.002745553385466337,0.0004997908836230636,0.044915251433849335,0.0004997908836230636,0.05,538,51693,0.024186639560320765,0.3238367438316345,0.4000000059604645,0.08327675610780716,0.10000000149011612,0.04922422766685486,0.10000000149011612,0.3317301273345947,0.4000000059604645,frozen_mlp_surrogate_adjoint,900,900,900,700,60.474886417388916,60.474886417388916,0.06719431824154325
736,180.04641723632812,158.26687622070312,196.2840118408203,50.29283905029297,0.6947668194770813,0.41234949231147766,0.8075278401374817,0.07949699461460114,0.7880160212516785,T040_010_010_040,0.002745583653450012,0.0004987233551219106,0.04493720829486847,0.0004987233551219106,0.05,690,50622,0.03317373843838037,0.3237795829772949,0.4000000059604645,0.08330941200256348,0.10000000149011612,0.04924599081277847,0.10000000149011612,0.3316810429096222,0.4000000059604645,frozen_mlp_surrogate_adjoint,900,900,900,700,60.474886417388916,60.474886417388916,0.06719431824154325
737,180.10626220703125,158.22276306152344,196.28952026367188,50.28300476074219,0.6951824426651001,0.4115326702594757,0.8075661659240723,0.07931491732597351,0.7878590226173401,T040_010_010_040,0.002745609963312745,0.0004954203614033759,0.04500379413366318,0.0004954203614033759,0.05,116,51114,0.007425646467621197,0.3240596055984497,0.4000000059604645,0.08314483612775803,0.10000000149011612,0.0493069551885128,0.10000000149011612,0.33134761452674866,0.4000000059604645,frozen_mlp_surrogate_adjoint,900,900,900,700,60.474886417388916,60.474886417388916,0.06719431824154325
738,180.07968139648438,158.245849609375,196.2862548828125,50.29534149169922,0.6949977874755859,0.4119601547718048,0.8075433969497681,0.07954338937997818,0.7878963947296143,T040_010_010_040,0.0027456285897642374,0.000496231543365866,0.044987939298152924,0.000496231543365866,0.05,719,50883,0.03470367378358735,0.3238792419433594,0.4000000059604645,0.08321722596883774,0.10000000149011612,0.049301400780677795,0.10000000149011612,0.33149850368499756,0.4000000059604645,frozen_mlp_surrogate_adjoint,900,900,900,700,60.474886417388916,60.474886417388916,0.06719431824154325
739,180.08843994140625,158.2584228515625,196.31283569335938,50.29855728149414,0.6950586438179016,0.4121928811073303,0.8077279925346375,0.07960294187068939,0.7880533933639526,T040_010_010_040,0.002745694248005748,0.0004996259231120348,0.04492136463522911,0.0004996259231120348,0.05,190,50156,0.0094709377407915,0.32380568981170654,0.4000000059604645,0.08325549215078354,0.10000000149011612,0.04923723638057709,0.10000000149011612,0.3317549526691437,0.4000000059604645,frozen_mlp_surrogate_adjoint,900,900,900,700,60.474886417388916,60.474886417388916,0.06719431824154325
740,180.07958984375,158.26918029785156,196.31387329101562,50.29698181152344,0.6949971318244934,0.4123922288417816,0.8077352046966553,0.07957372069358826,0.7881128787994385,T040_010_010_040,0.002745766658335924,0.0005009592277929187,0.04489615187048912,0.0005009592277929187,0.05,206,51568,0.00992350170590666,0.32376188039779663,0.4000000059604645,0.08330383151769638,0.10000000149011612,0.049205899238586426,0.10000000149011612,0.33184126019477844,0.4000000059604645,frozen_mlp_surrogate_adjoint,900,900,900,700,60.474886417388916,60.474886417388916,0.06719431824154325
741,179.9949951171875,158.28250122070312,196.25665283203125,50.320987701416016,0.6944097280502319,0.41263893246650696,0.8073378801345825,0.08001831918954849,0.7878484725952148,T040_010_010_040,0.0027458397671580315,0.0004954261239618063,0.04500827193260193,0.0004954261239618063,0.05,54,51188,0.005194853525352967,0.3235301077365875,0.4000000059604645,0.08332168310880661,0.10000000149011612,0.04934819042682648,0.10000000149011612,0.33164849877357483,0.4000000059604645,frozen_mlp_surrogate_adjoint,900,900,900,700,60.474886417388916,60.474886417388916,0.06719431824154325
742,188.3875274658203,165.64627075195312,197.7264404296875,58.72698211669922,0.7526911497116089,0.5490051507949829,0.81754469871521,0.2356848418712616,0.7753819227218628,T040_010_010_040,0.0028053014539182186,0.00028263754211366177,0.05045327916741371,0.00028263754211366177,0.05,665,50554,0.031677464861909053,0.29737764596939087,0.4000000059604645,0.09082947671413422,0.10000000149011612,0.0642472356557846,0.10000000149011612,0.3229275345802307,0.4000000059604645,frozen_mlp_surrogate_adjoint,900,900,900,700,60.474886417388916,60.474886417388916,0.06719431824154325
743,191.74407958984375,167.153564453125,197.80935668945312,60.317543029785156,0.7760006189346313,0.5769178867340088,0.8181204795837402,0.26513969898223877,0.769585132598877,T040_010_010_040,0.0028084206860512495,0.00015387007442768663,0.05309101194143295,0.00015387007442768663,0.05,896,50506,0.04499695634854835,0.30284449458122253,0.4000000059604645,0.08206706494092941,0.10000000149011612,0.06437854468822479,0.10000000149011612,0.3202950656414032,0.4000000059604645,frozen_mlp_surrogate_adjoint,900,900,900,700,60.474886417388916,60.474886417388916,0.06719431824154325
744,191.72677612304688,167.13900756835938,197.84104919433594,60.30375289916992,0.7758803963661194,0.5766482353210449,0.8183405995368958,0.2648843228816986,0.7697383165359497,T040_010_010_040,0.00280853477306664,0.000157512491568923,0.05302044376730919,0.000157512491568923,0.05,263,51248,0.011728598433910394,0.30276429653167725,0.4000000059604645,0.0820821225643158,0.10000000149011612,0.0643186867237091,0.10000000149011612,0.32057318091392517,0.4000000059604645,frozen_mlp_surrogate_adjoint,900,900,900,700,60.474886417388916,60.474886417388916,0.06719431824154325
745,197.284423828125,162.4304962158203,213.65585327148438,69.34406280517578,0.8144751191139221,0.4894537031650543,0.9281656742095947,0.4322974681854248,0.7742379903793335,T040_010_010_040,0.0028108088299632072,0.0002623845939524472,0.050968486815690994,0.0002623845939524472,0.05,837,51018,0.04127164705284412,0.309393048286438,0.4000000059604645,0.07493539899587631,0.10000000149011612,0.06122700124979019,0.10000000149011612,0.3286825716495514,0.4000000059604645,frozen_mlp_surrogate_adjoint,900,900,900,700,60.474886417388916,60.474886417388916,0.06719431824154325
746,197.26416015625,162.42929077148438,213.67184448242188,69.33865356445312,0.8143344521522522,0.4894312620162964,0.9282766580581665,0.43219733238220215,0.7742618322372437,T040_010_010_040,0.002810869598761201,0.00026298369630239904,0.05095772072672844,0.00026298369630239904,0.05,226,18,0.010697766088436011,0.30935120582580566,0.4000000059604645,0.07494409382343292,0.10000000149011612,0.06123277544975281,0.10000000149011612,0.32873374223709106,0.4000000059604645,frozen_mlp_surrogate_adjoint,900,900,900,700,60.474886417388916,60.474886417388916,0.06719431824154325
747,197.18707275390625,162.43038940429688,213.6776885986328,69.3504638671875,0.8137991428375244,0.48945164680480957,0.9283172488212585,0.43241602182388306,0.774096667766571,T040_010_010_040,0.0028110130224376917,0.00025939702754840255,0.05103231593966484,0.00025939702754840255,0.05,240,51040,0.011019081308308414,0.30910342931747437,0.4000000059604645,0.07505801320075989,0.10000000149011612,0.061363596469163895,0.10000000149011612,0.328571617603302,0.4000000059604645,frozen_mlp_surrogate_adjoint,900,900,900,700,60.474886417388916,60.474886417388916,0.06719431824154325
748,197.2000732421875,162.42678833007812,213.73887634277344,69.30815887451172,0.8138894438743591,0.4893850088119507,0.9287421703338623,0.4316325783729553,0.7744542360305786,T040_010_010_040,0.0028113520238548517,0.00026780739426612854,0.05087089166045189,0.00026780739426612854,0.05,345,50700,0.015146988302655115,0.30925995111465454,0.4000000059604645,0.07496082037687302,0.10000000149011612,0.06117873266339302,0.10000000149011612,0.32905474305152893,0.4000000059604645,frozen_mlp_surrogate_adjoint,900,900,900,700,60.474886417388916,60.474886417388916,0.06719431824154325
749,197.38682556152344,162.4422149658203,213.6610565185547,69.3267822265625,0.8151862621307373,0.48967060446739197,0.9282017946243286,0.43197736144065857,0.7744427919387817,T040_010_010_040,0.002811599522829056,0.00026779656764119864,0.05087605491280556,0.00026779656764119864,0.05,75,51324,0.005726342419217703,0.30970096588134766,0.4000000059604645,0.074781134724617,0.10000000149011612,0.06104309856891632,0.10000000149011612,0.32891765236854553,0.4000000059604645,frozen_mlp_surrogate_adjoint,900,900,900,700,60.474886417388916,60.474886417388916,0.06719431824154325
750,196.54769897460938,162.39259338378906,214.3557891845703,69.0163345336914,0.8093589544296265,0.48875170946121216,0.9330263137817383,0.426228404045105,0.7765536308288574,T040_010_010_040,0.002813076600432396,0.00031666253926232457,0.04992828145623207,0.00031666253926232457,0.05,463,51047,0.02049179274644576,0.3086586594581604,0.4000000059604645,0.0751289650797844,0.10000000149011612,0.06061884015798569,0.10000000149011612,0.33214718103408813,0.4000000059604645,frozen_mlp_surrogate_adjoint,900,900,900,700,60.474886417388916,60.474886417388916,0.06719431824154325
751,196.52195739746094,162.39114379882812,214.37254333496094,69.01231384277344,0.8091802597045898,0.4887247681617737,0.9331426620483398,0.4261539876461029,0.7765663266181946,T040_010_010_040,0.00281310873106122,0.00031697831582278013,0.04992260783910751,0.00031697831582278013,0.05,799,50396,0.039136097307992466,0.3086092174053192,0.4000000059604645,0.0751529410481453,0.10000000149011612,0.060629017651081085,0.10000000149011612,0.3321751654148102,0.4000000059604645,frozen_mlp_surrogate_adjoint,900,900,900,700,60.474886417388916,60.474886417388916,0.06719431824154325
752,196.6035614013672,162.39266967773438,214.3282470703125,69.02530670166016,0.8097469806671143,0.488753080368042,0.932835042476654,0.42639461159706116,0.7765034437179565,T040_010_010_040,0.002813114784657955,0.00031557903275825083,0.04995071142911911,0.00031557903275825083,0.05,487,50342,0.02190124363173439,0.3087635338306427,0.4000000059604645,0.07506684958934784,0.10000000149011612,0.060608766973018646,0.10000000149011612,0.33206427097320557,0.4000000059604645,frozen_mlp_surrogate_adjoint,900,900,900,700,60.474886417388916,60.474886417388916,0.06719431824154325
753,196.5015869140625,162.3898162841797,214.38357543945312,69.00944519042969,0.8090388178825378,0.48870036005973816,0.9332192540168762,0.4261007606983185,0.7765756845474243,T040_010_010_040,0.002813136437907815,0.00031721516279503703,0.04991842433810234,0.00031721516279503703,0.05,314,50163,0.013766973815565207,0.3085694909095764,0.4000000059604645,0.07517211884260178,0.10000000149011612,0.060637496411800385,0.10000000149011612,0.33219656348228455,0.4000000059604645,frozen_mlp_surrogate_adjoint,900,900,900,700,60.474886417388916,60.474886417388916,0.06719431824154325
754,196.50999450683594,162.39248657226562,214.36756896972656,69.0157699584961,0.809097170829773,0.4887497127056122,0.9331081509590149,0.4262180030345917,0.7765308618545532,T040_010_010_040,0.0028131527360528708,0.0003162299399264157,0.04993845522403717,0.0003162299399264157,0.05,361,51734,0.01590344077993834,0.3085636794567108,0.4000000059604645,0.07517697662115097,0.10000000149011612,0.0606517568230629,0.10000000149011612,0.33213844895362854,0.4000000059604645,frozen_mlp_surrogate_adjoint,900,900,900,700,60.474886417388916,60.474886417388916,0.06719431824154325
755,196.4710693359375,162.383544921875,214.42434692382812,68.98969268798828,0.8088269233703613,0.48858410120010376,0.9335024356842041,0.4257350265979767,0.7767243385314941,T040_010_010_040,0.002813277067616582,0.00032067610300146043,0.04985202103853226,0.00032067610300146043,0.05,229,51291,0.010798254316130535,0.3085783123970032,0.4000000059604645,0.07516037672758102,0.10000000149011612,0.060588300228118896,0.10000000149011612,0.33239734172821045,0.4000000059604645,frozen_mlp_surrogate_adjoint,900,900,900,700,60.474886417388916,60.474886417388916,0.06719431824154325
756,196.51609802246094,162.39442443847656,214.31982421875,69.05338287353516,0.8091395497322083,0.48878565430641174,0.9327765703201294,0.4269144535064697,0.7761675119400024,T040_010_010_040,0.002813288476318121,0.0003082393086515367,0.05010098218917847,0.0003082393086515367,0.05,228,50196,0.01074607593454662,0.30841293931007385,0.4000000059604645,0.07523832470178604,0.10000000149011612,0.06081882119178772,0.10000000149011612,0.3316974341869354,0.4000000059604645,frozen_mlp_surrogate_adjoint,900,900,900,700,60.474886417388916,60.474886417388916,0.06719431824154325
757,196.67787170410156,162.39096069335938,214.28382873535156,69.03970336914062,0.8102629780769348,0.48872143030166626,0.9325265884399414,0.42666110396385193,0.7764126062393188,T040_010_010_040,0.002813363214954734,0.0003137970343232155,0.04999132081866264,0.0003137970343232155,0.05,177,51241,0.008970447508429458,0.30889496207237244,0.4000000059604645,0.07498709112405777,0.10000000149011612,0.06060095876455307,0.10000000149011612,0.3319295644760132,0.4000000059604645,frozen_mlp_surrogate_adjoint,900,900,900,700,60.474886417388916,60.474886417388916,0.06719431824154325
758,196.4759063720703,162.38278198242188,214.38375854492188,69.0117416381836,0.8088604807853699,0.4885699450969696,0.9332205057144165,0.4261433482170105,0.7765251398086548,T040_010_010_040,0.002813398838043213,0.00031634810147807,0.049941014498472214,0.00031634810147807,0.05,210,50519,0.01018410424449552,0.3084988594055176,0.4000000059604645,0.07519963383674622,0.10000000149011612,0.060671500861644745,0.10000000149011612,0.33215516805648804,0.4000000059604645,frozen_mlp_surrogate_adjoint,900,900,900,700,60.474886417388916,60.474886417388916,0.06719431824154325
759,216.31346130371094,162.97555541992188,198.6239471435547,67.2498550415039,0.9466212391853333,0.49954742193222046,0.823777437210083,0.39351579546928406,0.7628206014633179,T040_010_010_040,0.002862825058400631,5.0121576350647956e-05,0.0562540665268898,5.0121576350647956e-05,0.05,894,51517,0.04495634980282047,0.31205809116363525,0.4000000059604645,0.06806698441505432,0.10000000149011612,0.07732837647199631,0.10000000149011612,0.3053671717643738,0.4000000059604645,frozen_mlp_surrogate_adjoint,900,900,900,700,60.474886417388916,60.474886417388916,0.06719431824154325
760,216.34735107421875,162.98216247558594,198.65884399414062,67.23789978027344,0.9468566179275513,0.4996696412563324,0.824019730091095,0.3932945132255554,0.7628238797187805,T040_010_010_040,0.0028628597501665354,5.023425546824001e-05,0.05625251308083534,5.023425546824001e-05,0.05,250,51255,0.011344245101150882,0.3121539354324341,0.4000000059604645,0.06811165809631348,0.10000000149011612,0.07714330404996872,0.10000000149011612,0.30541497468948364,0.4000000059604645,frozen_mlp_surrogate_adjoint,900,900,900,700,60.474886417388916,60.474886417388916,0.06719431824154325
761,216.34085083007812,162.97145080566406,198.69326782226562,67.23319244384766,0.9468114972114563,0.4994712769985199,0.8242587447166443,0.393207311630249,0.76275634765625,T040_010_010_040,0.002862861379981041,4.863385038333945e-05,0.056284550577402115,4.863385038333945e-05,0.05,282,50246,0.012608550460036465,0.3119586110115051,0.4000000059604645,0.06819029897451401,0.10000000149011612,0.0770425945520401,0.10000000149011612,0.30556485056877136,0.4000000059604645,frozen_mlp_surrogate_adjoint,900,900,900,700,60.474886417388916,60.474886417388916,0.06719431824154325
762,193.83895874023438,178.5020751953125,194.37355041503906,57.929466247558594,0.7905482649803162,0.7870753407478333,0.7942607402801514,0.2209160476922989,0.766918420791626,T040_010_010_040,0.002948175650089979,0.00023182466975413263,0.05432702228426933,0.00023182466975413263,0.05,853,50741,0.0424909596117511,0.3209218382835388,0.4000000059604645,0.06878513097763062,0.10000000149011612,0.062100134789943695,0.10000000149011612,0.31511127948760986,0.4000000059604645,frozen_mlp_surrogate_adjoint,900,900,900,700,60.474886417388916,60.474886417388916,0.06719431824154325
763,193.73373413085938,178.83314514160156,194.30377197265625,57.90092086791992,0.7898175716400146,0.7932063937187195,0.7937762141227722,0.22038741409778595,0.7666502594947815,T040_010_010_040,0.002948459004983306,0.00022585380065720528,0.05445210263133049,0.00022585380065720528,0.05,132,51543,0.007823866212742404,0.32067039608955383,0.4000000059604645,0.0692799836397171,0.10000000149011612,0.061989933252334595,0.10000000149011612,0.31470993161201477,0.4000000059604645,frozen_mlp_surrogate_adjoint,900,900,900,700,60.474886417388916,60.474886417388916,0.06719431824154325
764,193.77908325195312,178.77598571777344,194.32298278808594,57.902408599853516,0.7901325821876526,0.7921478152275085,0.7939096093177795,0.22041495144367218,0.7668280601501465,T040_010_010_040,0.0029485542327165604,0.00023009648430161178,0.05436915531754494,0.00023009648430161178,0.05,26,50192,0.0037903868236197685,0.3209749460220337,0.4000000059604645,0.0691295862197876,0.10000000149011612,0.06196006014943123,0.10000000149011612,0.3147634267807007,0.4000000059604645,frozen_mlp_surrogate_adjoint,900,900,900,700,60.474886417388916,60.474886417388916,0.06719431824154325
765,193.93115234375,178.51589965820312,194.36618041992188,57.92930603027344,0.7911885380744934,0.7873315215110779,0.7942095398902893,0.2209131121635437,0.7672472596168518,T040_010_010_040,0.002948707202449441,0.00024001533165574074,0.05417383834719658,0.00024001533165574074,0.05,20,51002,0.0034660841474156846,0.3218717575073242,0.4000000059604645,0.06864915788173676,0.10000000149011612,0.06205177307128906,0.10000000149011612,0.3146745562553406,0.4000000059604645,frozen_mlp_surrogate_adjoint,900,900,900,700,60.474886417388916,60.474886417388916,0.06719431824154325
766,194.09007263183594,179.4669189453125,194.95440673828125,58.066673278808594,0.7922921776771545,0.8049429059028625,0.7982944846153259,0.22345690429210663,0.7702601552009583,T040_010_010_040,0.0029502050019800663,0.0003111851983703673,0.0527803972363472,0.0003111851983703673,0.05,656,50986,0.031145789158265595,0.3234897255897522,0.4000000059604645,0.06910191476345062,0.10000000149011612,0.05895720049738884,0.10000000149011612,0.3187113106250763,0.4000000059604645,frozen_mlp_surrogate_adjoint,900,900,900,700,60.474886417388916,60.474886417388916,0.06719431824154325
767,194.05010986328125,179.53875732421875,194.88673400878906,58.04413604736328,0.7920147180557251,0.8062734007835388,0.7978245615959167,0.22303958237171173,0.7699401378631592,T040_010_010_040,0.0029502175748348236,0.00030384058482013643,0.05292753875255585,0.00030384058482013643,0.05,66,50854,0.005545320200178623,0.323347270488739,0.4000000059604645,0.06922056525945663,0.10000000149011612,0.05914323031902313,0.10000000149011612,0.3182291090488434,0.4000000059604645,frozen_mlp_surrogate_adjoint,900,900,900,700,60.474886417388916,60.474886417388916,0.06719431824154325
768,194.07150268554688,179.52981567382812,194.8932647705078,58.047218322753906,0.7921632528305054,0.8061076998710632,0.7978699207305908,0.22309666872024536,0.770026445388794,T040_010_010_040,0.0029502268880605698,0.00030583504121750593,0.05288783460855484,0.00030583504121750593,0.05,94,50704,0.006462661820687198,0.3235178291797638,0.4000000059604645,0.06917735934257507,0.10000000149011612,0.059123266488313675,0.10000000149011612,0.3182079493999481,0.4000000059604645,frozen_mlp_surrogate_adjoint,900,900,900,700,60.474886417388916,60.474886417388916,0.06719431824154325
769,194.0892791748047,179.52935791015625,194.89950561523438,58.05024719238281,0.7922866344451904,0.8060991764068604,0.7979132533073425,0.22315272688865662,0.770098090171814,T040_010_010_040,0.002950249006971717,0.00030750458245165646,0.05285488814115524,0.00030750458245165646,0.05,679,2,0.032590062290325406,0.32365983724594116,0.4000000059604645,0.06915012001991272,0.10000000149011612,0.05910133942961693,0.10000000149011612,0.31818678975105286,0.4000000059604645,frozen_mlp_surrogate_adjoint,900,900,900,700,60.474886417388916,60.474886417388916,0.06719431824154325
770,194.0469970703125,179.46669006347656,194.91143798828125,58.05384826660156,0.7919930815696716,0.8049386143684387,0.7979960441589355,0.22321940958499908,0.7700045108795166,T040_010_010_040,0.002950271824374795,0.00030537552083842456,0.05289792641997337,0.00030537552083842456,0.05,506,50068,0.022754835832046537,0.3232188820838928,0.4000000059604645,0.06916254758834839,0.10000000149011612,0.05909786373376846,0.10000000149011612,0.3185252547264099,0.4000000059604645,frozen_mlp_surrogate_adjoint,900,900,900,700,60.474886417388916,60.474886417388916,0.06719431824154325
771,194.09413146972656,179.48910522460938,194.921875,58.05522537231445,0.7923203706741333,0.8053539395332336,0.798068642616272,0.22324493527412415,0.7701844573020935,T040_010_010_040,0.002950281836092472,0.00030952258384786546,0.052815183997154236,0.00030952258384786546,0.05,207,50717,0.00993274741137961,0.32362693548202515,0.4000000059604645,0.06910103559494019,0.10000000149011612,0.059046465903520584,0.10000000149011612,0.3184100091457367,0.4000000059604645,frozen_mlp_surrogate_adjoint,900,900,900,700,60.474886417388916,60.474886417388916,0.06719431824154325
772,118.68232727050781,142.0316619873047,177.86468505859375,69.07608795166016,0.2686272859573364,0.11169754713773727,0.6796157956123352,0.4273349344730377,0.7794723510742188,T040_010_010_040,0.0029552425257861614,0.0005236202268861234,0.04863244295120239,0.0005236202268861234,0.05,602,50002,0.027533733817774048,0.28613728284835815,0.4000000059604645,0.08304652571678162,0.10000000149011612,0.10195928812026978,0.10000000149011612,0.3083292245864868,0.4000000059604645,frozen_mlp_surrogate_adjoint,900,900,900,700,60.474886417388916,60.474886417388916,0.06719431824154325
773,118.53529357910156,142.01266479492188,177.81640625,69.09439086914062,0.2676061689853668,0.11134552210569382,0.6792806386947632,0.4276738166809082,0.7796642780303955,T040_010_010_040,0.0029552762862294912,0.0005278848111629486,0.04854783043265343,0.0005278848111629486,0.05,29,50481,0.0038246388177862233,0.286141574382782,0.4000000059604645,0.08305515348911285,0.10000000149011612,0.10212280601263046,0.10000000149011612,0.3083447813987732,0.4000000059604645,frozen_mlp_surrogate_adjoint,900,900,900,700,60.474886417388916,60.474886417388916,0.06719431824154325
774,118.56288146972656,142.0162353515625,177.83047485351562,69.09061431884766,0.2677977681159973,0.11141188442707062,0.67937833070755,0.4276040196418762,0.7796297073364258,T040_010_010_040,0.002955281175673008,0.0005271278787404299,0.048563066869974136,0.0005271278787404299,0.05,645,51542,0.0304943074747318,0.2861206531524658,0.4000000059604645,0.08306559175252914,0.10000000149011612,0.10207396745681763,0.10000000149011612,0.3083694875240326,0.4000000059604645,frozen_mlp_surrogate_adjoint,900,900,900,700,60.474886417388916,60.474886417388916,0.06719431824154325
775,193.61019897460938,183.18856811523438,194.17617797851562,57.516502380371094,0.7889597415924072,0.8738622069358826,0.792890191078186,0.21326854825019836,0.7683497071266174,T040_010_010_040,0.0029645042959600687,0.00028141148504801095,0.053661856800317764,0.00028141148504801095,0.05,720,51711,0.03481629100298653,0.3229493796825409,0.4000000059604645,0.07220029830932617,0.10000000149011612,0.05832492560148239,0.10000000149011612,0.3148750960826874,0.4000000059604645,frozen_mlp_surrogate_adjoint,900,900,900,700,60.474886417388916,60.474886417388916,0.06719431824154325
776,193.61566162109375,183.1854248046875,194.16748046875,57.51564407348633,0.7889975905418396,0.8738040328025818,0.7928297519683838,0.2132526934146881,0.7683397531509399,T040_010_010_040,0.0029645178001374006,0.0002811941667459905,0.05366646870970726,0.0002811941667459905,0.05,412,51257,0.018359209169219053,0.3230093717575073,0.4000000059604645,0.07219401746988297,0.10000000149011612,0.05835666507482529,0.10000000149011612,0.31477969884872437,0.4000000059604645,frozen_mlp_surrogate_adjoint,900,900,900,700,60.474886417388916,60.474886417388916,0.06719431824154325
777,193.6235809326172,183.18019104003906,194.184326171875,57.52287292480469,0.7890526652336121,0.8737072944641113,0.7929466366767883,0.21338656544685364,0.7683857679367065,T040_010_010_040,0.0029645247850567102,0.0002822671667672694,0.05364515259861946,0.0002822671667672694,0.05,710,51341,0.03419903003143991,0.32301756739616394,0.4000000059604645,0.07218712568283081,0.10000000149011612,0.05831312760710716,0.10000000149011612,0.31486794352531433,0.4000000059604645,frozen_mlp_surrogate_adjoint,900,900,900,700,60.474886417388916,60.474886417388916,0.06719431824154325
778,193.62814331054688,183.18719482421875,194.18930053710938,57.51353073120117,0.789084255695343,0.8738371133804321,0.7929812669754028,0.21321354806423187,0.7684415578842163,T040_010_010_040,0.002964588813483715,0.0002836234634742141,0.05361931025981903,0.0002836234634742141,0.05,798,51045,0.03911555306847322,0.3230628967285156,0.4000000059604645,0.07215233892202377,0.10000000149011612,0.05828149616718292,0.10000000149011612,0.3149447739124298,0.4000000059604645,frozen_mlp_surrogate_adjoint,900,900,900,700,60.474886417388916,60.474886417388916,0.06719431824154325
779,193.6339569091797,183.1938934326172,194.16888427734375,57.514312744140625,0.7891247272491455,0.8739609718322754,0.792839527130127,0.2132280021905899,0.768408477306366,T040_010_010_040,0.0029646086040884256,0.0002828769793268293,0.053634632378816605,0.0002828769793268293,0.05,895,51318,0.044969578430742736,0.3231513500213623,0.4000000059604645,0.0721617341041565,0.10000000149011612,0.058339547365903854,0.10000000149011612,0.3147558569908142,0.4000000059604645,frozen_mlp_surrogate_adjoint,900,900,900,700,60.474886417388916,60.474886417388916,0.06719431824154325
780,193.60226440429688,183.1893768310547,194.146728515625,57.498435974121094,0.7889046669006348,0.8738774061203003,0.7926855683326721,0.2129340022802353,0.7682852149009705,T040_010_010_040,0.0029646256007254124,0.0002800384536385536,0.053691741079092026,0.0002800384536385536,0.05,842,50991,0.04151268181063415,0.3229868412017822,0.4000000059604645,0.07218170911073685,0.10000000149011612,0.05840875953435898,0.10000000149011612,0.3147079050540924,0.4000000059604645,frozen_mlp_surrogate_adjoint,900,900,900,700,60.474886417388916,60.474886417388916,0.06719431824154325
781,193.60943603515625,183.17474365234375,194.15501403808594,57.510887145996094,0.7889544367790222,0.8736063838005066,0.7927431464195251,0.2131645828485489,0.768281877040863,T040_010_010_040,0.0029646321199834347,0.00027996778953820467,0.05369328707456589,0.00027996778953820467,0.05,653,50834,0.030798501867009102,0.32299280166625977,0.4000000059604645,0.07219256460666656,0.10000000149011612,0.05840889364480972,0.10000000149011612,0.3146876394748688,0.4000000059604645,frozen_mlp_surrogate_adjoint,900,900,900,700,60.474886417388916,60.474886417388916,0.06719431824154325
782,193.57635498046875,183.17758178710938,194.1161346435547,57.500675201416016,0.7887247204780579,0.8736590147018433,0.7924731373786926,0.21297547221183777,0.7681053876876831,T040_010_010_040,0.002964652143418789,0.00027589628007262945,0.0537751130759716,0.00027589628007262945,0.05,789,50681,0.038515109542962875,0.3228450417518616,0.4000000059604645,0.07224542647600174,0.10000000149011612,0.058526597917079926,0.10000000149011612,0.31448832154273987,0.4000000059604645,frozen_mlp_surrogate_adjoint,900,900,900,700,60.474886417388916,60.474886417388916,0.06719431824154325
783,193.62481689453125,183.1686248779297,194.14813232421875,57.51456832885742,0.7890612483024597,0.8734931349754333,0.7926953434944153,0.21323275566101074,0.7682927846908569,T040_010_010_040,0.0029646554030478,0.00028024392668157816,0.053688231855630875,0.00028024392668157816,0.05,460,50461,0.02044836278590996,0.32311421632766724,0.4000000059604645,0.07218120992183685,0.10000000149011612,0.058441098779439926,0.10000000149011612,0.31455621123313904,0.4000000059604645,frozen_mlp_surrogate_adjoint,900,900,900,700,60.474886417388916,60.474886417388916,0.06719431824154325
784,193.57583618164062,183.1791534423828,194.1260986328125,57.497920989990234,0.7887210249900818,0.8736880421638489,0.7925423979759216,0.21292448043823242,0.76813805103302,T040_010_010_040,0.0029646772891283035,0.0002766791149042547,0.05375996232032776,0.0002766791149042547,0.05,636,51640,0.029602794081968455,0.32282590866088867,0.4000000059604645,0.07223118096590042,0.10000000149011612,0.05849037691950798,0.10000000149011612,0.3145906329154968,0.4000000059604645,frozen_mlp_surrogate_adjoint,900,900,900,700,60.474886417388916,60.474886417388916,0.06719431824154325
785,193.51968383789062,183.17880249023438,194.11996459960938,57.5027961730957,0.7883312106132507,0.8736814856529236,0.7924997210502625,0.21301475167274475,0.7679455280303955,T040_010_010_040,0.0029646807815879583,0.0002722169447224587,0.05384927615523338,0.0002722169447224587,0.05,71,50212,0.005643652122346812,0.3224031627178192,0.4000000059604645,0.0723380595445633,0.10000000149011612,0.05851633846759796,0.10000000149011612,0.3146879971027374,0.4000000059604645,frozen_mlp_surrogate_adjoint,900,900,900,700,60.474886417388916,60.474886417388916,0.06719431824154325
786,193.5936279296875,183.17176818847656,194.12228393554688,57.49470520019531,0.788844645023346,0.8735511898994446,0.7925158143043518,0.21286487579345703,0.7681760787963867,T040_010_010_040,0.002964783227071166,0.00027766654966399074,0.05374233052134514,0.00027766654966399074,0.05,398,50200,0.017884781050287277,0.32297199964523315,0.4000000059604645,0.07219214737415314,0.10000000149011612,0.058509986847639084,0.10000000149011612,0.31450194120407104,0.4000000059604645,frozen_mlp_surrogate_adjoint,900,900,900,700,60.474886417388916,60.474886417388916,0.06719431824154325
787,193.59031677246094,183.1808624267578,194.09323120117188,57.47315216064453,0.7888216376304626,0.8737196922302246,0.7923141121864319,0.2124658077955246,0.7681455612182617,T040_010_010_040,0.0029649322386831045,0.0002771082508843392,0.0537564791738987,0.0002771082508843392,0.05,811,50932,0.040042723604994376,0.3230542242527008,0.4000000059604645,0.07216062396764755,0.10000000149011612,0.05857895687222481,0.10000000149011612,0.31435176730155945,0.4000000059604645,frozen_mlp_surrogate_adjoint,900,900,900,700,60.474886417388916,60.474886417388916,0.06719431824154325
788,145.0613555908203,144.27996826171875,193.18849182128906,61.76657485961914,0.4518149495124817,0.1533326357603073,0.786031186580658,0.29197362065315247,0.7664999961853027,T040_010_010_040,0.002980158431455493,0.00025404576444998384,0.054522253572940826,0.00025404576444998384,0.05,323,50841,0.014051205675792275,0.2879944145679474,0.4000000059604645,0.07404020428657532,0.10000000149011612,0.09034037590026855,0.10000000149011612,0.3141249716281891,0.4000000059604645,frozen_mlp_surrogate_adjoint,900,900,900,700,60.474886417388916,60.474886417388916,0.06719431824154325
789,199.2333221435547,163.2111053466797,221.6802978515625,69.38282012939453,0.8280091881752014,0.5039093494415283,0.983890950679779,0.4330151379108429,0.7637759447097778,T040_010_010_040,0.0029847132973372936,0.00019462282944004983,0.05580180510878563,0.00019462282944004983,0.05,873,50383,0.04358785413552402,0.30676066875457764,0.4000000059604645,0.07187511026859283,0.10000000149011612,0.06339187920093536,0.10000000149011612,0.3217483460903168,0.4000000059604645,frozen_mlp_surrogate_adjoint,900,900,900,700,60.474886417388916,60.474886417388916,0.06719431824154325
790,199.22842407226562,163.20733642578125,221.66989135742188,69.37467193603516,0.8279751539230347,0.5038395524024963,0.9838187098503113,0.432864248752594,0.7638928890228271,T040_010_010_040,0.00298475893214345,0.00019743069424293935,0.055746566504240036,0.00019743069424293935,0.05,613,50538,0.028352637127008768,0.30676859617233276,0.4000000059604645,0.07185347378253937,0.10000000149011612,0.06333308666944504,0.10000000149011612,0.3219377398490906,0.4000000059604645,frozen_mlp_surrogate_adjoint,900,900,900,700,60.474886417388916,60.474886417388916,0.06719431824154325
791,199.23751831054688,163.2098846435547,221.68736267089844,69.38908386230469,0.8280383348464966,0.5038866400718689,0.9839400053024292,0.4331311285495758,0.7636821269989014,T040_010_010_040,0.00298480992205441,0.00019250306650064886,0.055846136063337326,0.00019250306650064886,0.05,365,50275,0.016283777894644916,0.3067586421966553,0.4000000059604645,0.07188567519187927,0.10000000149011612,0.06343692541122437,0.10000000149011612,0.32160091400146484,0.4000000059604645,frozen_mlp_surrogate_adjoint,900,900,900,700,60.474886417388916,60.474886417388916,0.06719431824154325
792,199.22412109375,163.20828247070312,221.667724609375,69.39007568359375,0.827945351600647,0.5038571357727051,0.9838036894798279,0.4331494867801666,0.7636878490447998,T040_010_010_040,0.0029848390258848667,0.00019266745948698372,0.05584343150258064,0.00019266745948698372,0.05,654,50477,0.03084800567168139,0.3067474961280823,0.4000000059604645,0.071912482380867,0.10000000149011612,0.06341904401779175,0.10000000149011612,0.32160884141921997,0.4000000059604645,frozen_mlp_surrogate_adjoint,900,900,900,700,60.474886417388916,60.474886417388916,0.06719431824154325
793,199.23101806640625,163.20973205566406,221.68325805664062,69.37542724609375,0.8279932141304016,0.5038840174674988,0.9839115142822266,0.4328782260417938,0.7638640403747559,T040_010_010_040,0.0029849049169570208,0.0001968953583855182,0.05576018989086151,0.0001968953583855182,0.05,196,50535,0.009807518811627298,0.3067558705806732,0.4000000059604645,0.07185113430023193,0.10000000149011612,0.06335224211215973,0.10000000149011612,0.3219047784805298,0.4000000059604645,frozen_mlp_surrogate_adjoint,900,900,900,700,60.474886417388916,60.474886417388916,0.06719431824154325
794,199.2425537109375,163.21231079101562,221.69895935058594,69.39054870605469,0.828073263168335,0.5039318203926086,0.9840205907821655,0.43315836787223816,0.7636468410491943,T040_010_010_040,0.0029849293641746044,0.00019178862567059696,0.05586281418800354,0.00019178862567059696,0.05,231,51280,0.010810086927858948,0.306753933429718,0.4000000059604645,0.07188242673873901,0.10000000149011612,0.06345777958631516,0.10000000149011612,0.32155266404151917,0.4000000059604645,frozen_mlp_surrogate_adjoint,900,900,900,700,60.474886417388916,60.474886417388916,0.06719431824154325
795,199.23019409179688,163.21426391601562,221.6548309326172,69.385009765625,0.8279874324798584,0.5039678812026978,0.9837141036987305,0.4330558180809021,0.7637572884559631,T040_010_010_040,0.002985006431117654,0.00019447546219453216,0.05581061914563179,0.00019447546219453216,0.05,233,51225,0.010880698075779769,0.3067755699157715,0.4000000059604645,0.07189203798770905,0.10000000149011612,0.06337147951126099,0.10000000149011612,0.3217182159423828,0.4000000059604645,frozen_mlp_surrogate_adjoint,900,900,900,700,60.474886417388916,60.474886417388916,0.06719431824154325
796,199.2128448486328,163.23638916015625,221.63685607910156,69.39861297607422,0.8278669714927673,0.5043776035308838,0.9835892915725708,0.4333076477050781,0.7635897397994995,T040_010_010_040,0.002985068829730153,0.00019057825556956232,0.055889811366796494,0.00019057825556956232,0.05,157,51192,0.008377987718650426,0.3067256212234497,0.4000000059604645,0.07199075073003769,0.10000000149011612,0.06342411786317825,0.10000000149011612,0.3214492201805115,0.4000000059604645,frozen_mlp_surrogate_adjoint,900,900,900,700,60.474886417388916,60.474886417388916,0.06719431824154325
797,196.39207458496094,176.36947631835938,197.954345703125,59.515586853027344,0.8082783222198486,0.747582733631134,0.8191274404525757,0.25028863549232483,0.785334587097168,T040_010_010_040,0.0029874714091420174,0.000683409278281033,0.046081241220235825,0.000683409278281033,0.05,306,50894,0.013462734777173753,0.3326546549797058,0.4000000059604645,0.061759382486343384,0.10000000149011612,0.05463773012161255,0.10000000149011612,0.33628278970718384,0.4000000059604645,frozen_mlp_surrogate_adjoint,900,900,900,700,60.474886417388916,60.474886417388916,0.06719431824154325
798,169.73568725585938,158.42921447753906,184.1804656982422,71.05564880371094,0.6231645345687866,0.41535577178001404,0.723475456237793,0.4639934301376343,0.776307225227356,T040_010_010_040,0.0029972619377076626,0.0004953391617164016,0.05003845691680908,0.0004953391617164016,0.05,709,50836,0.034180994984316836,0.2914724349975586,0.4000000059604645,0.06531988084316254,0.10000000149011612,0.10300229489803314,0.10000000149011612,0.3165126144886017,0.4000000059604645,frozen_mlp_surrogate_adjoint,900,900,900,700,60.474886417388916,60.474886417388916,0.06719431824154325
799,169.720947265625,158.41937255859375,184.15499877929688,71.04409790039062,0.6230621337890625,0.4151736795902252,0.7232986092567444,0.46377965807914734,0.7761847972869873,T040_010_010_040,0.00299731083214283,0.0004926485125906765,0.05009324476122856,0.0004926485125906765,0.05,414,50503,0.018438993875556493,0.29162055253982544,0.4000000059604645,0.06526100635528564,0.10000000149011612,0.10302174091339111,0.10000000149011612,0.3162814676761627,0.4000000059604645,frozen_mlp_surrogate_adjoint,900,900,900,700,60.474886417388916,60.474886417388916,0.06719431824154325
800,148.62173461914062,145.4476318359375,190.78225708007812,66.4962158203125,0.4765397906303406,0.17495624721050262,0.7693212628364563,0.3795594871044159,0.7609065771102905,T040_010_010_040,0.003036890644580126,0.00017860745720099658,0.057165663689374924,0.00017860745720099658,0.05,523,51354,0.023442458791825334,0.2894899249076843,0.4000000059604645,0.07466356456279755,0.10000000149011612,0.08960544317960739,0.10000000149011612,0.30714765191078186,0.4000000059604645,frozen_mlp_surrogate_adjoint,900,900,900,700,60.474886417388916,60.474886417388916,0.06719431824154325
801,182.43060302734375,159.70364379882812,191.91973876953125,73.66635131835938,0.7113236784934998,0.4389563202857971,0.7772203683853149,0.5123398900032043,0.7596713304519653,T040_010_010_040,0.0030633111018687487,0.00017541761917527765,0.057757869362831116,0.00017541761917527765,0.05,829,51432,0.04113243839574657,0.29095399379730225,0.4000000059604645,0.07206973433494568,0.10000000149011612,0.09076210856437683,0.10000000149011612,0.3058854639530182,0.4000000059604645,frozen_mlp_surrogate_adjoint,900,900,900,700,60.474886417388916,60.474886417388916,0.06719431824154325
802,206.52313232421875,175.91110229492188,223.96728515625,67.306884765625,0.8786328434944153,0.7390944361686707,0.999772846698761,0.39457201957702637,0.7865399122238159,T040_010_010_040,0.003084425814449787,0.0008061651606112719,0.04556521028280258,0.0008061651606112719,0.05,46,51599,0.004904849190293258,0.3402893543243408,0.4000000059604645,0.06171613931655884,0.10000000149011612,0.05180564522743225,0.10000000149011612,0.332728773355484,0.4000000059604645,frozen_mlp_surrogate_adjoint,900,900,900,700,60.474886417388916,60.474886417388916,0.06719431824154325
803,206.52474975585938,175.88851928710938,223.91282653808594,67.3265151977539,0.8786440491676331,0.7386761903762817,0.9993946552276611,0.3949354887008667,0.7862853407859802,T040_010_010_040,0.0030891215428709984,0.0008054238278418779,0.045673955231904984,0.0008054238278418779,0.05,146,51021,0.00811282258469147,0.3403630256652832,0.4000000059604645,0.06176237016916275,0.10000000149011612,0.051789700984954834,0.10000000149011612,0.33237025141716003,0.4000000059604645,frozen_mlp_surrogate_adjoint,900,900,900,700,60.474886417388916,60.474886417388916,0.06719431824154325
804,206.50059509277344,175.87400817871094,223.84027099609375,67.33118438720703,0.8784763813018799,0.7384076118469238,0.9988908171653748,0.395021915435791,0.7861045598983765,T040_010_010_040,0.003095288760960102,0.0008077257080003619,0.04575125873088837,0.0008077257080003619,0.05,127,51242,0.007734779548810305,0.34026414155960083,0.4000000059604645,0.061811916530132294,0.10000000149011612,0.0516611784696579,0.10000000149011612,0.33236733078956604,0.4000000059604645,frozen_mlp_surrogate_adjoint,900,900,900,700,60.474886417388916,60.474886417388916,0.06719431824154325
805,196.12939453125,189.0823211669922,184.66744995117188,75.88386535644531,0.806454062461853,0.983005940914154,0.7268572449684143,0.5534048676490784,0.7836276292800903,T040_010_010_040,0.003273737384006381,0.0009328872547484934,0.046817000955343246,0.0009328872547484934,0.05,559,50108,0.025482108018497818,0.31843632459640503,0.4000000059604645,0.03810707479715347,0.10000000149011612,0.09252914041280746,0.10000000149011612,0.33455511927604675,0.4000000059604645,frozen_mlp_surrogate_adjoint,900,900,900,700,60.474886417388916,60.474886417388916,0.06719431824154325
806,196.11148071289062,189.0876922607422,184.65097045898438,75.88679504394531,0.8063296675682068,0.983105480670929,0.7267428636550903,0.5534591674804688,0.7836171388626099,T040_010_010_040,0.0032737564761191607,0.0009326792787760496,0.04682154208421707,0.0009326792787760496,0.05,836,50828,0.04125171268367732,0.3183223605155945,0.4000000059604645,0.038135137408971786,0.10000000149011612,0.09256790578365326,0.10000000149011612,0.33459171652793884,0.4000000059604645,frozen_mlp_surrogate_adjoint,900,900,900,700,60.474886417388916,60.474886417388916,0.06719431824154325
807,196.06497192382812,189.10775756835938,184.61260986328125,75.89242553710938,0.8060067296028137,0.9834770560264587,0.7264764904975891,0.5535633563995361,0.7836281061172485,T040_010_010_040,0.0032737585715949535,0.0009329187450930476,0.04681679606437683,0.0009329187450930476,0.05,833,50825,0.041169401622189544,0.31802284717559814,0.4000000059604645,0.03819978982210159,0.10000000149011612,0.09268168359994888,0.10000000149011612,0.3347238302230835,0.4000000059604645,frozen_mlp_surrogate_adjoint,900,900,900,700,60.474886417388916,60.474886417388916,0.06719431824154325
808,196.10504150390625,189.089599609375,184.6541748046875,75.89261627197266,0.8062850832939148,0.9831406474113464,0.7267651557922363,0.5535669326782227,0.7835832834243774,T040_010_010_040,0.0032737606670707464,0.0009319510427303612,0.04683619365096092,0.0009319510427303612,0.05,759,50133,0.037318695806105445,0.318236768245697,0.4000000059604645,0.03817322105169296,0.10000000149011612,0.09251096844673157,0.10000000149011612,0.3346622884273529,0.4000000059604645,frozen_mlp_surrogate_adjoint,900,900,900,700,60.474886417388916,60.474886417388916,0.06719431824154325
809,196.1077117919922,189.09481811523438,184.63943481445312,75.88078308105469,0.8063035607337952,0.9832373261451721,0.7266627550125122,0.5533478260040283,0.7836818695068359,T040_010_010_040,0.003273783251643181,0.0009341065888293087,0.046793535351753235,0.0009341065888293087,0.05,726,50041,0.035070476436226725,0.31834685802459717,0.4000000059604645,0.038100212812423706,0.10000000149011612,0.09266475588083267,0.10000000149011612,0.3345700204372406,0.4000000059604645,frozen_mlp_surrogate_adjoint,900,900,900,700,60.474886417388916,60.474886417388916,0.06719431824154325
810,196.1324920654297,189.07748413085938,184.68331909179688,75.8907241821289,0.8064756393432617,0.982916533946991,0.7269675135612488,0.5535318851470947,0.7835628986358643,T040_010_010_040,0.0032737934961915016,0.0009315425995737314,0.04684501886367798,0.0009315425995737314,0.05,394,50973,0.017815205843254266,0.3183891475200653,0.4000000059604645,0.038148410618305206,0.10000000149011612,0.09241607785224915,0.10000000149011612,0.3346092998981476,0.4000000059604645,frozen_mlp_surrogate_adjoint,900,900,900,700,60.474886417388916,60.474886417388916,0.06719431824154325
811,196.12857055664062,189.0870819091797,184.65467834472656,75.8717041015625,0.8064483404159546,0.9830940961837769,0.7267686128616333,0.5531796813011169,0.7837142944335938,T040_010_010_040,0.00327383098192513,0.0009348554885946214,0.04677950590848923,0.0009348554885946214,0.05,310,50793,0.013650258494208829,0.3185119032859802,0.4000000059604645,0.03804453834891319,0.10000000149011612,0.09269069135189056,0.10000000149011612,0.33446717262268066,0.4000000059604645,frozen_mlp_surrogate_adjoint,900,900,900,700,60.474886417388916,60.474886417388916,0.06719431824154325
812,196.13504028320312,189.07786560058594,184.67697143554688,75.88520050048828,0.80649334192276,0.9829234480857849,0.726923406124115,0.5534296035766602,0.783599853515625,T040_010_010_040,0.003273837035521865,0.0009323858539573848,0.04682902246713638,0.0009323858539573848,0.05,774,50100,0.03787558005815161,0.318449467420578,0.4000000059604645,0.03811416029930115,0.10000000149011612,0.09248320758342743,0.10000000149011612,0.33455297350883484,0.4000000059604645,frozen_mlp_surrogate_adjoint,900,900,900,700,60.474886417388916,60.474886417388916,0.06719431824154325
813,196.15914916992188,189.07176208496094,184.69009399414062,75.87653350830078,0.8066608309745789,0.9828104972839355,0.7270145416259766,0.5532691478729248,0.7836496829986572,T040_010_010_040,0.0032738468144088984,0.0009334736969321966,0.046807460486888885,0.0009334736969321966,0.05,318,51436,0.01381433079844237,0.3186473250389099,0.4000000059604645,0.03804723918437958,0.10000000149011612,0.09250114858150482,0.10000000149011612,0.33445391058921814,0.4000000059604645,frozen_mlp_surrogate_adjoint,900,900,900,700,60.474886417388916,60.474886417388916,0.06719431824154325
814,196.14239501953125,189.08074951171875,184.66212463378906,75.87106323242188,0.8065443634986877,0.9829767942428589,0.7268202900886536,0.5531678795814514,0.7837088108062744,T040_010_010_040,0.0032738493755459785,0.0009347553714178503,0.04678187891840935,0.0009347553714178503,0.05,686,50213,0.03290826187009049,0.31860893964767456,0.4000000059604645,0.03802471607923508,0.10000000149011612,0.09265177696943283,0.10000000149011612,0.33442339301109314,0.4000000059604645,frozen_mlp_surrogate_adjoint,900,900,900,700,60.474886417388916,60.474886417388916,0.06719431824154325
815,196.12083435058594,189.08958435058594,184.65614318847656,75.88162231445312,0.8063946962356567,0.9831404089927673,0.7267787456512451,0.5533633232116699,0.7836623191833496,T040_010_010_040,0.0032738600857555866,0.0009337604278698564,0.04680199176073074,0.0009337604278698564,0.05,584,50279,0.02668754335601128,0.318403959274292,0.4000000059604645,0.03809671849012375,0.10000000149011612,0.09259329736232758,0.10000000149011612,0.3345682919025421,0.4000000059604645,frozen_mlp_surrogate_adjoint,900,900,900,700,60.474886417388916,60.474886417388916,0.06719431824154325
816,196.15789794921875,189.0638427734375,184.70733642578125,75.89456176757812,0.8066520094871521,0.9826638102531433,0.7271342277526855,0.553602933883667,0.7835092544555664,T040_010_010_040,0.0032738777808845043,0.0009304655250161886,0.04686824232339859,0.0009304655250161886,0.05,854,50326,0.04253754183209715,0.3185173273086548,0.4000000059604645,0.03814419358968735,0.10000000149011612,0.09227055311203003,0.10000000149011612,0.33457717299461365,0.4000000059604645,frozen_mlp_surrogate_adjoint,900,900,900,700,60.474886417388916,60.474886417388916,0.06719431824154325
817,196.09872436523438,189.09080505371094,184.6561279296875,75.89915466308594,0.8062411546707153,0.983163058757782,0.7267786264419556,0.5536880493164062,0.7835413813591003,T040_010_010_040,0.0032738777808845043,0.0009311612229794264,0.04685433208942413,0.0009311612229794264,0.05,779,50034,0.03806789345945187,0.3181515634059906,0.4000000059604645,0.038212090730667114,0.10000000149011612,0.09244760870933533,0.10000000149011612,0.3347301185131073,0.4000000059604645,frozen_mlp_surrogate_adjoint,900,900,900,700,60.474886417388916,60.474886417388916,0.06719431824154325
818,196.11952209472656,189.08151245117188,184.6768035888672,75.89910888671875,0.8063855767250061,0.982991099357605,0.7269222736358643,0.5536872148513794,0.7835204601287842,T040_010_010_040,0.0032738966401666403,0.0009307270520366728,0.04686339199542999,0.0009307270520366728,0.05,481,50404,0.021622296305764524,0.31826579570770264,0.4000000059604645,0.038196563720703125,0.10000000149011612,0.09236219525337219,0.10000000149011612,0.33469587564468384,0.4000000059604645,frozen_mlp_surrogate_adjoint,900,900,900,700,60.474886417388916,60.474886417388916,0.06719431824154325
819,196.17245483398438,189.06005859375,184.72259521484375,75.89073181152344,0.8067531585693359,0.9825937151908875,0.7272402048110962,0.5535320043563843,0.7835240364074707,T040_010_010_040,0.003273923881351948,0.0009308317094109952,0.04686184227466583,0.0009308317094109952,0.05,502,50287,0.02254212986589192,0.3186092674732208,0.4000000059604645,0.03811763972043991,0.10000000149011612,0.0922514945268631,0.10000000149011612,0.3345456123352051,0.4000000059604645,frozen_mlp_surrogate_adjoint,900,900,900,700,60.474886417388916,60.474886417388916,0.06719431824154325
820,196.17718505859375,189.05624389648438,184.73089599609375,75.89350891113281,0.8067860007286072,0.9825232028961182,0.727297842502594,0.5535834431648254,0.783495306968689,T040_010_010_040,0.003273933893069625,0.0009302198886871338,0.0468742810189724,0.0009302198886871338,0.05,525,51327,0.023605837450112965,0.3186143934726715,0.4000000059604645,0.03813047707080841,0.10000000149011612,0.09219440072774887,0.10000000149011612,0.334555983543396,0.4000000059604645,frozen_mlp_surrogate_adjoint,900,900,900,700,60.474886417388916,60.474886417388916,0.06719431824154325
821,196.17874145507812,189.07162475585938,184.68943786621094,75.86015319824219,0.8067967891693115,0.982807993888855,0.7270100116729736,0.5529658794403076,0.7837667465209961,T040_010_010_040,0.0032739369198679924,0.0009360958356410265,0.046756818890571594,0.0009360958356410265,0.05,849,51740,0.0420455662466938,0.3188764750957489,0.4000000059604645,0.03794029355049133,0.10000000149011612,0.09264117479324341,0.10000000149011612,0.33430880308151245,0.4000000059604645,frozen_mlp_surrogate_adjoint,900,900,900,700,60.474886417388916,60.474886417388916,0.06719431824154325
822,196.16415405273438,189.0690460205078,184.70608520507812,75.88037109375,0.8066954612731934,0.9827601909637451,0.7271255254745483,0.5533401966094971,0.7836117744445801,T040_010_010_040,0.0032739383168518543,0.0009327450534328818,0.04682386294007301,0.0009327450534328818,0.05,757,51329,0.03723799543268922,0.3186264932155609,0.4000000059604645,0.03807038813829422,0.10000000149011612,0.09241718798875809,0.10000000149011612,0.33449772000312805,0.4000000059604645,frozen_mlp_surrogate_adjoint,900,900,900,700,60.474886417388916,60.474886417388916,0.06719431824154325
823,196.11814880371094,189.0839385986328,184.6771240234375,75.89485168457031,0.806376039981842,0.9830359816551208,0.7269245386123657,0.5536082983016968,0.7835468649864197,T040_010_010_040,0.0032739387825131416,0.0009313407354056835,0.04685195907950401,0.0009313407354056835,0.05,404,50564,0.018135862092568546,0.31826871633529663,0.4000000059604645,0.038182057440280914,0.10000000149011612,0.09241300821304321,0.10000000149011612,0.3346830904483795,0.4000000059604645,frozen_mlp_surrogate_adjoint,900,900,900,700,60.474886417388916,60.474886417388916,0.06719431824154325
824,196.12661743164062,189.06967163085938,184.70338439941406,75.91411590576172,0.8064348697662354,0.9827718138694763,0.7271068096160889,0.5539650917053223,0.7833853960037231,T040_010_010_040,0.003273941343650222,0.0009278469369746745,0.04692188650369644,0.0009278469369746745,0.05,740,50401,0.03608690325908803,0.31819140911102295,0.4000000059604645,0.038279056549072266,0.10000000149011612,0.09212955832481384,0.10000000149011612,0.3347854018211365,0.4000000059604645,frozen_mlp_surrogate_adjoint,900,900,900,700,60.474886417388916,60.474886417388916,0.06719431824154325
825,196.15679931640625,189.07424926757812,184.67543029785156,75.87248229980469,0.8066444396972656,0.9828563332557678,0.7269127368927002,0.5531941652297974,0.7836874127388,T040_010_010_040,0.00327394250780344,0.0009343856363557279,0.046791136264801025,0.0009343856363557279,0.05,641,8,0.030208069574133523,0.3186846971511841,0.4000000059604645,0.03801683336496353,0.10000000149011612,0.09258073568344116,0.10000000149011612,0.33440515398979187,0.4000000059604645,frozen_mlp_surrogate_adjoint,900,900,900,700,60.474886417388916,60.474886417388916,0.06719431824154325
826,196.14532470703125,189.07406616210938,184.6983184814453,75.88890838623047,0.8065646886825562,0.9828532338142395,0.7270716428756714,0.5534983277320862,0.783563494682312,T040_010_010_040,0.003273949958384037,0.000931711751036346,0.046844761818647385,0.000931711751036346,0.05,393,51323,0.01761826019408362,0.3184577226638794,0.4000000059604645,0.03813140094280243,0.10000000149011612,0.09237855672836304,0.10000000149011612,0.33459579944610596,0.4000000059604645,frozen_mlp_surrogate_adjoint,900,900,900,700,60.474886417388916,60.474886417388916,0.06719431824154325
827,196.13619995117188,189.0859375,184.66586303710938,75.87846374511719,0.8065013289451599,0.9830728769302368,0.7268462181091309,0.55330491065979,0.7836797833442688,T040_010_010_040,0.0032739711459726095,0.0009342492558062077,0.04679443687200546,0.0009342492558062077,0.05,208,50050,0.010050819491759653,0.3185151219367981,0.4000000059604645,0.03806287422776222,0.10000000149011612,0.09257432818412781,0.10000000149011612,0.33452746272087097,0.4000000059604645,frozen_mlp_surrogate_adjoint,900,900,900,700,60.474886417388916,60.474886417388916,0.06719431824154325
828,196.16189575195312,189.0660858154297,184.71282958984375,75.89060974121094,0.806679904460907,0.982705295085907,0.7271724939346313,0.5535297393798828,0.7835386991500854,T040_010_010_040,0.003273972310125828,0.0009311976609751582,0.04685549437999725,0.0009311976609751582,0.05,742,50055,0.03636997692506691,0.31854838132858276,0.4000000059604645,0.03812360018491745,0.10000000149011612,0.09229433536529541,0.10000000149011612,0.33457237482070923,0.4000000059604645,frozen_mlp_surrogate_adjoint,900,900,900,700,60.474886417388916,60.474886417388916,0.06719431824154325
829,196.161865234375,189.06459045410156,184.702880859375,75.8861312866211,0.8066795468330383,0.9826776385307312,0.7271032929420471,0.553446888923645,0.7835602760314941,T040_010_010_040,0.0032739846501499414,0.0009316770010627806,0.04684615507721901,0.0009316770010627806,0.05,574,50356,0.026089913208333763,0.3185940980911255,0.4000000059604645,0.038097795099020004,0.10000000149011612,0.09236252307891846,0.10000000149011612,0.3345058262348175,0.4000000059604645,frozen_mlp_surrogate_adjoint,900,900,900,700,60.474886417388916,60.474886417388916,0.06719431824154325
830,196.19979858398438,189.05361938476562,184.73361206054688,75.87804412841797,0.8069430589675903,0.9824745059013367,0.7273167371749878,0.5532971024513245,0.7835986614227295,T040_010_010_040,0.003273993730545044,0.0009325167047791183,0.04682954028248787,0.0009325167047791183,0.05,619,51562,0.0286390265227592,0.3188554346561432,0.4000000059604645,0.03802628815174103,0.10000000149011612,0.09231080114841461,0.10000000149011612,0.33440616726875305,0.4000000059604645,frozen_mlp_surrogate_adjoint,900,900,900,700,60.474886417388916,60.474886417388916,0.06719431824154325
831,196.17056274414062,189.07373046875,184.69415283203125,75.86229705810547,0.8067399859428406,0.9828469753265381,0.7270426750183105,0.5530055165290833,0.7837420701980591,T040_010_010_040,0.0032739939633756876,0.0009356191731058061,0.04676749184727669,0.0009356191731058061,0.05,400,51468,0.017985444506297063,0.318784236907959,0.4000000059604645,0.03797061741352081,0.10000000149011612,0.09262770414352417,0.10000000149011612,0.3343595564365387,0.4000000059604645,frozen_mlp_surrogate_adjoint,900,900,900,700,60.474886417388916,60.474886417388916,0.06719431824154325
832,196.181640625,189.06539916992188,184.70924377441406,75.86909484863281,0.8068169355392456,0.9826925992965698,0.7271475195884705,0.5531314611434937,0.7836798429489136,T040_010_010_040,0.003273994429036975,0.000934273877646774,0.04679441079497337,0.000934273877646774,0.05,281,51674,0.012601303812650276,0.31880736351013184,0.4000000059604645,0.03799562528729439,0.10000000149011612,0.0924977958202362,0.10000000149011612,0.33437904715538025,0.4000000059604645,frozen_mlp_surrogate_adjoint,900,900,900,700,60.474886417388916,60.474886417388916,0.06719431824154325
833,196.1314697265625,189.08428955078125,184.6806182861328,75.88198852539062,0.8064684867858887,0.9830422401428223,0.7269487380981445,0.5533702373504639,0.7836301922798157,T040_010_010_040,0.003273994894698262,0.0009332001209259033,0.0468158945441246,0.0009332001209259033,0.05,649,50671,0.030614186719612947,0.31841832399368286,0.4000000059604645,0.03810696303844452,0.10000000149011612,0.0925203487277031,0.10000000149011612,0.3345845341682434,0.4000000059604645,frozen_mlp_surrogate_adjoint,900,900,900,700,60.474886417388916,60.474886417388916,0.06719431824154325
834,196.20162963867188,189.06190490722656,184.70172119140625,75.85768127441406,0.8069558143615723,0.9826279282569885,0.7270953059196472,0.5529200434684753,0.7837669849395752,T040_010_010_040,0.0032740903552621603,0.0009362543933093548,0.046756718307733536,0.0009362543933093548,0.05,32,50119,0.003995145726878164,0.319041907787323,0.4000000059604645,0.03790070116519928,0.10000000149011612,0.09259510040283203,0.10000000149011612,0.33422932028770447,0.4000000059604645,frozen_mlp_surrogate_adjoint,900,900,900,700,60.474886417388916,60.474886417388916,0.06719431824154325
835,196.15704345703125,189.06163024902344,184.71722412109375,75.9051284790039,0.8066461682319641,0.9826227426528931,0.7272028923034668,0.5537986755371094,0.7834348678588867,T040_010_010_040,0.0032740975730121136,0.0009290747111663222,0.04690045490860939,0.0009290747111663222,0.05,126,51201,0.007732313815305933,0.31843826174736023,0.4000000059604645,0.0381961315870285,0.10000000149011612,0.09213754534721375,0.10000000149011612,0.33466291427612305,0.4000000059604645,frozen_mlp_surrogate_adjoint,900,900,900,700,60.474886417388916,60.474886417388916,0.06719431824154325
836,196.1051483154297,189.07168579101562,184.69708251953125,75.92874145507812,0.8062857389450073,0.9828088879585266,0.7270630598068237,0.5542358756065369,0.7832882404327393,T040_010_010_040,0.0032741022296249866,0.0009259028593078256,0.04696398600935936,0.0009259028593078256,0.05,93,51707,0.0064253484009132045,0.31797313690185547,0.4000000059604645,0.03837301582098007,0.10000000149011612,0.09202927350997925,0.10000000149011612,0.3349127769470215,0.4000000059604645,frozen_mlp_surrogate_adjoint,900,900,900,700,60.474886417388916,60.474886417388916,0.06719431824154325
837,196.17959594726562,189.0577850341797,184.72116088867188,75.89153289794922,0.8068028092384338,0.9825515747070312,0.7272303104400635,0.5535469055175781,0.7835226058959961,T040_010_010_040,0.00327410944737494,0.0009309864253737032,0.04686246067285538,0.0009309864253737032,0.05,76,50596,0.00574585331616139,0.3186681270599365,0.4000000059604645,0.03810139745473862,0.10000000149011612,0.09223183989524841,0.10000000149011612,0.33452126383781433,0.4000000059604645,frozen_mlp_surrogate_adjoint,900,900,900,700,60.474886417388916,60.474886417388916,0.06719431824154325
838,196.1485595703125,189.0723876953125,184.72232055664062,75.88790893554688,0.8065871596336365,0.9828221201896667,0.7272382974624634,0.553479790687561,0.7835382223129272,T040_010_010_040,0.0032741467002779245,0.0009313614573329687,0.04685570299625397,0.0009313614573329687,0.05,63,51576,0.0054775903020539765,0.3184158205986023,0.4000000059604645,0.038149747997522354,0.10000000149011612,0.09233946353197098,0.10000000149011612,0.3346332013607025,0.4000000059604645,frozen_mlp_surrogate_adjoint,900,900,900,700,60.474886417388916,60.474886417388916,0.06719431824154325
839,196.13970947265625,189.0824432373047,184.6832275390625,75.86898040771484,0.806525707244873,0.9830082654953003,0.7269667983055115,0.553129255771637,0.7836900949478149,T040_010_010_040,0.0032741855829954147,0.0009346866281703115,0.046789973974227905,0.0009346866281703115,0.05,739,51366,0.03603199061007195,0.3185272216796875,0.4000000059604645,0.038045112043619156,0.10000000149011612,0.09264276921749115,0.10000000149011612,0.33447498083114624,0.4000000059604645,frozen_mlp_surrogate_adjoint,900,900,900,700,60.474886417388916,60.474886417388916,0.06719431824154325
840,196.17552185058594,189.0562744140625,184.7482452392578,75.89417266845703,0.8067744374275208,0.982523500919342,0.7274183630943298,0.5535958409309387,0.7834644317626953,T040_010_010_040,0.003274195361882448,0.0009298127260990441,0.04688765108585358,0.0009298127260990441,0.05,260,50314,0.011569152640440925,0.3185432255268097,0.4000000059604645,0.03815624862909317,0.10000000149011612,0.09215883910655975,0.10000000149011612,0.3346061408519745,0.4000000059604645,frozen_mlp_surrogate_adjoint,900,900,900,700,60.474886417388916,60.474886417388916,0.06719431824154325
841,196.13677978515625,189.0667724609375,184.691650390625,75.90293884277344,0.8065054416656494,0.9827179312705994,0.7270253300666809,0.5537580847740173,0.7834439873695374,T040_010_010_040,0.003274282906204462,0.0009294576593674719,0.04689650610089302,0.0009294576593674719,0.05,244,50880,0.011182028199887922,0.3183477520942688,0.4000000059604645,0.03819964826107025,0.10000000149011612,0.09225624799728394,0.10000000149011612,0.3346403241157532,0.4000000059604645,frozen_mlp_surrogate_adjoint,900,900,900,700,60.474886417388916,60.474886417388916,0.06719431824154325
842,196.1707763671875,189.05052185058594,184.74069213867188,75.90463256835938,0.8067415356636047,0.982417106628418,0.7273659110069275,0.5537895560264587,0.783382773399353,T040_010_010_040,0.0032743187621235847,0.0009281676029786468,0.04692302271723747,0.0009281676029786468,0.05,152,51169,0.008204642214242252,0.318484365940094,0.4000000059604645,0.038202282041311264,0.10000000149011612,0.09206368029117584,0.10000000149011612,0.33463242650032043,0.4000000059604645,frozen_mlp_surrogate_adjoint,900,900,900,700,60.474886417388916,60.474886417388916,0.06719431824154325
843,196.2107391357422,189.0469207763672,184.7551727294922,75.87626647949219,0.8070189952850342,0.9823504686355591,0.7274664640426636,0.5532642006874084,0.7835646271705627,T040_010_010_040,0.003274427494034171,0.0009322138503193855,0.04684427008032799,0.0009322138503193855,0.05,566,50847,0.025802545102056852,0.3188851475715637,0.4000000059604645,0.03802453726530075,0.10000000149011612,0.09226423501968384,0.10000000149011612,0.33439069986343384,0.4000000059604645,frozen_mlp_surrogate_adjoint,900,900,900,700,60.474886417388916,60.474886417388916,0.06719431824154325
844,196.27670288085938,189.01832580566406,184.8454132080078,75.87704467773438,0.8074770569801331,0.9818207621574402,0.728093147277832,0.5532786846160889,0.7834681272506714,T040_010_010_040,0.0032750340178608894,0.0009307315340265632,0.046886052936315536,0.0009307315340265632,0.05,621,51667,0.0287136756968396,0.31916844844818115,0.4000000059604645,0.03800579160451889,0.10000000149011612,0.09193865209817886,0.10000000149011612,0.33435526490211487,0.4000000059604645,frozen_mlp_surrogate_adjoint,900,900,900,700,60.474886417388916,60.474886417388916,0.06719431824154325
845,179.69810485839844,159.4981231689453,196.547119140625,64.58833312988281,0.6923479437828064,0.4351503849029541,0.8093549609184265,0.3442284166812897,0.7467187643051147,T040_010_010_040,0.003428853116929531,0.00022128397540654987,0.06415138393640518,0.00022128397540654987,0.05,631,50924,0.029198996905973856,0.2914973795413971,0.4000000059604645,0.08404190838336945,0.10000000149011612,0.060321636497974396,0.10000000149011612,0.3108578324317932,0.4000000059604645,frozen_mlp_surrogate_adjoint,900,900,900,700,60.474886417388916,60.474886417388916,0.06719431824154325
846,166.27523803710938,145.0843048095703,183.15899658203125,74.50397491455078,0.5991336703300476,0.16822786629199982,0.716381847858429,0.5278513431549072,0.7410135269165039,T040_010_010_040,0.003832372836768627,0.00047867296962067485,0.0670739933848381,0.00047867296962067485,0.05,715,50247,0.03431184734713465,0.30294984579086304,0.4000000059604645,0.06970799714326859,0.10000000149011612,0.09523968398571014,0.10000000149011612,0.27311596274375916,0.4000000059604645,frozen_mlp_surrogate_adjoint,900,900,900,700,60.474886417388916,60.474886417388916,0.06719431824154325
847,80.5283203125,153.1482391357422,83.0973892211914,80.48357391357422,0.0036689150147140026,0.31755995750427246,0.021509667858481407,0.6385846734046936,0.7558475136756897,T040_010_010_040,0.003887807484716177,0.0009072855464182794,0.05961043760180473,0.0009072855464182794,0.05,830,50084,0.0411565993753224,0.3182276487350464,0.4000000059604645,0.06086715683341026,0.10000000149011612,0.10331536084413528,0.10000000149011612,0.27343735098838806,0.4000000059604645,frozen_mlp_surrogate_adjoint,900,900,900,700,60.474886417388916,60.474886417388916,0.06719431824154325
848,152.13885498046875,155.4834442138672,147.59469604492188,82.95664978027344,0.5009642243385315,0.36080440878868103,0.4694076180458069,0.684382438659668,0.7595374584197998,T040_010_010_040,0.004002884961664677,0.001111773308366537,0.05782223492860794,0.001111773308366537,0.05,669,50046,0.031853946687185414,0.33374351263046265,0.4000000059604645,0.05389775335788727,0.10000000149011612,0.04801388829946518,0.10000000149011612,0.3238822817802429,0.4000000059604645,frozen_mlp_surrogate_adjoint,900,900,900,700,60.474886417388916,60.474886417388916,0.06719431824154325
849,206.2393798828125,178.64639282226562,214.4942169189453,63.33929443359375,0.8766623139381409,0.7897480130195618,0.9339876174926758,0.3210980296134949,0.8382564783096313,T040_010_010_040,0.004161439370363951,0.00285339099355042,0.026160966604948044,0.00285339099355042,0.05,275,51457,0.012235026923358316,0.3740900456905365,0.4000000059604645,0.05253727734088898,0.10000000149011612,0.02759530395269394,0.10000000149011612,0.38403382897377014,0.4000000059604645,frozen_mlp_surrogate_adjoint,900,900,900,700,60.474886417388916,60.474886417388916,0.06719431824154325
850,206.29354858398438,178.66165161132812,214.50186157226562,63.35912322998047,0.8770384788513184,0.7900304198265076,0.9340406656265259,0.3214651942253113,0.8383376598358154,T040_010_010_040,0.004161607474088669,0.0028548715636134148,0.026134712621569633,0.0028548715636134148,0.05,337,50462,0.014723644992366749,0.37470483779907227,0.4000000059604645,0.052440937608480453,0.10000000149011612,0.027603421360254288,0.10000000149011612,0.3835884630680084,0.4000000059604645,frozen_mlp_surrogate_adjoint,900,900,900,700,60.474886417388916,60.474886417388916,0.06719431824154325
851,185.77789306640625,180.5471649169922,158.23052978515625,79.1282958984375,0.7345687747001648,0.8249474167823792,0.543267548084259,0.6134870052337646,0.7116204500198364,T040_010_010_040,0.004179233219474554,2.1094696421641856e-05,0.08316276222467422,2.1094696421641856e-05,0.05,251,50225,0.01135469910037339,0.28253301978111267,0.4000000059604645,0.0694645494222641,0.10000000149011612,0.0768171101808548,0.10000000149011612,0.28280577063560486,0.4000000059604645,frozen_mlp_surrogate_adjoint,900,900,900,700,60.474886417388916,60.474886417388916,0.06719431824154325
852,185.810302734375,180.53378295898438,158.26316833496094,79.11943054199219,0.7347937226295471,0.8246996998786926,0.5434942245483398,0.6133227348327637,0.7116335034370422,T040_010_010_040,0.004179247654974461,2.1485559045686387e-05,0.08315523713827133,2.1485559045686387e-05,0.05,407,51083,0.01821505029485134,0.28264614939689636,0.4000000059604645,0.06942823529243469,0.10000000149011612,0.07687384635210037,0.10000000149011612,0.2826852798461914,0.4000000059604645,frozen_mlp_surrogate_adjoint,900,900,900,700,60.474886417388916,60.474886417388916,0.06719431824154325
853,185.8656768798828,180.53631591796875,158.23391723632812,79.13140106201172,0.7351782917976379,0.8247464895248413,0.5432910919189453,0.6135444641113281,0.7115803956985474,T040_010_010_040,0.004179257433861494,1.996373430301901e-05,0.08318586647510529,1.996373430301901e-05,0.05,604,50652,0.027768491246462655,0.2830263376235962,0.4000000059604645,0.06925316154956818,0.10000000149011612,0.07665936648845673,0.10000000149011612,0.28264155983924866,0.4000000059604645,frozen_mlp_surrogate_adjoint,900,900,900,700,60.474886417388916,60.474886417388916,0.06719431824154325
854,185.74293518066406,180.56521606445312,158.24639892578125,79.11822509765625,0.7343259453773499,0.8252816200256348,0.543377697467804,0.6133005619049072,0.7116677761077881,T040_010_010_040,0.004179396666586399,2.262328052893281e-05,0.08313547074794769,2.262328052893281e-05,0.05,453,50856,0.02010502694097025,0.2823587954044342,0.4000000059604645,0.06943732500076294,0.10000000149011612,0.07701718062162399,0.10000000149011612,0.28285449743270874,0.4000000059604645,frozen_mlp_surrogate_adjoint,900,900,900,700,60.474886417388916,60.474886417388916,0.06719431824154325
855,164.80209350585938,157.21041870117188,164.36532592773438,92.85276794433594,0.5889034271240234,0.3927856385707855,0.5858702659606934,0.8676439523696899,0.7454186677932739,T040_010_010_040,0.004385778214782476,0.0011451953323557973,0.06481165438890457,0.0011451953323557973,0.05,72,51285,0.005652581403029874,0.29125016927719116,0.4000000059604645,0.04692712053656578,0.10000000149011612,0.06794729083776474,0.10000000149011612,0.33929404616355896,0.4000000059604645,frozen_mlp_surrogate_adjoint,900,900,900,700,60.474886417388916,60.474886417388916,0.06719431824154325
856,164.8365936279297,157.21896362304688,164.44044494628906,92.86138153076172,0.5891430377960205,0.392943799495697,0.5863919854164124,0.8678033351898193,0.7447887659072876,T040_010_010_040,0.004386841785162687,0.0011302030179649591,0.06513277441263199,0.0011302030179649591,0.05,273,50905,0.0122022805003419,0.2908751964569092,0.4000000059604645,0.046925753355026245,0.10000000149011612,0.06831657886505127,0.10000000149011612,0.3386712074279785,0.4000000059604645,frozen_mlp_surrogate_adjoint,900,900,900,700,60.474886417388916,60.474886417388916,0.06719431824154325
857,164.44461059570312,157.13587951660156,163.97494506835938,92.76930236816406,0.5864208936691284,0.3914051651954651,0.583159327507019,0.8660981059074402,0.7501181364059448,T040_010_010_040,0.00438857264816761,0.001266525243408978,0.06244094669818878,0.001266525243408978,0.05,567,51090,0.025897993358262483,0.2938465476036072,0.4000000059604645,0.04684323072433472,0.10000000149011612,0.06547534465789795,0.10000000149011612,0.34395304322242737,0.4000000059604645,frozen_mlp_surrogate_adjoint,900,900,900,700,60.474886417388916,60.474886417388916,0.06719431824154325
858,223.97743225097656,165.71212768554688,147.08868408203125,87.32040405273438,0.9998432397842407,0.5502244830131531,0.46589359641075134,0.7651926279067993,0.7180432081222534,T040_010_010_040,0.004430186934769154,0.00045520541607402265,0.07949963212013245,0.00045520541607402265,0.05,304,50588,0.013331172128840713,0.3044418692588806,0.4000000059604645,0.08156099170446396,0.10000000149011612,0.06787712126970291,0.10000000149011612,0.2641632556915283,0.4000000059604645,frozen_mlp_surrogate_adjoint,900,900,900,700,60.474886417388916,60.474886417388916,0.06719431824154325
859,223.9762725830078,165.68380737304688,147.12197875976562,87.32286071777344,0.9998352527618408,0.5497000217437744,0.46612483263015747,0.7652381658554077,0.7178338766098022,T040_010_010_040,0.004430281464010477,0.0004493950982578099,0.07961772382259369,0.0004493950982578099,0.05,671,50997,0.03204421035193106,0.30366647243499756,0.4000000059604645,0.08212976902723312,0.10000000149011612,0.06795187294483185,0.10000000149011612,0.2640857398509979,0.4000000059604645,frozen_mlp_surrogate_adjoint,900,900,900,700,60.474886417388916,60.474886417388916,0.06719431824154325
860,223.91372680664062,165.68333435058594,147.10189819335938,87.31996154785156,0.9994008541107178,0.5496914386749268,0.46598532795906067,0.7651844024658203,0.7176716923713684,T040_010_010_040,0.004432528279721737,0.000447064230684191,0.07970927655696869,0.000447064230684191,0.05,827,51610,0.041061571173865705,0.30375733971595764,0.4000000059604645,0.08186250925064087,0.10000000149011612,0.06791265308856964,0.10000000149011612,0.26413917541503906,0.4000000059604645,frozen_mlp_surrogate_adjoint,900,900,900,700,60.474886417388916,60.474886417388916,0.06719431824154325
861,223.87953186035156,165.67037963867188,147.09857177734375,87.33563232421875,0.9991633892059326,0.5494515895843506,0.4659622311592102,0.7654746174812317,0.717495322227478,T040_010_010_040,0.004434381611645222,0.0004439369076862931,0.07980889081954956,0.0004439369076862931,0.05,418,51426,0.018759759357902864,0.3034651279449463,0.4000000059604645,0.08188863098621368,0.10000000149011612,0.06809660792350769,0.10000000149011612,0.26404500007629395,0.4000000059604645,frozen_mlp_surrogate_adjoint,900,900,900,700,60.474886417388916,60.474886417388916,0.06719431824154325
862,223.85728454589844,165.65838623046875,147.1004638671875,87.32354736328125,0.9990088939666748,0.5492293238639832,0.4659753739833832,0.7652509212493896,0.7173585891723633,T040_010_010_040,0.0044351667165756226,0.000440858188085258,0.07988616824150085,0.000440858188085258,0.05,143,50865,0.008063105893268575,0.3031773865222931,0.4000000059604645,0.08210860937833786,0.10000000149011612,0.06798174977302551,0.10000000149011612,0.2640908658504486,0.4000000059604645,frozen_mlp_surrogate_adjoint,900,900,900,700,60.474886417388916,60.474886417388916,0.06719431824154325
863,223.84303283691406,165.65444946289062,147.09417724609375,87.32988739013672,0.9989099502563477,0.5491564869880676,0.46593180298805237,0.7653682827949524,0.717302680015564,T040_010_010_040,0.004435833543539047,0.0004399447934702039,0.079917773604393,0.0004399447934702039,0.05,81,51647,0.0060720797442539165,0.303100049495697,0.4000000059604645,0.08209200948476791,0.10000000149011612,0.06805461645126343,0.10000000149011612,0.264055997133255,0.4000000059604645,frozen_mlp_surrogate_adjoint,900,900,900,700,60.474886417388916,60.474886417388916,0.06719431824154325
864,223.8194122314453,165.70071411132812,147.04574584960938,87.34387969970703,0.9987459182739258,0.5500132441520691,0.4655954837799072,0.765627384185791,0.7175594568252563,T040_010_010_040,0.0044372244738042355,0.0004485915997065604,0.07977265864610672,0.0004485915997065604,0.05,435,50557,0.0195265380376759,0.30439460277557373,0.4000000059604645,0.08092493563890457,0.10000000149011612,0.06812726706266403,0.10000000149011612,0.2641126215457916,0.4000000059604645,frozen_mlp_surrogate_adjoint,900,900,900,700,60.474886417388916,60.474886417388916,0.06719431824154325
865,223.7395477294922,165.65553283691406,147.0819854736328,87.33795166015625,0.9981912970542908,0.5491764545440674,0.4658471345901489,0.7655177116394043,0.7170103192329407,T040_010_010_040,0.004440042655915022,0.0004358846344985068,0.08008316159248352,0.0004358846344985068,0.05,867,50504,0.04325755724008096,0.30327528715133667,0.4000000059604645,0.08151726424694061,0.10000000149011612,0.06812781095504761,0.10000000149011612,0.2640899419784546,0.4000000059604645,frozen_mlp_surrogate_adjoint,900,900,900,700,60.474886417388916,60.474886417388916,0.06719431824154325
866,223.723876953125,165.65357971191406,147.09678649902344,87.32383728027344,0.9980825185775757,0.549140453338623,0.4659498929977417,0.7652562260627747,0.7169321179389954,T040_010_010_040,0.004440436139702797,0.0004340645973570645,0.08012742549180984,0.0004340645973570645,0.05,336,51050,0.014723042495874894,0.3032286763191223,0.4000000059604645,0.0815502181649208,0.10000000149011612,0.06797832995653152,0.10000000149011612,0.2641749083995819,0.4000000059604645,frozen_mlp_surrogate_adjoint,900,900,900,700,60.474886417388916,60.474886417388916,0.06719431824154325
867,223.69393920898438,165.64767456054688,147.09463500976562,87.32514953613281,0.9978746175765991,0.5490310192108154,0.4659349024295807,0.7652804851531982,0.7168101072311401,T040_010_010_040,0.004441733937710524,0.00043190832366235554,0.08019651472568512,0.00043190832366235554,0.05,553,50222,0.02509837255050296,0.30311471223831177,0.4000000059604645,0.08152500540018082,0.10000000149011612,0.06799766421318054,0.10000000149011612,0.2641727328300476,0.4000000059604645,frozen_mlp_surrogate_adjoint,900,900,900,700,60.474886417388916,60.474886417388916,0.06719431824154325
868,223.61756896972656,165.63372802734375,147.119140625,87.35743713378906,0.9973441958427429,0.5487728714942932,0.4661051332950592,0.7658785581588745,0.7164567708969116,T040_010_010_040,0.004446037579327822,0.00042619931627996266,0.08039676398038864,0.00042619931627996266,0.05,440,51081,0.019776978839567978,0.30282098054885864,0.4000000059604645,0.08124189078807831,0.10000000149011612,0.06836201250553131,0.10000000149011612,0.26403191685676575,0.4000000059604645,frozen_mlp_surrogate_adjoint,900,900,900,700,60.474886417388916,60.474886417388916,0.06719431824154325
869,223.5305938720703,165.62547302246094,147.1114501953125,87.36221313476562,0.9967402815818787,0.5486198663711548,0.46605178713798523,0.7659669518470764,0.7161561846733093,T040_010_010_040,0.004449854139238596,0.000421488395659253,0.08056731522083282,0.000421488395659253,0.05,725,51233,0.03504412213839385,0.3027253746986389,0.4000000059604645,0.08096864074468613,0.10000000149011612,0.0684160366654396,0.10000000149011612,0.2640461325645447,0.4000000059604645,frozen_mlp_surrogate_adjoint,900,900,900,700,60.474886417388916,60.474886417388916,0.06719431824154325
870,223.5252685546875,165.60684204101562,146.96807861328125,87.38653564453125,0.9967032074928284,0.5482746958732605,0.4650561213493347,0.7664172649383545,0.716239333152771,T040_010_010_040,0.004450083244591951,0.0004240774142090231,0.08052011579275131,0.0004240774142090231,0.05,483,51531,0.021693831482666952,0.3023985028266907,0.4000000059604645,0.08133678138256073,0.10000000149011612,0.06868744641542435,0.10000000149011612,0.26381656527519226,0.4000000059604645,frozen_mlp_surrogate_adjoint,900,900,900,700,60.474886417388916,60.474886417388916,0.06719431824154325
871,223.39251708984375,165.59286499023438,146.99383544921875,87.38636016845703,0.995781421661377,0.5480160117149353,0.4652349054813385,0.7664141058921814,0.7157195806503296,T040_010_010_040,0.004455902148038149,0.0004151343018747866,0.08081535995006561,0.0004151343018747866,0.05,571,51168,0.02605746221416998,0.3021766245365143,0.4000000059604645,0.08095914125442505,0.10000000149011612,0.06869633495807648,0.10000000149011612,0.263887494802475,0.4000000059604645,frozen_mlp_surrogate_adjoint,900,900,900,700,60.474886417388916,60.474886417388916,0.06719431824154325
872,223.2366180419922,165.57684326171875,147.04824829101562,87.36184692382812,0.9946987628936768,0.547719419002533,0.4656127691268921,0.765960156917572,0.7150824069976807,T040_010_010_040,0.004462237935513258,0.000403336132876575,0.08117803186178207,0.000403336132876575,0.05,505,50051,0.022632689379443974,0.30190134048461914,0.4000000059604645,0.08062488585710526,0.10000000149011612,0.06844785809516907,0.10000000149011612,0.2641083598136902,0.4000000059604645,frozen_mlp_surrogate_adjoint,900,900,900,700,60.474886417388916,60.474886417388916,0.06719431824154325
873,188.45753479003906,164.43373107910156,146.13882446289062,85.16278076171875,0.7531773447990417,0.5265505909919739,0.4592973291873932,0.7252367734909058,0.7484846711158752,T040_010_010_040,0.004465501755475998,0.0013025038642808795,0.06325995922088623,0.0013025038642808795,0.05,322,51071,0.01402603909402815,0.3173574209213257,0.4000000059604645,0.09337549656629562,0.10000000149011612,0.028433315455913544,0.10000000149011612,0.3093184232711792,0.4000000059604645,frozen_mlp_surrogate_adjoint,900,900,900,700,60.474886417388916,60.474886417388916,0.06719431824154325
874,188.43063354492188,164.429931640625,146.09979248046875,85.18246459960938,0.7529905438423157,0.5264801383018494,0.4590262770652771,0.7256011366844177,0.748531699180603,T040_010_010_040,0.004465547855943441,0.0013037326280027628,0.063236303627491,0.0013037326280027628,0.05,285,51089,0.012749850948886041,0.3173372447490692,0.4000000059604645,0.09343269467353821,0.10000000149011612,0.028412815183401108,0.10000000149011612,0.3093489408493042,0.4000000059604645,frozen_mlp_surrogate_adjoint,900,900,900,700,60.474886417388916,60.474886417388916,0.06719431824154325
875,188.48989868164062,184.17764282226562,162.40286254882812,79.42626953125,0.7534021139144897,0.8921786546707153,0.5722420811653137,0.6190049052238464,0.7115641832351685,T040_010_010_040,0.004501137882471085,0.00034137681359425187,0.08319521695375443,0.00034137681359425187,0.05,381,51749,0.017090593560394995,0.28885847330093384,0.4000000059604645,0.04865201935172081,0.10000000149011612,0.0800696313381195,0.10000000149011612,0.2939840257167816,0.4000000059604645,frozen_mlp_surrogate_adjoint,900,900,900,700,60.474886417388916,60.474886417388916,0.06719431824154325
876,188.4873046875,184.17599487304688,162.39736938476562,79.42841339111328,0.7533841133117676,0.8921480178833008,0.5722039341926575,0.6190447211265564,0.7115498781204224,T040_010_010_040,0.0045011406764388084,0.0003409668570384383,0.08320347219705582,0.0003409668570384383,0.05,696,50647,0.033484448764002944,0.2888418138027191,0.4000000059604645,0.04866614192724228,0.10000000149011612,0.0800471305847168,0.10000000149011612,0.29399481415748596,0.4000000059604645,frozen_mlp_surrogate_adjoint,900,900,900,700,60.474886417388916,60.474886417388916,0.06719431824154325
877,152.60348510742188,146.79656982421875,223.95230102539062,69.57263946533203,0.5041909217834473,0.19993636012077332,0.9996687173843384,0.43653038144111633,0.7195379734039307,T040_010_010_040,0.004582815803587437,0.0006498683942481875,0.07865894585847855,0.0006498683942481875,0.05,162,50534,0.00856173270637248,0.25850602984428406,0.4000000059604645,0.07479194551706314,0.10000000149011612,0.07717689871788025,0.10000000149011612,0.3090631365776062,0.4000000059604645,frozen_mlp_surrogate_adjoint,900,900,900,700,60.474886417388916,60.474886417388916,0.06719431824154325
878,152.63845825195312,146.7985382080078,223.9352264404297,69.56016540527344,0.5044337511062622,0.19997304677963257,0.9995501637458801,0.4362993538379669,0.7196178436279297,T040_010_010_040,0.0045830439776182175,0.0006523358169943094,0.07861415296792984,0.0006523358169943094,0.05,297,50584,0.013110895767525981,0.2585633397102356,0.4000000059604645,0.074736088514328,0.10000000149011612,0.07701181620359421,0.10000000149011612,0.3093065619468689,0.4000000059604645,frozen_mlp_surrogate_adjoint,900,900,900,700,60.474886417388916,60.474886417388916,0.06719431824154325
879,152.63197326660156,146.80433654785156,223.84115600585938,69.55876159667969,0.504388689994812,0.2000802755355835,0.9988969564437866,0.43627333641052246,0.7195316553115845,T040_010_010_040,0.004584554582834244,0.0006514296401292086,0.07866249233484268,0.0006514296401292086,0.05,694,50610,0.03337396999558957,0.25859636068344116,0.4000000059604645,0.07465387880802155,0.10000000149011612,0.07694590836763382,0.10000000149011612,0.30933552980422974,0.4000000059604645,frozen_mlp_surrogate_adjoint,900,900,900,700,60.474886417388916,60.474886417388916,0.06719431824154325
880,152.63446044921875,146.8011932373047,223.8092041015625,69.5702133178711,0.5044059157371521,0.20002210140228271,0.9986750483512878,0.4364854693412781,0.7193495035171509,T040_010_010_040,0.004584630485624075,0.0006463957251980901,0.07876469939947128,0.0006463957251980901,0.05,543,50496,0.024289736595934884,0.25856608152389526,0.4000000059604645,0.07471336424350739,0.10000000149011612,0.07704675942659378,0.10000000149011612,0.30902332067489624,0.4000000059604645,frozen_mlp_surrogate_adjoint,900,900,900,700,60.474886417388916,60.474886417388916,0.06719431824154325
881,152.56349182128906,146.79629516601562,223.75328063964844,69.58351135253906,0.503913164138794,0.1999315321445465,0.9982866644859314,0.43673175573349,0.7192515730857849,T040_010_010_040,0.004585232585668564,0.0006442485610023141,0.07881967723369598,0.0006442485610023141,0.05,451,51376,0.02005531677796547,0.25850462913513184,0.4000000059604645,0.07482242584228516,0.10000000149011612,0.07712072879076004,0.10000000149011612,0.3088037967681885,0.4000000059604645,frozen_mlp_surrogate_adjoint,900,900,900,700,60.474886417388916,60.474886417388916,0.06719431824154325
882,186.07687377929688,175.12246704101562,143.8522186279297,85.78324890136719,0.7366449236869812,0.7244901657104492,0.4434181749820709,0.7367267608642578,0.7394508123397827,T040_010_010_040,0.004586403723806143,0.001192110008560121,0.0678858757019043,0.001192110008560121,0.05,271,51534,0.012134814583446753,0.32108092308044434,0.4000000059604645,0.08669956773519516,0.10000000149011612,0.03167499974370003,0.10000000149011612,0.2999953329563141,0.4000000059604645,frozen_mlp_surrogate_adjoint,900,900,900,700,60.474886417388916,60.474886417388916,0.06719431824154325
883,186.0460205078125,175.11587524414062,143.84152221679688,85.77267456054688,0.7364306449890137,0.7243680357933044,0.4433439373970032,0.7365310192108154,0.7392410039901733,T040_010_010_040,0.004586419556289911,0.0011866566492244601,0.06799525767564774,0.0011866566492244601,0.05,676,50334,0.03233348880708322,0.3208000659942627,0.4000000059604645,0.08682900667190552,0.10000000149011612,0.03173719719052315,0.10000000149011612,0.2998747229576111,0.4000000059604645,frozen_mlp_surrogate_adjoint,900,900,900,700,60.474886417388916,60.474886417388916,0.06719431824154325
884,186.05419921875,175.11685180664062,143.84144592285156,85.77391815185547,0.7364875674247742,0.7243860960006714,0.4433434009552002,0.7365540266036987,0.7393070459365845,T040_010_010_040,0.004586425144225359,0.0011883844854310155,0.06796081364154816,0.0011883844854310155,0.05,572,50110,0.026075393573783256,0.320909321308136,0.4000000059604645,0.08679015934467316,0.10000000149011612,0.03172700107097626,0.10000000149011612,0.2998805344104767,0.4000000059604645,frozen_mlp_surrogate_adjoint,900,900,900,700,60.474886417388916,60.474886417388916,0.06719431824154325
885,152.4005126953125,146.78582763671875,223.61697387695312,69.60551452636719,0.502781331539154,0.19973759353160858,0.9973401427268982,0.43713921308517456,0.719124972820282,T040_010_010_040,0.004586917348206043,0.0006423784652724862,0.07889077812433243,0.0006423784652724862,0.05,375,50186,0.01677774252820523,0.2583922743797302,0.4000000059604645,0.0750482827425003,0.10000000149011612,0.07717044651508331,0.10000000149011612,0.3085139989852905,0.4000000059604645,frozen_mlp_surrogate_adjoint,900,900,900,700,60.474886417388916,60.474886417388916,0.06719431824154325
886,163.54824829101562,149.1155242919922,217.3734588623047,70.17667388916016,0.5801962018013,0.24288015067577362,0.9539823532104492,0.44771620631217957,0.7052181959152222,T040_010_010_040,0.004605662077665329,0.0002608464565128088,0.08689631521701813,0.0002608464565128088,0.05,372,51589,0.01662971523625743,0.270793080329895,0.4000000059604645,0.05966111272573471,0.10000000149011612,0.07785912603139877,0.10000000149011612,0.2969048321247101,0.4000000059604645,frozen_mlp_surrogate_adjoint,900,900,900,700,60.474886417388916,60.474886417388916,0.06719431824154325
887,163.54843139648438,149.11578369140625,217.37351989746094,70.17699432373047,0.5801975131034851,0.2428848147392273,0.9539827704429626,0.4477221369743347,0.7052164077758789,T040_010_010_040,0.004605673253536224,0.00026080472161993384,0.0868973657488823,0.00026080472161993384,0.05,741,50425,0.03623302221701564,0.2707948684692383,0.4000000059604645,0.05965844914317131,0.10000000149011612,0.07786465436220169,0.10000000149011612,0.2968984842300415,0.4000000059604645,frozen_mlp_surrogate_adjoint,900,900,900,700,60.474886417388916,60.474886417388916,0.06719431824154325
888,186.28831481933594,174.72019958496094,145.36495971679688,85.13543701171875,0.738113284111023,0.7170408368110657,0.4539233148097992,0.7247303128242493,0.7322481870651245,T040_010_010_040,0.004620131105184555,0.0010355791309848428,0.07169103622436523,0.0010355791309848428,0.05,315,51402,0.013787436231925415,0.31696605682373047,0.4000000059604645,0.08520146459341049,0.10000000149011612,0.0346015989780426,0.10000000149011612,0.29547905921936035,0.4000000059604645,frozen_mlp_surrogate_adjoint,900,900,900,700,60.474886417388916,60.474886417388916,0.06719431824154325
889,185.5843505859375,168.8618927001953,146.45736694335938,84.58479309082031,0.7332246899604797,0.6085536479949951,0.46150943636894226,0.714533269405365,0.7335336208343506,T040_010_010_040,0.004636602010577917,0.0010863853385671973,0.07100433111190796,0.0010863853385671973,0.05,581,50294,0.026456223365958806,0.31136554479599,0.4000000059604645,0.08945102989673615,0.10000000149011612,0.032068364322185516,0.10000000149011612,0.3006487190723419,0.4000000059604645,frozen_mlp_surrogate_adjoint,900,900,900,700,60.474886417388916,60.474886417388916,0.06719431824154325
890,168.43307495117188,156.72633361816406,172.78689575195312,89.25169372558594,0.6141185164451599,0.3838210105895996,0.6443535089492798,0.8009572625160217,0.7402145862579346,T040_010_010_040,0.004713521338999271,0.0013390982057899237,0.06748846173286438,0.0013390982057899237,0.05,767,50195,0.03767970664847549,0.30458635091781616,0.4000000059604645,0.0546376034617424,0.10000000149011612,0.04462314024567604,0.10000000149011612,0.3363674581050873,0.4000000059604645,frozen_mlp_surrogate_adjoint,900,900,900,700,60.474886417388916,60.474886417388916,0.06719431824154325
891,168.40740966796875,156.72694396972656,172.75558471679688,89.27131652832031,0.6139402985572815,0.3838323652744293,0.6441360116004944,0.8013206124305725,0.7402838468551636,T040_010_010_040,0.0047135381028056145,0.0013409137027338147,0.06745248287916183,0.0013409137027338147,0.05,817,50128,0.0402198176607924,0.3047027587890625,0.4000000059604645,0.05461590737104416,0.10000000149011612,0.04458172619342804,0.10000000149011612,0.3363834619522095,0.4000000059604645,frozen_mlp_surrogate_adjoint,900,900,900,700,60.474886417388916,60.474886417388916,0.06719431824154325
892,184.6126708984375,180.3600616455078,147.68655395507812,82.26838684082031,0.7264769077301025,0.8214826583862305,0.4700455665588379,0.671636700630188,0.7147150039672852,T040_010_010_040,0.004745491314679384,0.0006761151016689837,0.08138752728700638,0.0006761151016689837,0.05,661,50581,0.03151013778547198,0.3096587359905243,0.4000000059604645,0.07158365845680237,0.10000000149011612,0.04323355853557587,0.10000000149011612,0.29023903608322144,0.4000000059604645,frozen_mlp_surrogate_adjoint,900,900,900,700,60.474886417388916,60.474886417388916,0.06719431824154325
893,156.69891357421875,155.04904174804688,143.87832641601562,90.51634216308594,0.5326313972473145,0.35275998711586,0.4435994625091553,0.8243767619132996,0.7675392627716064,T040_010_010_040,0.005020781420171261,0.0023188814520835876,0.054037995636463165,0.0023188814520835876,0.05,51,50241,0.005134542608858212,0.3214322626590729,0.4000000059604645,0.054873302578926086,0.10000000149011612,0.03175242990255356,0.10000000149011612,0.35948124527931213,0.4000000059604645,frozen_mlp_surrogate_adjoint,900,900,900,700,60.474886417388916,60.474886417388916,0.06719431824154325
894,128.924072265625,152.2433319091797,126.39430236816406,84.96038818359375,0.3397504687309265,0.3008023202419281,0.32218262553215027,0.7214885950088501,0.7526996731758118,T040_010_010_040,0.006030632182955742,0.0029727595392614603,0.06115745007991791,0.0029727595392614603,0.05,732,50638,0.0357014488209926,0.3459814786911011,0.4000000059604645,0.033860981464385986,0.10000000149011612,0.03479387238621712,0.10000000149011612,0.3380633294582367,0.4000000059604645,frozen_mlp_surrogate_adjoint,900,900,900,700,60.474886417388916,60.474886417388916,0.06719431824154325
895,128.63623046875,152.23834228515625,126.08706665039062,85.01307678222656,0.3377515971660614,0.3007100522518158,0.32004910707473755,0.7224644422531128,0.7526715397834778,T040_010_010_040,0.0060309236869215965,0.0029723551124334335,0.06117136776447296,0.0029723551124334335,0.05,629,24,0.02918595158576788,0.3458840250968933,0.4000000059604645,0.033847302198410034,0.10000000149011612,0.03480251133441925,0.10000000149011612,0.338137686252594,0.4000000059604645,frozen_mlp_surrogate_adjoint,900,900,900,700,60.474886417388916,60.474886417388916,0.06719431824154325
896,223.92996215820312,164.76490783691406,89.82581329345703,90.7712631225586,0.9995136260986328,0.5326835513114929,0.06823480874300003,0.8290974497795105,0.7041130065917969,T040_010_010_040,0.008653538301587105,0.00427608285099268,0.0875491127371788,0.00427608285099268,0.05,425,51030,0.019095851974676573,0.306277334690094,0.4000000059604645,0.07196813076734543,0.10000000149011612,0.11866744607686996,0.10000000149011612,0.2072000503540039,0.4000000059604645,frozen_mlp_surrogate_adjoint,900,900,900,700,60.474886417388916,60.474886417388916,0.06719431824154325
897,223.92015075683594,164.78765869140625,89.83230590820312,90.75679016113281,0.9994454979896545,0.533104658126831,0.06827989220619202,0.8288294672966003,0.7040767669677734,T040_010_010_040,0.00865563377737999,0.004277105443179607,0.08757056295871735,0.004277105443179607,0.05,371,50369,0.016488165267300105,0.307156503200531,0.4000000059604645,0.07157938182353973,0.10000000149011612,0.11818069219589233,0.10000000149011612,0.20716020464897156,0.4000000059604645,frozen_mlp_surrogate_adjoint,900,900,900,700,60.474886417388916,60.474886417388916,0.06719431824154325
898,223.8621063232422,164.74261474609375,89.85897827148438,90.78056335449219,0.9990424513816833,0.532270610332489,0.06846515089273453,0.8292697072029114,0.7037377953529358,T040_010_010_040,0.008663702756166458,0.004275138024240732,0.08777129650115967,0.004275138024240732,0.05,542,50479,0.024285221769116183,0.30580687522888184,0.4000000059604645,0.07203859090805054,0.10000000149011612,0.11877673864364624,0.10000000149011612,0.20711559057235718,0.4000000059604645,frozen_mlp_surrogate_adjoint,900,900,900,700,60.474886417388916,60.474886417388916,0.06719431824154325
899,80.21236419677734,147.11923217773438,110.68708801269531,46.142417907714844,0.0014747537206858397,0.2059115618467331,0.21310479938983917,0.002637348370626569,0.680268406867981,T040_010_010_040,0.024724185466766357,0.019612770527601242,0.10222829133272171,0.019612770527601242,0.05,546,50826,0.024354657517118655,0.2942439913749695,0.4000000059604645,0.04296063631772995,0.10000000149011612,0.202122300863266,0.10000000149011612,0.14094150066375732,0.4000000059604645,frozen_mlp_surrogate_adjoint,900,900,900,700,60.474886417388916,60.474886417388916,0.06719431824154325
