rank_parameterization,x_upper_px,y_upper_px,x_lower_px,y_lower_px,x_upper_norm,y_upper_norm,x_lower_norm,y_lower_norm,T_total_pred,target_name,loss_pred,target_mse_loss_pred,total_power_loss_pred,ratio_mse_diagnostic_pred,total_power_weight,initial_train_rank,initial_train_sample,initial_train_loss_fdfd,T_1_pred,target_1,T_2_pred,target_2,T_3_pred,target_3,T_4_pred,target_4,search_strategy,candidate_count,inverse_candidate_count,batch_size,batch_count,mlp_inference_time_sec,mlp_screening_time_sec,average_inference_time_per_candidate_sec
0,118.63787841796875,136.00387573242188,171.74411010742188,82.95761108398438,0.26831862330436707,7.180622196756303e-05,0.6371118426322937,0.6844002604484558,0.8394306302070618,T015_035_015_035,0.002624622080475092,0.0013354959664866328,0.025782521814107895,0.0013354959664866328,0.05,15,51177,0.008255750148109697,0.1722492277622223,0.15000000596046448,0.2964871823787689,0.3499999940395355,0.08711163699626923,0.15000000596046448,0.28358256816864014,0.3499999940395355,frozen_mlp_surrogate_adjoint,900,900,900,700,58.80854249000549,58.80854249000549,0.06534282498889499
1,118.68061065673828,136.01234436035156,171.82009887695312,82.97453308105469,0.26861536502838135,0.00022872073168400675,0.6376395225524902,0.6847136616706848,0.8391251564025879,T015_035_015_035,0.0026277871802449226,0.0013337514828890562,0.025880714878439903,0.0013337514828890562,0.05,31,51084,0.010642381505004087,0.17217661440372467,0.15000000596046448,0.29645776748657227,0.3499999940395355,0.08718249201774597,0.15000000596046448,0.2833082675933838,0.3499999940395355,frozen_mlp_surrogate_adjoint,900,900,900,700,58.80854249000549,58.80854249000549,0.06534282498889499
2,118.63314819335938,136.01242065429688,171.611328125,82.9580307006836,0.2682857811450958,0.00023006451374385506,0.6361897587776184,0.6844080090522766,0.8396595120429993,T015_035_015_035,0.002627952490001917,0.0013424988137558103,0.02570907212793827,0.0013424988137558103,0.05,0,50030,0.0042714390618859765,0.1726268231868744,0.15000000596046448,0.295711487531662,0.3499999940395355,0.08707821369171143,0.15000000596046448,0.28424298763275146,0.3499999940395355,frozen_mlp_surrogate_adjoint,900,900,900,700,58.80854249000549,58.80854249000549,0.06534282498889499
3,118.70652770996094,136.01722717285156,171.81451416015625,82.96865844726562,0.26879534125328064,0.0003189097624272108,0.6376007199287415,0.6846047639846802,0.8391505479812622,T015_035_015_035,0.0026298556476831436,0.001336228335276246,0.025872545316815376,0.001336228335276246,0.05,77,51166,0.01611276680506447,0.17227678000926971,0.15000000596046448,0.2962442636489868,0.3499999940395355,0.08715023845434189,0.15000000596046448,0.2834793031215668,0.3499999940395355,frozen_mlp_surrogate_adjoint,900,900,900,700,58.80854249000549,58.80854249000549,0.06534282498889499
4,118.72314453125,136.01889038085938,171.87991333007812,82.98602294921875,0.2689107060432434,0.00034978470648638904,0.6380550265312195,0.6849262714385986,0.838891863822937,T015_035_015_035,0.0026302943006157875,0.0013325028121471405,0.02595583163201809,0.0013325028121471405,0.05,11,50005,0.007395922220692459,0.17211823165416718,0.15000000596046448,0.2964323163032532,0.3499999940395355,0.08722615242004395,0.15000000596046448,0.2831151485443115,0.3499999940395355,frozen_mlp_surrogate_adjoint,900,900,900,700,58.80854249000549,58.80854249000549,0.06534282498889499
5,118.78472900390625,136.01913452148438,171.80068969726562,82.97941589355469,0.26933836936950684,0.0003542039485182613,0.6375047564506531,0.6848040223121643,0.8390265703201294,T015_035_015_035,0.0026306305080652237,0.0013350083027034998,0.025912445038557053,0.0013350083027034998,0.05,3,50426,0.0049296312274150975,0.1722446084022522,0.15000000596046448,0.296081006526947,0.3499999940395355,0.0871313288807869,0.15000000596046448,0.2835696339607239,0.3499999940395355,frozen_mlp_surrogate_adjoint,900,900,900,700,58.80854249000549,58.80854249000549,0.06534282498889499
6,118.75065612792969,136.02037048339844,171.85299682617188,82.9733657836914,0.2691017687320709,0.0003772886993829161,0.6378680467605591,0.6846919655799866,0.8390053510665894,T015_035_015_035,0.0026312011759728193,0.0013352372916415334,0.025919277220964432,0.0013352372916415334,0.05,60,51066,0.014795490112993137,0.17222078144550323,0.15000000596046448,0.2962466776371002,0.3499999940395355,0.0871562734246254,0.15000000596046448,0.28338155150413513,0.3499999940395355,frozen_mlp_surrogate_adjoint,900,900,900,700,58.80854249000549,58.80854249000549,0.06534282498889499
7,118.7527847290039,136.0233612060547,171.81353759765625,82.98164367675781,0.2691165506839752,0.0004325883637648076,0.6375940442085266,0.6848453283309937,0.8390134572982788,T015_035_015_035,0.0026320316828787327,0.0013361984165385365,0.02591666765511036,0.0013361984165385365,0.05,295,51643,0.02933122494078496,0.17230726778507233,0.15000000596046448,0.2960120439529419,0.3499999940395355,0.08717246353626251,0.15000000596046448,0.2835216820240021,0.3499999940395355,frozen_mlp_surrogate_adjoint,900,900,900,700,58.80854249000549,58.80854249000549,0.06534282498889499
8,118.77295684814453,136.02679443359375,171.86985778808594,82.9853515625,0.2692566514015198,0.0004962863749824464,0.637985110282898,0.6849138736724854,0.8388655185699463,T015_035_015_035,0.002633399097248912,0.001335183042101562,0.025964321568608284,0.001335183042101562,0.05,409,51679,0.03477966453647633,0.17224420607089996,0.15000000596046448,0.2960878312587738,0.3499999940395355,0.08719906210899353,0.15000000596046448,0.2833344042301178,0.3499999940395355,frozen_mlp_surrogate_adjoint,900,900,900,700,58.80854249000549,58.80854249000549,0.06534282498889499
9,118.79380798339844,136.03114318847656,171.81893920898438,82.97752380371094,0.2694014608860016,0.0005766785470768809,0.6376314759254456,0.6847689747810364,0.8389854431152344,T015_035_015_035,0.002635480836033821,0.001339196227490902,0.025925688445568085,0.001339196227490902,0.05,7,50127,0.006703517272145855,0.17242439091205597,0.15000000596046448,0.2957208752632141,0.3499999940395355,0.08714447915554047,0.15000000596046448,0.28369566798210144,0.3499999940395355,frozen_mlp_surrogate_adjoint,900,900,900,700,58.80854249000549,58.80854249000549,0.06534282498889499
10,118.79074096679688,136.03543090820312,171.936279296875,82.99742889404297,0.269380122423172,0.0006562574417330325,0.6384463310241699,0.6851375699043274,0.8386307954788208,T015_035_015_035,0.002636808203533292,0.0013348072534427047,0.02604001946747303,0.0013348072534427047,0.05,25,51616,0.010165618116867527,0.17222468554973602,0.15000000596046448,0.2960318922996521,0.3499999940395355,0.08726324141025543,0.15000000596046448,0.28311094641685486,0.3499999940395355,frozen_mlp_surrogate_adjoint,900,900,900,700,58.80854249000549,58.80854249000549,0.06534282498889499
11,118.89390563964844,136.03765869140625,171.96078491210938,82.99383544921875,0.2700965404510498,0.0006973170093260705,0.6386165022850037,0.6850711107254028,0.8385207653045654,T015_035_015_035,0.002638093661516905,0.0013343165628612041,0.026075543835759163,0.0013343165628612041,0.05,340,50835,0.03183939837692821,0.17217116057872772,0.15000000596046448,0.2959573566913605,0.3499999940395355,0.08719774335622787,0.15000000596046448,0.28319451212882996,0.3499999940395355,frozen_mlp_surrogate_adjoint,900,900,900,700,58.80854249000549,58.80854249000549,0.06534282498889499
12,118.88595581054688,136.0426788330078,172.0379638671875,83.01057434082031,0.2700413465499878,0.0007904476369731128,0.639152467250824,0.6853810548782349,0.8382629156112671,T015_035_015_035,0.0026400720234960318,0.001332127838395536,0.026158884167671204,0.001332127838395536,0.05,91,51094,0.017231933308886706,0.17206710577011108,0.15000000596046448,0.29610520601272583,0.3499999940395355,0.0872880145907402,0.15000000596046448,0.282802551984787,0.3499999940395355,frozen_mlp_surrogate_adjoint,900,900,900,700,58.80854249000549,58.80854249000549,0.06534282498889499
13,118.90877532958984,136.05503845214844,172.0499267578125,83.0119400024414,0.27019983530044556,0.0010191240580752492,0.6392355561256409,0.6854062676429749,0.838201105594635,T015_035_015_035,0.0026446757838129997,0.0013357315910980105,0.026178881525993347,0.0013357315910980105,0.05,779,50456,0.05038702103830907,0.17224259674549103,0.15000000596046448,0.2957025468349457,0.3499999940395355,0.08730614930391312,0.15000000596046448,0.2829498052597046,0.3499999940395355,frozen_mlp_surrogate_adjoint,900,900,900,700,58.80854249000549,58.80854249000549,0.06534282498889499
14,118.95331573486328,136.05604553222656,172.02963256835938,83.00517272949219,0.27050912380218506,0.0010378165170550346,0.6390946507453918,0.6852809190750122,0.8382440805435181,T015_035_015_035,0.0026453365571796894,0.0013370875967666507,0.026164976879954338,0.0013370875967666507,0.05,45,50488,0.01306866044201173,0.1722937822341919,0.15000000596046448,0.2955426871776581,0.3499999940395355,0.08725026994943619,0.15000000596046448,0.2831573486328125,0.3499999940395355,frozen_mlp_surrogate_adjoint,900,900,900,700,58.80854249000549,58.80854249000549,0.06534282498889499
15,119.07835388183594,136.0690155029297,172.16195678710938,83.02059173583984,0.27137747406959534,0.0012781424447894096,0.640013575553894,0.6855664849281311,0.837772011756897,T015_035_015_035,0.002650727517902851,0.0013348314678296447,0.02631792053580284,0.0013348314678296447,0.05,301,50750,0.029482489176129063,0.17215768992900848,0.15000000596046448,0.29549849033355713,0.3499999940395355,0.08728931844234467,0.15000000596046448,0.2828264832496643,0.3499999940395355,frozen_mlp_surrogate_adjoint,900,900,900,700,58.80854249000549,58.80854249000549,0.06534282498889499
16,118.95904541015625,136.07098388671875,171.9806671142578,83.00518798828125,0.27054890990257263,0.0013144222320988774,0.6387546062469482,0.6852812170982361,0.838308572769165,T015_035_015_035,0.0026515841018408537,0.0013443782227113843,0.0261441171169281,0.0013443782227113843,0.05,4,50645,0.00593138988628288,0.17263439297676086,0.15000000596046448,0.2948426604270935,0.3499999940395355,0.08724943548440933,0.15000000596046448,0.2835821211338043,0.3499999940395355,frozen_mlp_surrogate_adjoint,900,900,900,700,58.80854249000549,58.80854249000549,0.06534282498889499
17,119.11112213134766,136.0740203857422,172.14804077148438,83.02547454833984,0.2716050148010254,0.0013708508340641856,0.6399169564247131,0.6856569051742554,0.8377213478088379,T015_035_015_035,0.0026530525647103786,0.0013363343896344304,0.026334360241889954,0.0013363343896344304,0.05,100,50348,0.017905622741415914,0.17222997546195984,0.15000000596046448,0.2952589690685272,0.3499999940395355,0.08727776259183884,0.15000000596046448,0.2829546332359314,0.3499999940395355,frozen_mlp_surrogate_adjoint,900,900,900,700,58.80854249000549,58.80854249000549,0.06534282498889499
18,119.26217651367188,136.1007843017578,172.39239501953125,83.0322265625,0.2726540267467499,0.0018662855727598071,0.6416139006614685,0.6857820153236389,0.8370736837387085,T015_035_015_035,0.0026642323937267065,0.001336983172222972,0.026544984430074692,0.001336983172222972,0.05,401,51224,0.034553132085185165,0.17215949296951294,0.15000000596046448,0.29510748386383057,0.3499999940395355,0.08733988553285599,0.15000000596046448,0.2824667990207672,0.3499999940395355,frozen_mlp_surrogate_adjoint,900,900,900,700,58.80854249000549,58.80854249000549,0.06534282498889499
19,119.13491821289062,136.10621643066406,172.27859497070312,83.0484619140625,0.27177029848098755,0.001966911368072033,0.6408235430717468,0.6860825419425964,0.837265133857727,T015_035_015_035,0.0026659280993044376,0.0013417962472885847,0.026482636108994484,0.0013417962472885847,0.05,144,50052,0.020437326282706024,0.17246438562870026,0.15000000596046448,0.294646292924881,0.3499999940395355,0.087429478764534,0.15000000596046448,0.2827250063419342,0.3499999940395355,frozen_mlp_surrogate_adjoint,900,900,900,700,58.80854249000549,58.80854249000549,0.06534282498889499
20,119.30453491210938,136.10784912109375,172.43592834472656,83.06300354003906,0.27294817566871643,0.001997211715206504,0.6419161558151245,0.686352014541626,0.8367266654968262,T015_035_015_035,0.0026669977232813835,0.0013340887380763888,0.026658181101083755,0.0013340887380763888,0.05,76,12,0.01610691342067157,0.172063946723938,0.15000000596046448,0.295046329498291,0.3499999940395355,0.08742891252040863,0.15000000596046448,0.28218746185302734,0.3499999940395355,frozen_mlp_surrogate_adjoint,900,900,900,700,58.80854249000549,58.80854249000549,0.06534282498889499
21,119.2723388671875,136.1128692626953,172.46176147460938,83.05322265625,0.27272456884384155,0.00209012720733881,0.6420955061912537,0.6861706972122192,0.836783230304718,T015_035_015_035,0.002668521134182811,0.0013365353224799037,0.02663971483707428,0.0013365353224799037,0.05,344,50726,0.03198161684936866,0.1721644252538681,0.15000000596046448,0.2949703335762024,0.3499999940395355,0.08745059370994568,0.15000000596046448,0.28219789266586304,0.3499999940395355,frozen_mlp_surrogate_adjoint,900,900,900,700,58.80854249000549,58.80854249000549,0.06534282498889499
22,119.28633117675781,136.11444091796875,172.48965454101562,83.06990051269531,0.2728217542171478,0.002119285287335515,0.6422893404960632,0.6864796280860901,0.8365930318832397,T015_035_015_035,0.002669430570676923,0.0013343386817723513,0.02670183777809143,0.0013343386817723513,0.05,52,50682,0.013784096212397748,0.1720713973045349,0.15000000596046448,0.2950417995452881,0.3499999940395355,0.08749568462371826,0.15000000596046448,0.2819841802120209,0.3499999940395355,frozen_mlp_surrogate_adjoint,900,900,900,700,58.80854249000549,58.80854249000549,0.06534282498889499
23,119.44618225097656,136.13223266601562,172.55035400390625,83.07182312011719,0.2739318013191223,0.0024486363399773836,0.6427107453346252,0.6865151524543762,0.8363151550292969,T015_035_015_035,0.0026766392402350903,0.0013370028464123607,0.026792729273438454,0.0013370028464123607,0.05,67,51738,0.015170183037176137,0.1721724271774292,0.15000000596046448,0.2945100963115692,0.3499999940395355,0.08746059983968735,0.15000000596046448,0.28217199444770813,0.3499999940395355,frozen_mlp_surrogate_adjoint,900,900,900,700,58.80854249000549,58.80854249000549,0.06534282498889499
24,119.50804138183594,136.1433563232422,172.6651611328125,83.0690689086914,0.27436143159866333,0.0026546332519501448,0.6435080766677856,0.686464250087738,0.8360582590103149,T015_035_015_035,0.0026817061007022858,0.0013378612929955125,0.026876894757151604,0.0013378612929955125,0.05,155,51678,0.021078727377183252,0.1721424162387848,0.15000000596046448,0.29448825120925903,0.3499999940395355,0.0874689519405365,0.15000000596046448,0.281958669424057,0.3499999940395355,frozen_mlp_surrogate_adjoint,900,900,900,700,58.80854249000549,58.80854249000549,0.06534282498889499
25,119.4610595703125,136.1508331298828,172.6602020263672,83.08412170410156,0.27403512597084045,0.0027931039221584797,0.6434736251831055,0.6867429614067078,0.8359993696212769,T015_035_015_035,0.0026840404607355595,0.0013392302207648754,0.02689620666205883,0.0013392302207648754,0.05,304,50255,0.029608718232428593,0.17225198447704315,0.15000000596046448,0.29427704215049744,0.3499999940395355,0.08756236732006073,0.15000000596046448,0.28190794587135315,0.3499999940395355,frozen_mlp_surrogate_adjoint,900,900,900,700,58.80854249000549,58.80854249000549,0.06534282498889499
26,119.86239624023438,136.21429443359375,173.14962768554688,83.13935089111328,0.27682220935821533,0.003968540113419294,0.6468724012374878,0.6877657771110535,0.8343033790588379,T015_035_015_035,0.002710895612835884,0.0013381270691752434,0.027455370873212814,0.0013381270691752434,0.05,530,50500,0.040888425084384394,0.17206250131130219,0.15000000596046448,0.29362714290618896,0.3499999940395355,0.08776392042636871,0.15000000596046448,0.2808498442173004,0.3499999940395355,frozen_mlp_surrogate_adjoint,900,900,900,700,58.80854249000549,58.80854249000549,0.06534282498889499
27,119.87423706054688,136.21536254882812,173.14678955078125,83.12326049804688,0.2769044041633606,0.003988214768469334,0.6468527317047119,0.6874678730964661,0.8344056606292725,T015_035_015_035,0.00271189259365201,0.0013408183585852385,0.027421485632658005,0.0013408183585852385,0.05,51,51103,0.013754130756183786,0.17214050889015198,0.15000000596046448,0.2935425043106079,0.3499999940395355,0.08769987523555756,0.15000000596046448,0.2810227572917938,0.3499999940395355,frozen_mlp_surrogate_adjoint,900,900,900,700,58.80854249000549,58.80854249000549,0.06534282498889499
28,120.12939453125,136.2514190673828,173.31021118164062,83.16175842285156,0.2786763310432434,0.00465577095746994,0.6479876041412354,0.6881807446479797,0.8335737586021423,T015_035_015_035,0.0027271490544080734,0.001342264236882329,0.027697693556547165,0.001342264236882329,0.05,75,51675,0.015977248969334553,0.1721850037574768,0.15000000596046448,0.2927442789077759,0.3499999940395355,0.08777759969234467,0.15000000596046448,0.2808668613433838,0.3499999940395355,frozen_mlp_surrogate_adjoint,900,900,900,700,58.80854249000549,58.80854249000549,0.06534282498889499
29,123.56195068359375,136.3359375,177.01992797851562,81.57125854492188,0.3025135099887848,0.006221012212336063,0.673749566078186,0.6587270498275757,0.8371160626411438,T015_035_015_035,0.002838348038494587,0.001511789159849286,0.026531176641583443,0.001511789159849286,0.05,309,50260,0.02990751277554212,0.17293550074100494,0.15000000596046448,0.29801657795906067,0.3499999940395355,0.0821068286895752,0.15000000596046448,0.2840571403503418,0.3499999940395355,frozen_mlp_surrogate_adjoint,900,900,900,700,58.80854249000549,58.80854249000549,0.06534282498889499
30,123.55504608154297,136.372802734375,177.49984741210938,81.45027160644531,0.3024655878543854,0.0069038900546729565,0.6770823001861572,0.6564865112304688,0.8372697830200195,T015_035_015_035,0.0028553283773362637,0.0015312721952795982,0.02648112364113331,0.0015312721952795982,0.05,743,51302,0.04858651765360968,0.1733406037092209,0.15000000596046448,0.298307329416275,0.3499999940395355,0.08204209804534912,0.15000000596046448,0.2835797369480133,0.3499999940395355,frozen_mlp_surrogate_adjoint,900,900,900,700,58.80854249000549,58.80854249000549,0.06534282498889499
31,111.25617980957031,136.53831481933594,161.41737365722656,92.91325378417969,0.21705679595470428,0.009968764148652554,0.5653984546661377,0.8687639832496643,0.8325071334838867,T015_035_015_035,0.002865079790353775,0.0014623866882175207,0.02805386111140251,0.0014623866882175207,0.05,210,51134,0.024180905226867534,0.17429879307746887,0.15000000596046448,0.2956668734550476,0.3499999940395355,0.10669854283332825,0.15000000596046448,0.2558428943157196,0.3499999940395355,frozen_mlp_surrogate_adjoint,900,900,900,700,58.80854249000549,58.80854249000549,0.06534282498889499
32,111.08377838134766,136.5227508544922,161.27505493164062,92.93167877197266,0.2158595621585846,0.009680638089776039,0.5644100308418274,0.8691051602363586,0.8328995704650879,T015_035_015_035,0.002865090034902096,0.0014689622912555933,0.027922553941607475,0.0014689622912555933,0.05,9,51357,0.007183633429678673,0.17449790239334106,0.15000000596046448,0.2958490252494812,0.3499999940395355,0.10660252720117569,0.15000000596046448,0.25595006346702576,0.3499999940395355,frozen_mlp_surrogate_adjoint,900,900,900,700,58.80854249000549,58.80854249000549,0.06534282498889499
33,111.14213562011719,136.52565002441406,161.33053588867188,92.92023468017578,0.21626484394073486,0.00973432045429945,0.5647953152656555,0.8688932061195374,0.8327515125274658,T015_035_015_035,0.0028650981839746237,0.0014664953341707587,0.027972057461738586,0.0014664953341707587,0.05,161,50861,0.02136919003622273,0.17437469959259033,0.15000000596046448,0.2959039807319641,0.3499999940395355,0.10659095644950867,0.15000000596046448,0.2558819055557251,0.3499999940395355,frozen_mlp_surrogate_adjoint,900,900,900,700,58.80854249000549,58.80854249000549,0.06534282498889499
34,111.37344360351562,136.54859924316406,161.52236938476562,92.8943862915039,0.21787115931510925,0.010159175843000412,0.5661275386810303,0.868414580821991,0.8322015404701233,T015_035_015_035,0.0028650988824665546,0.0014572825748473406,0.028156323358416557,0.0014572825748473406,0.05,823,51007,0.052080554944597485,0.17414551973342896,0.15000000596046448,0.2955518662929535,0.3499999940395355,0.10670354217290878,0.15000000596046448,0.25580060482025146,0.3499999940395355,frozen_mlp_surrogate_adjoint,900,900,900,700,58.80854249000549,58.80854249000549,0.06534282498889499
35,111.13743591308594,136.52557373046875,161.29562377929688,92.94203186035156,0.21623218059539795,0.00973279494792223,0.5645529627799988,0.8692967891693115,0.832902193069458,T015_035_015_035,0.0028651037719100714,0.0014690199168398976,0.027921676635742188,0.0014690199168398976,0.05,2,50292,0.004869567188694623,0.1744430512189865,0.15000000596046448,0.2958906888961792,0.3499999940395355,0.10678499191999435,0.15000000596046448,0.25578340888023376,0.3499999940395355,frozen_mlp_surrogate_adjoint,900,900,900,700,58.80854249000549,58.80854249000549,0.06534282498889499
36,111.4173812866211,136.55047607421875,161.56121826171875,92.88639831542969,0.21817627549171448,0.010193930938839912,0.5663973093032837,0.8682665824890137,0.8320993185043335,T015_035_015_035,0.0028651307802647352,0.0014555988600477576,0.02819063887000084,0.0014555988600477576,0.05,414,50744,0.03505617075070857,0.17405754327774048,0.15000000596046448,0.2955958843231201,0.3499999940395355,0.10669710487127304,0.15000000596046448,0.25574880838394165,0.3499999940395355,frozen_mlp_surrogate_adjoint,900,900,900,700,58.80854249000549,58.80854249000549,0.06534282498889499
37,111.32347869873047,136.54574584960938,161.48834228515625,92.89105987548828,0.21752414107322693,0.010106431320309639,0.5658913254737854,0.8683529496192932,0.8322504162788391,T015_035_015_035,0.002865138929337263,0.0014581428840756416,0.02813992276787758,0.0014581428840756416,0.05,597,50392,0.04341949294731377,0.1742335855960846,0.15000000596046448,0.2954888641834259,0.3499999940395355,0.10658086091279984,0.15000000596046448,0.2559471130371094,0.3499999940395355,frozen_mlp_surrogate_adjoint,900,900,900,700,58.80854249000549,58.80854249000549,0.06534282498889499
38,111.48770141601562,136.55946350097656,161.63131713867188,92.86981201171875,0.21866457164287567,0.010360302403569221,0.5668842196464539,0.8679593801498413,0.8318583965301514,T015_035_015_035,0.002865150570869446,0.001451570657081902,0.028271598741412163,0.001451570657081902,0.05,249,37,0.0261354087934515,0.1740051954984665,0.15000000596046448,0.2953835129737854,0.3499999940395355,0.1066443920135498,0.15000000596046448,0.25582531094551086,0.3499999940395355,frozen_mlp_surrogate_adjoint,900,900,900,700,58.80854249000549,58.80854249000549,0.06534282498889499
39,111.52955627441406,136.5662078857422,161.69659423828125,92.8402328491211,0.21895524859428406,0.010485409758985043,0.5673373937606812,0.867411732673645,0.8315780162811279,T015_035_015_035,0.002865276299417019,0.0014469779562205076,0.0283659640699625,0.0014469779562205076,0.05,349,50160,0.03224486631818831,0.17396946251392365,0.15000000596046448,0.2951558232307434,0.3499999940395355,0.10641682147979736,0.15000000596046448,0.2560359239578247,0.3499999940395355,frozen_mlp_surrogate_adjoint,900,900,900,700,58.80854249000549,58.80854249000549,0.06534282498889499
40,111.55458068847656,136.56997680664062,161.73504638671875,92.82862854003906,0.2191290557384491,0.01055505033582449,0.5676044225692749,0.8671969175338745,0.8314434885978699,T015_035_015_035,0.0028653726913034916,0.0014448079746216536,0.028411297127604485,0.0014448079746216536,0.05,296,51216,0.029391463087799725,0.17392419278621674,0.15000000596046448,0.29508644342422485,0.3499999940395355,0.106356680393219,0.15000000596046448,0.2560761570930481,0.3499999940395355,frozen_mlp_surrogate_adjoint,900,900,900,700,58.80854249000549,58.80854249000549,0.06534282498889499
41,111.64990997314453,136.60704040527344,161.8502197265625,92.7896957397461,0.21979103982448578,0.011241565458476543,0.5684042572975159,0.8664758801460266,0.830806314945221,T015_035_015_035,0.0028678136877715588,0.0014364884700626135,0.02862650342285633,0.0014364884700626135,0.05,124,50693,0.019201383011282266,0.17427247762680054,0.15000000596046448,0.29356664419174194,0.3499999940395355,0.10609360784292221,0.15000000596046448,0.25687360763549805,0.3499999940395355,frozen_mlp_surrogate_adjoint,900,900,900,700,58.80854249000549,58.80854249000549,0.06534282498889499
42,111.75517272949219,136.61692810058594,162.0682373046875,92.72146606445312,0.22052201628684998,0.011424487456679344,0.5699182748794556,0.8652123212814331,0.8301785588264465,T015_035_015_035,0.002868612762540579,0.0014266464859247208,0.028839321807026863,0.0014266464859247208,0.05,496,50283,0.039589859079643526,0.17382654547691345,0.15000000596046448,0.2937496304512024,0.3499999940395355,0.10586284846067429,0.15000000596046448,0.2567395567893982,0.3499999940395355,frozen_mlp_surrogate_adjoint,900,900,900,700,58.80854249000549,58.80854249000549,0.06534282498889499
43,111.87848663330078,136.62493896484375,162.1831817626953,92.67371368408203,0.2213783711194992,0.01157294400036335,0.5707165598869324,0.8643280267715454,0.8297414183616638,T015_035_015_035,0.0028693419881165028,0.0014199428260326385,0.028987985104322433,0.0014199428260326385,0.05,462,50112,0.03784874676174727,0.17368225753307343,0.15000000596046448,0.2935551404953003,0.3499999940395355,0.10557899624109268,0.15000000596046448,0.25692498683929443,0.3499999940395355,frozen_mlp_surrogate_adjoint,900,900,900,700,58.80854249000549,58.80854249000549,0.06534282498889499
44,112.03892517089844,136.66270446777344,162.49342346191406,92.62618255615234,0.2224925011396408,0.012272327207028866,0.5728709697723389,0.8634478449821472,0.8288673758506775,T015_035_015_035,0.0028729457408189774,0.0014086267910897732,0.029286375269293785,0.0014086267910897732,0.05,457,50927,0.037678215500954695,0.1732948124408722,0.15000000596046448,0.2931593060493469,0.3499999940395355,0.10577251762151718,0.15000000596046448,0.2566407322883606,0.3499999940395355,frozen_mlp_surrogate_adjoint,900,900,900,700,58.80854249000549,58.80854249000549,0.06534282498889499
45,112.02680969238281,136.66329956054688,162.5055694580078,92.61788940429688,0.22240838408470154,0.012283285148441792,0.5729553699493408,0.863294243812561,0.8288203477859497,T015_035_015_035,0.0028729692567139864,0.0014078455278649926,0.029302474111318588,0.0014078455278649926,0.05,617,50832,0.04391670961539853,0.17328859865665436,0.15000000596046448,0.293127179145813,0.3499999940395355,0.10571223497390747,0.15000000596046448,0.2566923499107361,0.3499999940395355,frozen_mlp_surrogate_adjoint,900,900,900,700,58.80854249000549,58.80854249000549,0.06534282498889499
46,112.09597778320312,136.66993713378906,162.57736206054688,92.5997314453125,0.2228887528181076,0.012406257912516594,0.5734539031982422,0.8629579544067383,0.8285887241363525,T015_035_015_035,0.002873664256185293,0.0014045729767531157,0.029381824657320976,0.0014045729767531157,0.05,484,50782,0.03887288072124505,0.17318499088287354,0.15000000596046448,0.29305198788642883,0.3499999940395355,0.1056692823767662,0.15000000596046448,0.25668248534202576,0.3499999940395355,frozen_mlp_surrogate_adjoint,900,900,900,700,58.80854249000549,58.80854249000549,0.06534282498889499
47,112.12399291992188,136.68136596679688,162.69924926757812,92.57080078125,0.22308331727981567,0.012617967091500759,0.5743002891540527,0.8624221682548523,0.8282443284988403,T015_035_015_035,0.0028747408650815487,0.0013997401110827923,0.02950001135468483,0.0013997401110827923,0.05,758,51005,0.049335467019796235,0.17301157116889954,0.15000000596046448,0.2929697632789612,0.3499999940395355,0.1056431457400322,0.15000000596046448,0.2566199004650116,0.3499999940395355,frozen_mlp_surrogate_adjoint,900,900,900,700,58.80854249000549,58.80854249000549,0.06534282498889499
48,112.20211029052734,136.7011260986328,162.8496551513672,92.54638671875,0.2236257791519165,0.012983824126422405,0.5753448009490967,0.861970067024231,0.8278021812438965,T015_035_015_035,0.002876704093068838,0.0013940996723249555,0.02965208888053894,0.0013940996723249555,0.05,809,50915,0.05145700027216479,0.17285487055778503,0.15000000596046448,0.2926923632621765,0.3499999940395355,0.10571769624948502,0.15000000596046448,0.2565372586250305,0.3499999940395355,frozen_mlp_surrogate_adjoint,900,900,900,700,58.80854249000549,58.80854249000549,0.06534282498889499
49,107.00367736816406,136.13912963867188,158.12527465820312,93.21017456054688,0.18752554059028625,0.0025764424353837967,0.5425366759300232,0.8742625713348389,0.8403438329696655,T015_035_015_035,0.0028788838535547256,0.001604379154741764,0.025490092113614082,0.001604379154741764,0.05,267,50646,0.027325654317213517,0.17795470356941223,0.15000000596046448,0.2996332049369812,0.3499999940395355,0.10626780241727829,0.15000000596046448,0.2564881145954132,0.3499999940395355,frozen_mlp_surrogate_adjoint,900,900,900,700,58.80854249000549,58.80854249000549,0.06534282498889499
50,126.79544067382812,136.35202026367188,178.37071228027344,81.05944061279297,0.3249683678150177,0.0065189930610358715,0.6831299662590027,0.6492488980293274,0.8377774953842163,T015_035_015_035,0.0028791367076337337,0.0015633294824510813,0.026316141709685326,0.0015633294824510813,0.05,861,51033,0.0535168738669279,0.1734851598739624,0.15000000596046448,0.2994315028190613,0.3499999940395355,0.0812695324420929,0.15000000596046448,0.28359130024909973,0.3499999940395355,frozen_mlp_surrogate_adjoint,900,900,900,700,58.80854249000549,58.80854249000549,0.06534282498889499
51,112.48776245117188,136.7519073486328,163.30422973632812,92.40293884277344,0.22560948133468628,0.013924301601946354,0.5785016417503357,0.8593136072158813,0.8262057900428772,T015_035_015_035,0.0028825243934988976,0.0013723031152039766,0.030204426497220993,0.0013723031152039766,0.05,668,50799,0.04575643697892934,0.1724725365638733,0.15000000596046448,0.29154717922210693,0.3499999940395355,0.10513687878847122,0.15000000596046448,0.25704920291900635,0.3499999940395355,frozen_mlp_surrogate_adjoint,900,900,900,700,58.80854249000549,58.80854249000549,0.06534282498889499
52,112.77418518066406,136.7723388671875,163.5665740966797,92.31490325927734,0.22759847342967987,0.014302490279078484,0.5803234577178955,0.8576834201812744,0.825261652469635,T015_035_015_035,0.0028860275633633137,0.0013593530748039484,0.03053349070250988,0.0013593530748039484,0.05,843,51123,0.052770224810783216,0.1720978319644928,0.15000000596046448,0.2912200689315796,0.3499999940395355,0.10473939776420593,0.15000000596046448,0.2572043538093567,0.3499999940395355,frozen_mlp_surrogate_adjoint,900,900,900,700,58.80854249000549,58.80854249000549,0.06534282498889499
53,121.63587188720703,136.00106811523438,188.4708709716797,65.01905059814453,0.28913798928260803,1.9882832930306904e-05,0.7532699108123779,0.3522046208381653,0.8429223299026489,T015_035_015_035,0.0028945025987923145,0.0016608326695859432,0.024673394858837128,0.0016608326695859432,0.05,5,50478,0.005979896441274802,0.17334318161010742,0.15000000596046448,0.29612231254577637,0.3499999940395355,0.07629497349262238,0.15000000596046448,0.29716190695762634,0.3499999940395355,frozen_mlp_surrogate_adjoint,900,900,900,700,58.80854249000549,58.80854249000549,0.06534282498889499
54,121.66085815429688,136.0052947998047,188.47561645507812,65.01057434082031,0.2893115282058716,9.818288526730612e-05,0.7533029317855835,0.3520476520061493,0.8428758382797241,T015_035_015_035,0.0028970036655664444,0.0016626034630462527,0.024688001722097397,0.0016626034630462527,0.05,14,50713,0.008131525212807623,0.17341478168964386,0.15000000596046448,0.29594460129737854,0.3499999940395355,0.07631568610668182,0.15000000596046448,0.2972007095813751,0.3499999940395355,frozen_mlp_surrogate_adjoint,900,900,900,700,58.80854249000549,58.80854249000549,0.06534282498889499
55,110.5097885131836,136.08282470703125,175.8546142578125,81.50422668457031,0.21187351644039154,0.0015339019009843469,0.6656569838523865,0.6574857234954834,0.839194655418396,T015_035_015_035,0.002911539515480399,0.001618621521629393,0.025858359411358833,0.001618621521629393,0.05,607,50723,0.04368340908945692,0.1793321967124939,0.15000000596046448,0.29436928033828735,0.3499999940395355,0.0879100039601326,0.15000000596046448,0.27758321166038513,0.3499999940395355,frozen_mlp_surrogate_adjoint,900,900,900,700,58.80854249000549,58.80854249000549,0.06534282498889499
56,127.63534545898438,136.39096069335938,179.3585205078125,80.74638366699219,0.33080098032951355,0.007240018807351589,0.6899896860122681,0.6434516310691833,0.837600827217102,T015_035_015_035,0.0029127788729965687,0.0015941044548526406,0.026373490691184998,0.0015941044548526406,0.05,878,51145,0.0542375418257319,0.17356762290000916,0.15000000596046448,0.30090802907943726,0.3499999940395355,0.08097101747989655,0.15000000596046448,0.2821541726589203,0.3499999940395355,frozen_mlp_surrogate_adjoint,900,900,900,700,58.80854249000549,58.80854249000549,0.06534282498889499
57,121.83456420898438,136.0323028564453,188.55291748046875,65.023193359375,0.29051780700683594,0.0005981819704174995,0.7538396716117859,0.3522814214229584,0.8426402807235718,T015_035_015_035,0.0029135041404515505,0.001675400068052113,0.02476208098232746,0.001675400068052113,0.05,817,51185,0.05176579807963534,0.1734839379787445,0.15000000596046448,0.29533928632736206,0.3499999940395355,0.07606717944145203,0.15000000596046448,0.2977498769760132,0.3499999940395355,frozen_mlp_surrogate_adjoint,900,900,900,700,58.80854249000549,58.80854249000549,0.06534282498889499
58,121.774658203125,136.03277587890625,188.58343505859375,65.0009765625,0.2901017665863037,0.0006068598013371229,0.754051685333252,0.3518699109554291,0.8427163362503052,T015_035_015_035,0.0029157099779695272,0.001678802422247827,0.02473815158009529,0.001678802422247827,0.05,24,51332,0.010080821427710244,0.17346777021884918,0.15000000596046448,0.2951759696006775,0.3499999940395355,0.0759667307138443,0.15000000596046448,0.2981058955192566,0.3499999940395355,frozen_mlp_surrogate_adjoint,900,900,900,700,58.80854249000549,58.80854249000549,0.06534282498889499
59,121.8824462890625,136.03895568847656,188.56674194335938,64.9935073852539,0.29085031151771545,0.0007212880882434547,0.753935694694519,0.3517315685749054,0.8425230979919434,T015_035_015_035,0.0029181931167840958,0.0016782443271949887,0.02479897439479828,0.0016782443271949887,0.05,108,50021,0.018321414500758956,0.1736120581626892,0.15000000596046448,0.29496699571609497,0.3499999940395355,0.07612383365631104,0.15000000596046448,0.29782024025917053,0.3499999940395355,frozen_mlp_surrogate_adjoint,900,900,900,700,58.80854249000549,58.80854249000549,0.06534282498889499
60,121.87236022949219,136.04226684570312,188.5874481201172,65.01140594482422,0.29078030586242676,0.0007827187073417008,0.7540795207023621,0.3520631194114685,0.8425884246826172,T015_035_015_035,0.0029195030219852924,0.00168058299459517,0.024778403341770172,0.00168058299459517,0.05,8,50921,0.006987590540424087,0.17355327308177948,0.15000000596046448,0.29499509930610657,0.3499999940395355,0.07600739598274231,0.15000000596046448,0.29803267121315,0.3499999940395355,frozen_mlp_surrogate_adjoint,900,900,900,700,58.80854249000549,58.80854249000549,0.06534282498889499
61,124.14928436279297,136.51466369628906,178.7523193359375,81.28736877441406,0.30659225583076477,0.009530935436487198,0.6857799291610718,0.6534698605537415,0.8363105058670044,T015_035_015_035,0.0029222387820482254,0.0015825261361896992,0.026794251054525375,0.0015825261361896992,0.05,822,51270,0.05198797920758563,0.17469416558742523,0.15000000596046448,0.2970339059829712,0.3499999940395355,0.08210244029760361,0.15000000596046448,0.28248003125190735,0.3499999940395355,frozen_mlp_surrogate_adjoint,900,900,900,700,58.80854249000549,58.80854249000549,0.06534282498889499
62,122.3028564453125,136.1122589111328,188.80007934570312,65.05084228515625,0.29376983642578125,0.0020788151305168867,0.755556046962738,0.3527933359146118,0.8419852256774902,T015_035_015_035,0.0029650740325450897,0.0017166404286399484,0.024968668818473816,0.0017166404286399484,0.05,308,51195,0.029870790063074748,0.17367038130760193,0.15000000596046448,0.2934556007385254,0.3499999940395355,0.07531934976577759,0.15000000596046448,0.2995399236679077,0.3499999940395355,frozen_mlp_surrogate_adjoint,900,900,900,700,58.80854249000549,58.80854249000549,0.06534282498889499
63,122.50450897216797,136.13034057617188,188.84812927246094,65.04515838623047,0.2951701879501343,0.002413620240986347,0.7558897733688354,0.35268810391426086,0.8417302370071411,T015_035_015_035,0.0029785423539578915,0.0017260764725506306,0.025049317628145218,0.0017260764725506306,0.05,131,50550,0.019713280602679337,0.17373472452163696,0.15000000596046448,0.2930586636066437,0.3499999940395355,0.07518153637647629,0.15000000596046448,0.299755334854126,0.3499999940395355,frozen_mlp_surrogate_adjoint,900,900,900,700,58.80854249000549,58.80854249000549,0.06534282498889499
64,122.47352600097656,136.1369171142578,188.8782958984375,65.04920959472656,0.2949550449848175,0.0025354837998747826,0.7560993432998657,0.3527630567550659,0.8417957425117493,T015_035_015_035,0.0029814783483743668,0.0017300491454079747,0.025028586387634277,0.0017300491454079747,0.05,387,50253,0.034138894089343154,0.17375271022319794,0.15000000596046448,0.29285895824432373,0.3499999940395355,0.07511833310127258,0.15000000596046448,0.30006569623947144,0.3499999940395355,frozen_mlp_surrogate_adjoint,900,900,900,700,58.80854249000549,58.80854249000549,0.06534282498889499
65,122.46355438232422,136.1368865966797,188.83181762695312,65.04203033447266,0.2948857843875885,0.002535052364692092,0.7557765245437622,0.35263022780418396,0.8417223691940308,T015_035_015_035,0.0029824059456586838,0.001729815499857068,0.02505180798470974,0.001729815499857068,0.05,188,50452,0.023089520023679623,0.1739371418952942,0.15000000596046448,0.292705774307251,0.3499999940395355,0.0752834677696228,0.15000000596046448,0.2997959852218628,0.3499999940395355,frozen_mlp_surrogate_adjoint,900,900,900,700,58.80854249000549,58.80854249000549,0.06534282498889499
66,122.57830047607422,136.15777587890625,188.95526123046875,65.04572296142578,0.2956826388835907,0.002921844832599163,0.7566336989402771,0.35269859433174133,0.841668963432312,T015_035_015_035,0.002997087314724922,0.0017436513444408774,0.02506871707737446,0.0017436513444408774,0.05,242,50871,0.025928898025335257,0.17379924654960632,0.15000000596046448,0.29231250286102295,0.3499999940395355,0.07489078491926193,0.15000000596046448,0.3006664216518402,0.3499999940395355,frozen_mlp_surrogate_adjoint,900,900,900,700,58.80854249000549,58.80854249000549,0.06534282498889499
67,131.70635986328125,136.45986938476562,180.9802703857422,80.14342498779297,0.3590719997882843,0.008516124449670315,0.7012518644332886,0.6322856545448303,0.8356031179428101,T015_035_015_035,0.003012474626302719,0.0016611578175798059,0.027026334777474403,0.0016611578175798059,0.05,557,50945,0.04217310752311694,0.17439338564872742,0.15000000596046448,0.30047303438186646,0.3499999940395355,0.08036240190267563,0.15000000596046448,0.2803742587566376,0.3499999940395355,frozen_mlp_surrogate_adjoint,900,900,900,700,58.80854249000549,58.80854249000549,0.06534282498889499
68,130.00796508789062,136.5275421142578,181.39105224609375,80.4078369140625,0.34727758169174194,0.009769376367330551,0.7041045427322388,0.6371822357177734,0.8344709873199463,T015_035_015_035,0.0030125663615763187,0.0016425737412646413,0.027399854734539986,0.0016425737412646413,0.05,482,50188,0.03880808827803187,0.17403781414031982,0.15000000596046448,0.3001413345336914,0.3499999940395355,0.0808771401643753,0.15000000596046448,0.27941468358039856,0.3499999940395355,frozen_mlp_surrogate_adjoint,900,900,900,700,58.80854249000549,58.80854249000549,0.06534282498889499
69,127.6064224243164,136.628662109375,180.29273986816406,80.79460144042969,0.33060014247894287,0.011641795746982098,0.6964773535728455,0.6443444490432739,0.8347673416137695,T015_035_015_035,0.003024735487997532,0.0016596439527347684,0.027301831170916557,0.0016596439527347684,0.05,589,51546,0.043213608062021916,0.17643091082572937,0.15000000596046448,0.2948142886161804,0.3499999940395355,0.08177054673433304,0.15000000596046448,0.2817515730857849,0.3499999940395355,frozen_mlp_surrogate_adjoint,900,900,900,700,58.80854249000549,58.80854249000549,0.06534282498889499
70,112.6288070678711,136.3633270263672,177.79002380371094,81.62347412109375,0.22658893465995789,0.006728305947035551,0.6790974140167236,0.6596939563751221,0.832065224647522,T015_035_015_035,0.0030326724518090487,0.0016225680010393262,0.028202088549733162,0.0016225680010393262,0.05,890,51709,0.05452179038582425,0.1784820556640625,0.15000000596046448,0.2914681136608124,0.3499999940395355,0.08893188834190369,0.15000000596046448,0.273183137178421,0.3499999940395355,frozen_mlp_surrogate_adjoint,900,900,900,700,58.80854249000549,58.80854249000549,0.06534282498889499
71,132.8812255859375,136.55296325683594,182.4363250732422,80.022705078125,0.36723068356513977,0.010239953175187111,0.7113633751869202,0.6300501227378845,0.8326170444488525,T015_035_015_035,0.0030808872543275356,0.0016800346784293652,0.02801705338060856,0.0016800346784293652,0.05,693,50228,0.04677811921664717,0.1739307940006256,0.15000000596046448,0.30049437284469604,0.3499999940395355,0.0802970752120018,0.15000000596046448,0.2778948247432709,0.3499999940395355,frozen_mlp_surrogate_adjoint,900,900,900,700,58.80854249000549,58.80854249000549,0.06534282498889499
72,165.597412109375,137.601806640625,80.33711242675781,94.12629699707031,0.5944264531135559,0.02966316044330597,0.002341074403375387,0.8912277221679688,0.8638651967048645,T015_035_015_035,0.003213342744857073,0.0022867084480822086,0.018532684072852135,0.0022867084480822086,0.05,34,50093,0.01086625334763552,0.15817146003246307,0.15000000596046448,0.31521326303482056,0.3499999940395355,0.1587733030319214,0.15000000596046448,0.2317071557044983,0.3499999940395355,frozen_mlp_surrogate_adjoint,900,900,900,700,58.80854249000549,58.80854249000549,0.06534282498889499
73,165.6280517578125,137.63143920898438,80.36458587646484,94.11617279052734,0.5946393013000488,0.03021191619336605,0.0025318553671240807,0.8910402059555054,0.8632317781448364,T015_035_015_035,0.003213434014469385,0.002278156578540802,0.018705546855926514,0.002278156578540802,0.05,151,15,0.020739335652019825,0.15827886760234833,0.15000000596046448,0.31499987840652466,0.3499999940395355,0.15829123556613922,0.15000000596046448,0.23166176676750183,0.3499999940395355,frozen_mlp_surrogate_adjoint,900,900,900,700,58.80854249000549,58.80854249000549,0.06534282498889499
74,165.58261108398438,137.5669403076172,80.75716400146484,94.14324951171875,0.5943237543106079,0.029017485678195953,0.005258108023554087,0.8915417194366455,0.8637166023254395,T015_035_015_035,0.0032137546222656965,0.0022850963287055492,0.01857316493988037,0.0022850963287055492,0.05,472,50987,0.038441055199137965,0.15836423635482788,0.15000000596046448,0.3152579367160797,0.3499999940395355,0.15841969847679138,0.15000000596046448,0.23167473077774048,0.3499999940395355,frozen_mlp_surrogate_adjoint,900,900,900,700,58.80854249000549,58.80854249000549,0.06534282498889499
75,165.47314453125,137.4281463623047,81.60359191894531,94.20198059082031,0.593563437461853,0.0264471136033535,0.011136028915643692,0.8926293253898621,0.8647855520248413,T015_035_015_035,0.003214719472452998,0.0023005721159279346,0.018282946199178696,0.0023005721159279346,0.05,138,50837,0.020172578597266774,0.15863481163978577,0.15000000596046448,0.3157625198364258,0.3499999940395355,0.15867704153060913,0.15000000596046448,0.23171117901802063,0.3499999940395355,frozen_mlp_surrogate_adjoint,900,900,900,700,58.80854249000549,58.80854249000549,0.06534282498889499
76,165.53701782226562,137.45263671875,81.76520538330078,94.1935043334961,0.5940070748329163,0.02690061926841736,0.01225836481899023,0.8924723267555237,0.863898515701294,T015_035_015_035,0.003214907366782427,0.0022887266241014004,0.01852361485362053,0.0022887266241014004,0.05,397,50167,0.03438153901849982,0.15858981013298035,0.15000000596046448,0.3156687021255493,0.3499999940395355,0.15802431106567383,0.15000000596046448,0.23161566257476807,0.3499999940395355,frozen_mlp_surrogate_adjoint,900,900,900,700,58.80854249000549,58.80854249000549,0.06534282498889499
77,165.54681396484375,137.44631958007812,81.6510238647461,94.19404602050781,0.5940750241279602,0.026783620938658714,0.011465429328382015,0.8924822807312012,0.864193320274353,T015_035_015_035,0.0032149122562259436,0.002292739460244775,0.018443454056978226,0.002292739460244775,0.05,6,50136,0.0062664901924418615,0.15833476185798645,0.15000000596046448,0.3158479332923889,0.3499999940395355,0.15838798880577087,0.15000000596046448,0.2316226363182068,0.3499999940395355,frozen_mlp_surrogate_adjoint,900,900,900,700,58.80854249000549,58.80854249000549,0.06534282498889499
78,137.51718139648438,136.6656951904297,184.12384033203125,79.35663604736328,0.39942482113838196,0.012327649630606174,0.7230822443962097,0.6177154779434204,0.8301049470901489,T015_035_015_035,0.0032199600245803595,0.001776743563823402,0.028864329680800438,0.001776743563823402,0.05,158,50896,0.021193857230983,0.1748853325843811,0.15000000596046448,0.2999229431152344,0.3499999940395355,0.07903879880905151,0.15000000596046448,0.2762579023838043,0.3499999940395355,frozen_mlp_surrogate_adjoint,900,900,900,700,58.80854249000549,58.80854249000549,0.06534282498889499
79,166.13824462890625,137.6376190185547,82.98822021484375,94.12931823730469,0.5981823205947876,0.030326245352625847,0.020751552656292915,0.8912836313247681,0.8568898439407349,T015_035_015_035,0.0032285875640809536,0.0022045616060495377,0.02048051729798317,0.0022045616060495377,0.05,382,50901,0.03368773005824379,0.15738826990127563,0.15000000596046448,0.31538793444633484,0.3499999940395355,0.15337923169136047,0.15000000596046448,0.2307344377040863,0.3499999940395355,frozen_mlp_surrogate_adjoint,900,900,900,700,58.80854249000549,58.80854249000549,0.06534282498889499
80,171.13345336914062,138.85263061523438,102.01402282714844,94.40460968017578,0.632871150970459,0.05282660573720932,0.152875155210495,0.896381676197052,0.807694137096405,T015_035_015_035,0.003351097460836172,0.001502020051702857,0.03698154538869858,0.001502020051702857,0.05,66,50094,0.015169327800194449,0.14917591214179993,0.15000000596046448,0.3031501770019531,0.3499999940395355,0.12466947734355927,0.15000000596046448,0.2306985855102539,0.3499999940395355,frozen_mlp_surrogate_adjoint,900,900,900,700,58.80854249000549,58.80854249000549,0.06534282498889499
81,171.114501953125,138.85134887695312,102.0121841430664,94.40433502197266,0.6327395439147949,0.052802834659814835,0.15286239981651306,0.8963766098022461,0.8077433109283447,T015_035_015_035,0.0033511011861264706,0.0015029695350676775,0.036962635815143585,0.0015029695350676775,0.05,123,50656,0.019124305314561822,0.1493026167154312,0.15000000596046448,0.3030972480773926,0.3499999940395355,0.12462281435728073,0.15000000596046448,0.2307206392288208,0.3499999940395355,frozen_mlp_surrogate_adjoint,900,900,900,700,58.80854249000549,58.80854249000549,0.06534282498889499
82,171.13803100585938,138.85426330566406,102.01734924316406,94.4031982421875,0.6329030394554138,0.052856627851724625,0.15289823710918427,0.8963554501533508,0.8076626062393188,T015_035_015_035,0.0033511039800941944,0.0015014203963801265,0.03699367120862007,0.0015014203963801265,0.05,20,50204,0.00849386441824172,0.14916115999221802,0.15000000596046448,0.3031625747680664,0.3499999940395355,0.12463176250457764,0.15000000596046448,0.23070713877677917,0.3499999940395355,frozen_mlp_surrogate_adjoint,900,900,900,700,58.80854249000549,58.80854249000549,0.06534282498889499
83,171.13772583007812,138.8522491455078,102.01716613769531,94.402587890625,0.6329008340835571,0.05281936749815941,0.15289700031280518,0.8963442444801331,0.8076773881912231,T015_035_015_035,0.00335110817104578,0.0015017089899629354,0.03698798641562462,0.0015017089899629354,0.05,21,51646,0.008721887290645904,0.14914554357528687,0.15000000596046448,0.3032029867172241,0.3499999940395355,0.12462170422077179,0.15000000596046448,0.23070716857910156,0.3499999940395355,frozen_mlp_surrogate_adjoint,900,900,900,700,58.80854249000549,58.80854249000549,0.06534282498889499
84,171.13134765625,138.85400390625,102.01868438720703,94.40182495117188,0.6328566074371338,0.052851948887109756,0.15290753543376923,0.8963299989700317,0.8076711893081665,T015_035_015_035,0.003351110965013504,0.0015015924582257867,0.036990370601415634,0.0015015924582257867,0.05,12,50575,0.007526000172167315,0.14921069145202637,0.15000000596046448,0.30315884947776794,0.3499999940395355,0.12457692623138428,0.15000000596046448,0.23072466254234314,0.3499999940395355,frozen_mlp_surrogate_adjoint,900,900,900,700,58.80854249000549,58.80854249000549,0.06534282498889499
85,171.14328002929688,138.8667449951172,102.01575469970703,94.40911865234375,0.6329393982887268,0.053087811917066574,0.15288718044757843,0.8964650630950928,0.8075757026672363,T015_035_015_035,0.003351112361997366,0.0014997568214312196,0.037027109414339066,0.0014997568214312196,0.05,1,51176,0.004494701274372554,0.14922988414764404,0.15000000596046448,0.3028934895992279,0.3499999940395355,0.12476514279842377,0.15000000596046448,0.2306872308254242,0.3499999940395355,frozen_mlp_surrogate_adjoint,900,900,900,700,58.80854249000549,58.80854249000549,0.06534282498889499
86,171.20257568359375,138.8789520263672,102.02482604980469,94.40278625488281,0.6333512663841248,0.05331401154398918,0.15295015275478363,0.8963478803634644,0.8073174953460693,T015_035_015_035,0.0033511172514408827,0.0014947898453101516,0.03712654858827591,0.0014947898453101516,0.05,58,51333,0.014558038500397504,0.14891186356544495,0.15000000596046448,0.3030460476875305,0.3499999940395355,0.12467274814844131,0.15000000596046448,0.23068684339523315,0.3499999940395355,frozen_mlp_surrogate_adjoint,900,900,900,700,58.80854249000549,58.80854249000549,0.06534282498889499
87,171.16358947753906,138.88143920898438,102.0240478515625,94.4029541015625,0.6330804824829102,0.05335986986756325,0.15294474363327026,0.8963509798049927,0.8073773384094238,T015_035_015_035,0.003351118415594101,0.0014959441032260656,0.03710348904132843,0.0014959441032260656,0.05,329,50589,0.030728480694911582,0.14922218024730682,0.15000000596046448,0.302839994430542,0.3499999940395355,0.12457585334777832,0.15000000596046448,0.23073932528495789,0.3499999940395355,frozen_mlp_surrogate_adjoint,900,900,900,700,58.80854249000549,58.80854249000549,0.06534282498889499
88,171.2364501953125,138.896240234375,102.03353881835938,94.40106201171875,0.6335865259170532,0.05363418161869049,0.15301069617271423,0.8963159322738647,0.807090163230896,T015_035_015_035,0.003351141232997179,0.0014904311392456293,0.03721420466899872,0.0014904311392456293,0.05,216,51340,0.024479702478470852,0.1488264799118042,0.15000000596046448,0.3029346466064453,0.3499999940395355,0.1246315985918045,0.15000000596046448,0.23069745302200317,0.3499999940395355,frozen_mlp_surrogate_adjoint,900,900,900,700,58.80854249000549,58.80854249000549,0.06534282498889499
89,171.11642456054688,138.82249450683594,102.00542449951172,94.40678405761719,0.6327530145645142,0.05226847156882286,0.15281543135643005,0.8964219093322754,0.8079969882965088,T015_035_015_035,0.0033511670771986246,0.001507909270003438,0.03686515614390373,0.001507909270003438,0.05,78,51574,0.01614971312713742,0.1490222066640854,0.15000000596046448,0.3035261034965515,0.3499999940395355,0.12481328845024109,0.15000000596046448,0.230635404586792,0.3499999940395355,frozen_mlp_surrogate_adjoint,900,900,900,700,58.80854249000549,58.80854249000549,0.06534282498889499
90,171.11912536621094,138.83602905273438,102.033203125,94.4052734375,0.6327717304229736,0.05251893401145935,0.1530083268880844,0.896393895149231,0.8078542947769165,T015_035_015_035,0.003351182211190462,0.0015051834052428603,0.0369199737906456,0.0015051834052428603,0.05,13,51229,0.0076647184528191485,0.1491621434688568,0.15000000596046448,0.3033050298690796,0.3499999940395355,0.12470728158950806,0.15000000596046448,0.23067986965179443,0.3499999940395355,frozen_mlp_surrogate_adjoint,900,900,900,700,58.80854249000549,58.80854249000549,0.06534282498889499
91,170.986572265625,138.77891540527344,101.9850845336914,94.41104125976562,0.6318512558937073,0.0514613576233387,0.15267419815063477,0.8965007066726685,0.8086591362953186,T015_035_015_035,0.0033511901274323463,0.0015206238022074103,0.03661132603883743,0.0015206238022074103,0.05,73,51014,0.015771010887087218,0.1495698094367981,0.15000000596046448,0.3036165237426758,0.3499999940395355,0.12480802834033966,0.15000000596046448,0.23066478967666626,0.3499999940395355,frozen_mlp_surrogate_adjoint,900,900,900,700,58.80854249000549,58.80854249000549,0.06534282498889499
92,171.3013916015625,138.93234252929688,102.0475845336914,94.39844512939453,0.6340374946594238,0.05430274456739426,0.15310823917388916,0.8962675333023071,0.8066343069076538,T015_035_015_035,0.0033512013033032417,0.0014816868351772428,0.037390291690826416,0.0014816868351772428,0.05,246,51573,0.025991330742519317,0.14868520200252533,0.15000000596046448,0.3026677668094635,0.3499999940395355,0.12456244230270386,0.15000000596046448,0.2307189404964447,0.3499999940395355,frozen_mlp_surrogate_adjoint,900,900,900,700,58.80854249000549,58.80854249000549,0.06534282498889499
93,171.0416717529297,138.7912139892578,102.00148010253906,94.40959167480469,0.6322338581085205,0.05168911814689636,0.15278804302215576,0.8964738845825195,0.8084272146224976,T015_035_015_035,0.0033512029331177473,0.0015161962946876884,0.036700133234262466,0.0015161962946876884,0.05,219,51210,0.02479932895842991,0.14929358661174774,0.15000000596046448,0.3036556839942932,0.3499999940395355,0.12483982741832733,0.15000000596046448,0.23063811659812927,0.3499999940395355,frozen_mlp_surrogate_adjoint,900,900,900,700,58.80854249000549,58.80854249000549,0.06534282498889499
94,171.21853637695312,138.87054443359375,102.04469299316406,94.40303039550781,0.6334620714187622,0.05315829813480377,0.15308815240859985,0.8963524103164673,0.8073447942733765,T015_035_015_035,0.0033512357622385025,0.0014954344369471073,0.03711602836847305,0.0014954344369471073,0.05,96,50812,0.01776467098687229,0.14874722063541412,0.15000000596046448,0.3032073974609375,0.3499999940395355,0.12473825365304947,0.15000000596046448,0.23065191507339478,0.3499999940395355,frozen_mlp_surrogate_adjoint,900,900,900,700,58.80854249000549,58.80854249000549,0.06534282498889499
95,171.32986450195312,138.95391845703125,102.05414581298828,94.3968505859375,0.634235143661499,0.05470210313796997,0.15315380692481995,0.8962380290031433,0.8063840270042419,T015_035_015_035,0.0033512390218675137,0.001476881792768836,0.03748714551329613,0.001476881792768836,0.05,771,50893,0.04994730987638635,0.14867478609085083,0.15000000596046448,0.30246812105178833,0.3499999940395355,0.12449682503938675,0.15000000596046448,0.23074431717395782,0.3499999940395355,frozen_mlp_surrogate_adjoint,900,900,900,700,58.80854249000549,58.80854249000549,0.06534282498889499
96,170.9622802734375,138.74575805664062,101.97380828857422,94.41351318359375,0.6316824555397034,0.05084750056266785,0.1525958925485611,0.896546483039856,0.8090051412582397,T015_035_015_035,0.00335129676386714,0.0015273449243977666,0.03647903725504875,0.0015273449243977666,0.05,198,50120,0.023619385318399674,0.1494397073984146,0.15000000596046448,0.3040078282356262,0.3499999940395355,0.12495637685060501,0.15000000596046448,0.2306012213230133,0.3499999940395355,frozen_mlp_surrogate_adjoint,900,900,900,700,58.80854249000549,58.80854249000549,0.06534282498889499
97,170.92141723632812,138.7359161376953,101.97651672363281,94.41609191894531,0.6313987374305725,0.05066518113017082,0.15261471271514893,0.896594226360321,0.8091813921928406,T015_035_015_035,0.0033513314556330442,0.0015307444846257567,0.03641173988580704,0.0015307444846257567,0.05,620,50612,0.043978121371570526,0.14965911209583282,0.15000000596046448,0.3039398491382599,0.3499999940395355,0.12496945261955261,0.15000000596046448,0.23061293363571167,0.3499999940395355,frozen_mlp_surrogate_adjoint,900,900,900,700,58.80854249000549,58.80854249000549,0.06534282498889499
98,171.40408325195312,138.98916625976562,102.0765151977539,94.39366149902344,0.6347505450248718,0.05535496771335602,0.15330912172794342,0.8961789011955261,0.8059087991714478,T015_035_015_035,0.0033513884991407394,0.0014678186271339655,0.037671394646167755,0.0014678186271339655,0.05,550,50862,0.041782022358529146,0.14846904575824738,0.15000000596046448,0.30224964022636414,0.3499999940395355,0.12443148344755173,0.15000000596046448,0.2307586371898651,0.3499999940395355,frozen_mlp_surrogate_adjoint,900,900,900,700,58.80854249000549,58.80854249000549,0.06534282498889499
99,171.42132568359375,138.9979705810547,102.07398986816406,94.392822265625,0.6348703503608704,0.05551798641681671,0.15329162776470184,0.896163284778595,0.8057973980903625,T015_035_015_035,0.0033514080569148064,0.0014656756538897753,0.037714648991823196,0.0014656756538897753,0.05,368,51485,0.03320114819170533,0.14841559529304504,0.15000000596046448,0.3022041320800781,0.3499999940395355,0.12441569566726685,0.15000000596046448,0.23076194524765015,0.3499999940395355,frozen_mlp_surrogate_adjoint,900,900,900,700,58.80854249000549,58.80854249000549,0.06534282498889499
100,171.4305419921875,139.00880432128906,102.08790588378906,94.39103698730469,0.6349343061447144,0.05571872740983963,0.15338826179504395,0.8961303234100342,0.805670976638794,T015_035_015_035,0.003351476276293397,0.0014632877428084612,0.037763770669698715,0.0014632877428084612,0.05,53,51099,0.014024296740357873,0.14846354722976685,0.15000000596046448,0.30208051204681396,0.3499999940395355,0.12433638423681259,0.15000000596046448,0.23079055547714233,0.3499999940395355,frozen_mlp_surrogate_adjoint,900,900,900,700,58.80854249000549,58.80854249000549,0.06534282498889499
101,171.4520263671875,139.0150909423828,102.09896850585938,94.391357421875,0.6350834965705872,0.05583503469824791,0.15346507728099823,0.8961361646652222,0.8055694103240967,T015_035_015_035,0.003351538209244609,0.0014613753883168101,0.03780325502157211,0.0014613753883168101,0.05,46,50720,0.013071652298642947,0.14837560057640076,0.15000000596046448,0.3020499348640442,0.3499999940395355,0.12436524778604507,0.15000000596046448,0.23077863454818726,0.3499999940395355,frozen_mlp_surrogate_adjoint,900,900,900,700,58.80854249000549,58.80854249000549,0.06534282498889499
102,170.76412963867188,138.6497039794922,101.946044921875,94.41461181640625,0.6303064227104187,0.04906872287392616,0.1524031162261963,0.8965668082237244,0.8102364540100098,T015_035_015_035,0.003351763356477022,0.0015512531390413642,0.03601020202040672,0.0015512531390413642,0.05,420,50367,0.035441661744881794,0.15001870691776276,0.15000000596046448,0.304691880941391,0.3499999940395355,0.12490752339363098,0.15000000596046448,0.23061837255954742,0.3499999940395355,frozen_mlp_surrogate_adjoint,900,900,900,700,58.80854249000549,58.80854249000549,0.06534282498889499
103,170.748046875,138.63438415527344,101.92933654785156,94.42151641845703,0.6301948428153992,0.04878479614853859,0.15228703618049622,0.8966947197914124,0.8104400634765625,T015_035_015_035,0.003351822029799223,0.0015551734250038862,0.03593296930193901,0.0015551734250038862,0.05,511,50536,0.04017641307498974,0.14997704327106476,0.15000000596046448,0.3047749996185303,0.3499999940395355,0.12513583898544312,0.15000000596046448,0.23055216670036316,0.3499999940395355,frozen_mlp_surrogate_adjoint,900,900,900,700,58.80854249000549,58.80854249000549,0.06534282498889499
104,170.7225341796875,138.61978149414062,101.96212005615234,94.42341613769531,0.6300175786018372,0.04851455241441727,0.1525147259235382,0.8967299461364746,0.8106037378311157,T015_035_015_035,0.003352004336193204,0.0015584571519866586,0.03587094321846962,0.0015584571519866586,0.05,622,50984,0.04406166694076438,0.15008364617824554,0.15000000596046448,0.3048068583011627,0.3499999940395355,0.12516628205776215,0.15000000596046448,0.23054692149162292,0.3499999940395355,frozen_mlp_surrogate_adjoint,900,900,900,700,58.80854249000549,58.80854249000549,0.06534282498889499
105,170.638671875,138.6028289794922,101.96427917480469,94.42324829101562,0.6294352412223816,0.04820065200328827,0.1525297313928604,0.8967267274856567,0.8109146356582642,T015_035_015_035,0.003352218307554722,0.001564554637297988,0.0357532761991024,0.001564554637297988,0.05,470,50778,0.0382245682978877,0.15055891871452332,0.15000000596046448,0.30471381545066833,0.3499999940395355,0.12502697110176086,0.15000000596046448,0.23061493039131165,0.3499999940395355,frozen_mlp_surrogate_adjoint,900,900,900,700,58.80854249000549,58.80854249000549,0.06534282498889499
106,171.69967651367188,139.14202880859375,102.1728286743164,94.38082885742188,0.6368033289909363,0.05818583443760872,0.15397797524929047,0.8959413766860962,0.8039064407348633,T015_035_015_035,0.0033524679020047188,0.0014298335881903768,0.03845268487930298,0.0014298335881903768,0.05,450,50199,0.03733722369439571,0.14777043461799622,0.15000000596046448,0.3011748194694519,0.3499999940395355,0.12411540746688843,0.15000000596046448,0.23084580898284912,0.3499999940395355,frozen_mlp_surrogate_adjoint,900,900,900,700,58.80854249000549,58.80854249000549,0.06534282498889499
107,171.68487548828125,139.14195251464844,102.18080139160156,94.38084411621094,0.6367005705833435,0.05818437039852142,0.15403331816196442,0.8959416151046753,0.8039325475692749,T015_035_015_035,0.0033524800091981888,0.0014303578063845634,0.03844244405627251,0.0014303578063845634,0.05,36,50806,0.011500311335137407,0.14789095520973206,0.15000000596046448,0.3010994493961334,0.3499999940395355,0.12407617270946503,0.15000000596046448,0.2308659702539444,0.3499999940395355,frozen_mlp_surrogate_adjoint,900,900,900,700,58.80854249000549,58.80854249000549,0.06534282498889499
108,171.80801391601562,139.21949768066406,102.16500854492188,94.37433624267578,0.6375555992126465,0.059620268642902374,0.15392369031906128,0.8958210349082947,0.8030102849006653,T015_035_015_035,0.003353044157847762,0.0014127966715022922,0.03880494832992554,0.0014127966715022922,0.05,385,50451,0.03394536984166228,0.14764319360256195,0.15000000596046448,0.3005495071411133,0.3499999940395355,0.12389105558395386,0.15000000596046448,0.230926513671875,0.3499999940395355,frozen_mlp_surrogate_adjoint,900,900,900,700,58.80854249000549,58.80854249000549,0.06534282498889499
109,170.96070861816406,138.68873596191406,102.84366607666016,94.40594482421875,0.6316716074943542,0.04979138821363449,0.15863656997680664,0.8964064121246338,0.8089295625686646,T015_035_015_035,0.0033541605807840824,0.0015287650749087334,0.03650791198015213,0.0015287650749087334,0.05,201,42,0.023741739646926625,0.1501902937889099,0.15000000596046448,0.30354854464530945,0.3499999940395355,0.12443375587463379,0.15000000596046448,0.23075702786445618,0.3499999940395355,frozen_mlp_surrogate_adjoint,900,900,900,700,58.80854249000549,58.80854249000549,0.06534282498889499
110,172.05984497070312,139.3553009033203,102.22013854980469,94.36204528808594,0.6393044590950012,0.062135081738233566,0.15430648624897003,0.8955933451652527,0.8012675046920776,T015_035_015_035,0.0033547698985785246,0.0013800396118313074,0.039494603872299194,0.0013800396118313074,0.05,284,51557,0.028777347680465415,0.14705905318260193,0.15000000596046448,0.29961544275283813,0.3499999940395355,0.12357746064662933,0.15000000596046448,0.23101554811000824,0.3499999940395355,frozen_mlp_surrogate_adjoint,900,900,900,700,58.80854249000549,58.80854249000549,0.06534282498889499
111,171.02005004882812,138.62164306640625,103.13751220703125,94.42045593261719,0.6320836544036865,0.04854899272322655,0.16067719459533691,0.8966751098632812,0.8092631101608276,T015_035_015_035,0.0033550215885043144,0.0015359933022409678,0.03638056293129921,0.0015359933022409678,0.05,83,51028,0.016492635040419895,0.14957264065742493,0.15000000596046448,0.30410781502723694,0.3499999940395355,0.12507104873657227,0.15000000596046448,0.23051157593727112,0.3499999940395355,frozen_mlp_surrogate_adjoint,900,900,900,700,58.80854249000549,58.80854249000549,0.06534282498889499
112,171.13961791992188,138.62059020996094,103.65709686279297,94.43365478515625,0.6329140067100525,0.0485294945538044,0.16428539156913757,0.8969195485115051,0.8087781071662903,T015_035_015_035,0.0033565983176231384,0.0015283076791092753,0.036565810441970825,0.0015283076791092753,0.05,441,51391,0.03709678671545589,0.14941668510437012,0.15000000596046448,0.30353379249572754,0.3499999940395355,0.12542100250720978,0.15000000596046448,0.23040665686130524,0.3499999940395355,frozen_mlp_surrogate_adjoint,900,900,900,700,58.80854249000549,58.80854249000549,0.06534282498889499
113,171.37252807617188,138.6720428466797,104.54045104980469,94.4310302734375,0.6345313787460327,0.04948233813047409,0.17041979730129242,0.8968708515167236,0.8074346780776978,T015_035_015_035,0.0033591247629374266,0.0015050546498969197,0.03708140179514885,0.0015050546498969197,0.05,98,50955,0.017835123275059178,0.14950290322303772,0.15000000596046448,0.3021775782108307,0.3499999940395355,0.12529025971889496,0.15000000596046448,0.2304638922214508,0.3499999940395355,frozen_mlp_surrogate_adjoint,900,900,900,700,58.80854249000549,58.80854249000549,0.06534282498889499
114,171.37338256835938,138.6585693359375,104.55442810058594,94.43395233154297,0.6345373392105103,0.04923272505402565,0.17051686346530914,0.8969250321388245,0.8075565099716187,T015_035_015_035,0.00335915619507432,0.0015074313851073384,0.037034496665000916,0.0015074313851073384,0.05,173,50195,0.02220193890893602,0.1494012176990509,0.15000000596046448,0.30231404304504395,0.3499999940395355,0.12542575597763062,0.15000000596046448,0.2304154634475708,0.3499999940395355,frozen_mlp_surrogate_adjoint,900,900,900,700,58.80854249000549,58.80854249000549,0.06534282498889499
115,172.75860595703125,139.71998596191406,102.3695068359375,94.32478332519531,0.6441569924354553,0.06888856738805771,0.15534381568431854,0.8949034214019775,0.796355128288269,T015_035_015_035,0.0033600521273911,0.0012864902382716537,0.04147123545408249,0.0012864902382716537,0.05,653,50157,0.045280840453793096,0.1452961415052414,0.15000000596046448,0.2973361611366272,0.3499999940395355,0.12233670055866241,0.15000000596046448,0.23138609528541565,0.3499999940395355,frozen_mlp_surrogate_adjoint,900,900,900,700,58.80854249000549,58.80854249000549,0.06534282498889499
116,172.74386596679688,139.72279357910156,102.37728881835938,94.32809448242188,0.644054651260376,0.06894060969352722,0.15539781749248505,0.8949646949768066,0.7963755130767822,T015_035_015_035,0.0033601028844714165,0.0012869562488049269,0.04146293178200722,0.0012869562488049269,0.05,615,50018,0.04388136063067732,0.14544126391410828,0.15000000596046448,0.297159880399704,0.3499999940395355,0.12238653749227524,0.15000000596046448,0.2313878834247589,0.3499999940395355,frozen_mlp_surrogate_adjoint,900,900,900,700,58.80854249000549,58.80854249000549,0.06534282498889499
117,171.70323181152344,138.66925048828125,105.63475036621094,94.41551208496094,0.6368280053138733,0.04943064972758293,0.17801907658576965,0.8965834975242615,0.8063670992851257,T015_035_015_035,0.003361700102686882,0.0014870150480419397,0.03749370202422142,0.0014870150480419397,0.05,109,51397,0.01832916136160542,0.14887294173240662,0.15000000596046448,0.30175381898880005,0.3499999940395355,0.1253538727760315,0.15000000596046448,0.23038643598556519,0.3499999940395355,frozen_mlp_surrogate_adjoint,900,900,900,700,58.80854249000549,58.80854249000549,0.06534282498889499
118,171.57518005371094,138.53665161132812,106.14188385009766,94.39399719238281,0.6359387636184692,0.04697496071457863,0.1815408617258072,0.8961851000785828,0.8074773550033569,T015_035_015_035,0.003362453542649746,0.0015092052053660154,0.037064969539642334,0.0015092052053660154,0.05,738,51304,0.04837751676882235,0.1495039016008377,0.15000000596046448,0.3026522397994995,0.3499999940395355,0.12481480091810226,0.15000000596046448,0.23050639033317566,0.3499999940395355,frozen_mlp_surrogate_adjoint,900,900,900,700,58.80854249000549,58.80854249000549,0.06534282498889499
119,171.71673583984375,138.54074096679688,106.42715454101562,94.37716674804688,0.6369218230247498,0.047050755470991135,0.18352188169956207,0.8958735466003418,0.8069846630096436,T015_035_015_035,0.0033629632089287043,0.0015002171276137233,0.03725492209196091,0.0015002171276137233,0.05,718,51404,0.04766774313000919,0.1489720195531845,0.15000000596046448,0.3029179573059082,0.3499999940395355,0.12457813322544098,0.15000000596046448,0.23051658272743225,0.3499999940395355,frozen_mlp_surrogate_adjoint,900,900,900,700,58.80854249000549,58.80854249000549,0.06534282498889499
120,173.03575134277344,139.87600708007812,102.46256256103516,94.32272338867188,0.6460816264152527,0.07177777588367462,0.15599001944065094,0.8948653340339661,0.7943274974822998,T015_035_015_035,0.0033633792772889137,0.0012483203317970037,0.042301177978515625,0.0012483203317970037,0.05,705,51269,0.0472910892900466,0.14473937451839447,0.15000000596046448,0.2959935963153839,0.3499999940395355,0.12209604680538177,0.15000000596046448,0.23149845004081726,0.3499999940395355,frozen_mlp_surrogate_adjoint,900,900,900,700,58.80854249000549,58.80854249000549,0.06534282498889499
121,172.28436279296875,138.8402862548828,106.6102523803711,94.34917449951172,0.6408636569976807,0.052597954869270325,0.18479342758655548,0.8953551054000854,0.8031185269355774,T015_035_015_035,0.00336457509547472,0.0014264591736719012,0.03876231610774994,0.0014264591736719012,0.05,872,51652,0.054118372304150335,0.14772136509418488,0.15000000596046448,0.30077970027923584,0.3499999940395355,0.12390515953302383,0.15000000596046448,0.23071229457855225,0.3499999940395355,frozen_mlp_surrogate_adjoint,900,900,900,700,58.80854249000549,58.80854249000549,0.06534282498889499
122,171.87603759765625,138.51412963867188,107.21516418457031,94.36479187011719,0.6380279660224915,0.04655802994966507,0.18899422883987427,0.8956443071365356,0.8065763711929321,T015_035_015_035,0.0033647799864411354,0.001494145137257874,0.037412699311971664,0.001494145137257874,0.05,724,50885,0.04776881705687145,0.14888505637645721,0.15000000596046448,0.3026820123195648,0.3499999940395355,0.12449704855680466,0.15000000596046448,0.23051229119300842,0.3499999940395355,frozen_mlp_surrogate_adjoint,900,900,900,700,58.80854249000549,58.80854249000549,0.06534282498889499
123,172.02662658691406,138.49497985839844,107.87298583984375,94.35359191894531,0.6390737891197205,0.04620321840047836,0.19356241822242737,0.8954368233680725,0.8061701059341431,T015_035_015_035,0.003366324584931135,0.0014878230867907405,0.037570029497146606,0.0014878230867907405,0.05,642,51251,0.04481385155446382,0.14870887994766235,0.15000000596046448,0.30252692103385925,0.3499999940395355,0.1244347020983696,0.15000000596046448,0.23049962520599365,0.3499999940395355,frozen_mlp_surrogate_adjoint,900,900,900,700,58.80854249000549,58.80854249000549,0.06534282498889499
124,172.24285888671875,138.59573364257812,108.03565979003906,94.34198760986328,0.6405753493309021,0.04806923866271973,0.19469207525253296,0.895222008228302,0.8047757148742676,T015_035_015_035,0.0033669937402009964,0.0014613678213208914,0.038112521171569824,0.0014613678213208914,0.05,519,51537,0.04041058956190568,0.14827121794223785,0.15000000596046448,0.3017549514770508,0.3499999940395355,0.1241789385676384,0.15000000596046448,0.23057064414024353,0.3499999940395355,frozen_mlp_surrogate_adjoint,900,900,900,700,58.80854249000549,58.80854249000549,0.06534282498889499
125,172.6627960205078,138.52130126953125,110.11431121826172,94.30924224853516,0.6434916257858276,0.046690795570611954,0.20912715792655945,0.8946155905723572,0.8037347197532654,T015_035_015_035,0.003372183069586754,0.001446179929189384,0.03852006047964096,0.001446179929189384,0.05,394,51196,0.03434657601979026,0.14800593256950378,0.15000000596046448,0.3011993169784546,0.3499999940395355,0.12397874146699905,0.15000000596046448,0.23055070638656616,0.3499999940395355,frozen_mlp_surrogate_adjoint,900,900,900,700,58.80854249000549,58.80854249000549,0.06534282498889499
126,173.8273162841797,140.30099487304688,102.61650848388672,94.30523681640625,0.6515786051750183,0.07964817434549332,0.15705910325050354,0.894541323184967,0.7887045741081238,T015_035_015_035,0.0033761642407625914,0.00114387646317482,0.044645756483078,0.00114387646317482,0.05,454,50407,0.03754813348263903,0.1428065001964569,0.15000000596046448,0.2928701341152191,0.3499999940395355,0.12119179964065552,0.15000000596046448,0.23183614015579224,0.3499999940395355,frozen_mlp_surrogate_adjoint,900,900,900,700,58.80854249000549,58.80854249000549,0.06534282498889499
127,173.29820251464844,138.56317138671875,112.218017578125,94.26847839355469,0.6479041576385498,0.047466181218624115,0.2237362414598465,0.8938607573509216,0.8012311458587646,T015_035_015_035,0.0033787451684474945,0.0014032922917976975,0.03950905799865723,0.0014032922917976975,0.05,765,51650,0.04958356538278396,0.1472141295671463,0.15000000596046448,0.29983383417129517,0.3499999940395355,0.12359969317913055,0.15000000596046448,0.23058345913887024,0.3499999940395355,frozen_mlp_surrogate_adjoint,900,900,900,700,58.80854249000549,58.80854249000549,0.06534282498889499
128,173.5199737548828,138.8946990966797,110.86482238769531,94.2657699584961,0.6494442820549011,0.05360548198223114,0.21433904767036438,0.8938105702400208,0.7984055280685425,T015_035_015_035,0.0033791051246225834,0.0013470884878188372,0.04064033180475235,0.0013470884878188372,0.05,164,50101,0.021666579384427183,0.14621882140636444,0.15000000596046448,0.2982960641384125,0.3499999940395355,0.12311166524887085,0.15000000596046448,0.2307789921760559,0.3499999940395355,frozen_mlp_surrogate_adjoint,900,900,900,700,58.80854249000549,58.80854249000549,0.06534282498889499
129,173.42686462402344,138.58480834960938,112.556884765625,94.26095581054688,0.6487976908683777,0.04786676540970802,0.2260894626379013,0.893721342086792,0.80064457654953,T015_035_015_035,0.003380086738616228,0.0013929576380178332,0.03974258527159691,0.0013929576380178332,0.05,756,51006,0.04930707711656157,0.14702315628528595,0.15000000596046448,0.29951003193855286,0.3499999940395355,0.12351547926664352,0.15000000596046448,0.2305958867073059,0.3499999940395355,frozen_mlp_surrogate_adjoint,900,900,900,700,58.80854249000549,58.80854249000549,0.06534282498889499
130,173.41152954101562,138.56077575683594,112.80662536621094,94.25894165039062,0.6486911177635193,0.04742182418704033,0.22782382369041443,0.8936840295791626,0.8007886409759521,T015_035_015_035,0.003380629001185298,0.0013963705860078335,0.039685167372226715,0.0013963705860078335,0.05,491,51742,0.03932867775281961,0.14734531939029694,0.15000000596046448,0.2993669807910919,0.3499999940395355,0.12344810366630554,0.15000000596046448,0.23062828183174133,0.3499999940395355,frozen_mlp_surrogate_adjoint,900,900,900,700,58.80854249000549,58.80854249000549,0.06534282498889499
131,173.5485076904297,138.56178283691406,113.07510375976562,94.2558822631836,0.6496424078941345,0.0474402979016304,0.22968824207782745,0.8936274647712708,0.8004037141799927,T015_035_015_035,0.00338149257004261,0.0013895585434511304,0.039838679134845734,0.0013895585434511304,0.05,749,50787,0.04894980311948714,0.1467922180891037,0.15000000596046448,0.299460232257843,0.3499999940395355,0.12361273169517517,0.15000000596046448,0.23053845763206482,0.3499999940395355,frozen_mlp_surrogate_adjoint,900,900,900,700,58.80854249000549,58.80854249000549,0.06534282498889499
132,174.30084228515625,140.52923583984375,102.74585723876953,94.29263305664062,0.6548669338226318,0.08387486636638641,0.15795733034610748,0.8943079710006714,0.7855457067489624,T015_035_015_035,0.0033861524425446987,0.001086620264686644,0.04599064216017723,0.001086620264686644,0.05,847,50774,0.053086828492524545,0.14147666096687317,0.15000000596046448,0.2913728356361389,0.3499999940395355,0.12070626020431519,0.15000000596046448,0.23198994994163513,0.3499999940395355,frozen_mlp_surrogate_adjoint,900,900,900,700,58.80854249000549,58.80854249000549,0.06534282498889499
133,174.01583862304688,138.70567321777344,113.92740631103516,94.22409057617188,0.6528878211975098,0.05010495334863663,0.23560699820518494,0.893038809299469,0.7978209853172302,T015_035_015_035,0.003386741504073143,0.0013429236132651567,0.040876355022192,0.0013429236132651567,0.05,837,51408,0.052639971049765866,0.14603722095489502,0.15000000596046448,0.2980804145336151,0.3499999940395355,0.12302352488040924,0.15000000596046448,0.23067982494831085,0.3499999940395355,frozen_mlp_surrogate_adjoint,900,900,900,700,58.80854249000549,58.80854249000549,0.06534282498889499
134,174.33111572265625,138.9302215576172,113.62635803222656,94.20892333984375,0.6550772190093994,0.05426345393061638,0.23351635038852692,0.892757773399353,0.7953130602836609,T015_035_015_035,0.0033904979936778545,0.0012956607388332486,0.04189674183726311,0.0012956607388332486,0.05,408,50272,0.03474653391727324,0.1451776623725891,0.15000000596046448,0.2967655062675476,0.3499999940395355,0.12253966927528381,0.15000000596046448,0.23083025217056274,0.3499999940395355,frozen_mlp_surrogate_adjoint,900,900,900,700,58.80854249000549,58.80854249000549,0.06534282498889499
135,168.12474060058594,137.0188446044922,102.3516845703125,94.82145690917969,0.6119773387908936,0.018867356702685356,0.15522000193595886,0.9041010737419128,0.8339245319366455,T015_035_015_035,0.0034004165790975094,0.0020213634707033634,0.02758106030523777,0.0020213634707033634,0.05,419,51552,0.035420544877810586,0.15574228763580322,0.15000000596046448,0.3142736256122589,0.3499999940395355,0.13580507040023804,0.15000000596046448,0.22810351848602295,0.3499999940395355,frozen_mlp_surrogate_adjoint,900,900,900,700,58.80854249000549,58.80854249000549,0.06534282498889499
136,175.049560546875,140.94398498535156,103.00556182861328,94.28146362304688,0.6600663661956787,0.0915551483631134,0.15976086258888245,0.8941011428833008,0.7800933718681335,T015_035_015_035,0.0034092762507498264,0.0009913300164043903,0.04835892468690872,0.0009913300164043903,0.05,868,50578,0.05398498060432754,0.1399267464876175,0.15000000596046448,0.287930428981781,0.3499999940395355,0.11991846561431885,0.15000000596046448,0.2323177456855774,0.3499999940395355,frozen_mlp_surrogate_adjoint,900,900,900,700,58.80854249000549,58.80854249000549,0.06534282498889499
137,175.09811401367188,140.9841766357422,102.86288452148438,94.27570343017578,0.6604035496711731,0.0922996774315834,0.15877003967761993,0.8939945101737976,0.7796616554260254,T015_035_015_035,0.0034102220088243484,0.0009827726753428578,0.04854898527264595,0.0009827726753428578,0.05,824,50968,0.0521103883273229,0.13970986008644104,0.15000000596046448,0.28786855936050415,0.3499999940395355,0.11969149112701416,0.15000000596046448,0.23239174485206604,0.3499999940395355,frozen_mlp_surrogate_adjoint,900,900,900,700,58.80854249000549,58.80854249000549,0.06534282498889499
138,175.05560302734375,140.6134490966797,105.1710205078125,94.24456787109375,0.6601083874702454,0.08543428778648376,0.17479877173900604,0.89341801404953,0.782103419303894,T015_035_015_035,0.003410641336813569,0.0010366952046751976,0.047478921711444855,0.0010366952046751976,0.05,278,50748,0.028115262655845942,0.14035169780254364,0.15000000596046448,0.289669394493103,0.3499999940395355,0.12010960280895233,0.15000000596046448,0.23197272419929504,0.3499999940395355,frozen_mlp_surrogate_adjoint,900,900,900,700,58.80854249000549,58.80854249000549,0.06534282498889499
139,175.16888427734375,141.07920837402344,102.89924621582031,94.24226379394531,0.6608949899673462,0.09405937790870667,0.1590225100517273,0.8933752775192261,0.7785391807556152,T015_035_015_035,0.003416182706132531,0.0009639380150474608,0.0490448959171772,0.0009639380150474608,0.05,602,50959,0.043567625116098366,0.1403815746307373,0.15000000596046448,0.2869724631309509,0.3499999940395355,0.11829438805580139,0.15000000596046448,0.2328907549381256,0.3499999940395355,frozen_mlp_surrogate_adjoint,900,900,900,700,58.80854249000549,58.80854249000549,0.06534282498889499
140,176.861083984375,141.7353973388672,103.21102142333984,94.1805648803711,0.6726463437080383,0.10621099174022675,0.16118766367435455,0.8922326564788818,0.7706384062767029,T015_035_015_035,0.0034509492106735706,0.0008206121856346726,0.0526067391037941,0.0008206121856346726,0.05,870,50729,0.054064874045241976,0.1378348171710968,0.15000000596046448,0.28221240639686584,0.3499999940395355,0.11688420176506042,0.15000000596046448,0.2337070107460022,0.3499999940395355,frozen_mlp_surrogate_adjoint,900,900,900,700,58.80854249000549,58.80854249000549,0.06534282498889499
141,177.31854248046875,139.35833740234375,121.62065124511719,93.95360565185547,0.6758232712745667,0.06219136342406273,0.2890322804450989,0.8880297541618347,0.78130704164505,T015_035_015_035,0.003465155139565468,0.0010738244745880365,0.0478266105055809,0.0010738244745880365,0.05,737,51448,0.048351243187809485,0.14092212915420532,0.15000000596046448,0.2907187342643738,0.3499999940395355,0.11816361546516418,0.15000000596046448,0.23150259256362915,0.3499999940395355,frozen_mlp_surrogate_adjoint,900,900,900,700,58.80854249000549,58.80854249000549,0.06534282498889499
142,177.3514404296875,139.36380004882812,121.64069366455078,93.94746398925781,0.6760517358779907,0.062292683869600296,0.2891714870929718,0.8879159092903137,0.7811654210090637,T015_035_015_035,0.0034651595633476973,0.0010707308538258076,0.04788857325911522,0.0010707308538258076,0.05,536,51121,0.041294624428965566,0.14075002074241638,0.15000000596046448,0.29082220792770386,0.3499999940395355,0.11806231737136841,0.15000000596046448,0.23153084516525269,0.3499999940395355,frozen_mlp_surrogate_adjoint,900,900,900,700,58.80854249000549,58.80854249000549,0.06534282498889499
143,177.35916137695312,139.37249755859375,121.68512725830078,93.94793701171875,0.676105260848999,0.062453705817461014,0.289480060338974,0.8879246711730957,0.7810608744621277,T015_035_015_035,0.003465190064162016,0.0010684728622436523,0.04793434217572212,0.0010684728622436523,0.05,654,50786,0.045292098385636956,0.14084488153457642,0.15000000596046448,0.29059943556785583,0.3499999940395355,0.11806240677833557,0.15000000596046448,0.23155415058135986,0.3499999940395355,frozen_mlp_surrogate_adjoint,900,900,900,700,58.80854249000549,58.80854249000549,0.06534282498889499
144,177.55435180664062,139.47842407226562,121.66770935058594,93.9352035522461,0.6774607300758362,0.06441514939069748,0.28935906291007996,0.887688934803009,0.7797459363937378,T015_035_015_035,0.0034662289544939995,0.0010406362125650048,0.04851185157895088,0.0010406362125650048,0.05,458,51086,0.037695698654151955,0.1402345448732376,0.15000000596046448,0.2899385094642639,0.3499999940395355,0.11787420511245728,0.15000000596046448,0.23169869184494019,0.3499999940395355,frozen_mlp_surrogate_adjoint,900,900,900,700,58.80854249000549,58.80854249000549,0.06534282498889499
145,166.5792236328125,137.4471893310547,89.95347595214844,94.24174499511719,0.6012446284294128,0.026799697428941727,0.0691213309764862,0.8933655619621277,0.8412960171699524,T015_035_015_035,0.003493004012852907,0.002233656356111169,0.02518695406615734,0.002233656356111169,0.05,894,50166,0.0550879340461042,0.1604916751384735,0.15000000596046448,0.31494152545928955,0.3499999940395355,0.1389700174331665,0.15000000596046448,0.22689276933670044,0.3499999940395355,frozen_mlp_surrogate_adjoint,900,900,900,700,58.80854249000549,58.80854249000549,0.06534282498889499
146,111.42079162597656,136.97909545898438,196.2799072265625,75.78421783447266,0.21819990873336792,0.01813148520886898,0.8074992895126343,0.551559567451477,0.8234596252441406,T015_035_015_035,0.0036018728278577328,0.0020435478072613478,0.031166503205895424,0.0020435478072613478,0.05,117,51615,0.018730757925904035,0.16671684384346008,0.15000000596046448,0.3184652626514435,0.3499999940395355,0.08114491403102875,0.15000000596046448,0.2571326196193695,0.3499999940395355,frozen_mlp_surrogate_adjoint,900,900,900,700,58.80854249000549,58.80854249000549,0.06534282498889499
147,111.41644287109375,136.97349548339844,196.24777221679688,75.7700424194336,0.21816976368427277,0.018027685582637787,0.8072762489318848,0.5512970685958862,0.8234268426895142,T015_035_015_035,0.0036019105464220047,0.0020430064760148525,0.031178079545497894,0.0020430064760148525,0.05,437,51451,0.036739964905972006,0.16671113669872284,0.15000000596046448,0.31841641664505005,0.3499999940395355,0.08101842552423477,0.15000000596046448,0.2572808265686035,0.3499999940395355,frozen_mlp_surrogate_adjoint,900,900,900,700,58.80854249000549,58.80854249000549,0.06534282498889499
148,111.44139099121094,136.96209716796875,196.20640563964844,75.7415771484375,0.21834301948547363,0.017816618084907532,0.8069889545440674,0.5507699251174927,0.8234239816665649,T015_035_015_035,0.003601976204663515,0.00204302161000669,0.031179090961813927,0.00204302161000669,0.05,72,51423,0.015675892970573903,0.16661801934242249,0.15000000596046448,0.31847620010375977,0.3499999940395355,0.08075277507305145,0.15000000596046448,0.25757697224617004,0.3499999940395355,frozen_mlp_surrogate_adjoint,900,900,900,700,58.80854249000549,58.80854249000549,0.06534282498889499
149,111.42729187011719,136.94735717773438,196.17184448242188,75.72349548339844,0.21824508905410767,0.01754368096590042,0.8067488670349121,0.5504350662231445,0.8235452175140381,T015_035_015_035,0.0036020013503730297,0.002045186934992671,0.031136291101574898,0.002045186934992671,0.05,86,51414,0.016627104849311368,0.1664922535419464,0.15000000596046448,0.3187273442745209,0.3499999940395355,0.08063808083534241,0.15000000596046448,0.2576875388622284,0.3499999940395355,frozen_mlp_surrogate_adjoint,900,900,900,700,58.80854249000549,58.80854249000549,0.06534282498889499
150,111.41361999511719,136.99896240234375,196.29266357421875,75.8040771484375,0.21815012395381927,0.01849921979010105,0.8075879812240601,0.5519273281097412,0.8231906890869141,T015_035_015_035,0.003602040931582451,0.002038964070379734,0.03126153349876404,0.002038964070379734,0.05,703,51365,0.04725954511816144,0.16698013246059418,0.15000000596046448,0.3178974688053131,0.3499999940395355,0.08125457912683487,0.15000000596046448,0.2570584714412689,0.3499999940395355,frozen_mlp_surrogate_adjoint,900,900,900,700,58.80854249000549,58.80854249000549,0.06534282498889499
151,111.40815734863281,137.0035858154297,196.32142639160156,75.81837463378906,0.21811221539974213,0.018585002049803734,0.8077876567840576,0.552192211151123,0.8232349157333374,T015_035_015_035,0.003602052805945277,0.0020397580228745937,0.031245894730091095,0.0020397580228745937,0.05,623,51236,0.04414094303305341,0.1669892519712448,0.15000000596046448,0.3179566562175751,0.3499999940395355,0.08139537274837494,0.15000000596046448,0.2568936049938202,0.3499999940395355,frozen_mlp_surrogate_adjoint,900,900,900,700,58.80854249000549,58.80854249000549,0.06534282498889499
152,111.4140853881836,136.98374938964844,196.2379150390625,75.77617645263672,0.21815337240695953,0.018217699602246284,0.8072077631950378,0.5514106750488281,0.8232250213623047,T015_035_015_035,0.0036020781844854355,0.002039608545601368,0.03124939277768135,0.002039608545601368,0.05,168,50481,0.021902073087021502,0.16687968373298645,0.15000000596046448,0.3180113434791565,0.3499999940395355,0.08101698756217957,0.15000000596046448,0.2573170065879822,0.3499999940395355,frozen_mlp_surrogate_adjoint,900,900,900,700,58.80854249000549,58.80854249000549,0.06534282498889499
153,111.3992919921875,136.9989471435547,196.3060760498047,75.81513977050781,0.21805064380168915,0.018498899415135384,0.8076810836791992,0.552132248878479,0.823265790939331,T015_035_015_035,0.0036021871492266655,0.0020404381211847067,0.03123498149216175,0.0020404381211847067,0.05,522,50435,0.04055091733495529,0.16696122288703918,0.15000000596046448,0.318021297454834,0.3499999940395355,0.08137410879135132,0.15000000596046448,0.2569091320037842,0.3499999940395355,frozen_mlp_surrogate_adjoint,900,900,900,700,58.80854249000549,58.80854249000549,0.06534282498889499
154,111.39936828613281,137.0048065185547,196.3323974609375,75.825439453125,0.21805113554000854,0.018607642501592636,0.8078638911247253,0.5523229241371155,0.8232667446136475,T015_035_015_035,0.0036021952982991934,0.0020404630340635777,0.03123464435338974,0.0020404630340635777,0.05,152,51481,0.020949271286428442,0.16699062287807465,0.15000000596046448,0.3180032968521118,0.3499999940395355,0.08146950602531433,0.15000000596046448,0.2568032741546631,0.3499999940395355,frozen_mlp_surrogate_adjoint,900,900,900,700,58.80854249000549,58.80854249000549,0.06534282498889499
155,111.40167236328125,137.00177001953125,196.320068359375,75.81764221191406,0.21806715428829193,0.018551409244537354,0.8077782988548279,0.5521785616874695,0.8232616186141968,T015_035_015_035,0.0036022025160491467,0.0020403799135237932,0.031236454844474792,0.0020403799135237932,0.05,224,50453,0.024990003281587667,0.16697236895561218,0.15000000596046448,0.31800827383995056,0.3499999940395355,0.08139902353286743,0.15000000596046448,0.256881982088089,0.3499999940395355,frozen_mlp_surrogate_adjoint,900,900,900,700,58.80854249000549,58.80854249000549,0.06534282498889499
156,111.42411804199219,136.9341278076172,196.17079162597656,75.71625518798828,0.21822306513786316,0.01729871705174446,0.8067415952682495,0.5503010153770447,0.8237653970718384,T015_035_015_035,0.003602210897952318,0.0020492791663855314,0.03105863556265831,0.0020492791663855314,0.05,465,51277,0.03800587545588152,0.16630661487579346,0.15000000596046448,0.3191731572151184,0.3499999940395355,0.08063017576932907,0.15000000596046448,0.25765547156333923,0.3499999940395355,frozen_mlp_surrogate_adjoint,900,900,900,700,58.80854249000549,58.80854249000549,0.06534282498889499
157,111.45691680908203,136.93081665039062,196.18829345703125,75.71289825439453,0.21845081448554993,0.01723732426762581,0.8068631887435913,0.5502389073371887,0.8238589763641357,T015_035_015_035,0.003602443728595972,0.002051160903647542,0.031025659292936325,0.002051160903647542,0.05,369,50559,0.033253141185765396,0.16619569063186646,0.15000000596046448,0.3193970024585724,0.3499999940395355,0.0805974006652832,0.15000000596046448,0.2576688528060913,0.3499999940395355,frozen_mlp_surrogate_adjoint,900,900,900,700,58.80854249000549,58.80854249000549,0.06534282498889499
158,111.40033721923828,137.02951049804688,196.388916015625,75.86122131347656,0.21805790066719055,0.01906510442495346,0.8082563281059265,0.5529855489730835,0.8230836987495422,T015_035_015_035,0.0036026258021593094,0.002037656959146261,0.03129937872290611,0.002037656959146261,0.05,456,50358,0.03762716314985039,0.16722321510314941,0.15000000596046448,0.3175874948501587,0.3499999940395355,0.08173475414514542,0.15000000596046448,0.2565382122993469,0.3499999940395355,frozen_mlp_surrogate_adjoint,900,900,900,700,58.80854249000549,58.80854249000549,0.06534282498889499
159,111.39218139648438,137.03273010253906,196.39260864257812,75.86719512939453,0.21800127625465393,0.01912451535463333,0.8082819581031799,0.5530961751937866,0.8230555057525635,T015_035_015_035,0.0036026870366185904,0.002037219237536192,0.031309355050325394,0.002037219237536192,0.05,760,51153,0.04941739129569753,0.16726595163345337,0.15000000596046448,0.3175157904624939,0.3499999940395355,0.08178424835205078,0.15000000596046448,0.25648951530456543,0.3499999940395355,frozen_mlp_surrogate_adjoint,900,900,900,700,58.80854249000549,58.80854249000549,0.06534282498889499
160,111.38551330566406,137.03369140625,196.38311767578125,75.86598205566406,0.21795494854450226,0.01914242096245289,0.8082161545753479,0.5530738234519958,0.8230074644088745,T015_035_015_035,0.003602780867367983,0.002036463003605604,0.031326357275247574,0.002036463003605604,0.05,566,50215,0.04237455537334385,0.1673070788383484,0.15000000596046448,0.3174155652523041,0.3499999940395355,0.08176781237125397,0.15000000596046448,0.2565169930458069,0.3499999940395355,frozen_mlp_surrogate_adjoint,900,900,900,700,58.80854249000549,58.80854249000549,0.06534282498889499
161,111.42613220214844,137.00340270996094,196.33889770507812,75.81390380859375,0.21823705732822418,0.01858159713447094,0.8079090118408203,0.5521092414855957,0.823261022567749,T015_035_015_035,0.0036028295289725065,0.002040996216237545,0.031236665323376656,0.002040996216237545,0.05,257,50795,0.026623063404783494,0.16694515943527222,0.15000000596046448,0.31804579496383667,0.3499999940395355,0.0813484862446785,0.15000000596046448,0.25692155957221985,0.3499999940395355,frozen_mlp_surrogate_adjoint,900,900,900,700,58.80854249000549,58.80854249000549,0.06534282498889499
162,111.40168762207031,137.02545166015625,196.36190795898438,75.85660552978516,0.2180672436952591,0.018989793956279755,0.8080687522888184,0.5529000759124756,0.8230583667755127,T015_035_015_035,0.0036028786562383175,0.0020374616142362356,0.03130834177136421,0.0020374616142362356,0.05,568,7,0.0423860767032576,0.16721245646476746,0.15000000596046448,0.31756871938705444,0.3499999940395355,0.0816631093621254,0.15000000596046448,0.2566141188144684,0.3499999940395355,frozen_mlp_surrogate_adjoint,900,900,900,700,58.80854249000549,58.80854249000549,0.06534282498889499
163,111.3877944946289,137.0444793701172,196.40919494628906,75.88563537597656,0.2179708033800125,0.019342124462127686,0.8083971738815308,0.5534377098083496,0.8229398131370544,T015_035_015_035,0.0036032290663570166,0.0020357135217636824,0.031350310891866684,0.0020357135217636824,0.05,860,50468,0.05341395760250095,0.16739800572395325,0.15000000596046448,0.31726694107055664,0.3499999940395355,0.08190668374300003,0.15000000596046448,0.25636816024780273,0.3499999940395355,frozen_mlp_surrogate_adjoint,900,900,900,700,58.80854249000549,58.80854249000549,0.06534282498889499
164,111.37599182128906,137.0370330810547,196.39283752441406,75.88374328613281,0.21788881719112396,0.01920429617166519,0.8082835674285889,0.5534026622772217,0.8230220079421997,T015_035_015_035,0.0036033904179930687,0.0020373298320919275,0.0313212089240551,0.0020373298320919275,0.05,538,50277,0.04136613590552618,0.1673317849636078,0.15000000596046448,0.31743568181991577,0.3499999940395355,0.08190448582172394,0.15000000596046448,0.256350040435791,0.3499999940395355,frozen_mlp_surrogate_adjoint,900,900,900,700,58.80854249000549,58.80854249000549,0.06534282498889499
165,111.33355712890625,136.8964385986328,196.0312042236328,75.66857147216797,0.21759414672851562,0.016600647941231728,0.8057722449302673,0.5494179725646973,0.82392418384552,T015_035_015_035,0.0036034430377185345,0.0020533085335046053,0.031002692878246307,0.0020533085335046053,0.05,808,50357,0.05134488159807509,0.16615287959575653,0.15000000596046448,0.31947851181030273,0.3499999940395355,0.08032197505235672,0.15000000596046448,0.2579708397388458,0.3499999940395355,frozen_mlp_surrogate_adjoint,900,900,900,700,58.80854249000549,58.80854249000549,0.06534282498889499
166,111.38785552978516,137.05584716796875,196.42520141601562,75.90167236328125,0.21797120571136475,0.019552791491150856,0.8085083365440369,0.5537347197532654,0.822820782661438,T015_035_015_035,0.003603847697377205,0.0020342241041362286,0.031392473727464676,0.0020342241041362286,0.05,863,50870,0.05369533144436133,0.16752512753009796,0.15000000596046448,0.3170175552368164,0.3499999940395355,0.08200687915086746,0.15000000596046448,0.25627124309539795,0.3499999940395355,frozen_mlp_surrogate_adjoint,900,900,900,700,58.80854249000549,58.80854249000549,0.06534282498889499
167,111.28578186035156,136.86888122558594,195.9295654296875,75.63101959228516,0.2172623723745346,0.01609048992395401,0.8050664663314819,0.5487226247787476,0.8240341544151306,T015_035_015_035,0.0036041198763996363,0.0020559208933264017,0.03096397966146469,0.0020559208933264017,0.05,587,51278,0.0432017056795085,0.16602212190628052,0.15000000596046448,0.31970199942588806,0.3499999940395355,0.08006148785352707,0.15000000596046448,0.25824856758117676,0.3499999940395355,frozen_mlp_surrogate_adjoint,900,900,900,700,58.80854249000549,58.80854249000549,0.06534282498889499
168,111.38076782226562,137.06582641601562,196.46112060546875,75.91078186035156,0.21792197227478027,0.019737420603632927,0.8087577819824219,0.5539032816886902,0.8227708339691162,T015_035_015_035,0.0036042327992618084,0.00203372398391366,0.03141017630696297,0.00203372398391366,0.05,480,50320,0.038760985557810976,0.16760526597499847,0.15000000596046448,0.31688928604125977,0.3499999940395355,0.08209672570228577,0.15000000596046448,0.256179541349411,0.3499999940395355,frozen_mlp_surrogate_adjoint,900,900,900,700,58.80854249000549,58.80854249000549,0.06534282498889499
169,111.059814453125,136.81605529785156,195.71310424804688,75.59088134765625,0.2156931310892105,0.015112115070223808,0.8035631775856018,0.5479792952537537,0.8242983818054199,T015_035_015_035,0.003606135491281748,0.0020625826437026262,0.030871057882905006,0.0020625826437026262,0.05,611,50291,0.043729778607199676,0.16593818366527557,0.15000000596046448,0.3200807571411133,0.3499999940395355,0.07993999123573303,0.15000000596046448,0.25833940505981445,0.3499999940395355,frozen_mlp_surrogate_adjoint,900,900,900,700,58.80854249000549,58.80854249000549,0.06534282498889499
170,111.3306884765625,137.12393188476562,196.57843017578125,76.0047836303711,0.21757423877716064,0.020813627168536186,0.8095723986625671,0.5556440949440002,0.8223352432250977,T015_035_015_035,0.003607669845223427,0.0020294315181672573,0.03156476467847824,0.0020294315181672573,0.05,897,50207,0.05522694027348021,0.16822707653045654,0.15000000596046448,0.3158411979675293,0.3499999940395355,0.08283931761980057,0.15000000596046448,0.25542765855789185,0.3499999940395355,frozen_mlp_surrogate_adjoint,900,900,900,700,58.80854249000549,58.80854249000549,0.06534282498889499
171,110.384765625,136.696533203125,195.119140625,75.51327514648438,0.2110052853822708,0.012898731976747513,0.7994385361671448,0.5465420484542847,0.8246598243713379,T015_035_015_035,0.0036109518259763718,0.002073742914944887,0.030744176357984543,0.002073742914944887,0.05,463,51218,0.03790330726352985,0.16612258553504944,0.15000000596046448,0.32030513882637024,0.3499999940395355,0.07983654737472534,0.15000000596046448,0.25839555263519287,0.3499999940395355,frozen_mlp_surrogate_adjoint,900,900,900,700,58.80854249000549,58.80854249000549,0.06534282498889499
172,110.22921752929688,136.6709747314453,194.9929656982422,75.49285888671875,0.20992513000965118,0.012425423599779606,0.7985622882843018,0.5461639761924744,0.8247337341308594,T015_035_015_035,0.003611890831962228,0.002075977623462677,0.030718263238668442,0.002075977623462677,0.05,592,51702,0.04334156389745091,0.1661779284477234,0.15000000596046448,0.3203272223472595,0.3499999940395355,0.07980631291866302,0.15000000596046448,0.25842225551605225,0.3499999940395355,frozen_mlp_surrogate_adjoint,900,900,900,700,58.80854249000549,58.80854249000549,0.06534282498889499
173,110.20687866210938,136.6669158935547,194.96932983398438,75.49266815185547,0.20977000892162323,0.012350255623459816,0.7983981370925903,0.5461605191230774,0.8247427940368652,T015_035_015_035,0.003612013068050146,0.0020762586500495672,0.030715087428689003,0.0020762586500495672,0.05,548,51147,0.0417483564559796,0.16618773341178894,0.15000000596046448,0.320329487323761,0.3499999940395355,0.07981602102518082,0.15000000596046448,0.2584095299243927,0.3499999940395355,frozen_mlp_surrogate_adjoint,900,900,900,700,58.80854249000549,58.80854249000549,0.06534282498889499
174,109.47296142578125,136.5349578857422,194.3309326171875,75.40425872802734,0.20467333495616913,0.00990667100995779,0.7939647436141968,0.544523298740387,0.8251873254776001,T015_035_015_035,0.0036171595565974712,0.002089186105877161,0.030559470877051353,0.002089186105877161,0.05,609,50570,0.04368706866946994,0.16634947061538696,0.15000000596046448,0.32066553831100464,0.3499999940395355,0.07969784736633301,0.15000000596046448,0.2584744989871979,0.3499999940395355,frozen_mlp_surrogate_adjoint,900,900,900,700,58.80854249000549,58.80854249000549,0.06534282498889499
175,109.2688217163086,136.49818420410156,194.11883544921875,75.36985778808594,0.20325569808483124,0.009225621819496155,0.7924919128417969,0.5438863039016724,0.8251778483390808,T015_035_015_035,0.003618762595579028,0.0020906233694404364,0.030562784522771835,0.0020906233694404364,0.05,591,51564,0.04329944310151018,0.16646596789360046,0.15000000596046448,0.3205187916755676,0.3499999940395355,0.07953862100839615,0.15000000596046448,0.25865447521209717,0.3499999940395355,frozen_mlp_surrogate_adjoint,900,900,900,700,58.80854249000549,58.80854249000549,0.06534282498889499
176,111.58967590332031,137.15347290039062,194.5660400390625,75.16653442382812,0.2193727344274521,0.021360604092478752,0.7955975532531738,0.5401210188865662,0.8168234825134277,T015_035_015_035,0.0037491070106625557,0.002071425085887313,0.03355363756418228,0.002071425085887313,0.05,666,51060,0.045706877936907996,0.17223308980464935,0.15000000596046448,0.30384162068367004,0.3499999940395355,0.07376353442668915,0.15000000596046448,0.2669852375984192,0.3499999940395355,frozen_mlp_surrogate_adjoint,900,900,900,700,58.80854249000549,58.80854249000549,0.06534282498889499
177,111.59950256347656,137.14321899414062,194.5106201171875,75.13931274414062,0.2194409966468811,0.021170642226934433,0.7952125668525696,0.5396169424057007,0.8169026970863342,T015_035_015_035,0.0037492304109036922,0.0020729992538690567,0.03352462127804756,0.0020729992538690567,0.05,22,50565,0.008940427639199803,0.17216478288173676,0.15000000596046448,0.3038933277130127,0.3499999940395355,0.0735349953174591,0.15000000596046448,0.26730960607528687,0.3499999940395355,frozen_mlp_surrogate_adjoint,900,900,900,700,58.80854249000549,58.80854249000549,0.06534282498889499
178,111.5697250366211,137.1985321044922,194.65863037109375,75.22911071777344,0.21923421323299408,0.022194992750883102,0.7962404489517212,0.5412799119949341,0.8163138628005981,T015_035_015_035,0.0037496360018849373,0.0020626059267669916,0.03374059870839119,0.0020626059267669916,0.05,490,50626,0.03922591263780467,0.17264297604560852,0.15000000596046448,0.30283719301223755,0.3499999940395355,0.07431758940219879,0.15000000596046448,0.2665161192417145,0.3499999940395355,frozen_mlp_surrogate_adjoint,900,900,900,700,58.80854249000549,58.80854249000549,0.06534282498889499
179,111.55404663085938,137.223876953125,194.73077392578125,75.27720642089844,0.21912531554698944,0.02266436256468296,0.7967415452003479,0.542170524597168,0.816043496131897,T015_035_015_035,0.003750469069927931,0.0020584692247211933,0.03383999690413475,0.0020584692247211933,0.05,852,50226,0.053214152600535525,0.17286008596420288,0.15000000596046448,0.3023923635482788,0.3499999940395355,0.07471735775470734,0.15000000596046448,0.26607373356819153,0.3499999940395355,frozen_mlp_surrogate_adjoint,900,900,900,700,58.80854249000549,58.80854249000549,0.06534282498889499
180,139.93618774414062,137.35186767578125,194.2811279296875,78.21928405761719,0.4162234961986542,0.025034621357917786,0.79361891746521,0.5966533422470093,0.8140928745269775,T015_035_015_035,0.003919032867997885,0.0021909598726779222,0.034561458975076675,0.0021909598726779222,0.05,832,51536,0.05251138174207303,0.1698499470949173,0.15000000596046448,0.3086974620819092,0.3499999940395355,0.07207155972719193,0.15000000596046448,0.26347389817237854,0.3499999940395355,frozen_mlp_surrogate_adjoint,900,900,900,700,58.80854249000549,58.80854249000549,0.06534282498889499
181,139.92221069335938,137.34976196289062,194.2581329345703,78.21734619140625,0.41612643003463745,0.024995706975460052,0.7934592366218567,0.596617579460144,0.8141392469406128,T015_035_015_035,0.003919109236449003,0.0021918981801718473,0.034544218331575394,0.0021918981801718473,0.05,867,51476,0.05395566383548265,0.16986241936683655,0.15000000596046448,0.3087148666381836,0.3499999940395355,0.07203865051269531,0.15000000596046448,0.2635233700275421,0.3499999940395355,frozen_mlp_surrogate_adjoint,900,900,900,700,58.80854249000549,58.80854249000549,0.06534282498889499
182,139.93870544433594,137.3520050048828,194.2953338623047,78.21836853027344,0.41624099016189575,0.025037048384547234,0.793717622756958,0.5966363549232483,0.8140855431556702,T015_035_015_035,0.003919134847819805,0.0021909254137426615,0.03456418588757515,0.0021909254137426615,0.05,41,51545,0.012438895746890145,0.16982682049274445,0.15000000596046448,0.3087329864501953,0.3499999940395355,0.07208086550235748,0.15000000596046448,0.2634449005126953,0.3499999940395355,frozen_mlp_surrogate_adjoint,900,900,900,700,58.80854249000549,58.80854249000549,0.06534282498889499
183,139.94566345214844,137.3477020263672,194.27560424804688,78.2066650390625,0.4162893295288086,0.02495753765106201,0.7935805916786194,0.5964198112487793,0.8141982555389404,T015_035_015_035,0.003919222392141819,0.002193107735365629,0.03452228754758835,0.002193107735365629,0.05,265,51718,0.027276537396224397,0.16983281075954437,0.15000000596046448,0.30880552530288696,0.3499999940395355,0.07199463248252869,0.15000000596046448,0.2635652720928192,0.3499999940395355,frozen_mlp_surrogate_adjoint,900,900,900,700,58.80854249000549,58.80854249000549,0.06534282498889499
184,139.94711303710938,137.34864807128906,194.27462768554688,78.22138977050781,0.41629937291145325,0.024975059553980827,0.7935738563537598,0.5966924428939819,0.8141000866889954,T015_035_015_035,0.003919249400496483,0.0021913107484579086,0.03455877676606178,0.0021913107484579086,0.05,314,51375,0.030103830262413894,0.16981294751167297,0.15000000596046448,0.30876973271369934,0.3499999940395355,0.072072833776474,0.15000000596046448,0.26344460248947144,0.3499999940395355,frozen_mlp_surrogate_adjoint,900,900,900,700,58.80854249000549,58.80854249000549,0.06534282498889499
185,139.94461059570312,137.34884643554688,194.2753143310547,78.20899200439453,0.41628196835517883,0.024978669360280037,0.793578565120697,0.5964628458023071,0.8141788244247437,T015_035_015_035,0.003919262904673815,0.0021927873603999615,0.034529510885477066,0.0021927873603999615,0.05,102,50840,0.018064811173716763,0.16984650492668152,0.15000000596046448,0.30877017974853516,0.3499999940395355,0.07200637459754944,0.15000000596046448,0.26355573534965515,0.3499999940395355,frozen_mlp_surrogate_adjoint,900,900,900,700,58.80854249000549,58.80854249000549,0.06534282498889499
186,139.940185546875,137.34999084472656,194.29046630859375,78.22156524658203,0.4162512719631195,0.024999821558594704,0.7936838269233704,0.5966956615447998,0.8140817880630493,T015_035_015_035,0.003919272683560848,0.002190993633121252,0.03456558287143707,0.002190993633121252,0.05,492,50779,0.03933842566799524,0.16979815065860748,0.15000000596046448,0.3087838292121887,0.3499999940395355,0.07209274172782898,0.15000000596046448,0.2634071409702301,0.3499999940395355,frozen_mlp_surrogate_adjoint,900,900,900,700,58.80854249000549,58.80854249000549,0.06534282498889499
187,139.8614959716797,137.35972595214844,194.23858642578125,78.23527526855469,0.4157048463821411,0.025180187076330185,0.7933235764503479,0.596949577331543,0.8139885663986206,T015_035_015_035,0.003919279668480158,0.002189266961067915,0.03460025414824486,0.002189266961067915,0.05,879,51181,0.05424265084584569,0.16998545825481415,0.15000000596046448,0.30840203166007996,0.3499999940395355,0.0721183568239212,0.15000000596046448,0.2634827792644501,0.3499999940395355,frozen_mlp_surrogate_adjoint,900,900,900,700,58.80854249000549,58.80854249000549,0.06534282498889499
188,139.9108428955078,137.34886169433594,194.24903869628906,78.21674346923828,0.41604751348495483,0.024979041889309883,0.7933961153030396,0.5966063737869263,0.8141564130783081,T015_035_015_035,0.0039192805998027325,0.0021923885215073824,0.03453784063458443,0.0021923885215073824,0.05,567,51413,0.04238361240330641,0.1698632687330246,0.15000000596046448,0.3087307810783386,0.3499999940395355,0.07202579081058502,0.15000000596046448,0.26353657245635986,0.3499999940395355,frozen_mlp_surrogate_adjoint,900,900,900,700,58.80854249000549,58.80854249000549,0.06534282498889499
189,139.9402313232422,137.34805297851562,194.2684326171875,78.2210693359375,0.4162515699863434,0.024964001029729843,0.7935307621955872,0.5966864824295044,0.8141129016876221,T015_035_015_035,0.003919284790754318,0.0021915840916335583,0.03455401211977005,0.0021915840916335583,0.05,130,51315,0.01970026236626319,0.16981405019760132,0.15000000596046448,0.3087797462940216,0.3499999940395355,0.07206571102142334,0.15000000596046448,0.2634533941745758,0.3499999940395355,frozen_mlp_surrogate_adjoint,900,900,900,700,58.80854249000549,58.80854249000549,0.06534282498889499
190,139.9410400390625,137.34439086914062,194.26556396484375,78.21195983886719,0.41625720262527466,0.024896245449781418,0.7935108542442322,0.5965177416801453,0.8141986131668091,T015_035_015_035,0.003919309936463833,0.0021932017989456654,0.0345221571624279,0.0021932017989456654,0.05,57,50580,0.014353457740793052,0.16978637874126434,0.15000000596046448,0.3088926076889038,0.3499999940395355,0.07201559841632843,0.15000000596046448,0.2635040283203125,0.3499999940395355,frozen_mlp_surrogate_adjoint,900,900,900,700,58.80854249000549,58.80854249000549,0.06534282498889499
191,139.94871520996094,137.3466033935547,194.28134155273438,78.20809173583984,0.41631048917770386,0.024937234818935394,0.7936204075813293,0.59644615650177,0.8141854405403137,T015_035_015_035,0.0039193835109472275,0.0021930309012532234,0.03452705219388008,0.0021930309012532234,0.05,171,50606,0.022063601531399094,0.1697993129491806,0.15000000596046448,0.3088538646697998,0.3499999940395355,0.07200679183006287,0.15000000596046448,0.26352542638778687,0.3499999940395355,frozen_mlp_surrogate_adjoint,900,900,900,700,58.80854249000549,58.80854249000549,0.06534282498889499
192,139.930908203125,137.34703063964844,194.2687225341797,78.20768737792969,0.4161868989467621,0.02494492009282112,0.7935327887535095,0.5964386463165283,0.8142019510269165,T015_035_015_035,0.0039193895645439625,0.0021933438256382942,0.034520916640758514,0.0021933438256382942,0.05,361,50900,0.03267333152528574,0.1698262244462967,0.15000000596046448,0.3088242709636688,0.3499999940395355,0.07199369370937347,0.15000000596046448,0.2635577321052551,0.3499999940395355,frozen_mlp_surrogate_adjoint,900,900,900,700,58.80854249000549,58.80854249000549,0.06534282498889499
193,139.8505859375,137.3587188720703,194.23355102539062,78.23312377929688,0.4156290590763092,0.025161566212773323,0.7932885885238647,0.5969096422195435,0.8140113949775696,T015_035_015_035,0.0039193942211568356,0.0021898061968386173,0.034591760486364365,0.0021898061968386173,0.05,23,50324,0.009636024905050725,0.16997933387756348,0.15000000596046448,0.30843159556388855,0.3499999940395355,0.07210187613964081,0.15000000596046448,0.26349860429763794,0.3499999940395355,frozen_mlp_surrogate_adjoint,900,900,900,700,58.80854249000549,58.80854249000549,0.06534282498889499
194,139.94845581054688,137.35211181640625,194.30799865722656,78.21163940429688,0.4163086712360382,0.025039199739694595,0.7938055396080017,0.5965118408203125,0.8141007423400879,T015_035_015_035,0.003919408656656742,0.0021914816461503506,0.03455853462219238,0.0021914816461503506,0.05,29,50321,0.010455030507137275,0.16982021927833557,0.15000000596046448,0.3087504208087921,0.3499999940395355,0.07205123454332352,0.15000000596046448,0.2634789049625397,0.3499999940395355,frozen_mlp_surrogate_adjoint,900,900,900,700,58.80854249000549,58.80854249000549,0.06534282498889499
195,139.94827270507812,137.34182739257812,194.24122619628906,78.21653747558594,0.4163074195384979,0.02484869584441185,0.793341875076294,0.5966024994850159,0.8141992092132568,T015_035_015_035,0.003919444978237152,0.0021933482494205236,0.034521933645009995,0.0021933482494205236,0.05,56,50044,0.014282722915462311,0.16978734731674194,0.15000000596046448,0.30889272689819336,0.3499999940395355,0.07201078534126282,0.15000000596046448,0.26350829005241394,0.3499999940395355,frozen_mlp_surrogate_adjoint,900,900,900,700,58.80854249000549,58.80854249000549,0.06534282498889499
196,139.94448852539062,137.34637451171875,194.2818145751953,78.21197509765625,0.41628116369247437,0.024932904168963432,0.793623685836792,0.5965180397033691,0.8141652345657349,T015_035_015_035,0.003919445909559727,0.0021927179768681526,0.03453455865383148,0.0021927179768681526,0.05,32,50998,0.010761293022261021,0.16978369653224945,0.15000000596046448,0.3088698983192444,0.3499999940395355,0.07202944904565811,0.15000000596046448,0.2634821832180023,0.3499999940395355,frozen_mlp_surrogate_adjoint,900,900,900,700,58.80854249000549,58.80854249000549,0.06534282498889499
197,139.8866424560547,137.3442840576172,194.1983642578125,78.21418762207031,0.415879487991333,0.02489413134753704,0.7930442690849304,0.5965591073036194,0.814246654510498,T015_035_015_035,0.0039195045828819275,0.002194289118051529,0.03450430557131767,0.002194289118051529,0.05,166,50379,0.021717266725365544,0.1698911190032959,0.15000000596046448,0.3087603449821472,0.3499999940395355,0.07196050882339478,0.15000000596046448,0.26363468170166016,0.3499999940395355,frozen_mlp_surrogate_adjoint,900,900,900,700,58.80854249000549,58.80854249000549,0.06534282498889499
198,139.90142822265625,137.34274291992188,194.20904541015625,78.2187728881836,0.4159821569919586,0.024865534156560898,0.793118417263031,0.5966439247131348,0.8142164945602417,T015_035_015_035,0.003919518552720547,0.002193742897361517,0.034515511244535446,0.002193742897361517,0.05,326,51632,0.03058740423602941,0.16984011232852936,0.15000000596046448,0.3088252544403076,0.3499999940395355,0.07199554145336151,0.15000000596046448,0.2635555565357208,0.3499999940395355,frozen_mlp_surrogate_adjoint,900,900,900,700,58.80854249000549,58.80854249000549,0.06534282498889499
199,139.9175262451172,137.33523559570312,194.1959228515625,78.20245361328125,0.4160939157009125,0.024726558476686478,0.7930272221565247,0.5963417887687683,0.8143747448921204,T015_035_015_035,0.003919588401913643,0.002196751767769456,0.034456733614206314,0.002196751767769456,0.05,228,51511,0.02526392198830904,0.1697980910539627,0.15000000596046448,0.3090137243270874,0.3499999940395355,0.0718931257724762,0.15000000596046448,0.26366978883743286,0.3499999940395355,frozen_mlp_surrogate_adjoint,900,900,900,700,58.80854249000549,58.80854249000549,0.06534282498889499
200,139.94711303710938,137.3306884765625,194.20591735839844,78.20197296142578,0.41629934310913086,0.024642368778586388,0.793096661567688,0.596332848072052,0.8143947124481201,T015_035_015_035,0.003919689916074276,0.002197223948314786,0.03444932401180267,0.002197223948314786,0.05,212,51629,0.024276968557067177,0.1697222888469696,0.15000000596046448,0.3091588318347931,0.3499999940395355,0.07189853489398956,0.15000000596046448,0.26361510157585144,0.3499999940395355,frozen_mlp_surrogate_adjoint,900,900,900,700,58.80854249000549,58.80854249000549,0.06534282498889499
201,139.90756225585938,137.34405517578125,194.22552490234375,78.23005676269531,0.41602468490600586,0.024890000000596046,0.7932328581809998,0.5968529582023621,0.8141191005706787,T015_035_015_035,0.003919805865734816,0.0021922201849520206,0.0345517098903656,0.0021922201849520206,0.05,61,50149,0.014815780248923768,0.1698022186756134,0.15000000596046448,0.3088229298591614,0.3499999940395355,0.07206983119249344,0.15000000596046448,0.2634240686893463,0.3499999940395355,frozen_mlp_surrogate_adjoint,900,900,900,700,58.80854249000549,58.80854249000549,0.06534282498889499
202,139.72662353515625,137.33970642089844,194.01683044433594,78.2318344116211,0.41476815938949585,0.024809394031763077,0.7917835712432861,0.5968858003616333,0.8143370151519775,T015_035_015_035,0.003920419607311487,0.0021968823857605457,0.03447074443101883,0.0021968823857605457,0.05,227,51594,0.025224247931462735,0.170072540640831,0.15000000596046448,0.308563232421875,0.3499999940395355,0.07187863439321518,0.15000000596046448,0.26382261514663696,0.3499999940395355,frozen_mlp_surrogate_adjoint,900,900,900,700,58.80854249000549,58.80854249000549,0.06534282498889499
203,139.61654663085938,137.36288452148438,194.03929138183594,78.25906372070312,0.41400378942489624,0.025238558650016785,0.7919394969940186,0.5973899960517883,0.8140053749084473,T015_035_015_035,0.003920977935194969,0.0021912776865065098,0.03459399938583374,0.0021912776865065098,0.05,390,51283,0.034181408500771594,0.17026662826538086,0.15000000596046448,0.30799293518066406,0.3499999940395355,0.07205209136009216,0.15000000596046448,0.2636937201023102,0.3499999940395355,frozen_mlp_surrogate_adjoint,900,900,900,700,58.80854249000549,58.80854249000549,0.06534282498889499
204,139.67774963378906,137.435791015625,194.82977294921875,77.96501159667969,0.41442883014678955,0.026588836684823036,0.7974290251731873,0.591944694519043,0.8141516447067261,T015_035_015_035,0.00393424928188324,0.002207268727943301,0.034539610147476196,0.002207268727943301,0.05,504,50243,0.03978758360916807,0.1704687476158142,0.15000000596046448,0.3077179193496704,0.3499999940395355,0.07126470655202866,0.15000000596046448,0.2647002935409546,0.3499999940395355,frozen_mlp_surrogate_adjoint,900,900,900,700,58.80854249000549,58.80854249000549,0.06534282498889499
205,162.9437255859375,136.02549743652344,144.11856079101562,92.99762725830078,0.575998067855835,0.00047215065569616854,0.4452677369117737,0.8703263998031616,0.7828806638717651,T015_035_015_035,0.003935409709811211,0.0015783694107085466,0.047140806913375854,0.0015783694107085466,0.05,237,50376,0.025632292546555805,0.16545933485031128,0.15000000596046448,0.27751287817955017,0.3499999940395355,0.10222266614437103,0.15000000596046448,0.23768579959869385,0.3499999940395355,frozen_mlp_surrogate_adjoint,900,900,900,700,58.80854249000549,58.80854249000549,0.06534282498889499
206,139.5899658203125,137.51304626464844,195.52041625976562,77.64522552490234,0.41381916403770447,0.028019452467560768,0.8022251129150391,0.5860227346420288,0.8144233226776123,T015_035_015_035,0.003953165840357542,0.002231230726465583,0.03443870320916176,0.002231230726465583,0.05,573,50852,0.04264372827975692,0.1709560602903366,0.15000000596046448,0.3071090281009674,0.3499999940395355,0.0702705979347229,0.15000000596046448,0.2660876512527466,0.3499999940395355,frozen_mlp_surrogate_adjoint,900,900,900,700,58.80854249000549,58.80854249000549,0.06534282498889499
207,163.57229614257812,136.15167236328125,143.98870849609375,93.04247283935547,0.5803630948066711,0.002808739896863699,0.4443660080432892,0.8711568713188171,0.7813409566879272,T015_035_015_035,0.003968853037804365,0.001578264171257615,0.04781177639961243,0.001578264171257615,0.05,436,51290,0.036709600785743944,0.16524681448936462,0.15000000596046448,0.27631643414497375,0.3499999940395355,0.10276731848716736,0.15000000596046448,0.2370103895664215,0.3499999940395355,frozen_mlp_surrogate_adjoint,900,900,900,700,58.80854249000549,58.80854249000549,0.06534282498889499
208,139.6009521484375,137.59718322753906,196.01095581054688,77.49437713623047,0.41389554738998413,0.029577430337667465,0.8056315779685974,0.5832291841506958,0.8134554028511047,T015_035_015_035,0.003973538987338543,0.0022335948888212442,0.03479888662695885,0.0022335948888212442,0.05,570,51112,0.04254127416972519,0.17147883772850037,0.15000000596046448,0.30565229058265686,0.3499999940395355,0.0702531486749649,0.15000000596046448,0.2660711407661438,0.3499999940395355,frozen_mlp_surrogate_adjoint,900,900,900,700,58.80854249000549,58.80854249000549,0.06534282498889499
209,134.15179443359375,137.01539611816406,196.16763305664062,77.67900085449219,0.3760540783405304,0.018803542479872704,0.8067196607589722,0.5866482257843018,0.8203228712081909,T015_035_015_035,0.004007591865956783,0.002393397968262434,0.03228387236595154,0.002393397968262434,0.05,183,51044,0.02286876512829316,0.15875019133090973,0.15000000596046448,0.32993069291114807,0.3499999940395355,0.07256968319416046,0.15000000596046448,0.25907233357429504,0.3499999940395355,frozen_mlp_surrogate_adjoint,900,900,900,700,58.80854249000549,58.80854249000549,0.06534282498889499
210,134.70155334472656,137.0448455810547,197.0634002685547,77.32496643066406,0.3798719048500061,0.01934889890253544,0.8129402995109558,0.5800918936729431,0.8211325407028198,T015_035_015_035,0.004011078272014856,0.002411399967968464,0.031993567943573,0.002411399967968464,0.05,819,50009,0.05185519276689366,0.15826256573200226,0.15000000596046448,0.33083319664001465,0.3499999940395355,0.07161816954612732,0.15000000596046448,0.26041868329048157,0.3499999940395355,frozen_mlp_surrogate_adjoint,900,900,900,700,58.80854249000549,58.80854249000549,0.06534282498889499
211,139.15203857421875,137.73545837402344,196.731689453125,77.23052215576172,0.4107780158519745,0.03213812783360481,0.8106366991996765,0.5783429741859436,0.8121401071548462,T015_035_015_035,0.004011936951428652,0.002247369848191738,0.035291340202093124,0.002247369848191738,0.05,871,50710,0.05410581295213475,0.17236289381980896,0.15000000596046448,0.30344176292419434,0.3499999940395355,0.06999926269054413,0.15000000596046448,0.26633620262145996,0.3499999940395355,frozen_mlp_surrogate_adjoint,900,900,900,700,58.80854249000549,58.80854249000549,0.06534282498889499
212,139.32644653320312,137.83786010742188,197.74102783203125,76.9857406616211,0.4119892418384552,0.034034375101327896,0.8176459670066833,0.5738100409507751,0.8103699088096619,T015_035_015_035,0.004041770938783884,0.0022437921725213528,0.03595957159996033,0.0022437921725213528,0.05,791,50731,0.050769611506872515,0.17215189337730408,0.15000000596046448,0.30274537205696106,0.3499999940395355,0.07028788328170776,0.15000000596046448,0.26518476009368896,0.3499999940395355,frozen_mlp_surrogate_adjoint,900,900,900,700,58.80854249000549,58.80854249000549,0.06534282498889499
213,139.14126586914062,137.927490234375,198.30731201171875,76.6231689453125,0.41070321202278137,0.03569435328245163,0.8215785026550293,0.5670956373214722,0.8113114833831787,T015_035_015_035,0.004069030284881592,0.0022888625971972942,0.0356033556163311,0.0022888625971972942,0.05,646,50077,0.044887710106922094,0.1732848584651947,0.15000000596046448,0.30138644576072693,0.3499999940395355,0.06875345855951309,0.15000000596046448,0.2678867280483246,0.3499999940395355,frozen_mlp_surrogate_adjoint,900,900,900,700,58.80854249000549,58.80854249000549,0.06534282498889499
214,139.1060333251953,138.01145935058594,198.90087890625,76.54180908203125,0.41045859456062317,0.03724917396903038,0.8257005214691162,0.5655891299247742,0.8092777729034424,T015_035_015_035,0.00409161951392889,0.002272871322929859,0.03637496754527092,0.002272871322929859,0.05,635,51606,0.044543348072880046,0.17316171526908875,0.15000000596046448,0.3003613352775574,0.3499999940395355,0.0695032849907875,0.15000000596046448,0.26625144481658936,0.3499999940395355,frozen_mlp_surrogate_adjoint,900,900,900,700,58.80854249000549,58.80854249000549,0.06534282498889499
215,95.8587417602539,136.24098205566406,194.15097045898438,68.2401123046875,0.11013014614582062,0.004462593235075474,0.7927151322364807,0.4118538498878479,0.8427462577819824,T015_035_015_035,0.004103445447981358,0.00286700832657516,0.024728739634156227,0.00286700832657516,0.05,641,51393,0.044742681023132905,0.19213873147964478,0.15000000596046448,0.29385876655578613,0.3499999940395355,0.06464250385761261,0.15000000596046448,0.2921063005924225,0.3499999940395355,frozen_mlp_surrogate_adjoint,900,900,900,700,58.80854249000549,58.80854249000549,0.06534282498889499
216,138.794189453125,138.1508331298828,199.6431884765625,76.33415985107422,0.4082930386066437,0.03983025997877121,0.8308554887771606,0.5617437362670898,0.8073216080665588,T015_035_015_035,0.004135408438742161,0.0022791605442762375,0.037124961614608765,0.0022791605442762375,0.05,850,50705,0.053131952234711434,0.17380502820014954,0.15000000596046448,0.29805296659469604,0.3499999940395355,0.06970006227493286,0.15000000596046448,0.2657635807991028,0.3499999940395355,frozen_mlp_surrogate_adjoint,900,900,900,700,58.80854249000549,58.80854249000549,0.06534282498889499
217,172.36239624023438,140.73080444335938,80.02142333984375,93.84382629394531,0.6414055228233337,0.08760758489370346,0.00014874724729452282,0.8859968781471252,0.809851884841919,T015_035_015_035,0.0041785468347370625,0.0023707314394414425,0.0361563041806221,0.0023707314394414425,0.05,741,51405,0.04843792541630704,0.1494785100221634,0.15000000596046448,0.29557597637176514,0.3499999940395355,0.14875908195972443,0.15000000596046448,0.21603837609291077,0.3499999940395355,frozen_mlp_surrogate_adjoint,900,900,900,700,58.80854249000549,58.80854249000549,0.06534282498889499
218,140.29551696777344,138.20208740234375,201.69406127929688,75.77433776855469,0.4187189042568207,0.040779516100883484,0.8450976014137268,0.5513765811920166,0.8042696714401245,T015_035_015_035,0.004195142071694136,0.0022796241100877523,0.03831036016345024,0.0022796241100877523,0.05,793,50422,0.05081727456910083,0.17110967636108398,0.15000000596046448,0.3000580370426178,0.3499999940395355,0.06846366822719574,0.15000000596046448,0.2646383047103882,0.3499999940395355,frozen_mlp_surrogate_adjoint,900,900,900,700,58.80854249000549,58.80854249000549,0.06534282498889499
219,143.28536987304688,138.40191650390625,204.26654052734375,76.18614959716797,0.4394816756248474,0.04448006674647331,0.8629621267318726,0.5590027570724487,0.7866663932800293,T015_035_015_035,0.004280083812773228,0.0020045225974172354,0.04551122710108757,0.0020045225974172354,0.05,849,51580,0.05312493215040902,0.16381554305553436,0.15000000596046448,0.29649537801742554,0.3499999940395355,0.07523651421070099,0.15000000596046448,0.2511189579963684,0.3499999940395355,frozen_mlp_surrogate_adjoint,900,900,900,700,58.80854249000549,58.80854249000549,0.06534282498889499
220,223.99400329589844,157.21795654296875,144.97100830078125,89.50227355957031,0.9999583959579468,0.3929250240325928,0.4511876106262207,0.8055976629257202,0.7218931913375854,T015_035_015_035,0.00441274419426918,0.000545574352145195,0.0773433968424797,0.000545574352145195,0.05,44,50997,0.013065026612597489,0.1268031895160675,0.15000000596046448,0.2657863199710846,0.3499999940395355,0.10025446116924286,0.15000000596046448,0.2290491759777069,0.3499999940395355,frozen_mlp_surrogate_adjoint,900,900,900,700,58.80854249000549,58.80854249000549,0.06534282498889499
221,223.95257568359375,157.19854736328125,145.01004028320312,89.51033020019531,0.9996706247329712,0.3925657868385315,0.45145857334136963,0.8057469129562378,0.7217673063278198,T015_035_015_035,0.004415522329509258,0.0005448508309200406,0.07741343230009079,0.0005448508309200406,0.05,239,50099,0.025825809662463634,0.1267327070236206,0.15000000596046448,0.2657102346420288,0.3499999940395355,0.1003885492682457,0.15000000596046448,0.2289358377456665,0.3499999940395355,frozen_mlp_surrogate_adjoint,900,900,900,700,58.80854249000549,58.80854249000549,0.06534282498889499
222,223.92384338378906,157.18548583984375,145.0205078125,89.48643493652344,0.999471127986908,0.39232367277145386,0.4515312910079956,0.8053043484687805,0.721791684627533,T015_035_015_035,0.004416557960212231,0.0005465648137032986,0.07739986479282379,0.0005465648137032986,0.05,18,51233,0.008396685016172339,0.12664256989955902,0.15000000596046448,0.26604801416397095,0.3499999940395355,0.0999816507101059,0.15000000596046448,0.2291194200515747,0.3499999940395355,frozen_mlp_surrogate_adjoint,900,900,900,700,58.80854249000549,58.80854249000549,0.06534282498889499
223,223.84898376464844,157.16012573242188,144.98178100585938,89.51004028320312,0.9989513158798218,0.39185431599617004,0.45126235485076904,0.8057414293289185,0.7216047048568726,T015_035_015_035,0.004420445766299963,0.0005452485056594014,0.07750394195318222,0.0005452485056594014,0.05,81,50222,0.01644633893237133,0.12648512423038483,0.15000000596046448,0.26595810055732727,0.3499999940395355,0.10025529563426971,0.15000000596046448,0.22890615463256836,0.3499999940395355,frozen_mlp_surrogate_adjoint,900,900,900,700,58.80854249000549,58.80854249000549,0.06534282498889499
224,223.79788208007812,157.13270568847656,144.94387817382812,89.513427734375,0.9985963702201843,0.39134636521339417,0.4509991705417633,0.8058043122291565,0.7215790152549744,T015_035_015_035,0.0044231838546693325,0.0005472716293297708,0.07751824706792831,0.0005472716293297708,0.05,552,50220,0.04189557106090646,0.1262056529521942,0.15000000596046448,0.2663397789001465,0.3499999940395355,0.10018908232450485,0.15000000596046448,0.22884449362754822,0.3499999940395355,frozen_mlp_surrogate_adjoint,900,900,900,700,58.80854249000549,58.80854249000549,0.06534282498889499
225,223.80223083496094,157.11424255371094,144.99713134765625,89.52501678466797,0.9986265897750854,0.39100444316864014,0.45136889815330505,0.8060188293457031,0.7216134667396545,T015_035_015_035,0.004423713311553001,0.0005487599410116673,0.07749906182289124,0.0005487599410116673,0.05,30,51168,0.010507480804178352,0.12602850794792175,0.15000000596046448,0.26651066541671753,0.3499999940395355,0.10039736330509186,0.15000000596046448,0.2286769151687622,0.3499999940395355,frozen_mlp_surrogate_adjoint,900,900,900,700,58.80854249000549,58.80854249000549,0.06534282498889499
226,223.71347045898438,157.1148223876953,144.97064208984375,89.50923156738281,0.9980102181434631,0.3910151422023773,0.45118507742881775,0.8057264089584351,0.7213352918624878,T015_035_015_035,0.004427315201610327,0.0005446142167784274,0.07765401899814606,0.0005446142167784274,0.05,859,51426,0.05337845594614586,0.12627100944519043,0.15000000596046448,0.266069233417511,0.3499999940395355,0.10012181103229523,0.15000000596046448,0.22887325286865234,0.3499999940395355,frozen_mlp_surrogate_adjoint,900,900,900,700,58.80854249000549,58.80854249000549,0.06534282498889499
227,223.7063751220703,157.1336669921875,144.9589385986328,89.52104187011719,0.9979609251022339,0.3913642168045044,0.45110374689102173,0.8059452772140503,0.7211746573448181,T015_035_015_035,0.004427825566381216,0.0005406465497799218,0.07774357497692108,0.0005406465497799218,0.05,153,50964,0.021012121448697466,0.12654751539230347,0.15000000596046448,0.2654457688331604,0.3499999940395355,0.10035267472267151,0.15000000596046448,0.22882869839668274,0.3499999940395355,frozen_mlp_surrogate_adjoint,900,900,900,700,58.80854249000549,58.80854249000549,0.06534282498889499
228,196.361572265625,148.09927368164062,128.72654724121094,92.72761535644531,0.8080664277076721,0.22406063973903656,0.33837878704071045,0.8653261065483093,0.7192954421043396,T015_035_015_035,0.004429900553077459,0.000490147911477834,0.07879504561424255,0.000490147911477834,0.05,266,50842,0.027322263282489868,0.12570826709270477,0.15000000596046448,0.26201263070106506,0.3499999940395355,0.10380113869905472,0.15000000596046448,0.22777341306209564,0.3499999940395355,frozen_mlp_surrogate_adjoint,900,900,900,700,58.80854249000549,58.80854249000549,0.06534282498889499
229,196.36122131347656,148.09796142578125,128.72372436523438,92.72775268554688,0.8080640435218811,0.2240363359451294,0.33835920691490173,0.8653287887573242,0.7192956805229187,T015_035_015_035,0.004429901950061321,0.0004901565262116492,0.07879491150379181,0.0004901565262116492,0.05,375,51113,0.033471694086728204,0.12568984925746918,0.15000000596046448,0.2620360255241394,0.3499999940395355,0.10380024462938309,0.15000000596046448,0.22776955366134644,0.3499999940395355,frozen_mlp_surrogate_adjoint,900,900,900,700,58.80854249000549,58.80854249000549,0.06534282498889499
230,196.36614990234375,148.10191345214844,128.73516845703125,92.72679901123047,0.8080982565879822,0.22410938143730164,0.33843865990638733,0.8653110861778259,0.7192867398262024,T015_035_015_035,0.004429908469319344,0.000489911762997508,0.07879993319511414,0.000489911762997508,0.05,531,51588,0.040955802628838404,0.12571513652801514,0.15000000596046448,0.2619900703430176,0.3499999940395355,0.10380334407091141,0.15000000596046448,0.22777819633483887,0.3499999940395355,frozen_mlp_surrogate_adjoint,900,900,900,700,58.80854249000549,58.80854249000549,0.06534282498889499
231,196.35504150390625,148.09600830078125,128.71673583984375,92.72988891601562,0.8080211877822876,0.22400015592575073,0.3383106291294098,0.8653683066368103,0.7193047404289246,T015_035_015_035,0.004429914522916079,0.0004904228262603283,0.07878983020782471,0.0004904228262603283,0.05,293,51184,0.029200984012499036,0.12570221722126007,0.15000000596046448,0.26201826333999634,0.3499999940395355,0.10382901877164841,0.15000000596046448,0.22775523364543915,0.3499999940395355,frozen_mlp_surrogate_adjoint,900,900,900,700,58.80854249000549,58.80854249000549,0.06534282498889499
232,196.34925842285156,148.10015869140625,128.72177124023438,92.7293930053711,0.8079809546470642,0.22407715022563934,0.33834564685821533,0.8653591275215149,0.7193180322647095,T015_035_015_035,0.004429920576512814,0.0004908024566248059,0.07878236472606659,0.0004908024566248059,0.05,464,51109,0.037973207385543536,0.1258212924003601,0.15000000596046448,0.26190510392189026,0.3499999940395355,0.10380784422159195,0.15000000596046448,0.22778376936912537,0.3499999940395355,frozen_mlp_surrogate_adjoint,900,900,900,700,58.80854249000549,58.80854249000549,0.06534282498889499
233,196.35540771484375,148.10031127929688,128.7268524169922,92.73017883300781,0.8080236911773682,0.22407977283000946,0.33838093280792236,0.8653736114501953,0.7193031907081604,T015_035_015_035,0.00442992988973856,0.0004903950029984117,0.07879070192575455,0.0004903950029984117,0.05,169,50340,0.02201682618739942,0.12576733529567719,0.15000000596046448,0.26192471385002136,0.3499999940395355,0.10384972393512726,0.15000000596046448,0.22776144742965698,0.3499999940395355,frozen_mlp_surrogate_adjoint,900,900,900,700,58.80854249000549,58.80854249000549,0.06534282498889499
234,196.35330200195312,148.09695434570312,128.71658325195312,92.72892761230469,0.8080089688301086,0.22401776909828186,0.3383095860481262,0.8653505444526672,0.719309389591217,T015_035_015_035,0.00442992988973856,0.0004905688110738993,0.07878721505403519,0.0004905688110738993,0.05,64,50273,0.015077968260278091,0.12573572993278503,0.15000000596046448,0.2620016038417816,0.3499999940395355,0.10380016267299652,0.15000000596046448,0.22777189314365387,0.3499999940395355,frozen_mlp_surrogate_adjoint,900,900,900,700,58.80854249000549,58.80854249000549,0.06534282498889499
235,196.34542846679688,148.08946228027344,128.698486328125,92.73163604736328,0.8079544305801392,0.2238789200782776,0.3381839990615845,0.8654006719589233,0.7193206548690796,T015_035_015_035,0.004429930821061134,0.0004908855189569294,0.078780896961689,0.0004908855189569294,0.05,815,50884,0.05173056469089095,0.12567465007305145,0.15000000596046448,0.2620789110660553,0.3499999940395355,0.10382463037967682,0.15000000596046448,0.2277424931526184,0.3499999940395355,frozen_mlp_surrogate_adjoint,900,900,900,700,58.80854249000549,58.80854249000549,0.06534282498889499
236,196.3494873046875,148.0894775390625,128.7000732421875,92.73039245605469,0.8079826235771179,0.22387927770614624,0.33819493651390076,0.8653775453567505,0.71931391954422,T015_035_015_035,0.0044299401342868805,0.0004907066468149424,0.07878467440605164,0.0004907066468149424,0.05,562,51268,0.042270286962668685,0.12564462423324585,0.15000000596046448,0.2621164917945862,0.3499999940395355,0.10380581021308899,0.15000000596046448,0.22774699330329895,0.3499999940395355,frozen_mlp_surrogate_adjoint,900,900,900,700,58.80854249000549,58.80854249000549,0.06534282498889499
237,196.3651580810547,148.10086059570312,128.73487854003906,92.72889709472656,0.808091402053833,0.22408989071846008,0.33843663334846497,0.8653500080108643,0.719282865524292,T015_035_015_035,0.004429954569786787,0.0004898490733467042,0.07880210876464844,0.0004898490733467042,0.05,214,51471,0.02430287029795573,0.12569931149482727,0.15000000596046448,0.2619762420654297,0.3499999940395355,0.10385259985923767,0.15000000596046448,0.22775468230247498,0.3499999940395355,frozen_mlp_surrogate_adjoint,900,900,900,700,58.80854249000549,58.80854249000549,0.06534282498889499
238,196.33709716796875,148.091796875,128.69888305664062,92.73026275634766,0.8078964948654175,0.22392228245735168,0.33818668127059937,0.8653752207756042,0.7193381190299988,T015_035_015_035,0.004429963417351246,0.0004914087476208806,0.07877109199762344,0.0004914087476208806,0.05,332,50339,0.031245140180493496,0.12579239904880524,0.15000000596046448,0.26199519634246826,0.3499999940395355,0.10376836359500885,0.15000000596046448,0.22778218984603882,0.3499999940395355,frozen_mlp_surrogate_adjoint,900,900,900,700,58.80854249000549,58.80854249000549,0.06534282498889499
239,196.29229736328125,148.07286071777344,128.63687133789062,92.74981689453125,0.8075854182243347,0.22357138991355896,0.33775606751441956,0.8657374382019043,0.7193975448608398,T015_035_015_035,0.004430120810866356,0.0004932337906211615,0.07873773574829102,0.0004932337906211615,0.05,341,51124,0.031857742622917344,0.12578187882900238,0.15000000596046448,0.26192837953567505,0.3499999940395355,0.10406544804573059,0.15000000596046448,0.22762180864810944,0.3499999940395355,frozen_mlp_surrogate_adjoint,900,900,900,700,58.80854249000549,58.80854249000549,0.06534282498889499
240,223.65814208984375,157.1210479736328,144.89218139648438,89.53923034667969,0.997626006603241,0.39113062620162964,0.4506402015686035,0.806282103061676,0.7210595607757568,T015_035_015_035,0.004430391825735569,0.0005400036461651325,0.07780776917934418,0.0005400036461651325,0.05,16,50051,0.008346713372963391,0.12643013894557953,0.15000000596046448,0.2654125988483429,0.3499999940395355,0.10052977502346039,0.15000000596046448,0.2286870777606964,0.3499999940395355,frozen_mlp_surrogate_adjoint,900,900,900,700,58.80854249000549,58.80854249000549,0.06534282498889499
241,223.63624572753906,157.0872802734375,144.95574951171875,89.51416015625,0.9974738955497742,0.39050522446632385,0.4510815739631653,0.8058177828788757,0.7211840748786926,T015_035_015_035,0.0044312975369393826,0.0005443815025500953,0.07773832231760025,0.0005443815025500953,0.05,415,50746,0.03511816830242632,0.12611526250839233,0.15000000596046448,0.266144335269928,0.3499999940395355,0.10011744499206543,0.15000000596046448,0.2288070172071457,0.3499999940395355,frozen_mlp_surrogate_adjoint,900,900,900,700,58.80854249000549,58.80854249000549,0.06534282498889499
242,223.65985107421875,157.0539093017578,145.10589599609375,89.4830322265625,0.9976378679275513,0.38988709449768066,0.4521242380142212,0.8052414059638977,0.721397876739502,T015_035_015_035,0.00443198811262846,0.0005510307964868844,0.07761914283037186,0.0005510307964868844,0.05,39,51636,0.01212583847999761,0.12578678131103516,0.15000000596046448,0.26698538661003113,0.3499999940395355,0.09971032291650772,0.15000000596046448,0.22891539335250854,0.3499999940395355,frozen_mlp_surrogate_adjoint,900,900,900,700,58.80854249000549,58.80854249000549,0.06534282498889499
243,223.6167755126953,157.08567810058594,144.96725463867188,89.52011108398438,0.9973387122154236,0.39047563076019287,0.45116153359413147,0.8059279918670654,0.721082866191864,T015_035_015_035,0.004432497546076775,0.0005427594296634197,0.07779476791620255,0.0005427594296634197,0.05,185,51081,0.022933597745310938,0.1261781007051468,0.15000000596046448,0.26591962575912476,0.3499999940395355,0.10022780299186707,0.15000000596046448,0.2287573367357254,0.3499999940395355,frozen_mlp_surrogate_adjoint,900,900,900,700,58.80854249000549,58.80854249000549,0.06534282498889499
244,223.38502502441406,157.03668212890625,144.94873046875,89.52284240722656,0.995729386806488,0.38956812024116516,0.451032817363739,0.8059786558151245,0.720445990562439,T015_035_015_035,0.004444260615855455,0.0005367384874261916,0.0781504437327385,0.0005367384874261916,0.05,318,50863,0.03030384365285094,0.12621420621871948,0.15000000596046448,0.2653454542160034,0.3499999940395355,0.10014721751213074,0.15000000596046448,0.22873911261558533,0.3499999940395355,frozen_mlp_surrogate_adjoint,900,900,900,700,58.80854249000549,58.80854249000549,0.06534282498889499
245,223.3542938232422,157.01263427734375,144.96697998046875,89.52698516845703,0.9955158829689026,0.389122873544693,0.45115965604782104,0.8060552477836609,0.7204258441925049,T015_035_015_035,0.004446186125278473,0.0005381005466915667,0.07816170901060104,0.0005381005466915667,0.05,796,51092,0.050920898087705085,0.1260087639093399,0.15000000596046448,0.2655911445617676,0.3499999940395355,0.10017566382884979,0.15000000596046448,0.2286502718925476,0.3499999940395355,frozen_mlp_surrogate_adjoint,900,900,900,700,58.80854249000549,58.80854249000549,0.06534282498889499
246,223.2930450439453,157.00399780273438,144.9222412109375,89.53984069824219,0.9950906038284302,0.3889630138874054,0.45084884762763977,0.806293249130249,0.7202394008636475,T015_035_015_035,0.004449129570275545,0.0005358300404623151,0.07826599478721619,0.0005358300404623151,0.05,680,50925,0.04625117531227252,0.1260243058204651,0.15000000596046448,0.26533541083335876,0.3499999940395355,0.10031145066022873,0.15000000596046448,0.22856822609901428,0.3499999940395355,frozen_mlp_surrogate_adjoint,900,900,900,700,58.80854249000549,58.80854249000549,0.06534282498889499
247,223.25360107421875,156.9875946044922,144.93756103515625,89.52640533447266,0.9948167204856873,0.3886592388153076,0.45095524191856384,0.8060445785522461,0.7201933860778809,T015_035_015_035,0.004451291635632515,0.0005367042031139135,0.07829174399375916,0.0005367042031139135,0.05,811,50865,0.05149151114219641,0.12593454122543335,0.15000000596046448,0.2655341923236847,0.3499999940395355,0.1000712439417839,0.15000000596046448,0.2286534309387207,0.3499999940395355,frozen_mlp_surrogate_adjoint,900,900,900,700,58.80854249000549,58.80854249000549,0.06534282498889499
248,222.98939514160156,156.90756225585938,144.96304321289062,89.51886749267578,0.9929819107055664,0.38717713952064514,0.4511321783065796,0.8059049248695374,0.7195853590965271,T015_035_015_035,0.004465232603251934,0.0005336139583960176,0.07863236963748932,0.0005336139583960176,0.05,306,51647,0.029738303170400056,0.12570327520370483,0.15000000596046448,0.26544052362442017,0.3499999940395355,0.09979882836341858,0.15000000596046448,0.22864273190498352,0.3499999940395355,frozen_mlp_surrogate_adjoint,900,900,900,700,58.80854249000549,58.80854249000549,0.06534282498889499
249,156.90582275390625,136.6968536376953,187.87823486328125,76.12950134277344,0.5340682864189148,0.012904592789709568,0.7491543889045715,0.5579536557197571,0.8051843047142029,T015_035_015_035,0.004477628041058779,0.0025799700524657965,0.03795315697789192,0.0025799700524657965,0.05,347,51424,0.03213432429426846,0.16887322068214417,0.15000000596046448,0.30828192830085754,0.3499999940395355,0.06231747195124626,0.15000000596046448,0.2657116651535034,0.3499999940395355,frozen_mlp_surrogate_adjoint,900,900,900,700,58.80854249000549,58.80854249000549,0.06534282498889499
250,157.7891845703125,136.74884033203125,187.56777954101562,75.97521209716797,0.5402027368545532,0.01386740431189537,0.7469984889030457,0.5550965070724487,0.8032374382019043,T015_035_015_035,0.004507014527916908,0.0025712393689900637,0.03871550410985947,0.0025712393689900637,0.05,574,50247,0.04267875741116076,0.1695960909128189,0.15000000596046448,0.3059013783931732,0.3499999940395355,0.06255325675010681,0.15000000596046448,0.2651866376399994,0.3499999940395355,frozen_mlp_surrogate_adjoint,900,900,900,700,58.80854249000549,58.80854249000549,0.06534282498889499
251,222.19467163085938,156.69219970703125,144.92477416992188,89.56777954101562,0.9874629974365234,0.3831888437271118,0.4508664906024933,0.8068107962608337,0.717523455619812,T015_035_015_035,0.004507120233029127,0.0005174701800569892,0.07979299873113632,0.0005174701800569892,0.05,218,51625,0.024764475909765347,0.12523506581783295,0.15000000596046448,0.2641109824180603,0.3499999940395355,0.10006753355264664,0.15000000596046448,0.22810983657836914,0.3499999940395355,frozen_mlp_surrogate_adjoint,900,900,900,700,58.80854249000549,58.80854249000549,0.06534282498889499
252,150.99085998535156,139.19381713867188,217.8647003173828,72.98958587646484,0.4929920732975006,0.05914466455578804,0.9573937058448792,0.4998071789741516,0.7651659846305847,T015_035_015_035,0.004518868401646614,0.0017615176038816571,0.05514701455831528,0.0017615176038816571,0.05,626,51376,0.044205953690606384,0.1539798229932785,0.15000000596046448,0.290177583694458,0.3499999940395355,0.0741846039891243,0.15000000596046448,0.2468239665031433,0.3499999940395355,frozen_mlp_surrogate_adjoint,900,900,900,700,58.80854249000549,58.80854249000549,0.06534282498889499
253,151.04550170898438,139.18984985351562,217.97848510742188,72.95407104492188,0.49337148666381836,0.05907128378748894,0.9581839442253113,0.49914947152137756,0.7652307152748108,T015_035_015_035,0.004518869332969189,0.0017630386864766479,0.05511661618947983,0.0017630386864766479,0.05,451,51350,0.03736589770249371,0.1538577824831009,0.15000000596046448,0.29033344984054565,0.3499999940395355,0.0739789605140686,0.15000000596046448,0.24706053733825684,0.3499999940395355,frozen_mlp_surrogate_adjoint,900,900,900,700,58.80854249000549,58.80854249000549,0.06534282498889499
254,150.9585723876953,139.19309997558594,217.7967529296875,72.9981689453125,0.492767870426178,0.05913146212697029,0.9569218754768372,0.499966025352478,0.7652563452720642,T015_035_015_035,0.004518989473581314,0.0017637602286413312,0.055104583501815796,0.0017637602286413312,0.05,70,51589,0.015587481002168224,0.15406093001365662,0.15000000596046448,0.29013848304748535,0.3499999940395355,0.07409113645553589,0.15000000596046448,0.24696582555770874,0.3499999940395355,frozen_mlp_surrogate_adjoint,900,900,900,700,58.80854249000549,58.80854249000549,0.06534282498889499
255,150.94891357421875,139.19342041015625,217.7605743408203,72.9984130859375,0.49270081520080566,0.05913738161325455,0.9566707015037537,0.49997055530548096,0.7653221487998962,T015_035_015_035,0.00451901787891984,0.001765332999639213,0.05507369339466095,0.001765332999639213,0.05,514,50534,0.04025066878289116,0.15413004159927368,0.15000000596046448,0.2900702655315399,0.3499999940395355,0.07397253811359406,0.15000000596046448,0.2471492886543274,0.3499999940395355,frozen_mlp_surrogate_adjoint,900,900,900,700,58.80854249000549,58.80854249000549,0.06534282498889499
256,151.0689239501953,139.18675231933594,218.0354766845703,72.93907928466797,0.4935342073440552,0.05901399627327919,0.9585796594619751,0.4988718032836914,0.7652579545974731,T015_035_015_035,0.004519038368016481,0.0017638469580560923,0.05510382726788521,0.0017638469580560923,0.05,638,51051,0.044662539366066394,0.15376968681812286,0.15000000596046448,0.29046401381492615,0.3499999940395355,0.07391531765460968,0.15000000596046448,0.24710890650749207,0.3499999940395355,frozen_mlp_surrogate_adjoint,900,900,900,700,58.80854249000549,58.80854249000549,0.06534282498889499
257,150.94076538085938,139.19436645507812,217.7735137939453,73.00865173339844,0.4926442801952362,0.0591549426317215,0.9567604660987854,0.500160276889801,0.7652173638343811,T015_035_015_035,0.004519039765000343,0.001762895379215479,0.05512288585305214,0.001762895379215479,0.05,48,50758,0.013246288366715646,0.1540813446044922,0.15000000596046448,0.29010826349258423,0.3499999940395355,0.07419125735759735,0.15000000596046448,0.24683648347854614,0.3499999940395355,frozen_mlp_surrogate_adjoint,900,900,900,700,58.80854249000549,58.80854249000549,0.06534282498889499
258,151.07342529296875,139.1859588623047,218.0404510498047,72.9291000366211,0.49356552958488464,0.05899934470653534,0.9586142301559448,0.4986870288848877,0.765329122543335,T015_035_015_035,0.0045190537348389626,0.001765532768331468,0.0550704188644886,0.001765532768331468,0.05,324,51660,0.030431159359734068,0.1537903994321823,0.15000000596046448,0.29045623540878296,0.3499999940395355,0.07376968860626221,0.15000000596046448,0.2473127543926239,0.3499999940395355,frozen_mlp_surrogate_adjoint,900,900,900,700,58.80854249000549,58.80854249000549,0.06534282498889499
259,150.91224670410156,139.19366455078125,217.731689453125,72.99664306640625,0.4924461841583252,0.059141889214515686,0.9564700722694397,0.49993783235549927,0.765404999256134,T015_035_015_035,0.004519181326031685,0.0017674406990408897,0.0550348125398159,0.0017674406990408897,0.05,634,50913,0.04453897250422113,0.1542060226202011,0.15000000596046448,0.2900235056877136,0.3499999940395355,0.07386896014213562,0.15000000596046448,0.24730652570724487,0.3499999940395355,frozen_mlp_surrogate_adjoint,900,900,900,700,58.80854249000549,58.80854249000549,0.06534282498889499
260,158.0157012939453,136.81283569335938,187.89288330078125,75.91030883789062,0.5417757034301758,0.01505241822451353,0.7492560744285583,0.553894579410553,0.8024238348007202,T015_035_015_035,0.004522351548075676,0.0025705345906317234,0.0390363410115242,0.0025705345906317234,0.05,797,50654,0.05095819875714877,0.16976819932460785,0.15000000596046448,0.3043832778930664,0.3499999940395355,0.061919912695884705,0.15000000596046448,0.2663523852825165,0.3499999940395355,frozen_mlp_surrogate_adjoint,900,900,900,700,58.80854249000549,58.80854249000549,0.06534282498889499
261,205.91676330566406,152.09487915039062,136.8416290283203,91.46199035644531,0.8744219541549683,0.29805347323417664,0.3947335183620453,0.8418886661529541,0.7075186967849731,T015_035_015_035,0.004530548583716154,0.00025328240008093417,0.08554531633853912,0.00025328240008093417,0.05,789,51637,0.05059971191070495,0.11936821043491364,0.15000000596046448,0.25077182054519653,0.3499999940395355,0.10762827843427658,0.15000000596046448,0.22975042462348938,0.3499999940395355,frozen_mlp_surrogate_adjoint,900,900,900,700,58.80854249000549,58.80854249000549,0.06534282498889499
262,205.91851806640625,152.09568786621094,136.84429931640625,91.4619140625,0.8744341135025024,0.2980683147907257,0.3947520852088928,0.8418872356414795,0.7075174450874329,T015_035_015_035,0.004530548583716154,0.0002532461076043546,0.08554604649543762,0.0002532461076043546,0.05,790,50992,0.050696291807828135,0.11936935037374496,0.15000000596046448,0.25076162815093994,0.3499999940395355,0.10763455927371979,0.15000000596046448,0.22975188493728638,0.3499999940395355,frozen_mlp_surrogate_adjoint,900,900,900,700,58.80854249000549,58.80854249000549,0.06534282498889499
263,205.91107177734375,152.0950164794922,136.84033203125,91.46240234375,0.8743824362754822,0.29805588722229004,0.3947245478630066,0.8418964147567749,0.7075251936912537,T015_035_015_035,0.004530561156570911,0.000253485661232844,0.0855415090918541,0.000253485661232844,0.05,608,51089,0.043685512825278716,0.11940941214561462,0.15000000596046448,0.25072747468948364,0.3499999940395355,0.10762582719326019,0.15000000596046448,0.2297624945640564,0.3499999940395355,frozen_mlp_surrogate_adjoint,900,900,900,700,58.80854249000549,58.80854249000549,0.06534282498889499
264,205.90921020507812,152.09527587890625,136.84703063964844,91.46227264404297,0.8743694424629211,0.2980607748031616,0.3947710692882538,0.8418939709663391,0.7075204253196716,T015_035_015_035,0.00453056488186121,0.0002533495135139674,0.08554430305957794,0.0002533495135139674,0.05,507,50209,0.03992266207446135,0.11943072825670242,0.15000000596046448,0.25068432092666626,0.3499999940395355,0.10762729495763779,0.15000000596046448,0.22977808117866516,0.3499999940395355,frozen_mlp_surrogate_adjoint,900,900,900,700,58.80854249000549,58.80854249000549,0.06534282498889499
265,205.9050750732422,152.09750366210938,136.84109497070312,91.46353149414062,0.8743407726287842,0.2981018126010895,0.39472976326942444,0.8419171571731567,0.707539975643158,T015_035_015_035,0.004530580248683691,0.0002539366250857711,0.08553286641836166,0.0002539366250857711,0.05,282,50132,0.02871386575777788,0.11948493123054504,0.15000000596046448,0.2506275773048401,0.3499999940395355,0.10764729231595993,0.15000000596046448,0.2297801673412323,0.3499999940395355,frozen_mlp_surrogate_adjoint,900,900,900,700,58.80854249000549,58.80854249000549,0.06534282498889499
266,205.91323852539062,152.09559631347656,136.84698486328125,91.46244812011719,0.8743975162506104,0.298066645860672,0.3947707414627075,0.8418971300125122,0.7075191736221313,T015_035_015_035,0.00453058211132884,0.00025333056692034006,0.08554503321647644,0.00025333056692034006,0.05,742,50923,0.048501772845490065,0.11940552294254303,0.15000000596046448,0.2507077157497406,0.3499999940395355,0.1076405793428421,0.15000000596046448,0.22976535558700562,0.3499999940395355,frozen_mlp_surrogate_adjoint,900,900,900,700,58.80854249000549,58.80854249000549,0.06534282498889499
267,205.92431640625,152.0928497314453,136.84771728515625,91.46086883544922,0.8744744062423706,0.2980158030986786,0.39477574825286865,0.8418679237365723,0.7074971795082092,T015_035_015_035,0.004530597478151321,0.00025270250625908375,0.08555790036916733,0.00025270250625908375,0.05,143,50091,0.020354083483325208,0.1192924901843071,0.15000000596046448,0.25084829330444336,0.3499999940395355,0.10761921107769012,0.15000000596046448,0.22973716259002686,0.3499999940395355,frozen_mlp_surrogate_adjoint,900,900,900,700,58.80854249000549,58.80854249000549,0.06534282498889499
268,205.91603088378906,152.09170532226562,136.8400421142578,91.46153259277344,0.8744168877601624,0.29799458384513855,0.39472252130508423,0.841880202293396,0.7075080871582031,T015_035_015_035,0.004530598409473896,0.0002530221827328205,0.08555152267217636,0.0002530221827328205,0.05,569,50819,0.04244501205344682,0.11932851374149323,0.15000000596046448,0.25082898139953613,0.3499999940395355,0.10760785639286041,0.15000000596046448,0.22974276542663574,0.3499999940395355,frozen_mlp_surrogate_adjoint,900,900,900,700,58.80854249000549,58.80854249000549,0.06534282498889499
269,205.93751525878906,152.08995056152344,136.83668518066406,91.45979309082031,0.8745660781860352,0.29796212911605835,0.39469918608665466,0.8418480753898621,0.7074869275093079,T015_035_015_035,0.004530617967247963,0.0002524227020330727,0.08556389808654785,0.0002524227020330727,0.05,93,50148,0.017443883522967798,0.1191512942314148,0.15000000596046448,0.25105050206184387,0.3499999940395355,0.10760080814361572,0.15000000596046448,0.22968432307243347,0.3499999940395355,frozen_mlp_surrogate_adjoint,900,900,900,700,58.80854249000549,58.80854249000549,0.06534282498889499
270,205.91067504882812,152.0966339111328,136.85116577148438,91.46232604980469,0.8743796944618225,0.2980857193470001,0.39479973912239075,0.8418949842453003,0.7075192928314209,T015_035_015_035,0.004530625883489847,0.0002533772785682231,0.08554496616125107,0.0002533772785682231,0.05,745,51601,0.048618795921125654,0.11944420635700226,0.15000000596046448,0.25065404176712036,0.3499999940395355,0.10763882845640182,0.15000000596046448,0.22978223860263824,0.3499999940395355,frozen_mlp_surrogate_adjoint,900,900,900,700,58.80854249000549,58.80854249000549,0.06534282498889499
271,205.9034423828125,152.09426879882812,136.8549346923828,91.46224212646484,0.8743294477462769,0.2980421483516693,0.3948259651660919,0.8418933749198914,0.7075123190879822,T015_035_015_035,0.004530627280473709,0.0002531750942580402,0.08554904162883759,0.0002531750942580402,0.05,858,50632,0.053376956228998816,0.11946273595094681,0.15000000596046448,0.2506263256072998,0.3499999940395355,0.10762272775173187,0.15000000596046448,0.2298005223274231,0.3499999940395355,frozen_mlp_surrogate_adjoint,900,900,900,700,58.80854249000549,58.80854249000549,0.06534282498889499
272,205.93458557128906,152.09390258789062,136.84091186523438,91.45928955078125,0.8745457530021667,0.29803526401519775,0.39472851157188416,0.8418386578559875,0.7074935436248779,T015_035_015_035,0.004530629143118858,0.0002526280004531145,0.08556002378463745,0.0002526280004531145,0.05,432,51489,0.03645713749460407,0.11923213303089142,0.15000000596046448,0.25095057487487793,0.3499999940395355,0.10759734362363815,0.15000000596046448,0.22971346974372864,0.3499999940395355,frozen_mlp_surrogate_adjoint,900,900,900,700,58.80854249000549,58.80854249000549,0.06534282498889499
273,205.9164581298828,152.0926513671875,136.83108520507812,91.46246337890625,0.8744198679924011,0.29801204800605774,0.3946602940559387,0.8418975472450256,0.7075214385986328,T015_035_015_035,0.004530633799731731,0.00025344802998006344,0.08554370701313019,0.00025344802998006344,0.05,503,28,0.03975694313510865,0.11933054774999619,0.15000000596046448,0.2508419156074524,0.3499999940395355,0.10762330889701843,0.15000000596046448,0.2297256886959076,0.3499999940395355,frozen_mlp_surrogate_adjoint,900,900,900,700,58.80854249000549,58.80854249000549,0.06534282498889499
274,205.91769409179688,152.0914306640625,136.83383178710938,91.46218872070312,0.8744284510612488,0.2979893088340759,0.3946794271469116,0.8418924808502197,0.707513689994812,T015_035_015_035,0.00453063752502203,0.00025322535657323897,0.08554824441671371,0.00025322535657323897,0.05,853,51540,0.05323904490256974,0.11930637061595917,0.15000000596046448,0.25086382031440735,0.3499999940395355,0.10762040317058563,0.15000000596046448,0.22972306609153748,0.3499999940395355,frozen_mlp_surrogate_adjoint,900,900,900,700,58.80854249000549,58.80854249000549,0.06534282498889499
275,205.90713500976562,152.0950469970703,136.8492889404297,91.46171569824219,0.874355137348175,0.29805636405944824,0.3947867155075073,0.841883659362793,0.7075145244598389,T015_035_015_035,0.004530643112957478,0.0002532553917262703,0.08554775267839432,0.0002532553917262703,0.05,94,50943,0.01763766040171144,0.11944278329610825,0.15000000596046448,0.25066936016082764,0.3499999940395355,0.10761438310146332,0.15000000596046448,0.22978797554969788,0.3499999940395355,frozen_mlp_surrogate_adjoint,900,900,900,700,58.80854249000549,58.80854249000549,0.06534282498889499
276,205.9057159423828,152.09657287597656,136.84999084472656,91.46348571777344,0.8743452429771423,0.29808467626571655,0.3947915732860565,0.8419164419174194,0.7075269222259521,T015_035_015_035,0.004530647769570351,0.00025362244923599064,0.08554050326347351,0.00025362244923599064,0.05,663,50032,0.04557863885121643,0.11947225034236908,0.15000000596046448,0.2506124973297119,0.3499999940395355,0.10765716433525085,0.15000000596046448,0.22978496551513672,0.3499999940395355,frozen_mlp_surrogate_adjoint,900,900,900,700,58.80854249000549,58.80854249000549,0.06534282498889499
277,205.93101501464844,152.08953857421875,136.84336853027344,91.45928955078125,0.8745209574699402,0.2979544997215271,0.3947456181049347,0.8418387174606323,0.7074799537658691,T015_035_015_035,0.004530648235231638,0.00025224912678822875,0.08556798100471497,0.00025224912678822875,0.05,343,50975,0.03191796798591348,0.11919628828763962,0.15000000596046448,0.2509869933128357,0.3499999940395355,0.1075841635465622,0.15000000596046448,0.22971251606941223,0.3499999940395355,frozen_mlp_surrogate_adjoint,900,900,900,700,58.80854249000549,58.80854249000549,0.06534282498889499
278,205.9029083251953,152.0912628173828,136.84193420410156,91.46239471435547,0.8743257522583008,0.29798629879951477,0.3947356641292572,0.8418961763381958,0.7075152397155762,T015_035_015_035,0.0045306496322155,0.00025328280753456056,0.08554733544588089,0.00025328280753456056,0.05,110,50276,0.018354915719765053,0.11941549181938171,0.15000000596046448,0.2507210671901703,0.3499999940395355,0.10760447382926941,0.15000000596046448,0.22977423667907715,0.3499999940395355,frozen_mlp_surrogate_adjoint,900,900,900,700,58.80854249000549,58.80854249000549,0.06534282498889499
279,205.9254150390625,152.0909423828125,136.83355712890625,91.4599609375,0.8744819760322571,0.2979803681373596,0.3946774899959564,0.8418510556221008,0.7074984908103943,T015_035_015_035,0.0045306626707315445,0.0002528060576878488,0.08555713295936584,0.0002528060576878488,0.05,636,51566,0.04455277962511789,0.11924859881401062,0.15000000596046448,0.2509530484676361,0.3499999940395355,0.10758151113986969,0.15000000596046448,0.22971534729003906,0.3499999940395355,frozen_mlp_surrogate_adjoint,900,900,900,700,58.80854249000549,58.80854249000549,0.06534282498889499
280,205.91192626953125,152.09120178222656,136.84109497070312,91.46257781982422,0.8743883967399597,0.2979852259159088,0.3947298526763916,0.841899573802948,0.7075103521347046,T015_035_015_035,0.004530671052634716,0.00025316100800409913,0.08555019646883011,0.00025316100800409913,0.05,866,50036,0.05387802211668288,0.11934737116098404,0.15000000596046448,0.2507917582988739,0.3499999940395355,0.1076270192861557,0.15000000596046448,0.22974416613578796,0.3499999940395355,frozen_mlp_surrogate_adjoint,900,900,900,700,58.80854249000549,58.80854249000549,0.06534282498889499
281,205.91836547851562,152.08717346191406,136.84750366210938,91.46039581298828,0.8744331002235413,0.2979107201099396,0.3947743773460388,0.8418591618537903,0.7074800729751587,T015_035_015_035,0.004530675709247589,0.00025228061713278294,0.085567906498909,0.00025228061713278294,0.05,260,51519,0.026695004646988485,0.11925409734249115,0.15000000596046448,0.25090301036834717,0.3499999940395355,0.10758538544178009,0.15000000596046448,0.22973757982254028,0.3499999940395355,frozen_mlp_surrogate_adjoint,900,900,900,700,58.80854249000549,58.80854249000549,0.06534282498889499
282,205.92218017578125,152.09295654296875,136.85049438476562,91.46003723144531,0.8744596242904663,0.29801782965660095,0.3947950601577759,0.841852605342865,0.7074905037879944,T015_035_015_035,0.004530690144747496,0.00025259985704906285,0.08556180447340012,0.00025259985704906285,0.05,403,51309,0.03463352842381311,0.11931174993515015,0.15000000596046448,0.2508268654346466,0.3499999940395355,0.10760098695755005,0.15000000596046448,0.22975090146064758,0.3499999940395355,frozen_mlp_surrogate_adjoint,900,900,900,700,58.80854249000549,58.80854249000549,0.06534282498889499
283,205.9069366455078,152.0919952392578,136.85385131835938,91.46298217773438,0.8743537068367004,0.2979999780654907,0.3948184549808502,0.8419071435928345,0.7075046300888062,T015_035_015_035,0.004530708305537701,0.00025303097208961844,0.08555354177951813,0.00025303097208961844,0.05,179,50135,0.022708354919052914,0.11939992010593414,0.15000000596046448,0.2506874203681946,0.3499999940395355,0.10764434933662415,0.15000000596046448,0.22977298498153687,0.3499999940395355,frozen_mlp_surrogate_adjoint,900,900,900,700,58.80854249000549,58.80854249000549,0.06534282498889499
284,205.91893005371094,152.0865020751953,136.84024047851562,91.46078491210938,0.8744370341300964,0.2978981137275696,0.3947238326072693,0.8418664336204529,0.7074852585792542,T015_035_015_035,0.004530712496489286,0.00025246868608519435,0.08556487411260605,0.00025246868608519435,0.05,475,50370,0.03855117613301091,0.11923481523990631,0.15000000596046448,0.25094282627105713,0.3499999940395355,0.10758662223815918,0.15000000596046448,0.22972100973129272,0.3499999940395355,frozen_mlp_surrogate_adjoint,900,900,900,700,58.80854249000549,58.80854249000549,0.06534282498889499
285,205.8983154296875,152.09078979492188,136.8614044189453,91.46183776855469,0.8742938041687012,0.2979775369167328,0.3948708474636078,0.8418858051300049,0.7074941992759705,T015_035_015_035,0.004530742298811674,0.0002527600445318967,0.08555964380502701,0.0002527600445318967,0.05,142,51008,0.020295271930663415,0.11945228278636932,0.15000000596046448,0.25062406063079834,0.3499999940395355,0.10760590434074402,0.15000000596046448,0.22981195151805878,0.3499999940395355,frozen_mlp_surrogate_adjoint,900,900,900,700,58.80854249000549,58.80854249000549,0.06534282498889499
286,205.89244079589844,152.08680725097656,136.82257080078125,91.46336364746094,0.8742530345916748,0.29790377616882324,0.39460113644599915,0.8419142365455627,0.7075273394584656,T015_035_015_035,0.00453076371923089,0.0002537509426474571,0.08554025739431381,0.0002537509426474571,0.05,157,50527,0.021179846548169942,0.11941403150558472,0.15000000596046448,0.25078022480010986,0.3499999940395355,0.10757662355899811,0.15000000596046448,0.22975647449493408,0.3499999940395355,frozen_mlp_surrogate_adjoint,900,900,900,700,58.80854249000549,58.80854249000549,0.06534282498889499
287,205.9095458984375,152.09933471679688,136.8568878173828,91.46199035644531,0.8743718266487122,0.2981359362602234,0.39483949542045593,0.8418886661529541,0.7075197100639343,T015_035_015_035,0.0045307655818760395,0.00025352928787469864,0.08554472029209137,0.00025352928787469864,0.05,95,51102,0.017736168070530075,0.11949945986270905,0.15000000596046448,0.25057709217071533,0.3499999940395355,0.1076408177614212,0.15000000596046448,0.22980238497257233,0.3499999940395355,frozen_mlp_surrogate_adjoint,900,900,900,700,58.80854249000549,58.80854249000549,0.06534282498889499
288,205.90147399902344,152.083740234375,136.83197021484375,91.4617919921875,0.8743157982826233,0.29784712195396423,0.39466652274131775,0.8418850898742676,0.7074973583221436,T015_035_015_035,0.004530782345682383,0.000252892350545153,0.08555779606103897,0.000252892350545153,0.05,147,50074,0.02057048065186013,0.11931460350751877,0.15000000596046448,0.2508777379989624,0.3499999940395355,0.10756155848503113,0.15000000596046448,0.22974345088005066,0.3499999940395355,frozen_mlp_surrogate_adjoint,900,900,900,700,58.80854249000549,58.80854249000549,0.06534282498889499
289,205.89605712890625,152.09385681152344,136.84347534179688,91.46532440185547,0.8742781281471252,0.29803431034088135,0.3947463631629944,0.8419504761695862,0.7075341939926147,T015_035_015_035,0.004530792590230703,0.0002539799897931516,0.08553624898195267,0.0002539799897931516,0.05,122,50875,0.019118268645403613,0.11949177086353302,0.15000000596046448,0.25059181451797485,0.3499999940395355,0.10767234861850739,0.15000000596046448,0.22977831959724426,0.3499999940395355,frozen_mlp_surrogate_adjoint,900,900,900,700,58.80854249000549,58.80854249000549,0.06534282498889499
290,158.39498901367188,136.84848022460938,187.92623901367188,75.84325408935547,0.5444096326828003,0.015712490305304527,0.7494878172874451,0.5526528358459473,0.8014473915100098,T015_035_015_035,0.004530862905085087,0.002559705637395382,0.0394231379032135,0.002559705637395382,0.05,473,50719,0.03845491026716777,0.16978634893894196,0.15000000596046448,0.3031967282295227,0.3499999940395355,0.06179482117295265,0.15000000596046448,0.26666954159736633,0.3499999940395355,frozen_mlp_surrogate_adjoint,900,900,900,700,58.80854249000549,58.80854249000549,0.06534282498889499
291,205.932861328125,152.09788513183594,136.85635375976562,91.46188354492188,0.8745338320732117,0.2981089949607849,0.39483582973480225,0.8418866991996765,0.7074991464614868,T015_035_015_035,0.004530875012278557,0.00025303688016720116,0.0855567529797554,0.00025303688016720116,0.05,50,50566,0.013645494800013088,0.11931513249874115,0.15000000596046448,0.25077512860298157,0.3499999940395355,0.10768125206232071,0.15000000596046448,0.2297276258468628,0.3499999940395355,frozen_mlp_surrogate_adjoint,900,900,900,700,58.80854249000549,58.80854249000549,0.06534282498889499
292,205.89218139648438,152.08795166015625,136.86077880859375,91.46383666992188,0.8742511868476868,0.29792502522468567,0.39486655592918396,0.8419229388237,0.7074946761131287,T015_035_015_035,0.004530875477939844,0.0002529073099140078,0.08555936813354492,0.0002529073099140078,0.05,814,51161,0.05168205231377984,0.11944910883903503,0.15000000596046448,0.2506066560745239,0.3499999940395355,0.10763780027627945,0.15000000596046448,0.22980111837387085,0.3499999940395355,frozen_mlp_surrogate_adjoint,900,900,900,700,58.80854249000549,58.80854249000549,0.06534282498889499
293,205.88575744628906,152.07440185546875,136.83432006835938,91.4627456665039,0.8742066621780396,0.29767411947250366,0.3946828246116638,0.8419026732444763,0.7074732780456543,T015_035_015_035,0.004531075246632099,0.0002524811134207994,0.08557188510894775,0.0002524811134207994,0.05,601,51600,0.043497385897223975,0.1192912608385086,0.15000000596046448,0.25089311599731445,0.3499999940395355,0.10754144191741943,0.15000000596046448,0.22974750399589539,0.3499999940395355,frozen_mlp_surrogate_adjoint,900,900,900,700,58.80854249000549,58.80854249000549,0.06534282498889499
294,205.88204956054688,152.06922912597656,136.84803771972656,91.46072387695312,0.8741808533668518,0.29757827520370483,0.3947780430316925,0.8418652415275574,0.7074353098869324,T015_035_015_035,0.004531237296760082,0.00025153267779387534,0.08559409528970718,0.00025153267779387534,0.05,603,51234,0.04358211539345464,0.11925507336854935,0.15000000596046448,0.25091636180877686,0.3499999940395355,0.10749397426843643,0.15000000596046448,0.22976991534233093,0.3499999940395355,frozen_mlp_surrogate_adjoint,900,900,900,700,58.80854249000549,58.80854249000549,0.06534282498889499
295,205.87698364257812,152.06076049804688,136.93698120117188,91.45721435546875,0.8741456866264343,0.29742133617401123,0.3953956365585327,0.8418002128601074,0.707305908203125,T015_035_015_035,0.0045316931791603565,0.00024820174439810216,0.08566983044147491,0.00024820174439810216,0.05,539,50558,0.0413971924557673,0.11922797560691833,0.15000000596046448,0.2507018446922302,0.3499999940395355,0.10749351978302002,0.15000000596046448,0.22988253831863403,0.3499999940395355,frozen_mlp_surrogate_adjoint,900,900,900,700,58.80854249000549,58.80854249000549,0.06534282498889499
296,158.54737854003906,136.87107849121094,187.97238159179688,75.81951141357422,0.5454679131507874,0.016131175681948662,0.7498082518577576,0.5522131323814392,0.8006674647331238,T015_035_015_035,0.00453594233840704,0.002549269702285528,0.03973345831036568,0.002549269702285528,0.05,734,51520,0.04830703564890669,0.16963234543800354,0.15000000596046448,0.30257338285446167,0.3499999940395355,0.06178414076566696,0.15000000596046448,0.2666776180267334,0.3499999940395355,frozen_mlp_surrogate_adjoint,900,900,900,700,58.80854249000549,58.80854249000549,0.06534282498889499
297,159.13754272460938,137.00656127929688,188.5230712890625,75.63905334472656,0.5495662689208984,0.018639983609318733,0.7536323666572571,0.5488713383674622,0.797531008720398,T015_035_015_035,0.004567176103591919,0.002517491113394499,0.040993694216012955,0.002517491113394499,0.05,660,50770,0.045458409021798506,0.16894733905792236,0.15000000596046448,0.29962608218193054,0.3499999940395355,0.06109943240880966,0.15000000596046448,0.2678581178188324,0.3499999940395355,frozen_mlp_surrogate_adjoint,900,900,900,700,58.80854249000549,58.80854249000549,0.06534282498889499
298,159.2884979248047,137.02615356445312,188.547607421875,75.5905990600586,0.550614595413208,0.01900278963148594,0.7538028955459595,0.5479740500450134,0.7969367504119873,T015_035_015_035,0.004572371952235699,0.002510637743398547,0.041234683245420456,0.002510637743398547,0.05,459,50919,0.037701156840226,0.16880932450294495,0.15000000596046448,0.2991262674331665,0.3499999940395355,0.061038561165332794,0.15000000596046448,0.26796260476112366,0.3499999940395355,frozen_mlp_surrogate_adjoint,900,900,900,700,58.80854249000549,58.80854249000549,0.06534282498889499
299,159.2284698486328,137.0410919189453,188.64218139648438,75.58403015136719,0.5501977205276489,0.019279412925243378,0.75445955991745,0.5478523969650269,0.797051191329956,T015_035_015_035,0.004576674196869135,0.0025172631721943617,0.04118821769952774,0.0025172631721943617,0.05,547,50590,0.04173930071256182,0.16905814409255981,0.15000000596046448,0.29885780811309814,0.3499999940395355,0.06095266714692116,0.15000000596046448,0.26818257570266724,0.3499999940395355,frozen_mlp_surrogate_adjoint,900,900,900,700,58.80854249000549,58.80854249000549,0.06534282498889499
300,110.44503784179688,138.85397338867188,209.6884002685547,73.76881408691406,0.2114238440990448,0.05285128206014633,0.9006138443946838,0.5142373442649841,0.8052033185958862,T015_035_015_035,0.004589474759995937,0.0026921872049570084,0.03794574737548828,0.0026921872049570084,0.05,172,51631,0.022097810156585303,0.17091594636440277,0.15000000596046448,0.3087422847747803,0.3499999940395355,0.06257006525993347,0.15000000596046448,0.26297494769096375,0.3499999940395355,frozen_mlp_surrogate_adjoint,900,900,900,700,58.80854249000549,58.80854249000549,0.06534282498889499
301,201.5908966064453,150.03985595703125,136.16416931152344,91.81391906738281,0.8443812131881714,0.2599973976612091,0.3900289237499237,0.8484059572219849,0.7058591842651367,T015_035_015_035,0.004590258933603764,0.0002643183106556535,0.08651881664991379,0.0002643183106556535,0.05,665,51253,0.04562177099989451,0.12060706317424774,0.15000000596046448,0.25128817558288574,0.3499999940395355,0.10388097167015076,0.15000000596046448,0.2300829291343689,0.3499999940395355,frozen_mlp_surrogate_adjoint,900,900,900,700,58.80854249000549,58.80854249000549,0.06534282498889499
302,156.71487426757812,136.7273406982422,188.83441162109375,73.99427795410156,0.5327421426773071,0.01346932165324688,0.7557945251464844,0.5184125900268555,0.8125582933425903,T015_035_015_035,0.004612472839653492,0.002855753293260932,0.035134393721818924,0.002855753293260932,0.05,493,5,0.039355372861629476,0.17020981013774872,0.15000000596046448,0.3117326498031616,0.3499999940395355,0.05579564720392227,0.15000000596046448,0.27482014894485474,0.3499999940395355,frozen_mlp_surrogate_adjoint,900,900,900,700,58.80854249000549,58.80854249000549,0.06534282498889499
303,159.8968505859375,137.1664276123047,189.07737731933594,75.40068054199219,0.5548392534255981,0.021600399166345596,0.7574818134307861,0.5444570183753967,0.7937155961990356,T015_035_015_035,0.004614552482962608,0.0024868894834071398,0.04255325347185135,0.0024868894834071398,0.05,427,51503,0.03600340080523053,0.16825202107429504,0.15000000596046448,0.2959533929824829,0.3499999940395355,0.06039043143391609,0.15000000596046448,0.2691197395324707,0.3499999940395355,frozen_mlp_surrogate_adjoint,900,900,900,700,58.80854249000549,58.80854249000549,0.06534282498889499
304,160.0567626953125,137.16136169433594,189.26283264160156,75.42327117919922,0.5559496879577637,0.021506771445274353,0.758769690990448,0.5448753833770752,0.7927132844924927,T015_035_015_035,0.00461638905107975,0.0024679999332875013,0.0429677814245224,0.0024679999332875013,0.05,610,50569,0.043715321397198886,0.1670101284980774,0.15000000596046448,0.29636287689208984,0.3499999940395355,0.060038499534130096,0.15000000596046448,0.26930177211761475,0.3499999940395355,frozen_mlp_surrogate_adjoint,900,900,900,700,58.80854249000549,58.80854249000549,0.06534282498889499
305,219.1758575439453,155.69334411621094,146.39877319335938,89.3689956665039,0.9664989709854126,0.3646916151046753,0.46110254526138306,0.8031295537948608,0.7107147574424744,T015_035_015_035,0.004623659886419773,0.0004393623094074428,0.08368594944477081,0.0004393623094074428,0.05,359,50996,0.03261504321493068,0.12246271967887878,0.15000000596046448,0.2620703876018524,0.3499999940395355,0.09609843045473099,0.15000000596046448,0.23008322715759277,0.3499999940395355,frozen_mlp_surrogate_adjoint,900,900,900,700,58.80854249000549,58.80854249000549,0.06534282498889499
306,113.40099334716797,139.15048217773438,210.2471160888672,74.01577758789062,0.23195135593414307,0.05834212899208069,0.9044938683509827,0.5188107490539551,0.7942112684249878,T015_035_015_035,0.004643396474421024,0.0025259465910494328,0.04234900325536728,0.0025259465910494328,0.05,828,50161,0.05233448048331776,0.17214110493659973,0.15000000596046448,0.29869502782821655,0.3499999940395355,0.06784898042678833,0.15000000596046448,0.2555261552333832,0.3499999940395355,frozen_mlp_surrogate_adjoint,900,900,900,700,58.80854249000549,58.80854249000549,0.06534282498889499
307,113.40389251708984,139.1494598388672,210.24978637695312,74.0110092163086,0.23197147250175476,0.05832326412200928,0.9045124053955078,0.518722414970398,0.7942607402801514,T015_035_015_035,0.004643416963517666,0.0025269845500588417,0.042328644543886185,0.0025269845500588417,0.05,893,51152,0.05507317890450518,0.1721346527338028,0.15000000596046448,0.29872554540634155,0.3499999940395355,0.06778088957071304,0.15000000596046448,0.255619615316391,0.3499999940395355,frozen_mlp_surrogate_adjoint,900,900,900,700,58.80854249000549,58.80854249000549,0.06534282498889499
308,113.40064239501953,139.15362548828125,210.2589111328125,73.99977111816406,0.23194891214370728,0.058400604873895645,0.904575765132904,0.5185143351554871,0.7942276000976562,T015_035_015_035,0.0046434663236141205,0.002526352647691965,0.042342279106378555,0.002526352647691965,0.05,651,51272,0.0452360364347386,0.17220547795295715,0.15000000596046448,0.29847556352615356,0.3499999940395355,0.06765790283679962,0.15000000596046448,0.25588861107826233,0.3499999940395355,frozen_mlp_surrogate_adjoint,900,900,900,700,58.80854249000549,58.80854249000549,0.06534282498889499
309,113.39923095703125,139.1498565673828,210.2574920654297,74.00308227539062,0.23193909227848053,0.05833079293370247,0.9045659303665161,0.5185755491256714,0.7943062782287598,T015_035_015_035,0.004643472842872143,0.002527977805584669,0.04230990633368492,0.002527977805584669,0.05,586,50186,0.043173871413529276,0.17214813828468323,0.15000000596046448,0.2986965775489807,0.3499999940395355,0.06768295168876648,0.15000000596046448,0.25577861070632935,0.3499999940395355,frozen_mlp_surrogate_adjoint,900,900,900,700,58.80854249000549,58.80854249000549,0.06534282498889499
310,113.39302825927734,139.1549072265625,210.25616455078125,74.00505828857422,0.2318960279226303,0.05842415988445282,0.9045567512512207,0.5186122059822083,0.7941761612892151,T015_035_015_035,0.00464352173730731,0.0025253489147871733,0.04236345365643501,0.0025253489147871733,0.05,657,50584,0.045305194749074844,0.17221754789352417,0.15000000596046448,0.29843854904174805,0.3499999940395355,0.06773058325052261,0.15000000596046448,0.25578945875167847,0.3499999940395355,frozen_mlp_surrogate_adjoint,900,900,900,700,58.80854249000549,58.80854249000549,0.06534282498889499
311,113.38866424560547,139.15113830566406,210.2529754638672,74.00579071044922,0.23186573386192322,0.05835447460412979,0.9045345187187195,0.518625795841217,0.7942708134651184,T015_035_015_035,0.0046435254625976086,0.00252730050124228,0.042324498295784,0.00252730050124228,0.05,619,50496,0.04396664227480161,0.17217262089252472,0.15000000596046448,0.29862770438194275,0.3499999940395355,0.0677105188369751,0.15000000596046448,0.25575995445251465,0.3499999940395355,frozen_mlp_surrogate_adjoint,900,900,900,700,58.80854249000549,58.80854249000549,0.06534282498889499
312,184.55117797851562,146.73538208007812,84.7012939453125,93.39173889160156,0.7260499000549316,0.19880351424217224,0.032647885382175446,0.8776246905326843,0.748126208782196,T015_035_015_035,0.005046478006988764,0.001874457811936736,0.06344040483236313,0.001874457811936736,0.05,754,50657,0.04924981753333121,0.14167103171348572,0.15000000596046448,0.27175775170326233,0.3499999940395355,0.12757855653762817,0.15000000596046448,0.20711886882781982,0.3499999940395355,frozen_mlp_surrogate_adjoint,900,900,900,700,58.80854249000549,58.80854249000549,0.06534282498889499
313,223.9456329345703,154.71453857421875,185.02621459960938,69.44447326660156,0.9996224641799927,0.3465654253959656,0.7293487787246704,0.4341568648815155,0.7009416818618774,T015_035_015_035,0.005331949330866337,0.0008601557929068804,0.089435875415802,0.0008601557929068804,0.05,82,51665,0.01647607667243143,0.12948517501354218,0.15000000596046448,0.25109657645225525,0.3499999940395355,0.07260400056838989,0.15000000596046448,0.24775591492652893,0.3499999940395355,frozen_mlp_surrogate_adjoint,900,900,900,700,58.80854249000549,58.80854249000549,0.06534282498889499
314,223.9371795654297,154.7333526611328,184.96649169921875,69.4781494140625,0.9995637536048889,0.3469138741493225,0.7289339900016785,0.4347805082798004,0.7011030912399292,T015_035_015_035,0.005332996137440205,0.0008660281891934574,0.08933936059474945,0.0008660281891934574,0.05,37,51179,0.01165689904959029,0.12992218136787415,0.15000000596046448,0.2507440447807312,0.3499999940395355,0.07267655432224274,0.15000000596046448,0.24776026606559753,0.3499999940395355,frozen_mlp_surrogate_adjoint,900,900,900,700,58.80854249000549,58.80854249000549,0.06534282498889499
315,223.92156982421875,154.72012329101562,184.9132080078125,69.45292663574219,0.9994553923606873,0.3466688394546509,0.7285639643669128,0.43431350588798523,0.7009766101837158,T015_035_015_035,0.005334311630576849,0.0008635623380541801,0.08941498398780823,0.0008635623380541801,0.05,10,51410,0.0073765759433661055,0.129733607172966,0.15000000596046448,0.2511962652206421,0.3499999940395355,0.07267516106367111,0.15000000596046448,0.24737152457237244,0.3499999940395355,frozen_mlp_surrogate_adjoint,900,900,900,700,58.80854249000549,58.80854249000549,0.06534282498889499
316,223.86634826660156,154.67132568359375,185.04249572753906,69.4434585571289,0.9990718364715576,0.3457653224468231,0.7294617891311646,0.43413808941841125,0.7002803683280945,T015_035_015_035,0.005340771749615669,0.0008491786429658532,0.08983185887336731,0.0008491786429658532,0.05,106,51735,0.018297047647152537,0.12888969480991364,0.15000000596046448,0.25106608867645264,0.3499999940395355,0.07257134467363358,0.15000000596046448,0.24775326251983643,0.3499999940395355,frozen_mlp_surrogate_adjoint,900,900,900,700,58.80854249000549,58.80854249000549,0.06534282498889499
317,223.85728454589844,154.6623077392578,185.1001739501953,69.41595458984375,0.9990088939666748,0.34559839963912964,0.7298623323440552,0.43362873792648315,0.7000727653503418,T015_035_015_035,0.005342341959476471,0.0008445245330221951,0.08995634317398071,0.0008445245330221951,0.05,165,50477,0.021715800050444357,0.12869587540626526,0.15000000596046448,0.25100404024124146,0.3499999940395355,0.07258754968643188,0.15000000596046448,0.2477853000164032,0.3499999940395355,frozen_mlp_surrogate_adjoint,900,900,900,700,58.80854249000549,58.80854249000549,0.06534282498889499
318,223.80728149414062,154.6368408203125,185.07403564453125,69.47166442871094,0.9986616373062134,0.34512680768966675,0.7296808362007141,0.4346604645252228,0.6997976303100586,T015_035_015_035,0.005347870755940676,0.0008417973876930773,0.09012146294116974,0.0008417973876930773,0.05,27,50711,0.010227511777866294,0.12840671837329865,0.15000000596046448,0.2508839964866638,0.3499999940395355,0.07249350100755692,0.15000000596046448,0.24801340699195862,0.3499999940395355,frozen_mlp_surrogate_adjoint,900,900,900,700,58.80854249000549,58.80854249000549,0.06534282498889499
319,223.77777099609375,154.65733337402344,184.95396423339844,69.45326232910156,0.9984567165374756,0.3455062508583069,0.7288469672203064,0.43431970477104187,0.6998447179794312,T015_035_015_035,0.005350019782781601,0.0008453598711639643,0.09009319543838501,0.0008453598711639643,0.05,777,50689,0.05036717048949676,0.12894603610038757,0.15000000596046448,0.25075599551200867,0.3499999940395355,0.07270200550556183,0.15000000596046448,0.2474406659603119,0.3499999940395355,frozen_mlp_surrogate_adjoint,900,900,900,700,58.80854249000549,58.80854249000549,0.06534282498889499
320,223.71034240722656,154.63265991210938,184.90151977539062,69.50216674804688,0.9979884624481201,0.34504935145378113,0.7284827828407288,0.4352252781391144,0.6994884014129639,T015_035_015_035,0.005357450805604458,0.0008420897647738457,0.09030722081661224,0.0008420897647738457,0.05,813,51255,0.05163445083577811,0.12873466312885284,0.15000000596046448,0.2505742311477661,0.3499999940395355,0.072662852704525,0.15000000596046448,0.2475166618824005,0.3499999940395355,frozen_mlp_surrogate_adjoint,900,900,900,700,58.80854249000549,58.80854249000549,0.06534282498889499
321,223.6667938232422,154.64170837402344,184.89195251464844,69.501708984375,0.9976860284805298,0.3452168405056,0.7284163236618042,0.4352167546749115,0.6993072032928467,T015_035_015_035,0.005362225230783224,0.0008414173498749733,0.09041615575551987,0.0008414173498749733,0.05,101,50609,0.017951161919428173,0.1290443241596222,0.15000000596046448,0.24995729327201843,0.3499999940395355,0.07282830029726028,0.15000000596046448,0.24747726321220398,0.3499999940395355,frozen_mlp_surrogate_adjoint,900,900,900,700,58.80854249000549,58.80854249000549,0.06534282498889499
322,223.6507110595703,154.5816650390625,184.90725708007812,69.47611999511719,0.9975743889808655,0.3441050052642822,0.7285226583480835,0.43474292755126953,0.698870062828064,T015_035_015_035,0.005364769604057074,0.0008308076648972929,0.09067923575639725,0.0008308076648972929,0.05,26,50006,0.010180195503191158,0.12792351841926575,0.15000000596046448,0.2510708272457123,0.3499999940395355,0.07257010042667389,0.15000000596046448,0.24730566143989563,0.3499999940395355,frozen_mlp_surrogate_adjoint,900,900,900,700,58.80854249000549,58.80854249000549,0.06534282498889499
323,223.63343811035156,154.6403350830078,184.82940673828125,69.48521423339844,0.9974544644355774,0.34519127011299133,0.7279819250106812,0.43491142988204956,0.6991649866104126,T015_035_015_035,0.0053655290976166725,0.0008404438849538565,0.09050170332193375,0.0008404438849538565,0.05,28,51417,0.010353524131751859,0.12914562225341797,0.15000000596046448,0.2499750852584839,0.3499999940395355,0.07292616367340088,0.15000000596046448,0.24711808562278748,0.3499999940395355,frozen_mlp_surrogate_adjoint,900,900,900,700,58.80854249000549,58.80854249000549,0.06534282498889499
324,223.6355743408203,154.60653686523438,184.96963500976562,69.48613739013672,0.9974693059921265,0.34456539154052734,0.728955864906311,0.4349284768104553,0.6988562345504761,T015_035_015_035,0.005366120021790266,0.0008317417814396322,0.09068756550550461,0.0008317417814396322,0.05,881,51225,0.05429585942524741,0.12841397523880005,0.15000000596046448,0.2500635087490082,0.3499999940395355,0.0727420449256897,0.15000000596046448,0.24763667583465576,0.3499999940395355,frozen_mlp_surrogate_adjoint,900,900,900,700,58.80854249000549,58.80854249000549,0.06534282498889499
325,223.61068725585938,154.591796875,185.0709228515625,69.440673828125,0.9972963929176331,0.34429243206977844,0.7296591401100159,0.4340865910053253,0.698469877243042,T015_035_015_035,0.00536943506449461,0.0008234138367697597,0.09092041850090027,0.0008234138367697597,0.05,197,51015,0.023582761859773194,0.12812566757202148,0.15000000596046448,0.2498277872800827,0.3499999940395355,0.07280104607343674,0.15000000596046448,0.24771535396575928,0.3499999940395355,frozen_mlp_surrogate_adjoint,900,900,900,700,58.80854249000549,58.80854249000549,0.06534282498889499
326,223.5612030029297,154.5768585205078,184.8570556640625,69.48506164550781,0.9969527721405029,0.34401601552963257,0.7281740307807922,0.4349086284637451,0.6984307765960693,T015_035_015_035,0.005373868625611067,0.0008266685763373971,0.09094399958848953,0.0008266685763373971,0.05,191,50958,0.023281845198285862,0.12813585996627808,0.15000000596046448,0.2503885328769684,0.3499999940395355,0.07276028394699097,0.15000000596046448,0.2471460998058319,0.3499999940395355,frozen_mlp_surrogate_adjoint,900,900,900,700,58.80854249000549,58.80854249000549,0.06534282498889499
327,223.55270385742188,154.58612060546875,184.8001708984375,69.49552154541016,0.9968937635421753,0.34418728947639465,0.7277789115905762,0.435102254152298,0.6985087394714355,T015_035_015_035,0.005374412517994642,0.0008295635925605893,0.09089697897434235,0.0008295635925605893,0.05,506,51301,0.03987993142673606,0.12837634980678558,0.15000000596046448,0.25031816959381104,0.3499999940395355,0.07281392812728882,0.15000000596046448,0.24700027704238892,0.3499999940395355,frozen_mlp_surrogate_adjoint,900,900,900,700,58.80854249000549,58.80854249000549,0.06534282498889499
328,223.43435668945312,154.57400512695312,184.7674102783203,69.50917053222656,0.9960719347000122,0.34396296739578247,0.7275514602661133,0.43535494804382324,0.6978650093078613,T015_035_015_035,0.005387486424297094,0.0008232092368416488,0.09128554910421371,0.0008232092368416488,0.05,407,51026,0.03470977078114337,0.12852875888347626,0.15000000596046448,0.24937644600868225,0.3499999940395355,0.07303346693515778,0.15000000596046448,0.24692633748054504,0.3499999940395355,frozen_mlp_surrogate_adjoint,900,900,900,700,58.80854249000549,58.80854249000549,0.06534282498889499
329,223.39010620117188,154.55538940429688,184.95425415039062,69.48138427734375,0.9957646131515503,0.3436184227466583,0.728848934173584,0.43484044075012207,0.6972861886024475,T015_035_015_035,0.0053941635414958,0.0008123810985125601,0.09163565188646317,0.0008123810985125601,0.05,74,50396,0.0158111269593852,0.12818565964698792,0.15000000596046448,0.24855026602745056,0.3499999940395355,0.073104128241539,0.15000000596046448,0.24744611978530884,0.3499999940395355,frozen_mlp_surrogate_adjoint,900,900,900,700,58.80854249000549,58.80854249000549,0.06534282498889499
330,223.3626251220703,154.53121948242188,184.7033233642578,69.52945709228516,0.9955737590789795,0.34317079186439514,0.7271063923835754,0.43573063611984253,0.6973670721054077,T015_035_015_035,0.005395315121859312,0.000815980660263449,0.09158668667078018,0.000815980660263449,0.05,234,50538,0.02552123801191158,0.12797585129737854,0.15000000596046448,0.24969610571861267,0.3499999940395355,0.07294405996799469,0.15000000596046448,0.2467510998249054,0.3499999940395355,frozen_mlp_surrogate_adjoint,900,900,900,700,58.80854249000549,58.80854249000549,0.06534282498889499
331,223.3358612060547,154.51422119140625,184.79685974121094,69.50758361816406,0.9953879714012146,0.342855840921402,0.7277559638023376,0.43532562255859375,0.6970028877258301,T015_035_015_035,0.005398959387093782,0.000808596727438271,0.09180725365877151,0.000808596727438271,0.05,196,51719,0.02355879757775505,0.12766671180725098,0.15000000596046448,0.2494257688522339,0.3499999940395355,0.07295970618724823,0.15000000596046448,0.2469506859779358,0.3499999940395355,frozen_mlp_surrogate_adjoint,900,900,900,700,58.80854249000549,58.80854249000549,0.06534282498889499
332,223.0812530517578,154.4425048828125,184.66650390625,69.55628967285156,0.9936198592185974,0.3415277302265167,0.726850688457489,0.4362276494503021,0.6954880952835083,T015_035_015_035,0.005427595227956772,0.0007912202854640782,0.09272749722003937,0.0007912202854640782,0.05,160,50740,0.021350692212573043,0.12716703116893768,0.15000000596046448,0.2485441118478775,0.3499999940395355,0.07313940674066544,0.15000000596046448,0.2466375231742859,0.3499999940395355,frozen_mlp_surrogate_adjoint,900,900,900,700,58.80854249000549,58.80854249000549,0.06534282498889499
333,223.0708465576172,154.43243408203125,184.8343505859375,69.52799987792969,0.9935474991798401,0.3413413465023041,0.7280163764953613,0.43570375442504883,0.6951546669006348,T015_035_015_035,0.005430650431662798,0.0007841166807338595,0.09293067455291748,0.0007841166807338595,0.05,517,50697,0.04037800637378815,0.12689530849456787,0.15000000596046448,0.24799588322639465,0.3499999940395355,0.07316819578409195,0.15000000596046448,0.2470952570438385,0.3499999940395355,frozen_mlp_surrogate_adjoint,900,900,900,700,58.80854249000549,58.80854249000549,0.06534282498889499
334,222.80101013183594,154.35096740722656,184.47500610351562,69.60780334472656,0.9916736483573914,0.33983272314071655,0.72552090883255,0.43718162178993225,0.6937800645828247,T015_035_015_035,0.005460682325065136,0.0007721495348960161,0.09377064555883408,0.0007721495348960161,0.05,735,50360,0.048308830039250704,0.12640127539634705,0.15000000596046448,0.24804949760437012,0.3499999940395355,0.07324691861867905,0.15000000596046448,0.2460823953151703,0.3499999940395355,frozen_mlp_surrogate_adjoint,900,900,900,700,58.80854249000549,58.80854249000549,0.06534282498889499
335,222.61378479003906,154.32333374023438,184.40133666992188,69.62782287597656,0.9903734922409058,0.33932092785835266,0.7250093221664429,0.4375523328781128,0.6927398443222046,T015_035_015_035,0.005482475273311138,0.0007620353135280311,0.0944088026881218,0.0007620353135280311,0.05,864,51490,0.053756847974394346,0.12649215757846832,0.15000000596046448,0.24684087932109833,0.3499999940395355,0.07354522496461868,0.15000000596046448,0.24586161971092224,0.3499999940395355,frozen_mlp_surrogate_adjoint,900,900,900,700,58.80854249000549,58.80854249000549,0.06534282498889499
336,222.60902404785156,154.1522674560547,185.10000610351562,69.54791259765625,0.9903404116630554,0.3361530601978302,0.7298611402511597,0.4360724091529846,0.6911579370498657,T015_035_015_035,0.005495668388903141,0.0007264972082339227,0.095383420586586,0.0007264972082339227,0.05,701,51505,0.04712065405564108,0.12300872057676315,0.15000000596046448,0.24739468097686768,0.3499999940395355,0.07287553697824478,0.15000000596046448,0.2478789985179901,0.3499999940395355,frozen_mlp_surrogate_adjoint,900,900,900,700,58.80854249000549,58.80854249000549,0.06534282498889499
337,222.32110595703125,154.06021118164062,184.83920288085938,69.5655517578125,0.9883410334587097,0.33444833755493164,0.7280499935150146,0.43639907240867615,0.6899286508560181,T015_035_015_035,0.0055144731886684895,0.00070726074045524,0.09614424407482147,0.00070726074045524,0.05,726,50548,0.047900357772143805,0.12294945120811462,0.15000000596046448,0.24685633182525635,0.3499999940395355,0.0733143612742424,0.15000000596046448,0.2468084692955017,0.3499999940395355,frozen_mlp_surrogate_adjoint,900,900,900,700,58.80854249000549,58.80854249000549,0.06534282498889499
338,222.29173278808594,153.98065185546875,184.9441375732422,69.66046142578125,0.9881370663642883,0.33297497034072876,0.7287787199020386,0.43815669417381287,0.6897477507591248,T015_035_015_035,0.005518563557416201,0.000705740530975163,0.09625645726919174,0.000705740530975163,0.05,362,51097,0.032699449239818025,0.1220061331987381,0.15000000596046448,0.24700573086738586,0.3499999940395355,0.07300109416246414,0.15000000596046448,0.24773478507995605,0.3499999940395355,frozen_mlp_surrogate_adjoint,900,900,900,700,58.80854249000549,58.80854249000549,0.06534282498889499
339,222.19586181640625,154.01953125,184.73968505859375,69.57858276367188,0.9874712824821472,0.3336951732635498,0.7273589372634888,0.43664050102233887,0.6893941164016724,T015_035_015_035,0.005523034371435642,0.0006992333219386637,0.09647601842880249,0.0006992333219386637,0.05,348,50700,0.03222987898524158,0.1229223757982254,0.15000000596046448,0.24653960764408112,0.3499999940395355,0.07350118458271027,0.15000000596046448,0.24643096327781677,0.3499999940395355,frozen_mlp_surrogate_adjoint,900,900,900,700,58.80854249000549,58.80854249000549,0.06534282498889499
340,222.12948608398438,153.96090698242188,184.705078125,69.61627197265625,0.9870103597640991,0.3326093554496765,0.7271186113357544,0.43733832240104675,0.6890779137611389,T015_035_015_035,0.005527779925614595,0.0006941529572941363,0.09667254239320755,0.0006941529572941363,0.05,373,51741,0.03342232217432881,0.1223842054605484,0.15000000596046448,0.24681992828845978,0.3499999940395355,0.07341472804546356,0.15000000596046448,0.24645906686782837,0.3499999940395355,frozen_mlp_surrogate_adjoint,900,900,900,700,58.80854249000549,58.80854249000549,0.06534282498889499
341,222.14779663085938,153.96092224121094,184.9134521484375,69.62054443359375,0.9871374368667603,0.3326096534729004,0.7285656929016113,0.4374174475669861,0.689044177532196,T015_035_015_035,0.00552802998572588,0.0006933539407327771,0.09669352322816849,0.0006933539407327771,0.05,288,51227,0.028984167172929686,0.1223440170288086,0.15000000596046448,0.2459700107574463,0.3499999940395355,0.07343103736639023,0.15000000596046448,0.24729910492897034,0.3499999940395355,frozen_mlp_surrogate_adjoint,900,900,900,700,58.80854249000549,58.80854249000549,0.06534282498889499
342,221.85804748535156,153.8214874267578,184.57476806640625,69.67234802246094,0.9851253032684326,0.33002761006355286,0.7262136936187744,0.438376784324646,0.6878133416175842,T015_035_015_035,0.005547229200601578,0.0006742036202922463,0.09746050834655762,0.0006742036202922463,0.05,612,51362,0.043790865617933036,0.12159885466098785,0.15000000596046448,0.24651411175727844,0.3499999940395355,0.0736059695482254,0.15000000596046448,0.24609440565109253,0.3499999940395355,frozen_mlp_surrogate_adjoint,900,900,900,700,58.80854249000549,58.80854249000549,0.06534282498889499
343,221.8065643310547,153.83628845214844,184.5740203857422,69.66015625,0.9847678542137146,0.33030152320861816,0.7262084484100342,0.4381510019302368,0.6876054406166077,T015_035_015_035,0.005550757050514221,0.0006712391623295844,0.0975903570652008,0.0006712391623295844,0.05,231,51390,0.025445471436095407,0.12205235660076141,0.15000000596046448,0.24568548798561096,0.3499999940395355,0.07385097444057465,0.15000000596046448,0.24601662158966064,0.3499999940395355,frozen_mlp_surrogate_adjoint,900,900,900,700,58.80854249000549,58.80854249000549,0.06534282498889499
344,221.36936950683594,153.62188720703125,184.62799072265625,69.65673065185547,0.9817317128181458,0.326331228017807,0.7265833020210266,0.4380875825881958,0.6852716207504272,T015_035_015_035,0.005584449507296085,0.0006317520164884627,0.09905394911766052,0.0006317520164884627,0.05,255,50433,0.02637280250604663,0.12090043723583221,0.15000000596046448,0.24409154057502747,0.3499999940395355,0.07442571222782135,0.15000000596046448,0.245853990316391,0.3499999940395355,frozen_mlp_surrogate_adjoint,900,900,900,700,58.80854249000549,58.80854249000549,0.06534282498889499
345,221.27294921875,153.5819549560547,184.38986206054688,69.71205139160156,0.981062114238739,0.3255917429924011,0.7249295711517334,0.4391120672225952,0.6850153207778931,T015_035_015_035,0.005590003915131092,0.000629236688837409,0.09921535104513168,0.000629236688837409,0.05,730,51466,0.04811633600651411,0.12076215445995331,0.15000000596046448,0.244619220495224,0.3499999940395355,0.07441201061010361,0.15000000596046448,0.24522191286087036,0.3499999940395355,frozen_mlp_surrogate_adjoint,900,900,900,700,58.80854249000549,58.80854249000549,0.06534282498889499
346,221.28564453125,153.564453125,184.5188446044922,69.69474792480469,0.9811502695083618,0.3252677023410797,0.725825309753418,0.43879154324531555,0.684927761554718,T015_035_015_035,0.005590070970356464,0.0006265448755584657,0.09927051514387131,0.0006265448755584657,0.05,247,51523,0.026041433348919944,0.12044775485992432,0.15000000596046448,0.24451616406440735,0.3499999940395355,0.07437138259410858,0.15000000596046448,0.24559247493743896,0.3499999940395355,frozen_mlp_surrogate_adjoint,900,900,900,700,58.80854249000549,58.80854249000549,0.06534282498889499
347,221.2436981201172,153.53900146484375,184.60350036621094,69.69799041748047,0.9808589816093445,0.3247963786125183,0.7264131903648376,0.4388516843318939,0.684654712677002,T015_035_015_035,0.005594494286924601,0.0006223614909686148,0.09944265335798264,0.0006223614909686148,0.05,599,50866,0.04343740666623326,0.12028325349092484,0.15000000596046448,0.24403581023216248,0.3499999940395355,0.07443296909332275,0.15000000596046448,0.2459026575088501,0.3499999940395355,frozen_mlp_surrogate_adjoint,900,900,900,700,58.80854249000549,58.80854249000549,0.06534282498889499
348,221.20440673828125,153.47886657714844,184.51217651367188,69.682861328125,0.9805861711502075,0.3236827254295349,0.7257790565490723,0.4385715126991272,0.6843878030776978,T015_035_015_035,0.005597032140940428,0.0006164790829643607,0.0996110588312149,0.0006164790829643607,0.05,478,51307,0.038669755066050214,0.11953087151050568,0.15000000596046448,0.24518683552742004,0.3499999940395355,0.07429774850606918,0.15000000596046448,0.24537229537963867,0.3499999940395355,frozen_mlp_surrogate_adjoint,900,900,900,700,58.80854249000549,58.80854249000549,0.06534282498889499
349,220.96017456054688,153.35836791992188,184.69247436523438,69.66233825683594,0.978890061378479,0.3214511573314667,0.7270310521125793,0.4381915330886841,0.6829636096954346,T015_035_015_035,0.005618556402623653,0.0005929524777457118,0.1005120724439621,0.0005929524777457118,0.05,350,50497,0.032247956207595505,0.1188879907131195,0.15000000596046448,0.24363525211811066,0.3499999940395355,0.07469875365495682,0.15000000596046448,0.2457415759563446,0.3499999940395355,frozen_mlp_surrogate_adjoint,900,900,900,700,58.80854249000549,58.80854249000549,0.06534282498889499
350,220.76470947265625,153.3335418701172,184.26370239257812,69.74633026123047,0.977532684803009,0.32099148631095886,0.7240535020828247,0.4397468864917755,0.6824688911437988,T015_035_015_035,0.005629982333630323,0.0005886820727027953,0.10082600265741348,0.0005886820727027953,0.05,633,50368,0.04453502461779535,0.11943355947732925,0.15000000596046448,0.24353136122226715,0.3499999940395355,0.07495663315057755,0.15000000596046448,0.24454733729362488,0.3499999940395355,frozen_mlp_surrogate_adjoint,900,900,900,700,58.80854249000549,58.80854249000549,0.06534282498889499
351,220.74069213867188,153.28378295898438,184.62313842773438,69.72189331054688,0.9773659706115723,0.3200700581073761,0.7265495657920837,0.43929430842399597,0.6820259094238281,T015_035_015_035,0.0056369248777627945,0.0005815484910272062,0.10110752284526825,0.0005815484910272062,0.05,515,50206,0.04029201600449848,0.11884808540344238,0.15000000596046448,0.24244937300682068,0.3499999940395355,0.0750061646103859,0.15000000596046448,0.24572226405143738,0.3499999940395355,frozen_mlp_surrogate_adjoint,900,900,900,700,58.80854249000549,58.80854249000549,0.06534282498889499
352,220.6980438232422,153.20216369628906,184.72720336914062,69.73409271240234,0.9770697355270386,0.3185585141181946,0.7272722721099854,0.4395202696323395,0.681637167930603,T015_035_015_035,0.00564343947917223,0.0005756948958151042,0.10135488957166672,0.0005756948958151042,0.05,444,51422,0.037178111434445694,0.11785466969013214,0.15000000596046448,0.24284599721431732,0.3499999940395355,0.07483472675085068,0.15000000596046448,0.2461017370223999,0.3499999940395355,frozen_mlp_surrogate_adjoint,900,900,900,700,58.80854249000549,58.80854249000549,0.06534282498889499
353,220.56358337402344,153.06362915039062,184.68511962890625,69.67295837402344,0.9761359691619873,0.3159931004047394,0.7269800305366516,0.4383881092071533,0.6809706687927246,T015_035_015_035,0.005650862120091915,0.0005618763971142471,0.10177971422672272,0.0005618763971142471,0.05,580,50232,0.04288340888146671,0.11655567586421967,0.15000000596046448,0.24424034357070923,0.3499999940395355,0.07476402074098587,0.15000000596046448,0.24541059136390686,0.3499999940395355,frozen_mlp_surrogate_adjoint,900,900,900,700,58.80854249000549,58.80854249000549,0.06534282498889499
354,220.5519256591797,153.05287170410156,184.65794372558594,69.67654418945312,0.9760550856590271,0.31579381227493286,0.726791262626648,0.4384545087814331,0.6809406876564026,T015_035_015_035,0.005651616491377354,0.0005616738926619291,0.10179884731769562,0.0005616738926619291,0.05,644,51482,0.044872989516488646,0.11646333336830139,0.15000000596046448,0.2444176971912384,0.3499999940395355,0.07474194467067719,0.15000000596046448,0.24531769752502441,0.3499999940395355,frozen_mlp_surrogate_adjoint,900,900,900,700,58.80854249000549,58.80854249000549,0.06534282498889499
355,220.5032501220703,153.0252685546875,184.65768432617188,69.70281982421875,0.9757170081138611,0.3152828514575958,0.7267894148826599,0.4389411509037018,0.6807507276535034,T015_035_015_035,0.005655787885189056,0.0005597830750048161,0.10192009806632996,0.0005597830750048161,0.05,818,50816,0.05178934231909765,0.11632430553436279,0.15000000596046448,0.2442225217819214,0.3499999940395355,0.07475367188453674,0.15000000596046448,0.2454501986503601,0.3499999940395355,frozen_mlp_surrogate_adjoint,900,900,900,700,58.80854249000549,58.80854249000549,0.06534282498889499
356,92.29395294189453,136.09898376464844,223.7620849609375,46.7960205078125,0.08537469059228897,0.0018329160520806909,0.9983477592468262,0.014741144143044949,0.9334306120872498,T015_035_015_035,0.005900684744119644,0.0056791105307638645,0.004431483335793018,0.0056791105307638645,0.05,17,51197,0.008373383205436557,0.1819119155406952,0.15000000596046448,0.3705751597881317,0.3499999940395355,0.01828102022409439,0.15000000596046448,0.36266249418258667,0.3499999940395355,frozen_mlp_surrogate_adjoint,900,900,900,700,58.80854249000549,58.80854249000549,0.06534282498889499
357,84.3337173461914,136.6619415283203,223.29449462890625,46.197837829589844,0.030095255002379417,0.012258052825927734,0.9951006770133972,0.0036636667791754007,0.9043367505073547,T015_035_015_035,0.0061070797964930534,0.00564950704574585,0.009151456877589226,0.00564950704574585,0.05,500,50090,0.03969230207463813,0.19257226586341858,0.15000000596046448,0.35085374116897583,0.3499999940395355,0.019671805202960968,0.15000000596046448,0.34123891592025757,0.3499999940395355,frozen_mlp_surrogate_adjoint,900,900,900,700,58.80854249000549,58.80854249000549,0.06534282498889499
358,83.2349624633789,136.59991455078125,222.2106170654297,46.10960006713867,0.022465016692876816,0.011109433136880398,0.9875736832618713,0.0020296142902225256,0.9037905335426331,T015_035_015_035,0.006128769367933273,0.005665956065058708,0.00925626140087843,0.005665956065058708,0.05,418,50130,0.035304778953860916,0.19477346539497375,0.15000000596046448,0.35030820965766907,0.3499999940395355,0.020015813410282135,0.15000000596046448,0.3386930227279663,0.3499999940395355,frozen_mlp_surrogate_adjoint,900,900,900,700,58.80854249000549,58.80854249000549,0.06534282498889499
359,80.61151885986328,136.99557495117188,222.77169799804688,50.98713684082031,0.0042466409504413605,0.018436498939990997,0.9914701581001282,0.09235438704490662,0.9331322312355042,T015_035_015_035,0.00641641765832901,0.00619285274296999,0.004471298307180405,0.00619285274296999,0.05,313,50608,0.03007981102085991,0.206687331199646,0.15000000596046448,0.35417240858078003,0.3499999940395355,0.0156477689743042,0.15000000596046448,0.3566247224807739,0.3499999940395355,frozen_mlp_surrogate_adjoint,900,900,900,700,58.80854249000549,58.80854249000549,0.06534282498889499
360,104.20777130126953,136.1708221435547,206.70364379882812,63.333778381347656,0.16810952126979828,0.0031632729806005955,0.8798864483833313,0.32099592685699463,0.8969328999519348,T015_035_015_035,0.006566587369889021,0.006035446189343929,0.010622827336192131,0.006035446189343929,0.05,112,51354,0.018394679370731915,0.17503291368484497,0.15000000596046448,0.3379345238208771,0.3499999940395355,0.015325263142585754,0.15000000596046448,0.3686401844024658,0.3499999940395355,frozen_mlp_surrogate_adjoint,900,900,900,700,58.80854249000549,58.80854249000549,0.06534282498889499
361,102.38719177246094,136.18148803710938,206.41061401367188,63.471107482910156,0.15546658635139465,0.003360862610861659,0.8778514266014099,0.32353901863098145,0.8950011134147644,T015_035_015_035,0.006583395879715681,0.006032157689332962,0.011024766601622105,0.006032157689332962,0.05,120,50278,0.018901718467173347,0.17902173101902008,0.15000000596046448,0.3383263945579529,0.3499999940395355,0.014901738613843918,0.15000000596046448,0.3627512454986572,0.3499999940395355,frozen_mlp_surrogate_adjoint,900,900,900,700,58.80854249000549,58.80854249000549,0.06534282498889499
362,172.92141723632812,136.0161590576172,203.15927124023438,47.86721420288086,0.6452875733375549,0.0002991961664520204,0.855272650718689,0.034578025341033936,0.7465823292732239,T015_035_015_035,0.006756626069545746,0.0035456002224236727,0.06422051787376404,0.0035456002224236727,0.05,127,50386,0.019613014709234676,0.15567632019519806,0.15000000596046448,0.26699119806289673,0.3499999940395355,0.038590990006923676,0.15000000596046448,0.285323828458786,0.3499999940395355,frozen_mlp_surrogate_adjoint,900,900,900,700,58.80854249000549,58.80854249000549,0.06534282498889499
363,172.960205078125,136.01739501953125,203.1890869140625,47.870670318603516,0.6455569863319397,0.00032216362887993455,0.8554797172546387,0.03464202582836151,0.746525764465332,T015_035_015_035,0.00675782049074769,0.00354536110535264,0.064249187707901,0.00354536110535264,0.05,19,51221,0.008489050078763084,0.15551024675369263,0.15000000596046448,0.26704609394073486,0.3499999940395355,0.038545750081539154,0.15000000596046448,0.2854236960411072,0.3499999940395355,frozen_mlp_surrogate_adjoint,900,900,900,700,58.80854249000549,58.80854249000549,0.06534282498889499
364,173.18565368652344,136.0616912841797,202.9125518798828,47.87357711791992,0.6471226215362549,0.0011424048570916057,0.8535593748092651,0.03469585254788399,0.7445898056030273,T015_035_015_035,0.0067941779270768166,0.0035324590280652046,0.06523437052965164,0.0035324590280652046,0.05,71,50531,0.015592046723521158,0.15585507452487946,0.15000000596046448,0.26579391956329346,0.3499999940395355,0.038854047656059265,0.15000000596046448,0.28408676385879517,0.3499999940395355,frozen_mlp_surrogate_adjoint,900,900,900,700,58.80854249000549,58.80854249000549,0.06534282498889499
365,173.40264892578125,136.08811950683594,202.8714141845703,47.885765075683594,0.6486295461654663,0.001631924882531166,0.8532736897468567,0.03492160141468048,0.7435442209243774,T015_035_015_035,0.006815906148403883,0.003527427790686488,0.06576956808567047,0.003527427790686488,0.05,252,20,0.026241471548688552,0.15557296574115753,0.15000000596046448,0.26530176401138306,0.3499999940395355,0.038866519927978516,0.15000000596046448,0.28380298614501953,0.3499999940395355,frozen_mlp_surrogate_adjoint,900,900,900,700,58.80854249000549,58.80854249000549,0.06534282498889499
366,174.13876342773438,136.17599487304688,202.68075561523438,47.93567657470703,0.6537413597106934,0.003259170101955533,0.8519496321678162,0.03584584221243858,0.7397856712341309,T015_035_015_035,0.006890210323035717,0.003504635766148567,0.0677114948630333,0.003504635766148567,0.05,105,50822,0.01816853181770681,0.1546473503112793,0.15000000596046448,0.2636232376098633,0.3499999940395355,0.038967207074165344,0.15000000596046448,0.28254789113998413,0.3499999940395355,frozen_mlp_surrogate_adjoint,900,900,900,700,58.80854249000549,58.80854249000549,0.06534282498889499
367,174.26834106445312,136.19046020507812,202.664794921875,47.944313049316406,0.654641330242157,0.0035271435044705868,0.8518388271331787,0.03600583225488663,0.7391789555549622,T015_035_015_035,0.00690276175737381,0.0035013810265809298,0.06802761554718018,0.0035013810265809298,0.05,116,50568,0.018657588850020494,0.15443839132785797,0.15000000596046448,0.26337581872940063,0.3499999940395355,0.0389615036547184,0.15000000596046448,0.28240326046943665,0.3499999940395355,frozen_mlp_surrogate_adjoint,900,900,900,700,58.80854249000549,58.80854249000549,0.06534282498889499
368,124.41846466064453,136.07135009765625,212.04356384277344,61.161155700683594,0.3084615468978882,0.0013212168123573065,0.9169692397117615,0.2807621657848358,0.9031734466552734,T015_035_015_035,0.006918178405612707,0.006449409294873476,0.009375381283462048,0.006449409294873476,0.05,62,51183,0.014818881379062909,0.15365871787071228,0.15000000596046448,0.34382063150405884,0.3499999940395355,0.015338681638240814,0.15000000596046448,0.3903554081916809,0.3499999940395355,frozen_mlp_surrogate_adjoint,900,900,900,700,58.80854249000549,58.80854249000549,0.06534282498889499
369,223.6789093017578,154.3185272216797,81.1576156616211,90.83554077148438,0.9977701902389526,0.3392319083213806,0.008038973435759544,0.830287754535675,0.7210288047790527,T015_035_015_035,0.007013206370174885,0.00312195997685194,0.07782492786645889,0.00312195997685194,0.05,423,50479,0.0357057466388202,0.11029594391584396,0.15000000596046448,0.2639319896697998,0.3499999940395355,0.1572425216436386,0.15000000596046448,0.18955829739570618,0.3499999940395355,frozen_mlp_surrogate_adjoint,900,900,900,700,58.80854249000549,58.80854249000549,0.06534282498889499
370,171.9585723876953,136.06356811523438,197.74972534179688,55.848480224609375,0.6386011838912964,0.0011773115256801248,0.8177064061164856,0.18237929046154022,0.7071524858474731,T015_035_015_035,0.007100118324160576,0.002812134800478816,0.08575966954231262,0.002812134800478816,0.05,468,50098,0.038108439470327764,0.14688073098659515,0.15000000596046448,0.25515636801719666,0.3499999940395355,0.04491739720106125,0.15000000596046448,0.26019802689552307,0.3499999940395355,frozen_mlp_surrogate_adjoint,900,900,900,700,58.80854249000549,58.80854249000549,0.06534282498889499
371,173.14248657226562,136.2119903564453,197.67340087890625,55.93772888183594,0.6468228697776794,0.003925878554582596,0.817176342010498,0.18403199315071106,0.7014808654785156,T015_035_015_035,0.007163672707974911,0.0027079887222498655,0.08911367505788803,0.0027079887222498655,0.05,133,50267,0.019851468215505295,0.1450701355934143,0.15000000596046448,0.2523074746131897,0.3499999940395355,0.045787960290908813,0.15000000596046448,0.2583152651786804,0.3499999940395355,frozen_mlp_surrogate_adjoint,900,900,900,700,58.80854249000549,58.80854249000549,0.06534282498889499
372,177.4022216796875,136.52044677734375,202.15594482421875,48.17931365966797,0.6764042973518372,0.009638003073632717,0.8483051657676697,0.040357623249292374,0.721634030342102,T015_035_015_035,0.007192208897322416,0.0033178282901644707,0.07748761028051376,0.0033178282901644707,0.05,87,50499,0.016840375901538297,0.14839409291744232,0.15000000596046448,0.2582608461380005,0.3499999940395355,0.03941182792186737,0.15000000596046448,0.27556726336479187,0.3499999940395355,frozen_mlp_surrogate_adjoint,900,900,900,700,58.80854249000549,58.80854249000549,0.06534282498889499
373,150.7223663330078,172.68115234375,84.44308471679688,98.07727813720703,0.49112755060195923,0.6792805194854736,0.030854757875204086,0.9643940329551697,0.7632612586021423,T015_035_015_035,0.007337525021284819,0.004535263404250145,0.056045230478048325,0.004535263404250145,0.05,148,51186,0.020616404839047624,0.14672449231147766,0.15000000596046448,0.184637188911438,0.3499999940395355,0.11261583864688873,0.15000000596046448,0.31928372383117676,0.3499999940395355,frozen_mlp_surrogate_adjoint,900,900,900,700,58.80854249000549,58.80854249000549,0.06534282498889499
374,150.70941162109375,172.68008422851562,84.42658233642578,98.06939697265625,0.49103763699531555,0.6792609691619873,0.030740145593881607,0.9642481803894043,0.7631180286407471,T015_035_015_035,0.0073378318920731544,0.004532178398221731,0.056113068014383316,0.004532178398221731,0.05,135,51004,0.019913544584457474,0.14670315384864807,0.15000000596046448,0.18472623825073242,0.3499999940395355,0.11235146224498749,0.15000000596046448,0.3193371891975403,0.3499999940395355,frozen_mlp_surrogate_adjoint,900,900,900,700,58.80854249000549,58.80854249000549,0.06534282498889499
375,150.72511291503906,172.68185424804688,84.4400634765625,98.0664291381836,0.49114659428596497,0.6792935729026794,0.030833760276436806,0.9641931056976318,0.7631394863128662,T015_035_015_035,0.00733795203268528,0.004532807040959597,0.056102901697158813,0.004532807040959597,0.05,189,50771,0.023242053498989095,0.14677223563194275,0.15000000596046448,0.18474170565605164,0.3499999940395355,0.1122918426990509,0.15000000596046448,0.3193337023258209,0.3499999940395355,frozen_mlp_surrogate_adjoint,900,900,900,700,58.80854249000549,58.80854249000549,0.06534282498889499
376,150.72296142578125,172.68133544921875,84.42987060546875,98.06985473632812,0.49113163352012634,0.6792839169502258,0.030762983486056328,0.9642564654350281,0.7631715536117554,T015_035_015_035,0.007337980903685093,0.004533594939857721,0.056087713688611984,0.004533594939857721,0.05,479,50667,0.0386783184396064,0.14677424728870392,0.15000000596046448,0.18469595909118652,0.3499999940395355,0.11241378635168076,0.15000000596046448,0.31928759813308716,0.3499999940395355,frozen_mlp_surrogate_adjoint,900,900,900,700,58.80854249000549,58.80854249000549,0.06534282498889499
377,150.7197265625,172.67779541015625,84.4287109375,98.07847595214844,0.491109162569046,0.6792184114456177,0.03075496107339859,0.9644162058830261,0.7632756233215332,T015_035_015_035,0.007337986957281828,0.004536065272986889,0.05603843182325363,0.004536065272986889,0.05,848,51252,0.053087894469120565,0.14676125347614288,0.15000000596046448,0.18460294604301453,0.3499999940395355,0.1126822680234909,0.15000000596046448,0.3192291557788849,0.3499999940395355,frozen_mlp_surrogate_adjoint,900,900,900,700,58.80854249000549,58.80854249000549,0.06534282498889499
378,150.71673583984375,172.681640625,84.45841979980469,98.0775146484375,0.4910883903503418,0.6792895793914795,0.03096124902367592,0.9643985033035278,0.7632209062576294,T015_035_015_035,0.007338060066103935,0.004534842912107706,0.056064337491989136,0.004534842912107706,0.05,498,51445,0.03963494330369058,0.1466371715068817,0.15000000596046448,0.1846628040075302,0.3499999940395355,0.11256027221679688,0.15000000596046448,0.3193606436252594,0.3499999940395355,frozen_mlp_surrogate_adjoint,900,900,900,700,58.80854249000549,58.80854249000549,0.06534282498889499
379,150.71029663085938,172.67727661132812,84.43405151367188,98.07361602783203,0.49104371666908264,0.6792088150978088,0.03079202212393284,0.9643262028694153,0.7631842494010925,T015_035_015_035,0.0073380907997488976,0.004534005653113127,0.05608170107007027,0.004534005653113127,0.05,386,51016,0.03412458482849479,0.14670586585998535,0.15000000596046448,0.18468037247657776,0.3499999940395355,0.11247915774583817,0.15000000596046448,0.31931886076927185,0.3499999940395355,frozen_mlp_surrogate_adjoint,900,900,900,700,58.80854249000549,58.80854249000549,0.06534282498889499
380,150.720458984375,172.6786651611328,84.44888305664062,98.0855712890625,0.4911143183708191,0.6792345643043518,0.030895035713911057,0.9645475149154663,0.7633510231971741,T015_035_015_035,0.007338140159845352,0.004538002889603376,0.05600273981690407,0.004538002889603376,0.05,68,50563,0.015192428573568933,0.14669160544872284,0.15000000596046448,0.18455034494400024,0.3499999940395355,0.11285975575447083,0.15000000596046448,0.31924930214881897,0.3499999940395355,frozen_mlp_surrogate_adjoint,900,900,900,700,58.80854249000549,58.80854249000549,0.06534282498889499
381,150.71542358398438,172.68081665039062,84.4647216796875,98.07279968261719,0.4910793602466583,0.6792744994163513,0.0310050118714571,0.9643111228942871,0.7631590962409973,T015_035_015_035,0.007338323164731264,0.004533642437309027,0.05609361454844475,0.004533642437309027,0.05,335,51398,0.0315397743378779,0.1466306895017624,0.15000000596046448,0.18472068011760712,0.3499999940395355,0.11239416897296906,0.15000000596046448,0.31941354274749756,0.3499999940395355,frozen_mlp_surrogate_adjoint,900,900,900,700,58.80854249000549,58.80854249000549,0.06534282498889499
382,150.71392822265625,172.68190002441406,84.42642974853516,98.08349609375,0.491068959236145,0.6792945265769958,0.030739089474081993,0.964509129524231,0.7633025646209717,T015_035_015_035,0.007338348776102066,0.004537064582109451,0.0560256764292717,0.004537064582109451,0.05,38,50988,0.012112403728164647,0.14668989181518555,0.15000000596046448,0.18456044793128967,0.3499999940395355,0.11281544715166092,0.15000000596046448,0.31923678517341614,0.3499999940395355,frozen_mlp_surrogate_adjoint,900,900,900,700,58.80854249000549,58.80854249000549,0.06534282498889499
383,150.71856689453125,172.68431091308594,84.47590637207031,98.07984924316406,0.4911012351512909,0.6793391704559326,0.03108265995979309,0.96444171667099,0.7632328271865845,T015_035_015_035,0.007338428869843483,0.004535493906587362,0.056058693677186966,0.004535493906587362,0.05,259,51078,0.02669283010684248,0.14657504856586456,0.15000000596046448,0.18465746939182281,0.3499999940395355,0.112592414021492,0.15000000596046448,0.3194078803062439,0.3499999940395355,frozen_mlp_surrogate_adjoint,900,900,900,700,58.80854249000549,58.80854249000549,0.06534282498889499
384,150.71829223632812,172.67483520507812,84.42972564697266,98.07962036132812,0.4910992681980133,0.6791634559631348,0.03076196275651455,0.9644374251365662,0.7632913589477539,T015_035_015_035,0.007338500116020441,0.004536950960755348,0.05603098124265671,0.004536950960755348,0.05,320,50833,0.030368708155260757,0.14676864445209503,0.15000000596046448,0.18458539247512817,0.3499999940395355,0.11271726340055466,0.15000000596046448,0.31922009587287903,0.3499999940395355,frozen_mlp_surrogate_adjoint,900,900,900,700,58.80854249000549,58.80854249000549,0.06534282498889499
385,150.71502685546875,172.6810302734375,84.46670532226562,98.08195495605469,0.4910764992237091,0.6792784929275513,0.031018787994980812,0.9644806385040283,0.7632598876953125,T015_035_015_035,0.007338571362197399,0.004536277148872614,0.056045882403850555,0.004536277148872614,0.05,487,51127,0.038961337538969826,0.1465967297554016,0.15000000596046448,0.18462365865707397,0.3499999940395355,0.11267395317554474,0.15000000596046448,0.31936559081077576,0.3499999940395355,frozen_mlp_surrogate_adjoint,900,900,900,700,58.80854249000549,58.80854249000549,0.06534282498889499
386,150.72183227539062,172.67437744140625,84.45237731933594,98.07545471191406,0.49112388491630554,0.6791549921035767,0.030919281765818596,0.9643603563308716,0.7632614374160767,T015_035_015_035,0.007338670548051596,0.004536413121968508,0.05604514852166176,0.004536413121968508,0.05,412,50082,0.034993885735276606,0.14675985276699066,0.15000000596046448,0.18464675545692444,0.3499999940395355,0.11255433410406113,0.15000000596046448,0.31930047273635864,0.3499999940395355,frozen_mlp_surrogate_adjoint,900,900,900,700,58.80854249000549,58.80854249000549,0.06534282498889499
387,150.73098754882812,172.68746948242188,84.51216888427734,98.06678009033203,0.4911874830722809,0.679397702217102,0.031334515661001205,0.9641996026039124,0.7631063461303711,T015_035_015_035,0.0073386915028095245,0.004532760940492153,0.05611860379576683,0.004532760940492153,0.05,250,50985,0.026149549206179422,0.14657869935035706,0.15000000596046448,0.18482059240341187,0.3499999940395355,0.11214271187782288,0.15000000596046448,0.3195643723011017,0.3499999940395355,frozen_mlp_surrogate_adjoint,900,900,900,700,58.80854249000549,58.80854249000549,0.06534282498889499
388,150.70550537109375,172.67762756347656,84.4451904296875,98.0903091430664,0.4910103976726532,0.6792152523994446,0.03086937963962555,0.9646353721618652,0.7633447647094727,T015_035_015_035,0.007339036092162132,0.004538750741630793,0.056005701422691345,0.004538750741630793,0.05,132,50466,0.01975834814916555,0.14659738540649414,0.15000000596046448,0.18451803922653198,0.3499999940395355,0.11295442283153534,0.15000000596046448,0.31927490234375,0.3499999940395355,frozen_mlp_surrogate_adjoint,900,900,900,700,58.80854249000549,58.80854249000549,0.06534282498889499
389,150.71530151367188,172.68357849121094,84.45158386230469,98.09017181396484,0.49107855558395386,0.6793255805969238,0.03091377206146717,0.9646328091621399,0.7633612155914307,T015_035_015_035,0.007339048199355602,0.004539152141660452,0.05599791556596756,0.004539152141660452,0.05,92,50000,0.017299468631419845,0.146600604057312,0.15000000596046448,0.18451538681983948,0.3499999940395355,0.11296477913856506,0.15000000596046448,0.3192804455757141,0.3499999940395355,frozen_mlp_surrogate_adjoint,900,900,900,700,58.80854249000549,58.80854249000549,0.06534282498889499
390,150.71214294433594,172.67410278320312,84.46337890625,98.07232666015625,0.49105653166770935,0.6791499853134155,0.030995696783065796,0.9643023610115051,0.7631686329841614,T015_035_015_035,0.00733919395133853,0.0045347390696406364,0.056089095771312714,0.0045347390696406364,0.05,443,50649,0.03717553301413473,0.14666979014873505,0.15000000596046448,0.18471139669418335,0.3499999940395355,0.11238698661327362,0.15000000596046448,0.319400429725647,0.3499999940395355,frozen_mlp_surrogate_adjoint,900,900,900,700,58.80854249000549,58.80854249000549,0.06534282498889499
391,150.710693359375,172.68569946289062,84.45272064208984,98.07511138916016,0.4910464286804199,0.6793647408485413,0.030921682715415955,0.9643539190292358,0.7631552219390869,T015_035_015_035,0.007339669857174158,0.004534897394478321,0.05609544739127159,0.004534897394478321,0.05,729,50972,0.04805162732999464,0.1465911865234375,0.15000000596046448,0.18468332290649414,0.3499999940395355,0.11247138679027557,0.15000000596046448,0.3194093406200409,0.3499999940395355,frozen_mlp_surrogate_adjoint,900,900,900,700,58.80854249000549,58.80854249000549,0.06534282498889499
392,150.7101593017578,172.67572021484375,84.47573852539062,98.08377075195312,0.4910427927970886,0.6791801452636719,0.031081508845090866,0.9645142555236816,0.7632741928100586,T015_035_015_035,0.007339733652770519,0.004537777975201607,0.05603910610079765,0.004537777975201607,0.05,88,51700,0.016841932858312335,0.14657951891422272,0.15000000596046448,0.1846061646938324,0.3499999940395355,0.11270331591367722,0.15000000596046448,0.3193851411342621,0.3499999940395355,frozen_mlp_surrogate_adjoint,900,900,900,700,58.80854249000549,58.80854249000549,0.06534282498889499
393,150.73727416992188,172.68161010742188,84.49555206298828,98.08845520019531,0.4912310838699341,0.6792891025543213,0.031219124794006348,0.9646009802818298,0.7634404897689819,T015_035_015_035,0.0073399413377046585,0.004541921429336071,0.05596040189266205,0.004541921429336071,0.05,898,50176,0.055237073834188216,0.14667938649654388,0.15000000596046448,0.18452730774879456,0.3499999940395355,0.11291089653968811,0.15000000596046448,0.3193228840827942,0.3499999940395355,frozen_mlp_surrogate_adjoint,900,900,900,700,58.80854249000549,58.80854249000549,0.06534282498889499
394,150.7337646484375,172.6854705810547,84.54318237304688,98.08824157714844,0.4912067651748657,0.6793605089187622,0.03154986724257469,0.9645969867706299,0.7633559703826904,T015_035_015_035,0.007340041920542717,0.004540021996945143,0.056000396609306335,0.004540021996945143,0.05,707,50618,0.047363674051905155,0.14647594094276428,0.15000000596046448,0.18460841476917267,0.3499999940395355,0.11275549232959747,0.15000000596046448,0.319516122341156,0.3499999940395355,frozen_mlp_surrogate_adjoint,900,900,900,700,58.80854249000549,58.80854249000549,0.06534282498889499
395,150.7230224609375,172.6881561279297,84.4524154663086,98.079833984375,0.49113205075263977,0.6794102787971497,0.030919574201107025,0.9644412994384766,0.7632619142532349,T015_035_015_035,0.0073400866240262985,0.004537840373814106,0.05604492127895355,0.004537840373814106,0.05,521,50963,0.04046547393232757,0.14664717018604279,0.15000000596046448,0.18460465967655182,0.3499999940395355,0.11267049610614777,0.15000000596046448,0.3193395733833313,0.3499999940395355,frozen_mlp_surrogate_adjoint,900,900,900,700,58.80854249000549,58.80854249000549,0.06534282498889499
396,150.72560119628906,172.69187927246094,84.5790786743164,98.07614135742188,0.49114999175071716,0.67947918176651,0.03179915249347687,0.964372992515564,0.7631194591522217,T015_035_015_035,0.007340311538428068,0.004534692037850618,0.056112390011548996,0.004534692037850618,0.05,425,50701,0.035933324656567275,0.14629359543323517,0.15000000596046448,0.1848154366016388,0.3499999940395355,0.11223214119672775,0.15000000596046448,0.3197782635688782,0.3499999940395355,frozen_mlp_surrogate_adjoint,900,900,900,700,58.80854249000549,58.80854249000549,0.06534282498889499
397,150.71466064453125,172.6838836669922,84.54042053222656,98.0879135131836,0.49107396602630615,0.6793312430381775,0.0315307080745697,0.9645909667015076,0.7632619142532349,T015_035_015_035,0.0073406510055065155,0.004538404755294323,0.05604492127895355,0.004538404755294323,0.05,199,51106,0.023627317947860736,0.14635784924030304,0.15000000596046448,0.18464267253875732,0.3499999940395355,0.11267220973968506,0.15000000596046448,0.31958916783332825,0.3499999940395355,frozen_mlp_surrogate_adjoint,900,900,900,700,58.80854249000549,58.80854249000549,0.06534282498889499
398,147.23643493652344,172.25001525878906,80.08106994628906,98.22731018066406,0.4669196903705597,0.6712965965270996,0.0005630109226331115,0.9671725034713745,0.7533156871795654,T015_035_015_035,0.0074174413457512856,0.004374783486127853,0.060853149741888046,0.004374783486127853,0.05,577,51267,0.04274050786587975,0.1376955509185791,0.15000000596046448,0.18432855606079102,0.3499999940395355,0.11261484026908875,0.15000000596046448,0.3186767101287842,0.3499999940395355,frozen_mlp_surrogate_adjoint,900,900,900,700,58.80854249000549,58.80854249000549,0.06534282498889499
399,182.35494995117188,136.8480224609375,201.54531860351562,48.37593460083008,0.7107982039451599,0.015704136341810226,0.8440647721290588,0.04399879649281502,0.6946195960044861,T015_035_015_035,0.0075386809185147285,0.0028758211992681026,0.09325718879699707,0.0028758211992681026,0.05,887,51254,0.054466960989958076,0.1336759477853775,0.15000000596046448,0.2601205110549927,0.3499999940395355,0.0402592234313488,0.15000000596046448,0.2605639398097992,0.3499999940395355,frozen_mlp_surrogate_adjoint,900,900,900,700,58.80854249000549,58.80854249000549,0.06534282498889499
400,90.14518737792969,189.99578857421875,80.19529724121094,81.03065490722656,0.07045266032218933,0.9999221563339233,0.001356257009319961,0.6487158536911011,0.6572786569595337,T015_035_015_035,0.008845902979373932,0.0029730075038969517,0.11745791882276535,0.0029730075038969517,0.05,42,51657,0.012454948527650687,0.13770969212055206,0.15000000596046448,0.17163869738578796,0.3499999940395355,0.10603861510753632,0.15000000596046448,0.24189165234565735,0.3499999940395355,frozen_mlp_surrogate_adjoint,900,900,900,700,58.80854249000549,58.80854249000549,0.06534282498889499
401,89.85908508300781,189.78631591796875,80.00724029541016,81.17802429199219,0.06846586614847183,0.9960429668426514,5.025603240937926e-05,0.6514449119567871,0.6593732833862305,T015_035_015_035,0.008862690068781376,0.003061362076550722,0.11602655798196793,0.003061362076550722,0.05,115,50764,0.018619875206301012,0.13873723149299622,0.15000000596046448,0.17133280634880066,0.3499999940395355,0.10636775195598602,0.15000000596046448,0.24293550848960876,0.3499999940395355,frozen_mlp_surrogate_adjoint,900,900,900,700,58.80854249000549,58.80854249000549,0.06534282498889499
402,89.95085144042969,189.78456115722656,80.04012298583984,81.17868041992188,0.06910312920808792,0.9960103034973145,0.0002786474069580436,0.6514570713043213,0.6590164303779602,T015_035_015_035,0.008873109705746174,0.003059619339182973,0.1162697970867157,0.003059619339182973,0.05,90,51282,0.017129931750341575,0.13878224790096283,0.15000000596046448,0.17131304740905762,0.3499999940395355,0.10623201727867126,0.15000000596046448,0.2426891028881073,0.3499999940395355,frozen_mlp_surrogate_adjoint,900,900,900,700,58.80854249000549,58.80854249000549,0.06534282498889499
403,148.13365173339844,175.92236328125,80.18609619140625,94.05062103271484,0.473150372505188,0.7393031120300293,0.0012923096073791385,0.8898262977600098,0.7079669237136841,T015_035_015_035,0.008876685984432697,0.00461251987144351,0.0852833166718483,0.00461251987144351,0.05,520,46,0.04043153945528932,0.15015681087970734,0.15000000596046448,0.21976090967655182,0.3499999940395355,0.04164891690015793,0.15000000596046448,0.2964003086090088,0.3499999940395355,frozen_mlp_surrogate_adjoint,900,900,900,700,58.80854249000549,58.80854249000549,0.06534282498889499
404,90.2108154296875,189.8795623779297,80.26792907714844,81.12353515625,0.07090844213962555,0.9977697134017944,0.001860616379417479,0.6504359245300293,0.6570836305618286,T015_035_015_035,0.00890824943780899,0.0030286675319075584,0.11759163439273834,0.0030286675319075584,0.05,97,35,0.017796403865504795,0.13800553977489471,0.15000000596046448,0.171049565076828,0.3499999940395355,0.10582683235406876,0.15000000596046448,0.24220171570777893,0.3499999940395355,frozen_mlp_surrogate_adjoint,900,900,900,700,58.80854249000549,58.80854249000549,0.06534282498889499
405,93.54241180419922,189.95343017578125,80.53507995605469,83.84469604492188,0.09404454380273819,0.9991376399993896,0.0037158310879021883,0.7008276581764221,0.6497442126274109,T015_035_015_035,0.008914792910218239,0.002780837006866932,0.12267911434173584,0.002780837006866932,0.05,873,51558,0.054140582496982385,0.13779674470424652,0.15000000596046448,0.1732301414012909,0.3499999940395355,0.10004591941833496,0.15000000596046448,0.2386714220046997,0.3499999940395355,frozen_mlp_surrogate_adjoint,900,900,900,700,58.80854249000549,58.80854249000549,0.06534282498889499
406,90.03904724121094,189.73191833496094,80.11769104003906,81.21322631835938,0.06971560418605804,0.9950355291366577,0.0008172806701622903,0.6520967483520508,0.6585637331008911,T015_035_015_035,0.008915083482861519,0.00308614713139832,0.11657872796058655,0.00308614713139832,0.05,213,51603,0.02429456298519885,0.1388687789440155,0.15000000596046448,0.17095348238945007,0.3499999940395355,0.1060270294547081,0.15000000596046448,0.24271446466445923,0.3499999940395355,frozen_mlp_surrogate_adjoint,900,900,900,700,58.80854249000549,58.80854249000549,0.06534282498889499
407,218.63226318359375,150.53317260742188,201.99603271484375,46.09076690673828,0.9627240300178528,0.2691328823566437,0.8471946716308594,0.0016808697255328298,0.6578088998794556,T015_035_015_035,0.008947165682911873,0.003092428669333458,0.1170947477221489,0.003092428669333458,0.05,800,50463,0.051131954994458606,0.11820666491985321,0.15000000596046448,0.2503560781478882,0.3499999940395355,0.035370491445064545,0.15000000596046448,0.2538756728172302,0.3499999940395355,frozen_mlp_surrogate_adjoint,900,900,900,700,58.80854249000549,58.80854249000549,0.06534282498889499
408,89.88804626464844,189.5203857421875,80.00872039794922,81.36595153808594,0.06866700947284698,0.9911183714866638,6.057221980881877e-05,0.6549249887466431,0.6599845290184021,T015_035_015_035,0.008957764133810997,0.0031772376969456673,0.1156105175614357,0.0031772376969456673,0.05,404,51585,0.03465218311343179,0.13984237611293793,0.15000000596046448,0.17049723863601685,0.3499999940395355,0.10613808035850525,0.15000000596046448,0.24350681900978088,0.3499999940395355,frozen_mlp_surrogate_adjoint,900,900,900,700,58.80854249000549,58.80854249000549,0.06534282498889499
409,218.58657836914062,150.63072204589844,201.750732421875,46.4394645690918,0.9624068140983582,0.2709394097328186,0.8454911708831787,0.008138238452374935,0.6554580330848694,T015_035_015_035,0.008958499878644943,0.0030230414122343063,0.11870916932821274,0.0030230414122343063,0.05,35,51011,0.011271561421155953,0.11762908846139908,0.15000000596046448,0.24927182495594025,0.3499999940395355,0.03595127537846565,0.15000000596046448,0.2526058256626129,0.3499999940395355,frozen_mlp_surrogate_adjoint,900,900,900,700,58.80854249000549,58.80854249000549,0.06534282498889499
410,218.2365264892578,150.5106964111328,201.50137329101562,46.473602294921875,0.9599758386611938,0.26871660351753235,0.8437594771385193,0.008770440705120564,0.6535107493400574,T015_035_015_035,0.008960356004536152,0.002957615302875638,0.12005480378866196,0.002957615302875638,0.05,683,51619,0.04636524074781614,0.11793304979801178,0.15000000596046448,0.24828143417835236,0.3499999940395355,0.036491405218839645,0.15000000596046448,0.2508048713207245,0.3499999940395355,frozen_mlp_surrogate_adjoint,900,900,900,700,58.80854249000549,58.80854249000549,0.06534282498889499
411,218.6003875732422,150.6940155029297,201.64088439941406,46.618648529052734,0.962502658367157,0.2721114456653595,0.8447283506393433,0.011456423439085484,0.6544158458709717,T015_035_015_035,0.008962205611169338,0.0029907850548624992,0.11942841112613678,0.0029907850548624992,0.05,49,49,0.01364313193140166,0.11721307039260864,0.15000000596046448,0.24873873591423035,0.3499999940395355,0.036234352737665176,0.15000000596046448,0.2522296905517578,0.3499999940395355,frozen_mlp_surrogate_adjoint,900,900,900,700,58.80854249000549,58.80854249000549,0.06534282498889499
412,218.62332153320312,150.73953247070312,201.59332275390625,46.748313903808594,0.9626619219779968,0.27295437455177307,0.8443980813026428,0.013857690617442131,0.6538503170013428,T015_035_015_035,0.008964774198830128,0.002973794238641858,0.11981960386037827,0.002973794238641858,0.05,181,51369,0.022809816772609383,0.11689487844705582,0.15000000596046448,0.24834367632865906,0.3499999940395355,0.03639274463057518,0.15000000596046448,0.2522190511226654,0.3499999940395355,frozen_mlp_surrogate_adjoint,900,900,900,700,58.80854249000549,58.80854249000549,0.06534282498889499
413,218.60902404785156,150.7386932373047,201.55404663085938,46.78400802612305,0.962562620639801,0.27293866872787476,0.8441252708435059,0.014518682844936848,0.6535602807998657,T015_035_015_035,0.008965524844825268,0.002964500803500414,0.12002047896385193,0.002964500803500414,0.05,388,50883,0.03416864047216184,0.11674194782972336,0.15000000596046448,0.2483476996421814,0.3499999940395355,0.0364704392850399,0.15000000596046448,0.25200021266937256,0.3499999940395355,frozen_mlp_surrogate_adjoint,900,900,900,700,58.80854249000549,58.80854249000549,0.06534282498889499
414,218.64404296875,150.77053833007812,201.54876708984375,46.83588409423828,0.9628058671951294,0.2735286355018616,0.8440886735916138,0.01547931507229805,0.6534321308135986,T015_035_015_035,0.00896669551730156,0.002961230929940939,0.12010928988456726,0.002961230929940939,0.05,241,51515,0.025883066975077654,0.1166217029094696,0.15000000596046448,0.2482043206691742,0.3499999940395355,0.036505769938230515,0.15000000596046448,0.2521003782749176,0.3499999940395355,frozen_mlp_surrogate_adjoint,900,900,900,700,58.80854249000549,58.80854249000549,0.06534282498889499
415,218.60853576660156,150.75926208496094,201.51876831054688,46.836936950683594,0.9625592827796936,0.2733197808265686,0.8438803553581238,0.01549880113452673,0.6532155275344849,T015_035_015_035,0.008966746740043163,0.0029537726659327745,0.12025947123765945,0.0029537726659327745,0.05,63,50734,0.015019828067162585,0.11666204780340195,0.15000000596046448,0.24811697006225586,0.3499999940395355,0.036564599722623825,0.15000000596046448,0.25187188386917114,0.3499999940395355,frozen_mlp_surrogate_adjoint,900,900,900,700,58.80854249000549,58.80854249000549,0.06534282498889499
416,218.62745666503906,150.76734924316406,201.5362091064453,46.84438705444336,0.9626906514167786,0.27346935868263245,0.8440014719963074,0.015636807307600975,0.6533117294311523,T015_035_015_035,0.008966878056526184,0.0029572402127087116,0.1201927587389946,0.0029572402127087116,0.05,310,50122,0.030007289099659447,0.11663129180669785,0.15000000596046448,0.24811047315597534,0.3499999940395355,0.03653964772820473,0.15000000596046448,0.25203031301498413,0.3499999940395355,frozen_mlp_surrogate_adjoint,900,900,900,700,58.80854249000549,58.80854249000549,0.06534282498889499
417,218.6727294921875,150.7876434326172,201.56617736816406,46.85691833496094,0.9630050659179688,0.27384522557258606,0.8442095518112183,0.01586884632706642,0.6534944772720337,T015_035_015_035,0.008967322297394276,0.0029640181455761194,0.1200660765171051,0.0029640181455761194,0.05,47,51250,0.013201103181371542,0.11656365543603897,0.15000000596046448,0.24814921617507935,0.3499999940395355,0.03648896515369415,0.15000000596046448,0.252292662858963,0.3499999940395355,frozen_mlp_surrogate_adjoint,900,900,900,700,58.80854249000549,58.80854249000549,0.06534282498889499
418,90.58235931396484,189.8412628173828,80.51807403564453,81.2109375,0.07348860055208206,0.9970603585243225,0.003597741946578026,0.6520543098449707,0.6551859378814697,T015_035_015_035,0.008998188190162182,0.0030533515382558107,0.1188967376947403,0.0030533515382558107,0.05,204,50123,0.023847733152610646,0.13778123259544373,0.15000000596046448,0.1703501045703888,0.3499999940395355,0.10517401993274689,0.15000000596046448,0.2418806254863739,0.3499999940395355,frozen_mlp_surrogate_adjoint,900,900,900,700,58.80854249000549,58.80854249000549,0.06534282498889499
419,90.21967315673828,189.536865234375,80.21510314941406,81.38633728027344,0.07096993923187256,0.9914235472679138,0.0014937963569536805,0.6553024649620056,0.6582263708114624,T015_035_015_035,0.009014582261443138,0.003174121491611004,0.11680921167135239,0.003174121491611004,0.05,331,51617,0.031239966644474662,0.1395397037267685,0.15000000596046448,0.17012633383274078,0.3499999940395355,0.10560373216867447,0.15000000596046448,0.24295663833618164,0.3499999940395355,frozen_mlp_surrogate_adjoint,900,900,900,700,58.80854249000549,58.80854249000549,0.06534282498889499
420,89.98756408691406,189.39071655273438,80.06037902832031,81.46641540527344,0.06935806572437286,0.9887169599533081,0.0004193063941784203,0.6567853689193726,0.6598523855209351,T015_035_015_035,0.009020484983921051,0.003235465381294489,0.11570040136575699,0.003235465381294489,0.05,485,50916,0.03889584922522115,0.14032717049121857,0.15000000596046448,0.16998833417892456,0.3499999940395355,0.10588693618774414,0.15000000596046448,0.2436499297618866,0.3499999940395355,frozen_mlp_surrogate_adjoint,900,900,900,700,58.80854249000549,58.80854249000549,0.06534282498889499
421,90.35022735595703,189.5200958251953,80.30280303955078,81.43836212158203,0.07187656313180923,0.9911128878593445,0.0021027754992246628,0.6562659740447998,0.6575863361358643,T015_035_015_035,0.009047885425388813,0.0031855294946581125,0.11724711954593658,0.0031855294946581125,0.05,357,50603,0.03259216683679551,0.1394403576850891,0.15000000596046448,0.1698499619960785,0.3499999940395355,0.10537227988243103,0.15000000596046448,0.24292370676994324,0.3499999940395355,frozen_mlp_surrogate_adjoint,900,900,900,700,58.80854249000549,58.80854249000549,0.06534282498889499
422,90.42152404785156,189.54457092285156,80.34317016601562,81.38929748535156,0.0723716989159584,0.9915660619735718,0.002383126877248287,0.6553574204444885,0.6571398973464966,T015_035_015_035,0.009050771594047546,0.0031731193885207176,0.11755304783582687,0.0031731193885207176,0.05,378,51052,0.033641738204622,0.1393762081861496,0.15000000596046448,0.16989564895629883,0.3499999940395355,0.1052749752998352,0.15000000596046448,0.24259302020072937,0.3499999940395355,frozen_mlp_surrogate_adjoint,900,900,900,700,58.80854249000549,58.80854249000549,0.06534282498889499
423,90.01278686523438,189.27647399902344,80.0589828491211,81.56253051757812,0.06953321397304535,0.9866014122962952,0.00040958955651149154,0.6585653424263,0.6601120233535767,T015_035_015_035,0.009062172845005989,0.003285980550572276,0.11552383750677109,0.003285980550572276,0.05,692,50864,0.04676120949921966,0.14080272614955902,0.15000000596046448,0.16963611543178558,0.3499999940395355,0.10577432811260223,0.15000000596046448,0.24389886856079102,0.3499999940395355,frozen_mlp_surrogate_adjoint,900,900,900,700,58.80854249000549,58.80854249000549,0.06534282498889499
424,143.48153686523438,170.45065307617188,80.14752197265625,92.6522216796875,0.4408440589904785,0.6379749774932861,0.0010244800942018628,0.8639299869537354,0.6819275617599487,T015_035_015_035,0.009490003809332848,0.004431499633938074,0.10117007791996002,0.004431499633938074,0.05,203,1,0.023834092329853316,0.14237801730632782,0.15000000596046448,0.24760961532592773,0.3499999940395355,0.026035457849502563,0.15000000596046448,0.26590442657470703,0.3499999940395355,frozen_mlp_surrogate_adjoint,900,900,900,700,58.80854249000549,58.80854249000549,0.06534282498889499
425,143.48460388183594,170.4352264404297,80.164794921875,92.64470672607422,0.44086527824401855,0.6376892924308777,0.0011444025440141559,0.8637908697128296,0.6819307804107666,T015_035_015_035,0.009493473917245865,0.004435072187334299,0.10116802901029587,0.004435072187334299,0.05,84,51367,0.01652038005528096,0.14251026511192322,0.15000000596046448,0.24763421714305878,0.3499999940395355,0.02601587027311325,0.15000000596046448,0.26577040553092957,0.3499999940395355,frozen_mlp_surrogate_adjoint,900,900,900,700,58.80854249000549,58.80854249000549,0.06534282498889499
426,143.48428344726562,170.43194580078125,80.24047088623047,92.63792419433594,0.4408630132675171,0.6376287341117859,0.001669958233833313,0.8636652827262878,0.6819217205047607,T015_035_015_035,0.009508545510470867,0.004449856001883745,0.10117378830909729,0.004449856001883745,0.05,114,51690,0.018534442126157104,0.1424514204263687,0.15000000596046448,0.24766147136688232,0.3499999940395355,0.0258701890707016,0.15000000596046448,0.2659386396408081,0.3499999940395355,frozen_mlp_surrogate_adjoint,900,900,900,700,58.80854249000549,58.80854249000549,0.06534282498889499
427,143.46185302734375,170.41375732421875,80.24279022216797,92.6388931274414,0.4407072961330414,0.6372917890548706,0.0016860209871083498,0.8636832237243652,0.681937575340271,T015_035_015_035,0.009508905932307243,0.004450720734894276,0.10116370767354965,0.004450720734894276,0.05,773,50378,0.05004929126095541,0.14241187274456024,0.15000000596046448,0.24766507744789124,0.3499999940395355,0.025858096778392792,0.15000000596046448,0.26600250601768494,0.3499999940395355,frozen_mlp_surrogate_adjoint,900,900,900,700,58.80854249000549,58.80854249000549,0.06534282498889499
428,143.47354125976562,170.41366577148438,80.26846313476562,92.63441467285156,0.44078853726387024,0.6372900605201721,0.0018643058137968183,0.8636001944541931,0.6819432973861694,T015_035_015_035,0.009514028206467628,0.004456024616956711,0.10116006433963776,0.004456024616956711,0.05,370,50630,0.033255823029626125,0.14247335493564606,0.15000000596046448,0.24766671657562256,0.3499999940395355,0.025818325579166412,0.15000000596046448,0.2659849524497986,0.3499999940395355,frozen_mlp_surrogate_adjoint,900,900,900,700,58.80854249000549,58.80854249000549,0.06534282498889499
429,143.47596740722656,170.39459228515625,80.30976867675781,92.62662506103516,0.4408053159713745,0.6369369029998779,0.002151171211153269,0.8634560108184814,0.6819741725921631,T015_035_015_035,0.009522255510091782,0.004465234000235796,0.10114042460918427,0.004465234000235796,0.05,649,51142,0.04505559420131772,0.14259208738803864,0.15000000596046448,0.24767236411571503,0.3499999940395355,0.025751933455467224,0.15000000596046448,0.2659577429294586,0.3499999940395355,frozen_mlp_surrogate_adjoint,900,900,900,700,58.80854249000549,58.80854249000549,0.06534282498889499
430,100.52362060546875,189.6580810546875,80.20545959472656,86.12901306152344,0.14252516627311707,0.993668258190155,0.0014268135419115424,0.7431298494338989,0.6499818563461304,T015_035_015_035,0.009529213421046734,0.003403578419238329,0.12251269817352295,0.003403578419238329,0.05,590,50815,0.04324888162688876,0.15274524688720703,0.15000000596046448,0.17618869245052338,0.3499999940395355,0.0900752991437912,0.15000000596046448,0.23097258806228638,0.3499999940395355,frozen_mlp_surrogate_adjoint,900,900,900,700,58.80854249000549,58.80854249000549,0.06534282498889499
431,100.61343383789062,189.75718688964844,80.3890609741211,85.99658966064453,0.14314882457256317,0.9955033659934998,0.002701830118894577,0.7406775951385498,0.6482824087142944,T015_035_015_035,0.009531183168292046,0.003345920704305172,0.12370526045560837,0.003345920704305172,0.05,637,50676,0.04461590329996922,0.15185271203517914,0.15000000596046448,0.176161989569664,0.3499999940395355,0.08979462087154388,0.15000000596046448,0.23047307133674622,0.3499999940395355,frozen_mlp_surrogate_adjoint,900,900,900,700,58.80854249000549,58.80854249000549,0.06534282498889499
432,143.4427490234375,170.3709716796875,80.41014099121094,92.61925506591797,0.44057464599609375,0.6364996433258057,0.002848175587132573,0.8633195161819458,0.6819594502449036,T015_035_015_035,0.009542451240122318,0.004484961740672588,0.1011497899889946,0.004484961740672588,0.05,225,51080,0.02514945990848061,0.14242170751094818,0.15000000596046448,0.24773508310317993,0.3499999940395355,0.02554246038198471,0.15000000596046448,0.26626017689704895,0.3499999940395355,frozen_mlp_surrogate_adjoint,900,900,900,700,58.80854249000549,58.80854249000549,0.06534282498889499
433,143.46749877929688,170.37088012695312,80.42444610595703,92.6107177734375,0.4407464861869812,0.6364978551864624,0.0029475425835698843,0.8631614446640015,0.6819491386413574,T015_035_015_035,0.00954515766352415,0.004487339872866869,0.10115635395050049,0.004487339872866869,0.05,215,50747,0.02439522564129342,0.1425965279340744,0.15000000596046448,0.2477499544620514,0.3499999940395355,0.025539200752973557,0.15000000596046448,0.2660634517669678,0.3499999940395355,frozen_mlp_surrogate_adjoint,900,900,900,700,58.80854249000549,58.80854249000549,0.06534282498889499
434,143.45860290527344,170.36892700195312,80.4273681640625,92.61160278320312,0.4406847655773163,0.6364617347717285,0.0029678461141884327,0.8631778955459595,0.6819396018981934,T015_035_015_035,0.009545689448714256,0.00448756804689765,0.10116241872310638,0.00448756804689765,0.05,176,50868,0.022422436393535194,0.14253926277160645,0.15000000596046448,0.24775908887386322,0.3499999940395355,0.025527745485305786,0.15000000596046448,0.2661134600639343,0.3499999940395355,frozen_mlp_surrogate_adjoint,900,900,900,700,58.80854249000549,58.80854249000549,0.06534282498889499
435,100.43508911132812,189.49362182617188,80.04556274414062,86.24896240234375,0.1419103443622589,0.9906226992607117,0.000316425139317289,0.745351254940033,0.6514406204223633,T015_035_015_035,0.009550826624035835,0.003476144978776574,0.1214936375617981,0.003476144978776574,0.05,134,50385,0.01991249866237663,0.1537003219127655,0.15000000596046448,0.17603416740894318,0.3499999940395355,0.0903434008359909,0.15000000596046448,0.23136267066001892,0.3499999940395355,frozen_mlp_surrogate_adjoint,900,900,900,700,58.80854249000549,58.80854249000549,0.06534282498889499
436,143.47186279296875,170.34829711914062,80.49925994873047,92.59693908691406,0.4407768249511719,0.6360794305801392,0.0034670589957386255,0.8629062175750732,0.6819579601287842,T015_035_015_035,0.009560178965330124,0.004502641968429089,0.10115073621273041,0.004502641968429089,0.05,786,50730,0.050526817989826535,0.1427309364080429,0.15000000596046448,0.24779026210308075,0.3499999940395355,0.025412961840629578,0.15000000596046448,0.2660238444805145,0.3499999940395355,frozen_mlp_surrogate_adjoint,900,900,900,700,58.80854249000549,58.80854249000549,0.06534282498889499
437,143.46432495117188,170.3359375,80.52722930908203,92.59486389160156,0.4407244920730591,0.6358505487442017,0.003661323105916381,0.8628679513931274,0.6819816827774048,T015_035_015_035,0.009565703570842743,0.004508920945227146,0.10113564878702164,0.004508920945227146,0.05,512,50808,0.04020002132434791,0.14272937178611755,0.15000000596046448,0.24778592586517334,0.3499999940395355,0.025359295308589935,0.15000000596046448,0.26610711216926575,0.3499999940395355,frozen_mlp_surrogate_adjoint,900,900,900,700,58.80854249000549,58.80854249000549,0.06534282498889499
438,143.47396850585938,170.3287811279297,80.56693267822266,92.58833312988281,0.44079142808914185,0.6357181072235107,0.003937020432204008,0.8627470135688782,0.6819994449615479,T015_035_015_035,0.009573730640113354,0.004517512861639261,0.1011243537068367,0.004517512861639261,0.05,834,50666,0.05255647334774101,0.1428162306547165,0.15000000596046448,0.24778994917869568,0.3499999940395355,0.025294210761785507,0.15000000596046448,0.26609906554222107,0.3499999940395355,frozen_mlp_surrogate_adjoint,900,900,900,700,58.80854249000549,58.80854249000549,0.06534282498889499
439,100.76193237304688,189.77713012695312,80.70606994628906,85.78363037109375,0.1441800594329834,0.9958727955818176,0.004903241526335478,0.7367338538169861,0.6453404426574707,T015_035_015_035,0.00957920029759407,0.003290030173957348,0.12578339874744415,0.003290030173957348,0.05,593,50814,0.04336134618970796,0.1506780982017517,0.15000000596046448,0.17578433454036713,0.3499999940395355,0.08932346850633621,0.15000000596046448,0.22955450415611267,0.3499999940395355,frozen_mlp_surrogate_adjoint,900,900,900,700,58.80854249000549,58.80854249000549,0.06534282498889499
440,143.45147705078125,170.30908203125,80.60657501220703,92.58387756347656,0.4406353235244751,0.6353532075881958,0.004212336614727974,0.8626644015312195,0.6819851398468018,T015_035_015_035,0.009581547230482101,0.004524874966591597,0.10113345086574554,0.004524874966591597,0.05,888,51429,0.054479115436041184,0.14275294542312622,0.15000000596046448,0.24783079326152802,0.3499999940395355,0.025212541222572327,0.15000000596046448,0.2661888897418976,0.3499999940395355,frozen_mlp_surrogate_adjoint,900,900,900,700,58.80854249000549,58.80854249000549,0.06534282498889499
441,94.50953674316406,189.993896484375,80.17073059082031,66.75231170654297,0.10076065361499786,0.9998868703842163,0.001185610773973167,0.3843020796775818,0.6021642684936523,T015_035_015_035,0.009586621075868607,0.0016729579074308276,0.15827326476573944,0.0016729579074308276,0.05,33,50012,0.01077669165047664,0.12438569962978363,0.15000000596046448,0.17668572068214417,0.3499999940395355,0.08306951075792313,0.15000000596046448,0.21802332997322083,0.3499999940395355,frozen_mlp_surrogate_adjoint,900,900,900,700,58.80854249000549,58.80854249000549,0.06534282498889499
442,94.54078674316406,189.99484252929688,80.19071197509766,66.75279235839844,0.10097768157720566,0.9999045133590698,0.001324392156675458,0.38431090116500854,0.6020430326461792,T015_035_015_035,0.00958922691643238,0.0016707400791347027,0.1583697497844696,0.0016707400791347027,0.05,217,51649,0.024755297380494,0.12435802072286606,0.15000000596046448,0.17670510709285736,0.3499999940395355,0.08300239592790604,0.15000000596046448,0.21797750890254974,0.3499999940395355,frozen_mlp_surrogate_adjoint,900,900,900,700,58.80854249000549,58.80854249000549,0.06534282498889499
443,100.42333984375,189.333251953125,80.04590606689453,86.26300811767578,0.1418287605047226,0.9876528978347778,0.0003187787369824946,0.7456112504005432,0.6514177322387695,T015_035_015_035,0.009598149918019772,0.0035226698964834213,0.1215095967054367,0.0035226698964834213,0.05,535,51138,0.04119066002826182,0.1540796011686325,0.15000000596046448,0.17567715048789978,0.3499999940395355,0.09036881476640701,0.15000000596046448,0.23129215836524963,0.3499999940395355,frozen_mlp_surrogate_adjoint,900,900,900,700,58.80854249000549,58.80854249000549,0.06534282498889499
444,94.67633819580078,189.9862823486328,80.3153076171875,66.73237609863281,0.10191900283098221,0.9997460246086121,0.0021896627731621265,0.38393282890319824,0.6012417078018188,T015_035_015_035,0.009610289707779884,0.0016598805086687207,0.1590081751346588,0.0016598805086687207,0.05,80,50607,0.01639976897288389,0.12407377362251282,0.15000000596046448,0.17663565278053284,0.3499999940395355,0.08274615556001663,0.15000000596046448,0.21778610348701477,0.3499999940395355,frozen_mlp_surrogate_adjoint,900,900,900,700,58.80854249000549,58.80854249000549,0.06534282498889499
445,94.38526153564453,189.8492431640625,80.04552459716797,66.8500747680664,0.09989766776561737,0.9972081780433655,0.0003161471395287663,0.3861125409603119,0.6031765341758728,T015_035_015_035,0.009621983394026756,0.0017485391581431031,0.15746887028217316,0.0017485391581431031,0.05,184,50336,0.022876271013991478,0.1256091296672821,0.15000000596046448,0.17651519179344177,0.3499999940395355,0.0826832577586174,0.15000000596046448,0.21836894750595093,0.3499999940395355,frozen_mlp_surrogate_adjoint,900,900,900,700,58.80854249000549,58.80854249000549,0.06534282498889499
446,94.81665802001953,189.99356079101562,80.42191314697266,66.69786834716797,0.10289345681667328,0.9998809099197388,0.002929970156401396,0.38329389691352844,0.6004977822303772,T015_035_015_035,0.009623164311051369,0.0016430632676929235,0.15960201621055603,0.0016430632676929235,0.05,276,51454,0.027979446730660756,0.1237795501947403,0.15000000596046448,0.17664894461631775,0.3499999940395355,0.08257003128528595,0.15000000596046448,0.2174992561340332,0.3499999940395355,frozen_mlp_surrogate_adjoint,900,900,900,700,58.80854249000549,58.80854249000549,0.06534282498889499
447,94.62408447265625,189.9017333984375,80.24356842041016,66.79521942138672,0.10155615955591202,0.9981801509857178,0.0016914440784603357,0.38509660959243774,0.6018457412719727,T015_035_015_035,0.009630710817873478,0.001704370486550033,0.15852680802345276,0.001704370486550033,0.05,175,50549,0.0223749702488965,0.12484195828437805,0.15000000596046448,0.17658644914627075,0.3499999940395355,0.08245807141065598,0.15000000596046448,0.21795928478240967,0.3499999940395355,frozen_mlp_surrogate_adjoint,900,900,900,700,58.80854249000549,58.80854249000549,0.06534282498889499
448,94.67459106445312,189.88616943359375,80.28419494628906,66.78693389892578,0.10190686583518982,0.9978922009468079,0.001973557285964489,0.38494324684143066,0.60157710313797,T015_035_015_035,0.009642211720347404,0.0017051717732101679,0.1587408035993576,0.0017051717732101679,0.05,140,51256,0.02019913281120028,0.12482313811779022,0.15000000596046448,0.1765487939119339,0.3499999940395355,0.08233717828989029,0.15000000596046448,0.21786800026893616,0.3499999940395355,frozen_mlp_surrogate_adjoint,900,900,900,700,58.80854249000549,58.80854249000549,0.06534282498889499
449,94.46892547607422,189.80747985839844,80.10111999511719,66.8769302368164,0.1004786416888237,0.9964348077774048,0.0007022128556855023,0.3866097927093506,0.6029355525970459,T015_035_015_035,0.009645242244005203,0.001762233441695571,0.15766017138957977,0.001762233441695571,0.05,113,51306,0.018529290164269584,0.12579859793186188,0.15000000596046448,0.1764914095401764,0.3499999940395355,0.08230827003717422,0.15000000596046448,0.2183372676372528,0.3499999940395355,frozen_mlp_surrogate_adjoint,900,900,900,700,58.80854249000549,58.80854249000549,0.06534282498889499
450,94.84442138671875,189.92910766601562,80.42431640625,66.728271484375,0.10308628529310226,0.9986873269081116,0.002946623368188739,0.383856862783432,0.6005662679672241,T015_035_015_035,0.009646786376833916,0.0016694212099537253,0.15954729914665222,0.0016694212099537253,0.05,363,50797,0.032731320216501845,0.1242116317152977,0.15000000596046448,0.1765935719013214,0.3499999940395355,0.08225852996110916,0.15000000596046448,0.21750253438949585,0.3499999940395355,frozen_mlp_surrogate_adjoint,900,900,900,700,58.80854249000549,58.80854249000549,0.06534282498889499
451,94.64812469482422,189.85662841796875,80.25133514404297,66.81481170654297,0.1017230823636055,0.9973449110984802,0.0017454038606956601,0.3854594826698303,0.6018521785736084,T015_035_015_035,0.009648487903177738,0.001722404034808278,0.15852168202400208,0.001722404034808278,0.05,305,51507,0.029668267504166745,0.12512217462062836,0.15000000596046448,0.17653971910476685,0.3499999940395355,0.08223507553339005,0.15000000596046448,0.21795520186424255,0.3499999940395355,frozen_mlp_surrogate_adjoint,900,900,900,700,58.80854249000549,58.80854249000549,0.06534282498889499
452,143.43649291992188,170.2086639404297,80.96149444580078,92.53231811523438,0.4405311346054077,0.6334937810897827,0.00667703477665782,0.8617095351219177,0.6820340156555176,T015_035_015_035,0.009653058834373951,0.004597940482199192,0.10110236704349518,0.004597940482199192,0.05,645,51651,0.04487768755597782,0.14303521811962128,0.15000000596046448,0.24798788130283356,0.3499999940395355,0.02457629144191742,0.15000000596046448,0.26643460988998413,0.3499999940395355,frozen_mlp_surrogate_adjoint,900,900,900,700,58.80854249000549,58.80854249000549,0.06534282498889499
453,94.98714447021484,189.94485473632812,80.52068328857422,66.69876861572266,0.10407737642526627,0.9989786148071289,0.003615872235968709,0.3833105266094208,0.5998826026916504,T015_035_015_035,0.009655660949647427,0.0016509642591699958,0.16009393334388733,0.0016509642591699958,0.05,757,50663,0.0493299420927896,0.12393884360790253,0.15000000596046448,0.17666198313236237,0.3499999940395355,0.0820857584476471,0.15000000596046448,0.2171960473060608,0.3499999940395355,frozen_mlp_surrogate_adjoint,900,900,900,700,58.80854249000549,58.80854249000549,0.06534282498889499
454,94.71553802490234,189.8165740966797,80.30060577392578,66.82132720947266,0.1021912544965744,0.9966031312942505,0.0020875183399766684,0.3855800926685333,0.6015757322311401,T015_035_015_035,0.009670425206422806,0.0017333303112536669,0.15874189138412476,0.0017333303112536669,0.05,431,50824,0.0364518211967047,0.12525217235088348,0.15000000596046448,0.17647764086723328,0.3499999940395355,0.0819697305560112,0.15000000596046448,0.21787619590759277,0.3499999940395355,frozen_mlp_surrogate_adjoint,900,900,900,700,58.80854249000549,58.80854249000549,0.06534282498889499
455,95.0106201171875,189.89178466796875,80.57047271728516,66.71797180175781,0.10424041002988815,0.9979958534240723,0.003961620852351189,0.38366615772247314,0.5996475219726562,T015_035_015_035,0.009682269766926765,0.0016681647393852472,0.16028210520744324,0.0016681647393852472,0.05,163,51694,0.02150460598549556,0.12405458092689514,0.15000000596046448,0.17647838592529297,0.3499999940395355,0.08183612674474716,0.15000000596046448,0.21727843582630157,0.3499999940395355,frozen_mlp_surrogate_adjoint,900,900,900,700,58.80854249000549,58.80854249000549,0.06534282498889499
456,95.17147827148438,189.9337615966797,80.70196533203125,66.6741943359375,0.10535749047994614,0.9987732768058777,0.004874781239777803,0.3828554153442383,0.598748505115509,T015_035_015_035,0.009686022996902466,0.0016358853317797184,0.1610027551651001,0.0016358853317797184,0.05,366,50442,0.03308154271367508,0.12350132316350937,0.15000000596046448,0.17654113471508026,0.3499999940395355,0.08172231167554855,0.15000000596046448,0.21698373556137085,0.3499999940395355,frozen_mlp_surrogate_adjoint,900,900,900,700,58.80854249000549,58.80854249000549,0.06534282498889499
457,95.04620361328125,189.8734130859375,80.58564758300781,66.74021911621094,0.10448753833770752,0.9976556301116943,0.004067001864314079,0.38407808542251587,0.5996341705322266,T015_035_015_035,0.00969106424599886,0.00167642324231565,0.16029280424118042,0.00167642324231565,0.05,261,50423,0.0267877552138709,0.12420228123664856,0.15000000596046448,0.1765023171901703,0.3499999940395355,0.08163919299840927,0.15000000596046448,0.21729037165641785,0.3499999940395355,frozen_mlp_surrogate_adjoint,900,900,900,700,58.80854249000549,58.80854249000549,0.06534282498889499
458,95.43345642089844,189.99575805664062,80.90760040283203,66.57657623291016,0.1071767583489418,0.9999213218688965,0.006302784662693739,0.3810477554798126,0.5972216129302979,T015_035_015_035,0.009694482199847698,0.0015829605981707573,0.16223043203353882,0.0015829605981707573,0.05,752,50827,0.04919414148553755,0.12261363118886948,0.15000000596046448,0.17662237584590912,0.3499999940395355,0.08161871135234833,0.15000000596046448,0.21636685729026794,0.3499999940395355,frozen_mlp_surrogate_adjoint,900,900,900,700,58.80854249000549,58.80854249000549,0.06534282498889499
459,95.08861541748047,189.86007690429688,80.61247253417969,66.71578979492188,0.10478205233812332,0.997408926486969,0.004253298509865999,0.3836257755756378,0.5993823409080505,T015_035_015_035,0.009700091555714607,0.0016753661911934614,0.16049450635910034,0.0016753661911934614,0.05,371,50938,0.03335417284743193,0.12418454885482788,0.15000000596046448,0.17647123336791992,0.3499999940395355,0.0816006064414978,0.15000000596046448,0.21712596714496613,0.3499999940395355,frozen_mlp_surrogate_adjoint,900,900,900,700,58.80854249000549,58.80854249000549,0.06534282498889499
460,95.0350570678711,189.83154296875,80.57154846191406,66.75762176513672,0.10441011190414429,0.9968804121017456,0.003969105426222086,0.3844004273414612,0.5997653603553772,T015_035_015_035,0.009704452008008957,0.0016950638964772224,0.160187765955925,0.0016950638964772224,0.05,406,50845,0.03469493853308844,0.12448545545339584,0.15000000596046448,0.1764393448829651,0.3499999940395355,0.08150796592235565,0.15000000596046448,0.2173326015472412,0.3499999940395355,frozen_mlp_surrogate_adjoint,900,900,900,700,58.80854249000549,58.80854249000549,0.06534282498889499
461,95.38472747802734,189.9432373046875,80.86449432373047,66.6517562866211,0.1068384051322937,0.998948872089386,0.006003424990922213,0.38243988156318665,0.597690224647522,T015_035_015_035,0.009707617573440075,0.001614959561266005,0.1618531495332718,0.001614959561266005,0.05,374,50366,0.03347061224405634,0.12311910092830658,0.15000000596046448,0.17658184468746185,0.3499999940395355,0.08135268092155457,0.15000000596046448,0.21663659811019897,0.3499999940395355,frozen_mlp_surrogate_adjoint,900,900,900,700,58.80854249000549,58.80854249000549,0.06534282498889499
462,95.14965057373047,189.85385131835938,80.66215515136719,66.71601867675781,0.10520589351654053,0.9972936511039734,0.004598287399858236,0.3836299180984497,0.5990936756134033,T015_035_015_035,0.009709605015814304,0.0016733108786866069,0.16072587668895721,0.0016733108786866069,0.05,398,50414,0.03447848254789278,0.12411949038505554,0.15000000596046448,0.17646291851997375,0.3499999940395355,0.08144808560609818,0.15000000596046448,0.21706321835517883,0.3499999940395355,frozen_mlp_surrogate_adjoint,900,900,900,700,58.80854249000549,58.80854249000549,0.06534282498889499
463,95.19810485839844,189.85281372070312,80.70294952392578,66.70336151123047,0.10554242134094238,0.9972744584083557,0.004881610162556171,0.38339558243751526,0.5988054275512695,T015_035_015_035,0.009716162458062172,0.0016683082794770598,0.16095708310604095,0.0016683082794770598,0.05,355,50498,0.03254298996228662,0.12401378899812698,0.15000000596046448,0.17644670605659485,0.3499999940395355,0.08138158917427063,0.15000000596046448,0.21696338057518005,0.3499999940395355,frozen_mlp_surrogate_adjoint,900,900,900,700,58.80854249000549,58.80854249000549,0.06534282498889499
464,95.01011657714844,189.72537231445312,80.53392791748047,66.82937622070312,0.104236900806427,0.9949144124984741,0.0037078391760587692,0.38572919368743896,0.6001978516578674,T015_035_015_035,0.00973903015255928,0.0017469426384195685,0.15984176099300385,0.0017469426384195685,0.05,549,51194,0.041768321747160136,0.12527814507484436,0.15000000596046448,0.1763198971748352,0.3499999940395355,0.08107462525367737,0.15000000596046448,0.2175251990556717,0.3499999940395355,frozen_mlp_surrogate_adjoint,900,900,900,700,58.80854249000549,58.80854249000549,0.06534282498889499
465,95.28263854980469,189.79913330078125,80.76946258544922,66.7407455444336,0.10612943023443222,0.9962803721427917,0.0053435019217431545,0.38408783078193665,0.598535418510437,T015_035_015_035,0.009745826944708824,0.0016871364787220955,0.16117380559444427,0.0016871364787220955,0.05,396,50516,0.034378903367918816,0.12423350661993027,0.15000000596046448,0.17637842893600464,0.3499999940395355,0.08093807846307755,0.15000000596046448,0.21698538959026337,0.3499999940395355,frozen_mlp_surrogate_adjoint,900,900,900,700,58.80854249000549,58.80854249000549,0.06534282498889499
466,95.3308334350586,189.79478454589844,80.8166275024414,66.72700500488281,0.10646410286426544,0.9961997866630554,0.005671028979122639,0.3838333785533905,0.5981999039649963,T015_035_015_035,0.009754748083651066,0.001682581496424973,0.1614433228969574,0.001682581496424973,0.05,505,50137,0.03986164710835742,0.12410964071750641,0.15000000596046448,0.17633399367332458,0.3499999940395355,0.08086781948804855,0.15000000596046448,0.2168884128332138,0.3499999940395355,frozen_mlp_surrogate_adjoint,900,900,900,700,58.80854249000549,58.80854249000549,0.06534282498889499
467,95.25047302246094,189.74859619140625,80.72038269042969,66.76062774658203,0.10590603947639465,0.9953444600105286,0.005002676509320736,0.3844560980796814,0.5988683700561523,T015_035_015_035,0.00975776743143797,0.0017124379519373178,0.160906583070755,0.0017124379519373178,0.05,785,50528,0.05046562347524969,0.12468229234218597,0.15000000596046448,0.176345556974411,0.3499999940395355,0.08083084970712662,0.15000000596046448,0.21700970828533173,0.3499999940395355,frozen_mlp_surrogate_adjoint,900,900,900,700,58.80854249000549,58.80854249000549,0.06534282498889499
468,95.38558959960938,189.77481079101562,80.8160400390625,66.71216583251953,0.10684435069561005,0.9958299994468689,0.0056669567711651325,0.38355863094329834,0.5981491804122925,T015_035_015_035,0.00976204127073288,0.0016878366004675627,0.16148407757282257,0.0016878366004675627,0.05,545,50811,0.04166701867757862,0.1243070513010025,0.15000000596046448,0.17640629410743713,0.3499999940395355,0.08075935393571854,0.15000000596046448,0.2166764736175537,0.3499999940395355,frozen_mlp_surrogate_adjoint,900,900,900,700,58.80854249000549,58.80854249000549,0.06534282498889499
469,94.85095977783203,189.59429931640625,80.37178802490234,66.93250274658203,0.10313165932893753,0.9924870729446411,0.002581847133114934,0.3876388967037201,0.6014609336853027,T015_035_015_035,0.009766330011188984,0.0018246605759486556,0.15883338451385498,0.0018246605759486556,0.05,563,50008,0.04228054101915067,0.12654469907283783,0.15000000596046448,0.1762090027332306,0.3499999940395355,0.08077900111675262,0.15000000596046448,0.21792826056480408,0.3499999940395355,frozen_mlp_surrogate_adjoint,900,900,900,700,58.80854249000549,58.80854249000549,0.06534282498889499
470,95.55420684814453,189.82508850097656,81.01082611083984,66.65907287597656,0.10801532864570618,0.996760904788971,0.007019632030278444,0.38257545232772827,0.5968234539031982,T015_035_015_035,0.009772907942533493,0.0016453413991257548,0.16255132853984833,0.0016453413991257548,0.05,474,50494,0.03850259684533055,0.12340305745601654,0.15000000596046448,0.17631298303604126,0.3499999940395355,0.0806722417473793,0.15000000596046448,0.21643516421318054,0.3499999940395355,frozen_mlp_surrogate_adjoint,900,900,900,700,58.80854249000549,58.80854249000549,0.06534282498889499
471,96.0142593383789,189.9945831298828,81.41515350341797,66.4888916015625,0.11121012270450592,0.9998996257781982,0.00982745736837387,0.37942400574684143,0.59392911195755,T015_035_015_035,0.009772909805178642,0.001528231194242835,0.16489356756210327,0.001528231194242835,0.05,526,50745,0.0407469790980568,0.1213454157114029,0.15000000596046448,0.17647472023963928,0.3499999940395355,0.08061368763446808,0.15000000596046448,0.2154952883720398,0.3499999940395355,frozen_mlp_surrogate_adjoint,900,900,900,700,58.80854249000549,58.80854249000549,0.06534282498889499
472,95.54763793945312,189.7855224609375,81.01726531982422,66.66969299316406,0.10796969383955002,0.9960280656814575,0.007064320147037506,0.3827720880508423,0.5967892408370972,T015_035_015_035,0.009789169766008854,0.0016602242831140757,0.16257891058921814,0.0016602242831140757,0.05,588,50014,0.04320891894169512,0.1235693097114563,0.15000000596046448,0.17619697749614716,0.3499999940395355,0.08056017011404037,0.15000000596046448,0.21646279096603394,0.3499999940395355,frozen_mlp_surrogate_adjoint,900,900,900,700,58.80854249000549,58.80854249000549,0.06534282498889499
473,95.66581726074219,189.81414794921875,81.0949935913086,66.6571044921875,0.10879037529230118,0.9965583682060242,0.007604127749800682,0.38253894448280334,0.5963279604911804,T015_035_015_035,0.009789508767426014,0.001641953713260591,0.16295111179351807,0.001641953713260591,0.05,647,51382,0.04496982358645505,0.12330912053585052,0.15000000596046448,0.17631545662879944,0.3499999940395355,0.08040375262498856,0.15000000596046448,0.2162996381521225,0.3499999940395355,frozen_mlp_surrogate_adjoint,900,900,900,700,58.80854249000549,58.80854249000549,0.06534282498889499
474,95.61485290527344,189.79141235351562,81.05885314941406,66.66288757324219,0.1084364503622055,0.9961372017860413,0.007353121880441904,0.3826461434364319,0.5965356230735779,T015_035_015_035,0.009792938828468323,0.001653763698413968,0.16278350353240967,0.001653763698413968,0.05,839,51563,0.052713186542296106,0.12348474562168121,0.15000000596046448,0.17624783515930176,0.3499999940395355,0.08044737577438354,0.15000000596046448,0.21635568141937256,0.3499999940395355,frozen_mlp_surrogate_adjoint,900,900,900,700,58.80854249000549,58.80854249000549,0.06534282498889499
475,94.4403076171875,189.38140869140625,80.00882720947266,67.12687683105469,0.10027989000082016,0.9885445237159729,6.131645932327956e-05,0.3912384510040283,0.604181170463562,T015_035_015_035,0.009800528176128864,0.0019669001922011375,0.15667255222797394,0.0019669001922011375,0.05,709,51747,0.04744479751040015,0.12878155708312988,0.15000000596046448,0.17597448825836182,0.3499999940395355,0.08054295182228088,0.15000000596046448,0.21888214349746704,0.3499999940395355,frozen_mlp_surrogate_adjoint,900,900,900,700,58.80854249000549,58.80854249000549,0.06534282498889499
476,95.53914642333984,189.73843383789062,80.99346160888672,66.7127914428711,0.10791073739528656,0.9951560497283936,0.00689904997125268,0.3835701644420624,0.5970743894577026,T015_035_015_035,0.009803030639886856,0.0016855786088854074,0.16234904527664185,0.0016855786088854074,0.05,687,51009,0.046497974402078826,0.12398689985275269,0.15000000596046448,0.17618408799171448,0.3499999940395355,0.08032278716564178,0.15000000596046448,0.21658064424991608,0.3499999940395355,frozen_mlp_surrogate_adjoint,900,900,900,700,58.80854249000549,58.80854249000549,0.06534282498889499
477,95.7217025756836,189.77597045898438,81.10310363769531,66.64732360839844,0.10917849093675613,0.9958512783050537,0.007660432253032923,0.3823578953742981,0.5962280035018921,T015_035_015_035,0.009805167093873024,0.0016535755712538958,0.16303183138370514,0.0016535755712538958,0.05,759,51199,0.04940045896635973,0.12356540560722351,0.15000000596046448,0.17632809281349182,0.3499999940395355,0.08023335039615631,0.15000000596046448,0.21610119938850403,0.3499999940395355,frozen_mlp_surrogate_adjoint,900,900,900,700,58.80854249000549,58.80854249000549,0.06534282498889499
478,95.94245910644531,189.8633575439453,81.31885528564453,66.58629608154297,0.11071150749921799,0.9974695444107056,0.009158741682767868,0.3812277019023895,0.5947937965393066,T015_035_015_035,0.009805344045162201,0.0015957399737089872,0.1641920655965805,0.0015957399737089872,0.05,899,50245,0.055306573763676904,0.1224888414144516,0.15000000596046448,0.17638075351715088,0.3499999940395355,0.08014168590307236,0.15000000596046448,0.21578249335289001,0.3499999940395355,frozen_mlp_surrogate_adjoint,900,900,900,700,58.80854249000549,58.80854249000549,0.06534282498889499
479,95.3824462890625,189.64732360839844,80.88533020019531,66.72212219238281,0.10682252794504166,0.9934688806533813,0.006148150190711021,0.3837429881095886,0.5976395606994629,T015_035_015_035,0.009823141619563103,0.0017284451751038432,0.16189391911029816,0.0017284451751038432,0.05,384,50765,0.03384354691126702,0.12459491193294525,0.15000000596046448,0.17590752243995667,0.3499999940395355,0.08044035732746124,0.15000000596046448,0.21669678390026093,0.3499999940395355,frozen_mlp_surrogate_adjoint,900,900,900,700,58.80854249000549,58.80854249000549,0.06534282498889499
480,96.01055145263672,189.78900146484375,81.36419677734375,66.619140625,0.11118439584970474,0.9960927367210388,0.009473583661019802,0.3818359375,0.5946130156517029,T015_035_015_035,0.009840109385550022,0.0016231787158176303,0.1643386036157608,0.0016231787158176303,0.05,751,50057,0.04916837650611068,0.12286143004894257,0.15000000596046448,0.17627960443496704,0.3499999940395355,0.07970689237117767,0.15000000596046448,0.2157650589942932,0.3499999940395355,frozen_mlp_surrogate_adjoint,900,900,900,700,58.80854249000549,58.80854249000549,0.06534282498889499
481,96.24201965332031,189.83384704589844,81.56901550292969,66.549072265625,0.11279180645942688,0.99692302942276,0.010895928367972374,0.38053831458091736,0.5931774377822876,T015_035_015_035,0.00985542219132185,0.00158019142691046,0.1655046045780182,0.00158019142691046,0.05,820,51031,0.05191835249227475,0.1220480278134346,0.15000000596046448,0.17627951502799988,0.3499999940395355,0.07953222841024399,0.15000000596046448,0.21531766653060913,0.3499999940395355,frozen_mlp_surrogate_adjoint,900,900,900,700,58.80854249000549,58.80854249000549,0.06534282498889499
482,95.81405639648438,189.673828125,81.21092987060547,66.67623901367188,0.10981985181570053,0.993959903717041,0.008409246802330017,0.38289323449134827,0.5956231355667114,T015_035_015_035,0.009861212223768234,0.0016851802356541157,0.16352064907550812,0.0016851802356541157,0.05,565,50947,0.04231276444600768,0.12381581217050552,0.15000000596046448,0.1760348230600357,0.3499999940395355,0.07969123870134354,0.15000000596046448,0.21608126163482666,0.3499999940395355,frozen_mlp_surrogate_adjoint,900,900,900,700,58.80854249000549,58.80854249000549,0.06534282498889499
483,94.852294921875,189.34478759765625,80.3555908203125,67.0412826538086,0.1031409204006195,0.9878664016723633,0.0024694004096090794,0.38965338468551636,0.6017988920211792,T015_035_015_035,0.009865553118288517,0.0019373464165255427,0.15856412053108215,0.0019373464165255427,0.05,489,50939,0.039191334484264845,0.1280660629272461,0.15000000596046448,0.1757965087890625,0.3499999940395355,0.07983720302581787,0.15000000596046448,0.21809908747673035,0.3499999940395355,frozen_mlp_surrogate_adjoint,900,900,900,700,58.80854249000549,58.80854249000549,0.06534282498889499
484,94.9693374633789,189.33444213867188,80.41747283935547,67.06996154785156,0.10395371168851852,0.9876748323440552,0.00289909983985126,0.39018455147743225,0.6015710830688477,T015_035_015_035,0.009878736920654774,0.001941456226631999,0.15874560177326202,0.001941456226631999,0.05,661,51592,0.04554949753440459,0.12815886735916138,0.15000000596046448,0.17591334879398346,0.3499999940395355,0.07945182919502258,0.15000000596046448,0.21804705262184143,0.3499999940395355,frozen_mlp_surrogate_adjoint,900,900,900,700,58.80854249000549,58.80854249000549,0.06534282498889499
485,95.74510192871094,189.53060913085938,81.11275482177734,66.80879211425781,0.10934096574783325,0.9913074374198914,0.007727489806711674,0.3853480815887451,0.5966389179229736,T015_035_015_035,0.009901930578052998,0.001766921835951507,0.16270016133785248,0.001766921835951507,0.05,719,51374,0.04772322199186635,0.1251114159822464,0.15000000596046448,0.1759660243988037,0.3499999940395355,0.07906016707420349,0.15000000596046448,0.2165013551712036,0.3499999940395355,frozen_mlp_surrogate_adjoint,900,900,900,700,58.80854249000549,58.80854249000549,0.06534282498889499
486,95.92385864257812,189.47640991210938,81.2462158203125,66.81698608398438,0.11058235168457031,0.9903039336204529,0.008654256351292133,0.3854997158050537,0.5958689451217651,T015_035_015_035,0.009944049641489983,0.0017779533518478274,0.16332191228866577,0.0017779533518478274,0.05,761,14,0.04942940941430355,0.12516871094703674,0.15000000596046448,0.17590048909187317,0.3499999940395355,0.07850872725248337,0.15000000596046448,0.21629104018211365,0.3499999940395355,frozen_mlp_surrogate_adjoint,900,900,900,700,58.80854249000549,58.80854249000549,0.06534282498889499
487,154.8776397705078,174.79342651367188,141.07598876953125,74.55652618408203,0.5199835896492004,0.7183966636657715,0.42413875460624695,0.528824508190155,0.565740704536438,T015_035_015_035,0.010135900229215622,0.0007068429840728641,0.18858113884925842,0.0007068429840728641,0.05,689,50586,0.04662448308358412,0.10306248068809509,0.15000000596046448,0.1760745644569397,0.3499999940395355,0.0801875963807106,0.15000000596046448,0.206416055560112,0.3499999940395355,frozen_mlp_surrogate_adjoint,900,900,900,700,58.80854249000549,58.80854249000549,0.06534282498889499
488,154.87796020507812,174.7935791015625,141.07708740234375,74.55683898925781,0.5199857950210571,0.718399703502655,0.42414647340774536,0.528830349445343,0.5657442808151245,T015_035_015_035,0.010135900229215622,0.0007069987477734685,0.1885780245065689,0.0007069987477734685,0.05,840,51547,0.052713925026343526,0.10305994749069214,0.15000000596046448,0.17607098817825317,0.3499999940395355,0.08018898963928223,0.15000000596046448,0.20642432570457458,0.3499999940395355,frozen_mlp_surrogate_adjoint,900,900,900,700,58.80854249000549,58.80854249000549,0.06534282498889499
489,154.8761444091797,174.79379272460938,141.0760040283203,74.55580139160156,0.5199732184410095,0.7184035181999207,0.4241389036178589,0.5288111567497253,0.5657196044921875,T015_035_015_035,0.010135903023183346,0.0007059294148348272,0.18859946727752686,0.0007059294148348272,0.05,667,50664,0.04572669128238388,0.10304110497236252,0.15000000596046448,0.17607828974723816,0.3499999940395355,0.08019234985113144,0.15000000596046448,0.2064078450202942,0.3499999940395355,frozen_mlp_surrogate_adjoint,900,900,900,700,58.80854249000549,58.80854249000549,0.06534282498889499
490,154.8750762939453,174.791259765625,141.07626342773438,74.55756378173828,0.5199658274650574,0.7183564901351929,0.42414066195487976,0.5288438200950623,0.5657550096511841,T015_035_015_035,0.01013590395450592,0.0007074684253893793,0.18856871128082275,0.0007074684253893793,0.05,307,50636,0.0298442800285133,0.10306690633296967,0.15000000596046448,0.1760677695274353,0.3499999940395355,0.08018648624420166,0.15000000596046448,0.20643384754657745,0.3499999940395355,frozen_mlp_surrogate_adjoint,900,900,900,700,58.80854249000549,58.80854249000549,0.06534282498889499
491,154.87925720214844,174.79269409179688,141.08206176757812,74.55928039550781,0.519994854927063,0.718383252620697,0.4241810441017151,0.5288755893707275,0.56578528881073,T015_035_015_035,0.01013590581715107,0.0007087845588102937,0.1885424107313156,0.0007087845588102937,0.05,721,50891,0.04773072242372687,0.10307043790817261,0.15000000596046448,0.17604896426200867,0.3499999940395355,0.080190509557724,0.15000000596046448,0.2064753770828247,0.3499999940395355,frozen_mlp_surrogate_adjoint,900,900,900,700,58.80854249000549,58.80854249000549,0.06534282498889499
492,154.8854522705078,174.79197692871094,141.08389282226562,74.5614242553711,0.5200378894805908,0.7183700203895569,0.42419371008872986,0.528915286064148,0.5658549070358276,T015_035_015_035,0.01013590581715107,0.0007118080975487828,0.18848195672035217,0.0007118080975487828,0.05,107,50855,0.0183146121298247,0.10313743352890015,0.15000000596046448,0.17603379487991333,0.3499999940395355,0.08017878234386444,0.15000000596046448,0.20650488138198853,0.3499999940395355,frozen_mlp_surrogate_adjoint,900,900,900,700,58.80854249000549,58.80854249000549,0.06534282498889499
493,154.87799072265625,174.7922821044922,141.0775909423828,74.55706787109375,0.519986093044281,0.718375563621521,0.42414993047714233,0.5288346409797668,0.5657583475112915,T015_035_015_035,0.010135906748473644,0.0007076165056787431,0.18856580555438995,0.0007076165056787431,0.05,716,50879,0.0476106337234998,0.10307402908802032,0.15000000596046448,0.1760673075914383,0.3499999940395355,0.08018805831670761,0.15000000596046448,0.20642893016338348,0.3499999940395355,frozen_mlp_surrogate_adjoint,900,900,900,700,58.80854249000549,58.80854249000549,0.06534282498889499
494,154.8743896484375,174.79263305664062,141.07427978515625,74.55557250976562,0.5199609994888306,0.7183822393417358,0.42412692308425903,0.5288069844245911,0.5657167434692383,T015_035_015_035,0.010135907679796219,0.0007058100891299546,0.18860194087028503,0.0007058100891299546,0.05,798,50510,0.05101690316698621,0.10304467380046844,0.15000000596046448,0.17608197033405304,0.3499999940395355,0.0801902711391449,0.15000000596046448,0.2063998579978943,0.3499999940395355,frozen_mlp_surrogate_adjoint,900,900,900,700,58.80854249000549,58.80854249000549,0.06534282498889499
495,154.87255859375,174.7906494140625,141.07481384277344,74.55691528320312,0.5199483633041382,0.7183454632759094,0.4241306185722351,0.5288318395614624,0.5657374858856201,T015_035_015_035,0.010135909542441368,0.0007067123660817742,0.18858392536640167,0.0007067123660817742,0.05,429,51049,0.036152721115976415,0.10305402427911758,0.15000000596046448,0.17607343196868896,0.3499999940395355,0.08018796145915985,0.15000000596046448,0.20642206072807312,0.3499999940395355,frozen_mlp_surrogate_adjoint,900,900,900,700,58.80854249000549,58.80854249000549,0.06534282498889499
496,154.87562561035156,174.78890991210938,141.07464599609375,74.55757141113281,0.519969642162323,0.7183132171630859,0.4241294860839844,0.528843879699707,0.5657801628112793,T015_035_015_035,0.010135911405086517,0.0007085682009346783,0.18854686617851257,0.0007085682009346783,0.05,395,50026,0.03435366580984389,0.1031060740351677,0.15000000596046448,0.17606811225414276,0.3499999940395355,0.08017952740192413,0.15000000596046448,0.20642641186714172,0.3499999940395355,frozen_mlp_surrogate_adjoint,900,900,900,700,58.80854249000549,58.80854249000549,0.06534282498889499
497,154.87326049804688,174.79017639160156,141.07000732421875,74.5552978515625,0.519953191280365,0.7183365821838379,0.4240972399711609,0.5288017392158508,0.5657305717468262,T015_035_015_035,0.010135912336409092,0.0007064153905957937,0.1885899305343628,0.0007064153905957937,0.05,682,51355,0.04631098135687494,0.10308060050010681,0.15000000596046448,0.1760895550251007,0.3499999940395355,0.08018001168966293,0.15000000596046448,0.20638036727905273,0.3499999940395355,frozen_mlp_surrogate_adjoint,900,900,900,700,58.80854249000549,58.80854249000549,0.06534282498889499
498,154.86920166015625,174.7930450439453,141.07846069335938,74.55694580078125,0.519925057888031,0.7183898091316223,0.42415595054626465,0.5288322567939758,0.5656927824020386,T015_035_015_035,0.010135912336409092,0.0007047748076729476,0.18862275779247284,0.0007047748076729476,0.05,534,51065,0.041113516747259375,0.10297895967960358,0.15000000596046448,0.176069438457489,0.3499999940395355,0.08020363003015518,0.15000000596046448,0.2064407467842102,0.3499999940395355,frozen_mlp_surrogate_adjoint,900,900,900,700,58.80854249000549,58.80854249000549,0.06534282498889499
499,154.88092041015625,174.79234313964844,141.08358764648438,74.55963897705078,0.5200063586235046,0.7183766961097717,0.42419153451919556,0.5288822054862976,0.5658022165298462,T015_035_015_035,0.010135913267731667,0.0007095268811099231,0.18852771818637848,0.0007095268811099231,0.05,795,26,0.05091420946422092,0.10308465361595154,0.15000000596046448,0.1760433167219162,0.3499999940395355,0.0801902785897255,0.15000000596046448,0.20648398995399475,0.3499999940395355,frozen_mlp_surrogate_adjoint,900,900,900,700,58.80854249000549,58.80854249000549,0.06534282498889499
500,154.88128662109375,174.79010009765625,141.07489013671875,74.55796813964844,0.5200088620185852,0.7183350920677185,0.4241311252117157,0.528851330280304,0.5658105611801147,T015_035_015_035,0.010135913267731667,0.0007098891655914485,0.18852047622203827,0.0007098891655914485,0.05,391,50887,0.034216447888134285,0.10314576327800751,0.15000000596046448,0.17606589198112488,0.3499999940395355,0.0801720917224884,0.15000000596046448,0.20642685890197754,0.3499999940395355,frozen_mlp_surrogate_adjoint,900,900,900,700,58.80854249000549,58.80854249000549,0.06534282498889499
501,154.87387084960938,174.78912353515625,141.07260131835938,74.55662536621094,0.5199573636054993,0.7183172106742859,0.42411527037620544,0.5288264155387878,0.5657572746276855,T015_035_015_035,0.010135913267731667,0.0007075757603161037,0.18856674432754517,0.0007075757603161037,0.05,803,50158,0.05130266946489746,0.1030922532081604,0.15000000596046448,0.17607708275318146,0.3499999940395355,0.08018029481172562,0.15000000596046448,0.20640763640403748,0.3499999940395355,frozen_mlp_surrogate_adjoint,900,900,900,700,58.80854249000549,58.80854249000549,0.06534282498889499
502,154.87957763671875,174.79360961914062,141.07876586914062,74.55615997314453,0.5199970006942749,0.718400239944458,0.42415815591812134,0.5288177728652954,0.5657455921173096,T015_035_015_035,0.010135914199054241,0.0007070691208355129,0.18857689201831818,0.0007070691208355129,0.05,486,51729,0.03893619181611222,0.10306398570537567,0.15000000596046448,0.17606960237026215,0.3499999940395355,0.08019275963306427,0.15000000596046448,0.20641925930976868,0.3499999940395355,frozen_mlp_surrogate_adjoint,900,900,900,700,58.80854249000549,58.80854249000549,0.06534282498889499
503,154.8716278076172,174.7880859375,141.07203674316406,74.55694580078125,0.5199418663978577,0.7182977199554443,0.42411139607429504,0.5288322567939758,0.56575608253479,T015_035_015_035,0.010135914199054241,0.0007075254106894135,0.18856777250766754,0.0007075254106894135,0.05,750,50878,0.049049617565989294,0.10308749973773956,0.15000000596046448,0.17607632279396057,0.3499999940395355,0.0801800861954689,0.15000000596046448,0.2064121663570404,0.3499999940395355,frozen_mlp_surrogate_adjoint,900,900,900,700,58.80854249000549,58.80854249000549,0.06534282498889499
504,154.87962341308594,174.79000854492188,141.07833862304688,74.55889892578125,0.5199973583221436,0.7183334827423096,0.4241551160812378,0.5288684964179993,0.5658091306686401,T015_035_015_035,0.010135914199054241,0.0007098281057551503,0.18852171301841736,0.0007098281057551503,0.05,770,51684,0.04993622690716859,0.10311979800462723,0.15000000596046448,0.17605504393577576,0.3499999940395355,0.08017965406179428,0.15000000596046448,0.20645466446876526,0.3499999940395355,frozen_mlp_surrogate_adjoint,900,900,900,700,58.80854249000549,58.80854249000549,0.06534282498889499
505,154.86865234375,174.79066467285156,141.07093811035156,74.55522918701172,0.5199212431907654,0.7183456420898438,0.4241037666797638,0.5288005471229553,0.5656951665878296,T015_035_015_035,0.010135914199054241,0.0007048801053315401,0.1886206865310669,0.0007048801053315401,0.05,327,50694,0.030624482535819387,0.10302764922380447,0.15000000596046448,0.17608973383903503,0.3499999940395355,0.08018934726715088,0.15000000596046448,0.2063884437084198,0.3499999940395355,frozen_mlp_surrogate_adjoint,900,900,900,700,58.80854249000549,58.80854249000549,0.06534282498889499
506,154.873291015625,174.79293823242188,141.07772827148438,74.55621337890625,0.5199534296989441,0.7183877229690552,0.42415085434913635,0.5288187265396118,0.5657122135162354,T015_035_015_035,0.010135914199054241,0.000705620099324733,0.1886058747768402,0.000705620099324733,0.05,174,50752,0.022244734100684303,0.10301834344863892,0.15000000596046448,0.1760726273059845,0.3499999940395355,0.080198273062706,0.15000000596046448,0.20642299950122833,0.3499999940395355,frozen_mlp_surrogate_adjoint,900,900,900,700,58.80854249000549,58.80854249000549,0.06534282498889499
507,154.87937927246094,174.79258728027344,141.07655334472656,74.5558853149414,0.5199956893920898,0.7183812260627747,0.4241427183151245,0.5288127064704895,0.5657516717910767,T015_035_015_035,0.010135914199054241,0.0007073329179547727,0.18857161700725555,0.0007073329179547727,0.05,561,50507,0.04224281520035565,0.10308285057544708,0.15000000596046448,0.17607426643371582,0.3499999940395355,0.08018758893013,0.15000000596046448,0.20640695095062256,0.3499999940395355,frozen_mlp_surrogate_adjoint,900,900,900,700,58.80854249000549,58.80854249000549,0.06534282498889499
508,154.8674774169922,174.78958129882812,141.07830810546875,74.5587158203125,0.5199130177497864,0.7183255553245544,0.42415496706962585,0.5288650393486023,0.5657323598861694,T015_035_015_035,0.010135915130376816,0.000706495891790837,0.18858838081359863,0.000706495891790837,0.05,606,50346,0.04365700423311411,0.10301100462675095,0.15000000596046448,0.17605876922607422,0.3499999940395355,0.080196812748909,0.15000000596046448,0.20646575093269348,0.3499999940395355,frozen_mlp_surrogate_adjoint,900,900,900,700,58.80854249000549,58.80854249000549,0.06534282498889499
509,154.88088989257812,174.79208374023438,141.07666015625,74.55596923828125,0.5200062394142151,0.7183720469474792,0.4241434931755066,0.5288143157958984,0.5657668113708496,T015_035_015_035,0.010135915130376816,0.0007079921197146177,0.1885584592819214,0.0007079921197146177,0.05,167,50162,0.02177764882310679,0.10310254991054535,0.15000000596046448,0.1760726124048233,0.3499999940395355,0.0801849365234375,0.15000000596046448,0.20640668272972107,0.3499999940395355,frozen_mlp_surrogate_adjoint,900,900,900,700,58.80854249000549,58.80854249000549,0.06534282498889499
510,154.8740692138672,174.79336547851562,141.07911682128906,74.55626678466797,0.5199587941169739,0.7183955907821655,0.42416054010391235,0.5288197994232178,0.5657133460044861,T015_035_015_035,0.010135915130376816,0.0007056700997054577,0.18860489130020142,0.0007056700997054577,0.05,440,50413,0.03709511096014523,0.10301464796066284,0.15000000596046448,0.1760696917772293,0.3499999940395355,0.08020070195198059,0.15000000596046448,0.20642831921577454,0.3499999940395355,frozen_mlp_surrogate_adjoint,900,900,900,700,58.80854249000549,58.80854249000549,0.06534282498889499
511,154.87625122070312,174.79087829589844,141.0767822265625,74.55689239501953,0.5199739933013916,0.7183496952056885,0.4241443872451782,0.5288313627243042,0.5657578110694885,T015_035_015_035,0.010135915130376816,0.0007076013716869056,0.18856628239154816,0.0007076013716869056,0.05,801,50290,0.051282158473195685,0.10307663679122925,0.15000000596046448,0.17606845498085022,0.3499999940395355,0.08018773794174194,0.15000000596046448,0.20642496645450592,0.3499999940395355,frozen_mlp_surrogate_adjoint,900,900,900,700,58.80854249000549,58.80854249000549,0.06534282498889499
512,154.876708984375,174.79299926757812,141.07577514648438,74.55472564697266,0.5199772119522095,0.7183890342712402,0.4241373538970947,0.5287912487983704,0.5657180547714233,T015_035_015_035,0.010135916993021965,0.0007058760384097695,0.1886008083820343,0.0007058760384097695,0.05,376,50252,0.03352001264839887,0.10305169224739075,0.15000000596046448,0.17608186602592468,0.3499999940395355,0.08019346743822098,0.15000000596046448,0.20639103651046753,0.3499999940395355,frozen_mlp_surrogate_adjoint,900,900,900,700,58.80854249000549,58.80854249000549,0.06534282498889499
513,154.87222290039062,174.78878784179688,141.07601928710938,74.55784606933594,0.5199460387229919,0.7183108329772949,0.4241390526294708,0.5288490653038025,0.5657616257667542,T015_035_015_035,0.010135916993021965,0.0007077687769196928,0.18856295943260193,0.0007077687769196928,0.05,712,51172,0.04756332181347554,0.1030709445476532,0.15000000596046448,0.17606478929519653,0.3499999940395355,0.08018654584884644,0.15000000596046448,0.20643934607505798,0.3499999940395355,frozen_mlp_surrogate_adjoint,900,900,900,700,58.80854249000549,58.80854249000549,0.06534282498889499
514,154.87326049804688,174.79034423828125,141.0782012939453,74.55754089355469,0.519953191280365,0.7183398604393005,0.4241541922092438,0.528843343257904,0.5657496452331543,T015_035_015_035,0.01013591792434454,0.0007072493899613619,0.18857337534427643,0.0007072493899613619,0.05,438,51159,0.0368519585892896,0.10305134207010269,0.15000000596046448,0.17606300115585327,0.3499999940395355,0.08019275218248367,0.15000000596046448,0.20644256472587585,0.3499999940395355,frozen_mlp_surrogate_adjoint,900,900,900,700,58.80854249000549,58.80854249000549,0.06534282498889499
515,154.87661743164062,174.7942352294922,141.0843963623047,74.55819702148438,0.5199764370918274,0.7184118628501892,0.4241972267627716,0.5288555026054382,0.565740704536438,T015_035_015_035,0.01013591792434454,0.00070686120307073,0.18858113884925842,0.00070686120307073,0.05,713,50224,0.047565392180574734,0.10301274806261063,0.15000000596046448,0.17605093121528625,0.3499999940395355,0.08020457625389099,0.15000000596046448,0.2064724862575531,0.3499999940395355,frozen_mlp_surrogate_adjoint,900,900,900,700,58.80854249000549,58.80854249000549,0.06534282498889499
516,154.86912536621094,174.7885284423828,141.07586669921875,74.55873107910156,0.5199244618415833,0.7183060646057129,0.42413797974586487,0.5288653373718262,0.5657537579536438,T015_035_015_035,0.01013591792434454,0.0007074283785186708,0.1885697990655899,0.0007074283785186708,0.05,220,50831,0.024802480840407697,0.10304950177669525,0.15000000596046448,0.17606225609779358,0.3499999940395355,0.0801873579621315,0.15000000596046448,0.20645464956760406,0.3499999940395355,frozen_mlp_surrogate_adjoint,900,900,900,700,58.80854249000549,58.80854249000549,0.06534282498889499
517,154.86746215820312,174.7904510498047,141.07000732421875,74.55500030517578,0.5199128985404968,0.7183417677879333,0.4240972101688385,0.5287963151931763,0.5656871199607849,T015_035_015_035,0.010135918855667114,0.0007045352831482887,0.1886276751756668,0.0007045352831482887,0.05,379,50259,0.03364568538651532,0.10302212834358215,0.15000000596046448,0.17609281837940216,0.3499999940395355,0.08018908649682999,0.15000000596046448,0.20638307929039001,0.3499999940395355,frozen_mlp_surrogate_adjoint,900,900,900,700,58.80854249000549,58.80854249000549,0.06534282498889499
518,154.8734588623047,174.7952423095703,141.08331298828125,74.55675506591797,0.5199545621871948,0.7184303402900696,0.42418962717056274,0.5288287997245789,0.5656958818435669,T015_035_015_035,0.010135919786989689,0.0007049163687042892,0.18862006068229675,0.0007049163687042892,0.05,714,50642,0.04757460712730642,0.1029706597328186,0.15000000596046448,0.1760612428188324,0.3499999940395355,0.0802118331193924,0.15000000596046448,0.2064521312713623,0.3499999940395355,frozen_mlp_surrogate_adjoint,900,900,900,700,58.80854249000549,58.80854249000549,0.06534282498889499
519,154.869140625,174.78640747070312,141.0708465576172,74.5572509765625,0.5199245810508728,0.7182666659355164,0.4241030812263489,0.5288379788398743,0.5657589435577393,T015_035_015_035,0.010135919786989689,0.0007076539332047105,0.18856529891490936,0.0007076539332047105,0.05,286,50772,0.028919068009442387,0.1030903160572052,0.15000000596046448,0.1760762631893158,0.3499999940395355,0.08017812669277191,0.15000000596046448,0.20641423761844635,0.3499999940395355,frozen_mlp_surrogate_adjoint,900,900,900,700,58.80854249000549,58.80854249000549,0.06534282498889499
520,154.8709259033203,174.78985595703125,141.0740203857422,74.55579376220703,0.5199369788169861,0.7183305621147156,0.42412516474723816,0.5288110375404358,0.5657216310501099,T015_035_015_035,0.010135921649634838,0.0007060354109853506,0.18859770894050598,0.0007060354109853506,0.05,543,50912,0.04148061207287332,0.10304661095142365,0.15000000596046448,0.17607903480529785,0.3499999940395355,0.08019101619720459,0.15000000596046448,0.20640495419502258,0.3499999940395355,frozen_mlp_surrogate_adjoint,900,900,900,700,58.80854249000549,58.80854249000549,0.06534282498889499
521,154.87599182128906,174.79034423828125,141.07830810546875,74.55705261230469,0.5199721455574036,0.7183398604393005,0.42415496706962585,0.5288342237472534,0.5657615661621094,T015_035_015_035,0.010135923512279987,0.0007077722693793476,0.1885630190372467,0.0007077722693793476,0.05,294,51100,0.02925423021943989,0.10307405889034271,0.15000000596046448,0.1760639250278473,0.3499999940395355,0.08019066601991653,0.15000000596046448,0.20643292367458344,0.3499999940395355,frozen_mlp_surrogate_adjoint,900,900,900,700,58.80854249000549,58.80854249000549,0.06534282498889499
522,154.87562561035156,174.78794860839844,141.07394409179688,74.5570068359375,0.519969642162323,0.7182953357696533,0.4241245985031128,0.5288333892822266,0.5657825469970703,T015_035_015_035,0.010135924443602562,0.0007086845580488443,0.18854479491710663,0.0007086845580488443,0.05,411,50365,0.03490185799687197,0.10311781615018845,0.15000000596046448,0.17607063055038452,0.3499999940395355,0.08017860352993011,0.15000000596046448,0.20641550421714783,0.3499999940395355,frozen_mlp_surrogate_adjoint,900,900,900,700,58.80854249000549,58.80854249000549,0.06534282498889499
523,154.87411499023438,174.79833984375,141.0913543701172,74.56019592285156,0.5199591517448425,0.7184876799583435,0.4242455065250397,0.528892457485199,0.5657071471214294,T015_035_015_035,0.010135924443602562,0.0007054100278764963,0.1886102855205536,0.0007054100278764963,0.05,679,50459,0.04619789299803541,0.10292002558708191,0.15000000596046448,0.1760338544845581,0.3499999940395355,0.08022252470254898,0.15000000596046448,0.20653074979782104,0.3499999940395355,frozen_mlp_surrogate_adjoint,900,900,900,700,58.80854249000549,58.80854249000549,0.06534282498889499
524,154.8612060546875,174.78665161132812,141.07125854492188,74.5570068359375,0.5198694467544556,0.7182711958885193,0.4241059422492981,0.5288333892822266,0.5657023787498474,T015_035_015_035,0.010135924443602562,0.0007052027503959835,0.18861442804336548,0.0007052027503959835,0.05,364,50856,0.032939006553843166,0.10301070660352707,0.15000000596046448,0.17607897520065308,0.3499999940395355,0.08019111305475235,0.15000000596046448,0.20642158389091492,0.3499999940395355,frozen_mlp_surrogate_adjoint,900,900,900,700,58.80854249000549,58.80854249000549,0.06534282498889499
525,154.8727569580078,174.7889862060547,141.07681274414062,74.55725860595703,0.5199496746063232,0.718314528465271,0.42414459586143494,0.5288380980491638,0.5657559633255005,T015_035_015_035,0.010135925374925137,0.0007075313478708267,0.1885678768157959,0.0007075313478708267,0.05,177,51206,0.022543844658496744,0.1030673086643219,0.15000000596046448,0.17606550455093384,0.3499999940395355,0.08018967509269714,0.15000000596046448,0.20643350481987,0.3499999940395355,frozen_mlp_surrogate_adjoint,900,900,900,700,58.80854249000549,58.80854249000549,0.06534282498889499
526,154.8770751953125,174.791015625,141.0745391845703,74.55804443359375,0.5199796557426453,0.7183523178100586,0.42412877082824707,0.528852641582489,0.5657757520675659,T015_035_015_035,0.010135925374925137,0.0007083904347382486,0.1885506957769394,0.0007083904347382486,0.05,410,50684,0.034879584653762244,0.10309775173664093,0.15000000596046448,0.1760689914226532,0.3499999940395355,0.08017674833536148,0.15000000596046448,0.20643222332000732,0.3499999940395355,frozen_mlp_surrogate_adjoint,900,900,900,700,58.80854249000549,58.80854249000549,0.06534282498889499
527,154.88485717773438,174.78916931152344,141.0706787109375,74.55694580078125,0.5200337767601013,0.7183178663253784,0.42410188913345337,0.5288323163986206,0.5658327341079712,T015_035_015_035,0.010135926306247711,0.0007108654826879501,0.18850120902061462,0.0007108654826879501,0.05,579,51235,0.0428501524582794,0.10320429503917694,0.15000000596046448,0.1760769784450531,0.3499999940395355,0.08015905320644379,0.15000000596046448,0.20639237761497498,0.3499999940395355,frozen_mlp_surrogate_adjoint,900,900,900,700,58.80854249000549,58.80854249000549,0.06534282498889499
528,154.88064575195312,174.79275512695312,141.07371520996094,74.55705261230469,0.5200045108795166,0.7183845043182373,0.42412298917770386,0.5288342237472534,0.5657726526260376,T015_035_015_035,0.010135926306247711,0.0007082567899487913,0.18855339288711548,0.0007082567899487913,0.05,389,51240,0.03417609189299921,0.10311050713062286,0.15000000596046448,0.1760759800672531,0.3499999940395355,0.08017444610595703,0.15000000596046448,0.20641173422336578,0.3499999940395355,frozen_mlp_surrogate_adjoint,900,900,900,700,58.80854249000549,58.80854249000549,0.06534282498889499
529,154.87188720703125,174.78958129882812,141.07766723632812,74.55709838867188,0.5199437141418457,0.7183257341384888,0.4241504669189453,0.5288352370262146,0.5657428503036499,T015_035_015_035,0.010135926306247711,0.0007069620187394321,0.1885792762041092,0.0007069620187394321,0.05,513,50118,0.040216587729414444,0.10304787755012512,0.15000000596046448,0.17606529593467712,0.3499999940395355,0.08019395172595978,0.15000000596046448,0.20643572509288788,0.3499999940395355,frozen_mlp_surrogate_adjoint,900,900,900,700,58.80854249000549,58.80854249000549,0.06534282498889499
530,154.87449645996094,174.79254150390625,141.08404541015625,74.55792236328125,0.5199617743492126,0.7183802723884583,0.4241947829723358,0.5288503766059875,0.5657391548156738,T015_035_015_035,0.010135929100215435,0.000706805323716253,0.18858247995376587,0.000706805323716253,0.05,325,50116,0.03045328272404258,0.1030130609869957,0.15000000596046448,0.17605119943618774,0.3499999940395355,0.08020579069852829,0.15000000596046448,0.2064691185951233,0.3499999940395355,frozen_mlp_surrogate_adjoint,900,900,900,700,58.80854249000549,58.80854249000549,0.06534282498889499
531,154.8843994140625,174.79347229003906,141.0904541015625,74.56031036376953,0.5200304985046387,0.7183976173400879,0.42423924803733826,0.5288946628570557,0.565818190574646,T015_035_015_035,0.01013593003153801,0.000710237945895642,0.188513845205307,0.000710237945895642,0.05,483,50784,0.038841434932931004,0.10307590663433075,0.15000000596046448,0.1760261505842209,0.3499999940395355,0.08020058274269104,0.15000000596046448,0.2065155804157257,0.3499999940395355,frozen_mlp_surrogate_adjoint,900,900,900,700,58.80854249000549,58.80854249000549,0.06534282498889499
532,154.86981201171875,174.786376953125,141.07028198242188,74.55760192871094,0.5199292302131653,0.7182660698890686,0.42409923672676086,0.52884441614151,0.5657675266265869,T015_035_015_035,0.010135930962860584,0.0007080381037667394,0.18855784833431244,0.0007080381037667394,0.05,652,50807,0.04524348681029039,0.10310088843107224,0.15000000596046448,0.1760759949684143,0.3499999940395355,0.08017415553331375,0.15000000596046448,0.206416517496109,0.3499999940395355,frozen_mlp_surrogate_adjoint,900,900,900,700,58.80854249000549,58.80854249000549,0.06534282498889499
533,154.87469482421875,174.78948974609375,141.07595825195312,74.55944061279297,0.5199632048606873,0.7183240056037903,0.4241386651992798,0.5288785099983215,0.5657888650894165,T015_035_015_035,0.010135930962860584,0.0007089655264280736,0.1885393112897873,0.0007089655264280736,0.05,631,50102,0.044408905978180854,0.10309287905693054,0.15000000596046448,0.1760590821504593,0.3499999940395355,0.08017751574516296,0.15000000596046448,0.20645935833454132,0.3499999940395355,frozen_mlp_surrogate_adjoint,900,900,900,700,58.80854249000549,58.80854249000549,0.06534282498889499
534,154.85958862304688,174.78359985351562,141.06532287597656,74.55532836914062,0.519858181476593,0.7182149887084961,0.4240647554397583,0.5288023352622986,0.5657031536102295,T015_035_015_035,0.010135931894183159,0.0007052441942505538,0.18861375749111176,0.0007052441942505538,0.05,681,50860,0.04629144397688916,0.1030498743057251,0.15000000596046448,0.17609506845474243,0.3499999940395355,0.08018161356449127,0.15000000596046448,0.20637661218643188,0.3499999940395355,frozen_mlp_surrogate_adjoint,900,900,900,700,58.80854249000549,58.80854249000549,0.06534282498889499
535,154.87911987304688,174.78594970703125,141.06944274902344,74.55766296386719,0.5199939012527466,0.7182585000991821,0.4240933358669281,0.5288456082344055,0.565832793712616,T015_035_015_035,0.010135932825505733,0.0007108745630830526,0.18850116431713104,0.0007108745630830526,0.05,128,50895,0.019621080298293306,0.10319635272026062,0.15000000596046448,0.1760742962360382,0.3499999940395355,0.08015883713960648,0.15000000596046448,0.20640331506729126,0.3499999940395355,frozen_mlp_surrogate_adjoint,900,900,900,700,58.80854249000549,58.80854249000549,0.06534282498889499
536,154.8743133544922,174.78524780273438,141.07398986816406,74.56009674072266,0.5199605226516724,0.7182453870773315,0.42412495613098145,0.5288907289505005,0.5658327341079712,T015_035_015_035,0.010135933756828308,0.0007108725840225816,0.18850120902061462,0.0007108725840225816,0.05,614,51287,0.04381879628651404,0.10314981639385223,0.15000000596046448,0.17605525255203247,0.3499999940395355,0.08016784489154816,0.15000000596046448,0.20645985007286072,0.3499999940395355,frozen_mlp_surrogate_adjoint,900,900,900,700,58.80854249000549,58.80854249000549,0.06534282498889499
537,154.88546752929688,174.78927612304688,141.06863403320312,74.55437469482422,0.5200379490852356,0.7183200716972351,0.4240877628326416,0.5287846922874451,0.5658077001571655,T015_035_015_035,0.010135935619473457,0.00070978794246912,0.18852294981479645,0.00070978794246912,0.05,632,51039,0.044411141043263797,0.10320644080638885,0.15000000596046448,0.1760915219783783,0.3499999940395355,0.0801616758108139,0.15000000596046448,0.20634803175926208,0.3499999940395355,frozen_mlp_surrogate_adjoint,900,900,900,700,58.80854249000549,58.80854249000549,0.06534282498889499
538,154.86895751953125,174.78585815429688,141.07235717773438,74.55619049072266,0.5199232697486877,0.7182565927505493,0.42411354184150696,0.5288183093070984,0.5657495260238647,T015_035_015_035,0.010135935619473457,0.0007072609732858837,0.18857347965240479,0.0007072609732858837,0.05,211,50817,0.02419211156177252,0.1030832976102829,0.15000000596046448,0.17607654631137848,0.3499999940395355,0.08018457889556885,0.15000000596046448,0.20640507340431213,0.3499999940395355,frozen_mlp_surrogate_adjoint,900,900,900,700,58.80854249000549,58.80854249000549,0.06534282498889499
539,154.87142944335938,174.78994750976562,141.07325744628906,74.55792236328125,0.5199404954910278,0.7183322906494141,0.42411985993385315,0.5288504362106323,0.5657480359077454,T015_035_015_035,0.010135936550796032,0.0007071977597661316,0.18857476115226746,0.0007071977597661316,0.05,258,51054,0.02664729929996046,0.10306291282176971,0.15000000596046448,0.17607253789901733,0.3499999940395355,0.08018061518669128,0.15000000596046448,0.20643195509910583,0.3499999940395355,frozen_mlp_surrogate_adjoint,900,900,900,700,58.80854249000549,58.80854249000549,0.06534282498889499
540,154.8629150390625,174.78231811523438,141.07437133789062,74.55972290039062,0.5198814272880554,0.7181912064552307,0.42412760853767395,0.5288837552070618,0.5657806396484375,T015_035_015_035,0.010135936550796032,0.000708613486494869,0.18854644894599915,0.000708613486494869,0.05,99,50800,0.017893076957882982,0.1030740886926651,0.15000000596046448,0.17605531215667725,0.3499999940395355,0.08018345385789871,0.15000000596046448,0.20646780729293823,0.3499999940395355,frozen_mlp_surrogate_adjoint,900,900,900,700,58.80854249000549,58.80854249000549,0.06534282498889499
541,154.86654663085938,174.78164672851562,141.06932067871094,74.5578842163086,0.5199065208435059,0.7181788086891174,0.42409253120422363,0.528849720954895,0.5657920837402344,T015_035_015_035,0.010135937482118607,0.0007091115694493055,0.18853650987148285,0.0007091115694493055,0.05,351,50351,0.032269460565155964,0.10313016176223755,0.15000000596046448,0.17607170343399048,0.3499999940395355,0.08017142117023468,0.15000000596046448,0.20641878247261047,0.3499999940395355,frozen_mlp_surrogate_adjoint,900,900,900,700,58.80854249000549,58.80854249000549,0.06534282498889499
542,154.88424682617188,174.7884979248047,141.07107543945312,74.55783081054688,0.5200295448303223,0.7183055877685547,0.4241046607494354,0.5288487076759338,0.5658441781997681,T015_035_015_035,0.010135939344763756,0.0007113753817975521,0.18849128484725952,0.0007113753817975521,0.05,455,51710,0.03758703169068395,0.1032082736492157,0.15000000596046448,0.17607200145721436,0.3499999940395355,0.08015698939561844,0.15000000596046448,0.20640695095062256,0.3499999940395355,frozen_mlp_surrogate_adjoint,900,900,900,700,58.80854249000549,58.80854249000549,0.06534282498889499
543,154.87286376953125,174.78175354003906,141.07269287109375,74.56001281738281,0.5199503898620605,0.7181807160377502,0.42411595582962036,0.5288891196250916,0.5658541917800903,T015_035_015_035,0.010135939344763756,0.0007118099019862711,0.18848258256912231,0.0007118099019862711,0.05,467,50295,0.038065510458050414,0.10318182408809662,0.15000000596046448,0.1760542243719101,0.3499999940395355,0.0801641047000885,0.15000000596046448,0.20645400881767273,0.3499999940395355,frozen_mlp_surrogate_adjoint,900,900,900,700,58.80854249000549,58.80854249000549,0.06534282498889499
544,154.87818908691406,174.78857421875,141.07565307617188,74.55553436279297,0.5199874043464661,0.7183067798614502,0.4241364598274231,0.528806209564209,0.5657758712768555,T015_035_015_035,0.010135939344763756,0.0007084100507199764,0.18855059146881104,0.0007084100507199764,0.05,230,50652,0.025436793196029747,0.1031203418970108,0.15000000596046448,0.17607279121875763,0.3499999940395355,0.08018407970666885,0.15000000596046448,0.2063986361026764,0.3499999940395355,frozen_mlp_surrogate_adjoint,900,900,900,700,58.80854249000549,58.80854249000549,0.06534282498889499
545,154.87510681152344,174.78919982910156,141.07217407226562,74.5582046508789,0.5199660062789917,0.7183185815811157,0.4241122901439667,0.5288556218147278,0.5657820701599121,T015_035_015_035,0.01013594027608633,0.0007086796103976667,0.18854521214962006,0.0007086796103976667,0.05,186,51402,0.02294048796027186,0.10311171412467957,0.15000000596046448,0.17607185244560242,0.3499999940395355,0.08017104864120483,0.15000000596046448,0.2064274251461029,0.3499999940395355,frozen_mlp_surrogate_adjoint,900,900,900,700,58.80854249000549,58.80854249000549,0.06534282498889499
546,154.86407470703125,174.7841339111328,141.07110595703125,74.55628967285156,0.5198894143104553,0.7182247042655945,0.4241049587726593,0.5288202166557312,0.5657351016998291,T015_035_015_035,0.01013594027608633,0.0007066398393362761,0.18858599662780762,0.0007066398393362761,0.05,877,51071,0.05423508320624008,0.10306374728679657,0.15000000596046448,0.17607800662517548,0.3499999940395355,0.08018644154071808,0.15000000596046448,0.2064068764448166,0.3499999940395355,frozen_mlp_surrogate_adjoint,900,900,900,700,58.80854249000549,58.80854249000549,0.06534282498889499
547,154.85208129882812,174.78082275390625,141.0636444091797,74.55593872070312,0.5198060870170593,0.7181633710861206,0.4240530729293823,0.5288137197494507,0.5656871795654297,T015_035_015_035,0.010135941207408905,0.0007045593811199069,0.18862763047218323,0.0007045593811199069,0.05,229,51626,0.02530755323264549,0.10302234441041946,0.15000000596046448,0.17609485983848572,0.3499999940395355,0.08018339425325394,0.15000000596046448,0.20638659596443176,0.3499999940395355,frozen_mlp_surrogate_adjoint,900,900,900,700,58.80854249000549,58.80854249000549,0.06534282498889499
548,154.8681640625,174.78089904785156,141.06747436523438,74.55730438232422,0.5199177861213684,0.71816486120224,0.42407965660095215,0.5288389921188354,0.5658037662506104,T015_035_015_035,0.01013594213873148,0.0007096244371496141,0.18852636218070984,0.0007096244371496141,0.05,836,50153,0.05262262985667245,0.10315971076488495,0.15000000596046448,0.17607659101486206,0.3499999940395355,0.0801657885313034,0.15000000596046448,0.20640161633491516,0.3499999940395355,frozen_mlp_surrogate_adjoint,900,900,900,700,58.80854249000549,58.80854249000549,0.06534282498889499
549,154.86627197265625,174.78475952148438,141.0697479248047,74.5583267211914,0.5199047327041626,0.7182362079620361,0.4240954518318176,0.5288578867912292,0.5657673478126526,T015_035_015_035,0.01013594213873148,0.0007080415380187333,0.18855799734592438,0.0007080415380187333,0.05,428,51372,0.03605789355206589,0.10309218615293503,0.15000000596046448,0.17607329785823822,0.3499999940395355,0.0801735520362854,0.15000000596046448,0.20642831921577454,0.3499999940395355,frozen_mlp_surrogate_adjoint,900,900,900,700,58.80854249000549,58.80854249000549,0.06534282498889499
550,154.8583526611328,174.78363037109375,141.064208984375,74.55562591552734,0.5198496580123901,0.7182155251502991,0.4240570366382599,0.5288079380989075,0.5656987428665161,T015_035_015_035,0.010135943070054054,0.0007050633430480957,0.18861758708953857,0.0007050633430480957,0.05,79,50235,0.016286372387118074,0.10304442048072815,0.15000000596046448,0.1760968267917633,0.3499999940395355,0.08017908781766891,0.15000000596046448,0.20637840032577515,0.3499999940395355,frozen_mlp_surrogate_adjoint,900,900,900,700,58.80854249000549,58.80854249000549,0.06534282498889499
551,154.86965942382812,174.78077697753906,141.06710815429688,74.55882263183594,0.5199282169342041,0.718162477016449,0.42407718300819397,0.5288671255111694,0.5658318996429443,T015_035_015_035,0.010135944001376629,0.0007108470308594406,0.18850193917751312,0.0007108470308594406,0.05,528,51477,0.04080243169882124,0.10318341106176376,0.15000000596046448,0.17607082426548004,0.3499999940395355,0.08015772700309753,0.15000000596046448,0.2064199149608612,0.3499999940395355,frozen_mlp_surrogate_adjoint,900,900,900,700,58.80854249000549,58.80854249000549,0.06534282498889499
552,154.86627197265625,174.78611755371094,141.07644653320312,74.55673217773438,0.519904613494873,0.7182614803314209,0.42414194345474243,0.5288283824920654,0.5657335519790649,T015_035_015_035,0.010135944001376629,0.0007065757527016103,0.18858735263347626,0.0007065757527016103,0.05,311,50529,0.030027555739246037,0.10303919017314911,0.15000000596046448,0.176066592335701,0.3499999940395355,0.08019654452800751,0.15000000596046448,0.20643118023872375,0.3499999940395355,frozen_mlp_surrogate_adjoint,900,900,900,700,58.80854249000549,58.80854249000549,0.06534282498889499
553,154.8834686279297,174.7907257080078,141.0750274658203,74.55939483642578,0.5200240612030029,0.7183468341827393,0.42413216829299927,0.5288776755332947,0.5658343434333801,T015_035_015_035,0.010135944932699203,0.0007109537837095559,0.1884998232126236,0.0007109537837095559,0.05,40,51695,0.012432969949394586,0.10316424071788788,0.15000000596046448,0.1760604977607727,0.3499999940395355,0.08016374707221985,0.15000000596046448,0.2064458578824997,0.3499999940395355,frozen_mlp_surrogate_adjoint,900,900,900,700,58.80854249000549,58.80854249000549,0.06534282498889499
554,154.8609619140625,174.78463745117188,141.07191467285156,74.55909729003906,0.5198678374290466,0.7182340025901794,0.4241105318069458,0.5288722515106201,0.5657415390014648,T015_035_015_035,0.010135946795344353,0.0007069255225360394,0.18858040869235992,0.0007069255225360394,0.05,238,50110,0.025742926582366942,0.1030377447605133,0.15000000596046448,0.17606687545776367,0.3499999940395355,0.08018360286951065,0.15000000596046448,0.2064533531665802,0.3499999940395355,frozen_mlp_surrogate_adjoint,900,900,900,700,58.80854249000549,58.80854249000549,0.06534282498889499
555,154.86572265625,174.7794647216797,141.07827758789062,74.56452941894531,0.5199007987976074,0.7181381583213806,0.42415475845336914,0.5289726853370667,0.5658760666847229,T015_035_015_035,0.010135947726666927,0.0007127682911232114,0.18846358358860016,0.0007127682911232114,0.05,281,50109,0.02842665826544131,0.10313623398542404,0.15000000596046448,0.17602333426475525,0.3499999940395355,0.08017076551914215,0.15000000596046448,0.20654569566249847,0.3499999940395355,frozen_mlp_surrogate_adjoint,900,900,900,700,58.80854249000549,58.80854249000549,0.06534282498889499
556,154.86607360839844,174.79376220703125,141.08477783203125,74.55717468261719,0.519903302192688,0.7184029221534729,0.4241998493671417,0.5288365483283997,0.5656650066375732,T015_035_015_035,0.010135947726666927,0.0007036030292510986,0.18864688277244568,0.0007036030292510986,0.05,206,51345,0.023876372660915208,0.10291415452957153,0.15000000596046448,0.17605656385421753,0.3499999940395355,0.08022285997867584,0.15000000596046448,0.20647147297859192,0.3499999940395355,frozen_mlp_surrogate_adjoint,900,900,900,700,58.80854249000549,58.80854249000549,0.06534282498889499
557,154.8896026611328,174.78704833984375,141.07872009277344,74.55948638916016,0.5200666785240173,0.7182787656784058,0.4241577684879303,0.5288794040679932,0.5659061074256897,T015_035_015_035,0.010135949589312077,0.0007140740635804832,0.18843750655651093,0.0007140740635804832,0.05,460,50445,0.037742355297689094,0.10324733704328537,0.15000000596046448,0.176045224070549,0.3499999940395355,0.0801616832613945,0.15000000596046448,0.20645186305046082,0.3499999940395355,frozen_mlp_surrogate_adjoint,900,900,900,700,58.80854249000549,58.80854249000549,0.06534282498889499
558,154.86618041992188,174.7887725830078,141.0723419189453,74.55308532714844,0.5199040770530701,0.718310534954071,0.42411351203918457,0.5287608504295349,0.5656706094741821,T015_035_015_035,0.010135949589312077,0.0007038480835035443,0.18864202499389648,0.0007038480835035443,0.05,274,51178,0.027666346498672816,0.10301060974597931,0.15000000596046448,0.17609339952468872,0.3499999940395355,0.08020082861185074,0.15000000596046448,0.20636579394340515,0.3499999940395355,frozen_mlp_surrogate_adjoint,900,900,900,700,58.80854249000549,58.80854249000549,0.06534282498889499
559,154.87750244140625,174.78709411621094,141.07102966308594,74.55393981933594,0.5199826955795288,0.7182794809341431,0.42410436272621155,0.5287765860557556,0.5657690763473511,T015_035_015_035,0.010135949589312077,0.0007081248913891613,0.1885564923286438,0.0007081248913891613,0.05,604,50698,0.04360365378102413,0.1031448096036911,0.15000000596046448,0.17608751356601715,0.3499999940395355,0.08017752319574356,0.15000000596046448,0.20635920763015747,0.3499999940395355,frozen_mlp_surrogate_adjoint,900,900,900,700,58.80854249000549,58.80854249000549,0.06534282498889499
560,154.8646240234375,174.78309631347656,141.07447814941406,74.55775451660156,0.5198932886123657,0.7182055711746216,0.42412829399108887,0.5288472771644592,0.5657622814178467,T015_035_015_035,0.010135950520634651,0.0007078306516632438,0.18856239318847656,0.0007078306516632438,0.05,655,51457,0.04529832849292646,0.10307197272777557,0.15000000596046448,0.1760633885860443,0.3499999940395355,0.08018805086612701,0.15000000596046448,0.20643892884254456,0.3499999940395355,frozen_mlp_surrogate_adjoint,900,900,900,700,58.80854249000549,58.80854249000549,0.06534282498889499
561,154.8607940673828,174.7784423828125,141.06796264648438,74.55826568603516,0.5198666453361511,0.7181192636489868,0.4240831136703491,0.5288568139076233,0.5657883882522583,T015_035_015_035,0.010135951451957226,0.0007089644786901772,0.18853972852230072,0.0007089644786901772,0.05,675,50248,0.04602808834961972,0.10312139242887497,0.15000000596046448,0.17607063055038452,0.3499999940395355,0.0801718533039093,0.15000000596046448,0.2064245343208313,0.3499999940395355,frozen_mlp_surrogate_adjoint,900,900,900,700,58.80854249000549,58.80854249000549,0.06534282498889499
562,154.88088989257812,174.79295349121094,141.08358764648438,74.55416870117188,0.5200061202049255,0.7183880805969238,0.42419156432151794,0.5287808179855347,0.5657341480255127,T015_035_015_035,0.0101359523832798,0.0007066106190904975,0.18858683109283447,0.0007066106190904975,0.05,178,51662,0.02257607412647887,0.10305318236351013,0.15000000596046448,0.1760658323764801,0.3499999940395355,0.08020752668380737,0.15000000596046448,0.2064076066017151,0.3499999940395355,frozen_mlp_surrogate_adjoint,900,900,900,700,58.80854249000549,58.80854249000549,0.06534282498889499
563,154.8829345703125,174.79368591308594,141.0848388671875,74.55408477783203,0.5200203657150269,0.7184016108512878,0.42420026659965515,0.5287793874740601,0.5657393336296082,T015_035_015_035,0.01013595424592495,0.0007068372797220945,0.18858233094215393,0.0007068372797220945,0.05,342,50268,0.03189960562952389,0.10305789113044739,0.15000000596046448,0.17606376111507416,0.3499999940395355,0.08020855486392975,0.15000000596046448,0.20640914142131805,0.3499999940395355,frozen_mlp_surrogate_adjoint,900,900,900,700,58.80854249000549,58.80854249000549,0.06534282498889499
564,154.879150390625,174.78846740722656,141.08413696289062,74.55755615234375,0.5199941396713257,0.7183048725128174,0.42419543862342834,0.5288435816764832,0.5658008456230164,T015_035_015_035,0.010135955177247524,0.0007095094188116491,0.188528910279274,0.0007095094188116491,0.05,845,50967,0.053006276471118136,0.10310100018978119,0.15000000596046448,0.17604587972164154,0.3499999940395355,0.08019638061523438,0.15000000596046448,0.20645758509635925,0.3499999940395355,frozen_mlp_surrogate_adjoint,900,900,900,700,58.80854249000549,58.80854249000549,0.06534282498889499
565,154.86087036132812,174.78346252441406,141.0772705078125,74.55789184570312,0.5198671221733093,0.7182121872901917,0.42414772510528564,0.5288497805595398,0.5657346248626709,T015_035_015_035,0.010135958902537823,0.0007066381513141096,0.18858641386032104,0.0007066381513141096,0.05,280,51035,0.028417995489762142,0.10302077233791351,0.15000000596046448,0.1760583221912384,0.3499999940395355,0.08019985258579254,0.15000000596046448,0.20645573735237122,0.3499999940395355,frozen_mlp_surrogate_adjoint,900,900,900,700,58.80854249000549,58.80854249000549,0.06534282498889499
566,154.85067749023438,174.77268981933594,141.0648956298828,74.55982208251953,0.5197963118553162,0.7180126905441284,0.42406174540519714,0.5288856029510498,0.5657931566238403,T015_035_015_035,0.010135960765182972,0.0007091813604347408,0.18853558599948883,0.0007091813604347408,0.05,208,23,0.024039426271860814,0.10311387479305267,0.15000000596046448,0.17606666684150696,0.3499999940395355,0.08016826212406158,0.15000000596046448,0.2064443826675415,0.3499999940395355,frozen_mlp_surrogate_adjoint,900,900,900,700,58.80854249000549,58.80854249000549,0.06534282498889499
567,154.8662872314453,174.78598022460938,141.0751953125,74.56108093261719,0.5199047923088074,0.7182587385177612,0.4241332411766052,0.5289089679718018,0.565784215927124,T015_035_015_035,0.010135962627828121,0.0007087947451509535,0.18854334950447083,0.0007087947451509535,0.05,54,50174,0.0141228543035011,0.10306572914123535,0.15000000596046448,0.1760522723197937,0.3499999940395355,0.08017809689044952,0.15000000596046448,0.20648816227912903,0.3499999940395355,frozen_mlp_surrogate_adjoint,900,900,900,700,58.80854249000549,58.80854249000549,0.06534282498889499
568,154.84974670410156,174.77008056640625,141.06092834472656,74.56021118164062,0.5197899341583252,0.7179643511772156,0.4240342378616333,0.5288927555084229,0.5658169984817505,T015_035_015_035,0.010135963559150696,0.0007102203671820462,0.18851487338542938,0.0007102203671820462,0.05,704,51032,0.047281795070380904,0.10315488278865814,0.15000000596046448,0.1760706901550293,0.3499999940395355,0.08015629649162292,0.15000000596046448,0.20643511414527893,0.3499999940395355,frozen_mlp_surrogate_adjoint,900,900,900,700,58.80854249000549,58.80854249000549,0.06534282498889499
569,154.87139892578125,174.785400390625,141.0780487060547,74.55586242675781,0.5199402570724487,0.7182482481002808,0.42415308952331543,0.5288122296333313,0.5657619833946228,T015_035_015_035,0.01013596449047327,0.0007078309427015483,0.18856266140937805,0.0007078309427015483,0.05,159,51012,0.02125616445937703,0.10308398306369781,0.15000000596046448,0.1760641634464264,0.3499999940395355,0.08019498735666275,0.15000000596046448,0.20641884207725525,0.3499999940395355,frozen_mlp_surrogate_adjoint,900,900,900,700,58.80854249000549,58.80854249000549,0.06534282498889499
570,154.84869384765625,174.77574157714844,141.06582641601562,74.56019592285156,0.5197826623916626,0.7180693745613098,0.4240681827068329,0.528892457485199,0.5657566785812378,T015_035_015_035,0.01013596635311842,0.0007076034671626985,0.18856726586818695,0.0007076034671626985,0.05,673,50079,0.04600192489868449,0.1030578762292862,0.15000000596046448,0.17606787383556366,0.3499999940395355,0.08017416298389435,0.15000000596046448,0.20645678043365479,0.3499999940395355,frozen_mlp_surrogate_adjoint,900,900,900,700,58.80854249000549,58.80854249000549,0.06534282498889499
571,154.89547729492188,174.78683471679688,141.07659912109375,74.56181335449219,0.5201075077056885,0.7182745933532715,0.4241430461406708,0.528922438621521,0.5659735202789307,T015_035_015_035,0.010135967284440994,0.0007170175667852163,0.18837898969650269,0.0007170175667852163,0.05,328,50780,0.030717611761162583,0.10332436114549637,0.15000000596046448,0.17603877186775208,0.3499999940395355,0.08014051616191864,0.15000000596046448,0.20646990835666656,0.3499999940395355,frozen_mlp_surrogate_adjoint,900,900,900,700,58.80854249000549,58.80854249000549,0.06534282498889499
572,154.8772735595703,174.78895568847656,141.07290649414062,74.55997467041016,0.5199810862541199,0.7183140516281128,0.42411744594573975,0.5288884043693542,0.5658172369003296,T015_035_015_035,0.010135968215763569,0.0007102345698513091,0.18851466476917267,0.0007102345698513091,0.05,59,51663,0.014628772770510216,0.1031389981508255,0.15000000596046448,0.17606255412101746,0.3499999940395355,0.0801626592874527,0.15000000596046448,0.20645299553871155,0.3499999940395355,frozen_mlp_surrogate_adjoint,900,900,900,700,58.80854249000549,58.80854249000549,0.06534282498889499
573,154.87832641601562,174.78749084472656,141.08277893066406,74.56504821777344,0.5199884176254272,0.7182868719100952,0.42418596148490906,0.528982400894165,0.5658890008926392,T015_035_015_035,0.010135972872376442,0.0007133545004762709,0.1884523630142212,0.0007133545004762709,0.05,43,50261,0.012480734503876708,0.1031433492898941,0.15000000596046448,0.17601865530014038,0.3499999940395355,0.08016782999038696,0.15000000596046448,0.20655915141105652,0.3499999940395355,frozen_mlp_surrogate_adjoint,900,900,900,700,58.80854249000549,58.80854249000549,0.06534282498889499
574,154.88150024414062,174.7872772216797,141.07717895507812,74.55371856689453,0.5200103521347046,0.7182828187942505,0.4241470992565155,0.5287725925445557,0.5657869577407837,T015_035_015_035,0.010135973803699017,0.0007089256541803479,0.1885409653186798,0.0007089256541803479,0.05,711,50530,0.04754394234750131,0.10315097868442535,0.15000000596046448,0.1760740429162979,0.3499999940395355,0.08018717169761658,0.15000000596046448,0.20637473464012146,0.3499999940395355,frozen_mlp_surrogate_adjoint,900,900,900,700,58.80854249000549,58.80854249000549,0.06534282498889499
575,154.85385131835938,174.78639221191406,141.07962036132812,74.55648803710938,0.5198183655738831,0.7182665467262268,0.4241639971733093,0.5288239121437073,0.5656461715698242,T015_035_015_035,0.010135975666344166,0.0007028134423308074,0.18866324424743652,0.0007028134423308074,0.05,182,50547,0.022842902142885528,0.10290510952472687,0.15000000596046448,0.17606455087661743,0.3499999940395355,0.08022245764732361,0.15000000596046448,0.20645403861999512,0.3499999940395355,frozen_mlp_surrogate_adjoint,900,900,900,700,58.80854249000549,58.80854249000549,0.06534282498889499
576,154.8280029296875,174.76617431640625,141.05699157714844,74.55873107910156,0.5196388363838196,0.7178922295570374,0.4240068793296814,0.5288653373718262,0.5656961798667908,T015_035_015_035,0.010135979391634464,0.0007049887208268046,0.18861980736255646,0.0007049887208268046,0.05,788,50046,0.05058731272119505,0.10300838947296143,0.15000000596046448,0.17608633637428284,0.3499999940395355,0.08017827570438385,0.15000000596046448,0.20642316341400146,0.3499999940395355,frozen_mlp_surrogate_adjoint,900,900,900,700,58.80854249000549,58.80854249000549,0.06534282498889499
577,154.87295532226562,174.7838134765625,141.08950805664062,74.56184387207031,0.5199510455131531,0.7182188630104065,0.42423275113105774,0.5289230942726135,0.5658471584320068,T015_035_015_035,0.010135979391634464,0.0007115446496754885,0.1884886920452118,0.0007115446496754885,0.05,670,50317,0.04580458056983762,0.10309101641178131,0.15000000596046448,0.17601293325424194,0.3499999940395355,0.08019989728927612,0.15000000596046448,0.20654332637786865,0.3499999940395355,frozen_mlp_surrogate_adjoint,900,900,900,700,58.80854249000549,58.80854249000549,0.06534282498889499
578,154.8438720703125,174.7685546875,141.05775451660156,74.55964660644531,0.519749104976654,0.7179363369941711,0.4240121841430664,0.5288822650909424,0.5657874345779419,T015_035_015_035,0.010135980322957039,0.0007089522550813854,0.18854054808616638,0.0007089522550813854,0.05,889,50159,0.05449539621350967,0.10312928259372711,0.15000000596046448,0.17607969045639038,0.3499999940395355,0.08015669882297516,0.15000000596046448,0.20642176270484924,0.3499999940395355,frozen_mlp_surrogate_adjoint,900,900,900,700,58.80854249000549,58.80854249000549,0.06534282498889499
579,154.8730926513672,174.78521728515625,141.0772705078125,74.55187225341797,0.5199520587921143,0.7182447910308838,0.42414769530296326,0.5287383794784546,0.5657296180725098,T015_035_015_035,0.010135998018085957,0.0007064594537951052,0.18859076499938965,0.0007064594537951052,0.05,720,50399,0.04772579866486145,0.10308787226676941,0.15000000596046448,0.17608095705509186,0.3499999940395355,0.08020265400409698,0.15000000596046448,0.20635810494422913,0.3499999940395355,frozen_mlp_surrogate_adjoint,900,900,900,700,58.80854249000549,58.80854249000549,0.06534282498889499
580,154.8500213623047,174.77479553222656,141.06484985351562,74.56169128417969,0.519791841506958,0.7180517315864563,0.42406144738197327,0.5289202928543091,0.5657904148101807,T015_035_015_035,0.01013600081205368,0.0007091027218848467,0.18853797018527985,0.0007091027218848467,0.05,392,50562,0.03432557263476929,0.10309191048145294,0.15000000596046448,0.17606276273727417,0.3499999940395355,0.08016275614500046,0.15000000596046448,0.20647302269935608,0.3499999940395355,frozen_mlp_surrogate_adjoint,900,900,900,700,58.80854249000549,58.80854249000549,0.06534282498889499
581,154.58724975585938,174.61338806152344,140.95291137695312,74.57522583007812,0.5179669857025146,0.7150627374649048,0.42328405380249023,0.5291709303855896,0.565735936164856,T015_035_015_035,0.01013640221208334,0.0007071386207826436,0.1885852813720703,0.0007071386207826436,0.05,891,51687,0.05456007709154601,0.10306315124034882,0.15000000596046448,0.1761198490858078,0.3499999940395355,0.08006597310304642,0.15000000596046448,0.20648697018623352,0.3499999940395355,frozen_mlp_surrogate_adjoint,900,900,900,700,58.80854249000549,58.80854249000549,0.06534282498889499
582,154.46408081054688,174.54391479492188,140.92376708984375,74.58859252929688,0.5171116590499878,0.7137761116027832,0.42308172583580017,0.529418408870697,0.5657211542129517,T015_035_015_035,0.010136676020920277,0.0007067701080814004,0.18859811127185822,0.0007067701080814004,0.05,784,51664,0.050455161701817214,0.10290408134460449,0.15000000596046448,0.17607615888118744,0.3499999940395355,0.08005902171134949,0.15000000596046448,0.20668187737464905,0.3499999940395355,frozen_mlp_surrogate_adjoint,900,900,900,700,58.80854249000549,58.80854249000549,0.06534282498889499
583,115.1715316772461,189.49261474609375,80.03720092773438,88.58445739746094,0.2442467361688614,0.9906038641929626,0.0002583266468718648,0.7886010408401489,0.6544202566146851,T015_035_015_035,0.010179407894611359,0.004208139609545469,0.11942535638809204,0.004208139609545469,0.05,65,50191,0.015117409995720674,0.16324730217456818,0.15000000596046448,0.1894122064113617,0.3499999940395355,0.06222101300954819,0.15000000596046448,0.2395397126674652,0.3499999940395355,frozen_mlp_surrogate_adjoint,900,900,900,700,58.80854249000549,58.80854249000549,0.06534282498889499
584,115.18718719482422,189.47898864746094,80.08748626708984,88.5748519897461,0.2443554699420929,0.9903516173362732,0.0006075563142076135,0.7884231805801392,0.653976559638977,T015_035_015_035,0.010187509469687939,0.004200898110866547,0.11973222345113754,0.004200898110866547,0.05,104,50449,0.018146926957787392,0.16302154958248138,0.15000000596046448,0.1893358677625656,0.3499999940395355,0.062121160328388214,0.15000000596046448,0.23949798941612244,0.3499999940395355,frozen_mlp_surrogate_adjoint,900,900,900,700,58.80854249000549,58.80854249000549,0.06534282498889499
585,114.99449920654297,189.05165100097656,80.1807632446289,88.57281494140625,0.24301734566688538,0.9824379086494446,0.0012552913976833224,0.7883853912353516,0.6494907736778259,T015_035_015_035,0.010220611467957497,0.0040777758695185184,0.12285672128200531,0.0040777758695185184,0.05,576,50735,0.04272226725276732,0.16092921793460846,0.15000000596046448,0.18867447972297668,0.3499999940395355,0.06213504076004028,0.15000000596046448,0.2377520203590393,0.3499999940395355,frozen_mlp_surrogate_adjoint,900,900,900,700,58.80854249000549,58.80854249000549,0.06534282498889499
586,115.15214538574219,189.05169677734375,80.4344482421875,88.47943878173828,0.24411210417747498,0.9824389219284058,0.0030169866513460875,0.7866562604904175,0.647549569606781,T015_035_015_035,0.010259958915412426,0.004048893693834543,0.1242213025689125,0.004048893693834543,0.05,690,50760,0.04664699214232907,0.16047631204128265,0.15000000596046448,0.18864327669143677,0.3499999940395355,0.06194803863763809,0.15000000596046448,0.2364819347858429,0.3499999940395355,frozen_mlp_surrogate_adjoint,900,900,900,700,58.80854249000549,58.80854249000549,0.06534282498889499
587,115.05599975585938,188.826416015625,80.47026824951172,88.47843933105469,0.24344445765018463,0.9782668352127075,0.003265729174017906,0.7866377830505371,0.6452454328536987,T015_035_015_035,0.010276427492499352,0.0039838869124650955,0.12585079669952393,0.0039838869124650955,0.05,430,39,0.03623656769386428,0.15944522619247437,0.15000000596046448,0.18834024667739868,0.3499999940395355,0.062001269310712814,0.15000000596046448,0.23545867204666138,0.3499999940395355,frozen_mlp_surrogate_adjoint,900,900,900,700,58.80854249000549,58.80854249000549,0.06534282498889499
588,115.34366607666016,189.056640625,80.73423767089844,88.37799072265625,0.24544212222099304,0.9825305342674255,0.005098889581859112,0.7847775220870972,0.6453081369400024,T015_035_015_035,0.010308001190423965,0.004017685540020466,0.1258063167333603,0.004017685540020466,0.05,857,50311,0.053338722784249185,0.15985408425331116,0.15000000596046448,0.18856243789196014,0.3499999940395355,0.06163128837943077,0.15000000596046448,0.23526036739349365,0.3499999940395355,frozen_mlp_surrogate_adjoint,900,900,900,700,58.80854249000549,58.80854249000549,0.06534282498889499
589,157.80050659179688,177.85618591308594,143.7268524169922,74.99430847167969,0.540281355381012,0.7751146554946899,0.44254758954048157,0.536931574344635,0.5620214939117432,T015_035_015_035,0.010311665013432503,0.000720406707841903,0.19182516634464264,0.000720406707841903,0.05,621,50164,0.04399592410750255,0.09689430892467499,0.15000000596046448,0.17184233665466309,0.3499999940395355,0.08505163341760635,0.15000000596046448,0.20823320746421814,0.3499999940395355,frozen_mlp_surrogate_adjoint,900,900,900,700,58.80854249000549,58.80854249000549,0.06534282498889499
590,157.8370361328125,177.85838317871094,143.76626586914062,75.00342559814453,0.5405349731445312,0.7751551866531372,0.44282129406929016,0.5371004939079285,0.5623266696929932,T015_035_015_035,0.010311765596270561,0.0007338679279200733,0.19155794382095337,0.0007338679279200733,0.05,686,51509,0.04648792350257989,0.09707960486412048,0.15000000596046448,0.17170916497707367,0.3499999940395355,0.08508990705013275,0.15000000596046448,0.20844802260398865,0.3499999940395355,frozen_mlp_surrogate_adjoint,900,900,900,700,58.80854249000549,58.80854249000549,0.06534282498889499
591,157.81700134277344,177.85476684570312,143.72186279296875,74.99187469482422,0.5403958559036255,0.775088369846344,0.44251298904418945,0.5368865728378296,0.5620517730712891,T015_035_015_035,0.010311768390238285,0.000721836113370955,0.1917986422777176,0.000721836113370955,0.05,525,51501,0.0407090523891272,0.0970446765422821,0.15000000596046448,0.17182868719100952,0.3499999940395355,0.08506591618061066,0.15000000596046448,0.20811247825622559,0.3499999940395355,frozen_mlp_surrogate_adjoint,900,900,900,700,58.80854249000549,58.80854249000549,0.06534282498889499
592,157.837158203125,177.85687255859375,143.74818420410156,75.00350189208984,0.5405358076095581,0.7751273512840271,0.4426957368850708,0.5371018648147583,0.5622803568840027,T015_035_015_035,0.010311811231076717,0.0007318861898966134,0.19159848988056183,0.0007318861898966134,0.05,656,50952,0.045300983760804325,0.097125343978405,0.15000000596046448,0.17173835635185242,0.3499999940395355,0.08505766093730927,0.15000000596046448,0.2083590030670166,0.3499999940395355,frozen_mlp_surrogate_adjoint,900,900,900,700,58.80854249000549,58.80854249000549,0.06534282498889499
593,157.89102172851562,177.86280822753906,143.80685424804688,75.00641632080078,0.5409099459648132,0.7752372622489929,0.4431031048297882,0.5371558666229248,0.5626303553581238,T015_035_015_035,0.010311837308108807,0.000747226586099714,0.19129221141338348,0.000747226586099714,0.05,149,50581,0.020642395935371354,0.09738395363092422,0.15000000596046448,0.17157059907913208,0.3499999940395355,0.08517086505889893,0.15000000596046448,0.20850494503974915,0.3499999940395355,frozen_mlp_surrogate_adjoint,900,900,900,700,58.80854249000549,58.80854249000549,0.06534282498889499
594,157.84112548828125,177.8571319580078,143.7702178955078,75.01074981689453,0.5405633449554443,0.7751320004463196,0.44284874200820923,0.5372361540794373,0.5624195337295532,T015_035_015_035,0.010311955586075783,0.0007381225004792213,0.19147665798664093,0.0007381225004792213,0.05,273,50288,0.027590904459850928,0.097108393907547,0.15000000596046448,0.17167790234088898,0.3499999940395355,0.08505985140800476,0.15000000596046448,0.2085733711719513,0.3499999940395355,frozen_mlp_surrogate_adjoint,900,900,900,700,58.80854249000549,58.80854249000549,0.06534282498889499
595,157.84506225585938,177.8564453125,143.77166748046875,75.01080322265625,0.540590763092041,0.775119423866272,0.4428587853908539,0.5372371673583984,0.5624426007270813,T015_035_015_035,0.010312019847333431,0.0007391957915388048,0.19145648181438446,0.0007391957915388048,0.05,236,50165,0.025569007593591826,0.09714208543300629,0.15000000596046448,0.17166689038276672,0.3499999940395355,0.08506499975919724,0.15000000596046448,0.20856863260269165,0.3499999940395355,frozen_mlp_surrogate_adjoint,900,900,900,700,58.80854249000549,58.80854249000549,0.06534282498889499
596,157.83616638183594,177.85855102539062,143.76602172851562,75.03843688964844,0.5405289530754089,0.7751584053039551,0.44281959533691406,0.5377488136291504,0.5625972151756287,T015_035_015_035,0.010312323458492756,0.0007462627836503088,0.19132119417190552,0.0007462627836503088,0.05,628,51377,0.044224842098640305,0.09704100340604782,0.15000000596046448,0.1716502606868744,0.3499999940395355,0.08489324152469635,0.15000000596046448,0.2090126872062683,0.3499999940395355,frozen_mlp_surrogate_adjoint,900,900,900,700,58.80854249000549,58.80854249000549,0.06534282498889499
597,157.7940673828125,177.85107421875,143.7290802001953,75.0316162109375,0.5402365326881409,0.7750200033187866,0.4425630271434784,0.5376224517822266,0.5623363256454468,T015_035_015_035,0.01031255442649126,0.0007350796950049698,0.19154949486255646,0.0007350796950049698,0.05,316,51533,0.03020915126465069,0.09685136377811432,0.15000000596046448,0.1717599332332611,0.3499999940395355,0.08484996855258942,0.15000000596046448,0.20887504518032074,0.3499999940395355,frozen_mlp_surrogate_adjoint,900,900,900,700,58.80854249000549,58.80854249000549,0.06534282498889499
598,157.8360595703125,177.8490753173828,143.69003295898438,74.9559326171875,0.5405281782150269,0.7749829292297363,0.44229188561439514,0.536220908164978,0.5617754459381104,T015_035_015_035,0.010312656871974468,0.0007106183911673725,0.19204075634479523,0.0007106183911673725,0.05,200,51244,0.023674121913162496,0.09733563661575317,0.15000000596046448,0.17190246284008026,0.3499999940395355,0.08522436022758484,0.15000000596046448,0.20731300115585327,0.3499999940395355,frozen_mlp_surrogate_adjoint,900,900,900,700,58.80854249000549,58.80854249000549,0.06534282498889499
599,157.7579345703125,177.8330535888672,143.58041381835938,75.01286315917969,0.5399856567382812,0.7746861577033997,0.44153064489364624,0.5372751951217651,0.5617181062698364,T015_035_015_035,0.010313120670616627,0.0007085696561262012,0.19209101796150208,0.0007085696561262012,0.05,253,50105,0.026263843611589774,0.09700664132833481,0.15000000596046448,0.17205947637557983,0.3499999940395355,0.08468076586723328,0.15000000596046448,0.2079712450504303,0.3499999940395355,frozen_mlp_surrogate_adjoint,900,900,900,700,58.80854249000549,58.80854249000549,0.06534282498889499
600,157.7262725830078,177.83627319335938,143.51231384277344,75.04803466796875,0.5397657752037048,0.7747459411621094,0.4410577118396759,0.5379264950752258,0.5616477131843567,T015_035_015_035,0.010313285514712334,0.0007056487374939024,0.1921527236700058,0.0007056487374939024,0.05,353,50298,0.0324091549857953,0.09682431817054749,0.15000000596046448,0.172187939286232,0.3499999940395355,0.08433791995048523,0.15000000596046448,0.2082975208759308,0.3499999940395355,frozen_mlp_surrogate_adjoint,900,900,900,700,58.80854249000549,58.80854249000549,0.06534282498889499
601,115.71983337402344,189.52354431152344,81.0206069946289,88.26425170898438,0.2480543851852417,0.9911767244338989,0.0070875235833227634,0.7826712727546692,0.6474933624267578,T015_035_015_035,0.010331403464078903,0.004118356853723526,0.12426093220710754,0.004118356853723526,0.05,794,50219,0.0509029086986904,0.16118961572647095,0.15000000596046448,0.18899795413017273,0.3499999940395355,0.0611344650387764,0.15000000596046448,0.23617136478424072,0.3499999940395355,frozen_mlp_surrogate_adjoint,900,900,900,700,58.80854249000549,58.80854249000549,0.06534282498889499
602,115.49449157714844,189.08216857910156,80.9779052734375,88.30403900146484,0.2464895397424698,0.9830030798912048,0.006790996063500643,0.7834081649780273,0.6437729001045227,T015_035_015_035,0.01034594513475895,0.004001057706773281,0.12689775228500366,0.004001057706773281,0.05,578,51698,0.04282521998153638,0.1593533307313919,0.15000000596046448,0.18845683336257935,0.3499999940395355,0.06129216030240059,0.15000000596046448,0.23467056453227997,0.3499999940395355,frozen_mlp_surrogate_adjoint,900,900,900,700,58.80854249000549,58.80854249000549,0.06534282498889499
603,155.25469970703125,176.42901611328125,140.69508361816406,74.73143005371094,0.5226021409034729,0.748685359954834,0.42149364948272705,0.5320636034011841,0.5536949634552002,T015_035_015_035,0.010374380275607109,0.00041496986523270607,0.19918818771839142,0.00041496986523270607,0.05,448,50491,0.03732488625849405,0.09563066810369492,0.15000000596046448,0.17676469683647156,0.3499999940395355,0.08023876696825027,0.15000000596046448,0.20106086134910583,0.3499999940395355,frozen_mlp_surrogate_adjoint,900,900,900,700,58.80854249000549,58.80854249000549,0.06534282498889499
604,115.6280517578125,189.19142150878906,81.22216033935547,88.22079467773438,0.24741700291633606,0.9850262999534607,0.008487205021083355,0.7818664908409119,0.6430597305297852,T015_035_015_035,0.010380339808762074,0.004010021686553955,0.12740635871887207,0.004010021686553955,0.05,533,51430,0.041087318875702133,0.15927112102508545,0.15000000596046448,0.18840554356575012,0.3499999940395355,0.06100871041417122,0.15000000596046448,0.23437434434890747,0.3499999940395355,frozen_mlp_surrogate_adjoint,900,900,900,700,58.80854249000549,58.80854249000549,0.06534282498889499
605,115.59391784667969,189.1060333251953,81.2337646484375,88.23754119873047,0.24717997014522552,0.9834449887275696,0.0085678119212389,0.782176673412323,0.6423012018203735,T015_035_015_035,0.010387483984231949,0.0039900620467960835,0.12794843316078186,0.0039900620467960835,0.05,572,50446,0.04260969570657422,0.15874016284942627,0.15000000596046448,0.1882001757621765,0.3499999940395355,0.0608806237578392,0.15000000596046448,0.23448020219802856,0.3499999940395355,frozen_mlp_surrogate_adjoint,900,900,900,700,58.80854249000549,58.80854249000549,0.06534282498889499
606,156.61102294921875,172.4539794921875,118.34455108642578,98.69965362548828,0.5320209264755249,0.6750736832618713,0.2662816047668457,0.9759195446968079,0.7544059753417969,T015_035_015_035,0.01104041375219822,0.008024591952562332,0.06031642481684685,0.008024591952562332,0.05,698,50106,0.04703969953048739,0.11829657107591629,0.15000000596046448,0.15768375992774963,0.3499999940395355,0.13371722400188446,0.15000000596046448,0.3447084426879883,0.3499999940395355,frozen_mlp_surrogate_adjoint,900,900,900,700,58.80854249000549,58.80854249000549,0.06534282498889499
607,156.6316375732422,172.44932556152344,118.35964965820312,98.70358276367188,0.5321641564369202,0.6749874949455261,0.2663864493370056,0.9759923219680786,0.7545233368873596,T015_035_015_035,0.011040549725294113,0.008027610369026661,0.06025879085063934,0.008027610369026661,0.05,747,50930,0.04863868307425483,0.11849275231361389,0.15000000596046448,0.15755732357501984,0.3499999940395355,0.1339283138513565,0.15000000596046448,0.3445449471473694,0.3499999940395355,frozen_mlp_surrogate_adjoint,900,900,900,700,58.80854249000549,58.80854249000549,0.06534282498889499
608,156.5833282470703,172.45968627929688,118.31050872802734,98.70040130615234,0.5318286418914795,0.6751794815063477,0.2660452127456665,0.9759333729743958,0.7543256878852844,T015_035_015_035,0.01104060374200344,0.008022810332477093,0.06035586819052696,0.008022810332477093,0.05,884,51321,0.05440496775570679,0.11806384474039078,0.15000000596046448,0.15778760612010956,0.3499999940395355,0.13363873958587646,0.15000000596046448,0.344835489988327,0.3499999940395355,frozen_mlp_surrogate_adjoint,900,900,900,700,58.80854249000549,58.80854249000549,0.06534282498889499
609,156.64337158203125,172.44737243652344,118.37240600585938,98.70768737792969,0.5322456955909729,0.6749513745307922,0.26647505164146423,0.9760682582855225,0.7545900344848633,T015_035_015_035,0.011040613986551762,0.008029310964047909,0.06022605299949646,0.008029310964047909,0.05,209,50640,0.024112192949434195,0.11859024316072464,0.15000000596046448,0.15747565031051636,0.3499999940395355,0.134098082780838,0.15000000596046448,0.3444260358810425,0.3499999940395355,frozen_mlp_surrogate_adjoint,900,900,900,700,58.80854249000549,58.80854249000549,0.06534282498889499
610,156.59661865234375,172.455322265625,118.31564331054688,98.70463562011719,0.5319209098815918,0.6750986576080322,0.2660808265209198,0.9760117530822754,0.7544325590133667,T015_035_015_035,0.011040674522519112,0.008025506511330605,0.06030336767435074,0.008025506511330605,0.05,202,50670,0.023765095330323442,0.11821095645427704,0.15000000596046448,0.1576819121837616,0.3499999940395355,0.1338406354188919,0.15000000596046448,0.34469905495643616,0.3499999940395355,frozen_mlp_surrogate_adjoint,900,900,900,700,58.80854249000549,58.80854249000549,0.06534282498889499
611,156.5760955810547,172.460205078125,118.30386352539062,98.70443725585938,0.5317784547805786,0.6751889586448669,0.26599904894828796,0.9760081171989441,0.7543360590934753,T015_035_015_035,0.0110407043248415,0.008023166097700596,0.060350771993398666,0.008023166097700596,0.05,640,50095,0.04473290474518855,0.11801314353942871,0.15000000596046448,0.1577761173248291,0.3499999940395355,0.13374218344688416,0.15000000596046448,0.3448046147823334,0.3499999940395355,frozen_mlp_surrogate_adjoint,900,900,900,700,58.80854249000549,58.80854249000549,0.06534282498889499
612,156.59291076660156,172.46087646484375,118.32113647460938,98.70270538330078,0.5318952202796936,0.6752012968063354,0.2661190330982208,0.9759760499000549,0.7543544769287109,T015_035_015_035,0.011040754616260529,0.008023668080568314,0.0603417232632637,0.008023668080568314,0.05,256,51648,0.026537161412835696,0.1181183010339737,0.15000000596046448,0.15774083137512207,0.3499999940395355,0.13372869789600372,0.15000000596046448,0.34476664662361145,0.3499999940395355,frozen_mlp_surrogate_adjoint,900,900,900,700,58.80854249000549,58.80854249000549,0.06534282498889499
613,156.6082305908203,172.45761108398438,118.32743835449219,98.70548248291016,0.5320016145706177,0.675140917301178,0.2661627531051636,0.9760274887084961,0.7544500827789307,T015_035_015_035,0.011040829122066498,0.008026091381907463,0.06029476225376129,0.008026091381907463,0.05,300,50353,0.029477335605613907,0.11827175319194794,0.15000000596046448,0.15764552354812622,0.3499999940395355,0.13388435542583466,0.15000000596046448,0.3446483910083771,0.3499999940395355,frozen_mlp_surrogate_adjoint,900,900,900,700,58.80854249000549,58.80854249000549,0.06534282498889499
614,156.59817504882812,172.45472717285156,118.32929992675781,98.70407104492188,0.5319317579269409,0.6750874519348145,0.26617565751075745,0.9760012626647949,0.7544136047363281,T015_035_015_035,0.011040832847356796,0.008025199174880981,0.060312677174806595,0.008025199174880981,0.05,222,50405,0.024943579163120524,0.11821489036083221,0.15000000596046448,0.1576824188232422,0.3499999940395355,0.13382047414779663,0.15000000596046448,0.3446958363056183,0.3499999940395355,frozen_mlp_surrogate_adjoint,900,900,900,700,58.80854249000549,58.80854249000549,0.06534282498889499
615,156.58334350585938,172.45779418945312,118.31397247314453,98.70254516601562,0.531828761100769,0.6751441955566406,0.2660692632198334,0.9759731292724609,0.7543504238128662,T015_035_015_035,0.011040851473808289,0.008023666217923164,0.06034371256828308,0.008023666217923164,0.05,476,50881,0.03862798721678252,0.11808517575263977,0.15000000596046448,0.15775717794895172,0.3499999940395355,0.1337154507637024,0.15000000596046448,0.34479257464408875,0.3499999940395355,frozen_mlp_surrogate_adjoint,900,900,900,700,58.80854249000549,58.80854249000549,0.06534282498889499
616,156.548828125,172.46896362304688,118.27433776855469,98.70285034179688,0.5315890312194824,0.6753512620925903,0.265794038772583,0.9759787917137146,0.754209041595459,T015_035_015_035,0.011040915735065937,0.008020255714654922,0.06041319668292999,0.008020255714654922,0.05,302,50513,0.02956850554304417,0.11774274706840515,0.15000000596046448,0.1579178273677826,0.3499999940395355,0.13356924057006836,0.15000000596046448,0.3449792265892029,0.3499999940395355,frozen_mlp_surrogate_adjoint,900,900,900,700,58.80854249000549,58.80854249000549,0.06534282498889499
617,156.61534118652344,172.44955444335938,118.33137512207031,98.70393371582031,0.5320509672164917,0.6749919056892395,0.2661901116371155,0.9759987592697144,0.7545150518417358,T015_035_015_035,0.011040954850614071,0.008027811534702778,0.060262858867645264,0.008027811534702778,0.05,434,50142,0.036571760779849846,0.11840122938156128,0.15000000596046448,0.15759673714637756,0.3499999940395355,0.13390779495239258,0.15000000596046448,0.34460926055908203,0.3499999940395355,frozen_mlp_surrogate_adjoint,900,900,900,700,58.80854249000549,58.80854249000549,0.06534282498889499
618,156.60328674316406,172.4623260498047,118.32327270507812,98.70429992675781,0.531967282295227,0.6752283573150635,0.2661338150501251,0.976005494594574,0.7543982267379761,T015_035_015_035,0.011040978133678436,0.008024966344237328,0.060320232063531876,0.008024966344237328,0.05,695,50060,0.046877963352692766,0.11819371581077576,0.15000000596046448,0.15769219398498535,0.3499999940395355,0.1338052749633789,0.15000000596046448,0.34470701217651367,0.3499999940395355,frozen_mlp_surrogate_adjoint,900,900,900,700,58.80854249000549,58.80854249000549,0.06534282498889499
619,156.64208984375,172.45388793945312,118.3728256225586,98.69709777832031,0.5322366952896118,0.6750718951225281,0.26647794246673584,0.9758721590042114,0.7544653415679932,T015_035_015_035,0.011040988378226757,0.008026625029742718,0.060287266969680786,0.008026625029742718,0.05,150,50805,0.02073179412916807,0.11851994693279266,0.15000000596046448,0.15759815275669098,0.3499999940395355,0.13372574746608734,0.15000000596046448,0.3446215093135834,0.3499999940395355,frozen_mlp_surrogate_adjoint,900,900,900,700,58.80854249000549,58.80854249000549,0.06534282498889499
620,156.62216186523438,172.4554901123047,118.36747741699219,98.68376159667969,0.5320984125137329,0.675101637840271,0.26644083857536316,0.975625216960907,0.7542816996574402,T015_035_015_035,0.011040996760129929,0.008022122085094452,0.06037748232483864,0.008022122085094452,0.05,807,50241,0.051327912519283765,0.11833859980106354,0.15000000596046448,0.15779703855514526,0.3499999940395355,0.133233904838562,0.15000000596046448,0.34491217136383057,0.3499999940395355,frozen_mlp_surrogate_adjoint,900,900,900,700,58.80854249000549,58.80854249000549,0.06534282498889499
621,156.56878662109375,172.45985412597656,118.29216003417969,98.70350646972656,0.53172767162323,0.6751824021339417,0.2659177780151367,0.9759908318519592,0.7543269991874695,T015_035_015_035,0.011041061952710152,0.00802330020815134,0.06035522371530533,0.00802330020815134,0.05,605,51628,0.04363513000660242,0.11797851324081421,0.15000000596046448,0.15779945254325867,0.3499999940395355,0.13370159268379211,0.15000000596046448,0.3448474407196045,0.3499999940395355,frozen_mlp_surrogate_adjoint,900,900,900,700,58.80854249000549,58.80854249000549,0.06534282498889499
622,156.6201171875,172.4574432373047,118.33872985839844,98.70338439941406,0.5320841073989868,0.6751378178596497,0.2662411630153656,0.9759885668754578,0.7544645071029663,T015_035_015_035,0.011041071265935898,0.008026687428355217,0.06028767675161362,0.008026687428355217,0.05,190,51431,0.023268889179450882,0.11835738271474838,0.15000000596046448,0.1576220989227295,0.3499999940395355,0.13385316729545593,0.15000000596046448,0.3446318209171295,0.3499999940395355,frozen_mlp_surrogate_adjoint,900,900,900,700,58.80854249000549,58.80854249000549,0.06534282498889499
623,156.58847045898438,172.462158203125,118.29981231689453,98.7050552368164,0.5318643450737,0.6752253174781799,0.265970915555954,0.976019561290741,0.7543901801109314,T015_035_015_035,0.011041143909096718,0.00802493467926979,0.060324184596538544,0.00802493467926979,0.05,139,50469,0.02019608289812687,0.11810748279094696,0.15000000596046448,0.1577264964580536,0.3499999940395355,0.13379956781864166,0.15000000596046448,0.3447566628456116,0.3499999940395355,frozen_mlp_surrogate_adjoint,900,900,900,700,58.80854249000549,58.80854249000549,0.06534282498889499
624,156.55325317382812,172.4755401611328,118.29092407226562,98.688232421875,0.5316198468208313,0.6754729151725769,0.2659091651439667,0.9757079482078552,0.7540453672409058,T015_035_015_035,0.011041850782930851,0.008017166517674923,0.06049368157982826,0.008017166517674923,0.05,170,50523,0.02205951314221483,0.11769197881221771,0.15000000596046448,0.1580635905265808,0.3499999940395355,0.13307684659957886,0.15000000596046448,0.3452129364013672,0.3499999940395355,frozen_mlp_surrogate_adjoint,900,900,900,700,58.80854249000549,58.80854249000549,0.06534282498889499
625,165.4239501953125,180.9412841796875,174.32125854492188,54.06535339355469,0.59322190284729,0.8322458863258362,0.6550086736679077,0.14935839176177979,0.5675623416900635,T015_035_015_035,0.01146458089351654,0.0021144647616893053,0.18700233101844788,0.0021144647616893053,0.05,629,50704,0.04426623610362517,0.09137900173664093,0.15000000596046448,0.15491321682929993,0.3499999940395355,0.10980205982923508,0.15000000596046448,0.21146810054779053,0.3499999940395355,frozen_mlp_surrogate_adjoint,900,900,900,700,58.80854249000549,58.80854249000549,0.06534282498889499
626,165.42514038085938,180.93966674804688,174.3138427734375,54.06945037841797,0.5932301878929138,0.8322161436080933,0.6549572944641113,0.14943423867225647,0.5675609707832336,T015_035_015_035,0.011464772745966911,0.0021145963110029697,0.1870035082101822,0.0021145963110029697,0.05,352,51341,0.0323319279331549,0.09140441566705704,0.15000000596046448,0.15491721034049988,0.3499999940395355,0.10984374582767487,0.15000000596046448,0.21139563620090485,0.3499999940395355,frozen_mlp_surrogate_adjoint,900,900,900,700,58.80854249000549,58.80854249000549,0.06534282498889499
627,165.43145751953125,180.94076538085938,174.30538940429688,54.06664276123047,0.593273937702179,0.8322364687919617,0.6548985838890076,0.14938227832317352,0.5675091743469238,T015_035_015_035,0.011464886367321014,0.0021124708000570536,0.1870483160018921,0.0021124708000570536,0.05,821,50717,0.051961230886466495,0.09147164225578308,0.15000000596046448,0.15492400527000427,0.3499999940395355,0.10985812544822693,0.15000000596046448,0.21125541627407074,0.3499999940395355,frozen_mlp_surrogate_adjoint,900,900,900,700,58.80854249000549,58.80854249000549,0.06534282498889499
628,165.3740234375,180.93397521972656,174.26307678222656,54.07881164550781,0.5928751230239868,0.8321106433868408,0.6546046733856201,0.1496076136827469,0.5672636032104492,T015_035_015_035,0.01146557368338108,0.00210253382101655,0.18726079165935516,0.00210253382101655,0.05,244,50200,0.025978106972714257,0.09109488129615784,0.15000000596046448,0.155070960521698,0.3499999940395355,0.11009204387664795,0.15000000596046448,0.21100571751594543,0.3499999940395355,frozen_mlp_surrogate_adjoint,900,900,900,700,58.80854249000549,58.80854249000549,0.06534282498889499
629,165.94082641601562,180.8253173828125,174.56442260742188,58.910675048828125,0.5968112945556641,0.8300984501838684,0.6566973924636841,0.2390865832567215,0.5901459455490112,T015_035_015_035,0.0114690400660038,0.0030700229108333588,0.1679803431034088,0.0030700229108333588,0.05,269,50924,0.027369434736107708,0.0997888445854187,0.15000000596046448,0.1510445773601532,0.3499999940395355,0.11736221611499786,0.15000000596046448,0.22195032238960266,0.3499999940395355,frozen_mlp_surrogate_adjoint,900,900,900,700,58.80854249000549,58.80854249000549,0.06534282498889499
630,165.93243408203125,180.82362365722656,174.57164001464844,58.90998458862305,0.5967530012130737,0.8300671577453613,0.6567475199699402,0.23907379806041718,0.5901467800140381,T015_035_015_035,0.011469104327261448,0.0030701213981956244,0.1679796576499939,0.0030701213981956244,0.05,180,51257,0.022807172684275314,0.09969179332256317,0.15000000596046448,0.1510469764471054,0.3499999940395355,0.1173483282327652,0.15000000596046448,0.22205966711044312,0.3499999940395355,frozen_mlp_surrogate_adjoint,900,900,900,700,58.80854249000549,58.80854249000549,0.06534282498889499
631,165.94708251953125,180.82626342773438,174.57859802246094,58.91439437866211,0.5968546867370605,0.8301160335540771,0.6567957997322083,0.23915547132492065,0.5902237296104431,T015_035_015_035,0.011469217017292976,0.003073387313634157,0.16791659593582153,0.003073387313634157,0.05,461,51085,0.037843781057143255,0.099829763174057,0.15000000596046448,0.15101604163646698,0.3499999940395355,0.11730428040027618,0.15000000596046448,0.22207367420196533,0.3499999940395355,frozen_mlp_surrogate_adjoint,900,900,900,700,58.80854249000549,58.80854249000549,0.06534282498889499
632,165.94041442871094,180.823974609375,174.5679473876953,58.91353988647461,0.5968084335327148,0.8300736546516418,0.656721830368042,0.2391396313905716,0.5901509523391724,T015_035_015_035,0.01146931666880846,0.003070504404604435,0.1679762452840805,0.003070504404604435,0.05,55,2,0.014174032455438593,0.09978330135345459,0.15000000596046448,0.15103819966316223,0.3499999940395355,0.11734568327665329,0.15000000596046448,0.22198379039764404,0.3499999940395355,frozen_mlp_surrogate_adjoint,900,900,900,700,58.80854249000549,58.80854249000549,0.06534282498889499
633,165.9447021484375,180.8223114013672,174.5398712158203,58.910987854003906,0.5968382358551025,0.830042839050293,0.6565268635749817,0.23909233510494232,0.5900545716285706,T015_035_015_035,0.011469335295259953,0.0030665721278637648,0.16805525124073029,0.0030665721278637648,0.05,880,50117,0.054260794168180165,0.09987572580575943,0.15000000596046448,0.15106797218322754,0.3499999940395355,0.11744041740894318,0.15000000596046448,0.22167044878005981,0.3499999940395355,frozen_mlp_surrogate_adjoint,900,900,900,700,58.80854249000549,58.80854249000549,0.06534282498889499
634,165.94329833984375,180.82394409179688,174.57608032226562,58.914337158203125,0.5968284010887146,0.8300731182098389,0.6567783355712891,0.23915435373783112,0.5901994705200195,T015_035_015_035,0.011469356715679169,0.00307253235951066,0.16793647408485413,0.00307253235951066,0.05,600,51318,0.04348770280367129,0.09979824721813202,0.15000000596046448,0.1510232537984848,0.3499999940395355,0.11731776595115662,0.15000000596046448,0.2220601737499237,0.3499999940395355,frozen_mlp_surrogate_adjoint,900,900,900,700,58.80854249000549,58.80854249000549,0.06534282498889499
635,165.96115112304688,180.82321166992188,174.56446838378906,58.91414260864258,0.5969523787498474,0.8300593495368958,0.656697690486908,0.2391507923603058,0.5902323722839355,T015_035_015_035,0.011469384655356407,0.0030739090871065855,0.16790950298309326,0.0030739090871065855,0.05,833,50462,0.05254591961589746,0.09999863058328629,0.15000000596046448,0.1510118544101715,0.3499999940395355,0.11734946072101593,0.15000000596046448,0.2218724489212036,0.3499999940395355,frozen_mlp_surrogate_adjoint,900,900,900,700,58.80854249000549,58.80854249000549,0.06534282498889499
636,165.90797424316406,180.8199462890625,174.50839233398438,58.90563201904297,0.5965831279754639,0.8299990892410278,0.6563082933425903,0.23899315297603607,0.5897606611251831,T015_035_015_035,0.011469400487840176,0.0030545841436833143,0.16829632222652435,0.0030545841436833143,0.05,381,50854,0.03368730970847843,0.09956026077270508,0.15000000596046448,0.15116247534751892,0.3499999940395355,0.1175680011510849,0.15000000596046448,0.2214699387550354,0.3499999940395355,frozen_mlp_surrogate_adjoint,900,900,900,700,58.80854249000549,58.80854249000549,0.06534282498889499
637,165.98037719726562,180.82289123535156,174.5443572998047,58.91171646118164,0.5970860123634338,0.830053448677063,0.6565580368041992,0.23910585045814514,0.5902409553527832,T015_035_015_035,0.011469412595033646,0.0030742897652089596,0.16790246963500977,0.0030742897652089596,0.05,303,51470,0.02960383675504627,0.10022519528865814,0.15000000596046448,0.15101078152656555,0.3499999940395355,0.11741236597299576,0.15000000596046448,0.22159263491630554,0.3499999940395355,frozen_mlp_surrogate_adjoint,900,900,900,700,58.80854249000549,58.80854249000549,0.06534282498889499
638,165.93746948242188,180.82565307617188,174.56619262695312,58.913307189941406,0.5967880487442017,0.8301045894622803,0.6567096710205078,0.23913532495498657,0.5901232957839966,T015_035_015_035,0.011469516903162003,0.0030695716850459576,0.16799890995025635,0.0030695716850459576,0.05,518,51641,0.0403794490768175,0.0997549444437027,0.15000000596046448,0.15104344487190247,0.3499999940395355,0.11734963208436966,0.15000000596046448,0.22197523713111877,0.3499999940395355,frozen_mlp_surrogate_adjoint,900,900,900,700,58.80854249000549,58.80854249000549,0.06534282498889499
639,165.9527587890625,180.81851196289062,174.5745849609375,58.912574768066406,0.5968940854072571,0.8299722671508789,0.6567679047584534,0.2391217201948166,0.590256929397583,T015_035_015_035,0.01146957091987133,0.003075101412832737,0.16788938641548157,0.003075101412832737,0.05,264,50296,0.027155109582298186,0.09989716112613678,0.15000000596046448,0.1510087549686432,0.3499999940395355,0.11733562499284744,0.15000000596046448,0.2220153659582138,0.3499999940395355,frozen_mlp_surrogate_adjoint,900,900,900,700,58.80854249000549,58.80854249000549,0.06534282498889499
640,165.93658447265625,180.82672119140625,174.58645629882812,58.905696868896484,0.596781849861145,0.8301244974136353,0.6568503379821777,0.23899437487125397,0.590239942073822,T015_035_015_035,0.011469617486000061,0.0030744518153369427,0.16790330410003662,0.0030744518153369427,0.05,753,50305,0.04923462542610412,0.09969611465930939,0.15000000596046448,0.1510193645954132,0.3499999940395355,0.11731459200382233,0.15000000596046448,0.2222098708152771,0.3499999940395355,frozen_mlp_surrogate_adjoint,900,900,900,700,58.80854249000549,58.80854249000549,0.06534282498889499
641,165.94171142578125,180.82293701171875,174.57101440429688,58.91777420043945,0.5968174934387207,0.8300544023513794,0.6567431688308716,0.23921805620193481,0.590155303478241,T015_035_015_035,0.011469677090644836,0.003071043873205781,0.16797266900539398,0.003071043873205781,0.05,554,50192,0.0420755085010394,0.09979745745658875,0.15000000596046448,0.15102921426296234,0.3499999940395355,0.11732526123523712,0.15000000596046448,0.22200338542461395,0.3499999940395355,frozen_mlp_surrogate_adjoint,900,900,900,700,58.80854249000549,58.80854249000549,0.06534282498889499
642,165.91400146484375,180.8194580078125,174.5777130126953,58.914031982421875,0.5966249704360962,0.8299897909164429,0.6567896604537964,0.23914872109889984,0.5900790691375732,T015_035_015_035,0.011469769291579723,0.003068011486902833,0.16803516447544098,0.003068011486902833,0.05,136,51358,0.020043813306311928,0.09950491786003113,0.15000000596046448,0.15106083452701569,0.3499999940395355,0.1173316240310669,0.15000000596046448,0.22218167781829834,0.3499999940395355,frozen_mlp_surrogate_adjoint,900,900,900,700,58.80854249000549,58.80854249000549,0.06534282498889499
643,165.9661865234375,180.818603515625,174.51242065429688,58.909645080566406,0.5969874262809753,0.8299739956855774,0.6563363075256348,0.23906752467155457,0.5900421738624573,T015_035_015_035,0.011469777673482895,0.0030665076337754726,0.1680654138326645,0.0030665076337754726,0.05,254,50728,0.026328624813360877,0.10014228522777557,0.15000000596046448,0.15107016265392303,0.3499999940395355,0.11752818524837494,0.15000000596046448,0.22130155563354492,0.3499999940395355,frozen_mlp_surrogate_adjoint,900,900,900,700,58.80854249000549,58.80854249000549,0.06534282498889499
644,165.9182891845703,180.82638549804688,174.57635498046875,58.912559509277344,0.5966547727584839,0.8301182985305786,0.6567803025245667,0.23912149667739868,0.5900768041610718,T015_035_015_035,0.011470010504126549,0.0030681591015309095,0.1680370271205902,0.0030681591015309095,0.05,312,50104,0.030077827106174432,0.09954140335321426,0.15000000596046448,0.1510554403066635,0.3499999940395355,0.1173260360956192,0.15000000596046448,0.22215388715267181,0.3499999940395355,frozen_mlp_surrogate_adjoint,900,900,900,700,58.80854249000549,58.80854249000549,0.06534282498889499
645,165.851318359375,180.81973266601562,174.5482177734375,58.90784454345703,0.5961897373199463,0.8299952149391174,0.6565848588943481,0.23903417587280273,0.5896687507629395,T015_035_015_035,0.011470064520835876,0.003051477950066328,0.16837173700332642,0.003051477950066328,0.05,377,51158,0.033621814728638344,0.0989229753613472,0.15000000596046448,0.15119236707687378,0.3499999940395355,0.11745859682559967,0.15000000596046448,0.2220948040485382,0.3499999940395355,frozen_mlp_surrogate_adjoint,900,900,900,700,58.80854249000549,58.80854249000549,0.06534282498889499
646,165.92144775390625,180.81600952148438,174.56979370117188,58.9172248840332,0.596676766872406,0.8299261331558228,0.6567346453666687,0.23920784890651703,0.5900710821151733,T015_035_015_035,0.01147012785077095,0.0030680419877171516,0.16804172098636627,0.0030680419877171516,0.05,365,50501,0.03295269360479147,0.09960128366947174,0.15000000596046448,0.15105602145195007,0.3499999940395355,0.11735041439533234,0.15000000596046448,0.2220633625984192,0.3499999940395355,frozen_mlp_surrogate_adjoint,900,900,900,700,58.80854249000549,58.80854249000549,0.06534282498889499
647,165.92962646484375,180.80690002441406,174.565673828125,58.91570281982422,0.5967334508895874,0.8297574520111084,0.6567060351371765,0.23917964100837708,0.5901176929473877,T015_035_015_035,0.011470483615994453,0.0030703088268637657,0.16800349950790405,0.0030703088268637657,0.05,205,51622,0.023857410431667503,0.09969528019428253,0.15000000596046448,0.15104474127292633,0.3499999940395355,0.11738266050815582,0.15000000596046448,0.2219950258731842,0.3499999940395355,frozen_mlp_surrogate_adjoint,900,900,900,700,58.80854249000549,58.80854249000549,0.06534282498889499
648,165.93519592285156,180.81027221679688,174.54844665527344,58.91914367675781,0.5967721939086914,0.8298197388648987,0.6565864086151123,0.23924343287944794,0.5900406837463379,T015_035_015_035,0.011470582336187363,0.0030672503635287285,0.16806663572788239,0.0030672503635287285,0.05,442,51002,0.037158692175468314,0.09978528320789337,0.15000000596046448,0.15105843544006348,0.3499999940395355,0.11741628497838974,0.15000000596046448,0.2217806875705719,0.3499999940395355,frozen_mlp_surrogate_adjoint,900,900,900,700,58.80854249000549,58.80854249000549,0.06534282498889499
649,166.034912109375,180.8303985595703,174.7052001953125,58.92408752441406,0.5974646210670471,0.8301925659179688,0.6576749682426453,0.23933495581150055,0.5911822319030762,T015_035_015_035,0.01147058978676796,0.0031139920465648174,0.1671319603919983,0.0031139920465648174,0.05,271,51079,0.027420328783252245,0.10048545897006989,0.15000000596046448,0.15072408318519592,0.3499999940395355,0.11685739457607269,0.15000000596046448,0.2231152504682541,0.3499999940395355,frozen_mlp_surrogate_adjoint,900,900,900,700,58.80854249000549,58.80854249000549,0.06534282498889499
650,165.96661376953125,180.80902099609375,174.54598999023438,58.92388916015625,0.5969904065132141,0.8297966718673706,0.6565693020820618,0.23933130502700806,0.590160608291626,T015_035_015_035,0.011471039615571499,0.003072623163461685,0.16796833276748657,0.003072623163461685,0.05,662,50493,0.045549969493975516,0.10011199116706848,0.15000000596046448,0.1510125994682312,0.3499999940395355,0.11740212142467499,0.15000000596046448,0.2216339260339737,0.3499999940395355,frozen_mlp_surrogate_adjoint,900,900,900,700,58.80854249000549,58.80854249000549,0.06534282498889499
651,165.935302734375,180.8187255859375,174.42864990234375,58.90840148925781,0.5967729091644287,0.8299763202667236,0.655754566192627,0.23904450237751007,0.5894845724105835,T015_035_015_035,0.011473365128040314,0.0030472194775938988,0.168522909283638,0.0030472194775938988,0.05,502,50221,0.03974868983374012,0.09998074173927307,0.15000000596046448,0.15120264887809753,0.3499999940395355,0.11779765784740448,0.15000000596046448,0.22050350904464722,0.3499999940395355,frozen_mlp_surrogate_adjoint,900,900,900,700,58.80854249000549,58.80854249000549,0.06534282498889499
652,156.04443359375,174.81011962890625,116.68733215332031,86.87554168701172,0.5280863642692566,0.7187060117721558,0.25477316975593567,0.7569544911384583,0.6346255540847778,T015_035_015_035,0.011774376034736633,0.0050994521006941795,0.13349848985671997,0.0050994521006941795,0.05,279,50398,0.028279467959722554,0.13015353679656982,0.15000000596046448,0.2332131415605545,0.3499999940395355,0.0182713121175766,0.15000000596046448,0.2529875636100769,0.3499999940395355,frozen_mlp_surrogate_adjoint,900,900,900,700,58.80854249000549,58.80854249000549,0.06534282498889499
653,156.05511474609375,174.81192016601562,116.68534851074219,86.87312316894531,0.5281605124473572,0.7187392711639404,0.25475937128067017,0.7569096088409424,0.6346861124038696,T015_035_015_035,0.011774381622672081,0.005101669579744339,0.13345423340797424,0.005101669579744339,0.05,582,50776,0.042985939805921074,0.13029956817626953,0.15000000596046448,0.23317603766918182,0.3499999940395355,0.01827254891395569,0.15000000596046448,0.252937912940979,0.3499999940395355,frozen_mlp_surrogate_adjoint,900,900,900,700,58.80854249000549,58.80854249000549,0.06534282498889499
654,156.0503692626953,174.8107147216797,116.68427276611328,86.872314453125,0.5281275510787964,0.7187170386314392,0.25475189089775085,0.7568947076797485,0.6346481442451477,T015_035_015_035,0.011774387210607529,0.005100288428366184,0.1334819793701172,0.005100288428366184,0.05,453,51560,0.037464484551063215,0.1302523910999298,0.15000000596046448,0.2331966906785965,0.3499999940395355,0.01827389746904373,0.15000000596046448,0.25292515754699707,0.3499999940395355,frozen_mlp_surrogate_adjoint,900,900,900,700,58.80854249000549,58.80854249000549,0.06534282498889499
655,156.0534210205078,174.81301879882812,116.68496704101562,86.87403869628906,0.5281487703323364,0.7187597155570984,0.2547566890716553,0.7569267153739929,0.6346794366836548,T015_035_015_035,0.011774387210607529,0.00510143069550395,0.13345912098884583,0.00510143069550395,0.05,697,51581,0.047001880904437555,0.130271315574646,0.15000000596046448,0.23318493366241455,0.3499999940395355,0.018271006643772125,0.15000000596046448,0.2529521584510803,0.3499999940395355,frozen_mlp_surrogate_adjoint,900,900,900,700,58.80854249000549,58.80854249000549,0.06534282498889499
656,156.06094360351562,174.81439208984375,116.68533325195312,86.87355041503906,0.5282010436058044,0.7187850475311279,0.2547592222690582,0.7569175362586975,0.6347283124923706,T015_035_015_035,0.011774388141930103,0.005103217903524637,0.13342340290546417,0.005103217903524637,0.05,297,51618,0.02943982383739963,0.1303609013557434,0.15000000596046448,0.23315493762493134,0.3499999940395355,0.01827102154493332,0.15000000596046448,0.25294139981269836,0.3499999940395355,frozen_mlp_surrogate_adjoint,900,900,900,700,58.80854249000549,58.80854249000549,0.06534282498889499
657,156.05484008789062,174.81202697753906,116.68450927734375,86.87316131591797,0.5281586050987244,0.7187412977218628,0.25475355982780457,0.7569103837013245,0.6346864104270935,T015_035_015_035,0.011774388141930103,0.005101686809211969,0.13345402479171753,0.005101686809211969,0.05,598,50171,0.04343451947457938,0.13029992580413818,0.15000000596046448,0.23317891359329224,0.3499999940395355,0.018271952867507935,0.15000000596046448,0.25293561816215515,0.3499999940395355,frozen_mlp_surrogate_adjoint,900,900,900,700,58.80854249000549,58.80854249000549,0.06534282498889499
658,156.05499267578125,174.81317138671875,116.68382263183594,86.87232208251953,0.5281596779823303,0.7187623381614685,0.25474876165390015,0.7568948268890381,0.6346787810325623,T015_035_015_035,0.011774392798542976,0.00510141346603632,0.13345959782600403,0.00510141346603632,0.05,233,50599,0.0254966989912042,0.13030201196670532,0.15000000596046448,0.23318257927894592,0.3499999940395355,0.01827274262905121,0.15000000596046448,0.252921462059021,0.3499999940395355,frozen_mlp_surrogate_adjoint,900,900,900,700,58.80854249000549,58.80854249000549,0.06534282498889499
659,156.04782104492188,174.81106567382812,116.68376159667969,86.87373352050781,0.5281099081039429,0.7187234163284302,0.2547483444213867,0.7569209933280945,0.6346420049667358,T015_035_015_035,0.011774393729865551,0.005100070498883724,0.13348646461963654,0.005100070498883724,0.05,524,50141,0.040575945567189346,0.1302165985107422,0.15000000596046448,0.23320774734020233,0.3499999940395355,0.0182715505361557,0.15000000596046448,0.25294607877731323,0.3499999940395355,frozen_mlp_surrogate_adjoint,900,900,900,700,58.80854249000549,58.80854249000549,0.06534282498889499
660,156.04771423339844,174.81285095214844,116.68270111083984,86.87431335449219,0.5281091332435608,0.7187564969062805,0.25474098324775696,0.756931722164154,0.6346437931060791,T015_035_015_035,0.011774403974413872,0.005100146401673555,0.13348515331745148,0.005100146401673555,0.05,783,50402,0.0504543706466436,0.13020935654640198,0.15000000596046448,0.23321183025836945,0.3499999940395355,0.018270105123519897,0.15000000596046448,0.2529524564743042,0.3499999940395355,frozen_mlp_surrogate_adjoint,900,900,900,700,58.80854249000549,58.80854249000549,0.06534282498889499
661,156.05935668945312,174.81497192382812,116.68966674804688,86.87750244140625,0.5281899571418762,0.718795895576477,0.2547893524169922,0.7569908499717712,0.6347384452819824,T015_035_015_035,0.011774403974413872,0.005103604402393103,0.13341599702835083,0.005103604402393103,0.05,111,51550,0.01837676545506089,0.13030260801315308,0.15000000596046448,0.23315156996250153,0.3499999940395355,0.018267348408699036,0.15000000596046448,0.25301694869995117,0.3499999940395355,frozen_mlp_surrogate_adjoint,900,900,900,700,58.80854249000549,58.80854249000549,0.06534282498889499
662,156.05218505859375,174.81069946289062,116.68649291992188,86.87256622314453,0.528140127658844,0.718716561794281,0.2547672986984253,0.756899356842041,0.6346578001976013,T015_035_015_035,0.011774406768381596,0.00510066095739603,0.1334749162197113,0.00510066095739603,0.05,372,50692,0.033394610332121086,0.1302628219127655,0.15000000596046448,0.2331843227148056,0.3499999940395355,0.018274642527103424,0.15000000596046448,0.2529360353946686,0.3499999940395355,frozen_mlp_surrogate_adjoint,900,900,900,700,58.80854249000549,58.80854249000549,0.06534282498889499
663,156.0496063232422,174.80995178222656,116.67977905273438,86.86966705322266,0.5281222462654114,0.7187028527259827,0.25472065806388855,0.7568456530570984,0.6346324682235718,T015_035_015_035,0.01177440956234932,0.005099737551063299,0.13349343836307526,0.005099737551063299,0.05,193,50448,0.023462346685930332,0.13027840852737427,0.15000000596046448,0.23320907354354858,0.3499999940395355,0.018275417387485504,0.15000000596046448,0.252869576215744,0.3499999940395355,frozen_mlp_surrogate_adjoint,900,900,900,700,58.80854249000549,58.80854249000549,0.06534282498889499
664,156.0440673828125,174.80967712402344,116.68637084960938,86.875732421875,0.5280838012695312,0.7186977863311768,0.25476643443107605,0.7569580078125,0.6346280574798584,T015_035_015_035,0.011774414218962193,0.005099581088870764,0.13349665701389313,0.005099581088870764,0.05,146,50537,0.02049586451254349,0.13015583157539368,0.15000000596046448,0.23321551084518433,0.3499999940395355,0.01827021688222885,0.15000000596046448,0.25298649072647095,0.3499999940395355,frozen_mlp_surrogate_adjoint,900,900,900,700,58.80854249000549,58.80854249000549,0.06534282498889499
665,156.0372314453125,174.8096923828125,116.68675994873047,86.87617492675781,0.52803635597229,0.7186979055404663,0.2547691762447357,0.7569662928581238,0.6345785856246948,T015_035_015_035,0.011774415150284767,0.005097774788737297,0.1335328072309494,0.005097774788737297,0.05,126,50384,0.019495147936818225,0.13006404042243958,0.15000000596046448,0.23324403166770935,0.3499999940395355,0.018270686268806458,0.15000000596046448,0.252999871969223,0.3499999940395355,frozen_mlp_surrogate_adjoint,900,900,900,700,58.80854249000549,58.80854249000549,0.06534282498889499
666,156.06263732910156,174.81463623046875,116.68702697753906,86.87339782714844,0.5282127857208252,0.7187894582748413,0.25477099418640137,0.7569147944450378,0.6347346305847168,T015_035_015_035,0.011774417012929916,0.005103477276861668,0.13341878354549408,0.005103477276861668,0.05,137,50888,0.02007545044946263,0.13037273287773132,0.15000000596046448,0.23314577341079712,0.3499999940395355,0.018271826207637787,0.15000000596046448,0.25294432044029236,0.3499999940395355,frozen_mlp_surrogate_adjoint,900,900,900,700,58.80854249000549,58.80854249000549,0.06534282498889499
667,156.04150390625,174.8088836669922,116.68612670898438,86.87278747558594,0.5280659794807434,0.7186830639839172,0.25476476550102234,0.7569034695625305,0.6345833539962769,T015_035_015_035,0.011774428188800812,0.005097962450236082,0.13352932035923004,0.005097962450236082,0.05,723,50702,0.0477603483753088,0.13013547658920288,0.15000000596046448,0.23322755098342896,0.3499999940395355,0.01827538013458252,0.15000000596046448,0.2529449164867401,0.3499999940395355,frozen_mlp_surrogate_adjoint,900,900,900,700,58.80854249000549,58.80854249000549,0.06534282498889499
668,156.0420379638672,174.81190490722656,116.68411254882812,86.87480163574219,0.5280697345733643,0.7187390327453613,0.2547508180141449,0.7569407224655151,0.6346036195755005,T015_035_015_035,0.011774430051445961,0.005098704248666763,0.13351450860500336,0.005098704248666763,0.05,156,51331,0.02113106765113449,0.1301322728395462,0.15000000596046448,0.23323267698287964,0.3499999940395355,0.0182705819606781,0.15000000596046448,0.25296810269355774,0.3499999940395355,frozen_mlp_surrogate_adjoint,900,900,900,700,58.80854249000549,58.80854249000549,0.06534282498889499
669,164.04476928710938,179.05889892578125,173.2425079345703,60.81218338012695,0.5836442112922668,0.7973871827125549,0.6475174427032471,0.274299681186676,0.575186014175415,T015_035_015_035,0.011787507683038712,0.0027641619089990854,0.1804669201374054,0.0027641619089990854,0.05,677,51188,0.04618549603798865,0.09255173057317734,0.15000000596046448,0.1524120271205902,0.3499999940395355,0.1202114075422287,0.15000000596046448,0.2100108563899994,0.3499999940395355,frozen_mlp_surrogate_adjoint,900,900,900,700,58.80854249000549,58.80854249000549,0.06534282498889499
670,163.20111083984375,178.4626007080078,174.21173095703125,61.70067596435547,0.5777854323387146,0.7863445281982422,0.654248058795929,0.29075324535369873,0.5749598741531372,T015_035_015_035,0.011941831558942795,0.0029088747687637806,0.18065911531448364,0.0029088747687637806,0.05,354,50637,0.032533020622108375,0.08885252475738525,0.15000000596046448,0.15010160207748413,0.3499999940395355,0.11538264155387878,0.15000000596046448,0.22062310576438904,0.3499999940395355,frozen_mlp_surrogate_adjoint,900,900,900,700,58.80854249000549,58.80854249000549,0.06534282498889499
671,163.2078094482422,178.47421264648438,174.1726531982422,61.69512939453125,0.5778319835662842,0.7865596413612366,0.6539767384529114,0.2906505763530731,0.5748108625411987,T015_035_015_035,0.011941839940845966,0.0029025496914982796,0.18078580498695374,0.0029025496914982796,0.05,433,51248,0.03647265818208035,0.08889776468276978,0.15000000596046448,0.1501317322254181,0.3499999940395355,0.11553335189819336,0.15000000596046448,0.2202480137348175,0.3499999940395355,frozen_mlp_surrogate_adjoint,900,900,900,700,58.80854249000549,58.80854249000549,0.06534282498889499
672,163.2099151611328,178.4634552001953,174.23341369628906,61.70392608642578,0.5778466463088989,0.7863603830337524,0.6543986797332764,0.29081347584724426,0.5750447511672974,T015_035_015_035,0.011941940523684025,0.002912592375651002,0.18058696389198303,0.002912592375651002,0.05,851,50212,0.05313285484436027,0.08888258039951324,0.15000000596046448,0.15007010102272034,0.3499999940395355,0.115291066467762,0.15000000596046448,0.22080098092556,0.3499999940395355,frozen_mlp_surrogate_adjoint,900,900,900,700,58.80854249000549,58.80854249000549,0.06534282498889499
673,163.17050170898438,178.44277954101562,174.21612548828125,61.69855499267578,0.5775730013847351,0.7859774827957153,0.654278576374054,0.29071396589279175,0.5749852061271667,T015_035_015_035,0.011941993609070778,0.0029101150576025248,0.18063756823539734,0.0029101150576025248,0.05,674,50644,0.04602543810215118,0.0887189507484436,0.15000000596046448,0.1501302719116211,0.3499999940395355,0.11539319902658463,0.15000000596046448,0.22074279189109802,0.3499999940395355,frozen_mlp_surrogate_adjoint,900,900,900,700,58.80854249000549,58.80854249000549,0.06534282498889499
674,163.21841430664062,178.4569854736328,174.18838500976562,61.69417953491211,0.5779057145118713,0.7862403988838196,0.6540859341621399,0.290632963180542,0.574958860874176,T015_035_015_035,0.011942069977521896,0.0029090712778270245,0.1806599646806717,0.0029090712778270245,0.05,145,50932,0.020474674877670858,0.08904342353343964,0.15000000596046448,0.15007105469703674,0.3499999940395355,0.11549898982048035,0.15000000596046448,0.2203453779220581,0.3499999940395355,frozen_mlp_surrogate_adjoint,900,900,900,700,58.80854249000549,58.80854249000549,0.06534282498889499
675,163.19985961914062,178.440673828125,174.20274353027344,61.69434356689453,0.5777767896652222,0.7859383821487427,0.6541857123374939,0.29063597321510315,0.5750271677970886,T015_035_015_035,0.011942124925553799,0.002912029856815934,0.18060190975666046,0.002912029856815934,0.05,323,50604,0.03038572263744349,0.08896797895431519,0.15000000596046448,0.15007394552230835,0.3499999940395355,0.11546208709478378,0.15000000596046448,0.2205231487751007,0.3499999940395355,frozen_mlp_surrogate_adjoint,900,900,900,700,58.80854249000549,58.80854249000549,0.06534282498889499
676,163.2227783203125,178.46913146972656,174.1419677734375,61.68842315673828,0.5779359936714172,0.7864653468132019,0.6537637114524841,0.2905263602733612,0.5747759342193604,T015_035_015_035,0.011942227371037006,0.0029014514293521643,0.18081550300121307,0.0029014514293521643,0.05,298,51614,0.02944695941427767,0.0890800952911377,0.15000000596046448,0.15011227130889893,0.3499999940395355,0.11567694693803787,0.15000000596046448,0.21990664303302765,0.3499999940395355,frozen_mlp_surrogate_adjoint,900,900,900,700,58.80854249000549,58.80854249000549,0.06534282498889499
677,163.23928833007812,178.44891357421875,174.1798095703125,61.69231414794922,0.5780505537986755,0.786091148853302,0.6540265083312988,0.29059842228889465,0.5750105381011963,T015_035_015_035,0.01194224413484335,0.002911441959440708,0.18061603605747223,0.002911441959440708,0.05,495,50944,0.03947279237231233,0.08925580978393555,0.15000000596046448,0.150021031498909,0.3499999940395355,0.11554859578609467,0.15000000596046448,0.2201850861310959,0.3499999940395355,frozen_mlp_surrogate_adjoint,900,900,900,700,58.80854249000549,58.80854249000549,0.06534282498889499
678,163.18560791015625,178.44679260253906,174.22195434570312,61.704071044921875,0.5776779055595398,0.7860518097877502,0.6543191075325012,0.2908160984516144,0.5749962329864502,T015_035_015_035,0.01194237731397152,0.0029109669849276543,0.1806281954050064,0.0029109669849276543,0.05,596,50600,0.0434007981202533,0.08880084753036499,0.15000000596046448,0.1500999927520752,0.3499999940395355,0.11535227298736572,0.15000000596046448,0.2207430899143219,0.3499999940395355,frozen_mlp_surrogate_adjoint,900,900,900,700,58.80854249000549,58.80854249000549,0.06534282498889499
679,163.1981964111328,178.4601287841797,174.16104125976562,61.68425750732422,0.5777652263641357,0.7862986326217651,0.6538960933685303,0.2904491722583771,0.5748405456542969,T015_035_015_035,0.011942598968744278,0.0029045711271464825,0.18076056241989136,0.0029045711271464825,0.05,780,51498,0.050389010693007406,0.08890605717897415,0.15000000596046448,0.15013247728347778,0.3499999940395355,0.11562693119049072,0.15000000596046448,0.22017508745193481,0.3499999940395355,frozen_mlp_surrogate_adjoint,900,900,900,700,58.80854249000549,58.80854249000549,0.06534282498889499
680,163.2060089111328,178.47027587890625,174.22412109375,61.69467544555664,0.5778195261955261,0.7864866256713867,0.6543342471122742,0.2906421422958374,0.5750157833099365,T015_035_015_035,0.011942638084292412,0.0029120584949851036,0.18061158061027527,0.0029120584949851036,0.05,769,51575,0.04988739859091781,0.08881917595863342,0.15000000596046448,0.15008991956710815,0.3499999940395355,0.11534661799669266,0.15000000596046448,0.2207600474357605,0.3499999940395355,frozen_mlp_surrogate_adjoint,900,900,900,700,58.80854249000549,58.80854249000549,0.06534282498889499
681,163.26463317871094,178.46853637695312,174.1633758544922,61.688514709472656,0.578226625919342,0.7864543199539185,0.6539123058319092,0.2905280888080597,0.574953556060791,T015_035_015_035,0.011942674405872822,0.0029094500932842493,0.18066447973251343,0.0029094500932842493,0.05,755,50894,0.049286884978611986,0.08936306834220886,0.15000000596046448,0.1500084549188614,0.3499999940395355,0.11560157686471939,0.15000000596046448,0.21998044848442078,0.3499999940395355,frozen_mlp_surrogate_adjoint,900,900,900,700,58.80854249000549,58.80854249000549,0.06534282498889499
682,163.14022827148438,178.427734375,174.26824951171875,61.694923400878906,0.5773627161979675,0.785698652267456,0.6546405553817749,0.2906467616558075,0.5751799941062927,T015_035_015_035,0.011943547986447811,0.002919945865869522,0.18047203123569489,0.002919945865869522,0.05,575,51571,0.04270097644503336,0.08848041296005249,0.15000000596046448,0.15012821555137634,0.3499999940395355,0.11522436141967773,0.15000000596046448,0.22134700417518616,0.3499999940395355,frozen_mlp_surrogate_adjoint,900,900,900,700,58.80854249000549,58.80854249000549,0.06534282498889499
683,162.87942504882812,177.94097900390625,174.29730224609375,61.61689758300781,0.5755516290664673,0.7766847610473633,0.6548423171043396,0.2892017662525177,0.5767084956169128,T015_035_015_035,0.011946186423301697,0.002987400395795703,0.1791757047176361,0.002987400395795703,0.05,292,51444,0.029190301068817568,0.08908240497112274,0.15000000596046448,0.14985769987106323,0.3499999940395355,0.11589561402797699,0.15000000596046448,0.22187276184558868,0.3499999940395355,frozen_mlp_surrogate_adjoint,900,900,900,700,58.80854249000549,58.80854249000549,0.06534282498889499
684,162.86773681640625,177.9466094970703,174.2871856689453,61.61498260498047,0.5754703283309937,0.7767890095710754,0.6547721028327942,0.28916633129119873,0.5766348838806152,T015_035_015_035,0.011946208775043488,0.002984307473525405,0.17923802137374878,0.002984307473525405,0.05,684,50554,0.04636991373828416,0.08897390961647034,0.15000000596046448,0.14989754557609558,0.3499999940395355,0.11593285948038101,0.15000000596046448,0.2218305617570877,0.3499999940395355,frozen_mlp_surrogate_adjoint,900,900,900,700,58.80854249000549,58.80854249000549,0.06534282498889499
685,162.8802032470703,177.95797729492188,174.30316162109375,61.61866760253906,0.5755569934844971,0.7769996523857117,0.654883086681366,0.28923454880714417,0.5766801834106445,T015_035_015_035,0.011946233920753002,0.00298625067807734,0.17919966578483582,0.00298625067807734,0.05,827,50917,0.05227670305093672,0.08897419273853302,0.15000000596046448,0.14988160133361816,0.3499999940395355,0.11585384607315063,0.15000000596046448,0.22197052836418152,0.3499999940395355,frozen_mlp_surrogate_adjoint,900,900,900,700,58.80854249000549,58.80854249000549,0.06534282498889499
686,162.88247680664062,177.9431610107422,174.29373168945312,61.615745544433594,0.5755727291107178,0.776725172996521,0.6548176407814026,0.2891804873943329,0.5767002701759338,T015_035_015_035,0.011946253478527069,0.0029871198348701,0.17918266355991364,0.0029871198348701,0.05,618,50503,0.04395598238074247,0.08909547328948975,0.15000000596046448,0.14985688030719757,0.3499999940395355,0.11591079086065292,0.15000000596046448,0.2218371331691742,0.3499999940395355,frozen_mlp_surrogate_adjoint,900,900,900,700,58.80854249000549,58.80854249000549,0.06534282498889499
687,162.88279724121094,177.9466552734375,174.30101013183594,61.61864471435547,0.5755749940872192,0.7767898440361023,0.6548681259155273,0.28923413157463074,0.5767061710357666,T015_035_015_035,0.011946341022849083,0.002987456973642111,0.1791776716709137,0.002987456973642111,0.05,854,50297,0.05325974912945097,0.08906577527523041,0.15000000596046448,0.14985758066177368,0.3499999940395355,0.11587243527173996,0.15000000596046448,0.22191037237644196,0.3499999940395355,frozen_mlp_surrogate_adjoint,900,900,900,700,58.80854249000549,58.80854249000549,0.06534282498889499
688,162.89053344726562,177.9928741455078,174.27500915527344,61.61449432373047,0.5756287574768066,0.7776458859443665,0.6546875834465027,0.28915730118751526,0.5765170454978943,T015_035_015_035,0.011946345679461956,0.0029794543515890837,0.17933781445026398,0.0029794543515890837,0.05,882,51494,0.05434259140753057,0.08887162804603577,0.15000000596046448,0.149936705827713,0.3499999940395355,0.11594235152006149,0.15000000596046448,0.22176635265350342,0.3499999940395355,frozen_mlp_surrogate_adjoint,900,900,900,700,58.80854249000549,58.80854249000549,0.06534282498889499
689,163.5703887939453,178.72117614746094,172.89305114746094,50.02888488769531,0.5803499221801758,0.791132926940918,0.645090639591217,0.07460899651050568,0.5239353775978088,T015_035_015_035,0.011954806745052338,0.0006229300634004176,0.22663752734661102,0.0006229300634004176,0.05,469,51556,0.03814764571742076,0.0830376073718071,0.15000000596046448,0.16127701103687286,0.3499999940395355,0.0905773937702179,0.15000000596046448,0.18904335796833038,0.3499999940395355,frozen_mlp_surrogate_adjoint,900,900,900,700,58.80854249000549,58.80854249000549,0.06534282498889499
690,163.56556701660156,178.72271728515625,172.9008026123047,50.03211212158203,0.580316424369812,0.7911613583564758,0.6451444625854492,0.07466873526573181,0.5239691734313965,T015_035_015_035,0.01195485983043909,0.0006245924159884453,0.2266053408384323,0.0006245924159884453,0.05,435,51640,0.03662182331044168,0.08298301696777344,0.15000000596046448,0.16125717759132385,0.3499999940395355,0.09058220684528351,0.15000000596046448,0.1891467571258545,0.3499999940395355,frozen_mlp_surrogate_adjoint,900,900,900,700,58.80854249000549,58.80854249000549,0.06534282498889499
691,163.5648193359375,178.71865844726562,172.8896026611328,50.02914047241211,0.5803112983703613,0.7910861372947693,0.6450666785240173,0.07461372017860413,0.5239139199256897,T015_035_015_035,0.011954864487051964,0.0006219660281203687,0.2266579568386078,0.0006219660281203687,0.05,659,50999,0.04542378929961104,0.08300673216581345,0.15000000596046448,0.16129493713378906,0.3499999940395355,0.09059223532676697,0.15000000596046448,0.18902002274990082,0.3499999940395355,frozen_mlp_surrogate_adjoint,900,900,900,700,58.80854249000549,58.80854249000549,0.06534282498889499
692,163.58584594726562,178.7241973876953,172.89669799804688,50.027732849121094,0.5804572701454163,0.7911888360977173,0.6451160311698914,0.07458765059709549,0.5239801406860352,T015_035_015_035,0.01195487380027771,0.0006251276354305446,0.22659491002559662,0.0006251276354305446,0.05,283,50834,0.028773672027679463,0.08315409719944,0.15000000596046448,0.1612357795238495,0.3499999940395355,0.09055415540933609,0.15000000596046448,0.18903608620166779,0.3499999940395355,frozen_mlp_surrogate_adjoint,900,900,900,700,58.80854249000549,58.80854249000549,0.06534282498889499
693,163.59471130371094,178.722900390625,172.85638427734375,50.01472854614258,0.5805188417434692,0.7911648750305176,0.6448360681533813,0.07434683293104172,0.5237452983856201,T015_035_015_035,0.011955025605857372,0.0006140982150100172,0.22681854665279388,0.0006140982150100172,0.05,69,50361,0.015338734633819183,0.0832652747631073,0.15000000596046448,0.1613888442516327,0.3499999940395355,0.09055300056934357,0.15000000596046448,0.18853819370269775,0.3499999940395355,frozen_mlp_surrogate_adjoint,900,900,900,700,58.80854249000549,58.80854249000549,0.06534282498889499
694,163.60072326660156,178.72470092773438,172.88796997070312,50.01994705200195,0.580560564994812,0.7911982536315918,0.64505535364151,0.07444343715906143,0.5239335298538208,T015_035_015_035,0.011955028399825096,0.0006230645230971277,0.2266392856836319,0.0006230645230971277,0.05,317,50019,0.030254325183164083,0.08327855914831161,0.15000000596046448,0.1612495630979538,0.3499999940395355,0.09051040560007095,0.15000000596046448,0.18889501690864563,0.3499999940395355,frozen_mlp_surrogate_adjoint,900,900,900,700,58.80854249000549,58.80854249000549,0.06534282498889499
695,154.7009735107422,171.76177978515625,170.0513916015625,46.263370513916016,0.5187567472457886,0.6622551083564758,0.6253568530082703,0.004877263680100441,0.5148876309394836,T015_035_015_035,0.011987179517745972,0.00022047897800803185,0.23533400893211365,0.00022047897800803185,0.05,648,51111,0.04500971930034912,0.08321170508861542,0.15000000596046448,0.16808155179023743,0.3499999940395355,0.07630650699138641,0.15000000596046448,0.18728786706924438,0.3499999940395355,frozen_mlp_surrogate_adjoint,900,900,900,700,58.80854249000549,58.80854249000549,0.06534282498889499
696,154.67529296875,171.7575225830078,170.05467224121094,46.26662063598633,0.5185784101486206,0.6621763706207275,0.6253796815872192,0.004937444347888231,0.5149368047714233,T015_035_015_035,0.011987191624939442,0.00022287573665380478,0.23528631031513214,0.00022287573665380478,0.05,829,50065,0.05248087153970578,0.08316778391599655,0.15000000596046448,0.16803330183029175,0.3499999940395355,0.07631759345531464,0.15000000596046448,0.18741807341575623,0.3499999940395355,frozen_mlp_surrogate_adjoint,900,900,900,700,58.80854249000549,58.80854249000549,0.06534282498889499
697,154.70150756835938,171.76284790039062,170.04718017578125,46.262935638427734,0.5187604427337646,0.6622750163078308,0.6253276467323303,0.004869147669523954,0.5148602724075317,T015_035_015_035,0.011987191624939442,0.0002191640087403357,0.2353605479001999,0.0002191640087403357,0.05,232,51453,0.025460584511676664,0.08320235460996628,0.15000000596046448,0.16810238361358643,0.3499999940395355,0.07631898671388626,0.15000000596046448,0.18723654747009277,0.3499999940395355,frozen_mlp_surrogate_adjoint,900,900,900,700,58.80854249000549,58.80854249000549,0.06534282498889499
698,154.7057342529297,171.76536560058594,170.05340576171875,46.25730514526367,0.5187898278236389,0.6623216271400452,0.6253709197044373,0.004764942917972803,0.5148879885673523,T015_035_015_035,0.01198719721287489,0.00022051355335861444,0.2353336662054062,0.00022051355335861444,0.05,722,51144,0.04775187412120513,0.08318403363227844,0.15000000596046448,0.16809400916099548,0.3499999940395355,0.0762786865234375,0.15000000596046448,0.18733125925064087,0.3499999940395355,frozen_mlp_surrogate_adjoint,900,900,900,700,58.80854249000549,58.80854249000549,0.06534282498889499
699,154.71200561523438,171.7664337158203,170.0517578125,46.257083892822266,0.5188333988189697,0.6623413562774658,0.6253593564033508,0.004760785959661007,0.5148705244064331,T015_035_015_035,0.011987201869487762,0.000219671506783925,0.2353506088256836,0.000219671506783925,0.05,315,50436,0.030170442299642223,0.08319510519504547,0.15000000596046448,0.16810870170593262,0.3499999940395355,0.07628093659877777,0.15000000596046448,0.18728581070899963,0.3499999940395355,frozen_mlp_surrogate_adjoint,900,900,900,700,58.80854249000549,58.80854249000549,0.06534282498889499
700,154.71273803710938,171.76565551757812,170.05084228515625,46.25642013549805,0.5188384056091309,0.6623270511627197,0.6253530383110046,0.004748486448079348,0.5148677825927734,T015_035_015_035,0.011987217701971531,0.00021955445117782801,0.2353532612323761,0.00021955445117782801,0.05,787,50390,0.050562392107602626,0.08320651203393936,0.15000000596046448,0.16811060905456543,0.3499999940395355,0.0762799084186554,0.15000000596046448,0.18727073073387146,0.3499999940395355,frozen_mlp_surrogate_adjoint,900,900,900,700,58.80854249000549,58.80854249000549,0.06534282498889499
701,154.72329711914062,171.76991271972656,170.0557861328125,46.25007247924805,0.5189118385314941,0.6624057292938232,0.62538743019104,0.004630973096936941,0.514878511428833,T015_035_015_035,0.01198722142726183,0.0002200776943936944,0.2353428602218628,0.0002200776943936944,0.05,285,51104,0.028873614291214145,0.08319132030010223,0.15000000596046448,0.16811831295490265,0.3499999940395355,0.0762394517660141,0.15000000596046448,0.18732938170433044,0.3499999940395355,frozen_mlp_surrogate_adjoint,900,900,900,700,58.80854249000549,58.80854249000549,0.06534282498889499
702,154.801513671875,171.80474853515625,170.0679473876953,46.1970100402832,0.5194548964500427,0.6630510687828064,0.625471830368042,0.0036483537405729294,0.5148117542266846,T015_035_015_035,0.01198754832148552,0.00021716704941354692,0.23540763556957245,0.00021716704941354692,0.05,583,50465,0.04299422543748746,0.0830446183681488,0.15000000596046448,0.16828659176826477,0.3499999940395355,0.07599782943725586,0.15000000596046448,0.18748271465301514,0.3499999940395355,frozen_mlp_surrogate_adjoint,900,900,900,700,58.80854249000549,58.80854249000549,0.06534282498889499
703,154.83473205566406,171.80987548828125,170.06246948242188,46.192420959472656,0.5196856260299683,0.6631457209587097,0.6254338026046753,0.0035633654333651066,0.5147427320480347,T015_035_015_035,0.011987556703388691,0.0002138258860213682,0.2354746162891388,0.0002138258860213682,0.05,812,50899,0.05160467863285731,0.08310608565807343,0.15000000596046448,0.16835269331932068,0.3499999940395355,0.0759853720664978,0.15000000596046448,0.18729856610298157,0.3499999940395355,frozen_mlp_surrogate_adjoint,900,900,900,700,58.80854249000549,58.80854249000549,0.06534282498889499
704,159.1480712890625,173.6754608154297,171.99319458007812,48.585906982421875,0.5496394038200378,0.6976936459541321,0.6388415694236755,0.04788718745112419,0.519879937171936,T015_035_015_035,0.01200021430850029,0.0004744498000945896,0.2305152714252472,0.0004744498000945896,0.05,499,50853,0.03968369312862345,0.08466412872076035,0.15000000596046448,0.1623860001564026,0.3499999940395355,0.08546169102191925,0.15000000596046448,0.18736806511878967,0.3499999940395355,frozen_mlp_surrogate_adjoint,900,900,900,700,58.80854249000549,58.80854249000549,0.06534282498889499
705,159.13641357421875,173.6696319580078,171.99049377441406,48.58501052856445,0.5495584607124329,0.6975857019424438,0.6388228535652161,0.04787059128284454,0.5198777914047241,T015_035_015_035,0.01200021430850029,0.00047434790758416057,0.23051732778549194,0.00047434790758416057,0.05,291,50035,0.029155364331848982,0.08466320484876633,0.15000000596046448,0.16238734126091003,0.3499999940395355,0.08545935153961182,0.15000000596046448,0.18736785650253296,0.3499999940395355,frozen_mlp_surrogate_adjoint,900,900,900,700,58.80854249000549,58.80854249000549,0.06534282498889499
706,159.14578247070312,173.67428588867188,171.99270629882812,48.58563232421875,0.5496234893798828,0.6976719498634338,0.6388382315635681,0.0478820875287056,0.5198792219161987,T015_035_015_035,0.01200021430850029,0.0004744164471048862,0.2305159568786621,0.0004744164471048862,0.05,510,50440,0.04013179044223234,0.08466397970914841,0.15000000596046448,0.16238638758659363,0.3499999940395355,0.08546020090579987,0.15000000596046448,0.18736860156059265,0.3499999940395355,frozen_mlp_surrogate_adjoint,900,900,900,700,58.80854249000549,58.80854249000549,0.06534282498889499
707,159.13772583007812,173.67025756835938,171.99081420898438,48.585235595703125,0.5495675206184387,0.6975972056388855,0.6388251185417175,0.04787476733326912,0.5198792219161987,T015_035_015_035,0.01200021430850029,0.0004744169709738344,0.2305159568786621,0.0004744169709738344,0.05,125,50393,0.019409013875617852,0.08466413617134094,0.15000000596046448,0.16238641738891602,0.3499999940395355,0.0854606181383133,0.15000000596046448,0.1873680055141449,0.3499999940395355,frozen_mlp_surrogate_adjoint,900,900,900,700,58.80854249000549,58.80854249000549,0.06534282498889499
708,159.1417694091797,173.6724853515625,171.9918212890625,48.58607482910156,0.5495955944061279,0.6976386308670044,0.638832151889801,0.047890253365039825,0.5198825597763062,T015_035_015_035,0.012000215239822865,0.00047457817709073424,0.23051275312900543,0.00047457817709073424,0.05,856,50869,0.05332099981432465,0.08466319739818573,0.15000000596046448,0.1623843014240265,0.3499999940395355,0.08546595275402069,0.15000000596046448,0.18736907839775085,0.3499999940395355,frozen_mlp_surrogate_adjoint,900,900,900,700,58.80854249000549,58.80854249000549,0.06534282498889499
709,159.1376953125,173.67015075683594,171.99075317382812,48.58485412597656,0.5495672821998596,0.6975953578948975,0.6388246417045593,0.047867659479379654,0.5198768377304077,T015_035_015_035,0.012000215239822865,0.0004743024765048176,0.23051825165748596,0.0004743024765048176,0.05,452,50622,0.037446945883096355,0.08466403931379318,0.15000000596046448,0.1623879373073578,0.3499999940395355,0.08545741438865662,0.15000000596046448,0.18736740946769714,0.3499999940395355,frozen_mlp_surrogate_adjoint,900,900,900,700,58.80854249000549,58.80854249000549,0.06534282498889499
710,159.14768981933594,173.67523193359375,171.9930419921875,48.58551025390625,0.549636721611023,0.6976893544197083,0.6388404965400696,0.047879818826913834,0.5198771953582764,T015_035_015_035,0.012000215239822865,0.0004743198223877698,0.2305179089307785,0.0004743198223877698,0.05,643,50515,0.0448375275878304,0.08466344326734543,0.15000000596046448,0.16238772869110107,0.3499999940395355,0.08545859158039093,0.15000000596046448,0.18736740946769714,0.3499999940395355,frozen_mlp_surrogate_adjoint,900,900,900,700,58.80854249000549,58.80854249000549,0.06534282498889499
711,159.15274047851562,173.67779541015625,171.99423217773438,48.58595657348633,0.5496717691421509,0.697736918926239,0.6388488411903381,0.04788806661963463,0.5198783874511719,T015_035_015_035,0.012000215239822865,0.0004743769532069564,0.23051676154136658,0.0004743769532069564,0.05,764,50486,0.04956244599540175,0.08466345071792603,0.15000000596046448,0.162386953830719,0.3499999940395355,0.08546002954244614,0.15000000596046448,0.18736791610717773,0.3499999940395355,frozen_mlp_surrogate_adjoint,900,900,900,700,58.80854249000549,58.80854249000549,0.06534282498889499
712,159.1630859375,173.68289184570312,171.9966583251953,48.58651351928711,0.5497435927391052,0.6978312134742737,0.6388657093048096,0.047898389399051666,0.5198793411254883,T015_035_015_035,0.012000215239822865,0.000474422296974808,0.23051585257053375,0.000474422296974808,0.05,289,51644,0.02899889355683758,0.08466459810733795,0.15000000596046448,0.16238629817962646,0.3499999940395355,0.08545985817909241,0.15000000596046448,0.18736854195594788,0.3499999940395355,frozen_mlp_surrogate_adjoint,900,900,900,700,58.80854249000549,58.80854249000549,0.06534282498889499
713,159.13880920410156,173.67080688476562,171.99114990234375,48.58538818359375,0.5495750904083252,0.6976075768470764,0.638827383518219,0.04787754639983177,0.5198801755905151,T015_035_015_035,0.012000215239822865,0.00047446246026083827,0.23051504790782928,0.00047446246026083827,0.05,725,51312,0.04779786492371142,0.08466421812772751,0.15000000596046448,0.1623857617378235,0.3499999940395355,0.08546122908592224,0.15000000596046448,0.18736892938613892,0.3499999940395355,frozen_mlp_surrogate_adjoint,900,900,900,700,58.80854249000549,58.80854249000549,0.06534282498889499
714,159.16497802734375,173.68392944335938,171.99700927734375,48.586517333984375,0.5497567653656006,0.6978505253791809,0.6388680934906006,0.047898463904857635,0.519877552986145,T015_035_015_035,0.01200021617114544,0.0004743376630358398,0.23051756620407104,0.0004743376630358398,0.05,744,50411,0.0486111707720815,0.0846630185842514,0.15000000596046448,0.16238749027252197,0.3499999940395355,0.0854593887925148,0.15000000596046448,0.18736761808395386,0.3499999940395355,frozen_mlp_surrogate_adjoint,900,900,900,700,58.80854249000549,58.80854249000549,0.06534282498889499
715,159.18411254882812,173.6935272216797,172.00143432617188,48.58765411376953,0.5498897433280945,0.6980282068252563,0.6388987898826599,0.047919515520334244,0.5198785066604614,T015_035_015_035,0.012000217102468014,0.0004743851604871452,0.23051664233207703,0.0004743851604871452,0.05,728,51693,0.047996953215697344,0.08466319739818573,0.15000000596046448,0.16238683462142944,0.3499999940395355,0.08546034246683121,0.15000000596046448,0.18736809492111206,0.3499999940395355,frozen_mlp_surrogate_adjoint,900,900,900,700,58.80854249000549,58.80854249000549,0.06534282498889499
716,159.20059204101562,173.70175170898438,172.0051727294922,48.588436126708984,0.5500041842460632,0.6981804370880127,0.6389248371124268,0.047934018075466156,0.5198779106140137,T015_035_015_035,0.012000218033790588,0.0004743575118482113,0.2305172234773636,0.0004743575118482113,0.05,277,50892,0.028068291787593833,0.08466323465108871,0.15000000596046448,0.1623871922492981,0.3499999940395355,0.0854596197605133,0.15000000596046448,0.18736782670021057,0.3499999940395355,frozen_mlp_surrogate_adjoint,900,900,900,700,58.80854249000549,58.80854249000549,0.06534282498889499
717,159.1834716796875,173.69309997558594,172.001220703125,48.587406158447266,0.5498852729797363,0.6980204582214355,0.6388974189758301,0.04791494831442833,0.5198774337768555,T015_035_015_035,0.012000218033790588,0.00047433353029191494,0.2305176854133606,0.00047433353029191494,0.05,825,50156,0.05212456242652298,0.08466383069753647,0.15000000596046448,0.16238752007484436,0.3499999940395355,0.08545856177806854,0.15000000596046448,0.18736746907234192,0.3499999940395355,frozen_mlp_surrogate_adjoint,900,900,900,700,58.80854249000549,58.80854249000549,0.06534282498889499
718,159.20266723632812,173.7027587890625,172.00567626953125,48.58863830566406,0.5500185489654541,0.6981993317604065,0.638928234577179,0.04793776199221611,0.5198787450790405,T015_035_015_035,0.012000218965113163,0.00047439782065339386,0.23051641881465912,0.00047439782065339386,0.05,360,50439,0.03262532840350546,0.08466373383998871,0.15000000596046448,0.16238665580749512,0.3499999940395355,0.085460364818573,0.15000000596046448,0.18736794590950012,0.3499999940395355,frozen_mlp_surrogate_adjoint,900,900,900,700,58.80854249000549,58.80854249000549,0.06534282498889499
719,159.25634765625,173.72962951660156,172.01788330078125,48.591163635253906,0.5503913164138794,0.6986967921257019,0.6390130519866943,0.04798447713255882,0.5198761224746704,T015_035_015_035,0.012000220827758312,0.00047427433310076594,0.23051893711090088,0.00047427433310076594,0.05,240,50839,0.025864902244840397,0.08466266095638275,0.15000000596046448,0.16238829493522644,0.3499999940395355,0.08545783162117004,0.15000000596046448,0.1873672902584076,0.3499999940395355,frozen_mlp_surrogate_adjoint,900,900,900,700,58.80854249000549,58.80854249000549,0.06534282498889499
720,159.251953125,173.7273406982422,172.0168914794922,48.59096145629883,0.5503607988357544,0.6986545324325562,0.6390061974525452,0.04798074811697006,0.5198769569396973,T015_035_015_035,0.012000221759080887,0.0004743156023323536,0.2305181324481964,0.0004743156023323536,0.05,768,51730,0.049846735765667304,0.08466387540102005,0.15000000596046448,0.16238772869110107,0.3499999940395355,0.08545797318220139,0.15000000596046448,0.18736734986305237,0.3499999940395355,frozen_mlp_surrogate_adjoint,900,900,900,700,58.80854249000549,58.80854249000549,0.06534282498889499
721,159.27871704101562,173.74082946777344,172.0229949951172,48.59235382080078,0.5505467057228088,0.6989041566848755,0.6390485763549805,0.0480065792798996,0.5198761224746704,T015_035_015_035,0.012000222690403461,0.0004742759629152715,0.23051893711090088,0.0004742759629152715,0.05,862,50616,0.053588321457154565,0.08466263115406036,0.15000000596046448,0.16238826513290405,0.3499999940395355,0.08545789867639542,0.15000000596046448,0.1873672902584076,0.3499999940395355,frozen_mlp_surrogate_adjoint,900,900,900,700,58.80854249000549,58.80854249000549,0.06534282498889499
722,159.26959228515625,173.73629760742188,172.02093505859375,48.591957092285156,0.5504833459854126,0.6988202929496765,0.6390342116355896,0.04799921065568924,0.5198765397071838,T015_035_015_035,0.012000223621726036,0.0004742966266348958,0.23051853477954865,0.0004742966266348958,0.05,466,50017,0.0380491041451814,0.08466240018606186,0.15000000596046448,0.16238799691200256,0.3499999940395355,0.08545862138271332,0.15000000596046448,0.1873674988746643,0.3499999940395355,frozen_mlp_surrogate_adjoint,900,900,900,700,58.80854249000549,58.80854249000549,0.06534282498889499
723,159.3070526123047,173.75498962402344,172.0294952392578,48.59390640258789,0.5507434010505676,0.6991665363311768,0.6390936970710754,0.048035286366939545,0.5198765993118286,T015_035_015_035,0.012000223621726036,0.000474299187771976,0.23051847517490387,0.000474299187771976,0.05,553,51396,0.04189712967916908,0.08466283977031708,0.15000000596046448,0.16238795220851898,0.3499999940395355,0.08545835316181183,0.15000000596046448,0.18736740946769714,0.3499999940395355,frozen_mlp_surrogate_adjoint,900,900,900,700,58.80854249000549,58.80854249000549,0.06534282498889499
724,159.22122192382812,173.71237182617188,172.01806640625,48.59221267700195,0.5501474142074585,0.6983773112297058,0.6390143036842346,0.04800395295023918,0.5199348330497742,T015_035_015_035,0.012000231072306633,0.00047710241051390767,0.23046256601810455,0.00047710241051390767,0.05,380,51198,0.03367273565559351,0.0846673920750618,0.15000000596046448,0.16234466433525085,0.3499999940395355,0.08545883744955063,0.15000000596046448,0.1874639242887497,0.3499999940395355,frozen_mlp_surrogate_adjoint,900,900,900,700,58.80854249000549,58.80854249000549,0.06534282498889499
725,159.35943603515625,173.79278564453125,172.05712890625,48.6215705871582,0.5511071681976318,0.6998663544654846,0.6392855644226074,0.048547595739364624,0.5200493931770325,T015_035_015_035,0.012000304646790028,0.0004826760559808463,0.23035258054733276,0.0004826760559808463,0.05,639,50821,0.044668612031983995,0.08458498865365982,0.15000000596046448,0.16226930916309357,0.3499999940395355,0.08563786745071411,0.15000000596046448,0.18755722045898438,0.3499999940395355,frozen_mlp_surrogate_adjoint,900,900,900,700,58.80854249000549,58.80854249000549,0.06534282498889499
726,155.7109832763672,172.7208251953125,123.22529602050781,83.13325500488281,0.5257707238197327,0.6800154447555542,0.3001756966114044,0.6876529455184937,0.6019322276115417,T015_035_015_035,0.012036513537168503,0.004113615490496159,0.158457949757576,0.004113615490496159,0.05,805,50942,0.05131050442588604,0.12119853496551514,0.15000000596046448,0.2236647754907608,0.3499999940395355,0.024328235536813736,0.15000000596046448,0.23274068534374237,0.3499999940395355,frozen_mlp_surrogate_adjoint,900,900,900,700,58.80854249000549,58.80854249000549,0.06534282498889499
727,155.70645141601562,172.7235107421875,123.2363052368164,83.10591888427734,0.5257392525672913,0.6800649166107178,0.30025210976600647,0.6871466636657715,0.6017434597015381,T015_035_015_035,0.012036744505167007,0.004106330219656229,0.15860827267169952,0.004106330219656229,0.05,481,51579,0.03880436854387685,0.12131558358669281,0.15000000596046448,0.22363340854644775,0.3499999940395355,0.02439270168542862,0.15000000596046448,0.23240172863006592,0.3499999940395355,frozen_mlp_surrogate_adjoint,900,900,900,700,58.80854249000549,58.80854249000549,0.06534282498889499
728,163.0007781982422,177.3759307861328,172.02536010742188,46.05575942993164,0.5763943195343018,0.7662209868431091,0.6390649676322937,0.0010325496550649405,0.5132162570953369,T015_035_015_035,0.012043559923768044,0.00019563907699193805,0.23695841431617737,0.00019563907699193805,0.05,383,51141,0.033843283537887556,0.08252130448818207,0.15000000596046448,0.16818185150623322,0.3499999940395355,0.07625775039196014,0.15000000596046448,0.18625536561012268,0.3499999940395355,frozen_mlp_surrogate_adjoint,900,900,900,700,58.80854249000549,58.80854249000549,0.06534282498889499
729,162.9945068359375,177.26080322265625,172.0533447265625,46.1509895324707,0.5763508081436157,0.764089047908783,0.6392592787742615,0.0027960753068327904,0.5131510496139526,T015_035_015_035,0.012046590447425842,0.0001954960753209889,0.23702189326286316,0.0001954960753209889,0.05,319,50328,0.030337232121954584,0.0825129970908165,0.15000000596046448,0.16816943883895874,0.3499999940395355,0.07623596489429474,0.15000000596046448,0.18623265624046326,0.3499999940395355,frozen_mlp_surrogate_adjoint,900,900,900,700,58.80854249000549,58.80854249000549,0.06534282498889499
730,163.39797973632812,178.4578857421875,172.11843872070312,46.87784957885742,0.5791527032852173,0.7862572073936462,0.639711320400238,0.016256477683782578,0.5135294795036316,T015_035_015_035,0.012066002935171127,0.00023332420096267015,0.23665356636047363,0.00023332420096267015,0.05,121,50063,0.01894775233405468,0.08202450722455978,0.15000000596046448,0.16632625460624695,0.3499999940395355,0.07950857281684875,0.15000000596046448,0.1856701374053955,0.3499999940395355,frozen_mlp_surrogate_adjoint,900,900,900,700,58.80854249000549,58.80854249000549,0.06534282498889499
731,157.89266967773438,173.92181396484375,174.04953002929688,65.07098388671875,0.5409212708473206,0.7022556662559509,0.6531217098236084,0.3531663715839386,0.5798510313034058,T015_035_015_035,0.012784433551132679,0.003958174958825111,0.17652516067028046,0.003958174958825111,0.05,895,50048,0.05510855351239082,0.09372147917747498,0.15000000596046448,0.14209771156311035,0.3499999940395355,0.12149463593959808,0.15000000596046448,0.22253721952438354,0.3499999940395355,frozen_mlp_surrogate_adjoint,900,900,900,700,58.80854249000549,58.80854249000549,0.06534282498889499
732,157.91514587402344,173.89584350585938,174.1123809814453,65.10191345214844,0.5410773754119873,0.7017747759819031,0.6535581946372986,0.3537391126155853,0.5803130865097046,T015_035_015_035,0.012785129249095917,0.003978274296969175,0.17613710463047028,0.003978274296969175,0.05,439,50506,0.03699730683048988,0.09388589859008789,0.15000000596046448,0.14196939766407013,0.3499999940395355,0.12125950306653976,0.15000000596046448,0.2231982946395874,0.3499999940395355,frozen_mlp_surrogate_adjoint,900,900,900,700,58.80854249000549,58.80854249000549,0.06534282498889499
733,157.89028930664062,173.90640258789062,174.07894897460938,65.08509826660156,0.5409048199653625,0.7019704580307007,0.6533260345458984,0.35342779755592346,0.5800883769989014,T015_035_015_035,0.012785153463482857,0.003968864679336548,0.17632576823234558,0.003968864679336548,0.05,664,50836,0.04560156112253219,0.09379826486110687,0.15000000596046448,0.14203336834907532,0.3499999940395355,0.12139591574668884,0.15000000596046448,0.22286084294319153,0.3499999940395355,frozen_mlp_surrogate_adjoint,900,900,900,700,58.80854249000549,58.80854249000549,0.06534282498889499
734,157.88262939453125,173.87429809570312,174.03787231445312,65.09761047363281,0.5408515930175781,0.7013758420944214,0.6530407667160034,0.3536595106124878,0.5802021026611328,T015_035_015_035,0.012785281985998154,0.003973768092691898,0.1762302815914154,0.003973768092691898,0.05,405,50183,0.034674215531351076,0.09398353844881058,0.15000000596046448,0.14201833307743073,0.3499999940395355,0.12155413627624512,0.15000000596046448,0.2226460576057434,0.3499999940395355,frozen_mlp_surrogate_adjoint,900,900,900,700,58.80854249000549,58.80854249000549,0.06534282498889499
735,157.88931274414062,173.82748413085938,174.04287719726562,65.16250610351562,0.5408979654312134,0.7005090117454529,0.6530755758285522,0.3548612594604492,0.5807070732116699,T015_035_015_035,0.012786099687218666,0.003995771519839764,0.17580655217170715,0.003995771519839764,0.05,715,51380,0.047610558746332014,0.0941738709807396,0.15000000596046448,0.1419055163860321,0.3499999940395355,0.12146106362342834,0.15000000596046448,0.22316661477088928,0.3499999940395355,frozen_mlp_surrogate_adjoint,900,900,900,700,58.80854249000549,58.80854249000549,0.06534282498889499
736,177.55990600585938,181.2923126220703,187.4754638671875,85.97618103027344,0.6774994134902954,0.8387465476989746,0.7463574409484863,0.7402995824813843,0.5760505199432373,T015_035_015_035,0.012805194593966007,0.0038185359444469213,0.17973315715789795,0.0038185359444469213,0.05,393,51685,0.03433409897260883,0.09410890936851501,0.15000000596046448,0.14244593679904938,0.3499999940395355,0.10256995260715485,0.15000000596046448,0.23692569136619568,0.3499999940395355,frozen_mlp_surrogate_adjoint,900,900,900,700,58.80854249000549,58.80854249000549,0.06534282498889499
737,177.57229614257812,181.2954559326172,187.515380859375,85.97715759277344,0.6775853633880615,0.8388047814369202,0.7466346621513367,0.7403178215026855,0.5758720636367798,T015_035_015_035,0.012805214151740074,0.003810988739132881,0.17988450825214386,0.003810988739132881,0.05,422,51239,0.03570355239923443,0.09411819279193878,0.15000000596046448,0.1424000859260559,0.3499999940395355,0.10275577753782272,0.15000000596046448,0.23659798502922058,0.3499999940395355,frozen_mlp_surrogate_adjoint,900,900,900,700,58.80854249000549,58.80854249000549,0.06534282498889499
738,177.55838012695312,181.293701171875,187.4984893798828,85.9775161743164,0.6774886846542358,0.8387721180915833,0.7465173006057739,0.7403243780136108,0.5759228467941284,T015_035_015_035,0.012805241160094738,0.003813169663771987,0.17984142899513245,0.003813169663771987,0.05,509,50119,0.04009677257111778,0.09405490010976791,0.15000000596046448,0.14243045449256897,0.3499999940395355,0.10270272940397263,0.15000000596046448,0.23673471808433533,0.3499999940395355,frozen_mlp_surrogate_adjoint,900,900,900,700,58.80854249000549,58.80854249000549,0.06534282498889499
739,177.5443115234375,181.2908172607422,187.48028564453125,85.97552490234375,0.677390992641449,0.8387188911437988,0.7463908791542053,0.7402875423431396,0.5759849548339844,T015_035_015_035,0.012805316597223282,0.0038158795796334743,0.1797887533903122,0.0038158795796334743,0.05,594,51298,0.04338633944696161,0.09399628639221191,0.15000000596046448,0.14246207475662231,0.3499999940395355,0.10263823717832565,0.15000000596046448,0.23688837885856628,0.3499999940395355,frozen_mlp_surrogate_adjoint,900,900,900,700,58.80854249000549,58.80854249000549,0.06534282498889499
740,177.6229248046875,181.2962646484375,187.509521484375,85.97864532470703,0.6779369115829468,0.8388196229934692,0.7465938925743103,0.740345299243927,0.5760191679000854,T015_035_015_035,0.012805351987481117,0.0038173641078174114,0.17975974082946777,0.0038173641078174114,0.05,345,25,0.03199508588127874,0.09447520226240158,0.15000000596046448,0.14233645796775818,0.3499999940395355,0.10257744789123535,0.15000000596046448,0.23663005232810974,0.3499999940395355,frozen_mlp_surrogate_adjoint,900,900,900,700,58.80854249000549,58.80854249000549,0.06534282498889499
741,177.51852416992188,181.28836059570312,187.46214294433594,85.97602844238281,0.6772119402885437,0.8386732935905457,0.7462648749351501,0.7402969002723694,0.5760116577148438,T015_035_015_035,0.012805485166609287,0.0038171792402863503,0.17976611852645874,0.0038171792402863503,0.05,119,51122,0.01887499040759357,0.0938553512096405,0.15000000596046448,0.1425086259841919,0.3499999940395355,0.10261207818984985,0.15000000596046448,0.2370356321334839,0.3499999940395355,frozen_mlp_surrogate_adjoint,900,900,900,700,58.80854249000549,58.80854249000549,0.06534282498889499
742,177.54251098632812,181.29490661621094,187.5135955810547,85.97634887695312,0.6773785352706909,0.8387946486473083,0.7466222047805786,0.7403028011322021,0.5758129954338074,T015_035_015_035,0.012805566191673279,0.0038088341243565083,0.17993462085723877,0.0038088341243565083,0.05,799,50406,0.051078577988715845,0.09391791373491287,0.15000000596046448,0.14243876934051514,0.3499999940395355,0.102833092212677,0.15000000596046448,0.23662322759628296,0.3499999940395355,frozen_mlp_surrogate_adjoint,900,900,900,700,58.80854249000549,58.80854249000549,0.06534282498889499
743,177.5447540283203,181.29010009765625,187.4755096435547,85.97880554199219,0.6773941516876221,0.8387055397033691,0.7463576793670654,0.7403483390808105,0.5759967565536499,T015_035_015_035,0.012805696576833725,0.0038167587481439114,0.17977875471115112,0.0038167587481439114,0.05,337,51275,0.03163641555466523,0.09400850534439087,0.15000000596046448,0.14246124029159546,0.3499999940395355,0.10261332243680954,0.15000000596046448,0.23691368103027344,0.3499999940395355,frozen_mlp_surrogate_adjoint,900,900,900,700,58.80854249000549,58.80854249000549,0.06534282498889499
744,177.5725555419922,181.29502868652344,187.50631713867188,85.9796371459961,0.6775872111320496,0.8387967944145203,0.7465716600418091,0.7403636574745178,0.5759103894233704,T015_035_015_035,0.012805715203285217,0.0038131149485707283,0.17985199391841888,0.0038131149485707283,0.05,187,51433,0.02298009914680662,0.09413596987724304,0.15000000596046448,0.14240196347236633,0.3499999940395355,0.10270875692367554,0.15000000596046448,0.23666369915008545,0.3499999940395355,frozen_mlp_surrogate_adjoint,900,900,900,700,58.80854249000549,58.80854249000549,0.06534282498889499
745,177.55343627929688,181.2930145263672,187.50193786621094,85.9810791015625,0.6774543523788452,0.8387594819068909,0.7465412616729736,0.740390419960022,0.5758766531944275,T015_035_015_035,0.012805807404220104,0.003811776638031006,0.17988061904907227,0.003811776638031006,0.05,874,51707,0.054149512415263876,0.0940152183175087,0.15000000596046448,0.142429381608963,0.3499999940395355,0.10273879021406174,0.15000000596046448,0.23669326305389404,0.3499999940395355,frozen_mlp_surrogate_adjoint,900,900,900,700,58.80854249000549,58.80854249000549,0.06534282498889499
746,177.52029418945312,181.29351806640625,187.55992126464844,85.97425842285156,0.6772242784500122,0.8387690186500549,0.7469438910484314,0.7402641177177429,0.5755143165588379,T015_035_015_035,0.012805810198187828,0.0037964051589369774,0.18018808960914612,0.0037964051589369774,0.05,402,50111,0.034624613263070536,0.09368935227394104,0.15000000596046448,0.14243459701538086,0.3499999940395355,0.10314160585403442,0.15000000596046448,0.23624876141548157,0.3499999940395355,frozen_mlp_surrogate_adjoint,900,900,900,700,58.80854249000549,58.80854249000549,0.06534282498889499
747,177.5630340576172,181.2921142578125,187.4939727783203,85.98049926757812,0.6775210499763489,0.8387429714202881,0.7464859485626221,0.7403795123100281,0.5759408473968506,T015_035_015_035,0.012805811129510403,0.0038145026192069054,0.17982617020606995,0.0038145026192069054,0.05,330,50314,0.03102877098120179,0.09409762173891068,0.15000000596046448,0.1424221694469452,0.3499999940395355,0.10266487300395966,0.15000000596046448,0.23675617575645447,0.3499999940395355,frozen_mlp_surrogate_adjoint,900,900,900,700,58.80854249000549,58.80854249000549,0.06534282498889499
748,177.55296325683594,181.29141235351562,187.522705078125,85.97679138183594,0.6774511337280273,0.8387298583984375,0.7466854453086853,0.7403109669685364,0.5757737159729004,T015_035_015_035,0.01280581671744585,0.0038074199110269547,0.1799679398536682,0.0038074199110269547,0.05,445,50683,0.037198247179890766,0.09398269653320312,0.15000000596046448,0.1424148678779602,0.3499999940395355,0.10284319519996643,0.15000000596046448,0.23653298616409302,0.3499999940395355,frozen_mlp_surrogate_adjoint,900,900,900,700,58.80854249000549,58.80854249000549,0.06534282498889499
749,177.60411071777344,181.29107666015625,187.5037841796875,85.97749328613281,0.6778063178062439,0.8387234807014465,0.7465540170669556,0.7403239011764526,0.575991153717041,T015_035_015_035,0.012805912643671036,0.003816736862063408,0.17978350818157196,0.003816736862063408,0.05,118,50505,0.01881781402399345,0.09436891973018646,0.15000000596046448,0.14235959947109222,0.3499999940395355,0.1025899201631546,0.15000000596046448,0.23667269945144653,0.3499999940395355,frozen_mlp_surrogate_adjoint,900,900,900,700,58.80854249000549,58.80854249000549,0.06534282498889499
750,177.47756958007812,181.28585815429688,187.4803466796875,85.97465515136719,0.6769276261329651,0.8386270999908447,0.7463913559913635,0.7402714490890503,0.5758137702941895,T015_035_015_035,0.012806002050638199,0.003809304442256689,0.17993395030498505,0.003809304442256689,0.05,356,50905,0.032577821663703266,0.09354854375123978,0.15000000596046448,0.14254657924175262,0.3499999940395355,0.10282449424266815,0.15000000596046448,0.23689410090446472,0.3499999940395355,frozen_mlp_surrogate_adjoint,900,900,900,700,58.80854249000549,58.80854249000549,0.06534282498889499
751,177.55209350585938,181.2938232421875,187.4842987060547,85.97456359863281,0.6774450540542603,0.8387746810913086,0.7464187145233154,0.7402696013450623,0.5759956240653992,T015_035_015_035,0.01280601229518652,0.0038170265033841133,0.17977970838546753,0.0038170265033841133,0.05,221,50213,0.024921493744673756,0.0940370187163353,0.15000000596046448,0.14244429767131805,0.3499999940395355,0.10264475643634796,0.15000000596046448,0.23686957359313965,0.3499999940395355,frozen_mlp_surrogate_adjoint,900,900,900,700,58.80854249000549,58.80854249000549,0.06534282498889499
752,177.56427001953125,181.28591918945312,187.4190673828125,85.97834014892578,0.6775296330451965,0.8386279940605164,0.7459657192230225,0.7403396368026733,0.5763328075408936,T015_035_015_035,0.012806073762476444,0.0038313791155815125,0.17949388921260834,0.0038313791155815125,0.05,290,50564,0.029053606899458448,0.09424999356269836,0.15000000596046448,0.1424756795167923,0.3499999940395355,0.10224239528179169,0.15000000596046448,0.2373647689819336,0.3499999940395355,frozen_mlp_surrogate_adjoint,900,900,900,700,58.80854249000549,58.80854249000549,0.06534282498889499
753,177.59835815429688,181.2922821044922,187.50743103027344,85.98085021972656,0.6777663826942444,0.8387459516525269,0.7465794086456299,0.7403861880302429,0.5759498476982117,T015_035_015_035,0.012806139886379242,0.0038152136839926243,0.1798185259103775,0.0038152136839926243,0.05,416,50679,0.035157699013893304,0.09431853145360947,0.15000000596046448,0.14236250519752502,0.3499999940395355,0.10263331979513168,0.15000000596046448,0.2366354763507843,0.3499999940395355,frozen_mlp_surrogate_adjoint,900,900,900,700,58.80854249000549,58.80854249000549,0.06534282498889499
754,177.62567138671875,181.29074096679688,187.47523498535156,85.97811126708984,0.6779559850692749,0.8387174010276794,0.7463557720184326,0.7403354048728943,0.5761916637420654,T015_035_015_035,0.012806158512830734,0.003825482912361622,0.17961350083351135,0.003825482912361622,0.05,896,50936,0.05516992187440218,0.09456613659858704,0.15000000596046448,0.14235153794288635,0.3499999940395355,0.10237322002649307,0.15000000596046448,0.23690080642700195,0.3499999940395355,frozen_mlp_surrogate_adjoint,900,900,900,700,58.80854249000549,58.80854249000549,0.06534282498889499
755,177.55796813964844,181.290771484375,187.46646118164062,85.98426818847656,0.6774858832359314,0.8387179374694824,0.7462948560714722,0.7404493689537048,0.5760581493377686,T015_035_015_035,0.012806231155991554,0.0038198966067284346,0.17972669005393982,0.0038198966067284346,0.05,806,50287,0.0513169633293586,0.09411127865314484,0.15000000596046448,0.1424456089735031,0.3499999940395355,0.10253362357616425,0.15000000596046448,0.23696765303611755,0.3499999940395355,frozen_mlp_surrogate_adjoint,900,900,900,700,58.80854249000549,58.80854249000549,0.06534282498889499
756,177.53973388671875,181.28720092773438,187.50094604492188,85.97695922851562,0.6773592233657837,0.8386518955230713,0.7465344071388245,0.7403140068054199,0.5758438110351562,T015_035_015_035,0.012806238606572151,0.0038108141161501408,0.17990846931934357,0.0038108141161501408,0.05,275,50072,0.02772412095995689,0.0939389020204544,0.15000000596046448,0.14244401454925537,0.3499999940395355,0.10275675356388092,0.15000000596046448,0.23670411109924316,0.3499999940395355,frozen_mlp_surrogate_adjoint,900,900,900,700,58.80854249000549,58.80854249000549,0.06534282498889499
757,177.56715393066406,181.29116821289062,187.44119262695312,85.97781372070312,0.6775496602058411,0.8387255072593689,0.7461193799972534,0.7403299808502197,0.5762412548065186,T015_035_015_035,0.012806247919797897,0.0038276738487184048,0.1795714795589447,0.0038276738487184048,0.05,691,51263,0.04669078345130025,0.09422093629837036,0.15000000596046448,0.142454132437706,0.3499999940395355,0.10236543416976929,0.15000000596046448,0.23720070719718933,0.3499999940395355,frozen_mlp_surrogate_adjoint,900,900,900,700,58.80854249000549,58.80854249000549,0.06534282498889499
758,177.52523803710938,181.2930908203125,187.4755859375,85.9747085571289,0.6772586703300476,0.8387607932090759,0.7463582158088684,0.7402724027633667,0.5759764909744263,T015_035_015_035,0.01280628889799118,0.0038164916913956404,0.17979593575000763,0.0038164916913956404,0.05,263,51187,0.02711080994817244,0.09387042373418808,0.15000000596046448,0.14248433709144592,0.3499999940395355,0.10267610847949982,0.15000000596046448,0.23694559931755066,0.3499999940395355,frozen_mlp_surrogate_adjoint,900,900,900,700,58.80854249000549,58.80854249000549,0.06534282498889499
759,177.60093688964844,181.2876434326172,187.46392822265625,85.97884368896484,0.677784264087677,0.8386600017547607,0.7462773323059082,0.7403489351272583,0.5761806964874268,T015_035_015_035,0.012806297279894352,0.0038251569494605064,0.1796227991580963,0.0038251569494605064,0.05,559,51285,0.04219097302571369,0.09442280232906342,0.15000000596046448,0.142390176653862,0.3499999940395355,0.10237941145896912,0.15000000596046448,0.23698833584785461,0.3499999940395355,frozen_mlp_surrogate_adjoint,900,900,900,700,58.80854249000549,58.80854249000549,0.06534282498889499
760,177.52305603027344,181.28707885742188,187.48077392578125,85.97950744628906,0.6772434711456299,0.838649570941925,0.7463942170143127,0.740361213684082,0.5759037137031555,T015_035_015_035,0.012806338258087635,0.0038134546484798193,0.17985765635967255,0.0038134546484798193,0.05,763,51497,0.0495180461068147,0.09385722875595093,0.15000000596046448,0.14248056709766388,0.3499999940395355,0.10270041227340698,0.15000000596046448,0.23686552047729492,0.3499999940395355,frozen_mlp_surrogate_adjoint,900,900,900,700,58.80854249000549,58.80854249000549,0.06534282498889499
761,177.54566955566406,181.28366088867188,187.39459228515625,85.97886657714844,0.6774004697799683,0.838586151599884,0.745795726776123,0.7403494715690613,0.5764110088348389,T015_035_015_035,0.012806395068764687,0.0038350126706063747,0.1794276386499405,0.0038350126706063747,0.05,762,51207,0.049432762494112985,0.0941685289144516,0.15000000596046448,0.14251723885536194,0.3499999940395355,0.10216174274682999,0.15000000596046448,0.23756349086761475,0.3499999940395355,frozen_mlp_surrogate_adjoint,900,900,900,700,58.80854249000549,58.80854249000549,0.06534282498889499
762,177.51876831054688,181.30056762695312,187.6179656982422,85.97758483886719,0.6772136688232422,0.8388993144035339,0.7473469972610474,0.7403256297111511,0.5752114057540894,T015_035_015_035,0.012806445360183716,0.0037841778248548508,0.1804453432559967,0.0037841778248548508,0.05,333,51258,0.03140895554089222,0.09356090426445007,0.15000000596046448,0.1423957347869873,0.3499999940395355,0.1034773588180542,0.15000000596046448,0.23577743768692017,0.3499999940395355,frozen_mlp_surrogate_adjoint,900,900,900,700,58.80854249000549,58.80854249000549,0.06534282498889499
763,177.5377197265625,181.28402709960938,187.478759765625,85.97715759277344,0.6773452758789062,0.8385931849479675,0.7463802099227905,0.7403177618980408,0.5759462118148804,T015_035_015_035,0.012806546874344349,0.0038154665380716324,0.17982161045074463,0.0038154665380716324,0.05,299,51288,0.02945438399329367,0.09397082030773163,0.15000000596046448,0.142459899187088,0.3499999940395355,0.10263679176568985,0.15000000596046448,0.23687869310379028,0.3499999940395355,frozen_mlp_surrogate_adjoint,900,900,900,700,58.80854249000549,58.80854249000549,0.06534282498889499
764,177.5272979736328,181.28854370117188,187.47645568847656,85.97402954101562,0.6772729158401489,0.8386768102645874,0.7463642954826355,0.7402598261833191,0.5759624242782593,T015_035_015_035,0.012806563638150692,0.003816169686615467,0.1798078715801239,0.003816169686615467,0.05,892,50053,0.05495155327458142,0.09388811141252518,0.15000000596046448,0.14247894287109375,0.3499999940395355,0.10266509652137756,0.15000000596046448,0.236930251121521,0.3499999940395355,frozen_mlp_surrogate_adjoint,900,900,900,700,58.80854249000549,58.80854249000549,0.06534282498889499
765,177.61001586914062,181.2859344482422,187.39004516601562,85.97964477539062,0.6778473854064941,0.8386284708976746,0.7457641959190369,0.7403637766838074,0.5765911936759949,T015_035_015_035,0.01280659157782793,0.003842840204015374,0.1792750209569931,0.003842840204015374,0.05,243,50139,0.025956922091286614,0.09461484849452972,0.15000000596046448,0.1424361616373062,0.3499999940395355,0.10195232182741165,0.15000000596046448,0.23758786916732788,0.3499999940395355,frozen_mlp_surrogate_adjoint,900,900,900,700,58.80854249000549,58.80854249000549,0.06534282498889499
766,177.52249145507812,181.28985595703125,187.51791381835938,85.98136901855469,0.6772394776344299,0.8387009501457214,0.7466521859169006,0.740395724773407,0.5757052898406982,T015_035_015_035,0.012806604616343975,0.003805304877460003,0.18002599477767944,0.003805304877460003,0.05,613,50039,0.04380242091474479,0.09378242492675781,0.15000000596046448,0.14245255291461945,0.3499999940395355,0.1029101237654686,0.15000000596046448,0.23656022548675537,0.3499999940395355,frozen_mlp_surrogate_adjoint,900,900,900,700,58.80854249000549,58.80854249000549,0.06534282498889499
767,177.43894958496094,181.28939819335938,187.5253448486328,85.97703552246094,0.676659345626831,0.8386925458908081,0.7467038035392761,0.7403155565261841,0.5754851698875427,T015_035_015_035,0.012806673534214497,0.0037960316985845566,0.1802128404378891,0.0037960316985845566,0.05,235,50489,0.025561804526045222,0.09319518506526947,0.15000000596046448,0.1425645649433136,0.3499999940395355,0.10319143533706665,0.15000000596046448,0.2365339994430542,0.3499999940395355,frozen_mlp_surrogate_adjoint,900,900,900,700,58.80854249000549,58.80854249000549,0.06534282498889499
768,177.59124755859375,181.28494262695312,187.36456298828125,85.97984313964844,0.6777170300483704,0.838610053062439,0.7455872297286987,0.7403674125671387,0.5766804814338684,T015_035_015_035,0.012806675396859646,0.003846704727038741,0.17919941246509552,0.003846704727038741,0.05,223,50041,0.02497123418788391,0.09453071653842926,0.15000000596046448,0.14248134195804596,0.3499999940395355,0.10186897963285446,0.15000000596046448,0.23779943585395813,0.3499999940395355,frozen_mlp_surrogate_adjoint,900,900,900,700,58.80854249000549,58.80854249000549,0.06534282498889499
769,177.59979248046875,181.2894287109375,187.4123992919922,85.98194122314453,0.6777763962745667,0.8386931419372559,0.7459194660186768,0.740406334400177,0.5764508247375488,T015_035_015_035,0.012806686572730541,0.0038369912654161453,0.17939390242099762,0.0038369912654161453,0.05,781,50773,0.05045357330503797,0.09449733048677444,0.15000000596046448,0.14243026077747345,0.3499999940395355,0.10211413353681564,0.15000000596046448,0.2374090850353241,0.3499999940395355,frozen_mlp_surrogate_adjoint,900,900,900,700,58.80854249000549,58.80854249000549,0.06534282498889499
770,177.60792541503906,181.29299926757812,187.4942626953125,85.98677062988281,0.677832841873169,0.8387592434883118,0.7464879751205444,0.7404957413673401,0.5760234594345093,T015_035_015_035,0.012806689366698265,0.003818883327767253,0.17975610494613647,0.003818883327767253,0.05,488,51169,0.03912898765213425,0.09440280497074127,0.15000000596046448,0.1423548460006714,0.3499999940395355,0.1025429293513298,0.15000000596046448,0.23672285676002502,0.3499999940395355,frozen_mlp_surrogate_adjoint,900,900,900,700,58.80854249000549,58.80854249000549,0.06534282498889499
771,177.56422424316406,181.2960968017578,187.50506591796875,85.98092651367188,0.6775293350219727,0.8388165831565857,0.7465628981590271,0.740387499332428,0.5758960843086243,T015_035_015_035,0.012806814163923264,0.003813606221228838,0.17986413836479187,0.003813606221228838,0.05,426,50691,0.03593509212433258,0.09407939016819,0.15000000596046448,0.1424054205417633,0.3499999940395355,0.10273286700248718,0.15000000596046448,0.23667842149734497,0.3499999940395355,frozen_mlp_surrogate_adjoint,900,900,900,700,58.80854249000549,58.80854249000549,0.06534282498889499
772,177.5507354736328,181.28561401367188,187.4873046875,85.98065185546875,0.6774356365203857,0.8386224508285522,0.7464395761489868,0.7403824329376221,0.5759230852127075,T015_035_015_035,0.012806842103600502,0.0038147796876728535,0.17984123528003693,0.0038147796876728535,0.05,816,50178,0.05173068824829329,0.09404081851243973,0.15000000596046448,0.1424335390329361,0.3499999940395355,0.10265187919139862,0.15000000596046448,0.23679685592651367,0.3499999940395355,frozen_mlp_surrogate_adjoint,900,900,900,700,58.80854249000549,58.80854249000549,0.06534282498889499
773,177.54127502441406,181.2945556640625,187.55345153808594,85.98493957519531,0.6773699522018433,0.8387880921363831,0.7468989491462708,0.7404619455337524,0.5755614638328552,T015_035_015_035,0.012806866317987442,0.0037994631566107273,0.18014806509017944,0.0037994631566107273,0.05,103,50940,0.018084720339441883,0.09383849799633026,0.15000000596046448,0.14240072667598724,0.3499999940395355,0.10305994749069214,0.15000000596046448,0.23626229166984558,0.3499999940395355,frozen_mlp_surrogate_adjoint,900,900,900,700,58.80854249000549,58.80854249000549,0.06534282498889499
774,177.56289672851562,181.28457641601562,187.4291229248047,85.98292541503906,0.6775200963020325,0.8386034369468689,0.7460355758666992,0.7404244542121887,0.5762529373168945,T015_035_015_035,0.012806907296180725,0.003828828688710928,0.1795615702867508,0.003828828688710928,0.05,595,51633,0.04339324384247892,0.09422516822814941,0.15000000596046448,0.14246153831481934,0.3499999940395355,0.10230346024036407,0.15000000596046448,0.2372627556324005,0.3499999940395355,frozen_mlp_surrogate_adjoint,900,900,900,700,58.80854249000549,58.80854249000549,0.06534282498889499
775,177.56451416015625,181.28472900390625,187.51123046875,85.97764587402344,0.6775313019752502,0.8386061191558838,0.7466058135032654,0.7403268218040466,0.5758340954780579,T015_035_015_035,0.01280693244189024,0.0038110967725515366,0.17991670966148376,0.0038110967725515366,0.05,678,50596,0.04619389682125099,0.0940990000963211,0.15000000596046448,0.14239662885665894,0.3499999940395355,0.1027342826128006,0.15000000596046448,0.23660418391227722,0.3499999940395355,frozen_mlp_surrogate_adjoint,900,900,900,700,58.80854249000549,58.80854249000549,0.06534282498889499
776,177.51922607421875,181.28514099121094,187.4102783203125,85.97444915771484,0.6772168278694153,0.8386138081550598,0.7459047436714172,0.7402675747871399,0.5762861967086792,T015_035_015_035,0.012806950137019157,0.003830279689282179,0.17953339219093323,0.003830279689282179,0.05,195,50182,0.023528905189488303,0.09395231306552887,0.15000000596046448,0.1425381302833557,0.3499999940395355,0.10232698172330856,0.15000000596046448,0.23746874928474426,0.3499999940395355,frozen_mlp_surrogate_adjoint,900,900,900,700,58.80854249000549,58.80854249000549,0.06534282498889499
777,177.54559326171875,181.29409790039062,187.5180206298828,85.99327087402344,0.6773999333381653,0.8387797474861145,0.7466529011726379,0.7406161427497864,0.575729489326477,T015_035_015_035,0.012807413935661316,0.0038071402814239264,0.18000546097755432,0.0038071402814239264,0.05,322,43,0.030383968429469416,0.09392625093460083,0.15000000596046448,0.14241421222686768,0.3499999940395355,0.10286584496498108,0.15000000596046448,0.23652315139770508,0.3499999940395355,frozen_mlp_surrogate_adjoint,900,900,900,700,58.80854249000549,58.80854249000549,0.06534282498889499
778,154.7340087890625,172.78982543945312,173.3162841796875,55.48979187011719,0.5189862251281738,0.6812930107116699,0.6480296850204468,0.17573685944080353,0.5736732482910156,T015_035_015_035,0.013819988816976547,0.004732263740152121,0.18175449967384338,0.004732263740152121,0.05,688,51559,0.046616996143474865,0.08595658093690872,0.15000000596046448,0.13799093663692474,0.3499999940395355,0.12992268800735474,0.15000000596046448,0.21980303525924683,0.3499999940395355,frozen_mlp_surrogate_adjoint,900,900,900,700,58.80854249000549,58.80854249000549,0.06534282498889499
779,154.716796875,172.75355529785156,173.2847900390625,55.48155212402344,0.5188666582107544,0.6806213855743408,0.6478110551834106,0.1755843311548233,0.573600172996521,T015_035_015_035,0.013820432126522064,0.004729591775685549,0.18181681632995605,0.004729591775685549,0.05,555,50902,0.04207730711563147,0.08626382797956467,0.15000000596046448,0.13794612884521484,0.3499999940395355,0.129985511302948,0.15000000596046448,0.2194046825170517,0.3499999940395355,frozen_mlp_surrogate_adjoint,900,900,900,700,58.80854249000549,58.80854249000549,0.06534282498889499
780,154.7438507080078,172.77452087402344,173.3326416015625,55.49492645263672,0.5190545320510864,0.6810095906257629,0.6481434106826782,0.17583194375038147,0.5738746523857117,T015_035_015_035,0.01382050197571516,0.004741361364722252,0.18158280849456787,0.004741361364722252,0.05,541,50185,0.04141387871591018,0.08616425842046738,0.15000000596046448,0.13790325820446014,0.3499999940395355,0.1298965960741043,0.15000000596046448,0.21991056203842163,0.3499999940395355,frozen_mlp_surrogate_adjoint,900,900,900,700,58.80854249000549,58.80854249000549,0.06534282498889499
781,154.7443389892578,172.76730346679688,173.3509979248047,55.49123764038086,0.5190579295158386,0.6808759570121765,0.648270845413208,0.17576363682746887,0.5739758014678955,T015_035_015_035,0.013820633292198181,0.004745801445096731,0.18149662017822266,0.004745801445096731,0.05,804,50066,0.051304525960941386,0.08621842414140701,0.15000000596046448,0.13785484433174133,0.3499999940395355,0.12982603907585144,0.15000000596046448,0.22007647156715393,0.3499999940395355,frozen_mlp_surrogate_adjoint,900,900,900,700,58.80854249000549,58.80854249000549,0.06534282498889499
782,154.7184600830078,172.76129150390625,173.27859497070312,55.48356628417969,0.5188782215118408,0.6807646751403809,0.6477680802345276,0.1756216287612915,0.5735476016998291,T015_035_015_035,0.013820689171552658,0.004727607127279043,0.18186165392398834,0.004727607127279043,0.05,424,50302,0.035887689123012496,0.08619830012321472,0.15000000596046448,0.13797515630722046,0.3499999940395355,0.1300140768289566,0.15000000596046448,0.21936002373695374,0.3499999940395355,frozen_mlp_surrogate_adjoint,900,900,900,700,58.80854249000549,58.80854249000549,0.06534282498889499
783,154.732177734375,172.76385498046875,173.3137664794922,55.484832763671875,0.5189734101295471,0.6808122992515564,0.6480122804641724,0.17564505338668823,0.5737406015396118,T015_035_015_035,0.013820774853229523,0.00473592197522521,0.1816970705986023,0.00473592197522521,0.05,471,51271,0.0383118512037533,0.08621406555175781,0.15000000596046448,0.13791346549987793,0.3499999940395355,0.1299149990081787,0.15000000596046448,0.21969804167747498,0.3499999940395355,frozen_mlp_surrogate_adjoint,900,900,900,700,58.80854249000549,58.80854249000549,0.06534282498889499
784,154.7171173095703,172.79725646972656,173.2655792236328,55.48094177246094,0.5188688635826111,0.6814305782318115,0.6476776599884033,0.1755729764699936,0.573286235332489,T015_035_015_035,0.013821186497807503,0.004716954194009304,0.18208463490009308,0.004716954194009304,0.05,141,50785,0.020207915633344727,0.08581335097551346,0.15000000596046448,0.13810543715953827,0.3499999940395355,0.13004359602928162,0.15000000596046448,0.21932382881641388,0.3499999940395355,frozen_mlp_surrogate_adjoint,900,900,900,700,58.80854249000549,58.80854249000549,0.06534282498889499
785,154.7349853515625,172.76675415039062,173.29808044433594,55.48673629760742,0.5189929008483887,0.6808659434318542,0.647903323173523,0.17568032443523407,0.5736629366874695,T015_035_015_035,0.013821590691804886,0.004733425565063953,0.18176329135894775,0.004733425565063953,0.05,268,50424,0.027327685035092367,0.08621259033679962,0.15000000596046448,0.13793715834617615,0.3499999940395355,0.12997747957706451,0.15000000596046448,0.219535693526268,0.3499999940395355,frozen_mlp_surrogate_adjoint,900,900,900,700,58.80854249000549,58.80854249000549,0.06534282498889499
786,156.53826904296875,170.55801391601562,176.57058715820312,56.40825271606445,0.5315157175064087,0.6399632692337036,0.6706290245056152,0.1927454173564911,0.6041005849838257,T015_035_015_035,0.014244808815419674,0.006407991051673889,0.1567363440990448,0.006407991051673889,0.05,685,50441,0.04640229609161371,0.1118767112493515,0.15000000596046448,0.12800943851470947,0.3499999940395355,0.12392890453338623,0.15000000596046448,0.24028554558753967,0.3499999940395355,frozen_mlp_surrogate_adjoint,900,900,900,700,58.80854249000549,58.80854249000549,0.06534282498889499
787,156.49827575683594,170.5772705078125,176.59133911132812,56.40105438232422,0.5312380194664001,0.6403197646141052,0.6707732081413269,0.19261212646961212,0.6040148735046387,T015_035_015_035,0.01424497552216053,0.006404764484614134,0.15680421888828278,0.006404764484614134,0.05,581,50715,0.042892649374292574,0.11148560792207718,0.15000000596046448,0.12803472578525543,0.3499999940395355,0.12379936873912811,0.15000000596046448,0.24069514870643616,0.3499999940395355,frozen_mlp_surrogate_adjoint,900,900,900,700,58.80854249000549,58.80854249000549,0.06534282498889499
788,155.9216766357422,170.7056427001953,163.59014892578125,70.64204406738281,0.5272338390350342,0.6426970362663269,0.5804871916770935,0.4563341438770294,0.5965070724487305,T015_035_015_035,0.014433499425649643,0.006293172016739845,0.16280654072761536,0.006293172016739845,0.05,739,51238,0.04838537541439448,0.10960468649864197,0.15000000596046448,0.1313604861497879,0.3499999940395355,0.13953793048858643,0.15000000596046448,0.2160039246082306,0.3499999940395355,frozen_mlp_surrogate_adjoint,900,900,900,700,58.80854249000549,58.80854249000549,0.06534282498889499
789,155.8643035888672,170.67059326171875,163.63478088378906,70.66387939453125,0.5268354415893555,0.6420480608940125,0.5807970762252808,0.4567384421825409,0.5970037579536438,T015_035_015_035,0.014433570206165314,0.0063132718205451965,0.16240596771240234,0.0063132718205451965,0.05,625,50635,0.04419785558809171,0.10974154621362686,0.15000000596046448,0.1312716156244278,0.3499999940395355,0.13958169519901276,0.15000000596046448,0.21640890836715698,0.3499999940395355,frozen_mlp_surrogate_adjoint,900,900,900,700,58.80854249000549,58.80854249000549,0.06534282498889499
790,155.93565368652344,170.67889404296875,163.6248779296875,70.65489196777344,0.5273309350013733,0.6422016024589539,0.58072829246521,0.4565719962120056,0.5968559980392456,T015_035_015_035,0.014433572068810463,0.00630731787532568,0.16252508759498596,0.00630731787532568,0.05,616,50742,0.04389955618010362,0.1098678857088089,0.15000000596046448,0.1312766820192337,0.3499999940395355,0.13947616517543793,0.15000000596046448,0.21623525023460388,0.3499999940395355,frozen_mlp_surrogate_adjoint,900,900,900,700,58.80854249000549,58.80854249000549,0.06534282498889499
791,155.87557983398438,170.6732635498047,163.63519287109375,70.66483306884766,0.5269138216972351,0.642097532749176,0.5807999968528748,0.4567561447620392,0.5970054268836975,T015_035_015_035,0.014433573931455612,0.006313342601060867,0.1624046266078949,0.006313342601060867,0.05,838,50976,0.052684823055709165,0.10974249243736267,0.15000000596046448,0.13126462697982788,0.3499999940395355,0.13956835865974426,0.15000000596046448,0.2164299488067627,0.3499999940395355,frozen_mlp_surrogate_adjoint,900,900,900,700,58.80854249000549,58.80854249000549,0.06534282498889499
792,155.87460327148438,170.6541748046875,163.64825439453125,70.66553497314453,0.5269069075584412,0.6417440176010132,0.5808905959129333,0.4567691683769226,0.5971288681030273,T015_035_015_035,0.014433595351874828,0.006318338215351105,0.16230514645576477,0.006318338215351105,0.05,321,50173,0.030377444841935275,0.1099228635430336,0.15000000596046448,0.1312437653541565,0.3499999940395355,0.13953731954097748,0.15000000596046448,0.21642497181892395,0.3499999940395355,frozen_mlp_surrogate_adjoint,900,900,900,700,58.80854249000549,58.80854249000549,0.06534282498889499
793,155.876708984375,170.66827392578125,163.63876342773438,70.66656494140625,0.5269216299057007,0.6420050263404846,0.5808247327804565,0.45678818225860596,0.5970508456230164,T015_035_015_035,0.014433621428906918,0.006315220147371292,0.1623680144548416,0.006315220147371292,0.05,706,51708,0.047296345408377835,0.10978873819112778,0.15000000596046448,0.13125307857990265,0.3499999940395355,0.13955599069595337,0.15000000596046448,0.21645304560661316,0.3499999940395355,frozen_mlp_surrogate_adjoint,900,900,900,700,58.80854249000549,58.80854249000549,0.06534282498889499
794,155.8874053955078,170.6726837158203,163.64358520507812,70.66717529296875,0.5269958972930908,0.6420866847038269,0.5808581709861755,0.45679962635040283,0.5970678329467773,T015_035_015_035,0.014433657750487328,0.006315940525382757,0.16235433518886566,0.006315940525382757,0.05,782,50114,0.05045405848527899,0.109774149954319,0.15000000596046448,0.13124625384807587,0.3499999940395355,0.1395561546087265,0.15000000596046448,0.21649131178855896,0.3499999940395355,frozen_mlp_surrogate_adjoint,900,900,900,700,58.80854249000549,58.80854249000549,0.06534282498889499
795,155.93423461914062,170.70887756347656,163.59136962890625,70.63998413085938,0.5273211002349854,0.6427569389343262,0.5804955959320068,0.45629602670669556,0.5964833498001099,T015_035_015_035,0.014433687552809715,0.006292402278631926,0.16282568871974945,0.006292402278631926,0.05,501,51748,0.0397062115784192,0.10960821807384491,0.15000000596046448,0.13136062026023865,0.3499999940395355,0.1395277976989746,0.15000000596046448,0.2159866988658905,0.3499999940395355,frozen_mlp_surrogate_adjoint,900,900,900,700,58.80854249000549,58.80854249000549,0.06534282498889499
796,155.86669921875,170.67709350585938,163.62879943847656,70.66468811035156,0.5268521308898926,0.6421685218811035,0.5807555317878723,0.45675352215766907,0.5969620943069458,T015_035_015_035,0.014433721080422401,0.006311743054538965,0.16243955492973328,0.006311743054538965,0.05,810,51212,0.05147222951481893,0.10968080163002014,0.15000000596046448,0.13127383589744568,0.3499999940395355,0.1395849585533142,0.15000000596046448,0.21642252802848816,0.3499999940395355,frozen_mlp_surrogate_adjoint,900,900,900,700,58.80854249000549,58.80854249000549,0.06534282498889499
797,155.93275451660156,170.7231903076172,163.58547973632812,70.63970184326172,0.5273107886314392,0.6430219411849976,0.5804546475410461,0.4562908113002777,0.5964135527610779,T015_035_015_035,0.01443386822938919,0.006289767101407051,0.1628820151090622,0.006289767101407051,0.05,540,51483,0.041401751178906834,0.10946732014417648,0.15000000596046448,0.1313733458518982,0.3499999940395355,0.13956156373023987,0.15000000596046448,0.21601131558418274,0.3499999940395355,frozen_mlp_surrogate_adjoint,900,900,900,700,58.80854249000549,58.80854249000549,0.06534282498889499
798,155.92266845703125,170.7097930908203,163.58731079101562,70.6466064453125,0.5272406935691833,0.6427739858627319,0.5804674625396729,0.4564186632633209,0.5965184569358826,T015_035_015_035,0.014433925971388817,0.006294058170169592,0.16279736161231995,0.006294058170169592,0.05,748,50300,0.04875736702783452,0.10955154895782471,0.15000000596046448,0.13134577870368958,0.3499999940395355,0.13953781127929688,0.15000000596046448,0.2160833179950714,0.3499999940395355,frozen_mlp_surrogate_adjoint,900,900,900,700,58.80854249000549,58.80854249000549,0.06534282498889499
799,137.4205322265625,189.5530242919922,102.6471176147461,84.04426574707031,0.39875373244285583,0.9917226433753967,0.15727165341377258,0.7045233845710754,0.5257883071899414,T015_035_015_035,0.016336528584361076,0.005092692095786333,0.22487673163414001,0.005092692095786333,0.05,727,51689,0.04798316744003425,0.1299862414598465,0.15000000596046448,0.16546908020973206,0.3499999940395355,0.029845893383026123,0.15000000596046448,0.20048707723617554,0.3499999940395355,frozen_mlp_surrogate_adjoint,900,900,900,700,58.80854249000549,58.80854249000549,0.06534282498889499
800,137.32553100585938,189.5667266845703,102.40371704101562,84.09590148925781,0.39809390902519226,0.9919763207435608,0.15558136999607086,0.7054795622825623,0.5270056128501892,T015_035_015_035,0.01633705571293831,0.0051508694887161255,0.22372369468212128,0.0051508694887161255,0.05,532,50882,0.040964763965049285,0.13070054352283478,0.15000000596046448,0.16608192026615143,0.3499999940395355,0.029521901160478592,0.15000000596046448,0.20070123672485352,0.3499999940395355,frozen_mlp_surrogate_adjoint,900,900,900,700,58.80854249000549,58.80854249000549,0.06534282498889499
801,137.5001220703125,189.54171752929688,102.85467529296875,83.95063781738281,0.39930638670921326,0.9915134310722351,0.15871299803256989,0.7027896046638489,0.5241260528564453,T015_035_015_035,0.016337228938937187,0.005014427937567234,0.22645601630210876,0.005014427937567234,0.05,245,50796,0.025990432641365514,0.1293688714504242,0.15000000596046448,0.16498973965644836,0.3499999940395355,0.030281126499176025,0.15000000596046448,0.19948631525039673,0.3499999940395355,frozen_mlp_surrogate_adjoint,900,900,900,700,58.80854249000549,58.80854249000549,0.06534282498889499
802,137.32339477539062,189.57443237304688,102.42534637451172,84.12273406982422,0.3980790972709656,0.9921189546585083,0.15573157370090485,0.7059765458106995,0.5273505449295044,T015_035_015_035,0.016338149085640907,0.005168273113667965,0.22339750826358795,0.005168273113667965,0.05,876,50430,0.05418234695234231,0.13069385290145874,0.15000000596046448,0.16594691574573517,0.3499999940395355,0.029474567621946335,0.15000000596046448,0.20123520493507385,0.3499999940395355,frozen_mlp_surrogate_adjoint,900,900,900,700,58.80854249000549,58.80854249000549,0.06534282498889499
803,144.18502807617188,189.9940185546875,126.39456939697266,73.49431610107422,0.4457293748855591,0.9998892545700073,0.3221845030784607,0.5091540217399597,0.44644996523857117,T015_035_015_035,0.016451934352517128,0.0011310522677376866,0.3064176142215729,0.0011310522677376866,0.05,89,51329,0.016929263835068174,0.08115723729133606,0.15000000596046448,0.13098488748073578,0.3499999940395355,0.07288768887519836,0.15000000596046448,0.16142013669013977,0.3499999940395355,frozen_mlp_surrogate_adjoint,900,900,900,700,58.80854249000549,58.80854249000549,0.06534282498889499
804,144.2077178955078,189.99305725097656,126.51637268066406,73.54032897949219,0.44588690996170044,0.9998713731765747,0.32303038239479065,0.5100060701370239,0.44673123955726624,T015_035_015_035,0.01645229570567608,0.0011469784658402205,0.3061063587665558,0.0011469784658402205,0.05,334,50387,0.031419316688824125,0.08077523112297058,0.15000000596046448,0.13074475526809692,0.3499999940395355,0.07303863763809204,0.15000000596046448,0.1621726155281067,0.3499999940395355,frozen_mlp_surrogate_adjoint,900,900,900,700,58.80854249000549,58.80854249000549,0.06534282498889499
805,144.2769317626953,189.98690795898438,126.58521270751953,73.45655822753906,0.4463675618171692,0.9997575879096985,0.3235084116458893,0.5084547400474548,0.4467166066169739,T015_035_015_035,0.01645497791469097,0.0011488518211990595,0.3061225116252899,0.0011488518211990595,0.05,129,51311,0.01962798426448703,0.08104868978261948,0.15000000596046448,0.13079766929149628,0.3499999940395355,0.07333749532699585,0.15000000596046448,0.16153275966644287,0.3499999940395355,frozen_mlp_surrogate_adjoint,900,900,900,700,58.80854249000549,58.80854249000549,0.06534282498889499
806,144.20892333984375,189.97177124023438,126.5129165649414,73.48236846923828,0.445895254611969,0.9994773268699646,0.32300636172294617,0.5089327692985535,0.4463215470314026,T015_035_015_035,0.01646060310304165,0.0011326111853122711,0.30655983090400696,0.0011326111853122711,0.05,650,50334,0.045107312304419195,0.0807451605796814,0.15000000596046448,0.13082462549209595,0.3499999940395355,0.0731915757060051,0.15000000596046448,0.16156019270420074,0.3499999940395355,frozen_mlp_surrogate_adjoint,900,900,900,700,58.80854249000549,58.80854249000549,0.06534282498889499
807,144.2635498046875,189.91189575195312,126.57099914550781,73.3935546875,0.44627460837364197,0.9983685612678528,0.32340970635414124,0.5072879791259766,0.4455624222755432,T015_035_015_035,0.016485827043652534,0.0011157754343003035,0.30740103125572205,0.0011157754343003035,0.05,584,50843,0.04304556030894137,0.08051872998476028,0.15000000596046448,0.13081753253936768,0.3499999940395355,0.07350650429725647,0.15000000596046448,0.16071966290473938,0.3499999940395355,frozen_mlp_surrogate_adjoint,900,900,900,700,58.80854249000549,58.80854249000549,0.06534282498889499
808,144.28016662597656,189.9107666015625,126.78861999511719,73.36921691894531,0.4463900327682495,0.9983474016189575,0.3249209523200989,0.5068373084068298,0.4457799792289734,T015_035_015_035,0.016486894339323044,0.0011289009125903249,0.3071598410606384,0.0011289009125903249,0.05,226,50045,0.025150935871746417,0.07995618134737015,0.15000000596046448,0.13057482242584229,0.3499999940395355,0.07405447214841843,0.15000000596046448,0.16119448840618134,0.3499999940395355,frozen_mlp_surrogate_adjoint,900,900,900,700,58.80854249000549,58.80854249000549,0.06534282498889499
809,149.1488037109375,189.99264526367188,132.08413696289062,72.88557434082031,0.48019999265670776,0.9998637437820435,0.3616953492164612,0.4978810250759125,0.46580129861831665,T015_035_015_035,0.016526775434613228,0.002258362714201212,0.28536826372146606,0.002258362714201212,0.05,207,51366,0.023879669689197722,0.08861392736434937,0.15000000596046448,0.12592412531375885,0.3499999940395355,0.0846727192401886,0.15000000596046448,0.16659051179885864,0.3499999940395355,frozen_mlp_surrogate_adjoint,900,900,900,700,58.80854249000549,58.80854249000549,0.06534282498889499
810,149.11541748046875,189.98776245117188,132.0771942138672,72.87904357910156,0.4799681007862091,0.9997732043266296,0.36164721846580505,0.49775999784469604,0.4656311869621277,T015_035_015_035,0.016529370099306107,0.0022518676705658436,0.2855500280857086,0.0022518676705658436,0.05,194,50108,0.023487904615638384,0.08845026791095734,0.15000000596046448,0.12592272460460663,0.3499999940395355,0.08472859859466553,0.15000000596046448,0.1665295958518982,0.3499999940395355,frozen_mlp_surrogate_adjoint,900,900,900,700,58.80854249000549,58.80854249000549,0.06534282498889499
811,149.13624572753906,189.9859619140625,132.0894775390625,72.86544799804688,0.48011282086372375,0.9997400641441345,0.36173248291015625,0.49750837683677673,0.4656651020050049,T015_035_015_035,0.016530247405171394,0.002254558028653264,0.2855137884616852,0.002254558028653264,0.05,154,50279,0.02105594659469931,0.08853264153003693,0.15000000596046448,0.12594416737556458,0.3499999940395355,0.084779754281044,0.15000000596046448,0.16640853881835938,0.3499999940395355,frozen_mlp_surrogate_adjoint,900,900,900,700,58.80854249000549,58.80854249000549,0.06534282498889499
812,149.12545776367188,189.98428344726562,132.06919860839844,72.86237335205078,0.4800378680229187,0.9997090697288513,0.361591637134552,0.4974513649940491,0.46558117866516113,T015_035_015_035,0.016530832275748253,0.002250658581033349,0.28560346364974976,0.002250658581033349,0.05,546,51713,0.04168676770091158,0.08853016793727875,0.15000000596046448,0.1259656697511673,0.3499999940395355,0.08475489914417267,0.15000000596046448,0.1663304716348648,0.3499999940395355,frozen_mlp_surrogate_adjoint,900,900,900,700,58.80854249000549,58.80854249000549,0.06534282498889499
813,149.27032470703125,189.98324584960938,132.1885223388672,72.85104370117188,0.4810439944267273,0.9996896982192993,0.36242029070854187,0.4972415268421173,0.46611854434013367,T015_035_015_035,0.016531668603420258,0.0022801985032856464,0.2850293815135956,0.0022801985032856464,0.05,162,50671,0.021500866380467214,0.08889414370059967,0.15000000596046448,0.12590748071670532,0.3499999940395355,0.08489888906478882,0.15000000596046448,0.16641804575920105,0.3499999940395355,frozen_mlp_surrogate_adjoint,900,900,900,700,58.80854249000549,58.80854249000549,0.06534282498889499
814,147.79959106445312,189.93020629882812,130.85623168945312,72.84452819824219,0.470830500125885,0.9987075328826904,0.353168249130249,0.4971209168434143,0.45935511589050293,T015_035_015_035,0.016562655568122864,0.0019478113390505314,0.2922968864440918,0.0019478113390505314,0.05,844,51364,0.052964165726062024,0.08530173450708389,0.15000000596046448,0.12672926485538483,0.3499999940395355,0.0832190215587616,0.15000000596046448,0.1641051024198532,0.3499999940395355,frozen_mlp_surrogate_adjoint,900,900,900,700,58.80854249000549,58.80854249000549,0.06534282498889499
815,159.0264892578125,189.81341552734375,140.72235107421875,73.55648040771484,0.5487950444221497,0.9965448975563049,0.4216829538345337,0.5103052258491516,0.5057477355003357,T015_035_015_035,0.017293937504291534,0.005079671740531921,0.24428530037403107,0.005079671740531921,0.05,778,51427,0.050376174230164994,0.10899581015110016,0.15000000596046448,0.11608238518238068,0.3499999940395355,0.09031200408935547,0.15000000596046448,0.1903575360774994,0.3499999940395355,frozen_mlp_surrogate_adjoint,900,900,900,700,58.80854249000549,58.80854249000549,0.06534282498889499
816,171.59890747070312,169.7640380859375,214.83621215820312,73.8373031616211,0.6361035704612732,0.6252598166465759,0.9363625645637512,0.5155056118965149,0.6255666613578796,T015_035_015_035,0.01852225512266159,0.011512238532304764,0.14020033180713654,0.011512238532304764,0.05,346,51734,0.03202082608816673,0.15632764995098114,0.15000000596046448,0.10633169114589691,0.3499999940395355,0.10950389504432678,0.15000000596046448,0.2534034252166748,0.3499999940395355,frozen_mlp_surrogate_adjoint,900,900,900,700,58.80854249000549,58.80854249000549,0.06534282498889499
817,171.63360595703125,169.75454711914062,214.8771209716797,73.86618041992188,0.6363444328308105,0.6250841617584229,0.9366466403007507,0.5160404443740845,0.6256150007247925,T015_035_015_035,0.01852240040898323,0.011514194309711456,0.14016412198543549,0.011514194309711456,0.05,272,51047,0.027480429765281762,0.15649549663066864,0.15000000596046448,0.10627996921539307,0.3499999940395355,0.11015907675027847,0.15000000596046448,0.2526804208755493,0.3499999940395355,frozen_mlp_surrogate_adjoint,900,900,900,700,58.80854249000549,58.80854249000549,0.06534282498889499
818,171.65057373046875,169.74795532226562,214.8095703125,73.85531616210938,0.6364623308181763,0.6249622106552124,0.9361776113510132,0.5158390998840332,0.6257472038269043,T015_035_015_035,0.018522493541240692,0.011519236490130424,0.14006514847278595,0.011519236490130424,0.05,544,51714,0.041530365914632814,0.15658345818519592,0.15000000596046448,0.10634620487689972,0.3499999940395355,0.10969007015228271,0.15000000596046448,0.25312748551368713,0.3499999940395355,frozen_mlp_surrogate_adjoint,900,900,900,700,58.80854249000549,58.80854249000549,0.06534282498889499
819,171.50086975097656,169.7871551513672,214.8601531982422,73.81594848632812,0.6354227066040039,0.6256881356239319,0.9365288615226746,0.5151100754737854,0.6251697540283203,T015_035_015_035,0.0185225922614336,0.011497707106173038,0.14049771428108215,0.011497707106173038,0.05,446,51241,0.03721932303217076,0.1558539867401123,0.15000000596046448,0.10628770291805267,0.3499999940395355,0.10930702090263367,0.15000000596046448,0.2537210285663605,0.3499999940395355,frozen_mlp_surrogate_adjoint,900,900,900,700,58.80854249000549,58.80854249000549,0.06534282498889499
820,171.58827209472656,169.7672576904297,214.81707763671875,73.82496643066406,0.6360296607017517,0.6253196597099304,0.9362297058105469,0.515277087688446,0.625566840171814,T015_035_015_035,0.018522772938013077,0.011512761935591698,0.1402001976966858,0.011512761935591698,0.05,399,51018,0.03448154788448632,0.15627646446228027,0.15000000596046448,0.10635700821876526,0.3499999940395355,0.10921265184879303,0.15000000596046448,0.2537206709384918,0.3499999940395355,frozen_mlp_surrogate_adjoint,900,900,900,700,58.80854249000549,58.80854249000549,0.06534282498889499
821,171.57044982910156,169.77395629882812,214.8820343017578,73.8365478515625,0.635905921459198,0.6254436373710632,0.936680793762207,0.5154915452003479,0.6254210472106934,T015_035_015_035,0.018523337319493294,0.011507867835462093,0.1403093934059143,0.011507867835462093,0.05,560,50383,0.04219805312798964,0.15618279576301575,0.15000000596046448,0.10628263652324677,0.3499999940395355,0.1096905842423439,0.15000000596046448,0.25326502323150635,0.3499999940395355,frozen_mlp_surrogate_adjoint,900,900,900,700,58.80854249000549,58.80854249000549,0.06534282498889499
822,171.54736328125,169.77650451660156,214.79872131347656,73.80963134765625,0.635745644569397,0.6254907846450806,0.9361022710800171,0.5149932503700256,0.6254243850708008,T015_035_015_035,0.018523413687944412,0.011508069932460785,0.14030689001083374,0.011508069932460785,0.05,85,50163,0.016612703258829496,0.15607477724552155,0.15000000596046448,0.10636410862207413,0.3499999940395355,0.10890931636095047,0.15000000596046448,0.25407615303993225,0.3499999940395355,frozen_mlp_surrogate_adjoint,900,900,900,700,58.80854249000549,58.80854249000549,0.06534282498889499
823,171.61965942382812,169.75437927246094,214.80923461914062,73.83748626708984,0.6362476348876953,0.6250810027122498,0.9361752867698669,0.5155090093612671,0.6256908178329468,T015_035_015_035,0.018523532897233963,0.011518164537847042,0.14010736346244812,0.011518164537847042,0.05,875,50660,0.05415533579430825,0.15645956993103027,0.15000000596046448,0.1063593327999115,0.3499999940395355,0.10937907546758652,0.15000000596046448,0.2534928619861603,0.3499999940395355,frozen_mlp_surrogate_adjoint,900,900,900,700,58.80854249000549,58.80854249000549,0.06534282498889499
824,171.60934448242188,169.76266479492188,214.8489990234375,73.8520736694336,0.6361759305000305,0.6252345442771912,0.9364513754844666,0.5157791376113892,0.6255292892456055,T015_035_015_035,0.01852361112833023,0.011512194760143757,0.14022831618785858,0.011512194760143757,0.05,367,18,0.03316232930047496,0.1563546061515808,0.15000000596046448,0.10629062354564667,0.3499999940395355,0.10983102768659592,0.15000000596046448,0.2530529797077179,0.3499999940395355,frozen_mlp_surrogate_adjoint,900,900,900,700,58.80854249000549,58.80854249000549,0.06534282498889499
825,171.52395629882812,169.78378295898438,214.88388061523438,73.8211898803711,0.6355830430984497,0.6256256699562073,0.9366936683654785,0.5152072310447693,0.6252662539482117,T015_035_015_035,0.018523748964071274,0.011502479203045368,0.14042538404464722,0.011502479203045368,0.05,400,51324,0.034533024290144536,0.155970960855484,0.15000000596046448,0.10627833008766174,0.3499999940395355,0.10945957899093628,0.15000000596046448,0.25355738401412964,0.3499999940395355,frozen_mlp_surrogate_adjoint,900,900,900,700,58.80854249000549,58.80854249000549,0.06534282498889499
826,171.62152099609375,169.76022338867188,214.8385467529297,73.83995056152344,0.6362605690956116,0.6251893639564514,0.9363788366317749,0.5155547261238098,0.6256648302078247,T015_035_015_035,0.01852376200258732,0.011517420411109924,0.14012682437896729,0.011517420411109924,0.05,766,51280,0.04963972345426358,0.1564367711544037,0.15000000596046448,0.10633522272109985,0.3499999940395355,0.10953482985496521,0.15000000596046448,0.25335803627967834,0.3499999940395355,frozen_mlp_surrogate_adjoint,900,900,900,700,58.80854249000549,58.80854249000549,0.06534282498889499
827,171.63658142089844,169.75906372070312,214.80154418945312,73.83660125732422,0.6363651752471924,0.6251677870750427,0.9361218810081482,0.5154926180839539,0.6257274150848389,T015_035_015_035,0.018524406477808952,0.01152040809392929,0.14007997512817383,0.01152040809392929,0.05,886,51192,0.05444855555871521,0.15648150444030762,0.15000000596046448,0.1063631996512413,0.3499999940395355,0.10933012515306473,0.15000000596046448,0.25355255603790283,0.3499999940395355,frozen_mlp_surrogate_adjoint,900,900,900,700,58.80854249000549,58.80854249000549,0.06534282498889499
828,171.59934997558594,169.76687622070312,214.85763549804688,73.85276794433594,0.6361066102981567,0.6253123879432678,0.9365113973617554,0.5157920718193054,0.6254605650901794,T015_035_015_035,0.018524542450904846,0.01151055283844471,0.14027978479862213,0.01151055283844471,0.05,717,51249,0.047634172419042276,0.1562909632921219,0.15000000596046448,0.10626942664384842,0.3499999940395355,0.10989455878734589,0.15000000596046448,0.25300562381744385,0.3499999940395355,frozen_mlp_surrogate_adjoint,900,900,900,700,58.80854249000549,58.80854249000549,0.06534282498889499
829,171.67666625976562,169.75062561035156,214.83810424804688,73.85994720458984,0.6366434693336487,0.625011682510376,0.9363757371902466,0.5159249901771545,0.6258221864700317,T015_035_015_035,0.018524659797549248,0.011524207890033722,0.14000903069972992,0.011524207890033722,0.05,571,50724,0.04260267216463813,0.15667012333869934,0.15000000596046448,0.10632672160863876,0.3499999940395355,0.10985690355300903,0.15000000596046448,0.252968430519104,0.3499999940395355,frozen_mlp_surrogate_adjoint,900,900,900,700,58.80854249000549,58.80854249000549,0.06534282498889499
830,171.89617919921875,169.6830596923828,214.57073974609375,73.87187957763672,0.6381679773330688,0.6237604022026062,0.9345189929008484,0.5161459445953369,0.6268924474716187,T015_035_015_035,0.0185247715562582,0.01156430970877409,0.13920924067497253,0.01156430970877409,0.05,270,51040,0.027415357642355715,0.15777240693569183,0.15000000596046448,0.10661204159259796,0.3499999940395355,0.10884922742843628,0.15000000596046448,0.2536587715148926,0.3499999940395355,frozen_mlp_surrogate_adjoint,900,900,900,700,58.80854249000549,58.80854249000549,0.06534282498889499
831,171.62142944335938,169.76800537109375,214.94390869140625,73.86589813232422,0.636259913444519,0.6253334879875183,0.9371104836463928,0.5160351395606995,0.6255208253860474,T015_035_015_035,0.018525607883930206,0.011513874866068363,0.14023464918136597,0.011513874866068363,0.05,477,50275,0.038629798519212416,0.1563989818096161,0.15000000596046448,0.10621914267539978,0.3499999940395355,0.11041578650474548,0.15000000596046448,0.2524868845939636,0.3499999940395355,frozen_mlp_surrogate_adjoint,900,900,900,700,58.80854249000549,58.80854249000549,0.06534282498889499
832,176.53179931640625,169.061279296875,205.83309936523438,75.2787857055664,0.6703596711158752,0.612246036529541,0.8738409876823425,0.5421997308731079,0.6694899797439575,T015_035_015_035,0.019247444346547127,0.013785600662231445,0.10923687368631363,0.013785600662231445,0.05,672,50076,0.04596277538434108,0.18193119764328003,0.15000000596046448,0.1060098335146904,0.3499999940395355,0.10780889540910721,0.15000000596046448,0.2737400531768799,0.3499999940395355,frozen_mlp_surrogate_adjoint,900,900,900,700,58.80854249000549,58.80854249000549,0.06534282498889499
833,176.59161376953125,169.04019165039062,205.873046875,75.29231262207031,0.6707751154899597,0.6118554472923279,0.874118447303772,0.5424501895904541,0.6699035167694092,T015_035_015_035,0.01924745924770832,0.013799275271594524,0.10896369069814682,0.013799275271594524,0.05,883,51096,0.05435069144743209,0.18239325284957886,0.15000000596046448,0.10607734322547913,0.3499999940395355,0.10794615000486374,0.15000000596046448,0.27348676323890686,0.3499999940395355,frozen_mlp_surrogate_adjoint,900,900,900,700,58.80854249000549,58.80854249000549,0.06534282498889499
834,176.5382537841797,169.05902099609375,205.86026000976562,75.29489135742188,0.6704045534133911,0.6122042536735535,0.8740296363830566,0.5424979329109192,0.6694336533546448,T015_035_015_035,0.01924755796790123,0.013783852569758892,0.10927411168813705,0.013783852569758892,0.05,494,50969,0.03937278047220776,0.1819647252559662,0.15000000596046448,0.105977863073349,0.3499999940395355,0.10803559422492981,0.15000000596046448,0.2734554708003998,0.3499999940395355,frozen_mlp_surrogate_adjoint,900,900,900,700,58.80854249000549,58.80854249000549,0.06534282498889499
835,176.54745483398438,169.0535430908203,205.869140625,75.29751586914062,0.6704683899879456,0.6121026277542114,0.8740912079811096,0.5425465106964111,0.6695089340209961,T015_035_015_035,0.01924768090248108,0.013786463998258114,0.1092243418097496,0.013786463998258114,0.05,497,51208,0.039618031500017456,0.18205569684505463,0.15000000596046448,0.1059897169470787,0.3499999940395355,0.10806891322135925,0.15000000596046448,0.2733946442604065,0.3499999940395355,frozen_mlp_surrogate_adjoint,900,900,900,700,58.80854249000549,58.80854249000549,0.06534282498889499
836,176.58724975585938,169.04270935058594,205.8553009033203,75.29188537597656,0.670744776725769,0.611902117729187,0.8739951252937317,0.5424423217773438,0.6698742508888245,T015_035_015_035,0.019247740507125854,0.013798588886857033,0.10898301005363464,0.013798588886857033,0.05,336,50675,0.031636275156513745,0.18233348429203033,0.15000000596046448,0.10607102513313293,0.3499999940395355,0.10789966583251953,0.15000000596046448,0.27357006072998047,0.3499999940395355,frozen_mlp_surrogate_adjoint,900,900,900,700,58.80854249000549,58.80854249000549,0.06534282498889499
837,176.58148193359375,169.0449676513672,205.85842895507812,75.29151916503906,0.6707047820091248,0.6119439005851746,0.8740168809890747,0.5424354672431946,0.6698211431503296,T015_035_015_035,0.019247794523835182,0.013796890154480934,0.10901807993650436,0.013796890154480934,0.05,792,50145,0.05078254529467972,0.1822919249534607,0.15000000596046448,0.10605986416339874,0.3499999940395355,0.10791728645563126,0.15000000596046448,0.2735520601272583,0.3499999940395355,frozen_mlp_surrogate_adjoint,900,900,900,700,58.80854249000549,58.80854249000549,0.06534282498889499
838,176.53506469726562,169.06109619140625,205.84866333007812,75.28459167480469,0.6703824400901794,0.6122426986694336,0.8739490509033203,0.5423071980476379,0.6694519519805908,T015_035_015_035,0.019248029217123985,0.013784929178655148,0.10926201194524765,0.013784929178655148,0.05,676,51246,0.046124308717364934,0.18194498121738434,0.15000000596046448,0.10599412024021149,0.3499999940395355,0.10790438205003738,0.15000000596046448,0.2736085057258606,0.3499999940395355,frozen_mlp_surrogate_adjoint,900,900,900,700,58.80854249000549,58.80854249000549,0.06534282498889499
839,176.55718994140625,169.0538787841797,205.8378143310547,75.27558898925781,0.6705359816551208,0.6121089458465576,0.8738737106323242,0.5421406030654907,0.6697055101394653,T015_035_015_035,0.019248127937316895,0.013793406076729298,0.10909444838762283,0.013793406076729298,0.05,736,50196,0.048332569508171594,0.18212348222732544,0.15000000596046448,0.10605412721633911,0.3499999940395355,0.10774802416563034,0.15000000596046448,0.27377989888191223,0.3499999940395355,frozen_mlp_surrogate_adjoint,900,900,900,700,58.80854249000549,58.80854249000549,0.06534282498889499
840,176.5244140625,169.06687927246094,205.84616088867188,75.2928466796875,0.6703084111213684,0.6123496890068054,0.8739317059516907,0.5424602031707764,0.6693134307861328,T015_035_015_035,0.01924814283847809,0.013780461624264717,0.10935360938310623,0.013780461624264717,0.05,802,51056,0.051298754841992866,0.18182504177093506,0.15000000596046448,0.10595151782035828,0.3499999940395355,0.10800795257091522,0.15000000596046448,0.27352893352508545,0.3499999940395355,frozen_mlp_surrogate_adjoint,900,900,900,700,58.80854249000549,58.80854249000549,0.06534282498889499
841,176.5607147216797,169.05361938476562,205.82688903808594,75.28003692626953,0.6705605387687683,0.6121042370796204,0.8737978339195251,0.5422229170799255,0.6697140336036682,T015_035_015_035,0.01924838498234749,0.013793944381177425,0.10908882319927216,0.013793944381177425,0.05,694,51291,0.04678737361121234,0.18211831152439117,0.15000000596046448,0.10604976862668991,0.3499999940395355,0.10775435715913773,0.15000000596046448,0.2737916111946106,0.3499999940395355,frozen_mlp_surrogate_adjoint,900,900,900,700,58.80854249000549,58.80854249000549,0.06534282498889499
842,176.54531860351562,169.05331420898438,205.8763885498047,75.27890014648438,0.6704536080360413,0.6120985746383667,0.8741415739059448,0.5422019362449646,0.6695284843444824,T015_035_015_035,0.019248466938734055,0.013787896372377872,0.10921142250299454,0.013787896372377872,0.05,699,50388,0.047052876019761006,0.18208914995193481,0.15000000596046448,0.106028251349926,0.3499999940395355,0.10788130015134811,0.15000000596046448,0.2735297679901123,0.3499999940395355,frozen_mlp_surrogate_adjoint,900,900,900,700,58.80854249000549,58.80854249000549,0.06534282498889499
843,176.5453643798828,169.05364990234375,205.84141540527344,75.27836608886719,0.6704539060592651,0.612104594707489,0.8738987445831299,0.5421920418739319,0.6696276664733887,T015_035_015_035,0.019248580560088158,0.013791286386549473,0.1091458797454834,0.013791286386549473,0.05,696,51613,0.046955130500611446,0.18207627534866333,0.15000000596046448,0.10603460669517517,0.3499999940395355,0.10779815167188644,0.15000000596046448,0.2737186551094055,0.3499999940395355,frozen_mlp_surrogate_adjoint,900,900,900,700,58.80854249000549,58.80854249000549,0.06534282498889499
844,176.53790283203125,169.05291748046875,205.88626098632812,75.28192138671875,0.6704020500183105,0.6120910048484802,0.8742101788520813,0.5422577857971191,0.6694507598876953,T015_035_015_035,0.01924876496195793,0.01378562580794096,0.10926280170679092,0.01378562580794096,0.05,523,50175,0.04055880849457846,0.1820601522922516,0.15000000596046448,0.10601256787776947,0.3499999940395355,0.10794037580490112,0.15000000596046448,0.2734376788139343,0.3499999940395355,frozen_mlp_surrogate_adjoint,900,900,900,700,58.80854249000549,58.80854249000549,0.06534282498889499
845,176.57891845703125,169.04908752441406,205.83273315429688,75.291748046875,0.6706869602203369,0.6120200753211975,0.873838484287262,0.5424398183822632,0.6697889566421509,T015_035_015_035,0.019248824566602707,0.013796856626868248,0.10903933644294739,0.013796856626868248,0.05,447,50342,0.037262778676378984,0.18221554160118103,0.15000000596046448,0.10604828596115112,0.3499999940395355,0.10785648226737976,0.15000000596046448,0.27366864681243896,0.3499999940395355,frozen_mlp_surrogate_adjoint,900,900,900,700,58.80854249000549,58.80854249000549,0.06534282498889499
846,176.54905700683594,169.05795288085938,205.88027954101562,75.29270935058594,0.6704795360565186,0.612184464931488,0.8741686344146729,0.5424575209617615,0.6694574356079102,T015_035_015_035,0.019249357283115387,0.01378643698990345,0.10925838351249695,0.01378643698990345,0.05,627,51386,0.044216600474033835,0.18203972280025482,0.15000000596046448,0.10598361492156982,0.3499999940395355,0.10804770886898041,0.15000000596046448,0.2733863890171051,0.3499999940395355,frozen_mlp_surrogate_adjoint,900,900,900,700,58.80854249000549,58.80854249000549,0.06534282498889499
847,176.51052856445312,169.06057739257812,205.87791442871094,75.2799301147461,0.6702120304107666,0.61223304271698,0.8741521835327148,0.5422208905220032,0.6692301034927368,T015_035_015_035,0.019249528646469116,0.013779091648757458,0.10940872132778168,0.013779091648757458,0.05,708,50197,0.04740269716887251,0.18186351656913757,0.15000000596046448,0.10597199201583862,0.3499999940395355,0.10793668776750565,0.15000000596046448,0.27345794439315796,0.3499999940395355,frozen_mlp_surrogate_adjoint,900,900,900,700,58.80854249000549,58.80854249000549,0.06534282498889499
848,176.53665161132812,169.05618286132812,205.84657287597656,75.26792907714844,0.6703934669494629,0.6121516823768616,0.8739345073699951,0.5419986248016357,0.6695566177368164,T015_035_015_035,0.019249767065048218,0.013790125958621502,0.10919282585382462,0.013790125958621502,0.05,630,51437,0.04434837685514351,0.1820332556962967,0.15000000596046448,0.1060381755232811,0.3499999940395355,0.10771043598651886,0.15000000596046448,0.27377474308013916,0.3499999940395355,frozen_mlp_surrogate_adjoint,900,900,900,700,58.80854249000549,58.80854249000549,0.06534282498889499
849,168.9748992919922,186.4405517578125,165.29345703125,73.51956176757812,0.6178812384605408,0.9340842366218567,0.5923156142234802,0.5096215605735779,0.6225847005844116,T015_035_015_035,0.020733099430799484,0.01361098513007164,0.14244230091571808,0.01361098513007164,0.05,338,50461,0.0316875710373533,0.11843354254961014,0.15000000596046448,0.09331958740949631,0.3499999940395355,0.14357657730579376,0.15000000596046448,0.2672549784183502,0.3499999940395355,frozen_mlp_surrogate_adjoint,900,900,900,700,58.80854249000549,58.80854249000549,0.06534282498889499
850,168.57073974609375,186.39108276367188,164.959716796875,73.35697937011719,0.615074634552002,0.9331681728363037,0.5899980664253235,0.5066108107566833,0.6165804862976074,T015_035_015_035,0.020736386999487877,0.013385860249400139,0.14701052010059357,0.013385860249400139,0.05,248,50050,0.026131364359978905,0.11591082066297531,0.15000000596046448,0.0936468094587326,0.3499999940395355,0.14417481422424316,0.15000000596046448,0.26284804940223694,0.3499999940395355,frozen_mlp_surrogate_adjoint,900,900,900,700,58.80854249000549,58.80854249000549,0.06534282498889499
851,168.5844268798828,186.38270568847656,164.93954467773438,73.3441162109375,0.6151696443557739,0.9330130219459534,0.5898578763008118,0.5063725113868713,0.6164733171463013,T015_035_015_035,0.020736537873744965,0.013381902128458023,0.14709271490573883,0.013381902128458023,0.05,251,50661,0.02621696769320335,0.11609287559986115,0.15000000596046448,0.09362256526947021,0.3499999940395355,0.14422667026519775,0.15000000596046448,0.26253122091293335,0.3499999940395355,frozen_mlp_surrogate_adjoint,900,900,900,700,58.80854249000549,58.80854249000549,0.06534282498889499
852,167.5718994140625,188.58714294433594,173.4981689453125,69.487060546875,0.6081382632255554,0.9738360047340393,0.6492928862571716,0.43494561314582825,0.5947467088699341,T015_035_015_035,0.021107207983732224,0.012895696796476841,0.16423022747039795,0.012895696796476841,0.05,339,51353,0.0317694219154442,0.10338491946458817,0.15000000596046448,0.09398132562637329,0.3499999940395355,0.13729342818260193,0.15000000596046448,0.2600870728492737,0.3499999940395355,frozen_mlp_surrogate_adjoint,900,900,900,700,58.80854249000549,58.80854249000549,0.06534282498889499
853,167.57559204101562,188.58966064453125,173.49708557128906,69.49021911621094,0.6081638336181641,0.9738826155662537,0.6492853164672852,0.4350041449069977,0.5948115587234497,T015_035_015_035,0.02110726200044155,0.012898378074169159,0.16417767107486725,0.012898378074169159,0.05,192,50055,0.02341845101199939,0.10341997444629669,0.15000000596046448,0.09397513419389725,0.3499999940395355,0.13729126751422882,0.15000000596046448,0.26012516021728516,0.3499999940395355,frozen_mlp_surrogate_adjoint,900,900,900,700,58.80854249000549,58.80854249000549,0.06534282498889499
854,123.42414855957031,173.8125457763672,97.78063201904297,62.839317321777344,0.3015565872192383,0.7002323865890503,0.12347660213708878,0.3118392527103424,0.3799313008785248,T015_035_015_035,0.023716146126389503,0.004491888452321291,0.3844851553440094,0.004491888452321291,0.05,413,50890,0.03499706319185729,0.09476914256811142,0.15000000596046448,0.14096799492835999,0.3499999940395355,0.028864562511444092,0.15000000596046448,0.11532958596944809,0.3499999940395355,frozen_mlp_surrogate_adjoint,900,900,900,700,58.80854249000549,58.80854249000549,0.06534282498889499
855,123.4462890625,173.82061767578125,97.84952545166016,62.82760238647461,0.3017103374004364,0.7003817558288574,0.12395502626895905,0.3116222620010376,0.37961626052856445,T015_035_015_035,0.023716740310192108,0.004472941625863314,0.38487598299980164,0.004472941625863314,0.05,865,51370,0.05375897070848107,0.09454895555973053,0.15000000596046448,0.1409355103969574,0.3499999940395355,0.028821296989917755,0.15000000596046448,0.11531047523021698,0.3499999940395355,frozen_mlp_surrogate_adjoint,900,900,900,700,58.80854249000549,58.80854249000549,0.06534282498889499
856,123.4499740600586,173.81600952148438,97.83475494384766,62.832603454589844,0.30173593759536743,0.7002963423728943,0.1238524541258812,0.31171491742134094,0.37976405024528503,T015_035_015_035,0.023716885596513748,0.0044822534546256065,0.38469260931015015,0.0044822534546256065,0.05,558,51655,0.042187600517156865,0.09460487216711044,0.15000000596046448,0.14103853702545166,0.3499999940395355,0.02879520133137703,0.15000000596046448,0.115325428545475,0.3499999940395355,frozen_mlp_surrogate_adjoint,900,900,900,700,58.80854249000549,58.80854249000549,0.06534282498889499
857,123.43125915527344,173.81597900390625,97.80793762207031,62.82320785522461,0.3016059994697571,0.7002959251403809,0.12366621941328049,0.3115409016609192,0.3798106610774994,T015_035_015_035,0.023716900497674942,0.004485159181058407,0.384634792804718,0.004485159181058407,0.05,529,50571,0.04082737987757457,0.09469878673553467,0.15000000596046448,0.14095064997673035,0.3499999940395355,0.028895068913698196,0.15000000596046448,0.11526614427566528,0.3499999940395355,frozen_mlp_surrogate_adjoint,900,900,900,700,58.80854249000549,58.80854249000549,0.06534282498889499
858,123.45895385742188,173.8152618408203,97.76495361328125,62.817100524902344,0.3017982542514801,0.7002826929092407,0.12336771935224533,0.3114277720451355,0.3801473081111908,T015_035_015_035,0.023716919124126434,0.0045060524716973305,0.3842173218727112,0.0045060524716973305,0.05,417,51411,0.03516376637717218,0.09478284418582916,0.15000000596046448,0.14129507541656494,0.3499999940395355,0.028887271881103516,0.15000000596046448,0.11518213152885437,0.3499999940395355,frozen_mlp_surrogate_adjoint,900,900,900,700,58.80854249000549,58.80854249000549,0.06534282498889499
859,123.37157440185547,173.81393432617188,97.81819152832031,62.85081481933594,0.3011914789676666,0.7002581357955933,0.12373744696378708,0.3120521008968353,0.37949666380882263,T015_035_015_035,0.023717015981674194,0.004465797450393438,0.3850243389606476,0.004465797450393438,0.05,287,51173,0.028919184857930796,0.09472288191318512,0.15000000596046448,0.14040890336036682,0.3499999940395355,0.02891598641872406,0.15000000596046448,0.11544889956712723,0.3499999940395355,frozen_mlp_surrogate_adjoint,900,900,900,700,58.80854249000549,58.80854249000549,0.06534282498889499
860,123.38002014160156,173.810302734375,97.80785369873047,62.847938537597656,0.301250159740448,0.7001909017562866,0.12366564571857452,0.3119988441467285,0.37962400913238525,T015_035_015_035,0.023717321455478668,0.004474001936614513,0.3848663568496704,0.004474001936614513,0.05,262,51175,0.026888050603671908,0.09475727379322052,0.15000000596046448,0.14053694903850555,0.3499999940395355,0.028907380998134613,0.15000000596046448,0.11542241275310516,0.3499999940395355,frozen_mlp_surrogate_adjoint,900,900,900,700,58.80854249000549,58.80854249000549,0.06534282498889499
861,80.02317810058594,150.84373474121094,131.20848083496094,81.75299835205078,0.0001609375758562237,0.2748839557170868,0.35561445355415344,0.6620925664901733,0.6753162145614624,T015_035_015_035,0.027596594765782356,0.02232561632990837,0.10541956126689911,0.02232561632990837,0.05,740,51070,0.04843049716136715,0.12959277629852295,0.15000000596046448,0.06452842056751251,0.3499999940395355,0.16605901718139648,0.15000000596046448,0.31513604521751404,0.3499999940395355,frozen_mlp_surrogate_adjoint,900,900,900,700,58.80854249000549,58.80854249000549,0.06534282498889499
862,80.2112045288086,150.79745483398438,131.29171752929688,81.70563507080078,0.0014666944043710828,0.2740269601345062,0.35619252920150757,0.6612154841423035,0.6758478283882141,T015_035_015_035,0.027697956189513206,0.02244422398507595,0.10507462918758392,0.02244422398507595,0.05,669,50623,0.045784574825799146,0.13118118047714233,0.15000000596046448,0.06386172026395798,0.3499999940395355,0.16605253517627716,0.15000000596046448,0.31475239992141724,0.3499999940395355,frozen_mlp_surrogate_adjoint,900,900,900,700,58.80854249000549,58.80854249000549,0.06534282498889499
863,80.21192932128906,150.8170166015625,131.42449951171875,81.70938110351562,0.0014717457816004753,0.2743893265724182,0.35711461305618286,0.6612848043441772,0.6762253046035767,T015_035_015_035,0.02769913151860237,0.022457629442214966,0.1048300564289093,0.022457629442214966,0.05,841,50029,0.05274317426473843,0.13088469207286835,0.15000000596046448,0.06392240524291992,0.3499999940395355,0.16610924899578094,0.15000000596046448,0.31530898809432983,0.3499999940395355,frozen_mlp_surrogate_adjoint,900,900,900,700,58.80854249000549,58.80854249000549,0.06534282498889499
864,80.25896453857422,150.78048706054688,131.22422790527344,81.64855194091797,0.0017983544385060668,0.2737126052379608,0.3557238280773163,0.6601583957672119,0.6755663752555847,T015_035_015_035,0.027726557105779648,0.02246369794011116,0.10525717586278915,0.02246369794011116,0.05,855,51361,0.053311221848991924,0.13173574209213257,0.15000000596046448,0.0636209100484848,0.3499999940395355,0.1665201187133789,0.15000000596046448,0.31368958950042725,0.3499999940395355,frozen_mlp_surrogate_adjoint,900,900,900,700,58.80854249000549,58.80854249000549,0.06534282498889499
865,80.27800750732422,150.7743682861328,131.124267578125,81.57469177246094,0.0019305970054119825,0.2735993564128876,0.3550296425819397,0.658790647983551,0.6749239563941956,T015_035_015_035,0.02773505449295044,0.022451331838965416,0.10567443072795868,0.022451331838965416,0.05,831,51335,0.05249367940650232,0.13209857046604156,0.15000000596046448,0.0634760931134224,0.3499999940395355,0.16726461052894592,0.15000000596046448,0.3120846748352051,0.3499999940395355,frozen_mlp_surrogate_adjoint,900,900,900,700,58.80854249000549,58.80854249000549,0.06534282498889499
866,80.28466796875,150.7750701904297,131.1650390625,81.62898254394531,0.001976852072402835,0.27361246943473816,0.3553128242492676,0.6597959399223328,0.6752645373344421,T015_035_015_035,0.02774098329246044,0.022468326613307,0.10545311868190765,0.022468326613307,0.05,733,51182,0.04829320987248506,0.13198819756507874,0.15000000596046448,0.06350672990083694,0.3499999940395355,0.16668005287647247,0.15000000596046448,0.3130895495414734,0.3499999940395355,frozen_mlp_surrogate_adjoint,900,900,900,700,58.80854249000549,58.80854249000549,0.06534282498889499
867,80.0621109008789,149.59996032714844,152.02549743652344,81.52531433105469,0.00043132444261573255,0.2518511116504669,0.5001770853996277,0.657876193523407,0.7488248944282532,T015_035_015_035,0.02863181009888649,0.025477362796664238,0.06308893114328384,0.025477362796664238,0.05,358,50990,0.03259278214573504,0.15167896449565887,0.15000000596046448,0.058633215725421906,0.3499999940395355,0.1751754730939865,0.15000000596046448,0.3633372187614441,0.3499999940395355,frozen_mlp_surrogate_adjoint,900,900,900,700,58.80854249000549,58.80854249000549,0.06534282498889499
868,80.13715362548828,149.58006286621094,152.36810302734375,81.51156616210938,0.0009524385095573962,0.251482754945755,0.502556324005127,0.6576216816902161,0.7500475645065308,T015_035_015_035,0.028677823022007942,0.02555401250720024,0.06247622147202492,0.02555401250720024,0.05,542,50524,0.04141805690897205,0.15215088427066803,0.15000000596046448,0.058457545936107635,0.3499999940395355,0.17501865327358246,0.15000000596046448,0.36442050337791443,0.3499999940395355,frozen_mlp_surrogate_adjoint,900,900,900,700,58.80854249000549,58.80854249000549,0.06534282498889499
869,80.03945922851562,148.98529052734375,160.2214813232422,68.06008911132812,0.0002740303170867264,0.24046830832958221,0.557093620300293,0.4085201621055603,0.7592339515686035,T015_035_015_035,0.0292124692350626,0.026314055547118187,0.05796828866004944,0.026314055547118187,0.05,842,50712,0.0527442803701133,0.1523447185754776,0.15000000596046448,0.055245447903871536,0.3499999940395355,0.19307191669940948,0.15000000596046448,0.3585718870162964,0.3499999940395355,frozen_mlp_surrogate_adjoint,900,900,900,700,58.80854249000549,58.80854249000549,0.06534282498889499
870,80.04171752929688,149.00535583496094,160.07554626464844,68.06417083740234,0.00028969452250748873,0.2408398985862732,0.556080162525177,0.4085957407951355,0.758722722530365,T015_035_015_035,0.029215708374977112,0.026304971426725388,0.05821472406387329,0.026304971426725388,0.05,731,50953,0.048155416753974035,0.15213143825531006,0.15000000596046448,0.05521157383918762,0.3499999940395355,0.1941785365343094,0.15000000596046448,0.35720115900039673,0.3499999940395355,frozen_mlp_surrogate_adjoint,900,900,900,700,58.80854249000549,58.80854249000549,0.06534282498889499
871,80.17704010009766,149.0181427001953,160.43734741210938,68.00200653076172,0.0012294638436287642,0.2410767525434494,0.5585926175117493,0.407444566488266,0.7599503993988037,T015_035_015_035,0.029286880046129227,0.026405690237879753,0.057623811066150665,0.026405690237879753,0.05,772,50415,0.05000326851801755,0.15191945433616638,0.15000000596046448,0.05512753129005432,0.3499999940395355,0.19181562960147858,0.15000000596046448,0.3610877990722656,0.3499999940395355,frozen_mlp_surrogate_adjoint,900,900,900,700,58.80854249000549,58.80854249000549,0.06534282498889499
872,80.23384857177734,149.04156494140625,160.22369384765625,67.94221496582031,0.0016239539254456758,0.2415105402469635,0.5571089386940002,0.40633735060691833,0.7593718767166138,T015_035_015_035,0.029318436980247498,0.026423342525959015,0.05790189281105995,0.026423342525959015,0.05,732,51532,0.04826382378582746,0.15186093747615814,0.15000000596046448,0.05491836741566658,0.3499999940395355,0.19343124330043793,0.15000000596046448,0.3591613173484802,0.3499999940395355,frozen_mlp_surrogate_adjoint,900,900,900,700,58.80854249000549,58.80854249000549,0.06534282498889499
873,80.11422729492188,160.53248596191406,86.28192138671875,73.95972442626953,0.0007932311855256557,0.45430538058280945,0.043624475598335266,0.5177726745605469,0.6361052989959717,T015_035_015_035,0.029417868703603745,0.02279690094292164,0.13241934776306152,0.02279690094292164,0.05,585,6,0.04314876437914848,0.21642205119132996,0.15000000596046448,0.07710000872612,0.3499999940395355,0.08802314102649689,0.15000000596046448,0.2545601427555084,0.3499999940395355,frozen_mlp_surrogate_adjoint,900,900,900,700,58.80854249000549,58.80854249000549,0.06534282498889499
874,80.13204956054688,160.4939422607422,86.23523712158203,74.01683807373047,0.0009170251432806253,0.45359155535697937,0.043300237506628036,0.5188303589820862,0.6369176506996155,T015_035_015_035,0.02943262830376625,0.022841189056634903,0.13182878494262695,0.022841189056634903,0.05,421,50753,0.03555408064379251,0.21695688366889954,0.15000000596046448,0.07715237140655518,0.3499999940395355,0.08801756799221039,0.15000000596046448,0.2547908425331116,0.3499999940395355,frozen_mlp_surrogate_adjoint,900,900,900,700,58.80854249000549,58.80854249000549,0.06534282498889499
875,80.14190673828125,160.49327087402344,86.27348327636719,74.09210205078125,0.0009854692034423351,0.4535791873931885,0.04356583580374718,0.5202240347862244,0.6370143890380859,T015_035_015_035,0.02944154106080532,0.022853612899780273,0.13175855576992035,0.022853612899780273,0.05,516,51191,0.04035140815118929,0.21676744520664215,0.15000000596046448,0.07699773460626602,0.3499999940395355,0.08802258968353271,0.15000000596046448,0.25522661209106445,0.3499999940395355,frozen_mlp_surrogate_adjoint,900,900,900,700,58.80854249000549,58.80854249000549,0.06534282498889499
876,132.88201904296875,173.26971435546875,139.81915283203125,46.06541061401367,0.3672362267971039,0.6901800632476807,0.41541075706481934,0.0012113399570807815,0.37946468591690063,T015_035_015_035,0.029706411063671112,0.010453207418322563,0.3850640654563904,0.010453207418322563,0.05,835,50332,0.05261467998621915,0.06633146107196808,0.15000000596046448,0.14913371205329895,0.3499999940395355,0.09569981694221497,0.15000000596046448,0.06829971075057983,0.3499999940395355,frozen_mlp_surrogate_adjoint,900,900,900,700,58.80854249000549,58.80854249000549,0.06534282498889499
877,132.84307861328125,173.29171752929688,139.7918243408203,46.075584411621094,0.36696580052375793,0.6905874013900757,0.4152209758758545,0.0013997101923450828,0.3791143596172333,T015_035_015_035,0.029709869995713234,0.010434921830892563,0.38549894094467163,0.010434921830892563,0.05,775,50058,0.05015574510488777,0.06613154709339142,0.15000000596046448,0.1488800048828125,0.3499999940395355,0.09575024247169495,0.15000000596046448,0.06835255026817322,0.3499999940395355,frozen_mlp_surrogate_adjoint,900,900,900,700,58.80854249000549,58.80854249000549,0.06534282498889499
878,132.86541748046875,173.2799072265625,139.76918029785156,46.0813102722168,0.3671209514141083,0.6903685331344604,0.4150637686252594,0.001505741965956986,0.3793531656265259,T015_035_015_035,0.029712075367569923,0.010451950132846832,0.3852024972438812,0.010451950132846832,0.05,564,50763,0.04230057571623991,0.06630438566207886,0.15000000596046448,0.14917385578155518,0.3499999940395355,0.09560784697532654,0.15000000596046448,0.0682670921087265,0.3499999940395355,frozen_mlp_surrogate_adjoint,900,900,900,700,58.80854249000549,58.80854249000549,0.06534282498889499
879,132.83865356445312,173.2873077392578,139.73402404785156,46.08757019042969,0.36693504452705383,0.6905058026313782,0.414819598197937,0.001621668809093535,0.37920939922332764,T015_035_015_035,0.029715733602643013,0.010446684435009956,0.38538098335266113,0.010446684435009956,0.05,869,50677,0.05400016132077435,0.06627870351076126,0.15000000596046448,0.14904600381851196,0.3499999940395355,0.09561319649219513,0.15000000596046448,0.06827150285243988,0.3499999940395355,frozen_mlp_surrogate_adjoint,900,900,900,700,58.80854249000549,58.80854249000549,0.06534282498889499
880,80.07720184326172,155.95347595214844,109.13195037841797,56.11104965209961,0.0005361363291740417,0.3695087432861328,0.20230521261692047,0.18724165856838226,0.5707858800888062,T015_035_015_035,0.03219371661543846,0.022982480004429817,0.18422475457191467,0.022982480004429817,0.05,658,50561,0.04533404518046513,0.17397060990333557,0.15000000596046448,0.07209089398384094,0.3499999940395355,0.15562006831169128,0.15000000596046448,0.16910427808761597,0.3499999940395355,frozen_mlp_surrogate_adjoint,900,900,900,700,58.80854249000549,58.80854249000549,0.06534282498889499
881,80.07857513427734,155.9881134033203,109.14645385742188,56.103450775146484,0.0005456514772959054,0.3701503574848175,0.2024059146642685,0.18710096180438995,0.5705540180206299,T015_035_015_035,0.03219372406601906,0.022972531616687775,0.18442384898662567,0.022972531616687775,0.05,830,50922,0.05248568690552544,0.17378322780132294,0.15000000596046448,0.07204575836658478,0.3499999940395355,0.15561509132385254,0.15000000596046448,0.16910991072654724,0.3499999940395355,frozen_mlp_surrogate_adjoint,900,900,900,700,58.80854249000549,58.80854249000549,0.06534282498889499
882,80.10529327392578,155.9865264892578,109.15255737304688,56.092159271240234,0.0007312046946026385,0.3701207935810089,0.20244832336902618,0.1868918389081955,0.5705204606056213,T015_035_015_035,0.032218948006629944,0.022996313869953156,0.18445266783237457,0.022996313869953156,0.05,846,50672,0.053018536627460686,0.17389461398124695,0.15000000596046448,0.07200197875499725,0.3499999940395355,0.15557797253131866,0.15000000596046448,0.16904588043689728,0.3499999940395355,frozen_mlp_surrogate_adjoint,900,900,900,700,58.80854249000549,58.80854249000549,0.06534282498889499
883,80.1500015258789,156.048095703125,109.21578216552734,56.034812927246094,0.0010416950099170208,0.3712610900402069,0.2028873860836029,0.18582987785339355,0.5699663162231445,T015_035_015_035,0.03226301074028015,0.023016560822725296,0.18492896854877472,0.023016560822725296,0.05,671,51508,0.04589817030525857,0.17358411848545074,0.15000000596046448,0.07187448441982269,0.3499999940395355,0.1556691825389862,0.15000000596046448,0.1688385307788849,0.3499999940395355,frozen_mlp_surrogate_adjoint,900,900,900,700,58.80854249000549,58.80854249000549,0.06534282498889499
884,103.32014465332031,189.9735565185547,148.06362915039062,46.01551818847656,0.16194544732570648,0.9995104074478149,0.47266408801078796,0.0002873399353120476,0.5009194612503052,T015_035_015_035,0.033256568014621735,0.02080249786376953,0.24908138811588287,0.02080249786376953,0.05,449,3,0.037328155391377564,0.04196268320083618,0.15000000596046448,0.07889005541801453,0.3499999940395355,0.17219363152980804,0.15000000596046448,0.20787307620048523,0.3499999940395355,frozen_mlp_surrogate_adjoint,900,900,900,700,58.80854249000549,58.80854249000549,0.06534282498889499
885,103.28215026855469,189.98208618164062,148.00950622558594,46.0582275390625,0.16168157756328583,0.9996683597564697,0.47228825092315674,0.001078288652934134,0.5002774000167847,T015_035_015_035,0.033292464911937714,0.020806333050131798,0.2497226744890213,0.020806333050131798,0.05,556,51204,0.04209105366633409,0.04196030646562576,0.15000000596046448,0.07890255004167557,0.3499999940395355,0.1722797006368637,0.15000000596046448,0.20713487267494202,0.3499999940395355,frozen_mlp_surrogate_adjoint,900,900,900,700,58.80854249000549,58.80854249000549,0.06534282498889499
886,197.35122680664062,158.1736297607422,195.25274658203125,54.5458869934082,0.8149391412734985,0.41062265634536743,0.800366222858429,0.1582571566104889,0.6995615363121033,T015_035_015_035,0.03432096540927887,0.02980780228972435,0.09026326984167099,0.02980780228972435,0.05,776,51401,0.05022892947298892,0.28996825218200684,0.15000000596046448,0.09963677823543549,0.3499999940395355,0.05160292237997055,0.15000000596046448,0.2583535611629486,0.3499999940395355,frozen_mlp_surrogate_adjoint,900,900,900,700,58.80854249000549,58.80854249000549,0.06534282498889499
887,80.03217315673828,149.79383850097656,152.68292236328125,46.08638381958008,0.00022344980970956385,0.25544142723083496,0.5047425627708435,0.0015997292939573526,0.7237875461578369,T015_035_015_035,0.03445006534457207,0.030635397881269455,0.07629331946372986,0.030635397881269455,0.05,702,47,0.04720751913136184,0.16338127851486206,0.15000000596046448,0.034749045968055725,0.3499999940395355,0.19221419095993042,0.15000000596046448,0.3334430754184723,0.3499999940395355,frozen_mlp_surrogate_adjoint,900,900,900,700,58.80854249000549,58.80854249000549,0.06534282498889499
888,80.16999816894531,149.65284729003906,153.3784637451172,46.022151947021484,0.0011805490357801318,0.25283047556877136,0.5095726847648621,0.00041019284981302917,0.7268503904342651,T015_035_015_035,0.03445301949977875,0.03072248212993145,0.07461071014404297,0.03072248212993145,0.05,537,50190,0.04135255332910598,0.16548769176006317,0.15000000596046448,0.034468766301870346,0.3499999940395355,0.18893224000930786,0.15000000596046448,0.33796167373657227,0.3499999940395355,frozen_mlp_surrogate_adjoint,900,900,900,700,58.80854249000549,58.80854249000549,0.06534282498889499
889,80.13673400878906,149.64840698242188,153.3859405517578,46.039642333984375,0.0009495196864008904,0.25274839997291565,0.5096246004104614,0.0007340952288359404,0.7270187735557556,T015_035_015_035,0.03445317596197128,0.030727239325642586,0.07451874762773514,0.030727239325642586,0.05,551,50258,0.041834984617651415,0.16552883386611938,0.15000000596046448,0.03445981442928314,0.3499999940395355,0.18898522853851318,0.15000000596046448,0.3380448818206787,0.3499999940395355,frozen_mlp_surrogate_adjoint,900,900,900,700,58.80854249000549,58.80854249000549,0.06534282498889499
890,80.20950317382812,149.6584014892578,153.37278747558594,46.00651550292969,0.001454862649552524,0.2529333233833313,0.5095332264900208,0.00012067886564182118,0.726679801940918,T015_035_015_035,0.03445537015795708,0.030720174312591553,0.07470393180847168,0.030720174312591553,0.05,508,50995,0.040069230913630884,0.165449857711792,0.15000000596046448,0.03446873649954796,0.3499999940395355,0.18887993693351746,0.15000000596046448,0.33788129687309265,0.3499999940395355,frozen_mlp_surrogate_adjoint,900,900,900,700,58.80854249000549,58.80854249000549,0.06534282498889499
891,80.23640441894531,149.663330078125,153.37823486328125,46.0114631652832,0.0016417180886492133,0.2530246376991272,0.5095710754394531,0.0002122557780239731,0.7266508340835571,T015_035_015_035,0.03446466848254204,0.03072868101298809,0.07471976429224014,0.03072868101298809,0.05,527,50198,0.040781919027494166,0.16545328497886658,0.15000000596046448,0.03443675488233566,0.3499999940395355,0.1888788342475891,0.15000000596046448,0.3378819525241852,0.3499999940395355,frozen_mlp_surrogate_adjoint,900,900,900,700,58.80854249000549,58.80854249000549,0.06534282498889499
892,80.31039428710938,149.67593383789062,153.37803649902344,46.001644134521484,0.0021555020939558744,0.25325807929039,0.5095697045326233,3.0445269658230245e-05,0.7264333367347717,T015_035_015_035,0.03447870537638664,0.03073676861822605,0.07483872026205063,0.03073676861822605,0.05,774,50686,0.050063960296741455,0.1654062420129776,0.15000000596046448,0.03439799323678017,0.3499999940395355,0.18883109092712402,0.15000000596046448,0.33779799938201904,0.3499999940395355,frozen_mlp_surrogate_adjoint,900,900,900,700,58.80854249000549,58.80854249000549,0.06534282498889499
893,80.29170989990234,149.67327880859375,153.38523864746094,46.01585388183594,0.00202578934840858,0.25320878624916077,0.5096197128295898,0.00029358884785324335,0.7265551090240479,T015_035_015_035,0.03448095917701721,0.030742354691028595,0.07477211207151413,0.030742354691028595,0.05,710,50202,0.047531409757790126,0.16544610261917114,0.15000000596046448,0.03438318520784378,0.3499999940395355,0.18886777758598328,0.15000000596046448,0.33785808086395264,0.3499999940395355,frozen_mlp_surrogate_adjoint,900,900,900,700,58.80854249000549,58.80854249000549,0.06534282498889499
894,201.2240447998047,158.0416717529297,203.8657684326172,48.68263626098633,0.8418336510658264,0.40817922353744507,0.8601789474487305,0.049678441137075424,0.7460013628005981,T015_035_015_035,0.035325005650520325,0.03209923952817917,0.06451530754566193,0.03209923952817917,0.05,885,51114,0.05443708567337725,0.29433250427246094,0.15000000596046448,0.09046976268291473,0.3499999940395355,0.038957592099905014,0.15000000596046448,0.3222414553165436,0.3499999940395355,frozen_mlp_surrogate_adjoint,900,900,900,700,58.80854249000549,58.80854249000549,0.06534282498889499
895,124.8944091796875,150.614013671875,138.59429931640625,99.93106079101562,0.31176671385765076,0.2706298232078552,0.40690481662750244,0.9987234473228455,0.865066409111023,T015_035_015_035,0.038462504744529724,0.03755215182900429,0.018207073211669922,0.03755215182900429,0.05,700,50088,0.04711131819417495,0.27164575457572937,0.15000000596046448,0.01675833761692047,0.3499999940395355,0.20832008123397827,0.15000000596046448,0.36834222078323364,0.3499999940395355,frozen_mlp_surrogate_adjoint,900,900,900,700,58.80854249000549,58.80854249000549,0.06534282498889499
896,124.59443664550781,150.43170166015625,138.54025268554688,99.9174575805664,0.309683620929718,0.2672538757324219,0.40652957558631897,0.9984714388847351,0.8663294315338135,T015_035_015_035,0.03846510872244835,0.03757171705365181,0.01786782033741474,0.03757171705365181,0.05,624,50244,0.04414245977336136,0.27288731932640076,0.15000000596046448,0.016859419643878937,0.3499999940395355,0.2079440951347351,0.15000000596046448,0.3686385750770569,0.3499999940395355,frozen_mlp_surrogate_adjoint,900,900,900,700,58.80854249000549,58.80854249000549,0.06534282498889499
897,123.05390167236328,153.28562927246094,164.63360595703125,92.88499450683594,0.29898542165756226,0.3201042413711548,0.5877334475517273,0.8682405948638916,0.7340854406356812,T015_035_015_035,0.04048299416899681,0.03694746643304825,0.07071055471897125,0.03694746643304825,0.05,767,50271,0.049796844958304554,0.19858162105083466,0.15000000596046448,0.012690320611000061,0.3499999940395355,0.18417423963546753,0.15000000596046448,0.3386392593383789,0.3499999940395355,frozen_mlp_surrogate_adjoint,900,900,900,700,58.80854249000549,58.80854249000549,0.06534282498889499
898,122.49993896484375,153.06594848632812,162.32769775390625,93.20819091796875,0.2951384484767914,0.31603604555130005,0.5717200636863708,0.8742258548736572,0.7434055805206299,T015_035_015_035,0.040584176778793335,0.03729214146733284,0.0658406987786293,0.03729214146733284,0.05,746,51554,0.048619665010186934,0.20136483013629913,0.15000000596046448,0.012506544589996338,0.3499999940395355,0.17367646098136902,0.15000000596046448,0.3558577001094818,0.3499999940395355,frozen_mlp_surrogate_adjoint,900,900,900,700,58.80854249000549,58.80854249000549,0.06534282498889499
899,101.1746826171875,165.99783325195312,201.01214599609375,77.36849975585938,0.14704640209674835,0.5555155873298645,0.8403621315956116,0.5808982253074646,0.5203800201416016,T015_035_015_035,0.045720938593149185,0.0342191718518734,0.23003531992435455,0.0342191718518734,0.05,826,50809,0.05215262488907846,0.036246635019779205,0.15000000596046448,0.04416593164205551,0.3499999940395355,0.17577500641345978,0.15000000596046448,0.2641924321651459,0.3499999940395355,frozen_mlp_surrogate_adjoint,900,900,900,700,58.80854249000549,58.80854249000549,0.06534282498889499
